<GameTokensLibrary Name="Level" LevelName="gamesdk/levels/campaign/executive/crewfacilities">
 <GameToken Id="-110287103" Name="Kitchen.IsCarryingFoodVictim" Flags="4" Type="Bool" Value="false"/>
 <GameToken Id="-1913750135" Name="Kitchen.CookCaresAboutCaptive" Flags="4" Type="Bool" Value="true"/>
 <GameToken Id="-1337982431" Name="FionaQuest.PlayerIsInMorgansRoom" Flags="4" Type="Bool" Value="false"/>
 <GameToken Id="-395287592" Name="Kitchen.Luka" Flags="4" Type="Int" Value="0"/>
 <GameToken Id="-1392927706" Name="Kitchen.PlayerIsNearCook" Flags="4" Type="Bool" Value="false"/>
 <GameToken Id="-1673374022" Name="Debug.CookSkips" Flags="4" Type="Int" Value="0"/>
 <GameToken Id="-1294903546" Name="NPCs.CorruptedHuman1" Flags="4" Type="Int" Value="0"/>
 <GameToken Id="-1411905860" Name="NPCs.CorruptedHuman2" Flags="4" Type="Int" Value="0"/>
 <GameToken Id="-589351382" Name="NPCs.CorruptedHuman3" Flags="4" Type="Int" Value="0"/>
 <GameToken Id="-1027890295" Name="NPCs.CorruptedHuman4" Flags="4" Type="Int" Value="0"/>
 <GameToken Id="-1245932769" Name="NPCs.CorruptedHuman5" Flags="4" Type="Int" Value="0"/>
 <GameToken Id="-1397374299" Name="NPCs.CorruptedHuman6" Flags="4" Type="Int" Value="0"/>
 <GameToken Id="-609029581" Name="NPCs.CorruptedHuman7" Flags="4" Type="Int" Value="0"/>
 <GameToken Id="-888279134" Name="NPCs.CorruptedHuman8" Flags="4" Type="Int" Value="0"/>
 <GameToken Id="-1140138188" Name="NPCs.CorruptedHuman9" Flags="4" Type="Int" Value="0"/>
 <GameToken Id="-254912270" Name="Kitchen.PlayerIsInStewStupor" Flags="4" Type="Bool" Value="false"/>
 <GameToken Id="-462868186" Name="NPCs.Telepath2" Flags="4" Type="Int" Value="0"/>
 <GameToken Id="-1550288816" Name="FionaQuest.PlayerCloseToDanielle" Flags="4" Type="Bool" Value="false"/>
 <GameToken Id="-1987506369" Name="Locations.PlayerInsideYellowTulip" Flags="4" Type="Bool" Value="false"/>
 <GameToken Id="-1260784542" Name="Locations.PlayerInsideKitchen" Flags="4" Type="Bool" Value="false"/>
 <GameToken Id="-816337595" Name="Locations.PlayerInsideFreezer" Flags="4" Type="Bool" Value="false"/>
 <GameToken Id="-1377612349" Name="NPCs.TeleportNicoleToAtrium" Flags="4" Type="Bool" Value="false"/>
 <GameToken Id="-1548108146" Name="Kitchen.PlayerAggrodLuka" Flags="4" Type="Bool" Value="false"/>
</GameTokensLibrary>
