
<ResponseRules>
 <WritebackKeys/>
 <ResponseRule id="13680621263386268249" name="Sarah Noticed Something" cooldown="" description="Heard or saw somethign suspicious." response="13680621263386268281">
  <Criteria>
   <Criterion id="15659330456318451386" value="13680621263361472472" comparison="0" type="guid"/>
   <Criterion id="15659330456318451410" comparison="0" value="onGainedAttentionOnTarget" fromResponse="0" type="default"/>
   <Criterion comparison="0" passIfMissing="false" id="15659330456318451477" type="guid" keyType="default" value="4349723564897456793"/>
   <Criterion comparison="0" passIfMissing="false" id="10850392949532183293" type="default" keyType="default" value="1"/>
   <Criterion comparison="0" passIfMissing="false" id="5310807215636213159" type="default" keyType="default" value="0"/>
  </Criteria>
 </ResponseRule>
 <ResponseRule id="13680621263386264904" name="Sarah  Search Taunts" cooldown="10" description="Searching for the player or an alien." response="13680621263386268805">
  <Criteria>
   <Criterion id="15659330456318451386" value="13680621263361472472" comparison="0" type="guid"/>
   <Criterion id="15659330456318451410" comparison="0" value="whileSearching" fromResponse="0" type="default"/>
   <Criterion comparison="0" passIfMissing="false" id="15659330456318451477" type="guid" keyType="default" value="4349723564897456793"/>
   <Criterion comparison="0" passIfMissing="false" id="5310807215636213159" type="default" keyType="default" value="0"/>
  </Criteria>
 </ResponseRule>
 <ResponseRule id="13680621263386264906" name="Sarah Saw Player Use Power" cooldown="" description="Witnessed the player use an alien power. " response="13680621263386268739">
  <Criteria>
   <Criterion id="15659330456318451386" value="13680621263361472472" comparison="0" type="guid"/>
   <Criterion id="15659330456318451410" comparison="0" value="onPlayerUsePower" fromResponse="0" type="default"/>
   <Criterion comparison="0" passIfMissing="false" id="15659330456318451477" type="guid" keyType="default" value="4349723564897456793"/>
   <Criterion comparison="3" passIfMissing="false" id="5310807215636213148" type="default" keyType="default" value="2"/>
   <Criterion comparison="0" passIfMissing="false" id="10850392949532183294" type="default" keyType="default" value=""/>
   <Criterion comparison="0" passIfMissing="false" id="5310807215636213157" type="default" keyType="default" value=""/>
   <Criterion comparison="0" passIfMissing="false" id="5310807215636213159" type="default" keyType="default" value="0"/>
  </Criteria>
 </ResponseRule>
 <ResponseRule id="13680621263386264907" name="Sarah Hit With Toy Gun / Phys Obj" cooldown="5" description="If Dahl is temporarily allied to the player and player chucked a coffee cup at him or pinged him with the toy dart gun." response="13680621263386268378">
  <Criteria>
   <Criterion id="15659330456318451386" value="13680621263361472472" comparison="0" type="guid"/>
   <Criterion id="15659330456318451410" comparison="0" value="onBumpedPlayerRanged" fromResponse="0" type="default"/>
   <Criterion comparison="0" passIfMissing="false" id="15659330456318451477" type="guid" keyType="default" value="4349723564897456793"/>
   <Criterion comparison="0" passIfMissing="false" id="10850392949532183294" type="default" keyType="default" value=""/>
   <Criterion comparison="0" passIfMissing="false" id="5310807215636213157" type="default" keyType="default" value=""/>
   <Criterion comparison="0" passIfMissing="false" id="5310807215636213159" type="default" keyType="default" value="0"/>
  </Criteria>
 </ResponseRule>
 <ResponseRule id="13680621263386264909" name="Sarah Attacking the Player" cooldown="" description="Dahl, Attacking" response="13680621263386268485">
  <Criteria>
   <Criterion id="15659330456318451386" value="13680621263361472472" comparison="0" type="guid"/>
   <Criterion id="15659330456318451410" comparison="0" value="onAttack" fromResponse="0" type="default"/>
   <Criterion comparison="0" passIfMissing="false" id="15659330456318451477" type="guid" keyType="default" value="4349723564897456793"/>
   <Criterion comparison="0" passIfMissing="false" id="15659330456318451416" type="default" keyType="default" value="ArkPlayer"/>
   <Criterion comparison="0" passIfMissing="false" id="5310807215636213159" type="default" keyType="default" value="0"/>
  </Criteria>
 </ResponseRule>
 <ResponseRule id="13680621263386264913" name="Sarah Attacking an Alien" cooldown="" description="Attacking an alien." response="13680621263386269276">
  <Criteria>
   <Criterion id="15659330456318451386" value="13680621263361472472" comparison="0" type="guid"/>
   <Criterion id="15659330456318451410" comparison="0" value="onAttack" fromResponse="0" type="default"/>
   <Criterion comparison="0" passIfMissing="false" id="15659330456318451477" type="guid" keyType="default" value="4349723564897456793"/>
   <Criterion comparison="0" passIfMissing="false" id="9469288860498988665" value="1" keyType="metatag"/>
   <Criterion comparison="0" passIfMissing="false" id="5310807215636213159" type="default" keyType="default" value="0"/>
  </Criteria>
 </ResponseRule>
 <ResponseRule id="13680621263386264914" name="Sarah React to Nightmare Arrival" cooldown="" description="Reacting to the nightmare arrival. " response="13680621263386269523">
  <Criteria>
   <Criterion id="15659330456318451386" value="13680621263361472472" comparison="0" type="guid"/>
   <Criterion id="15659330456318451410" comparison="0" value="onNightmareArrived" fromResponse="0" type="default"/>
   <Criterion comparison="0" passIfMissing="false" id="15659330456318451477" type="guid" keyType="default" value="4349723564897456793"/>
   <Criterion comparison="0" passIfMissing="false" id="5310807215636213159" type="default" keyType="default" value="0"/>
  </Criteria>
 </ResponseRule>
 <ResponseRule id="13680621263386264915" name="Sarah Gave Up Search" cooldown="" description="Dahl, gave up searching." response="13680621263386269596">
  <Criteria>
   <Criterion id="15659330456318451386" value="13680621263361472472" comparison="0" type="guid"/>
   <Criterion id="15659330456318451410" comparison="0" value="onHuntGaveUp" fromResponse="0" type="default"/>
   <Criterion comparison="0" passIfMissing="false" id="15659330456318451477" type="guid" keyType="default" value="4349723564897456793"/>
   <Criterion comparison="0" passIfMissing="false" id="5310807215636213159" type="default" keyType="default" value="0"/>
  </Criteria>
 </ResponseRule>
 <ResponseRule id="13680621263386264917" name="Sarah Combat Lost Target" cooldown="" description="The player vanished or ran away." response="13680621263386270496">
  <Criteria>
   <Criterion id="15659330456318451386" value="13680621263361472472" comparison="0" type="guid"/>
   <Criterion id="15659330456318451410" comparison="0" value="onLostTarget" fromResponse="0" type="default"/>
   <Criterion comparison="0" passIfMissing="false" id="15659330456318451477" type="guid" keyType="default" value="4349723564897456793"/>
   <Criterion comparison="0" passIfMissing="false" id="5310807215636213159" type="default" keyType="default" value="0"/>
  </Criteria>
 </ResponseRule>
 <ResponseRule id="13680621263386264919" name="Sarah Combat Over" cooldown="" description="Dahl, defeated the player. " response="13680621263386270514">
  <Criteria>
   <Criterion id="15659330456318451386" value="13680621263361472472" comparison="0" type="guid"/>
   <Criterion id="15659330456318451410" comparison="0" value="onTargetDead" fromResponse="0" type="default"/>
   <Criterion comparison="0" passIfMissing="false" id="15659330456318451477" type="guid" keyType="default" value="4349723564897456793"/>
   <Criterion comparison="0" passIfMissing="false" id="5310807215636213159" type="default" keyType="default" value="0"/>
  </Criteria>
 </ResponseRule>
 <ResponseSet id="13680621263386268281">
  <Response dialog="13680621263386268151" id="13680621263386268282" cooldown="0" weight="1" oneshot="0" completeConversation="1" delay="0" emotion="15659330456346423977"/>
  <Response dialog="13680621263386268200" id="13680621263386268287" cooldown="0" weight="1" oneshot="0" completeConversation="1" delay="0" emotion="3152439162748318087"/>
  <Response dialog="13680621263386268175" id="13680621263386268298" cooldown="0" weight="1" oneshot="0" completeConversation="1" delay="0" emotion="15659330456346423977"/>
 </ResponseSet>
 <ResponseSet id="13680621263386268378">
  <Response dialog="13680621263386268377" id="13680621263386268379" cooldown="120" weight="1" oneshot="0" completeConversation="1" delay="0" emotion="3152439162748318026" targetId="0" targetType="1" speakerTrackMethod="3" targetTrackMethod="0"/>
  <Response dialog="13680621263386268396" id="13680621263386268397" cooldown="120" weight="1" oneshot="0" completeConversation="1" delay="0" emotion="15659330456346423977" targetId="0" targetType="1" speakerTrackMethod="3" targetTrackMethod="0"/>
  <Response dialog="13680621263386268439" id="13680621263386268440" cooldown="120" weight="1" oneshot="0" completeConversation="1" delay="0" targetId="0" targetType="1" speakerTrackMethod="3" targetTrackMethod="0" emotion="15659330456346423977"/>
  <Response dialog="13680621263386268453" id="13680621263386268454" cooldown="0" weight="1" oneshot="0" completeConversation="1" delay="0" emotion="3152439162748318026"/>
 </ResponseSet>
 <ResponseSet id="13680621263386268485">
  <Response dialog="13680621263386268484" id="13680621263386268486" cooldown="0" weight="1" oneshot="0" completeConversation="1" delay="0" emotion="15659330456346423977"/>
  <Response dialog="13680621263386268502" id="13680621263386268503" cooldown="0" weight="1" oneshot="0" completeConversation="1" delay="0" emotion="15659330456346423977"/>
  <Response dialog="13680621263386268525" id="13680621263386268526" cooldown="0" weight="1" oneshot="0" completeConversation="1" delay="0" emotion="15659330456346423977"/>
  <Response dialog="13680621263386268609" id="13680621263386268610" cooldown="0" weight="1" oneshot="0" completeConversation="1" delay="0" emotion="15659330456346423977"/>
 </ResponseSet>
 <ResponseSet id="13680621263386268739">
  <Response dialog="13680621263386268738" id="13680621263386268740" cooldown="0" weight="1" oneshot="0" completeConversation="1" delay="0" targetId="0" targetType="1" speakerTrackMethod="2" targetTrackMethod="0" emotion="15659330456346423977"/>
  <Response dialog="13680621263386268748" id="13680621263386268749" cooldown="0" weight="1" oneshot="0" completeConversation="1" delay="0" emotion="15659330456346423977" targetId="0" targetType="1" speakerTrackMethod="2" targetTrackMethod="0"/>
  <Response dialog="13680621263386268763" id="13680621263386268764" cooldown="0" weight="1" oneshot="0" completeConversation="1" delay="0" emotion="15659330456346423977" targetId="0" targetType="1" speakerTrackMethod="2" targetTrackMethod="0"/>
 </ResponseSet>
 <ResponseSet id="13680621263386268805">
  <Response dialog="13680621263386268804" id="13680621263386268806" cooldown="30" weight="1" oneshot="0" completeConversation="1" delay="0" emotion="15659330456346423977"/>
  <Response dialog="13680621263386268847" id="13680621263386268848" cooldown="30" weight="1" oneshot="0" completeConversation="1" delay="0" emotion="15659330456346423977"/>
  <Response dialog="13680621263386269239" id="13680621263386269240" cooldown="30" weight="1" oneshot="0" completeConversation="1" delay="0" emotion="15659330456346423977"/>
 </ResponseSet>
 <ResponseSet id="13680621263386269276">
  <Response dialog="13680621263386268609" id="13680621263386269277" cooldown="0" weight="1" oneshot="0" completeConversation="1" delay="0" emotion="15659330456346423977"/>
  <Response dialog="13680621263386268525" id="13680621263386269311" cooldown="0" weight="1" oneshot="0" completeConversation="1" delay="0" emotion="15659330456346423977"/>
  <Response dialog="13680621263386269325" id="13680621263386269326" cooldown="0" weight="1" oneshot="0" completeConversation="1" delay="0" emotion="3152439162748318060"/>
  <Response dialog="13680621263386269372" id="13680621263386269373" cooldown="0" weight="1" oneshot="0" completeConversation="1" delay="0" emotion="3152439162748318060"/>
  <Response dialog="13680621263386269469" id="13680621263386269470" cooldown="0" weight="1" oneshot="0" completeConversation="1" delay="0" emotion="15659330456346423977"/>
  <Response dialog="13680621263386270595" id="13680621263386270596" cooldown="0" weight="1" oneshot="0" completeConversation="1" delay="0" emotion="3152439162748318087"/>
 </ResponseSet>
 <ResponseSet id="13680621263386269523">
  <Response dialog="13680621263386269522" id="13680621263386269524" cooldown="0" weight="1" oneshot="0" completeConversation="1" delay="2" emotion="3152439162748318010" targetId="0" targetType="1" speakerTrackMethod="3" targetTrackMethod="0"/>
  <Response dialog="13680621263386269561" id="13680621263386269562" cooldown="0" weight="1" oneshot="0" completeConversation="1" delay="2" emotion="15659330456346423977"/>
 </ResponseSet>
 <ResponseSet id="13680621263386269596">
  <Response dialog="13680621263386269595" id="13680621263386269597" cooldown="0" weight="1" oneshot="0" completeConversation="1" delay="0" emotion="3152439162748318087"/>
  <Response dialog="13680621263386269608" id="13680621263386269609" cooldown="0" weight="1" oneshot="0" completeConversation="1" delay="0" emotion="3152439162748318066"/>
 </ResponseSet>
 <ResponseSet id="13680621263386270496">
  <Response dialog="13680621263386270495" id="13680621263386270497" cooldown="0" weight="1" oneshot="0" completeConversation="1" delay="0" emotion="3152439162748318066"/>
  <Response dialog="13680621263386270534" id="13680621263386270535" cooldown="0" weight="1" oneshot="0" completeConversation="1" delay="0" emotion="3152439162748318066"/>
  <Response dialog="13680621263386270552" id="13680621263386270553" cooldown="0" weight="1" oneshot="0" completeConversation="1" delay="0" emotion="3152439162748318066"/>
 </ResponseSet>
 <ResponseSet id="13680621263386270514">
  <Response dialog="13680621263386270513" id="13680621263386270515" cooldown="0" weight="1" oneshot="0" completeConversation="1" delay="0" emotion="3152439162748318066"/>
  <Response dialog="13680621263386270586" id="13680621263386270587" cooldown="0" weight="1" oneshot="0" completeConversation="1" delay="0" emotion="15659330456346423977"/>
  <Response dialog="13680621263386270786" id="13680621263386270787" cooldown="0" weight="1" oneshot="0" completeConversation="1" delay="0" emotion="15659330456346423977"/>
 </ResponseSet>
</ResponseRules>