<GameTokensLibrary Name="VS_GameTokens">
 <GameToken Id="1593840161" Name="Experiment.ExperimentComplete" Type="Bool" Value="false"/>
 <GameToken Id="1385280014" Name="Experiment.MimicLoaded" Type="Bool" Value="false"/>
 <GameToken Id="1265390842" Name="Item.FoamBlueprintFound" Type="Bool" Value="false"/>
 <GameToken Id="1419030464" Name="Experiment.FirsrtPurgeDone" Type="Bool" Value="false"/>
 <GameToken Id="1262427272" Name="Experiment.SphereAtExtractor" Type="Bool" Value="false"/>
 <GameToken Id="261574899" Name="Item.HasPsychoscope" Type="Bool" Value="false"/>
 <GameToken Id="11289256" Name="Animation.Sphere_to_Mimic" Type="Bool" Value="false"/>
 <GameToken Id="1696737662" Name="Animation.Sphere_to_LiveExam" Type="Bool" Value="false"/>
 <GameToken Id="275179583" Name="Animation.Sphere_ReleaseToLiveExam" Type="Bool" Value="false"/>
 <GameToken Id="1390301965" Name="Experiment.InLiveExamRoom" Type="Bool" Value="false"/>
 <GameToken Id="146749517" Name="Event.Replicator_Powered_On" Type="Bool" Value="false"/>
 <GameToken Id="831288430" Name="Animation.Russian_To_SideWall" Type="Bool" Value="false"/>
 <GameToken Id="1005475404" Name="AI.PhantomIsDead" Type="Bool" Value="false"/>
 <GameToken Id="737759885" Name="Experiment.SphereAtLiveExamTube" Type="Bool" Value="false"/>
 <GameToken Id="1675480640" Name="Dialog.IsPlayerVoiceOn" Type="Bool" Value="false"/>
 <GameToken Id="1161308564" Name="Dialog.IsPlayerFemale" Type="Bool" Value="false"/>
 <GameToken Id="201461070" Name="AI.MimicIsDead" Type="Bool" Value="false"/>
 <GameToken Id="1826142967" Name="Item.PlayerPickedUpNeuroMod" Type="Bool" Value="false"/>
 <GameToken Id="50882241" Name="Experiment.All_Nozzles_Gooed" Type="Bool" Value="false"/>
 <GameToken Id="879154985" Name="Experiment.RussianAppealingToPlayer" Type="Bool" Value="false"/>
 <GameToken Id="110520010" Name="Experiment.Player_Purged" Type="Bool" Value="false"/>
 <GameToken Id="238705090" Name="GravShaft.GravShaftEnter" Type="String" Value="0"/>
 <GameToken Id="754588028" Name="GravShaft.GravShaftLeave" Type="String" Value="0"/>
 <GameToken Id="2097375319" Name="Event.Player_In_DemoRoom" Type="Bool" Value="false"/>
 <GameToken Id="917619018" Name="Dialog.IsDanielleRobo" Type="Bool" Value="false"/>
</GameTokensLibrary>
