<EntitySerialization>
 <Entity id="1"/>
 <Entity id="2"/>
 <Entity id="3"/>
 <Entity id="4"/>
 <Entity id="5"/>
 <Entity id="6"/>
 <Entity id="7"/>
 <Entity id="8"/>
 <Entity id="9"/>
 <Entity id="10"/>
 <Entity id="11"/>
 <Entity id="12"/>
 <Entity id="13"/>
 <Entity id="14"/>
 <Entity id="15"/>
 <Entity id="16"/>
 <Entity id="17"/>
 <Entity id="18"/>
 <Entity id="19"/>
 <Entity id="20"/>
 <Entity id="21"/>
 <Entity id="22"/>
 <Entity id="23"/>
 <Entity id="24"/>
 <Entity id="25"/>
 <Entity id="26"/>
 <Entity id="27"/>
 <Entity id="28"/>
 <Entity id="29"/>
 <Entity id="30"/>
 <Entity id="31"/>
 <Entity id="32"/>
 <Entity id="33"/>
 <Entity id="34"/>
 <Entity id="35"/>
 <Entity id="36"/>
 <Entity id="37"/>
 <Entity id="38"/>
 <Entity id="39"/>
 <Entity id="40"/>
 <Entity id="41"/>
 <Entity id="42"/>
 <Entity id="43"/>
 <Entity id="44"/>
 <Entity id="45"/>
 <Entity id="46"/>
 <Entity id="47"/>
 <Entity id="48"/>
 <Entity id="49"/>
 <Entity id="50"/>
 <Entity id="51"/>
 <Entity id="52"/>
 <Entity id="53"/>
 <Entity id="54"/>
 <Entity id="55"/>
 <Entity id="56"/>
 <Entity id="57"/>
 <Entity id="58"/>
 <Entity id="59"/>
 <Entity id="60"/>
 <Entity id="61"/>
 <Entity id="62"/>
 <Entity id="63"/>
 <Entity id="64"/>
 <Entity id="65"/>
 <Entity id="66"/>
 <Entity id="67"/>
 <Entity id="68"/>
 <Entity id="69"/>
 <Entity id="70"/>
 <Entity id="71"/>
 <Entity id="72"/>
 <Entity id="73"/>
 <Entity id="74"/>
 <Entity id="75"/>
 <Entity id="76"/>
 <Entity id="77"/>
 <Entity id="78"/>
 <Entity id="79"/>
 <Entity id="80"/>
 <Entity id="81"/>
 <Entity id="82"/>
 <Entity id="83"/>
 <Entity id="84"/>
 <Entity id="85"/>
 <Entity id="86"/>
 <Entity id="87"/>
 <Entity id="88"/>
 <Entity id="89"/>
 <Entity id="90"/>
 <Entity id="91"/>
 <Entity id="92"/>
 <Entity id="94"/>
 <Entity id="95"/>
 <Entity id="96"/>
 <Entity id="97"/>
 <Entity id="99"/>
 <Entity id="100"/>
 <Entity id="101"/>
 <Entity id="102"/>
 <Entity id="103"/>
 <Entity id="105"/>
 <Entity id="107"/>
 <Entity id="108"/>
 <Entity id="109"/>
 <Entity id="110"/>
 <Entity id="113"/>
 <Entity id="114"/>
 <Entity id="115"/>
 <Entity id="116"/>
 <Entity id="118"/>
 <Entity id="119"/>
 <Entity id="120"/>
 <Entity id="121"/>
 <Entity id="122"/>
 <Entity id="123"/>
 <Entity id="124"/>
 <Entity id="125"/>
 <Entity id="126"/>
 <Entity id="127"/>
 <Entity id="128"/>
 <Entity id="129"/>
 <Entity id="130"/>
 <Entity id="131"/>
 <Entity id="132"/>
 <Entity id="133"/>
 <Entity id="134"/>
 <Entity id="135"/>
 <Entity id="136"/>
 <Entity id="137"/>
 <Entity id="138"/>
 <Entity id="140"/>
 <Entity id="141"/>
 <Entity id="142"/>
 <Entity id="143"/>
 <Entity id="144"/>
 <Entity id="146"/>
 <Entity id="147"/>
 <Entity id="148"/>
 <Entity id="149"/>
 <Entity id="150"/>
 <Entity id="151"/>
 <Entity id="152"/>
 <Entity id="153"/>
 <Entity id="154"/>
 <Entity id="158"/>
 <Entity id="159"/>
 <Entity id="161"/>
 <Entity id="162"/>
 <Entity id="163"/>
 <Entity id="164"/>
 <Entity id="165"/>
 <Entity id="166"/>
 <Entity id="167"/>
 <Entity id="168"/>
 <Entity id="169"/>
 <Entity id="170"/>
 <Entity id="171"/>
 <Entity id="172"/>
 <Entity id="173"/>
 <Entity id="174"/>
 <Entity id="175"/>
 <Entity id="176"/>
 <Entity id="177"/>
 <Entity id="178"/>
 <Entity id="179"/>
 <Entity id="180"/>
 <Entity id="181"/>
 <Entity id="205"/>
 <Entity id="226"/>
 <Entity id="236"/>
 <Entity id="237"/>
 <Entity id="239"/>
 <Entity id="241"/>
 <Entity id="242"/>
 <Entity id="268"/>
 <Entity id="269"/>
 <Entity id="270"/>
 <Entity id="271"/>
 <Entity id="273"/>
 <Entity id="275"/>
 <Entity id="276"/>
 <Entity id="277"/>
 <Entity id="298"/>
 <Entity id="307"/>
 <Entity id="317"/>
 <Entity id="324"/>
 <Entity id="325"/>
 <Entity id="326"/>
 <Entity id="327"/>
 <Entity id="328"/>
 <Entity id="329"/>
 <Entity id="330"/>
 <Entity id="331"/>
 <Entity id="332"/>
 <Entity id="333"/>
 <Entity id="338"/>
 <Entity id="340"/>
 <Entity id="341"/>
 <Entity id="342"/>
 <Entity id="343"/>
 <Entity id="345"/>
 <Entity id="347"/>
 <Entity id="349"/>
 <Entity id="351"/>
 <Entity id="352"/>
 <Entity id="353"/>
 <Entity id="354"/>
 <Entity id="355"/>
 <Entity id="357"/>
 <Entity id="358"/>
 <Entity id="359"/>
 <Entity id="360"/>
 <Entity id="362"/>
 <Entity id="363"/>
 <Entity id="364"/>
 <Entity id="365"/>
 <Entity id="366"/>
 <Entity id="367"/>
 <Entity id="368"/>
 <Entity id="369"/>
 <Entity id="370"/>
 <Entity id="371"/>
 <Entity id="372"/>
 <Entity id="375"/>
 <Entity id="376"/>
 <Entity id="377"/>
 <Entity id="378"/>
 <Entity id="379"/>
 <Entity id="380"/>
 <Entity id="381"/>
 <Entity id="383"/>
 <Entity id="384"/>
 <Entity id="385"/>
 <Entity id="387"/>
 <Entity id="389"/>
 <Entity id="391"/>
 <Entity id="392"/>
 <Entity id="393"/>
 <Entity id="399"/>
 <Entity id="400"/>
 <Entity id="401"/>
 <Entity id="406"/>
 <Entity id="413"/>
 <Entity id="416"/>
 <Entity id="418"/>
 <Entity id="419"/>
 <Entity id="422"/>
 <Entity id="427"/>
 <Entity id="429"/>
 <Entity id="430"/>
 <Entity id="431"/>
 <Entity id="432"/>
 <Entity id="433"/>
 <Entity id="434"/>
 <Entity id="435"/>
 <Entity id="436"/>
 <Entity id="437"/>
 <Entity id="438"/>
 <Entity id="439"/>
 <Entity id="440"/>
 <Entity id="441"/>
 <Entity id="442"/>
 <Entity id="443"/>
 <Entity id="444"/>
 <Entity id="445"/>
 <Entity id="446"/>
 <Entity id="447"/>
 <Entity id="448"/>
 <Entity id="449"/>
 <Entity id="450"/>
 <Entity id="451"/>
 <Entity id="452"/>
 <Entity id="453"/>
 <Entity id="454"/>
 <Entity id="455"/>
 <Entity id="456"/>
 <Entity id="457"/>
 <Entity id="458"/>
 <Entity id="459"/>
 <Entity id="460"/>
 <Entity id="461"/>
 <Entity id="462"/>
 <Entity id="463"/>
 <Entity id="464"/>
 <Entity id="465"/>
 <Entity id="467"/>
 <Entity id="468"/>
 <Entity id="469"/>
 <Entity id="470"/>
 <Entity id="471"/>
 <Entity id="472"/>
 <Entity id="473"/>
 <Entity id="474"/>
 <Entity id="475"/>
 <Entity id="476"/>
 <Entity id="477"/>
 <Entity id="478"/>
 <Entity id="479"/>
 <Entity id="481"/>
 <Entity id="482"/>
 <Entity id="483"/>
 <Entity id="484"/>
 <Entity id="485"/>
 <Entity id="486"/>
 <Entity id="487"/>
 <Entity id="488"/>
 <Entity id="489"/>
 <Entity id="490"/>
 <Entity id="491"/>
 <Entity id="492"/>
 <Entity id="493"/>
 <Entity id="494"/>
 <Entity id="495"/>
 <Entity id="496"/>
 <Entity id="497"/>
 <Entity id="498"/>
 <Entity id="499"/>
 <Entity id="500"/>
 <Entity id="501"/>
 <Entity id="502"/>
 <Entity id="503"/>
 <Entity id="504"/>
 <Entity id="505"/>
 <Entity id="506"/>
 <Entity id="507"/>
 <Entity id="508"/>
 <Entity id="509"/>
 <Entity id="510"/>
 <Entity id="511"/>
 <Entity id="512"/>
 <Entity id="513"/>
 <Entity id="514"/>
 <Entity id="515"/>
 <Entity id="516"/>
 <Entity id="517"/>
 <Entity id="518"/>
 <Entity id="519"/>
 <Entity id="520"/>
 <Entity id="521"/>
 <Entity id="522"/>
 <Entity id="523"/>
 <Entity id="524"/>
 <Entity id="525"/>
 <Entity id="526"/>
 <Entity id="527"/>
 <Entity id="528"/>
 <Entity id="529"/>
 <Entity id="530"/>
 <Entity id="531"/>
 <Entity id="532"/>
 <Entity id="533"/>
 <Entity id="534"/>
 <Entity id="535"/>
 <Entity id="536"/>
 <Entity id="537"/>
 <Entity id="538"/>
 <Entity id="539"/>
 <Entity id="540"/>
 <Entity id="541"/>
 <Entity id="542"/>
 <Entity id="543"/>
 <Entity id="544"/>
 <Entity id="545"/>
 <Entity id="546"/>
 <Entity id="547"/>
 <Entity id="548"/>
 <Entity id="549"/>
 <Entity id="550"/>
 <Entity id="551"/>
 <Entity id="552"/>
 <Entity id="553"/>
 <Entity id="554"/>
 <Entity id="555"/>
 <Entity id="556"/>
 <Entity id="557"/>
 <Entity id="558"/>
 <Entity id="559"/>
 <Entity id="560"/>
 <Entity id="561"/>
 <Entity id="562"/>
 <Entity id="563"/>
 <Entity id="564"/>
 <Entity id="565"/>
 <Entity id="586"/>
 <Entity id="595"/>
 <Entity id="601"/>
 <Entity id="602"/>
 <Entity id="603"/>
 <Entity id="614"/>
 <Entity id="616"/>
 <Entity id="618"/>
 <Entity id="620"/>
 <Entity id="621"/>
 <Entity id="623"/>
 <Entity id="624"/>
 <Entity id="626"/>
 <Entity id="627"/>
 <Entity id="628"/>
 <Entity id="629"/>
 <Entity id="630"/>
 <Entity id="631"/>
 <Entity id="632"/>
 <Entity id="634"/>
 <Entity id="635"/>
 <Entity id="636"/>
 <Entity id="638"/>
 <Entity id="640"/>
 <Entity id="641"/>
 <Entity id="642"/>
 <Entity id="644"/>
 <Entity id="646"/>
 <Entity id="648"/>
 <Entity id="649"/>
 <Entity id="650"/>
 <Entity id="651"/>
 <Entity id="652"/>
 <Entity id="654"/>
 <Entity id="655"/>
 <Entity id="656"/>
 <Entity id="657"/>
 <Entity id="658"/>
 <Entity id="659"/>
 <Entity id="660"/>
 <Entity id="661"/>
 <Entity id="662"/>
 <Entity id="664"/>
 <Entity id="665"/>
 <Entity id="666"/>
 <Entity id="667"/>
 <Entity id="669"/>
 <Entity id="670"/>
 <Entity id="671"/>
 <Entity id="673"/>
 <Entity id="674"/>
 <Entity id="675"/>
 <Entity id="676"/>
 <Entity id="677"/>
 <Entity id="678"/>
 <Entity id="679"/>
 <Entity id="680"/>
 <Entity id="681"/>
 <Entity id="682"/>
 <Entity id="683"/>
 <Entity id="684"/>
 <Entity id="685"/>
 <Entity id="686"/>
 <Entity id="687"/>
 <Entity id="689"/>
 <Entity id="692"/>
 <Entity id="693"/>
 <Entity id="694"/>
 <Entity id="695"/>
 <Entity id="697"/>
 <Entity id="698"/>
 <Entity id="699"/>
 <Entity id="700"/>
 <Entity id="701"/>
 <Entity id="702"/>
 <Entity id="703"/>
 <Entity id="705"/>
 <Entity id="706"/>
 <Entity id="707"/>
 <Entity id="708"/>
 <Entity id="709"/>
 <Entity id="710"/>
 <Entity id="711"/>
 <Entity id="713"/>
 <Entity id="714"/>
 <Entity id="715"/>
 <Entity id="719"/>
 <Entity id="721"/>
 <Entity id="722"/>
 <Entity id="723"/>
 <Entity id="725"/>
 <Entity id="726"/>
 <Entity id="727"/>
 <Entity id="728"/>
 <Entity id="729"/>
 <Entity id="730"/>
 <Entity id="732"/>
 <Entity id="733"/>
 <Entity id="734"/>
 <Entity id="735"/>
 <Entity id="736"/>
 <Entity id="737"/>
 <Entity id="738"/>
 <Entity id="739"/>
 <Entity id="740"/>
 <Entity id="741"/>
 <Entity id="742"/>
 <Entity id="743"/>
 <Entity id="744"/>
 <Entity id="745"/>
 <Entity id="746"/>
 <Entity id="747"/>
 <Entity id="748"/>
 <Entity id="749"/>
 <Entity id="750"/>
 <Entity id="751"/>
 <Entity id="752"/>
 <Entity id="753"/>
 <Entity id="754"/>
 <Entity id="755"/>
 <Entity id="756"/>
 <Entity id="757"/>
 <Entity id="758"/>
 <Entity id="759"/>
 <Entity id="760"/>
 <Entity id="761"/>
 <Entity id="762"/>
 <Entity id="763"/>
 <Entity id="764"/>
 <Entity id="765"/>
 <Entity id="766"/>
 <Entity id="767"/>
 <Entity id="768"/>
 <Entity id="769"/>
 <Entity id="770"/>
 <Entity id="771"/>
 <Entity id="772"/>
 <Entity id="773"/>
 <Entity id="774"/>
 <Entity id="775"/>
 <Entity id="776"/>
 <Entity id="777"/>
 <Entity id="778"/>
 <Entity id="779"/>
 <Entity id="780"/>
 <Entity id="781"/>
 <Entity id="782"/>
 <Entity id="783"/>
 <Entity id="784"/>
 <Entity id="785"/>
 <Entity id="786"/>
 <Entity id="787"/>
 <Entity id="788"/>
 <Entity id="789"/>
 <Entity id="790"/>
 <Entity id="791"/>
 <Entity id="792"/>
 <Entity id="793"/>
 <Entity id="794"/>
 <Entity id="795"/>
 <Entity id="796"/>
 <Entity id="797"/>
 <Entity id="798"/>
 <Entity id="799"/>
 <Entity id="800"/>
 <Entity id="801"/>
 <Entity id="802"/>
 <Entity id="803"/>
 <Entity id="804"/>
 <Entity id="805"/>
 <Entity id="807"/>
 <Entity id="810"/>
 <Entity id="811"/>
 <Entity id="812"/>
 <Entity id="813"/>
 <Entity id="814"/>
 <Entity id="815"/>
 <Entity id="816"/>
 <Entity id="817"/>
 <Entity id="818"/>
 <Entity id="819"/>
 <Entity id="820"/>
 <Entity id="821"/>
 <Entity id="822"/>
 <Entity id="823"/>
 <Entity id="824"/>
 <Entity id="825"/>
 <Entity id="826"/>
 <Entity id="827"/>
 <Entity id="828"/>
 <Entity id="829"/>
 <Entity id="830"/>
 <Entity id="831"/>
 <Entity id="832"/>
 <Entity id="833"/>
 <Entity id="834"/>
 <Entity id="835"/>
 <Entity id="836"/>
 <Entity id="837"/>
 <Entity id="838"/>
 <Entity id="839"/>
 <Entity id="840"/>
 <Entity id="841"/>
 <Entity id="842"/>
 <Entity id="843"/>
 <Entity id="844"/>
 <Entity id="856"/>
 <Entity id="857"/>
 <Entity id="858"/>
 <Entity id="859"/>
 <Entity id="860"/>
 <Entity id="861"/>
 <Entity id="868"/>
 <Entity id="870"/>
 <Entity id="873"/>
 <Entity id="877"/>
 <Entity id="886"/>
 <Entity id="887"/>
 <Entity id="891"/>
 <Entity id="895"/>
 <Entity id="899"/>
 <Entity id="905"/>
 <Entity id="906"/>
 <Entity id="909"/>
 <Entity id="910"/>
 <Entity id="911"/>
 <Entity id="928"/>
 <Entity id="941"/>
 <Entity id="943"/>
 <Entity id="951"/>
 <Entity id="960"/>
 <Entity id="961"/>
 <Entity id="964"/>
 <Entity id="965"/>
 <Entity id="966"/>
 <Entity id="968"/>
 <Entity id="969"/>
 <Entity id="970"/>
 <Entity id="972"/>
 <Entity id="984"/>
 <Entity id="992"/>
 <Entity id="993"/>
 <Entity id="995"/>
 <Entity id="998"/>
 <Entity id="1000"/>
 <Entity id="1001"/>
 <Entity id="1005"/>
 <Entity id="1013"/>
 <Entity id="1016"/>
 <Entity id="1017"/>
 <Entity id="1018"/>
 <Entity id="1025"/>
 <Entity id="1028"/>
 <Entity id="1034"/>
 <Entity id="1035"/>
 <Entity id="1036"/>
 <Entity id="1041"/>
 <Entity id="1046"/>
 <Entity id="1048"/>
 <Entity id="1049"/>
 <Entity id="1055"/>
 <Entity id="1066"/>
 <Entity id="1067"/>
 <Entity id="1078"/>
 <Entity id="1084"/>
 <Entity id="1087"/>
 <Entity id="1089"/>
 <Entity id="1091"/>
 <Entity id="1095"/>
 <Entity id="1096"/>
 <Entity id="1098"/>
 <Entity id="1104"/>
 <Entity id="1110"/>
 <Entity id="1116"/>
 <Entity id="1122"/>
 <Entity id="1123"/>
 <Entity id="1124"/>
 <Entity id="1125"/>
 <Entity id="1127"/>
 <Entity id="1129"/>
 <Entity id="1130"/>
 <Entity id="1132"/>
 <Entity id="1133"/>
 <Entity id="1134"/>
 <Entity id="1136"/>
 <Entity id="1137"/>
 <Entity id="1138"/>
 <Entity id="1140"/>
 <Entity id="1141"/>
 <Entity id="1142"/>
 <Entity id="1145"/>
 <Entity id="1146"/>
 <Entity id="1152"/>
 <Entity id="1155"/>
 <Entity id="1157"/>
 <Entity id="1159"/>
 <Entity id="1160"/>
 <Entity id="1164"/>
 <Entity id="1172"/>
 <Entity id="1174"/>
 <Entity id="1179"/>
 <Entity id="1184"/>
 <Entity id="1186"/>
 <Entity id="1187"/>
 <Entity id="1197"/>
 <Entity id="1201"/>
 <Entity id="1204"/>
 <Entity id="1206"/>
 <Entity id="1208"/>
 <Entity id="1212"/>
 <Entity id="1215"/>
 <Entity id="1217"/>
 <Entity id="1219"/>
 <Entity id="1222"/>
 <Entity id="1223"/>
 <Entity id="1224"/>
 <Entity id="1225"/>
 <Entity id="1227"/>
 <Entity id="1228"/>
 <Entity id="1229"/>
 <Entity id="1230"/>
 <Entity id="1231"/>
 <Entity id="1236"/>
 <Entity id="1240"/>
 <Entity id="1244"/>
 <Entity id="1246"/>
 <Entity id="1254"/>
 <Entity id="1260"/>
 <Entity id="1262"/>
 <Entity id="1266"/>
 <Entity id="1269"/>
 <Entity id="1272"/>
 <Entity id="1273"/>
 <Entity id="1279"/>
 <Entity id="1284"/>
 <Entity id="1285"/>
 <Entity id="1286"/>
 <Entity id="1287"/>
 <Entity id="1288"/>
 <Entity id="1295"/>
 <Entity id="1296"/>
 <Entity id="1303"/>
 <Entity id="1309"/>
 <Entity id="1313"/>
 <Entity id="1315"/>
 <Entity id="1316"/>
 <Entity id="1318"/>
 <Entity id="1319"/>
 <Entity id="1322"/>
 <Entity id="1323"/>
 <Entity id="1324"/>
 <Entity id="1325"/>
 <Entity id="1328"/>
 <Entity id="1330"/>
 <Entity id="1334"/>
 <Entity id="1335"/>
 <Entity id="1336"/>
 <Entity id="1337"/>
 <Entity id="1339"/>
 <Entity id="1341"/>
 <Entity id="1343"/>
 <Entity id="1345"/>
 <Entity id="1346"/>
 <Entity id="1347"/>
 <Entity id="1351"/>
 <Entity id="1357"/>
 <Entity id="1358"/>
 <Entity id="1364"/>
 <Entity id="1369"/>
 <Entity id="1372"/>
 <Entity id="1376"/>
 <Entity id="1383"/>
 <Entity id="1384"/>
 <Entity id="1385"/>
 <Entity id="1401"/>
 <Entity id="1422"/>
 <Entity id="1427"/>
 <Entity id="1430"/>
 <Entity id="1441"/>
 <Entity id="1449"/>
 <Entity id="1451"/>
 <Entity id="1453"/>
 <Entity id="1456"/>
 <Entity id="1457"/>
 <Entity id="1460"/>
 <Entity id="1463"/>
 <Entity id="1465"/>
 <Entity id="1466"/>
 <Entity id="1471"/>
 <Entity id="1472"/>
 <Entity id="1489"/>
 <Entity id="1490"/>
 <Entity id="1491"/>
 <Entity id="1492"/>
 <Entity id="1493"/>
 <Entity id="1494"/>
 <Entity id="1495"/>
 <Entity id="1496"/>
 <Entity id="1497"/>
 <Entity id="1498"/>
 <Entity id="1499"/>
 <Entity id="1500"/>
 <Entity id="1501"/>
 <Entity id="1502"/>
 <Entity id="1503"/>
 <Entity id="1504"/>
 <Entity id="1505"/>
 <Entity id="1506"/>
 <Entity id="1507"/>
 <Entity id="1508"/>
 <Entity id="1509"/>
 <Entity id="1510"/>
 <Entity id="1511"/>
 <Entity id="1512"/>
 <Entity id="1513"/>
 <Entity id="1514"/>
 <Entity id="1515"/>
 <Entity id="1516"/>
 <Entity id="1517"/>
 <Entity id="1518"/>
 <Entity id="1519"/>
 <Entity id="1520"/>
 <Entity id="1521"/>
 <Entity id="1522"/>
 <Entity id="1523"/>
 <Entity id="1524"/>
 <Entity id="1525"/>
 <Entity id="1526"/>
 <Entity id="1527"/>
 <Entity id="1528"/>
 <Entity id="1529"/>
 <Entity id="1530"/>
 <Entity id="1531"/>
 <Entity id="1532"/>
 <Entity id="1533"/>
 <Entity id="1534"/>
 <Entity id="1535"/>
 <Entity id="1536"/>
 <Entity id="1537"/>
 <Entity id="1538"/>
 <Entity id="1539"/>
 <Entity id="1540"/>
 <Entity id="1541"/>
 <Entity id="1542"/>
 <Entity id="1543"/>
 <Entity id="1544"/>
 <Entity id="1545"/>
 <Entity id="1546"/>
 <Entity id="1547"/>
 <Entity id="1548"/>
</EntitySerialization>
