<Graph isModule="1" moduleName="ArkLights_YellowTulipStage2" isObjectList="1" objectListClass="ArkLight" Description="" Group="" enabled="1" MultiPlayer="ClientServer">
 <Nodes>
  <Node Id="2" Class="entity:ArkLight" pos="-330,-129,0" EntityGUID="{321ED0CA-F4A9-4070-A0F7-E1E79ABDA1FB}" EntityGUID_64="4070F4A9321ED0CA">
   <Inputs entityId="0" Brightness="0" DiffuseColor1="0,0,0" DiffuseColor2="0,0,0" LightStyle1="0" LightStyle2="0" Off="0" On="0" ResetBrightness="0"/>
  </Node>
  <Node Id="4" Class="entity:ArkLight" pos="-330,-104,0" EntityGUID="{E7FA8FF8-EAC1-4B8A-B93F-EF07FE0C8637}" EntityGUID_64="4B8AEAC1E7FA8FF8">
   <Inputs entityId="0" Brightness="0" DiffuseColor1="0,0,0" DiffuseColor2="0,0,0" LightStyle1="0" LightStyle2="0" Off="0" On="0" ResetBrightness="0"/>
  </Node>
  <Node Id="6" Class="entity:ArkLight" pos="-330,-79,0" EntityGUID="{B4C80F04-6732-47D2-8CFD-C56F0512BD35}" EntityGUID_64="47D26732B4C80F04">
   <Inputs entityId="0" Brightness="0" DiffuseColor1="0,0,0" DiffuseColor2="0,0,0" LightStyle1="0" LightStyle2="0" Off="0" On="0" ResetBrightness="0"/>
  </Node>
 </Nodes>
 <Edges />
 <GraphTokens />
</Graph>
