<Graph isModule="1" moduleName="ArkLights_RecCenterTV" isObjectList="1" objectListClass="ArkLight" Description="" Group="" enabled="1" MultiPlayer="ClientServer">
 <Nodes>
  <Node Id="2" Class="entity:ArkLight" pos="-91,36,0" EntityGUID="{321E4D50-FA0B-4000-9829-BCC062062198}" EntityGUID_64="4000FA0B321E4D50">
   <Inputs entityId="0" Brightness="0" DiffuseColor1="0,0,0" DiffuseColor2="0,0,0" LightStyle1="0" LightStyle2="0" Off="0" On="0" ResetBrightness="0"/>
  </Node>
  <Node Id="4" Class="entity:ArkLight" pos="-91,61,0" EntityGUID="{2108E6A9-76A2-4063-A191-B0AD0C2149E3}" EntityGUID_64="406376A22108E6A9">
   <Inputs entityId="0" Brightness="0" DiffuseColor1="0,0,0" DiffuseColor2="0,0,0" LightStyle1="0" LightStyle2="0" Off="0" On="0" ResetBrightness="0"/>
  </Node>
  <Node Id="6" Class="entity:ArkLight" pos="-91,86,0" EntityGUID="{48F9E483-589E-4424-9768-353A99716DC4}" EntityGUID_64="4424589E48F9E483">
   <Inputs entityId="0" Brightness="0" DiffuseColor1="0,0,0" DiffuseColor2="0,0,0" LightStyle1="0" LightStyle2="0" Off="0" On="0" ResetBrightness="0"/>
  </Node>
  <Node Id="8" Class="entity:ArkLight" pos="-91,111,0" EntityGUID="{826CA7C1-5D8E-4EB2-A77D-425F2C40E5D8}" EntityGUID_64="4EB25D8E826CA7C1">
   <Inputs entityId="0" Brightness="0" DiffuseColor1="0,0,0" DiffuseColor2="0,0,0" LightStyle1="0" LightStyle2="0" Off="0" On="0" ResetBrightness="0"/>
  </Node>
  <Node Id="10" Class="entity:ArkLight" pos="-91,136,0" EntityGUID="{9AA3438A-971B-49C3-905B-1F848EA6742D}" EntityGUID_64="49C3971B9AA3438A">
   <Inputs entityId="0" Brightness="0" DiffuseColor1="0,0,0" DiffuseColor2="0,0,0" LightStyle1="0" LightStyle2="0" Off="0" On="0" ResetBrightness="0"/>
  </Node>
  <Node Id="12" Class="entity:ArkLight" pos="-91,161,0" EntityGUID="{A11C5555-A074-4A7E-9563-4C7F5BCAA097}" EntityGUID_64="4A7EA074A11C5555">
   <Inputs entityId="0" Brightness="0" DiffuseColor1="0,0,0" DiffuseColor2="0,0,0" LightStyle1="0" LightStyle2="0" Off="0" On="0" ResetBrightness="0"/>
  </Node>
  <Node Id="14" Class="entity:ArkLight" pos="494,18,0" EntityGUID="{B7ECF788-7590-4C61-ABB0-0111BD474F7D}" EntityGUID_64="4C617590B7ECF788">
   <Inputs entityId="0" Brightness="0" DiffuseColor1="0,0,0" DiffuseColor2="0,0,0" LightStyle1="0" LightStyle2="0" Off="0" On="0" ResetBrightness="0"/>
  </Node>
  <Node Id="16" Class="entity:ArkLight" pos="494,43,0" EntityGUID="{1CA1B1CD-E6AD-43AB-903E-0971B85680CF}" EntityGUID_64="43ABE6AD1CA1B1CD">
   <Inputs entityId="0" Brightness="0" DiffuseColor1="0,0,0" DiffuseColor2="0,0,0" LightStyle1="0" LightStyle2="0" Off="0" On="0" ResetBrightness="0"/>
  </Node>
 </Nodes>
 <Edges />
 <GraphTokens />
</Graph>
