<Graph isModule="1" moduleName="ArkLights_YellowTulipStage3" isObjectList="1" objectListClass="ArkLight" Description="" Group="" enabled="1" MultiPlayer="ClientServer">
 <Nodes>
  <Node Id="2" Class="entity:ArkLight" pos="-251,-33,0" EntityGUID="{42CF2CF6-DA87-4892-AEF5-97D04AC086D5}" EntityGUID_64="4892DA8742CF2CF6">
   <Inputs entityId="0" Brightness="0" DiffuseColor1="0,0,0" DiffuseColor2="0,0,0" LightStyle1="0" LightStyle2="0" Off="0" On="0" ResetBrightness="0"/>
  </Node>
  <Node Id="4" Class="entity:ArkLight" pos="-251,-8,0" EntityGUID="{8F5C88B8-226A-416C-AB4A-74E5CE4B6E23}" EntityGUID_64="416C226A8F5C88B8">
   <Inputs entityId="0" Brightness="0" DiffuseColor1="0,0,0" DiffuseColor2="0,0,0" LightStyle1="0" LightStyle2="0" Off="0" On="0" ResetBrightness="0"/>
  </Node>
  <Node Id="6" Class="entity:ArkLight" pos="-251,17,0" EntityGUID="{B6991BA8-6BF3-4116-A64F-97048A6A4643}" EntityGUID_64="41166BF3B6991BA8">
   <Inputs entityId="0" Brightness="0" DiffuseColor1="0,0,0" DiffuseColor2="0,0,0" LightStyle1="0" LightStyle2="0" Off="0" On="0" ResetBrightness="0"/>
  </Node>
  <Node Id="8" Class="entity:ArkLight" pos="-251,42,0" EntityGUID="{A4D965FB-BDF2-4B3D-8159-EADC2F3C37F4}" EntityGUID_64="4B3DBDF2A4D965FB">
   <Inputs entityId="0" Brightness="0" DiffuseColor1="0,0,0" DiffuseColor2="0,0,0" LightStyle1="0" LightStyle2="0" Off="0" On="0" ResetBrightness="0"/>
  </Node>
  <Node Id="10" Class="entity:ArkLight" pos="-251,67,0" EntityGUID="{559B1C11-D492-45B4-99E4-64827942F950}" EntityGUID_64="45B4D492559B1C11">
   <Inputs entityId="0" Brightness="0" DiffuseColor1="0,0,0" DiffuseColor2="0,0,0" LightStyle1="0" LightStyle2="0" Off="0" On="0" ResetBrightness="0"/>
  </Node>
  <Node Id="12" Class="entity:ArkLight" pos="311,-77,0" EntityGUID="{0FF18ED2-3628-4BCB-BD85-E20A25CA5152}" EntityGUID_64="4BCB36280FF18ED2">
   <Inputs entityId="0" Brightness="0" DiffuseColor1="0,0,0" DiffuseColor2="0,0,0" LightStyle1="0" LightStyle2="0" Off="0" On="0" ResetBrightness="0"/>
  </Node>
  <Node Id="14" Class="entity:ArkLight" pos="311,-52,0" EntityGUID="{4096137B-EE23-4441-A1F3-22ABAAD9811A}" EntityGUID_64="4441EE234096137B">
   <Inputs entityId="0" Brightness="0" DiffuseColor1="0,0,0" DiffuseColor2="0,0,0" LightStyle1="0" LightStyle2="0" Off="0" On="0" ResetBrightness="0"/>
  </Node>
  <Node Id="16" Class="entity:ArkLight" pos="311,-27,0" EntityGUID="{62AB1F25-E56C-4CF0-9D4A-B094C1280FCC}" EntityGUID_64="4CF0E56C62AB1F25">
   <Inputs entityId="0" Brightness="0" DiffuseColor1="0,0,0" DiffuseColor2="0,0,0" LightStyle1="0" LightStyle2="0" Off="0" On="0" ResetBrightness="0"/>
  </Node>
 </Nodes>
 <Edges />
 <GraphTokens />
</Graph>
