<Graph isModule="1" moduleName="ArkLights_YellowTulip_Dim" isObjectList="1" objectListClass="ArkLight" Description="" Group="" enabled="1" MultiPlayer="ClientServer">
 <Nodes>
  <Node Id="2" Class="entity:ArkLight" pos="-328.45016,-794.10101,0" EntityGUID="{BC887407-E64B-465E-8232-BAE7D729FF2F}" EntityGUID_64="465EE64BBC887407">
   <Inputs entityId="0" Brightness="0" DiffuseColor1="0,0,0" DiffuseColor2="0,0,0" LightStyle1="0" LightStyle2="0" Off="0" On="0" ResetBrightness="0"/>
  </Node>
  <Node Id="4" Class="entity:ArkLight" pos="-328.45016,-769.10101,0" EntityGUID="{09279CD9-B7B6-4F55-9C09-864A87840B0B}" EntityGUID_64="4F55B7B609279CD9">
   <Inputs entityId="0" Brightness="0" DiffuseColor1="0,0,0" DiffuseColor2="0,0,0" LightStyle1="0" LightStyle2="0" Off="0" On="0" ResetBrightness="0"/>
  </Node>
  <Node Id="6" Class="entity:ArkLight" pos="-328.45016,-744.10101,0" EntityGUID="{6713AC56-F470-49A9-81E7-07045AFAFD8C}" EntityGUID_64="49A9F4706713AC56">
   <Inputs entityId="0" Brightness="0" DiffuseColor1="0,0,0" DiffuseColor2="0,0,0" LightStyle1="0" LightStyle2="0" Off="0" On="0" ResetBrightness="0"/>
  </Node>
  <Node Id="8" Class="entity:ArkLight" pos="-328.45016,-719.10101,0" EntityGUID="{6FE5C42D-8768-48EE-8FF2-2054191C7463}" EntityGUID_64="48EE87686FE5C42D">
   <Inputs entityId="0" Brightness="0" DiffuseColor1="0,0,0" DiffuseColor2="0,0,0" LightStyle1="0" LightStyle2="0" Off="0" On="0" ResetBrightness="0"/>
  </Node>
  <Node Id="10" Class="entity:ArkLight" pos="-328.45016,-694.10101,0" EntityGUID="{9563F9E4-2FBF-4A14-88D5-82ED67B50712}" EntityGUID_64="4A142FBF9563F9E4">
   <Inputs entityId="0" Brightness="0" DiffuseColor1="0,0,0" DiffuseColor2="0,0,0" LightStyle1="0" LightStyle2="0" Off="0" On="0" ResetBrightness="0"/>
  </Node>
  <Node Id="12" Class="entity:ArkLight" pos="-328.45016,-669.10101,0" EntityGUID="{62047DEC-FFCB-421B-BF48-4B144C1AA368}" EntityGUID_64="421BFFCB62047DEC">
   <Inputs entityId="0" Brightness="0" DiffuseColor1="0,0,0" DiffuseColor2="0,0,0" LightStyle1="0" LightStyle2="0" Off="0" On="0" ResetBrightness="0"/>
  </Node>
  <Node Id="14" Class="entity:ArkLight" pos="-328.45016,-644.10101,0" EntityGUID="{86736CE3-7759-4AFA-8A2C-4FB20732D89A}" EntityGUID_64="4AFA775986736CE3">
   <Inputs entityId="0" Brightness="0" DiffuseColor1="0,0,0" DiffuseColor2="0,0,0" LightStyle1="0" LightStyle2="0" Off="0" On="0" ResetBrightness="0"/>
  </Node>
  <Node Id="16" Class="entity:ArkLight" pos="-328.45016,-619.10101,0" EntityGUID="{17B5735D-5023-4FE2-B4EE-92EFB402A550}" EntityGUID_64="4FE2502317B5735D">
   <Inputs entityId="0" Brightness="0" DiffuseColor1="0,0,0" DiffuseColor2="0,0,0" LightStyle1="0" LightStyle2="0" Off="0" On="0" ResetBrightness="0"/>
  </Node>
  <Node Id="20" Class="entity:ArkLight" pos="-328.45016,-569.10101,0" EntityGUID="{E4DC54FA-EDB7-4F80-9965-A7CD68606CF0}" EntityGUID_64="4F80EDB7E4DC54FA">
   <Inputs entityId="0" Brightness="0" DiffuseColor1="0,0,0" DiffuseColor2="0,0,0" LightStyle1="0" LightStyle2="0" Off="0" On="0" ResetBrightness="0"/>
  </Node>
  <Node Id="22" Class="entity:ArkLight" pos="-328.45016,-544.10101,0" EntityGUID="{8FB1F080-4387-4D5B-828C-4E469EC2826D}" EntityGUID_64="4D5B43878FB1F080">
   <Inputs entityId="0" Brightness="0" DiffuseColor1="0,0,0" DiffuseColor2="0,0,0" LightStyle1="0" LightStyle2="0" Off="0" On="0" ResetBrightness="0"/>
  </Node>
  <Node Id="24" Class="entity:ArkLight" pos="-328.45016,-519.10101,0" EntityGUID="{22F419C0-9827-4C89-8946-DF60193E69FE}" EntityGUID_64="4C89982722F419C0">
   <Inputs entityId="0" Brightness="0" DiffuseColor1="0,0,0" DiffuseColor2="0,0,0" LightStyle1="0" LightStyle2="0" Off="0" On="0" ResetBrightness="0"/>
  </Node>
  <Node Id="26" Class="entity:ArkLight" pos="-328.45016,-494.10101,0" EntityGUID="{82AE9C1C-B9D6-443A-91DC-6771DFB5520D}" EntityGUID_64="443AB9D682AE9C1C">
   <Inputs entityId="0" Brightness="0" DiffuseColor1="0,0,0" DiffuseColor2="0,0,0" LightStyle1="0" LightStyle2="0" Off="0" On="0" ResetBrightness="0"/>
  </Node>
  <Node Id="28" Class="entity:ArkLight" pos="-328.45016,-469.10101,0" EntityGUID="{BE0B7127-64B2-44C1-9FAA-873766C15052}" EntityGUID_64="44C164B2BE0B7127">
   <Inputs entityId="0" Brightness="0" DiffuseColor1="0,0,0" DiffuseColor2="0,0,0" LightStyle1="0" LightStyle2="0" Off="0" On="0" ResetBrightness="0"/>
  </Node>
  <Node Id="30" Class="entity:ArkLight" pos="-328.45016,-444.10101,0" EntityGUID="{27A8BA84-5702-4A19-A2F7-A2A325492F2B}" EntityGUID_64="4A19570227A8BA84">
   <Inputs entityId="0" Brightness="0" DiffuseColor1="0,0,0" DiffuseColor2="0,0,0" LightStyle1="0" LightStyle2="0" Off="0" On="0" ResetBrightness="0"/>
  </Node>
  <Node Id="32" Class="entity:ArkLight" pos="-328.45016,-419.10101,0" EntityGUID="{49899DEF-3D08-49BA-BD7A-8521A1DFC1C1}" EntityGUID_64="49BA3D0849899DEF">
   <Inputs entityId="0" Brightness="0" DiffuseColor1="0,0,0" DiffuseColor2="0,0,0" LightStyle1="0" LightStyle2="0" Off="0" On="0" ResetBrightness="0"/>
  </Node>
  <Node Id="34" Class="entity:ArkLight" pos="-328.45016,-394.10101,0" EntityGUID="{319DADF6-8441-46C2-801A-99C5A5DF14A7}" EntityGUID_64="46C28441319DADF6">
   <Inputs entityId="0" Brightness="0" DiffuseColor1="0,0,0" DiffuseColor2="0,0,0" LightStyle1="0" LightStyle2="0" Off="0" On="0" ResetBrightness="0"/>
  </Node>
  <Node Id="36" Class="entity:ArkLight" pos="-328.45016,-369.10101,0" EntityGUID="{AC2E0F8D-2248-4275-9394-8F1C55CD2003}" EntityGUID_64="42752248AC2E0F8D">
   <Inputs entityId="0" Brightness="0" DiffuseColor1="0,0,0" DiffuseColor2="0,0,0" LightStyle1="0" LightStyle2="0" Off="0" On="0" ResetBrightness="0"/>
  </Node>
  <Node Id="38" Class="entity:ArkLight" pos="-328.45016,-344.10101,0" EntityGUID="{25D2CF70-BEBC-461C-AEE5-C6740336DB51}" EntityGUID_64="461CBEBC25D2CF70">
   <Inputs entityId="0" Brightness="0" DiffuseColor1="0,0,0" DiffuseColor2="0,0,0" LightStyle1="0" LightStyle2="0" Off="0" On="0" ResetBrightness="0"/>
  </Node>
  <Node Id="40" Class="entity:ArkLight" pos="-328.45016,-319.10101,0" EntityGUID="{59C8AC07-96CC-4D70-8D2E-A70146EA74A8}" EntityGUID_64="4D7096CC59C8AC07">
   <Inputs entityId="0" Brightness="0" DiffuseColor1="0,0,0" DiffuseColor2="0,0,0" LightStyle1="0" LightStyle2="0" Off="0" On="0" ResetBrightness="0"/>
  </Node>
  <Node Id="42" Class="entity:ArkLight" pos="-328.45016,-294.10101,0" EntityGUID="{5687E918-EB42-4AD1-B86F-F68A8BF0A7C4}" EntityGUID_64="4AD1EB425687E918">
   <Inputs entityId="0" Brightness="0" DiffuseColor1="0,0,0" DiffuseColor2="0,0,0" LightStyle1="0" LightStyle2="0" Off="0" On="0" ResetBrightness="0"/>
  </Node>
  <Node Id="44" Class="entity:ArkLight" pos="-328.45016,-269.10101,0" EntityGUID="{26316A63-FA75-4B1A-BC84-80F97C35A40D}" EntityGUID_64="4B1AFA7526316A63">
   <Inputs entityId="0" Brightness="0" DiffuseColor1="0,0,0" DiffuseColor2="0,0,0" LightStyle1="0" LightStyle2="0" Off="0" On="0" ResetBrightness="0"/>
  </Node>
  <Node Id="46" Class="entity:ArkLight" pos="-328.45016,-244.10101,0" EntityGUID="{38713603-29A8-477E-84EC-F93DCA1016E3}" EntityGUID_64="477E29A838713603">
   <Inputs entityId="0" Brightness="0" DiffuseColor1="0,0,0" DiffuseColor2="0,0,0" LightStyle1="0" LightStyle2="0" Off="0" On="0" ResetBrightness="0"/>
  </Node>
  <Node Id="48" Class="entity:ArkLight" pos="-328.45016,-219.10101,0" EntityGUID="{41001724-B496-4CE2-B2ED-1C2F26A7CF6E}" EntityGUID_64="4CE2B49641001724">
   <Inputs entityId="0" Brightness="0" DiffuseColor1="0,0,0" DiffuseColor2="0,0,0" LightStyle1="0" LightStyle2="0" Off="0" On="0" ResetBrightness="0"/>
  </Node>
  <Node Id="50" Class="entity:ArkLight" pos="-328.45016,-194.10101,0" EntityGUID="{C81BA33A-5846-4948-BB76-D2B9CC6D7526}" EntityGUID_64="49485846C81BA33A">
   <Inputs entityId="0" Brightness="0" DiffuseColor1="0,0,0" DiffuseColor2="0,0,0" LightStyle1="0" LightStyle2="0" Off="0" On="0" ResetBrightness="0"/>
  </Node>
  <Node Id="52" Class="entity:ArkLight" pos="-328.45016,-169.10101,0" EntityGUID="{10AE3775-85C7-4F50-8AD0-C90399BE6FAB}" EntityGUID_64="4F5085C710AE3775">
   <Inputs entityId="0" Brightness="0" DiffuseColor1="0,0,0" DiffuseColor2="0,0,0" LightStyle1="0" LightStyle2="0" Off="0" On="0" ResetBrightness="0"/>
  </Node>
  <Node Id="54" Class="entity:ArkLight" pos="-328.45016,-144.10101,0" EntityGUID="{8CC22C14-0F34-4922-87FB-B47F4DED891E}" EntityGUID_64="49220F348CC22C14">
   <Inputs entityId="0" Brightness="0" DiffuseColor1="0,0,0" DiffuseColor2="0,0,0" LightStyle1="0" LightStyle2="0" Off="0" On="0" ResetBrightness="0"/>
  </Node>
  <Node Id="56" Class="entity:ArkLight" pos="-328.45016,-119.10101,0" EntityGUID="{F4B3FDEB-8722-488C-87B0-F06D50182CE2}" EntityGUID_64="488C8722F4B3FDEB">
   <Inputs entityId="0" Brightness="0" DiffuseColor1="0,0,0" DiffuseColor2="0,0,0" LightStyle1="0" LightStyle2="0" Off="0" On="0" ResetBrightness="0"/>
  </Node>
  <Node Id="58" Class="entity:ArkLight" pos="-328.45016,-94.101013,0" EntityGUID="{A74124CE-D7F7-470A-93D9-21A3DFAF277A}" EntityGUID_64="470AD7F7A74124CE">
   <Inputs entityId="0" Brightness="0" DiffuseColor1="0,0,0" DiffuseColor2="0,0,0" LightStyle1="0" LightStyle2="0" Off="0" On="0" ResetBrightness="0"/>
  </Node>
  <Node Id="60" Class="entity:ArkLight" pos="-328.45016,-69.101013,0" EntityGUID="{B17EC477-FBF9-43B9-ABB3-00A72A9F97E5}" EntityGUID_64="43B9FBF9B17EC477">
   <Inputs entityId="0" Brightness="0" DiffuseColor1="0,0,0" DiffuseColor2="0,0,0" LightStyle1="0" LightStyle2="0" Off="0" On="0" ResetBrightness="0"/>
  </Node>
  <Node Id="64" Class="entity:ArkLight" pos="-328.45016,-19.101013,0" EntityGUID="{F541131A-64DE-479E-9CF5-D300E1E453F7}" EntityGUID_64="479E64DEF541131A">
   <Inputs entityId="0" Brightness="0" DiffuseColor1="0,0,0" DiffuseColor2="0,0,0" LightStyle1="0" LightStyle2="0" Off="0" On="0" ResetBrightness="0"/>
  </Node>
  <Node Id="66" Class="entity:ArkLight" pos="-328.45016,5.8989868,0" EntityGUID="{D4F426C4-7FB6-4A4E-B884-7ADEA0962DB2}" EntityGUID_64="4A4E7FB6D4F426C4">
   <Inputs entityId="0" Brightness="0" DiffuseColor1="0,0,0" DiffuseColor2="0,0,0" LightStyle1="0" LightStyle2="0" Off="0" On="0" ResetBrightness="0"/>
  </Node>
  <Node Id="68" Class="entity:ArkLight" pos="-328.45016,30.898987,0" EntityGUID="{E73E66BB-1C55-45F5-8989-0B86D5140A73}" EntityGUID_64="45F51C55E73E66BB">
   <Inputs entityId="0" Brightness="0" DiffuseColor1="0,0,0" DiffuseColor2="0,0,0" LightStyle1="0" LightStyle2="0" Off="0" On="0" ResetBrightness="0"/>
  </Node>
  <Node Id="70" Class="entity:ArkLight" pos="-328.45016,55.898987,0" EntityGUID="{EEB7B80B-E115-4718-B34F-CBEFAB746FDA}" EntityGUID_64="4718E115EEB7B80B">
   <Inputs entityId="0" Brightness="0" DiffuseColor1="0,0,0" DiffuseColor2="0,0,0" LightStyle1="0" LightStyle2="0" Off="0" On="0" ResetBrightness="0"/>
  </Node>
  <Node Id="72" Class="entity:ArkLight" pos="-328.45016,80.898987,0" EntityGUID="{324D8A5D-A3DD-47E7-8678-49DEC680192A}" EntityGUID_64="47E7A3DD324D8A5D">
   <Inputs entityId="0" Brightness="0" DiffuseColor1="0,0,0" DiffuseColor2="0,0,0" LightStyle1="0" LightStyle2="0" Off="0" On="0" ResetBrightness="0"/>
  </Node>
 </Nodes>
 <Edges />
 <GraphTokens />
</Graph>
