<Graph isModule="1" moduleName="KaraokeOffEnvProbes" isObjectList="1" objectListClass="EnvironmentLight" Description="" Group="" enabled="1" MultiPlayer="ClientServer">
 <Nodes>
  <Node Id="20" Class="entity:EnvironmentLight" pos="-23828.215,-28719.859,0" EntityGUID="{30C8C03B-343B-4236-A3AF-AA5675CE2DE4}" EntityGUID_64="4236343B30C8C03B">
   <Inputs entityId="0" Active="0" Disable="0" Enable="0"/>
  </Node>
  <Node Id="22" Class="entity:EnvironmentLight" pos="-23828.215,-28694.859,0" EntityGUID="{4008A454-7531-42AB-B258-D9022DA01B55}" EntityGUID_64="42AB75314008A454">
   <Inputs entityId="0" Active="0" Disable="0" Enable="0"/>
  </Node>
 </Nodes>
 <Edges />
 <GraphTokens />
</Graph>
