<Graph isModule="1" moduleName="KaraokeArkLights" isObjectList="1" objectListClass="ArkLight" Description="" Group="" enabled="1" MultiPlayer="ClientServer">
 <Nodes>
  <Node Id="76" Class="entity:ArkLight" pos="-50,-120,0" EntityGUID="{BC887407-E64B-465E-8232-BAE7D729FF2F}" EntityGUID_64="465EE64BBC887407">
   <Inputs entityId="0" Brightness="0" DiffuseColor1="0,0,0" DiffuseColor2="0,0,0" LightStyle1="0" LightStyle2="0" Off="0" On="0" ResetBrightness="0"/>
  </Node>
  <Node Id="78" Class="entity:ArkLight" pos="-50,-90,0" EntityGUID="{09279CD9-B7B6-4F55-9C09-864A87840B0B}" EntityGUID_64="4F55B7B609279CD9">
   <Inputs entityId="0" Brightness="0" DiffuseColor1="0,0,0" DiffuseColor2="0,0,0" LightStyle1="0" LightStyle2="0" Off="0" On="0" ResetBrightness="0"/>
  </Node>
  <Node Id="80" Class="entity:ArkLight" pos="-50,-70,0" EntityGUID="{6713AC56-F470-49A9-81E7-07045AFAFD8C}" EntityGUID_64="49A9F4706713AC56">
   <Inputs entityId="0" Brightness="0" DiffuseColor1="0,0,0" DiffuseColor2="0,0,0" LightStyle1="0" LightStyle2="0" Off="0" On="0" ResetBrightness="0"/>
  </Node>
  <Node Id="82" Class="entity:ArkLight" pos="-50,-40,0" EntityGUID="{6FE5C42D-8768-48EE-8FF2-2054191C7463}" EntityGUID_64="48EE87686FE5C42D">
   <Inputs entityId="0" Brightness="0" DiffuseColor1="0,0,0" DiffuseColor2="0,0,0" LightStyle1="0" LightStyle2="0" Off="0" On="0" ResetBrightness="0"/>
  </Node>
  <Node Id="84" Class="entity:ArkLight" pos="-50,-20,0" EntityGUID="{9563F9E4-2FBF-4A14-88D5-82ED67B50712}" EntityGUID_64="4A142FBF9563F9E4">
   <Inputs entityId="0" Brightness="0" DiffuseColor1="0,0,0" DiffuseColor2="0,0,0" LightStyle1="0" LightStyle2="0" Off="0" On="0" ResetBrightness="0"/>
  </Node>
  <Node Id="86" Class="entity:ArkLight" pos="-50,10,0" EntityGUID="{62047DEC-FFCB-421B-BF48-4B144C1AA368}" EntityGUID_64="421BFFCB62047DEC">
   <Inputs entityId="0" Brightness="0" DiffuseColor1="0,0,0" DiffuseColor2="0,0,0" LightStyle1="0" LightStyle2="0" Off="0" On="0" ResetBrightness="0"/>
  </Node>
  <Node Id="88" Class="entity:ArkLight" pos="-50,30,0" EntityGUID="{86736CE3-7759-4AFA-8A2C-4FB20732D89A}" EntityGUID_64="4AFA775986736CE3">
   <Inputs entityId="0" Brightness="0" DiffuseColor1="0,0,0" DiffuseColor2="0,0,0" LightStyle1="0" LightStyle2="0" Off="0" On="0" ResetBrightness="0"/>
  </Node>
  <Node Id="90" Class="entity:ArkLight" pos="-50,60,0" EntityGUID="{17B5735D-5023-4FE2-B4EE-92EFB402A550}" EntityGUID_64="4FE2502317B5735D">
   <Inputs entityId="0" Brightness="0" DiffuseColor1="0,0,0" DiffuseColor2="0,0,0" LightStyle1="0" LightStyle2="0" Off="0" On="0" ResetBrightness="0"/>
  </Node>
  <Node Id="92" Class="entity:ArkLight" pos="-50,80,0" EntityGUID="{324D8A5D-A3DD-47E7-8678-49DEC680192A}" EntityGUID_64="47E7A3DD324D8A5D">
   <Inputs entityId="0" Brightness="0" DiffuseColor1="0,0,0" DiffuseColor2="0,0,0" LightStyle1="0" LightStyle2="0" Off="0" On="0" ResetBrightness="0"/>
  </Node>
  <Node Id="96" Class="entity:ArkLight" pos="-50,130,0" EntityGUID="{E4DC54FA-EDB7-4F80-9965-A7CD68606CF0}" EntityGUID_64="4F80EDB7E4DC54FA">
   <Inputs entityId="0" Brightness="0" DiffuseColor1="0,0,0" DiffuseColor2="0,0,0" LightStyle1="0" LightStyle2="0" Off="0" On="0" ResetBrightness="0"/>
  </Node>
  <Node Id="98" Class="entity:ArkLight" pos="-50,160,0" EntityGUID="{8FB1F080-4387-4D5B-828C-4E469EC2826D}" EntityGUID_64="4D5B43878FB1F080">
   <Inputs entityId="0" Brightness="0" DiffuseColor1="0,0,0" DiffuseColor2="0,0,0" LightStyle1="0" LightStyle2="0" Off="0" On="0" ResetBrightness="0"/>
  </Node>
  <Node Id="100" Class="entity:ArkLight" pos="-50,180,0" EntityGUID="{22F419C0-9827-4C89-8946-DF60193E69FE}" EntityGUID_64="4C89982722F419C0">
   <Inputs entityId="0" Brightness="0" DiffuseColor1="0,0,0" DiffuseColor2="0,0,0" LightStyle1="0" LightStyle2="0" Off="0" On="0" ResetBrightness="0"/>
  </Node>
  <Node Id="102" Class="entity:ArkLight" pos="-50,210,0" EntityGUID="{82AE9C1C-B9D6-443A-91DC-6771DFB5520D}" EntityGUID_64="443AB9D682AE9C1C">
   <Inputs entityId="0" Brightness="0" DiffuseColor1="0,0,0" DiffuseColor2="0,0,0" LightStyle1="0" LightStyle2="0" Off="0" On="0" ResetBrightness="0"/>
  </Node>
  <Node Id="104" Class="entity:ArkLight" pos="-50,230,0" EntityGUID="{BE0B7127-64B2-44C1-9FAA-873766C15052}" EntityGUID_64="44C164B2BE0B7127">
   <Inputs entityId="0" Brightness="0" DiffuseColor1="0,0,0" DiffuseColor2="0,0,0" LightStyle1="0" LightStyle2="0" Off="0" On="0" ResetBrightness="0"/>
  </Node>
  <Node Id="106" Class="entity:ArkLight" pos="-50,260,0" EntityGUID="{27A8BA84-5702-4A19-A2F7-A2A325492F2B}" EntityGUID_64="4A19570227A8BA84">
   <Inputs entityId="0" Brightness="0" DiffuseColor1="0,0,0" DiffuseColor2="0,0,0" LightStyle1="0" LightStyle2="0" Off="0" On="0" ResetBrightness="0"/>
  </Node>
  <Node Id="108" Class="entity:ArkLight" pos="-50,280,0" EntityGUID="{49899DEF-3D08-49BA-BD7A-8521A1DFC1C1}" EntityGUID_64="49BA3D0849899DEF">
   <Inputs entityId="0" Brightness="0" DiffuseColor1="0,0,0" DiffuseColor2="0,0,0" LightStyle1="0" LightStyle2="0" Off="0" On="0" ResetBrightness="0"/>
  </Node>
  <Node Id="110" Class="entity:ArkLight" pos="-50,310,0" EntityGUID="{319DADF6-8441-46C2-801A-99C5A5DF14A7}" EntityGUID_64="46C28441319DADF6">
   <Inputs entityId="0" Brightness="0" DiffuseColor1="0,0,0" DiffuseColor2="0,0,0" LightStyle1="0" LightStyle2="0" Off="0" On="0" ResetBrightness="0"/>
  </Node>
  <Node Id="112" Class="entity:ArkLight" pos="-50,330,0" EntityGUID="{AC2E0F8D-2248-4275-9394-8F1C55CD2003}" EntityGUID_64="42752248AC2E0F8D">
   <Inputs entityId="0" Brightness="0" DiffuseColor1="0,0,0" DiffuseColor2="0,0,0" LightStyle1="0" LightStyle2="0" Off="0" On="0" ResetBrightness="0"/>
  </Node>
  <Node Id="114" Class="entity:ArkLight" pos="-50,360,0" EntityGUID="{25D2CF70-BEBC-461C-AEE5-C6740336DB51}" EntityGUID_64="461CBEBC25D2CF70">
   <Inputs entityId="0" Brightness="0" DiffuseColor1="0,0,0" DiffuseColor2="0,0,0" LightStyle1="0" LightStyle2="0" Off="0" On="0" ResetBrightness="0"/>
  </Node>
  <Node Id="116" Class="entity:ArkLight" pos="-50,380,0" EntityGUID="{59C8AC07-96CC-4D70-8D2E-A70146EA74A8}" EntityGUID_64="4D7096CC59C8AC07">
   <Inputs entityId="0" Brightness="0" DiffuseColor1="0,0,0" DiffuseColor2="0,0,0" LightStyle1="0" LightStyle2="0" Off="0" On="0" ResetBrightness="0"/>
  </Node>
  <Node Id="118" Class="entity:ArkLight" pos="430,-130,0" EntityGUID="{5687E918-EB42-4AD1-B86F-F68A8BF0A7C4}" EntityGUID_64="4AD1EB425687E918">
   <Inputs entityId="0" Brightness="0" DiffuseColor1="0,0,0" DiffuseColor2="0,0,0" LightStyle1="0" LightStyle2="0" Off="0" On="0" ResetBrightness="0"/>
  </Node>
  <Node Id="120" Class="entity:ArkLight" pos="430,-100,0" EntityGUID="{26316A63-FA75-4B1A-BC84-80F97C35A40D}" EntityGUID_64="4B1AFA7526316A63">
   <Inputs entityId="0" Brightness="0" DiffuseColor1="0,0,0" DiffuseColor2="0,0,0" LightStyle1="0" LightStyle2="0" Off="0" On="0" ResetBrightness="0"/>
  </Node>
  <Node Id="122" Class="entity:ArkLight" pos="430,-80,0" EntityGUID="{38713603-29A8-477E-84EC-F93DCA1016E3}" EntityGUID_64="477E29A838713603">
   <Inputs entityId="0" Brightness="0" DiffuseColor1="0,0,0" DiffuseColor2="0,0,0" LightStyle1="0" LightStyle2="0" Off="0" On="0" ResetBrightness="0"/>
  </Node>
  <Node Id="124" Class="entity:ArkLight" pos="430,-50,0" EntityGUID="{41001724-B496-4CE2-B2ED-1C2F26A7CF6E}" EntityGUID_64="4CE2B49641001724">
   <Inputs entityId="0" Brightness="0" DiffuseColor1="0,0,0" DiffuseColor2="0,0,0" LightStyle1="0" LightStyle2="0" Off="0" On="0" ResetBrightness="0"/>
  </Node>
  <Node Id="126" Class="entity:ArkLight" pos="-60,-420,0" EntityGUID="{C81BA33A-5846-4948-BB76-D2B9CC6D7526}" EntityGUID_64="49485846C81BA33A">
   <Inputs entityId="0" Brightness="0" DiffuseColor1="0,0,0" DiffuseColor2="0,0,0" LightStyle1="0" LightStyle2="0" Off="0" On="0" ResetBrightness="0"/>
  </Node>
  <Node Id="128" Class="entity:ArkLight" pos="-560,-130,0" EntityGUID="{321ED0CA-F4A9-4070-A0F7-E1E79ABDA1FB}" EntityGUID_64="4070F4A9321ED0CA">
   <Inputs entityId="0" Brightness="0" DiffuseColor1="0,0,0" DiffuseColor2="0,0,0" LightStyle1="0" LightStyle2="0" Off="0" On="0" ResetBrightness="0"/>
  </Node>
  <Node Id="130" Class="entity:ArkLight" pos="-550,80,0" EntityGUID="{42CF2CF6-DA87-4892-AEF5-97D04AC086D5}" EntityGUID_64="4892DA8742CF2CF6">
   <Inputs entityId="0" Brightness="0" DiffuseColor1="0,0,0" DiffuseColor2="0,0,0" LightStyle1="0" LightStyle2="0" Off="0" On="0" ResetBrightness="0"/>
  </Node>
  <Node Id="132" Class="entity:ArkLight" pos="-550,-340,0" EntityGUID="{5892C937-C2F3-4CC3-B756-D94A4E87FE05}" EntityGUID_64="4CC3C2F35892C937">
   <Inputs entityId="0" Brightness="0" DiffuseColor1="0,0,0" DiffuseColor2="0,0,0" LightStyle1="0" LightStyle2="0" Off="0" On="0" ResetBrightness="0"/>
  </Node>
  <Node Id="134" Class="entity:ArkLight" pos="-540,-550,0" EntityGUID="{399C98A4-E03A-4C14-A634-E0CDE0B69627}" EntityGUID_64="4C14E03A399C98A4">
   <Inputs entityId="0" Brightness="0" DiffuseColor1="0,0,0" DiffuseColor2="0,0,0" LightStyle1="0" LightStyle2="0" Off="0" On="0" ResetBrightness="0"/>
  </Node>
  <Node Id="136" Class="entity:ArkLight" pos="-840,-440,0" EntityGUID="{10AE3775-85C7-4F50-8AD0-C90399BE6FAB}" EntityGUID_64="4F5085C710AE3775">
   <Inputs entityId="0" Brightness="0" DiffuseColor1="0,0,0" DiffuseColor2="0,0,0" LightStyle1="0" LightStyle2="0" Off="0" On="0" ResetBrightness="0"/>
  </Node>
  <Node Id="138" Class="entity:ArkLight" pos="-1140,-240,0" EntityGUID="{8CC22C14-0F34-4922-87FB-B47F4DED891E}" EntityGUID_64="49220F348CC22C14">
   <Inputs entityId="0" Brightness="0" DiffuseColor1="0,0,0" DiffuseColor2="0,0,0" LightStyle1="0" LightStyle2="0" Off="0" On="0" ResetBrightness="0"/>
  </Node>
  <Node Id="140" Class="entity:ArkLight" pos="-720,400,0" EntityGUID="{F4B3FDEB-8722-488C-87B0-F06D50182CE2}" EntityGUID_64="488C8722F4B3FDEB">
   <Inputs entityId="0" Brightness="0" DiffuseColor1="0,0,0" DiffuseColor2="0,0,0" LightStyle1="0" LightStyle2="0" Off="0" On="0" ResetBrightness="0"/>
  </Node>
  <Node Id="142" Class="entity:ArkLight" pos="-910,410,0" EntityGUID="{A74124CE-D7F7-470A-93D9-21A3DFAF277A}" EntityGUID_64="470AD7F7A74124CE">
   <Inputs entityId="0" Brightness="0" DiffuseColor1="0,0,0" DiffuseColor2="0,0,0" LightStyle1="0" LightStyle2="0" Off="0" On="0" ResetBrightness="0"/>
  </Node>
  <Node Id="144" Class="entity:ArkLight" pos="-900,830,0" EntityGUID="{B3F5E635-0493-41E3-B658-33AF27230F59}" EntityGUID_64="41E30493B3F5E635">
   <Inputs entityId="0" Brightness="0" DiffuseColor1="0,0,0" DiffuseColor2="0,0,0" LightStyle1="0" LightStyle2="0" Off="0" On="0" ResetBrightness="0"/>
  </Node>
  <Node Id="146" Class="entity:ArkLight" pos="-670,840,0" EntityGUID="{0057FE45-7A28-43B8-A896-6AC5C60EFCAD}" EntityGUID_64="43B87A280057FE45">
   <Inputs entityId="0" Brightness="0" DiffuseColor1="0,0,0" DiffuseColor2="0,0,0" LightStyle1="0" LightStyle2="0" Off="0" On="0" ResetBrightness="0"/>
  </Node>
  <Node Id="148" Class="entity:ArkLight" pos="-790,1230,0" EntityGUID="{A4D965FB-BDF2-4B3D-8159-EADC2F3C37F4}" EntityGUID_64="4B3DBDF2A4D965FB">
   <Inputs entityId="0" Brightness="0" DiffuseColor1="0,0,0" DiffuseColor2="0,0,0" LightStyle1="0" LightStyle2="0" Off="0" On="0" ResetBrightness="0"/>
  </Node>
  <Node Id="150" Class="entity:ArkLight" pos="-560,1230,0" EntityGUID="{559B1C11-D492-45B4-99E4-64827942F950}" EntityGUID_64="45B4D492559B1C11">
   <Inputs entityId="0" Brightness="0" DiffuseColor1="0,0,0" DiffuseColor2="0,0,0" LightStyle1="0" LightStyle2="0" Off="0" On="0" ResetBrightness="0"/>
  </Node>
  <Node Id="152" Class="entity:ArkLight" pos="-570,1560,0" EntityGUID="{5892C937-C2F3-4CC3-B756-D94A4E87FE05}" EntityGUID_64="4CC3C2F35892C937">
   <Inputs entityId="0" Brightness="0" DiffuseColor1="0,0,0" DiffuseColor2="0,0,0" LightStyle1="0" LightStyle2="0" Off="0" On="0" ResetBrightness="0"/>
  </Node>
  <Node Id="154" Class="entity:ArkLight" pos="-520,1900,0" EntityGUID="{B17EC477-FBF9-43B9-ABB3-00A72A9F97E5}" EntityGUID_64="43B9FBF9B17EC477">
   <Inputs entityId="0" Brightness="0" DiffuseColor1="0,0,0" DiffuseColor2="0,0,0" LightStyle1="0" LightStyle2="0" Off="0" On="0" ResetBrightness="0"/>
  </Node>
  <Node Id="156" Class="entity:ArkLight" pos="-530,2230,0" EntityGUID="{03FF012E-E57F-4769-9DCA-7E9033D70624}" EntityGUID_64="4769E57F03FF012E">
   <Inputs entityId="0" Brightness="0" DiffuseColor1="0,0,0" DiffuseColor2="0,0,0" LightStyle1="0" LightStyle2="0" Off="0" On="0" ResetBrightness="0"/>
  </Node>
  <Node Id="158" Class="entity:ArkLight" pos="480,290,0" EntityGUID="{F541131A-64DE-479E-9CF5-D300E1E453F7}" EntityGUID_64="479E64DEF541131A">
   <Inputs entityId="0" Brightness="0" DiffuseColor1="0,0,0" DiffuseColor2="0,0,0" LightStyle1="0" LightStyle2="0" Off="0" On="0" ResetBrightness="0"/>
  </Node>
  <Node Id="160" Class="entity:ArkLight" pos="310,920,0" EntityGUID="{E7FA8FF8-EAC1-4B8A-B93F-EF07FE0C8637}" EntityGUID_64="4B8AEAC1E7FA8FF8">
   <Inputs entityId="0" Brightness="0" DiffuseColor1="0,0,0" DiffuseColor2="0,0,0" LightStyle1="0" LightStyle2="0" Off="0" On="0" ResetBrightness="0"/>
  </Node>
  <Node Id="162" Class="entity:ArkLight" pos="310,940,0" EntityGUID="{B4C80F04-6732-47D2-8CFD-C56F0512BD35}" EntityGUID_64="47D26732B4C80F04">
   <Inputs entityId="0" Brightness="0" DiffuseColor1="0,0,0" DiffuseColor2="0,0,0" LightStyle1="0" LightStyle2="0" Off="0" On="0" ResetBrightness="0"/>
  </Node>
  <Node Id="164" Class="entity:ArkLight" pos="800,890,0" EntityGUID="{D4F426C4-7FB6-4A4E-B884-7ADEA0962DB2}" EntityGUID_64="4A4E7FB6D4F426C4">
   <Inputs entityId="0" Brightness="0" DiffuseColor1="0,0,0" DiffuseColor2="0,0,0" LightStyle1="0" LightStyle2="0" Off="0" On="0" ResetBrightness="0"/>
  </Node>
  <Node Id="166" Class="entity:ArkLight" pos="800,920,0" EntityGUID="{E73E66BB-1C55-45F5-8989-0B86D5140A73}" EntityGUID_64="45F51C55E73E66BB">
   <Inputs entityId="0" Brightness="0" DiffuseColor1="0,0,0" DiffuseColor2="0,0,0" LightStyle1="0" LightStyle2="0" Off="0" On="0" ResetBrightness="0"/>
  </Node>
  <Node Id="168" Class="entity:ArkLight" pos="800,940,0" EntityGUID="{EEB7B80B-E115-4718-B34F-CBEFAB746FDA}" EntityGUID_64="4718E115EEB7B80B">
   <Inputs entityId="0" Brightness="0" DiffuseColor1="0,0,0" DiffuseColor2="0,0,0" LightStyle1="0" LightStyle2="0" Off="0" On="0" ResetBrightness="0"/>
  </Node>
  <Node Id="170" Class="entity:ArkLight" pos="74.152077,1189.1298,0" EntityGUID="{9F448E5F-DF5E-4F64-AE5B-2D6F13306B8E}" EntityGUID_64="4F64DF5E9F448E5F">
   <Inputs entityId="0" Brightness="0" DiffuseColor1="0,0,0" DiffuseColor2="0,0,0" LightStyle1="0" LightStyle2="0" Off="0" On="0" ResetBrightness="0"/>
  </Node>
  <Node Id="172" Class="entity:ArkLight" pos="-103.81291,1189.1298,0" EntityGUID="{A2781E26-ACA2-49DB-AD6D-9E474E5B2629}" EntityGUID_64="49DBACA2A2781E26">
   <Inputs entityId="0" Brightness="0" DiffuseColor1="0,0,0" DiffuseColor2="0,0,0" LightStyle1="0" LightStyle2="0" Off="0" On="0" ResetBrightness="0"/>
  </Node>
 </Nodes>
 <Edges />
 <GraphTokens />
</Graph>
