<Graph isModule="1" moduleName="KaraokeLights" isObjectList="1" objectListClass="Light" Description="" Group="" enabled="1" MultiPlayer="ClientServer">
 <Nodes>
  <Node Id="70" Class="entity:Light" pos="-430.65942,-100.32407,0">
   <Inputs entityId="0" Active="0" DiffuseColor="0,0,0" DiffuseMultiplier="0" Disable="0" Enable="0" Radius="0" SpecularMultiplier="0"/>
  </Node>
  <Node Id="72" Class="entity:Light" pos="-430.65942,-75.324066,0">
   <Inputs entityId="0" Active="0" DiffuseColor="0,0,0" DiffuseMultiplier="0" Disable="0" Enable="0" Radius="0" SpecularMultiplier="0"/>
  </Node>
  <Node Id="74" Class="entity:Light" pos="-430.65942,-50.324066,0">
   <Inputs entityId="0" Active="0" DiffuseColor="0,0,0" DiffuseMultiplier="0" Disable="0" Enable="0" Radius="0" SpecularMultiplier="0"/>
  </Node>
  <Node Id="76" Class="entity:Light" pos="-464.91641,450.23483,0">
   <Inputs entityId="0" Active="0" DiffuseColor="0,0,0" DiffuseMultiplier="0" Disable="0" Enable="0" Radius="0" SpecularMultiplier="0"/>
  </Node>
  <Node Id="78" Class="entity:Light" pos="-464.91641,475.23483,0">
   <Inputs entityId="0" Active="0" DiffuseColor="0,0,0" DiffuseMultiplier="0" Disable="0" Enable="0" Radius="0" SpecularMultiplier="0"/>
  </Node>
  <Node Id="80" Class="entity:Light" pos="-464.91641,500.23483,0">
   <Inputs entityId="0" Active="0" DiffuseColor="0,0,0" DiffuseMultiplier="0" Disable="0" Enable="0" Radius="0" SpecularMultiplier="0"/>
  </Node>
  <Node Id="82" Class="entity:Light" pos="-159.05035,261.82135,0">
   <Inputs entityId="0" Active="0" DiffuseColor="0,0,0" DiffuseMultiplier="0" Disable="0" Enable="0" Radius="0" SpecularMultiplier="0"/>
  </Node>
  <Node Id="87" Class="entity:Light" pos="-778.12329,188.4135,0">
   <Inputs entityId="0" Active="0" DiffuseColor="0,0,0" DiffuseMultiplier="0" Disable="0" Enable="0" Radius="0" SpecularMultiplier="0"/>
  </Node>
  <Node Id="93" Class="entity:Light" pos="-900.46967,45.106144,0">
   <Inputs entityId="0" Active="0" DiffuseColor="0,0,0" DiffuseMultiplier="0" Disable="0" Enable="0" Radius="0" SpecularMultiplier="0"/>
  </Node>
  <Node Id="98" Class="entity:Light" pos="-1130.481,337.67615,0">
   <Inputs entityId="0" Active="0" DiffuseColor="0,0,0" DiffuseMultiplier="0" Disable="0" Enable="0" Radius="0" SpecularMultiplier="0"/>
  </Node>
  <Node Id="100" Class="entity:Light" pos="-1130.481,362.67615,0">
   <Inputs entityId="0" Active="0" DiffuseColor="0,0,0" DiffuseMultiplier="0" Disable="0" Enable="0" Radius="0" SpecularMultiplier="0"/>
  </Node>
  <Node Id="102" Class="entity:Light" pos="-1005.6876,-46.491642,0">
   <Inputs entityId="0" Active="0" DiffuseColor="0,0,0" DiffuseMultiplier="0" Disable="0" Enable="0" Radius="0" SpecularMultiplier="0"/>
  </Node>
  <Node Id="117" Class="entity:Light" pos="-61.173214,-171.28499,0">
   <Inputs entityId="0" Active="0" DiffuseColor="0,0,0" DiffuseMultiplier="0" Disable="0" Enable="0" Radius="0" SpecularMultiplier="0"/>
  </Node>
  <Node Id="120" Class="entity:Light" pos="181.07271,-396.4024,0">
   <Inputs entityId="0" Active="0" DiffuseColor="0,0,0" DiffuseMultiplier="0" Disable="0" Enable="0" Radius="0" SpecularMultiplier="0"/>
  </Node>
  <Node Id="124" Class="entity:Light" pos="-720,-420,0">
   <Inputs entityId="0" Active="0" DiffuseColor="0,0,0" DiffuseMultiplier="0" Disable="0" Enable="0" Radius="0" SpecularMultiplier="0"/>
  </Node>
  <Node Id="126" Class="entity:Light" pos="-578.65234,300.86844,0">
   <Inputs entityId="0" Active="0" DiffuseColor="0,0,0" DiffuseMultiplier="0" Disable="0" Enable="0" Radius="0" SpecularMultiplier="0"/>
  </Node>
  <Node Id="128" Class="entity:Light" pos="-578.65234,325.86844,0">
   <Inputs entityId="0" Active="0" DiffuseColor="0,0,0" DiffuseMultiplier="0" Disable="0" Enable="0" Radius="0" SpecularMultiplier="0"/>
  </Node>
  <Node Id="130" Class="entity:Light" pos="-578.65234,350.86844,0">
   <Inputs entityId="0" Active="0" DiffuseColor="0,0,0" DiffuseMultiplier="0" Disable="0" Enable="0" Radius="0" SpecularMultiplier="0"/>
  </Node>
  <Node Id="132" Class="entity:Light" pos="-578.65234,375.86844,0">
   <Inputs entityId="0" Active="0" DiffuseColor="0,0,0" DiffuseMultiplier="0" Disable="0" Enable="0" Radius="0" SpecularMultiplier="0"/>
  </Node>
  <Node Id="134" Class="entity:Light" pos="-578.65234,400.86844,0">
   <Inputs entityId="0" Active="0" DiffuseColor="0,0,0" DiffuseMultiplier="0" Disable="0" Enable="0" Radius="0" SpecularMultiplier="0"/>
  </Node>
  <Node Id="136" Class="entity:Light" pos="-578.65234,425.86844,0">
   <Inputs entityId="0" Active="0" DiffuseColor="0,0,0" DiffuseMultiplier="0" Disable="0" Enable="0" Radius="0" SpecularMultiplier="0"/>
  </Node>
  <Node Id="138" Class="entity:Light" pos="-752.63745,486.3075,0">
   <Inputs entityId="0" Active="0" DiffuseColor="0,0,0" DiffuseMultiplier="0" Disable="0" Enable="0" Radius="0" SpecularMultiplier="0"/>
  </Node>
  <Node Id="140" Class="entity:Light" pos="-752.63745,511.3075,0">
   <Inputs entityId="0" Active="0" DiffuseColor="0,0,0" DiffuseMultiplier="0" Disable="0" Enable="0" Radius="0" SpecularMultiplier="0"/>
  </Node>
  <Node Id="142" Class="entity:Light" pos="-419.36511,-264.30573,0">
   <Inputs entityId="0" Active="0" DiffuseColor="0,0,0" DiffuseMultiplier="0" Disable="0" Enable="0" Radius="0" SpecularMultiplier="0"/>
  </Node>
  <Node Id="144" Class="entity:Light" pos="-112.61205,574.32141,0">
   <Inputs entityId="0" Active="0" DiffuseColor="0,0,0" DiffuseMultiplier="0" Disable="0" Enable="0" Radius="0" SpecularMultiplier="0"/>
  </Node>
  <Node Id="146" Class="entity:Light" pos="-112.61205,599.32141,0">
   <Inputs entityId="0" Active="0" DiffuseColor="0,0,0" DiffuseMultiplier="0" Disable="0" Enable="0" Radius="0" SpecularMultiplier="0"/>
  </Node>
  <Node Id="148" Class="entity:Light" pos="-112.61205,624.32141,0">
   <Inputs entityId="0" Active="0" DiffuseColor="0,0,0" DiffuseMultiplier="0" Disable="0" Enable="0" Radius="0" SpecularMultiplier="0"/>
  </Node>
  <Node Id="150" Class="entity:Light" pos="-112.61205,649.32141,0">
   <Inputs entityId="0" Active="0" DiffuseColor="0,0,0" DiffuseMultiplier="0" Disable="0" Enable="0" Radius="0" SpecularMultiplier="0"/>
  </Node>
  <Node Id="152" Class="entity:Light" pos="-1040,-310,0">
   <Inputs entityId="0" Active="0" DiffuseColor="0,0,0" DiffuseMultiplier="0" Disable="0" Enable="0" Radius="0" SpecularMultiplier="0"/>
  </Node>
  <Node Id="154" Class="entity:Light" pos="-1422.0643,-210.26633,0">
   <Inputs entityId="0" Active="0" DiffuseColor="0,0,0" DiffuseMultiplier="0" Disable="0" Enable="0" Radius="0" SpecularMultiplier="0"/>
  </Node>
  <Node Id="156" Class="entity:Light" pos="-1422.0643,-185.26633,0">
   <Inputs entityId="0" Active="0" DiffuseColor="0,0,0" DiffuseMultiplier="0" Disable="0" Enable="0" Radius="0" SpecularMultiplier="0"/>
  </Node>
  <Node Id="162" Class="entity:Light" pos="-1147.9132,-490.38599,0">
   <Inputs entityId="0" Active="0" DiffuseColor="0,0,0" DiffuseMultiplier="0" Disable="0" Enable="0" Radius="0" SpecularMultiplier="0"/>
  </Node>
  <Node Id="164" Class="entity:Light" pos="-1147.9132,-465.38599,0">
   <Inputs entityId="0" Active="0" DiffuseColor="0,0,0" DiffuseMultiplier="0" Disable="0" Enable="0" Radius="0" SpecularMultiplier="0"/>
  </Node>
  <Node Id="166" Class="entity:Light" pos="-365.76648,-506.44589,0">
   <Inputs entityId="0" Active="0" DiffuseColor="0,0,0" DiffuseMultiplier="0" Disable="0" Enable="0" Radius="0" SpecularMultiplier="0"/>
  </Node>
  <Node Id="168" Class="entity:Light" pos="-365.76648,-481.44589,0">
   <Inputs entityId="0" Active="0" DiffuseColor="0,0,0" DiffuseMultiplier="0" Disable="0" Enable="0" Radius="0" SpecularMultiplier="0"/>
  </Node>
  <Node Id="170" Class="entity:Light" pos="-365.76648,-456.44589,0">
   <Inputs entityId="0" Active="0" DiffuseColor="0,0,0" DiffuseMultiplier="0" Disable="0" Enable="0" Radius="0" SpecularMultiplier="0"/>
  </Node>
  <Node Id="172" Class="entity:Light" pos="-654.1593,-546.89124,0">
   <Inputs entityId="0" Active="0" DiffuseColor="0,0,0" DiffuseMultiplier="0" Disable="0" Enable="0" Radius="0" SpecularMultiplier="0"/>
  </Node>
  <Node Id="174" Class="entity:Light" pos="-47.479301,-499.41193,0">
   <Inputs entityId="0" Active="0" DiffuseColor="0,0,0" DiffuseMultiplier="0" Disable="0" Enable="0" Radius="0" SpecularMultiplier="0"/>
  </Node>
  <Node Id="176" Class="entity:Light" pos="-360,-660,0">
   <Inputs entityId="0" Active="0" DiffuseColor="0,0,0" DiffuseMultiplier="0" Disable="0" Enable="0" Radius="0" SpecularMultiplier="0"/>
  </Node>
  <Node Id="178" Class="entity:Light" pos="-1420,-470,0">
   <Inputs entityId="0" Active="0" DiffuseColor="0,0,0" DiffuseMultiplier="0" Disable="0" Enable="0" Radius="0" SpecularMultiplier="0"/>
  </Node>
 </Nodes>
 <Edges />
 <GraphTokens />
</Graph>
