<Graph isModule="1" moduleName="Light_IntroHall_Flickering" isObjectList="1" objectListClass="Light" Description="" Group="" enabled="1" MultiPlayer="ClientServer">
 <Nodes>
  <Node Id="2" Class="entity:Light" pos="-232,-76,0">
   <Inputs entityId="0" Active="0" DiffuseColor="0,0,0" DiffuseMultiplier="0" Disable="0" Enable="0" Radius="0" SpecularMultiplier="0"/>
  </Node>
  <Node Id="4" Class="entity:Light" pos="-232,-51,0">
   <Inputs entityId="0" Active="0" DiffuseColor="0,0,0" DiffuseMultiplier="0" Disable="0" Enable="0" Radius="0" SpecularMultiplier="0"/>
  </Node>
  <Node Id="6" Class="entity:Light" pos="-232,-26,0">
   <Inputs entityId="0" Active="0" DiffuseColor="0,0,0" DiffuseMultiplier="0" Disable="0" Enable="0" Radius="0" SpecularMultiplier="0"/>
  </Node>
  <Node Id="8" Class="entity:Light" pos="-232,-1,0">
   <Inputs entityId="0" Active="0" DiffuseColor="0,0,0" DiffuseMultiplier="0" Disable="0" Enable="0" Radius="0" SpecularMultiplier="0"/>
  </Node>
  <Node Id="10" Class="entity:Light" pos="-232,24,0">
   <Inputs entityId="0" Active="0" DiffuseColor="0,0,0" DiffuseMultiplier="0" Disable="0" Enable="0" Radius="0" SpecularMultiplier="0"/>
  </Node>
 </Nodes>
 <Edges />
 <GraphTokens />
</Graph>
