<EntitySerialization>
 <Entity id="1"/>
 <Entity id="2"/>
 <Entity id="3"/>
 <Entity id="4"/>
 <Entity id="5"/>
 <Entity id="6"/>
 <Entity id="7"/>
 <Entity id="8"/>
 <Entity id="9"/>
 <Entity id="10"/>
 <Entity id="11"/>
 <Entity id="12"/>
 <Entity id="13"/>
 <Entity id="14"/>
 <Entity id="15"/>
 <Entity id="16"/>
 <Entity id="17"/>
 <Entity id="18"/>
 <Entity id="19"/>
 <Entity id="20"/>
 <Entity id="21"/>
 <Entity id="22"/>
 <Entity id="23"/>
 <Entity id="24"/>
 <Entity id="25"/>
 <Entity id="26"/>
 <Entity id="27"/>
 <Entity id="28"/>
 <Entity id="29"/>
 <Entity id="30"/>
 <Entity id="31"/>
 <Entity id="32"/>
 <Entity id="33"/>
 <Entity id="34"/>
 <Entity id="35"/>
 <Entity id="36"/>
 <Entity id="37"/>
 <Entity id="38"/>
 <Entity id="39"/>
 <Entity id="40"/>
 <Entity id="41"/>
 <Entity id="42"/>
 <Entity id="43"/>
 <Entity id="44"/>
 <Entity id="45"/>
 <Entity id="46"/>
 <Entity id="47"/>
 <Entity id="48"/>
 <Entity id="49"/>
 <Entity id="50"/>
 <Entity id="51"/>
 <Entity id="52"/>
 <Entity id="53"/>
 <Entity id="54"/>
 <Entity id="55"/>
 <Entity id="56"/>
 <Entity id="57"/>
 <Entity id="58"/>
 <Entity id="59"/>
 <Entity id="60"/>
 <Entity id="61"/>
 <Entity id="62"/>
 <Entity id="63"/>
 <Entity id="64"/>
 <Entity id="65"/>
 <Entity id="66"/>
 <Entity id="67"/>
 <Entity id="68"/>
 <Entity id="69"/>
 <Entity id="70"/>
 <Entity id="71"/>
 <Entity id="72"/>
 <Entity id="73"/>
 <Entity id="74"/>
 <Entity id="75"/>
 <Entity id="76"/>
 <Entity id="77"/>
 <Entity id="78"/>
 <Entity id="79"/>
 <Entity id="80"/>
 <Entity id="81"/>
 <Entity id="82"/>
 <Entity id="83"/>
 <Entity id="84"/>
 <Entity id="85"/>
 <Entity id="86"/>
 <Entity id="87"/>
 <Entity id="88"/>
 <Entity id="89"/>
 <Entity id="90"/>
 <Entity id="91"/>
 <Entity id="92"/>
 <Entity id="93"/>
 <Entity id="94"/>
 <Entity id="95"/>
 <Entity id="96"/>
 <Entity id="97"/>
 <Entity id="98"/>
 <Entity id="99"/>
 <Entity id="100"/>
 <Entity id="101"/>
 <Entity id="102"/>
 <Entity id="103"/>
 <Entity id="104"/>
 <Entity id="105"/>
 <Entity id="106"/>
 <Entity id="107"/>
 <Entity id="108"/>
 <Entity id="109"/>
 <Entity id="110"/>
 <Entity id="111"/>
 <Entity id="112"/>
 <Entity id="113"/>
 <Entity id="114"/>
 <Entity id="115"/>
 <Entity id="116"/>
 <Entity id="117"/>
 <Entity id="118"/>
 <Entity id="119"/>
 <Entity id="120"/>
 <Entity id="121"/>
 <Entity id="122"/>
 <Entity id="123"/>
 <Entity id="124"/>
 <Entity id="125"/>
 <Entity id="126"/>
 <Entity id="127"/>
 <Entity id="128"/>
 <Entity id="129"/>
 <Entity id="130"/>
 <Entity id="131"/>
 <Entity id="132"/>
 <Entity id="133"/>
 <Entity id="134"/>
 <Entity id="135"/>
 <Entity id="136"/>
 <Entity id="137"/>
 <Entity id="138"/>
 <Entity id="139"/>
 <Entity id="140"/>
 <Entity id="141"/>
 <Entity id="142"/>
 <Entity id="143"/>
 <Entity id="144"/>
 <Entity id="145"/>
 <Entity id="146"/>
 <Entity id="147"/>
 <Entity id="148"/>
 <Entity id="149"/>
 <Entity id="150"/>
 <Entity id="151"/>
 <Entity id="152"/>
 <Entity id="153"/>
 <Entity id="154"/>
 <Entity id="155"/>
 <Entity id="156"/>
 <Entity id="157"/>
 <Entity id="158"/>
 <Entity id="159"/>
 <Entity id="160"/>
 <Entity id="161"/>
 <Entity id="162"/>
 <Entity id="163"/>
 <Entity id="164"/>
 <Entity id="165"/>
 <Entity id="166"/>
 <Entity id="167"/>
 <Entity id="168"/>
 <Entity id="169"/>
 <Entity id="170"/>
 <Entity id="171"/>
 <Entity id="172"/>
 <Entity id="173"/>
 <Entity id="174"/>
 <Entity id="175"/>
 <Entity id="176"/>
 <Entity id="177"/>
 <Entity id="178"/>
 <Entity id="179"/>
 <Entity id="180"/>
 <Entity id="181"/>
 <Entity id="182"/>
 <Entity id="183"/>
 <Entity id="184"/>
 <Entity id="185"/>
 <Entity id="186"/>
 <Entity id="187"/>
 <Entity id="188"/>
 <Entity id="189"/>
 <Entity id="190"/>
 <Entity id="191"/>
 <Entity id="192"/>
 <Entity id="193"/>
 <Entity id="194"/>
 <Entity id="195"/>
 <Entity id="196"/>
 <Entity id="197"/>
 <Entity id="198"/>
 <Entity id="199"/>
 <Entity id="200"/>
 <Entity id="201"/>
 <Entity id="202"/>
 <Entity id="203"/>
 <Entity id="204"/>
 <Entity id="205"/>
 <Entity id="206"/>
 <Entity id="207"/>
 <Entity id="208"/>
 <Entity id="209"/>
 <Entity id="210"/>
 <Entity id="211"/>
 <Entity id="212"/>
 <Entity id="213"/>
 <Entity id="214"/>
 <Entity id="215"/>
 <Entity id="216"/>
 <Entity id="217"/>
 <Entity id="218"/>
 <Entity id="219"/>
 <Entity id="220"/>
 <Entity id="221"/>
 <Entity id="222"/>
 <Entity id="223"/>
 <Entity id="224"/>
 <Entity id="225"/>
 <Entity id="226"/>
 <Entity id="227"/>
 <Entity id="228"/>
 <Entity id="229"/>
 <Entity id="230"/>
 <Entity id="231"/>
 <Entity id="232"/>
 <Entity id="233"/>
 <Entity id="234"/>
 <Entity id="235"/>
 <Entity id="236"/>
 <Entity id="237"/>
 <Entity id="238"/>
 <Entity id="239"/>
 <Entity id="240"/>
 <Entity id="241"/>
 <Entity id="242"/>
 <Entity id="243"/>
 <Entity id="244"/>
 <Entity id="245"/>
 <Entity id="246"/>
 <Entity id="247"/>
 <Entity id="248"/>
 <Entity id="249"/>
 <Entity id="250"/>
 <Entity id="251"/>
 <Entity id="252"/>
 <Entity id="253"/>
 <Entity id="254"/>
 <Entity id="255"/>
 <Entity id="256"/>
 <Entity id="257"/>
 <Entity id="258"/>
 <Entity id="259"/>
 <Entity id="260"/>
 <Entity id="261"/>
 <Entity id="262"/>
 <Entity id="263"/>
 <Entity id="264"/>
 <Entity id="265"/>
 <Entity id="266"/>
 <Entity id="267"/>
 <Entity id="268"/>
 <Entity id="269"/>
 <Entity id="270"/>
 <Entity id="271"/>
 <Entity id="272"/>
 <Entity id="273"/>
 <Entity id="274"/>
 <Entity id="275"/>
 <Entity id="276"/>
 <Entity id="277"/>
 <Entity id="278"/>
 <Entity id="279"/>
 <Entity id="280"/>
 <Entity id="281"/>
 <Entity id="282"/>
 <Entity id="283"/>
 <Entity id="284"/>
 <Entity id="285"/>
 <Entity id="286"/>
 <Entity id="287"/>
 <Entity id="288"/>
 <Entity id="289"/>
 <Entity id="290"/>
 <Entity id="291"/>
 <Entity id="292"/>
 <Entity id="293"/>
 <Entity id="294"/>
 <Entity id="295"/>
 <Entity id="296"/>
 <Entity id="297"/>
 <Entity id="298"/>
 <Entity id="299"/>
 <Entity id="300"/>
 <Entity id="301"/>
 <Entity id="302"/>
 <Entity id="303"/>
 <Entity id="304"/>
 <Entity id="305"/>
 <Entity id="306"/>
 <Entity id="307"/>
 <Entity id="308"/>
 <Entity id="309"/>
 <Entity id="310"/>
 <Entity id="311"/>
 <Entity id="312"/>
 <Entity id="313"/>
 <Entity id="314"/>
 <Entity id="315"/>
 <Entity id="316"/>
 <Entity id="318"/>
 <Entity id="319"/>
 <Entity id="320"/>
 <Entity id="321"/>
 <Entity id="322"/>
 <Entity id="324"/>
 <Entity id="325"/>
 <Entity id="326"/>
 <Entity id="327"/>
 <Entity id="328"/>
 <Entity id="329"/>
 <Entity id="330"/>
 <Entity id="331"/>
 <Entity id="332"/>
 <Entity id="333"/>
 <Entity id="334"/>
 <Entity id="335"/>
 <Entity id="336"/>
 <Entity id="337"/>
 <Entity id="339"/>
 <Entity id="340"/>
 <Entity id="341"/>
 <Entity id="342"/>
 <Entity id="343"/>
 <Entity id="344"/>
 <Entity id="345"/>
 <Entity id="346"/>
 <Entity id="347"/>
 <Entity id="348"/>
 <Entity id="349"/>
 <Entity id="350"/>
 <Entity id="351"/>
 <Entity id="352"/>
 <Entity id="353"/>
 <Entity id="354"/>
 <Entity id="355"/>
 <Entity id="356"/>
 <Entity id="357"/>
 <Entity id="358"/>
 <Entity id="359"/>
 <Entity id="360"/>
 <Entity id="361"/>
 <Entity id="362"/>
 <Entity id="363"/>
 <Entity id="364"/>
 <Entity id="365"/>
 <Entity id="366"/>
 <Entity id="367"/>
 <Entity id="368"/>
 <Entity id="369"/>
 <Entity id="370"/>
 <Entity id="371"/>
 <Entity id="372"/>
 <Entity id="373"/>
 <Entity id="374"/>
 <Entity id="375"/>
 <Entity id="376"/>
 <Entity id="377"/>
 <Entity id="378"/>
 <Entity id="379"/>
 <Entity id="380"/>
 <Entity id="381"/>
 <Entity id="382"/>
 <Entity id="383"/>
 <Entity id="384"/>
 <Entity id="385"/>
 <Entity id="386"/>
 <Entity id="387"/>
 <Entity id="388"/>
 <Entity id="389"/>
 <Entity id="390"/>
 <Entity id="391"/>
 <Entity id="392"/>
 <Entity id="393"/>
 <Entity id="394"/>
 <Entity id="395"/>
 <Entity id="396"/>
 <Entity id="397"/>
 <Entity id="398"/>
 <Entity id="399"/>
 <Entity id="400"/>
 <Entity id="401"/>
 <Entity id="402"/>
 <Entity id="403"/>
 <Entity id="404"/>
 <Entity id="405"/>
 <Entity id="406"/>
 <Entity id="407"/>
 <Entity id="408"/>
 <Entity id="409"/>
 <Entity id="410"/>
 <Entity id="411"/>
 <Entity id="412"/>
 <Entity id="413"/>
 <Entity id="414"/>
 <Entity id="415"/>
 <Entity id="416"/>
 <Entity id="417"/>
 <Entity id="418"/>
 <Entity id="419"/>
 <Entity id="420"/>
 <Entity id="421"/>
 <Entity id="422"/>
 <Entity id="423"/>
 <Entity id="424"/>
 <Entity id="425"/>
 <Entity id="426"/>
 <Entity id="427"/>
 <Entity id="428"/>
 <Entity id="429"/>
 <Entity id="430"/>
 <Entity id="431"/>
 <Entity id="432"/>
 <Entity id="433"/>
 <Entity id="434"/>
 <Entity id="435"/>
 <Entity id="436"/>
 <Entity id="437"/>
 <Entity id="438"/>
 <Entity id="439"/>
 <Entity id="440"/>
 <Entity id="441"/>
 <Entity id="442"/>
 <Entity id="443"/>
 <Entity id="444"/>
 <Entity id="445"/>
 <Entity id="446"/>
 <Entity id="447"/>
 <Entity id="448"/>
 <Entity id="449"/>
 <Entity id="450"/>
 <Entity id="451"/>
 <Entity id="452"/>
 <Entity id="453"/>
 <Entity id="454"/>
 <Entity id="455"/>
 <Entity id="456"/>
 <Entity id="457"/>
 <Entity id="458"/>
 <Entity id="459"/>
 <Entity id="460"/>
 <Entity id="461"/>
 <Entity id="462"/>
 <Entity id="463"/>
 <Entity id="464"/>
 <Entity id="465"/>
 <Entity id="466"/>
 <Entity id="467"/>
 <Entity id="468"/>
 <Entity id="469"/>
 <Entity id="470"/>
 <Entity id="471"/>
 <Entity id="472"/>
 <Entity id="473"/>
 <Entity id="474"/>
 <Entity id="475"/>
 <Entity id="476"/>
 <Entity id="477"/>
 <Entity id="478"/>
 <Entity id="479"/>
 <Entity id="480"/>
 <Entity id="481"/>
 <Entity id="482"/>
 <Entity id="483"/>
 <Entity id="484"/>
 <Entity id="485"/>
 <Entity id="486"/>
 <Entity id="487"/>
 <Entity id="488"/>
 <Entity id="489"/>
 <Entity id="490"/>
 <Entity id="491"/>
 <Entity id="492"/>
 <Entity id="493"/>
 <Entity id="494"/>
 <Entity id="495"/>
 <Entity id="496"/>
 <Entity id="497"/>
 <Entity id="498"/>
 <Entity id="499"/>
 <Entity id="500"/>
 <Entity id="501"/>
 <Entity id="502"/>
 <Entity id="503"/>
 <Entity id="504"/>
 <Entity id="505"/>
 <Entity id="506"/>
 <Entity id="507"/>
 <Entity id="508"/>
 <Entity id="509"/>
 <Entity id="510"/>
 <Entity id="511"/>
 <Entity id="512"/>
 <Entity id="513"/>
 <Entity id="514"/>
 <Entity id="515"/>
 <Entity id="516"/>
 <Entity id="517"/>
 <Entity id="518"/>
 <Entity id="519"/>
 <Entity id="520"/>
 <Entity id="521"/>
 <Entity id="522"/>
 <Entity id="523"/>
 <Entity id="524"/>
 <Entity id="525"/>
 <Entity id="526"/>
 <Entity id="527"/>
 <Entity id="528"/>
 <Entity id="529"/>
 <Entity id="530"/>
 <Entity id="531"/>
 <Entity id="532"/>
 <Entity id="533"/>
 <Entity id="534"/>
 <Entity id="535"/>
 <Entity id="536"/>
 <Entity id="537"/>
 <Entity id="538"/>
 <Entity id="539"/>
 <Entity id="540"/>
 <Entity id="541"/>
 <Entity id="542"/>
 <Entity id="543"/>
 <Entity id="544"/>
 <Entity id="545"/>
 <Entity id="546"/>
 <Entity id="547"/>
 <Entity id="548"/>
 <Entity id="549"/>
 <Entity id="550"/>
 <Entity id="552"/>
 <Entity id="563"/>
 <Entity id="635"/>
 <Entity id="636"/>
 <Entity id="637"/>
 <Entity id="638"/>
 <Entity id="639"/>
 <Entity id="640"/>
 <Entity id="641"/>
 <Entity id="642"/>
 <Entity id="643"/>
 <Entity id="644"/>
 <Entity id="645"/>
 <Entity id="646"/>
 <Entity id="647"/>
 <Entity id="648"/>
 <Entity id="649"/>
 <Entity id="650"/>
 <Entity id="651"/>
 <Entity id="652"/>
 <Entity id="653"/>
 <Entity id="654"/>
 <Entity id="655"/>
 <Entity id="656"/>
 <Entity id="657"/>
 <Entity id="659"/>
 <Entity id="660"/>
 <Entity id="661"/>
 <Entity id="662"/>
 <Entity id="663"/>
 <Entity id="664"/>
 <Entity id="665"/>
 <Entity id="666"/>
 <Entity id="667"/>
 <Entity id="668"/>
 <Entity id="669"/>
 <Entity id="670"/>
 <Entity id="673"/>
 <Entity id="674"/>
 <Entity id="675"/>
 <Entity id="676"/>
 <Entity id="678"/>
 <Entity id="679"/>
 <Entity id="680"/>
 <Entity id="682"/>
 <Entity id="683"/>
 <Entity id="684"/>
 <Entity id="686"/>
 <Entity id="687"/>
 <Entity id="688"/>
 <Entity id="689"/>
 <Entity id="691"/>
 <Entity id="692"/>
 <Entity id="693"/>
 <Entity id="694"/>
 <Entity id="695"/>
 <Entity id="696"/>
 <Entity id="697"/>
 <Entity id="698"/>
 <Entity id="701"/>
 <Entity id="702"/>
 <Entity id="703"/>
 <Entity id="704"/>
 <Entity id="705"/>
 <Entity id="707"/>
 <Entity id="708"/>
 <Entity id="709"/>
 <Entity id="712"/>
 <Entity id="719"/>
 <Entity id="720"/>
 <Entity id="721"/>
 <Entity id="740"/>
 <Entity id="808"/>
 <Entity id="961"/>
 <Entity id="962"/>
 <Entity id="969"/>
 <Entity id="986"/>
 <Entity id="1008"/>
 <Entity id="1009"/>
 <Entity id="1011"/>
 <Entity id="1012"/>
 <Entity id="1014"/>
 <Entity id="1015"/>
 <Entity id="1016"/>
 <Entity id="1017"/>
 <Entity id="1018"/>
 <Entity id="1019"/>
 <Entity id="1020"/>
 <Entity id="1021"/>
 <Entity id="1023"/>
 <Entity id="1024"/>
 <Entity id="1025"/>
 <Entity id="1026"/>
 <Entity id="1028"/>
 <Entity id="1029"/>
 <Entity id="1030"/>
 <Entity id="1031"/>
 <Entity id="1032"/>
 <Entity id="1033"/>
 <Entity id="1034"/>
 <Entity id="1035"/>
 <Entity id="1036"/>
 <Entity id="1037"/>
 <Entity id="1038"/>
 <Entity id="1039"/>
 <Entity id="1040"/>
 <Entity id="1041"/>
 <Entity id="1043"/>
 <Entity id="1044"/>
 <Entity id="1047"/>
 <Entity id="1049"/>
 <Entity id="1050"/>
 <Entity id="1051"/>
 <Entity id="1052"/>
 <Entity id="1053"/>
 <Entity id="1054"/>
 <Entity id="1055"/>
 <Entity id="1056"/>
 <Entity id="1057"/>
 <Entity id="1058"/>
 <Entity id="1059"/>
 <Entity id="1061"/>
 <Entity id="1062"/>
 <Entity id="1063"/>
 <Entity id="1064"/>
 <Entity id="1065"/>
 <Entity id="1066"/>
 <Entity id="1068"/>
 <Entity id="1069"/>
 <Entity id="1070"/>
 <Entity id="1071"/>
 <Entity id="1072"/>
 <Entity id="1073"/>
 <Entity id="1074"/>
 <Entity id="1075"/>
 <Entity id="1076"/>
 <Entity id="1077"/>
 <Entity id="1078"/>
 <Entity id="1079"/>
 <Entity id="1080"/>
 <Entity id="1081"/>
 <Entity id="1082"/>
 <Entity id="1083"/>
 <Entity id="1084"/>
 <Entity id="1086"/>
 <Entity id="1087"/>
 <Entity id="1088"/>
 <Entity id="1089"/>
 <Entity id="1090"/>
 <Entity id="1091"/>
 <Entity id="1092"/>
 <Entity id="1093"/>
 <Entity id="1094"/>
 <Entity id="1095"/>
 <Entity id="1096"/>
 <Entity id="1097"/>
 <Entity id="1098"/>
 <Entity id="1099"/>
 <Entity id="1100"/>
 <Entity id="1101"/>
 <Entity id="1102"/>
 <Entity id="1103"/>
 <Entity id="1104"/>
 <Entity id="1105"/>
 <Entity id="1106"/>
 <Entity id="1107"/>
 <Entity id="1108"/>
 <Entity id="1109"/>
 <Entity id="1110"/>
 <Entity id="1111"/>
 <Entity id="1112"/>
 <Entity id="1113"/>
 <Entity id="1114"/>
 <Entity id="1115"/>
 <Entity id="1116"/>
 <Entity id="1117"/>
 <Entity id="1118"/>
 <Entity id="1119"/>
 <Entity id="1120"/>
 <Entity id="1121"/>
 <Entity id="1122"/>
 <Entity id="1123"/>
 <Entity id="1124"/>
 <Entity id="1125"/>
 <Entity id="1126"/>
 <Entity id="1127"/>
 <Entity id="1128"/>
 <Entity id="1129"/>
 <Entity id="1130"/>
 <Entity id="1132"/>
 <Entity id="1133"/>
 <Entity id="1134"/>
 <Entity id="1135"/>
 <Entity id="1136"/>
 <Entity id="1137"/>
 <Entity id="1138"/>
 <Entity id="1139"/>
 <Entity id="1140"/>
 <Entity id="1141"/>
 <Entity id="1142"/>
 <Entity id="1143"/>
 <Entity id="1144"/>
 <Entity id="1145"/>
 <Entity id="1146"/>
 <Entity id="1147"/>
 <Entity id="1148"/>
 <Entity id="1149"/>
 <Entity id="1150"/>
 <Entity id="1151"/>
 <Entity id="1152"/>
 <Entity id="1153"/>
 <Entity id="1154"/>
 <Entity id="1155"/>
 <Entity id="1156"/>
 <Entity id="1157"/>
 <Entity id="1158"/>
 <Entity id="1159"/>
 <Entity id="1160"/>
 <Entity id="1161"/>
 <Entity id="1162"/>
 <Entity id="1163"/>
 <Entity id="1164"/>
 <Entity id="1165"/>
 <Entity id="1166"/>
 <Entity id="1167"/>
 <Entity id="1168"/>
 <Entity id="1169"/>
 <Entity id="1170"/>
 <Entity id="1171"/>
 <Entity id="1172"/>
 <Entity id="1173"/>
 <Entity id="1174"/>
 <Entity id="1175"/>
 <Entity id="1176"/>
 <Entity id="1177"/>
 <Entity id="1178"/>
 <Entity id="1179"/>
 <Entity id="1180"/>
 <Entity id="1181"/>
 <Entity id="1182"/>
 <Entity id="1183"/>
 <Entity id="1184"/>
 <Entity id="1185"/>
 <Entity id="1186"/>
 <Entity id="1187"/>
 <Entity id="1188"/>
 <Entity id="1189"/>
 <Entity id="1190"/>
 <Entity id="1191"/>
 <Entity id="1192"/>
 <Entity id="1193"/>
 <Entity id="1194"/>
 <Entity id="1195"/>
 <Entity id="1196"/>
 <Entity id="1198"/>
 <Entity id="1199"/>
 <Entity id="1200"/>
 <Entity id="1201"/>
 <Entity id="1202"/>
 <Entity id="1203"/>
 <Entity id="1204"/>
 <Entity id="1205"/>
 <Entity id="1206"/>
 <Entity id="1207"/>
 <Entity id="1209"/>
 <Entity id="1210"/>
 <Entity id="1211"/>
 <Entity id="1212"/>
 <Entity id="1213"/>
 <Entity id="1214"/>
 <Entity id="1215"/>
 <Entity id="1216"/>
 <Entity id="1217"/>
 <Entity id="1218"/>
 <Entity id="1219"/>
 <Entity id="1220"/>
 <Entity id="1221"/>
 <Entity id="1222"/>
 <Entity id="1223"/>
 <Entity id="1224"/>
 <Entity id="1225"/>
 <Entity id="1226"/>
 <Entity id="1227"/>
 <Entity id="1229"/>
 <Entity id="1230"/>
 <Entity id="1231"/>
 <Entity id="1232"/>
 <Entity id="1233"/>
 <Entity id="1234"/>
 <Entity id="1235"/>
 <Entity id="1236"/>
 <Entity id="1237"/>
 <Entity id="1238"/>
 <Entity id="1239"/>
 <Entity id="1240"/>
 <Entity id="1241"/>
 <Entity id="1242"/>
 <Entity id="1243"/>
 <Entity id="1244"/>
 <Entity id="1246"/>
 <Entity id="1247"/>
 <Entity id="1248"/>
 <Entity id="1249"/>
 <Entity id="1252"/>
 <Entity id="1253"/>
 <Entity id="1254"/>
 <Entity id="1255"/>
 <Entity id="1256"/>
 <Entity id="1257"/>
 <Entity id="1258"/>
 <Entity id="1259"/>
 <Entity id="1260"/>
 <Entity id="1261"/>
 <Entity id="1262"/>
 <Entity id="1264"/>
 <Entity id="1265"/>
 <Entity id="1266"/>
 <Entity id="1267"/>
 <Entity id="1268"/>
 <Entity id="1269"/>
 <Entity id="1270"/>
 <Entity id="1271"/>
 <Entity id="1272"/>
 <Entity id="1273"/>
 <Entity id="1274"/>
 <Entity id="1275"/>
 <Entity id="1276"/>
 <Entity id="1277"/>
 <Entity id="1278"/>
 <Entity id="1279"/>
 <Entity id="1280"/>
 <Entity id="1281"/>
 <Entity id="1282"/>
 <Entity id="1283"/>
 <Entity id="1284"/>
 <Entity id="1286"/>
 <Entity id="1287"/>
 <Entity id="1288"/>
 <Entity id="1289"/>
 <Entity id="1292"/>
 <Entity id="1293"/>
 <Entity id="1294"/>
 <Entity id="1295"/>
 <Entity id="1296"/>
 <Entity id="1297"/>
 <Entity id="1298"/>
 <Entity id="1299"/>
 <Entity id="1300"/>
 <Entity id="1301"/>
 <Entity id="1302"/>
 <Entity id="1303"/>
 <Entity id="1304"/>
 <Entity id="1305"/>
 <Entity id="1306"/>
 <Entity id="1307"/>
 <Entity id="1308"/>
 <Entity id="1309"/>
 <Entity id="1310"/>
 <Entity id="1311"/>
 <Entity id="1313"/>
 <Entity id="1314"/>
 <Entity id="1315"/>
 <Entity id="1316"/>
 <Entity id="1317"/>
 <Entity id="1318"/>
 <Entity id="1319"/>
 <Entity id="1320"/>
 <Entity id="1321"/>
 <Entity id="1322"/>
 <Entity id="1323"/>
 <Entity id="1324"/>
 <Entity id="1325"/>
 <Entity id="1326"/>
 <Entity id="1327"/>
 <Entity id="1328"/>
 <Entity id="1329"/>
 <Entity id="1330"/>
 <Entity id="1331"/>
 <Entity id="1332"/>
 <Entity id="1333"/>
 <Entity id="1334"/>
 <Entity id="1335"/>
 <Entity id="1364"/>
 <Entity id="1404"/>
 <Entity id="1407"/>
 <Entity id="1412"/>
 <Entity id="1443"/>
 <Entity id="1446"/>
 <Entity id="1494"/>
 <Entity id="1513"/>
 <Entity id="1524"/>
 <Entity id="1623"/>
 <Entity id="1630"/>
 <Entity id="1634"/>
 <Entity id="1639"/>
 <Entity id="1642"/>
 <Entity id="1643"/>
 <Entity id="1647"/>
 <Entity id="1667"/>
 <Entity id="1677"/>
 <Entity id="1680"/>
 <Entity id="1688"/>
 <Entity id="1691"/>
 <Entity id="1694"/>
 <Entity id="1695"/>
 <Entity id="1705"/>
 <Entity id="1716"/>
 <Entity id="1722"/>
 <Entity id="1728"/>
 <Entity id="1743"/>
 <Entity id="1752"/>
 <Entity id="1755"/>
 <Entity id="1761"/>
 <Entity id="1772"/>
 <Entity id="1774"/>
 <Entity id="1779"/>
 <Entity id="1789"/>
 <Entity id="1794"/>
 <Entity id="1805"/>
 <Entity id="1815"/>
 <Entity id="1852"/>
 <Entity id="1858"/>
 <Entity id="1872"/>
 <Entity id="1877"/>
 <Entity id="1885"/>
 <Entity id="1889"/>
 <Entity id="1916"/>
 <Entity id="1917"/>
 <Entity id="1918"/>
 <Entity id="1919"/>
 <Entity id="1920"/>
 <Entity id="1921"/>
 <Entity id="1922"/>
 <Entity id="1923"/>
 <Entity id="1924"/>
 <Entity id="1925"/>
 <Entity id="1926"/>
 <Entity id="1927"/>
 <Entity id="1928"/>
 <Entity id="1929"/>
 <Entity id="1930"/>
 <Entity id="1931"/>
 <Entity id="1932"/>
 <Entity id="1933"/>
 <Entity id="1934"/>
 <Entity id="1935"/>
 <Entity id="1937"/>
 <Entity id="1938"/>
 <Entity id="1939"/>
 <Entity id="1940"/>
 <Entity id="1942"/>
 <Entity id="1943"/>
 <Entity id="1944"/>
 <Entity id="1945"/>
 <Entity id="1946"/>
 <Entity id="1947"/>
 <Entity id="1949"/>
 <Entity id="1950"/>
 <Entity id="1951"/>
 <Entity id="1952"/>
 <Entity id="1953"/>
 <Entity id="1954"/>
 <Entity id="1955"/>
 <Entity id="1956"/>
 <Entity id="1958"/>
 <Entity id="1959"/>
 <Entity id="1960"/>
 <Entity id="1961"/>
 <Entity id="1962"/>
 <Entity id="1964"/>
 <Entity id="1965"/>
 <Entity id="1966"/>
 <Entity id="1967"/>
 <Entity id="1968"/>
 <Entity id="1969"/>
 <Entity id="1970"/>
 <Entity id="1971"/>
 <Entity id="1972"/>
 <Entity id="1973"/>
 <Entity id="1974"/>
 <Entity id="1975"/>
 <Entity id="1977"/>
 <Entity id="1978"/>
 <Entity id="1979"/>
 <Entity id="1980"/>
 <Entity id="1981"/>
 <Entity id="1982"/>
 <Entity id="1983"/>
 <Entity id="1984"/>
 <Entity id="1985"/>
 <Entity id="1986"/>
 <Entity id="1987"/>
 <Entity id="1988"/>
 <Entity id="1989"/>
 <Entity id="1990"/>
 <Entity id="1991"/>
 <Entity id="1992"/>
 <Entity id="1994"/>
 <Entity id="1995"/>
 <Entity id="1996"/>
 <Entity id="1997"/>
 <Entity id="1998"/>
 <Entity id="1999"/>
 <Entity id="2000"/>
 <Entity id="2001"/>
 <Entity id="2005"/>
 <Entity id="2077"/>
 <Entity id="2113"/>
 <Entity id="2126"/>
 <Entity id="2128"/>
 <Entity id="2129"/>
 <Entity id="2130"/>
 <Entity id="2132"/>
 <Entity id="2136"/>
 <Entity id="2138"/>
 <Entity id="2139"/>
 <Entity id="2141"/>
 <Entity id="2143"/>
 <Entity id="2145"/>
 <Entity id="2147"/>
 <Entity id="2148"/>
 <Entity id="2150"/>
 <Entity id="2152"/>
 <Entity id="2153"/>
 <Entity id="2155"/>
 <Entity id="2156"/>
 <Entity id="2161"/>
 <Entity id="2167"/>
 <Entity id="2169"/>
 <Entity id="2173"/>
 <Entity id="2174"/>
 <Entity id="2175"/>
 <Entity id="2176"/>
 <Entity id="2180"/>
 <Entity id="2183"/>
 <Entity id="2184"/>
 <Entity id="2186"/>
 <Entity id="2190"/>
 <Entity id="2191"/>
 <Entity id="2192"/>
 <Entity id="2193"/>
 <Entity id="2194"/>
 <Entity id="2195"/>
 <Entity id="2196"/>
 <Entity id="2197"/>
 <Entity id="2198"/>
 <Entity id="2199"/>
 <Entity id="2200"/>
 <Entity id="2201"/>
 <Entity id="2202"/>
 <Entity id="2203"/>
 <Entity id="2204"/>
 <Entity id="2205"/>
 <Entity id="2206"/>
 <Entity id="2207"/>
 <Entity id="2208"/>
 <Entity id="2209"/>
 <Entity id="2210"/>
 <Entity id="2211"/>
 <Entity id="2212"/>
 <Entity id="2213"/>
 <Entity id="2214"/>
 <Entity id="2215"/>
 <Entity id="2216"/>
 <Entity id="2217"/>
 <Entity id="2218"/>
 <Entity id="2219"/>
 <Entity id="2220"/>
 <Entity id="2221"/>
 <Entity id="2222"/>
 <Entity id="2223"/>
 <Entity id="2224"/>
 <Entity id="2225"/>
 <Entity id="2226"/>
 <Entity id="2227"/>
 <Entity id="2228"/>
 <Entity id="2229"/>
 <Entity id="2230"/>
 <Entity id="2231"/>
 <Entity id="2232"/>
 <Entity id="2233"/>
 <Entity id="2234"/>
 <Entity id="2235"/>
 <Entity id="2236"/>
 <Entity id="2237"/>
 <Entity id="2238"/>
 <Entity id="2239"/>
 <Entity id="2240"/>
 <Entity id="2241"/>
 <Entity id="2242"/>
 <Entity id="2243"/>
 <Entity id="2244"/>
 <Entity id="2245"/>
 <Entity id="2246"/>
 <Entity id="2247"/>
 <Entity id="2248"/>
 <Entity id="2249"/>
 <Entity id="2250"/>
 <Entity id="2251"/>
 <Entity id="2252"/>
 <Entity id="2253"/>
 <Entity id="2254"/>
 <Entity id="2255"/>
 <Entity id="2256"/>
 <Entity id="2257"/>
 <Entity id="2258"/>
 <Entity id="2259"/>
 <Entity id="2260"/>
 <Entity id="2261"/>
 <Entity id="2262"/>
 <Entity id="2263"/>
 <Entity id="2264"/>
 <Entity id="2265"/>
 <Entity id="2266"/>
 <Entity id="2267"/>
 <Entity id="2268"/>
 <Entity id="2269"/>
 <Entity id="2270"/>
 <Entity id="2271"/>
 <Entity id="2272"/>
 <Entity id="2273"/>
 <Entity id="2274"/>
 <Entity id="2275"/>
 <Entity id="2276"/>
 <Entity id="2277"/>
 <Entity id="2278"/>
 <Entity id="2279"/>
 <Entity id="2280"/>
 <Entity id="2281"/>
 <Entity id="2282"/>
 <Entity id="2283"/>
 <Entity id="2284"/>
 <Entity id="2285"/>
 <Entity id="2286"/>
 <Entity id="2287"/>
 <Entity id="2288"/>
 <Entity id="2289"/>
 <Entity id="2290"/>
 <Entity id="2291"/>
 <Entity id="2292"/>
 <Entity id="2293"/>
 <Entity id="2294"/>
 <Entity id="2295"/>
 <Entity id="2296"/>
 <Entity id="2297"/>
 <Entity id="2298"/>
 <Entity id="2299"/>
 <Entity id="2300"/>
 <Entity id="2301"/>
 <Entity id="2302"/>
 <Entity id="2303"/>
 <Entity id="2304"/>
 <Entity id="2305"/>
 <Entity id="2306"/>
 <Entity id="2307"/>
 <Entity id="2308"/>
 <Entity id="2309"/>
 <Entity id="2313"/>
 <Entity id="2318"/>
 <Entity id="2319"/>
 <Entity id="2328"/>
 <Entity id="2330"/>
 <Entity id="2331"/>
 <Entity id="2341"/>
 <Entity id="2344"/>
 <Entity id="2345"/>
 <Entity id="2348"/>
 <Entity id="2351"/>
 <Entity id="2357"/>
 <Entity id="2358"/>
 <Entity id="2359"/>
 <Entity id="2360"/>
 <Entity id="2364"/>
 <Entity id="2368"/>
 <Entity id="2369"/>
 <Entity id="2371"/>
 <Entity id="2372"/>
 <Entity id="2373"/>
 <Entity id="2374"/>
 <Entity id="2375"/>
 <Entity id="2378"/>
 <Entity id="2379"/>
 <Entity id="2383"/>
 <Entity id="2384"/>
 <Entity id="2393"/>
 <Entity id="2398"/>
 <Entity id="2399"/>
 <Entity id="2401"/>
 <Entity id="2405"/>
 <Entity id="2408"/>
 <Entity id="2409"/>
 <Entity id="2411"/>
 <Entity id="2414"/>
 <Entity id="2417"/>
 <Entity id="2419"/>
 <Entity id="2420"/>
 <Entity id="2428"/>
 <Entity id="2430"/>
 <Entity id="2440"/>
 <Entity id="2441"/>
 <Entity id="2442"/>
 <Entity id="2446"/>
 <Entity id="2450"/>
 <Entity id="2451"/>
 <Entity id="2452"/>
 <Entity id="2456"/>
 <Entity id="2457"/>
 <Entity id="2459"/>
 <Entity id="2461"/>
 <Entity id="2462"/>
 <Entity id="2463"/>
 <Entity id="2464"/>
 <Entity id="2466"/>
 <Entity id="2467"/>
 <Entity id="2468"/>
 <Entity id="2470"/>
 <Entity id="2471"/>
 <Entity id="2473"/>
 <Entity id="2474"/>
 <Entity id="2475"/>
 <Entity id="2478"/>
 <Entity id="2480"/>
 <Entity id="2481"/>
 <Entity id="2482"/>
 <Entity id="2485"/>
 <Entity id="2486"/>
 <Entity id="2489"/>
 <Entity id="2491"/>
 <Entity id="2492"/>
 <Entity id="2493"/>
 <Entity id="2494"/>
 <Entity id="2499"/>
 <Entity id="2500"/>
 <Entity id="2501"/>
 <Entity id="2502"/>
 <Entity id="2503"/>
 <Entity id="2504"/>
 <Entity id="2508"/>
 <Entity id="2510"/>
 <Entity id="2511"/>
 <Entity id="2513"/>
 <Entity id="2514"/>
 <Entity id="2515"/>
 <Entity id="2516"/>
 <Entity id="2518"/>
 <Entity id="2519"/>
 <Entity id="2521"/>
 <Entity id="2522"/>
 <Entity id="2523"/>
 <Entity id="2527"/>
 <Entity id="2528"/>
 <Entity id="2530"/>
 <Entity id="2533"/>
 <Entity id="2535"/>
 <Entity id="2536"/>
 <Entity id="2537"/>
 <Entity id="2538"/>
 <Entity id="2539"/>
 <Entity id="2540"/>
 <Entity id="2541"/>
 <Entity id="2542"/>
 <Entity id="2543"/>
 <Entity id="2544"/>
 <Entity id="2552"/>
 <Entity id="2555"/>
 <Entity id="2556"/>
 <Entity id="2557"/>
 <Entity id="2559"/>
 <Entity id="2560"/>
 <Entity id="2562"/>
 <Entity id="2564"/>
 <Entity id="2565"/>
 <Entity id="2566"/>
 <Entity id="2567"/>
 <Entity id="2568"/>
 <Entity id="2569"/>
 <Entity id="2571"/>
 <Entity id="2572"/>
 <Entity id="2573"/>
 <Entity id="2574"/>
 <Entity id="2575"/>
 <Entity id="2579"/>
 <Entity id="2581"/>
 <Entity id="2583"/>
 <Entity id="2585"/>
 <Entity id="2588"/>
 <Entity id="2589"/>
 <Entity id="2593"/>
 <Entity id="2594"/>
 <Entity id="2595"/>
 <Entity id="2596"/>
 <Entity id="2601"/>
 <Entity id="2602"/>
 <Entity id="2603"/>
 <Entity id="2604"/>
 <Entity id="2605"/>
 <Entity id="2608"/>
 <Entity id="2611"/>
 <Entity id="2613"/>
 <Entity id="2614"/>
 <Entity id="2615"/>
 <Entity id="2618"/>
 <Entity id="2620"/>
 <Entity id="2622"/>
 <Entity id="2623"/>
 <Entity id="2626"/>
 <Entity id="2627"/>
 <Entity id="2629"/>
 <Entity id="2630"/>
 <Entity id="2632"/>
 <Entity id="2633"/>
 <Entity id="2634"/>
 <Entity id="2635"/>
 <Entity id="2636"/>
 <Entity id="2637"/>
 <Entity id="2639"/>
 <Entity id="2640"/>
 <Entity id="2641"/>
 <Entity id="2642"/>
 <Entity id="2643"/>
 <Entity id="2644"/>
 <Entity id="2648"/>
 <Entity id="2649"/>
 <Entity id="2650"/>
 <Entity id="2657"/>
 <Entity id="2658"/>
 <Entity id="2659"/>
 <Entity id="2660"/>
 <Entity id="2661"/>
 <Entity id="2662"/>
 <Entity id="2663"/>
 <Entity id="2665"/>
 <Entity id="2666"/>
 <Entity id="2667"/>
 <Entity id="2668"/>
 <Entity id="2669"/>
 <Entity id="2671"/>
 <Entity id="2672"/>
 <Entity id="2676"/>
 <Entity id="2680"/>
 <Entity id="2681"/>
 <Entity id="2683"/>
 <Entity id="2684"/>
 <Entity id="2685"/>
 <Entity id="2686"/>
 <Entity id="2688"/>
 <Entity id="2689"/>
 <Entity id="2690"/>
 <Entity id="2691"/>
 <Entity id="2694"/>
 <Entity id="2696"/>
 <Entity id="2699"/>
 <Entity id="2700"/>
 <Entity id="2701"/>
 <Entity id="2705"/>
 <Entity id="2706"/>
 <Entity id="2708"/>
 <Entity id="2709"/>
 <Entity id="2710"/>
 <Entity id="2712"/>
 <Entity id="2713"/>
 <Entity id="2714"/>
 <Entity id="2718"/>
 <Entity id="2719"/>
 <Entity id="2724"/>
 <Entity id="2725"/>
 <Entity id="2728"/>
 <Entity id="2729"/>
 <Entity id="2733"/>
 <Entity id="2734"/>
 <Entity id="2735"/>
 <Entity id="2736"/>
 <Entity id="2738"/>
 <Entity id="2740"/>
 <Entity id="2741"/>
 <Entity id="2744"/>
 <Entity id="2745"/>
 <Entity id="2746"/>
 <Entity id="2747"/>
 <Entity id="2749"/>
 <Entity id="2750"/>
 <Entity id="2753"/>
 <Entity id="2754"/>
 <Entity id="2755"/>
 <Entity id="2756"/>
 <Entity id="2757"/>
 <Entity id="2758"/>
 <Entity id="2759"/>
 <Entity id="2760"/>
 <Entity id="2761"/>
 <Entity id="2762"/>
 <Entity id="2764"/>
 <Entity id="2765"/>
 <Entity id="2766"/>
 <Entity id="2768"/>
 <Entity id="2772"/>
 <Entity id="2773"/>
 <Entity id="2775"/>
 <Entity id="2776"/>
 <Entity id="2778"/>
 <Entity id="2780"/>
 <Entity id="2784"/>
 <Entity id="2786"/>
 <Entity id="2788"/>
 <Entity id="2790"/>
 <Entity id="2791"/>
 <Entity id="2792"/>
 <Entity id="2794"/>
 <Entity id="2795"/>
 <Entity id="2796"/>
 <Entity id="2798"/>
 <Entity id="2799"/>
 <Entity id="2800"/>
 <Entity id="2801"/>
 <Entity id="2805"/>
 <Entity id="2806"/>
 <Entity id="2809"/>
 <Entity id="2812"/>
 <Entity id="2815"/>
 <Entity id="2817"/>
 <Entity id="2818"/>
 <Entity id="2819"/>
 <Entity id="2820"/>
 <Entity id="2822"/>
 <Entity id="2823"/>
 <Entity id="2824"/>
 <Entity id="2825"/>
 <Entity id="2826"/>
 <Entity id="2827"/>
 <Entity id="2828"/>
 <Entity id="2829"/>
 <Entity id="2830"/>
 <Entity id="2831"/>
 <Entity id="2832"/>
 <Entity id="2833"/>
 <Entity id="2834"/>
 <Entity id="2835"/>
 <Entity id="2838"/>
 <Entity id="2839"/>
 <Entity id="2840"/>
 <Entity id="2841"/>
 <Entity id="2842"/>
 <Entity id="2844"/>
 <Entity id="2845"/>
 <Entity id="2846"/>
 <Entity id="2848"/>
 <Entity id="2850"/>
 <Entity id="2851"/>
 <Entity id="2852"/>
 <Entity id="2853"/>
 <Entity id="2854"/>
 <Entity id="2855"/>
 <Entity id="2858"/>
 <Entity id="2861"/>
 <Entity id="2862"/>
 <Entity id="2863"/>
 <Entity id="2864"/>
 <Entity id="2867"/>
 <Entity id="2869"/>
 <Entity id="2870"/>
 <Entity id="2872"/>
 <Entity id="2874"/>
 <Entity id="2875"/>
 <Entity id="2876"/>
 <Entity id="2878"/>
 <Entity id="2879"/>
 <Entity id="2881"/>
 <Entity id="2883"/>
 <Entity id="2884"/>
 <Entity id="2887"/>
 <Entity id="2889"/>
 <Entity id="2890"/>
 <Entity id="2891"/>
 <Entity id="2893"/>
 <Entity id="2894"/>
 <Entity id="2895"/>
 <Entity id="2896"/>
 <Entity id="2897"/>
 <Entity id="2898"/>
 <Entity id="2900"/>
 <Entity id="2902"/>
 <Entity id="2903"/>
 <Entity id="2907"/>
 <Entity id="2908"/>
 <Entity id="2909"/>
 <Entity id="2910"/>
 <Entity id="2911"/>
 <Entity id="2912"/>
 <Entity id="2915"/>
 <Entity id="2918"/>
 <Entity id="2919"/>
 <Entity id="2920"/>
 <Entity id="2922"/>
 <Entity id="2923"/>
 <Entity id="2926"/>
 <Entity id="2927"/>
 <Entity id="2928"/>
 <Entity id="2930"/>
 <Entity id="2931"/>
 <Entity id="2932"/>
 <Entity id="2933"/>
 <Entity id="2936"/>
 <Entity id="2937"/>
 <Entity id="2939"/>
 <Entity id="2941"/>
 <Entity id="2942"/>
 <Entity id="2944"/>
 <Entity id="2945"/>
 <Entity id="2949"/>
 <Entity id="2951"/>
 <Entity id="2952"/>
 <Entity id="2953"/>
 <Entity id="2954"/>
 <Entity id="2957"/>
 <Entity id="2959"/>
 <Entity id="2961"/>
 <Entity id="2963"/>
 <Entity id="2966"/>
 <Entity id="2967"/>
 <Entity id="2968"/>
 <Entity id="2969"/>
 <Entity id="2970"/>
 <Entity id="2973"/>
 <Entity id="2974"/>
 <Entity id="2976"/>
 <Entity id="2978"/>
 <Entity id="2979"/>
 <Entity id="2980"/>
 <Entity id="2981"/>
 <Entity id="2982"/>
 <Entity id="2983"/>
 <Entity id="2984"/>
 <Entity id="2985"/>
 <Entity id="2986"/>
 <Entity id="2987"/>
 <Entity id="2988"/>
 <Entity id="2989"/>
 <Entity id="2990"/>
 <Entity id="2991"/>
 <Entity id="2992"/>
 <Entity id="2993"/>
 <Entity id="2994"/>
 <Entity id="2995"/>
 <Entity id="2996"/>
 <Entity id="2997"/>
 <Entity id="2998"/>
 <Entity id="2999"/>
 <Entity id="3000"/>
 <Entity id="3004"/>
 <Entity id="3006"/>
 <Entity id="3007"/>
 <Entity id="3008"/>
 <Entity id="3009"/>
 <Entity id="3010"/>
 <Entity id="3011"/>
 <Entity id="3012"/>
 <Entity id="3013"/>
 <Entity id="3014"/>
 <Entity id="3015"/>
 <Entity id="3016"/>
 <Entity id="3017"/>
 <Entity id="3018"/>
 <Entity id="3019"/>
 <Entity id="3020"/>
 <Entity id="3021"/>
 <Entity id="3022"/>
 <Entity id="3023"/>
 <Entity id="3024"/>
 <Entity id="3025"/>
 <Entity id="3026"/>
 <Entity id="3027"/>
 <Entity id="3028"/>
 <Entity id="3029"/>
 <Entity id="3032"/>
 <Entity id="3033"/>
 <Entity id="3034"/>
 <Entity id="3035"/>
 <Entity id="3036"/>
 <Entity id="3037"/>
 <Entity id="3038"/>
 <Entity id="3039"/>
 <Entity id="3041"/>
 <Entity id="3042"/>
 <Entity id="3043"/>
 <Entity id="3044"/>
 <Entity id="3045"/>
 <Entity id="3046"/>
 <Entity id="3047"/>
 <Entity id="3048"/>
 <Entity id="3051"/>
 <Entity id="3055"/>
 <Entity id="3056"/>
 <Entity id="3058"/>
 <Entity id="3060"/>
 <Entity id="3062"/>
 <Entity id="3064"/>
 <Entity id="3065"/>
 <Entity id="3066"/>
 <Entity id="3073"/>
 <Entity id="3074"/>
 <Entity id="3076"/>
 <Entity id="3077"/>
 <Entity id="3080"/>
 <Entity id="3081"/>
 <Entity id="3083"/>
 <Entity id="3085"/>
 <Entity id="3086"/>
 <Entity id="3088"/>
 <Entity id="3089"/>
 <Entity id="3090"/>
 <Entity id="3093"/>
 <Entity id="3094"/>
 <Entity id="3098"/>
 <Entity id="3099"/>
 <Entity id="3100"/>
 <Entity id="3108"/>
 <Entity id="3116"/>
 <Entity id="3125"/>
 <Entity id="3141"/>
 <Entity id="3144"/>
 <Entity id="3145"/>
 <Entity id="3146"/>
 <Entity id="3147"/>
 <Entity id="3148"/>
 <Entity id="3150"/>
 <Entity id="3158"/>
 <Entity id="3167"/>
 <Entity id="3174"/>
 <Entity id="3177"/>
 <Entity id="3182"/>
 <Entity id="3183"/>
 <Entity id="3186"/>
 <Entity id="3189"/>
 <Entity id="3198"/>
 <Entity id="3201"/>
 <Entity id="3202"/>
 <Entity id="3204"/>
 <Entity id="3206"/>
 <Entity id="3211"/>
 <Entity id="3213"/>
 <Entity id="3215"/>
 <Entity id="3221"/>
 <Entity id="3231"/>
 <Entity id="3233"/>
 <Entity id="3234"/>
 <Entity id="3236"/>
 <Entity id="3238"/>
 <Entity id="3244"/>
 <Entity id="3251"/>
 <Entity id="3252"/>
 <Entity id="3254"/>
 <Entity id="3255"/>
 <Entity id="3258"/>
 <Entity id="3259"/>
 <Entity id="3260"/>
 <Entity id="3261"/>
 <Entity id="3262"/>
 <Entity id="3267"/>
 <Entity id="3268"/>
 <Entity id="3270"/>
 <Entity id="3272"/>
 <Entity id="3273"/>
 <Entity id="3289"/>
 <Entity id="3290"/>
 <Entity id="3291"/>
 <Entity id="3294"/>
 <Entity id="3295"/>
 <Entity id="3296"/>
 <Entity id="3298"/>
 <Entity id="3300"/>
 <Entity id="3308"/>
 <Entity id="3313"/>
 <Entity id="3314"/>
 <Entity id="3315"/>
 <Entity id="3317"/>
 <Entity id="3319"/>
 <Entity id="3325"/>
 <Entity id="3332"/>
 <Entity id="3334"/>
 <Entity id="3335"/>
 <Entity id="3340"/>
 <Entity id="3345"/>
 <Entity id="3346"/>
 <Entity id="3348"/>
 <Entity id="3352"/>
 <Entity id="3355"/>
 <Entity id="3356"/>
 <Entity id="3358"/>
 <Entity id="3361"/>
 <Entity id="3366"/>
 <Entity id="3368"/>
 <Entity id="3370"/>
 <Entity id="3371"/>
 <Entity id="3374"/>
 <Entity id="3375"/>
 <Entity id="3376"/>
 <Entity id="3379"/>
 <Entity id="3380"/>
 <Entity id="3381"/>
 <Entity id="3382"/>
 <Entity id="3384"/>
 <Entity id="3385"/>
 <Entity id="3389"/>
 <Entity id="3392"/>
 <Entity id="3397"/>
 <Entity id="3402"/>
 <Entity id="3403"/>
 <Entity id="3406"/>
 <Entity id="3408"/>
 <Entity id="3410"/>
 <Entity id="3413"/>
 <Entity id="3418"/>
 <Entity id="3419"/>
 <Entity id="3420"/>
 <Entity id="3421"/>
 <Entity id="3422"/>
 <Entity id="3423"/>
 <Entity id="3424"/>
 <Entity id="3428"/>
 <Entity id="3430"/>
 <Entity id="3431"/>
 <Entity id="3433"/>
 <Entity id="3448"/>
 <Entity id="3453"/>
 <Entity id="3458"/>
 <Entity id="3461"/>
 <Entity id="3462"/>
 <Entity id="3469"/>
 <Entity id="3482"/>
 <Entity id="3486"/>
 <Entity id="3490"/>
 <Entity id="3493"/>
 <Entity id="3499"/>
 <Entity id="3500"/>
 <Entity id="3506"/>
 <Entity id="3508"/>
 <Entity id="3509"/>
 <Entity id="3513"/>
 <Entity id="3518"/>
 <Entity id="3519"/>
 <Entity id="3522"/>
 <Entity id="3526"/>
 <Entity id="3527"/>
 <Entity id="3528"/>
 <Entity id="3529"/>
 <Entity id="3531"/>
 <Entity id="3537"/>
 <Entity id="3538"/>
 <Entity id="3541"/>
 <Entity id="3544"/>
 <Entity id="3546"/>
 <Entity id="3556"/>
 <Entity id="3558"/>
 <Entity id="3559"/>
 <Entity id="3561"/>
 <Entity id="3562"/>
 <Entity id="3565"/>
 <Entity id="3572"/>
 <Entity id="3573"/>
 <Entity id="3579"/>
 <Entity id="3584"/>
 <Entity id="3592"/>
 <Entity id="3595"/>
 <Entity id="3601"/>
 <Entity id="3609"/>
 <Entity id="3615"/>
 <Entity id="3622"/>
 <Entity id="3624"/>
 <Entity id="3633"/>
 <Entity id="3634"/>
 <Entity id="3635"/>
 <Entity id="3636"/>
 <Entity id="3640"/>
 <Entity id="3642"/>
 <Entity id="3646"/>
 <Entity id="3647"/>
 <Entity id="3649"/>
 <Entity id="3651"/>
 <Entity id="3659"/>
 <Entity id="3661"/>
 <Entity id="3662"/>
 <Entity id="3663"/>
 <Entity id="3665"/>
 <Entity id="3670"/>
 <Entity id="3674"/>
 <Entity id="3676"/>
 <Entity id="3677"/>
 <Entity id="3678"/>
 <Entity id="3679"/>
 <Entity id="3682"/>
 <Entity id="3686"/>
 <Entity id="3687"/>
 <Entity id="3691"/>
 <Entity id="3693"/>
 <Entity id="3694"/>
 <Entity id="3695"/>
 <Entity id="3698"/>
 <Entity id="3699"/>
 <Entity id="3700"/>
 <Entity id="3701"/>
 <Entity id="3702"/>
 <Entity id="3707"/>
 <Entity id="3714"/>
 <Entity id="3716"/>
 <Entity id="3720"/>
 <Entity id="3721"/>
 <Entity id="3725"/>
 <Entity id="3727"/>
 <Entity id="3732"/>
 <Entity id="3733"/>
 <Entity id="3735"/>
 <Entity id="3740"/>
 <Entity id="3741"/>
 <Entity id="3742"/>
 <Entity id="3743"/>
 <Entity id="3744"/>
 <Entity id="3745"/>
 <Entity id="3746"/>
 <Entity id="3749"/>
 <Entity id="3751"/>
 <Entity id="3752"/>
 <Entity id="3754"/>
 <Entity id="3755"/>
 <Entity id="3759"/>
 <Entity id="3761"/>
 <Entity id="3764"/>
 <Entity id="3768"/>
 <Entity id="3771"/>
 <Entity id="3773"/>
 <Entity id="3776"/>
 <Entity id="3777"/>
 <Entity id="3779"/>
 <Entity id="3781"/>
 <Entity id="3782"/>
 <Entity id="3784"/>
 <Entity id="3785"/>
 <Entity id="3786"/>
 <Entity id="3798"/>
 <Entity id="3799"/>
 <Entity id="3803"/>
 <Entity id="3804"/>
 <Entity id="3805"/>
 <Entity id="3810"/>
 <Entity id="3811"/>
 <Entity id="3813"/>
 <Entity id="3815"/>
 <Entity id="3817"/>
 <Entity id="3818"/>
 <Entity id="3819"/>
 <Entity id="3822"/>
 <Entity id="3825"/>
 <Entity id="3827"/>
 <Entity id="3828"/>
 <Entity id="3832"/>
 <Entity id="3835"/>
 <Entity id="3836"/>
 <Entity id="3840"/>
 <Entity id="3842"/>
 <Entity id="3843"/>
 <Entity id="3847"/>
 <Entity id="3858"/>
 <Entity id="3862"/>
 <Entity id="3868"/>
 <Entity id="3869"/>
 <Entity id="3870"/>
 <Entity id="3871"/>
 <Entity id="3873"/>
 <Entity id="3876"/>
 <Entity id="3882"/>
 <Entity id="3883"/>
 <Entity id="3887"/>
 <Entity id="3889"/>
 <Entity id="3892"/>
 <Entity id="3894"/>
 <Entity id="3895"/>
 <Entity id="3898"/>
 <Entity id="3899"/>
 <Entity id="3905"/>
 <Entity id="3909"/>
 <Entity id="3912"/>
 <Entity id="3913"/>
 <Entity id="3917"/>
 <Entity id="3918"/>
 <Entity id="3919"/>
 <Entity id="3920"/>
 <Entity id="3930"/>
 <Entity id="3939"/>
 <Entity id="3943"/>
 <Entity id="3944"/>
 <Entity id="3948"/>
 <Entity id="3950"/>
 <Entity id="3956"/>
 <Entity id="3957"/>
 <Entity id="3960"/>
 <Entity id="3963"/>
 <Entity id="3967"/>
 <Entity id="3972"/>
 <Entity id="3973"/>
 <Entity id="3977"/>
 <Entity id="3980"/>
 <Entity id="3985"/>
 <Entity id="3987"/>
 <Entity id="3994"/>
 <Entity id="3996"/>
 <Entity id="3999"/>
 <Entity id="4000"/>
 <Entity id="4001"/>
 <Entity id="4004"/>
 <Entity id="4005"/>
 <Entity id="4006"/>
 <Entity id="4007"/>
 <Entity id="4008"/>
 <Entity id="4009"/>
 <Entity id="4011"/>
 <Entity id="4012"/>
 <Entity id="4013"/>
 <Entity id="4015"/>
 <Entity id="4017"/>
 <Entity id="4018"/>
 <Entity id="4019"/>
 <Entity id="4020"/>
 <Entity id="4021"/>
 <Entity id="4022"/>
 <Entity id="4023"/>
 <Entity id="4024"/>
 <Entity id="4025"/>
 <Entity id="4030"/>
 <Entity id="4032"/>
 <Entity id="4034"/>
 <Entity id="4037"/>
 <Entity id="4038"/>
 <Entity id="4039"/>
 <Entity id="4042"/>
 <Entity id="4043"/>
 <Entity id="4044"/>
 <Entity id="4045"/>
 <Entity id="4047"/>
 <Entity id="4049"/>
 <Entity id="4050"/>
 <Entity id="4051"/>
 <Entity id="4052"/>
 <Entity id="4053"/>
 <Entity id="4055"/>
 <Entity id="4057"/>
 <Entity id="4058"/>
 <Entity id="4060"/>
 <Entity id="4061"/>
 <Entity id="4062"/>
 <Entity id="4063"/>
 <Entity id="4065"/>
 <Entity id="4067"/>
 <Entity id="4068"/>
 <Entity id="4070"/>
 <Entity id="4071"/>
 <Entity id="4074"/>
 <Entity id="4076"/>
 <Entity id="4077"/>
 <Entity id="4080"/>
 <Entity id="4082"/>
 <Entity id="4085"/>
 <Entity id="4086"/>
 <Entity id="4087"/>
 <Entity id="4089"/>
 <Entity id="4092"/>
 <Entity id="4093"/>
 <Entity id="4095"/>
 <Entity id="4096"/>
 <Entity id="4097"/>
 <Entity id="4098"/>
 <Entity id="4100"/>
 <Entity id="4101"/>
 <Entity id="4102"/>
 <Entity id="4103"/>
 <Entity id="4105"/>
 <Entity id="4106"/>
 <Entity id="4107"/>
 <Entity id="4111"/>
 <Entity id="4113"/>
 <Entity id="4114"/>
 <Entity id="4117"/>
 <Entity id="4120"/>
 <Entity id="4121"/>
 <Entity id="4125"/>
 <Entity id="4127"/>
 <Entity id="4128"/>
 <Entity id="4130"/>
 <Entity id="4131"/>
 <Entity id="4132"/>
 <Entity id="4133"/>
 <Entity id="4134"/>
 <Entity id="4137"/>
 <Entity id="4139"/>
 <Entity id="4141"/>
 <Entity id="4144"/>
 <Entity id="4146"/>
 <Entity id="4150"/>
 <Entity id="4151"/>
 <Entity id="4152"/>
 <Entity id="4157"/>
 <Entity id="4160"/>
 <Entity id="4162"/>
 <Entity id="4172"/>
 <Entity id="4173"/>
 <Entity id="4175"/>
 <Entity id="4178"/>
 <Entity id="4180"/>
 <Entity id="4192"/>
 <Entity id="4194"/>
 <Entity id="4197"/>
 <Entity id="4198"/>
 <Entity id="4200"/>
 <Entity id="4206"/>
 <Entity id="4210"/>
 <Entity id="4211"/>
 <Entity id="4212"/>
 <Entity id="4217"/>
 <Entity id="4221"/>
 <Entity id="4224"/>
 <Entity id="4231"/>
 <Entity id="4234"/>
 <Entity id="4236"/>
 <Entity id="4240"/>
 <Entity id="4241"/>
 <Entity id="4250"/>
 <Entity id="4254"/>
 <Entity id="4260"/>
 <Entity id="4263"/>
 <Entity id="4265"/>
 <Entity id="4266"/>
 <Entity id="4272"/>
 <Entity id="4274"/>
 <Entity id="4276"/>
 <Entity id="4277"/>
 <Entity id="4286"/>
 <Entity id="4288"/>
 <Entity id="4289"/>
 <Entity id="4290"/>
 <Entity id="4293"/>
 <Entity id="4300"/>
 <Entity id="4301"/>
 <Entity id="4302"/>
 <Entity id="4304"/>
 <Entity id="4313"/>
 <Entity id="4317"/>
 <Entity id="4318"/>
 <Entity id="4319"/>
 <Entity id="4326"/>
 <Entity id="4327"/>
 <Entity id="4328"/>
 <Entity id="4329"/>
 <Entity id="4334"/>
 <Entity id="4338"/>
 <Entity id="4341"/>
 <Entity id="4346"/>
 <Entity id="4354"/>
 <Entity id="4356"/>
 <Entity id="4357"/>
 <Entity id="4358"/>
 <Entity id="4361"/>
 <Entity id="4362"/>
 <Entity id="4364"/>
 <Entity id="4365"/>
 <Entity id="4369"/>
 <Entity id="4372"/>
 <Entity id="4373"/>
 <Entity id="4374"/>
 <Entity id="4375"/>
 <Entity id="4378"/>
 <Entity id="4379"/>
 <Entity id="4383"/>
 <Entity id="4392"/>
 <Entity id="4393"/>
 <Entity id="4394"/>
 <Entity id="4396"/>
 <Entity id="4398"/>
 <Entity id="4400"/>
 <Entity id="4401"/>
 <Entity id="4404"/>
 <Entity id="4405"/>
 <Entity id="4408"/>
 <Entity id="4411"/>
 <Entity id="4413"/>
 <Entity id="4420"/>
 <Entity id="4424"/>
 <Entity id="4426"/>
 <Entity id="4433"/>
 <Entity id="4434"/>
 <Entity id="4435"/>
 <Entity id="4439"/>
 <Entity id="4443"/>
 <Entity id="4449"/>
 <Entity id="4459"/>
 <Entity id="4461"/>
 <Entity id="4464"/>
 <Entity id="4465"/>
 <Entity id="4466"/>
 <Entity id="4469"/>
 <Entity id="4472"/>
 <Entity id="4473"/>
 <Entity id="4476"/>
 <Entity id="4479"/>
 <Entity id="4480"/>
 <Entity id="4481"/>
 <Entity id="4482"/>
 <Entity id="4485"/>
 <Entity id="4486"/>
 <Entity id="4488"/>
 <Entity id="4491"/>
 <Entity id="4493"/>
 <Entity id="4496"/>
 <Entity id="4508"/>
 <Entity id="4511"/>
 <Entity id="4518"/>
 <Entity id="4522"/>
 <Entity id="4523"/>
 <Entity id="4524"/>
 <Entity id="4532"/>
 <Entity id="4542"/>
 <Entity id="4550"/>
 <Entity id="4553"/>
 <Entity id="4554"/>
 <Entity id="4557"/>
 <Entity id="4559"/>
 <Entity id="4560"/>
 <Entity id="4566"/>
 <Entity id="4569"/>
 <Entity id="4571"/>
 <Entity id="4573"/>
 <Entity id="4575"/>
 <Entity id="4580"/>
 <Entity id="4594"/>
 <Entity id="4595"/>
 <Entity id="4596"/>
 <Entity id="4599"/>
 <Entity id="4600"/>
 <Entity id="4604"/>
 <Entity id="4612"/>
 <Entity id="4615"/>
 <Entity id="4617"/>
 <Entity id="4620"/>
 <Entity id="4621"/>
 <Entity id="4624"/>
 <Entity id="4626"/>
 <Entity id="4634"/>
 <Entity id="4638"/>
 <Entity id="4639"/>
 <Entity id="4645"/>
 <Entity id="4646"/>
 <Entity id="4647"/>
 <Entity id="4649"/>
 <Entity id="4655"/>
 <Entity id="4658"/>
 <Entity id="4668"/>
 <Entity id="4669"/>
 <Entity id="4672"/>
 <Entity id="4673"/>
 <Entity id="4676"/>
 <Entity id="4679"/>
 <Entity id="4684"/>
 <Entity id="4689"/>
 <Entity id="4693"/>
 <Entity id="4695"/>
 <Entity id="4702"/>
 <Entity id="4703"/>
 <Entity id="4704"/>
 <Entity id="4705"/>
 <Entity id="4709"/>
 <Entity id="4711"/>
 <Entity id="4719"/>
 <Entity id="4721"/>
 <Entity id="4724"/>
 <Entity id="4726"/>
 <Entity id="4727"/>
 <Entity id="4731"/>
 <Entity id="4735"/>
 <Entity id="4740"/>
 <Entity id="4747"/>
 <Entity id="4754"/>
 <Entity id="4759"/>
 <Entity id="4764"/>
 <Entity id="4772"/>
 <Entity id="4780"/>
 <Entity id="4782"/>
 <Entity id="4784"/>
 <Entity id="4788"/>
 <Entity id="4790"/>
 <Entity id="4793"/>
 <Entity id="4798"/>
 <Entity id="4806"/>
 <Entity id="4809"/>
 <Entity id="4811"/>
 <Entity id="4815"/>
 <Entity id="4816"/>
 <Entity id="4818"/>
 <Entity id="4821"/>
 <Entity id="4825"/>
 <Entity id="4827"/>
 <Entity id="4833"/>
 <Entity id="4835"/>
 <Entity id="4837"/>
 <Entity id="4848"/>
 <Entity id="4849"/>
 <Entity id="4851"/>
 <Entity id="4852"/>
 <Entity id="4853"/>
 <Entity id="4861"/>
 <Entity id="4864"/>
 <Entity id="4866"/>
 <Entity id="4875"/>
 <Entity id="4886"/>
 <Entity id="4894"/>
 <Entity id="4899"/>
 <Entity id="4900"/>
 <Entity id="4911"/>
 <Entity id="4912"/>
 <Entity id="4914"/>
 <Entity id="4919"/>
 <Entity id="4921"/>
 <Entity id="4930"/>
 <Entity id="4931"/>
 <Entity id="4932"/>
 <Entity id="4933"/>
 <Entity id="4935"/>
 <Entity id="4940"/>
 <Entity id="4942"/>
 <Entity id="4948"/>
 <Entity id="4951"/>
 <Entity id="4952"/>
 <Entity id="4953"/>
 <Entity id="4956"/>
 <Entity id="4957"/>
 <Entity id="4958"/>
 <Entity id="4960"/>
 <Entity id="4966"/>
 <Entity id="4968"/>
 <Entity id="4974"/>
 <Entity id="4975"/>
 <Entity id="4983"/>
 <Entity id="4985"/>
 <Entity id="4987"/>
 <Entity id="4988"/>
 <Entity id="4994"/>
 <Entity id="4995"/>
 <Entity id="5002"/>
 <Entity id="5003"/>
 <Entity id="5006"/>
 <Entity id="5015"/>
 <Entity id="5016"/>
 <Entity id="5018"/>
 <Entity id="5019"/>
 <Entity id="5020"/>
 <Entity id="5021"/>
 <Entity id="5025"/>
 <Entity id="5031"/>
 <Entity id="5033"/>
 <Entity id="5034"/>
 <Entity id="5036"/>
 <Entity id="5043"/>
 <Entity id="5049"/>
 <Entity id="5051"/>
 <Entity id="5052"/>
 <Entity id="5053"/>
 <Entity id="5055"/>
 <Entity id="5058"/>
 <Entity id="5060"/>
 <Entity id="5062"/>
 <Entity id="5063"/>
 <Entity id="5065"/>
 <Entity id="5066"/>
 <Entity id="5068"/>
 <Entity id="5069"/>
 <Entity id="5070"/>
 <Entity id="5071"/>
 <Entity id="5072"/>
 <Entity id="5076"/>
 <Entity id="5078"/>
 <Entity id="5080"/>
 <Entity id="5081"/>
 <Entity id="5082"/>
 <Entity id="5087"/>
 <Entity id="5088"/>
 <Entity id="5089"/>
 <Entity id="5091"/>
 <Entity id="5094"/>
 <Entity id="5097"/>
 <Entity id="5098"/>
 <Entity id="5099"/>
 <Entity id="5101"/>
 <Entity id="5102"/>
 <Entity id="5104"/>
 <Entity id="5110"/>
 <Entity id="5111"/>
 <Entity id="5114"/>
 <Entity id="5115"/>
 <Entity id="5116"/>
 <Entity id="5118"/>
 <Entity id="5120"/>
 <Entity id="5121"/>
 <Entity id="5122"/>
 <Entity id="5133"/>
 <Entity id="5134"/>
 <Entity id="5136"/>
 <Entity id="5137"/>
 <Entity id="5149"/>
 <Entity id="5158"/>
 <Entity id="5159"/>
 <Entity id="5165"/>
 <Entity id="5170"/>
 <Entity id="5171"/>
 <Entity id="5174"/>
 <Entity id="5180"/>
 <Entity id="5184"/>
 <Entity id="5185"/>
 <Entity id="5186"/>
 <Entity id="5187"/>
 <Entity id="5188"/>
 <Entity id="5191"/>
 <Entity id="5192"/>
 <Entity id="5196"/>
 <Entity id="5197"/>
 <Entity id="5199"/>
 <Entity id="5201"/>
 <Entity id="5208"/>
 <Entity id="5215"/>
 <Entity id="5216"/>
 <Entity id="5217"/>
 <Entity id="5218"/>
 <Entity id="5221"/>
 <Entity id="5222"/>
 <Entity id="5225"/>
 <Entity id="5226"/>
 <Entity id="5227"/>
 <Entity id="5228"/>
 <Entity id="5231"/>
 <Entity id="5235"/>
 <Entity id="5237"/>
 <Entity id="5244"/>
 <Entity id="5245"/>
 <Entity id="5249"/>
 <Entity id="5255"/>
 <Entity id="5258"/>
 <Entity id="5260"/>
 <Entity id="5262"/>
 <Entity id="5263"/>
 <Entity id="5265"/>
 <Entity id="5268"/>
 <Entity id="5269"/>
 <Entity id="5271"/>
 <Entity id="5272"/>
 <Entity id="5273"/>
 <Entity id="5274"/>
 <Entity id="5275"/>
 <Entity id="5277"/>
 <Entity id="5279"/>
 <Entity id="5280"/>
 <Entity id="5281"/>
 <Entity id="5282"/>
 <Entity id="5286"/>
 <Entity id="5287"/>
 <Entity id="5289"/>
 <Entity id="5290"/>
 <Entity id="5293"/>
 <Entity id="5294"/>
 <Entity id="5295"/>
 <Entity id="5299"/>
 <Entity id="5305"/>
 <Entity id="5313"/>
 <Entity id="5315"/>
 <Entity id="5317"/>
 <Entity id="5322"/>
 <Entity id="5323"/>
 <Entity id="5326"/>
 <Entity id="5327"/>
 <Entity id="5333"/>
 <Entity id="5334"/>
 <Entity id="5339"/>
 <Entity id="5342"/>
 <Entity id="5343"/>
 <Entity id="5349"/>
 <Entity id="5352"/>
 <Entity id="5360"/>
 <Entity id="5361"/>
 <Entity id="5366"/>
 <Entity id="5368"/>
 <Entity id="5372"/>
 <Entity id="5373"/>
 <Entity id="5374"/>
 <Entity id="5380"/>
 <Entity id="5386"/>
 <Entity id="5387"/>
 <Entity id="5388"/>
 <Entity id="5389"/>
 <Entity id="5392"/>
 <Entity id="5393"/>
 <Entity id="5395"/>
 <Entity id="5397"/>
 <Entity id="5400"/>
 <Entity id="5408"/>
 <Entity id="5420"/>
 <Entity id="5423"/>
 <Entity id="5424"/>
 <Entity id="5425"/>
 <Entity id="5429"/>
 <Entity id="5432"/>
 <Entity id="5433"/>
 <Entity id="5434"/>
 <Entity id="5437"/>
 <Entity id="5439"/>
 <Entity id="5441"/>
 <Entity id="5453"/>
 <Entity id="5454"/>
 <Entity id="5455"/>
 <Entity id="5458"/>
 <Entity id="5460"/>
 <Entity id="5465"/>
 <Entity id="5467"/>
 <Entity id="5469"/>
 <Entity id="5470"/>
 <Entity id="5473"/>
 <Entity id="5479"/>
 <Entity id="5485"/>
 <Entity id="5486"/>
 <Entity id="5487"/>
 <Entity id="5490"/>
 <Entity id="5492"/>
 <Entity id="5495"/>
 <Entity id="5497"/>
 <Entity id="5501"/>
 <Entity id="5504"/>
 <Entity id="5510"/>
 <Entity id="5511"/>
 <Entity id="5519"/>
 <Entity id="5527"/>
 <Entity id="5531"/>
 <Entity id="5543"/>
 <Entity id="5550"/>
 <Entity id="5553"/>
 <Entity id="5554"/>
 <Entity id="5556"/>
 <Entity id="5557"/>
 <Entity id="5561"/>
 <Entity id="5564"/>
 <Entity id="5568"/>
 <Entity id="5572"/>
 <Entity id="5573"/>
 <Entity id="5575"/>
 <Entity id="5576"/>
 <Entity id="5577"/>
 <Entity id="5578"/>
 <Entity id="5581"/>
 <Entity id="5592"/>
 <Entity id="5596"/>
 <Entity id="5601"/>
 <Entity id="5607"/>
 <Entity id="5608"/>
 <Entity id="5609"/>
 <Entity id="5610"/>
 <Entity id="5611"/>
 <Entity id="5612"/>
 <Entity id="5613"/>
 <Entity id="5614"/>
 <Entity id="5615"/>
 <Entity id="5616"/>
 <Entity id="5617"/>
 <Entity id="5618"/>
 <Entity id="5619"/>
 <Entity id="5620"/>
 <Entity id="5621"/>
 <Entity id="5622"/>
 <Entity id="5623"/>
 <Entity id="5624"/>
 <Entity id="5625"/>
 <Entity id="5626"/>
 <Entity id="5627"/>
 <Entity id="5628"/>
 <Entity id="5629"/>
 <Entity id="5630"/>
 <Entity id="5631"/>
 <Entity id="5632"/>
 <Entity id="5633"/>
 <Entity id="5634"/>
 <Entity id="5635"/>
 <Entity id="5637"/>
 <Entity id="5639"/>
 <Entity id="5640"/>
 <Entity id="5641"/>
 <Entity id="5642"/>
 <Entity id="5643"/>
 <Entity id="5644"/>
 <Entity id="5645"/>
 <Entity id="5646"/>
 <Entity id="5647"/>
 <Entity id="5648"/>
 <Entity id="5649"/>
 <Entity id="5650"/>
 <Entity id="5651"/>
 <Entity id="5652"/>
 <Entity id="5653"/>
 <Entity id="5654"/>
 <Entity id="5655"/>
 <Entity id="5656"/>
 <Entity id="5657"/>
 <Entity id="5658"/>
 <Entity id="5659"/>
 <Entity id="5660"/>
 <Entity id="5662"/>
 <Entity id="5664"/>
 <Entity id="5665"/>
 <Entity id="5666"/>
 <Entity id="5667"/>
 <Entity id="5668"/>
 <Entity id="5670"/>
 <Entity id="5671"/>
 <Entity id="5672"/>
 <Entity id="5673"/>
 <Entity id="5674"/>
 <Entity id="5675"/>
 <Entity id="5676"/>
 <Entity id="5677"/>
 <Entity id="5678"/>
 <Entity id="5679"/>
 <Entity id="5680"/>
 <Entity id="5681"/>
 <Entity id="5682"/>
 <Entity id="5683"/>
 <Entity id="5684"/>
 <Entity id="5685"/>
 <Entity id="5686"/>
 <Entity id="5687"/>
 <Entity id="5688"/>
 <Entity id="5689"/>
 <Entity id="5690"/>
 <Entity id="5691"/>
 <Entity id="5692"/>
 <Entity id="5693"/>
 <Entity id="5694"/>
 <Entity id="5695"/>
 <Entity id="5696"/>
 <Entity id="5697"/>
 <Entity id="5698"/>
 <Entity id="5699"/>
 <Entity id="5700"/>
 <Entity id="5701"/>
 <Entity id="5702"/>
 <Entity id="5703"/>
 <Entity id="5704"/>
 <Entity id="5705"/>
 <Entity id="5706"/>
 <Entity id="5707"/>
 <Entity id="5708"/>
 <Entity id="5709"/>
 <Entity id="5710"/>
 <Entity id="5711"/>
 <Entity id="5712"/>
 <Entity id="5713"/>
 <Entity id="5714"/>
 <Entity id="5715"/>
 <Entity id="5716"/>
 <Entity id="5717"/>
 <Entity id="5718"/>
 <Entity id="5719"/>
 <Entity id="5721"/>
 <Entity id="5723"/>
 <Entity id="5725"/>
 <Entity id="5726"/>
 <Entity id="5727"/>
</EntitySerialization>
