
<Dialog>
 <Dialog id="13680621263376916420" text="Commander Dahl. This is Kaspar. Status report. " modified="11/06/2015 12:50:36 PM"/>
 <Dialog id="13680621263376916485" text="All major servers and terminals are locked down. Rip and Intecept Protocols are in operation." modified="01/21/2016 10:33:24 PM"/>
 <Dialog id="13680621263376917054" text="Searching access patterns within the last three hours. Progress estimate. Sixty three percent. " modified="01/21/2016 03:36:15 PM"/>
 <Dialog id="13680621263376917103" text="Affirmative. Resuming." modified="11/06/2015 12:52:51 PM"/>
 <Dialog id="13680621263376917466" text="Commander Dahl. This is Kaspar. Morgan Yu sighted. I repeat Morgan Yu sighted. " modified="11/06/2015 12:58:38 PM"/>
 <Dialog id="13680621263376917723" text="Commander Dahl, do you copy? Commander Dahl...?" modified="11/06/2015 01:02:19 PM"/>
 <Dialog id="13680621263376918075" text="Server Arx F30 through F37 ripped. " modified="01/21/2016 03:28:03 PM"/>
 <Dialog id="13680621263376918089" text="Index cluster. Null mask reference. Deleted. " modified="01/21/2016 03:17:41 PM"/>
 <Dialog id="13680621263376918105" text="Ghost job InterceptD operational. Sensitives routing to shuttle cache." modified="01/21/2016 03:16:17 PM"/>
 <Dialog id="13680621263376918151" text="(Machine Sounds)" modified="07/12/2016 12:03:33 AM" notes="Variant 1. Something like a hard drive defragging. Low tone machine language boops."/>
 <Dialog id="13680621263376918204" text="(Machine Sounds)" modified="07/12/2016 12:03:39 AM" notes="Variant 2. Something like a hard drive defragging. Low tone machine language boops."/>
 <Dialog id="13680621263383491806" text="Servers Arx F13 through F21 ripped." modified="01/21/2016 03:27:52 PM"/>
 <Dialog id="13680621263383492131" text="Psychotronics data. Priority tag. Delivery node Occam LSDS-3." modified="01/21/2016 03:27:15 PM" notes="Lunar Satellite Data System"/>
 <Dialog id="13680621263383492460" text="Data vault  DVM-3. Prior ejection." modified="01/21/2016 03:22:47 PM"/>
 <Dialog id="13680621263383520434" text="I read you." modified="01/21/2016 11:07:30 PM" sync="true"/>
 <Dialog id="13680621263383520471" text="Holding. Small group of survivors still present. " modified="01/21/2016 11:08:07 PM" sync="true"/>
 <Dialog id="13680621263383520544" text="Network is still locked down. Alex has no means of access.    " modified="01/21/2016 11:09:20 PM" sync="true"/>
 <Dialog id="13680621263383520559" text="Installing Rip and Intercept protocols. Thirty five percent complete.   " modified="01/21/2016 11:09:35 PM" sync="true"/>
 <Dialog id="13680621263383520772" text="Negative. The encryption is trivial, but another user is employing countermeasures against me." modified="07/11/2016 11:54:42 PM" sync="true"/>
 <Dialog id="13680621263383520789" text="I would like dedicate more processing power to it." modified="01/21/2016 11:13:29 PM" sync="true"/>
 <Dialog id="13680621263383520852" text="There is no person aboard Talos I who can perform operations as fast-" modified="07/11/2016 11:54:49 PM" sync="true"/>
 <Dialog id="13680621263383521006" text="Improbable. There are none like me.  " modified="01/21/2016 11:17:02 PM" sync="true"/>
 <Dialog id="13680621263383524483" text="Oxygen nearly depleted. I expect loss of consciousness momentarily." modified="07/12/2016 12:16:00 AM" sync="true"/>
 <Dialog id="13680621263394143972" text="Killphrase. Navarre, Orange, Delilah." modified="05/23/2016 10:06:28 PM"/>
 <Dialog id="13680621263394143980" text="Initiate." modified="05/23/2016 10:06:36 PM"/>
</Dialog>