
<Dialog>
 <Dialog id="13680621263359125636" facefx="3" sync="true" notes="1st Video" text="Hello, Morgan. " modified="07/12/2016 06:38:31 PM"/>
 <Dialog id="13680621263360276147" facefx="3" sync="true" notes="1st Video" text="Your memory&apos;s shot full of holes, I know. I&apos;m sorry, but it&apos;s permanent. " modified="04/16/2016 02:27:48 AM"/>
 <Dialog id="13680621263360276202" facefx="3" sync="true" notes="1st Video" text="So the first thing you need to know is you can trust January. It&apos;s an Operator, a sort of backup of you and me." modified="07/12/2016 04:35:37 PM"/>
 <Dialog id="13680621263360276217" facefx="3" sync="true" notes="1st Video" text="It knows what you&apos;ve forgotten." modified="04/16/2016 02:28:21 AM"/>
 <Dialog id="13680621263360276267" facefx="0" sync="true" notes="1st Video" text="I - you - designed the tests." modified="07/12/2016 04:34:17 PM"/>
 <Dialog id="13680621263360276285" facefx="3" sync="true" notes="1st Video" text="Problem is, when you uninstall a Neuromod it resets your memory - back to the moment you first put it in." modified="07/12/2016 04:34:13 PM"/>
 <Dialog id="13680621263360276292" facefx="3" sync="true" notes="1st Video" text="There&apos;s supposed to be a process to bring you back up to speed between test runs. " modified="02/12/2016 04:16:24 PM"/>
 <Dialog id="13680621263360276299" facefx="3" sync="true" notes="1st Video" text="But... someone could just skip that part. Turn a single day into your entire life." modified="02/12/2016 04:17:26 PM"/>
 <Dialog id="13680621263360276307" facefx="3" sync="true" notes="1st Video" text="Well. That&apos;s exactly what Alex did." modified="04/27/2015 10:29:48 PM"/>
 <Dialog id="13680621263360276316" facefx="3" sync="true" notes="1st Video" text="The question is, why? " modified="04/27/2015 10:29:07 PM"/>
 <Dialog id="13680621263360276532" facefx="3" sync="true" notes="1st Video and Second Video" text="You&apos;re not going to like what I have to say next. " modified="02/12/2016 04:00:49 PM"/>
 <Dialog id="13680621263360435719" text="My name is Morgan Yu." modified="02/13/2016 01:56:08 AM" sync="true" facefx="3"/>
 <Dialog id="13680621263360435747" text="Year is 2035. I&apos;m aboard the Talos I research facility. " modified="05/08/2016 11:32:48 PM" sync="true" facefx="3"/>
 <Dialog id="13680621263360435795" text="What else?" modified="04/29/2015 06:43:31 PM" notes="Morgan looks at . Alex." sync="true" facefx="3"/>
 <Dialog id="13680621263360435898" text="Right. Because my big brother is paranoid. " modified="04/29/2015 06:45:14 PM" sync="true" facefx="3"/>
 <Dialog id="13680621263360435919" text="Psychometric data is showing statistically significant variance in personality patterns between trial runs of the new Neuromods." modified="05/08/2016 11:34:41 PM" notes="{eye-roll tone, like he&apos;s reciting from a report} " sync="true" facefx="3"/>
 <Dialog id="13680621263360435944" text="(Sigh) Whatever. I feel more like myself than ever. " modified="07/12/2016 04:35:56 PM" sync="true" facefx="3"/>
 <Dialog id="13680621263360435968" text="I mean - look at this..." modified="07/12/2016 04:34:11 PM" notes="{Morgan floats several objects off the ground with his mind. Then speaks distractedly, concentrating} " sync="true" facefx="3"/>
 <Dialog id="13680621263360436021" text="So... the Typhon organisms have been producing an elaborate structure. Material is unknown. Purpose unknown." modified="07/12/2016 04:36:11 PM" notes="clears away the momentary funk he was in, Morgan goes into science mode" sync="true" facefx="3"/>
 <Dialog id="13680621263360436045" text="My gut tells me it&apos;s a kind of neural framework but externalized. Still waiting on analysis to confirm." modified="04/29/2015 06:47:41 PM" sync="true" facefx="3"/>
 <Dialog id="13680621263360436065" text="In the meantime, I&apos;ve given Alex the design for a device I think could shut it down, if it ever broke containment." modified="02/13/2016 03:58:25 AM" sync="true" facefx="3"/>
 <Dialog id="13680621263360436140" text="It&apos;ll work. Trust me. What else are we going to do? Blow everything up? That won&apos;t save us." modified="07/12/2016 04:36:14 PM" sync="true" facefx="3"/>
 <Dialog id="13680621263360436170" text="The people that come after us will be smarter, stronger. Immortal. They can judge us if they want." modified="07/12/2016 04:36:17 PM" notes="{waits a beat before answering} Behind Morgan, outside the window, Earthrise. Morgan turns to gaze at it a beat, then looks at Alex." sync="true" facefx="3"/>
 <Dialog id="13680621263374355539" text="Yeah. Data looks good. Scrub it and send it up to me as soon as you can." modified="05/05/2016 11:36:45 PM" notes="Seems rattled. Angry."/>
 <Dialog id="13680621263376756196" text="I have... months that are just... gone. I&apos;ve been listening to the logs. Reading the research. Playing catch-up." modified="07/12/2016 04:36:19 PM"/>
 <Dialog id="13680621263376756756" text="Does it always go the same way?" modified="11/04/2015 04:33:44 PM"/>
 <Dialog id="13680621263376756783" text="What does that mean?" modified="11/04/2015 04:19:59 PM"/>
 <Dialog id="13680621263376756806" text="I think it means you should be concerned as my counselor." modified="11/04/2015 04:20:22 PM"/>
 <Dialog id="13680621263376756879" text="No." modified="11/04/2015 04:21:35 PM"/>
 <Dialog id="13680621263376756933" text="I said no. That&apos;s not me." modified="11/04/2015 04:34:10 PM"/>
 <Dialog id="13680621263376756958" text="I don&apos;t know. I just know. " modified="11/04/2015 04:22:54 PM"/>
 <Dialog id="13680621263376757032" text="I didn&apos;t agree to any of this. That - Morgan - is not me. I would nev- do you know what&apos;s going on in Psychotronics?" modified="07/12/2016 04:33:30 PM"/>
 <Dialog id="13680621263376757049" text="Do you?" modified="11/04/2015 04:24:25 PM"/>
 <Dialog id="13680621263376757076" text="What do you know about the Typhon?" modified="11/04/2015 04:24:52 PM"/>
 <Dialog id="13680621263376757409" text="Them. You do know, you snake. How can you sit there?" modified="11/04/2015 04:35:48 PM"/>
 <Dialog id="13680621263376757447" text="I don&apos;t want a pill. I want this station shut down. I want Earth-" modified="07/12/2016 04:34:05 PM"/>
 <Dialog id="13680621263376757466" text="I said no!" modified="11/04/2015 04:31:22 PM"/>
 <Dialog id="13680621263382828617" text="It&apos;s not the same as looking at models and photos." modified="01/13/2016 10:57:49 PM" notes="Staring at the sation. A littled awed."/>
 <Dialog id="13680621263384705584" text="Release." modified="02/04/2016 04:20:00 PM"/>
 <Dialog id="13680621263384705861" text="I want a new design on the mimicry connectomes before I dive into the sim again." modified="02/04/2016 04:24:37 PM" notes="Seems rattled. Angry."/>
 <Dialog id="13680621263385396032" text="Tough day, right? If I&apos;m talking to myself, it must be." modified="02/12/2016 04:07:28 PM" notes="1st Video" sync="true" facefx="3"/>
 <Dialog id="13680621263385396699" facefx="3" sync="true" notes="1st video" text="That&apos;s why you forget." modified="02/12/2016 04:18:43 PM"/>
 <Dialog id="13680621263385424425" text="We&apos;ve been testing a new kind of Neuromod based on the Typhon organisms. Mapping their neural patterns onto ours." modified="04/16/2016 02:28:44 AM" notes="1st Video &quot;their&quot; &quot;ours&quot;" sync="true" facefx="3"/>
 <Dialog id="13680621263385425093" text="You have to destroy Talos I." modified="07/12/2016 04:34:08 PM" notes="1st Video--Part2" sync="true" facefx="3"/>
 <Dialog id="13680621263385425213" text="It&apos;s the only way to stop the Typhon. We thought we could cage them and steal their secrets. We were wrong." modified="07/12/2016 04:34:07 PM" notes="1st Video--Part2" sync="true" facefx="3"/>
 <Dialog id="13680621263385425230" text=" If just one of those creatures gets back to Earth... we&apos;re lost." modified="07/12/2016 04:36:50 PM" notes="1st Video--Part2" sync="true" facefx="3"/>
 <Dialog id="13680621263385425252" text="Here&apos;s how it works." modified="02/13/2016 01:44:43 AM" notes="1st Video--Part2 Leans forward, intense, quicker" sync="true"/>
 <Dialog id="13680621263385425265" text="Two keys. You need them both to arm the station&apos;s self-destruct mechanism." modified="07/12/2016 04:34:23 PM" notes="1st Video--Part2 holds up fingers" sync="true"/>
 <Dialog id="13680621263385425276" text="Alex has one. You had the other, until Alex threw it into a Recycler." modified="07/12/2016 04:34:29 PM" notes="1st Video--Part2 &quot;had&quot;" sync="true"/>
 <Dialog id="13680621263385425296" text="Not a problem. January will help you make a new one." modified="07/12/2016 04:34:30 PM" notes="1st Video--Part2 " sync="true" facefx="3"/>
 <Dialog id="13680621263385425310" text="Alex is going to fight you every step of the way." modified="07/12/2016 04:34:32 PM" notes="1st Video--Part2" sync="true"/>
 <Dialog id="13680621263385425317" text="He&apos;s allergic to failure. Too proud to go back to mom and dad with his tail between his legs." modified="07/12/2016 04:34:34 PM" notes="1st Video--Part2" sync="true" facefx="3"/>
 <Dialog id="13680621263385425337" text="I keep having this... dream." modified="02/13/2016 01:45:53 AM" notes="Exhausted."/>
 <Dialog id="13680621263385425350" text="I&apos;m just staring into the black between the stars. There&apos;s something there. I know there is. I just can&apos;t see it... but it sees me." modified="07/12/2016 04:37:01 PM" notes="Exhausted."/>
 <Dialog id="13680621263385425358" text="I can feel it... hate us." modified="07/12/2016 04:37:08 PM" notes="Exhausted."/>
 <Dialog id="13680621263385425366" text="I know you know what I&apos;m talking about. Or you will soon." modified="02/13/2016 12:16:22 AM" notes="Exhausted."/>
 <Dialog id="13680621263385425373" text="So, it&apos;s up to you now." modified="04/16/2016 02:39:18 AM" notes="1st Video--Part2 " sync="true" facefx="3"/>
 <Dialog id="13680621263385425378" text="Told you you wouldn&apos;t like it." modified="04/16/2016 02:40:16 AM" notes="1st Video--Part2" sync="true" facefx="3"/>
 <Dialog id="13680621263385431764" text="We did it, Alex. It&apos;s real." modified="02/13/2016 02:03:00 AM" sync="true"/>
 <Dialog id="13680621263385431876" text="I know. Including my memory of it." modified="07/12/2016 04:37:13 PM" notes="objects hang a moment longer, then crash to the ground. Morgan grows sullen, what&apos;s coming won&apos;t be pleasant.} " sync="true" facefx="3"/>
 <Dialog id="13680621263385438705" text="Alex just has to grow a pair and commit." modified="02/13/2016 04:06:41 AM" notes="{back to Alex, goading a little} " sync="true" facefx="3"/>
 <Dialog id="13680621263385439025" text="But they&apos;ll know they exist because of the things we did." modified="02/13/2016 04:04:01 AM" sync="true" facefx="3"/>
 <Dialog id="13680621263385439035" text="I&apos;m ready. Do it." modified="02/13/2016 04:04:11 AM" notes="{leans back into the Neuromod removal chair.} " sync="true" facefx="3"/>
 <Dialog id="13680621263391269487" text="(Pain Grunt)" modified="07/12/2016 04:37:27 PM" notes="generic grunt of pain, variant 1"/>
 <Dialog id="13680621263391269499" text="(Pain Grunt)" modified="07/12/2016 04:37:37 PM" notes="generic grunt of pain, variant 2"/>
 <Dialog id="13680621263391269537" text="(Hiss of Pain)" modified="07/12/2016 04:37:44 PM" notes="player was burned, variant 1"/>
 <Dialog id="13680621263391269544" text="(Hiss of Pain)" modified="07/12/2016 04:37:52 PM" notes="player was burned, variant 1"/>
 <Dialog id="13680621263391271376" text="(Pain Grunt)" modified="07/12/2016 04:38:00 PM" notes="generic grunt of pain, variant 3"/>
 <Dialog id="13680621263391271401" text="(Vomiting)" modified="07/12/2016 04:38:26 PM" notes="player was sickened, poisoned"/>
 <Dialog id="13680621263391271422" text="(Short Gasp)" modified="07/12/2016 04:38:32 PM" notes="player tried to walk on a twisted ankle, short gasp, breathing, variant 1"/>
 <Dialog id="13680621263391271431" text="(Short Gasp)" modified="07/12/2016 04:38:38 PM" notes="player tried to walk on a twisted ankle, short gasp, breathing, variant 2"/>
 <Dialog id="13680621263391271484" text="(Grunt of Effort)" modified="07/12/2016 04:38:43 PM" notes="player is climging up over a wall, variant 1"/>
 <Dialog id="13680621263391271491" text="(Grunt of Effort)" modified="07/12/2016 04:38:49 PM" notes="player is climging up over a wall, variant 1"/>
 <Dialog id="13680621263391271574" text="(Gasp)" modified="07/12/2016 04:38:53 PM" notes="player was knocked down, variant 1"/>
 <Dialog id="13680621263391271580" text="(Gasp)" modified="07/12/2016 04:38:57 PM" notes="player was knocked down, variant 2"/>
 <Dialog id="13680621263391271609" text="(Pain Grunt)" modified="07/12/2016 04:34:49 PM" notes="player tried to run on a broken ankle--stopped short. cry of pain, grunt thru teeth,  labored breathing. 2-3 secs. Variant 1"/>
 <Dialog id="13680621263391271617" text="(Pain Grunt)" modified="07/12/2016 04:34:51 PM" notes="player tried to run on a broken ankle--stopped short. cry of pain, grunt thru teeth,  labored breathing. 2-3 secs. Variant 1"/>
 <Dialog id="13680621263391271675" text="(Growl)" modified="07/12/2016 04:39:06 PM" notes="player struck a huge blow w/ heavy wrench, variant 1"/>
 <Dialog id="13680621263391271680" text="(Growl)" modified="07/12/2016 04:39:09 PM" notes="player struck a huge blow w/ heavy wrench, variant 2"/>
 <Dialog id="13680621263391271719" text="(Labored Breathing)" modified="07/12/2016 04:39:16 PM" notes="Player sprinted a long distance, labored breathing, variant 1"/>
 <Dialog id="13680621263391271725" text="(Labored Breathing)" modified="07/12/2016 04:39:21 PM" notes="Player sprinted a long distance, labored breathing, variant 2"/>
 <Dialog id="13680621263391271783" text="(Grunt)" modified="07/12/2016 04:39:23 PM" notes="player fell, landed hard into a crouch. variant 1"/>
 <Dialog id="13680621263391271817" text="(Grunt)" modified="07/12/2016 04:39:27 PM" notes="player fell, landed hard into a crouch. variant 2"/>
 <Dialog id="13680621263391271840" text="(Coughing)" modified="07/12/2016 04:34:55 PM" notes="player sucked in some toxic gas--coughing, 2-3 secs. variant 1"/>
 <Dialog id="13680621263391271872" text="(Coughing)" modified="07/12/2016 04:34:58 PM" notes="player sucked in some toxic gas--coughing, 2-3 secs. variant 2"/>
 <Dialog id="13680621263391271915" text="(Breathing)" modified="07/12/2016 04:39:30 PM" notes="calm, measured breathing into a space helmet. variant 1"/>
 <Dialog id="13680621263391271922" text="(Breathing)" modified="07/12/2016 04:39:36 PM" notes="calm, measured breathing into a space helmet. variant 2"/>
 <Dialog id="13680621263391271987" text="(Panicked Breathing)" modified="07/12/2016 04:39:43 PM" notes="gulping for air, a little panicked, out of oxygen, variant 2"/>
 <Dialog id="13680621263391271995" text="(Panicked Breathing)" modified="07/12/2016 04:39:45 PM" notes="gulping for air, a little panicked, out of oxygen, variant 1"/>
 <Dialog id="13680621263391272040" text="(Deep Breath)" modified="07/12/2016 04:39:53 PM" notes="player took helmet off, deep lungful of air, sigh. variant 1"/>
 <Dialog id="13680621263391272069" text="(Deep Breath)" modified="07/12/2016 04:39:55 PM" notes="player took helmet off, deep lungful of air, sigh. variant 1"/>
 <Dialog id="13680621263391272133" text="(Heavy Grunt of Effort)" modified="07/12/2016 04:35:13 PM" notes="player is prying open a jammed door, slowly lifting a fridge off the floor--2-3 secs. variant 1"/>
 <Dialog id="13680621263391272178" text="(Heavy Grunt of Effort)" modified="07/12/2016 04:35:16 PM" notes="player is prying open a jammed door, slowly lifting a fridge off the floor--2-3 secs. variant 1"/>
 <Dialog id="13680621263392583444" text="Ok. So my voice is obviously familiar. Probably sound more tired than usual." modified="07/12/2016 04:39:59 PM"/>
 <Dialog id="13680621263392583454" text="It&apos;s been never-ending, setting up the rooms and protocols to test the new mods. The risk is substantial." modified="07/12/2016 04:40:02 PM"/>
 <Dialog id="13680621263392583461" text="But if we succeed, copying neural networks from the Typhon onto to human minds is going to change everything." modified="07/12/2016 04:40:04 PM"/>
 <Dialog id="13680621263392583467" text="So. I&apos;m putting myself in the Sim. I&apos;ve done everything I can to make sure I don&apos;t wind up lobotomized." modified="07/12/2016 04:40:07 PM"/>
 <Dialog id="13680621263392583471" text="One last safety measure. Let me introduce October. Say Hello." modified="07/12/2016 04:40:10 PM"/>
 <Dialog id="13680621263392583683" text="October will help you remember what you&apos;re supposed to do if things go sideways." modified="05/05/2016 08:41:39 PM"/>
 <Dialog id="13680621263392583714" text="Theoretically they could keep me reliving the same day over and over and I&apos;d never know." modified="07/12/2016 04:40:17 PM"/>
 <Dialog id="13680621263392583742" text="It also means I don&apos;t know if I can trust my own brother." modified="05/05/2016 08:42:38 PM"/>
 <Dialog id="13680621263392584166" text="I&apos;ve started plans for a prototype Null Wave strong enough to kill every Typhon on Talos I." modified="07/12/2016 04:40:29 PM"/>
 <Dialog id="13680621263392584188" text="I hid a copy of the plan on top of the data tower by the scary chair. You know the one I&apos;m talking about." modified="07/12/2016 04:40:31 PM"/>
 <Dialog id="13680621263392584195" text="There&apos;s a lot at stake here. Too late to stick our heads in the sand." modified="07/12/2016 04:40:36 PM"/>
 <Dialog id="13680621263392584340" facefx="0" sync="0" notes="" text="Good morning, Morgan." modified="07/12/2016 04:40:41 PM"/>
 <Dialog id="13680621263392585136" text="(Sigh) Once things get as bad as I think they probably are, your only option is to escape. Get the word out about what&apos;s happening on Talos I." modified="02/07/2017 12:10:25 AM" notes="Exhausted."/>
 <Dialog id="13680621263392585188" text="Alex has a private escape pod. It&apos;s locked up. I made a copy of  the key and hid it on top of the data tower near the chair. You know the one I&apos;m talking about." modified="05/05/2016 09:06:44 PM" notes="Exhausted."/>
 <Dialog id="13680621263392585209" text="Listen, there&apos;s more at stake this time than just us, or this station. If just one of those creatures made it back home... then we&apos;re lost." modified="05/05/2016 09:07:08 PM" notes="Exhausted."/>
 <Dialog id="13680621263394126288" text="Once testing starts there&apos;s no going back. If when they uninstall the mods and reset the test it&apos;ll rewind me. I&apos;ll forget everything." modified="05/23/2016 05:11:44 PM"/>
 <Dialog id="13680621263394126299" text="If you&apos;re listening to this, that&apos;s probably what happened." modified="07/12/2016 04:40:59 PM"/>
 <Dialog id="13680621263394126311" text="Alex won&apos;t like what I have to say next." modified="05/23/2016 05:12:07 PM"/>
 <Dialog id="13680621263394126337" text="Alex agreed to explore the idea... but I know my brother. First sign of trouble, he&apos;d rather blow it all up and blame someone else.  So, you&apos;re probably on your own." modified="07/12/2016 04:41:07 PM"/>
 <Dialog id="13680621263394126347" text="You know what to do." modified="07/12/2016 04:41:10 PM"/>
 <Dialog id="13680621263394902061" text="In order to get what you want, you have to die." modified="07/12/2016 04:41:12 PM" notes="(Alt 1, 2nd Half) Grim."/>
 <Dialog id="13680621263394902126" text="The research. The Typhon. Everything on Talos I has to be destroyed." modified="06/01/2016 04:42:22 PM"/>
 <Dialog id="13680621263394902135" text="Including you." modified="06/01/2016 04:42:31 PM" sync="true" facefx="3" notes="1st video part 2"/>
 <Dialog id="13680621263394902268" text="You&apos;ve seen what those creatures can do. They&apos;re a part of you now." modified="06/01/2016 04:44:44 PM" facefx="3" notes="1st video part2"/>
 <Dialog id="13680621263394902290" text="If even one cell gets back to Earth, we&apos;re lost." modified="07/12/2016 06:40:21 PM" sync="true" facefx="3" notes="1st video part 2"/>
 <Dialog id="13680621263394902744" text="I&apos;m sorry. I wish there was another way." modified="06/01/2016 04:52:40 PM" sync="true" facefx="3" notes="1st video part 2"/>
 <Dialog id="13680621263394902758" text="January can walk you through activating the self-destruct mechanism." modified="06/01/2016 04:52:54 PM" sync="true" facefx="3" notes="1st video part 2"/>
 <Dialog id="13680621263394902768" text="Alex will try to stop you." modified="06/01/2016 04:53:04 PM" sync="true" facefx="3" notes="1st video part 2"/>
 <Dialog id="13680621263394902811" text="Good luck." modified="06/01/2016 04:53:47 PM" sync="true" facefx="3" notes="1st video part 2"/>
 <Dialog id="13680621263394903141" text="You have to destroy Talos I. The research. The Typhon. Nothing can survive." modified="06/01/2016 04:59:17 PM" sync="true" facefx="3" notes="1st video part2"/>
 <Dialog id="13680621263394903183" text="I know how it sounds... but you&apos;ve seen what those creatures can do." modified="06/01/2016 05:00:55 PM" sync="true" facefx="3" notes="1st video part 2"/>
 <Dialog id="13680621263394903245" text="They&apos;re a part of you now." modified="06/01/2016 05:01:01 PM" sync="true" facefx="3" notes="1st video part2"/>
 <Dialog id="13680621263394904471" text="You&apos;ll have to die to make this right." modified="07/12/2016 04:41:33 PM"/>
 <Dialog id="13680621263394904524" text="There&apos;s no other way trust me, I&apos;ve thought about it. A lot." modified="06/01/2016 05:22:20 PM"/>
 <Dialog id="13680621263394904601" text="You have to destroy Talos I. The research. The Typhon. All of it." modified="06/01/2016 05:23:37 PM" facefx="3" notes="1st video part2"/>
 <Dialog id="13680621263400809413" text="Sarah Elazar. Chief of Security. Not a friend. Knows about the Typhon." modified="08/09/2016 03:12:44 AM" notes="Braces self, starts again."/>
 <Dialog id="13680621263400809435" text="Not about your tests, but suspects. Is trustworthy - but doesn&apos;t trust Alex. Or you." modified="08/09/2016 07:29:25 PM"/>
 <Dialog id="13680621263400809507" text="...yet." modified="08/09/2016 01:38:43 AM" notes=""/>
 <Dialog id="13680621263400809733" text="Calvino. Colleague." modified="08/09/2016 03:14:09 AM"/>
 <Dialog id="13680621263400809780" text="Won&apos;t notice anything wrong. Eidetic memory. Work obsessed. Perfect medical record, no absences." modified="08/09/2016 03:14:22 AM"/>
 <Dialog id="13680621263400810550" text="Mikhaila Ilyushin. Chief Engineer." modified="08/09/2016 03:30:23 AM"/>
 <Dialog id="13680621263400810622" text="Not on speaking terms. Had brief relationship. You ended it when tests began. She believes it is because you discovered her medical condition, paraplexis." modified="08/09/2016 03:44:56 AM"/>
 <Dialog id="13680621263400810639" text="Paraplexis. Nerve disorder. Prevents use of Neuromods. Requires aggressive drug therapy to prevent degeneration." modified="08/09/2016 07:34:28 PM"/>
 <Dialog id="13680621263400810783" text="Renders canidates inelidgable for assignment to Talos I." modified="08/09/2016 03:39:20 AM"/>
 <Dialog id="13680621263400810912" text="Dayo Igwe. One of Alex&apos;s hires. Cheap to recruit due to his unpopular stance on psychic phenomena." modified="08/09/2016 07:56:02 PM" notes=""/>
 <Dialog id="13680621263400810937" text="One of station&apos;s best scientists. Introvert. Knows about tests. Loyal to Alex. Believes your brother and Typhon can save his career." modified="08/09/2016 07:52:27 PM"/>
 <Dialog id="13680621263400811133" text="New entry: Sho, Danielle. Head of I.T. Dislikes you. Dislikes Alex more. Need to find out why." modified="08/09/2016 03:52:58 AM" notes="Last part as if reading it."/>
 <Dialog id="13680621263400811256" text="Note to self: Research: Chef Mitchell and emotive Operator hack." modified="08/09/2016 07:58:55 PM"/>
 <Dialog id="13680621263400815293" text="Calvino: Revised. Note to self: Check Calvino&apos;s psychological profile for discrepancies vs. previous entry." modified="08/09/2016 03:15:27 AM"/>
 <Dialog id="13680621263400815315" text="Research: Calvino secretly working on new Looking Glass device. Deep Brain Stimulation. Memory rescue and reconstruction." modified="08/09/2016 07:30:46 PM"/>
 <Dialog id="13680621263400815650" text="Question: Why?" modified="08/09/2016 03:21:14 AM"/>
 <Dialog id="13680621263400817278" text="Convenient but false. Severing ties seemed prudent to you. Less painful, given the impending memory loss." modified="08/09/2016 07:33:04 PM"/>
 <Dialog id="13680621263401308765" text="Or simulated ones." modified="08/14/2016 08:19:41 PM"/>
 <Dialog id="13680621263401308845" text="Simulate the experiences. Calvino. He has-" modified="08/14/2016 08:21:01 PM"/>
 <Dialog id="13680621263401309924" text="Don&apos;t let them do this to you." modified="08/14/2016 08:39:00 PM" notes="Whispered"/>
 <Dialog id="13680621263401309950" text="You&apos;re not what they say you are." modified="08/14/2016 08:39:26 PM" notes="Whispered"/>
 <Dialog id="13680621263401309969" text="They&apos;re lying to you." modified="08/14/2016 08:39:45 PM" notes="Whispered"/>
 <Dialog id="13680621263401309986" text="They&apos;re afraid." modified="08/14/2016 08:40:02 PM" notes="Whispered"/>
 <Dialog id="13680621263401309999" text="Kill them." modified="08/14/2016 08:40:15 PM" notes="Whispered"/>
</Dialog>