
<Dialog>
 <Dialog id="13680621263385486827" text="I&apos;ve run a meta-analysis on the data you provided..." modified="02/16/2016 03:48:42 PM" notes="Corrupted"/>
 <Dialog id="13680621263385486843" text="Psychoactive asomatous transmi--[voice malfunctioning]. " modified="03/23/2016 09:16:14 PM" notes="Corrupted"/>
 <Dialog id="13680621263385486919" text="Lab safety regulations--[voice malfunctioning]--of all extremeties." modified="03/23/2016 09:18:44 PM" notes="Corrupted"/>
 <Dialog id="13680621263385487085" text="Corpus collosum-um-um-um-um bridging signal legion." modified="02/13/2016 05:25:01 PM" notes="Corrupted"/>
 <Dialog id="13680621263385487123" text="The new research director-or-or-or-or would like to meet everyone." modified="02/13/2016 05:25:39 PM" notes="Corrupted"/>
 <Dialog id="13680621263385487443" text="Dr. Yu? [operator malfunctioning]" modified="03/23/2016 09:19:16 PM" notes="Corrupted"/>
 <Dialog id="13680621263385487453" text="I have a lab report for Dr. Yu. It&apos;s... urgent." modified="02/13/2016 05:31:09 PM" notes="Corrupted"/>
 <Dialog id="13680621263385487476" text="Is this part of the experiment? I predict... I will find you." modified="02/16/2016 03:07:51 PM" notes="Corrupted"/>
 <Dialog id="13680621263385487582" text="I&apos;ve been instructed to prep you for cell death." modified="02/16/2016 03:11:34 PM" notes="Corrupted"/>
 <Dialog id="13680621263385487591" text="Please keep your volunteer number fully visible at all times. " modified="02/13/2016 05:33:27 PM" notes="Corrupted"/>
 <Dialog id="13680621263385487620" text="Dr. Yu. Your sample set is... corrupt." modified="02/16/2016 03:15:31 PM" notes="Corrupted"/>
 <Dialog id="13680621263385487628" text="Log. Performing localized spatial analysis." modified="02/16/2016 03:18:19 PM" notes="Corrupted"/>
 <Dialog id="13680621263385487651" text="Log. Subject position uncertain. Possible sign of passive aggression." modified="02/16/2016 03:18:14 PM" notes="Corrupted"/>
 <Dialog id="13680621263385487670" text="Log. Subject exibiting covert behavior." modified="02/16/2016 03:18:11 PM" notes="Corrupted"/>
 <Dialog id="13680621263385487687" text="Log. Subject demonstrating fear response. Recommend increase stimulus. " modified="02/16/2016 03:18:08 PM" notes="Corrupted"/>
 <Dialog id="13680621263385487714" text="Log. Subject demonstrates unwillingness to face the truth." modified="02/16/2016 03:18:04 PM" notes="Corrupted"/>
 <Dialog id="13680621263385487739" text="Log. Subject is showing adverse reaction to lab conditions." modified="02/16/2016 03:18:00 PM" notes="Corrupted"/>
 <Dialog id="13680621263385487834" text="Please remove your psychoscope at all times..." modified="02/15/2016 04:42:41 AM" notes="Corrupted"/>
 <Dialog id="13680621263385487909" text="I&apos;d like to take a reading if you&apos;ll permit me." modified="02/13/2016 05:38:45 PM" notes="Corrupted"/>
 <Dialog id="13680621263385487932" text="Are you a test subject... or staff?" modified="02/16/2016 03:18:56 PM" notes="Corrupted"/>
 <Dialog id="13680621263385487957" text="You won&apos;t understand until you let me help you stop living..." modified="02/16/2016 03:27:04 PM" notes="Corrupted"/>
 <Dialog id="13680621263385488037" text="In the lab we have means--[voice malfunctioning]--concerning your mind." modified="03/23/2016 09:19:25 PM" notes="Corrupted"/>
 <Dialog id="13680621263385488072" text="A scientist must follow the evidence wherever it leads... even if painfu--[voice malfunctioning]." modified="03/23/2016 09:19:31 PM" notes="Corrupted"/>
 <Dialog id="13680621263385488122" text="Reason will always guide you to the right con-con-con-concussions." modified="02/13/2016 05:42:18 PM" notes="Corrupted"/>
 <Dialog id="13680621263385488144" text="It&apos;s important to set aside all emotion. I can help you with that..." modified="02/16/2016 03:41:21 PM" notes="Corrupted"/>
 <Dialog id="13680621263385488240" text="Are you frightened of what the test might reveal? Don&apos;t be. " modified="02/16/2016 03:43:09 PM" notes="Corrupted"/>
 <Dialog id="13680621263385488264" text="Your psychometric data keeps... changing. Corrupted. Does--[voice malfunctioning]--worry you?" modified="03/23/2016 09:19:44 PM" notes="Corrupted"/>
 <Dialog id="13680621263385488913" text="I should take a reading." modified="02/13/2016 05:55:29 PM" notes="Corrupted"/>
 <Dialog id="13680621263385488928" text="Interesting. I should collect a sample." modified="02/15/2016 09:50:42 PM" notes="Corrupted"/>
 <Dialog id="13680621263385490756" text="New data?" modified="02/13/2016 06:26:12 PM" notes="Corrupted"/>
 <Dialog id="13680621263385490851" text="Statistical aberration..." modified="02/15/2016 04:44:43 AM" notes="Corrupted"/>
 <Dialog id="13680621263385491234" text="You should be under observation, Dr. Yu. Impartial. Precise. Vigilant. Aren&apos;t you ready for that? " modified="02/16/2016 03:46:42 PM" notes="Corrupted"/>
 <Dialog id="13680621263385604637" text="(buzzing)" modified="04/26/2016 09:15:22 PM" notes="Variant 1 - aggressive machine noise"/>
 <Dialog id="13680621263385604656" text="(buzzing)" modified="04/26/2016 09:15:27 PM" notes="Variant 2 - aggressive machine noise"/>
 <Dialog id="13680621263385604670" text="Log: Subject is ag-ag-ag-agitated." modified="02/16/2016 04:14:43 PM" notes="Corrupted"/>
 <Dialog id="13680621263385604676" text="You&apos;re feelings are in the way." modified="02/16/2016 04:15:44 PM" notes="Corrupted"/>
 <Dialog id="13680621263385604682" text="Stop resisting." modified="02/16/2016 04:13:49 PM" notes="Corrupted"/>
 <Dialog id="13680621263385604688" text="Testing." modified="02/16/2016 04:14:00 PM" notes="Corrupted"/>
 <Dialog id="13680621263385604693" text="This experiment is vital." modified="02/16/2016 04:15:18 PM" notes="Corrupted"/>
 <Dialog id="13680621263385604727" text="Log: Subject vacated the test area." modified="02/16/2016 04:17:12 PM" notes="Corrupted"/>
 <Dialog id="13680621263385604732" text="Dr. Yu? We haven&apos;t finished our work." modified="02/16/2016 04:17:29 PM" notes="Corrupted"/>
 <Dialog id="13680621263385604737" text="No subject to observe. " modified="02/16/2016 04:17:57 PM" notes="Corrupted"/>
 <Dialog id="13680621263385604800" text="Test subject is inert." modified="02/16/2016 04:18:17 PM" notes="Corrupted"/>
 <Dialog id="13680621263385604809" text="Log: Testing complete. " modified="02/16/2016 04:19:15 PM" notes="Corrupted"/>
 <Dialog id="13680621263385604824" text="Experiment was a failure." modified="02/16/2016 04:19:30 PM" notes="Corrupted"/>
 <Dialog id="13680621263385604854" text="[operator malfunctioning]" modified="03/23/2016 09:21:17 PM" notes="Variant 1. Corrupted Error sounds - Sharp, angry"/>
 <Dialog id="13680621263385604867" text="[operator malfunctioning]" modified="03/23/2016 09:21:19 PM" notes="Variant 2. Corrupted Error sounds - Sharp, angry"/>
 <Dialog id="13680621263385604894" text="I see you." modified="02/16/2016 04:07:26 PM" notes="Corrupted"/>
 <Dialog id="13680621263385604899" text="Now we can work." modified="02/16/2016 04:07:36 PM" notes="Corrupted"/>
 <Dialog id="13680621263385604915" text="[beeping]" modified="03/23/2016 09:23:18 PM" notes="Corrupt. Corrupt Sound - Hostile, surprised. 1-2 seconds."/>
 <Dialog id="13680621263385604948" text="No evidence found." modified="02/16/2016 03:58:34 PM" notes="Corrupted"/>
 <Dialog id="13680621263385604952" text="Data is inconclusive. " modified="02/16/2016 03:59:14 PM" notes="Corrupted"/>
 <Dialog id="13680621263385604957" text="Halting data collection and analysis. " modified="02/16/2016 04:01:50 PM" notes="Corrupted"/>
 <Dialog id="13680621263385604961" text="Search results... subject not found." modified="02/16/2016 04:02:18 PM" notes="Corrupted"/>
 <Dialog id="13680621263385614590" text="Typhon Anthrophantasmus. Metempsychotic remainder organism.  " modified="02/15/2016 04:51:58 AM" notes="Corrupted"/>
 <Dialog id="13680621263385614681" text="Next entry. Typhon Cacoplasmus. Common name, mimic. Indexing..." modified="02/15/2016 03:50:34 PM" notes="Corrupted"/>
 <Dialog id="13680621263385616041" text="There is no ought...there is no [voice malfunctioning]" modified="03/23/2016 09:19:51 PM" notes="Corrupted operator noise"/>
 <Dialog id="13680621263385743612" text="[quick warning beeps]" modified="03/23/2016 09:23:21 PM" notes="Variant 1. Upset machine noise - Quick danger beeps. 1 sec. "/>
 <Dialog id="13680621263385743663" text="[quick warning beeps]" modified="03/23/2016 09:23:28 PM" notes="Variant 2. Upset machine noise -Quick danger beeps. 1 sec. "/>
 <Dialog id="13680621263385743717" text="I&apos;m sure you didn&apos;t intend that." modified="02/16/2016 04:42:13 PM"/>
 <Dialog id="13680621263385743730" text="Are you aware you harmed me?" modified="02/16/2016 04:46:24 PM"/>
 <Dialog id="13680621263385743789" text="I observe that you damaged me." modified="02/16/2016 04:43:25 PM"/>
 <Dialog id="13680621263385743848" text="Please stop." modified="02/16/2016 04:44:24 PM"/>
 <Dialog id="13680621263385753182" text="[operator malfunctioning]" modified="03/23/2016 09:23:59 PM" notes="Broken. Malfunctioning sci equip / detector. 1-2 secs"/>
 <Dialog id="13680621263385753336" text="Hello, Dr. Yu." modified="02/16/2016 07:22:32 PM"/>
 <Dialog id="13680621263385753353" text="Dr. Yu." modified="02/16/2016 07:22:49 PM" notes="Greeting."/>
 <Dialog id="13680621263385753396" text="Hello." modified="02/16/2016 07:23:32 PM"/>
 <Dialog id="13680621263385753469" text="Excuse me." modified="02/16/2016 07:24:45 PM" notes="Player bumped into the operator. "/>
 <Dialog id="13680621263385753493" text="[short beep]" modified="03/23/2016 09:23:46 PM" notes="surprised machine beep"/>
 <Dialog id="13680621263385753523" text="You probably didn&apos;t see me there." modified="02/16/2016 07:25:39 PM"/>
 <Dialog id="13680621263385753579" text="Should I change position?" modified="02/16/2016 07:26:53 PM"/>
 <Dialog id="13680621263385753634" text="[beeping, whirring]" modified="03/23/2016 09:21:12 PM" notes="Variant 1. 2-4 secs. long beeping whirring"/>
 <Dialog id="13680621263385753648" text="[beeping, whirring]" modified="03/23/2016 09:21:05 PM" notes="Variant 2. 2-4 secs.  long beeping whirring"/>
 <Dialog id="13680621263385753873" text="Scanning..." modified="02/16/2016 08:51:25 PM"/>
 <Dialog id="13680621263385755977" text="Current conditions do not allow for safe interaction." modified="02/16/2016 08:34:44 PM"/>
 <Dialog id="13680621263385756228" text="Nueroimaging shows your psychoactive potential is at or near peak level." modified="03/31/2016 03:09:49 PM"/>
 <Dialog id="13680621263385757589" text="Neuroimaging shows your mental resources are below peak." modified="03/31/2016 03:10:49 PM"/>
 <Dialog id="13680621263385757601" text="This should help." modified="02/16/2016 08:54:27 PM"/>
 <Dialog id="13680621263385764437" text="Are we conducting an experiment today?" modified="02/16/2016 10:27:33 PM"/>
 <Dialog id="13680621263385764448" text="[beeping]" modified="03/23/2016 09:20:59 PM" notes="scientific instrument detecting something, acknowledgement beep"/>
 <Dialog id="13680621263385764520" text="Our Laboratory Quality Assurance Plan is up to date." modified="02/16/2016 10:28:56 PM"/>
 <Dialog id="13680621263385764530" text="Try Deep Storage if you need to access archived data." modified="02/16/2016 10:29:06 PM"/>
 <Dialog id="13680621263385764560" text="The procedures manual specifies no eating, drinking, or smoking. " modified="02/16/2016 10:33:53 PM"/>
 <Dialog id="13680621263385764574" text="I&apos;m afraid most systems are damaged or locked down at the moment." modified="02/16/2016 10:29:50 PM"/>
 <Dialog id="13680621263385764604" text="Calibrating." modified="02/16/2016 10:30:20 PM"/>
 <Dialog id="13680621263385764649" text="Primarily, I take readings and analyze data. I also provide reference lookups. " modified="02/16/2016 10:33:32 PM"/>
 <Dialog id="13680621263385764668" text="Dr. Yu profile indicates subject and researcher. Unusual." modified="02/16/2016 10:31:24 PM"/>
 <Dialog id="13680621263385764819" text="But this is often ignored. " modified="02/16/2016 10:33:55 PM"/>
 <Dialog id="13680621263385764863" text="Dr. Yu..." modified="02/16/2016 10:34:39 PM"/>
 <Dialog id="13680621263385764976" text="Your neural patterns show signs of Typhon integration." modified="02/16/2016 10:38:07 PM"/>
 <Dialog id="13680621263385765015" text="Your neural pattern shows no sign of Typhon material." modified="02/16/2016 10:38:19 PM"/>
 <Dialog id="13680621263390573711" text="I am a Sybil 495 Science Class Operator." modified="07/12/2016 05:51:25 PM"/>
 <Dialog id="13680621263390573797" text="Everyone&apos;s eager to see what you&apos;re capable of, Dr. Yu." modified="04/12/2016 02:41:36 PM"/>
 <Dialog id="13680621263390573871" text="TranStar has over a dozen state of the art facilities across the globe. " modified="04/12/2016 02:43:33 PM"/>
 <Dialog id="13680621263390573943" text="I&apos;m sure your brother is waiting for you." modified="04/12/2016 02:25:59 PM"/>
 <Dialog id="13680621263390574838" text="The elevator will take you directly to the testing area." modified="04/12/2016 02:40:54 PM"/>
 <Dialog id="13680621263390574887" text="I know I am." modified="04/12/2016 02:41:43 PM"/>
 <Dialog id="13680621263390575006" text="More, if you count the entire Earth-Moon system." modified="01/26/2017 04:33:30 PM"/>
 <Dialog id="13680621263390575176" text="My instruments are calibrated for high volume data analysis and live readings." modified="04/13/2016 09:08:34 PM"/>
 <Dialog id="13680621263390575321" text="Don&apos;t worry. Nothing will be missed." modified="04/13/2016 09:08:43 PM"/>
 <Dialog id="13680621263390679242" text="Our research often requires intense focus and long hours." modified="04/13/2016 09:09:03 PM"/>
 <Dialog id="13680621263390679247" text="All our labs meet the minimum--(corrupt machine sound)" modified="04/13/2016 09:11:53 PM"/>
 <Dialog id="13680621263390684324" text="I can provide you with a psychoactive stimulant after the test." modified="04/13/2016 09:09:19 PM"/>
 <Dialog id="13680621263390684547" text="If necessary." modified="04/13/2016 09:09:23 PM"/>
 <Dialog id="13680621263390684724" text="Strange. That&apos;s never happened before." modified="04/13/2016 09:12:20 PM"/>
 <Dialog id="13680621263390684765" text="I&apos;ll have to file a maintenance request." modified="04/13/2016 09:13:01 PM"/>
 <Dialog id="13680621263390684775" text="Please excuse me, Dr. Yu." modified="04/13/2016 09:13:11 PM"/>
 <Dialog id="13680621263391396409" text="It won&apos;t be long before you&apos;re on a shuttle bound for Talos I. " modified="04/22/2016 02:54:04 AM"/>
 <Dialog id="13680621263391808018" text="Warning! Overload instigated-ed-ed-ed-(error sounds)" modified="04/26/2016 09:14:41 PM" notes="Corrupt version--should rise in intensity / speed or stutter until it explodes. "/>
 <Dialog id="13680621263391903343" text="That should help you concentrate." modified="04/27/2016 11:42:48 PM"/>
 <Dialog id="13680621263391903376" text="You should feel more alert." modified="04/27/2016 11:43:33 PM"/>
</Dialog>