
<Dialog>
 <Dialog id="13680621263361632525" facefx="0" sync="0" notes="" text="Pressure loss detected. Starting oxygen supply."/>
 <Dialog id="13680621263361632540" facefx="0" sync="0" notes="" text="Contamination detected. Starting oxygen supply." modified="11/18/2016 09:13:45 PM"/>
 <Dialog id="13680621263361632549" facefx="0" sync="0" notes="" text="Oxygen supply low."/>
 <Dialog id="13680621263361632563" facefx="0" sync="0" notes="" text="Oxygen depleted." modified="05/13/2015 03:09:45 PM"/>
 <Dialog id="13680621263361632570" facefx="0" sync="0" notes="" text="Microgravity detected." modified="05/13/2015 03:09:50 PM"/>
 <Dialog id="13680621263361632580" facefx="0" sync="0" notes="" text="Caution. Radiation levels unsafe." modified="05/13/2015 03:09:57 PM"/>
 <Dialog id="13680621263361632585" facefx="0" sync="0" notes="" text="Caution. Radioactive threat." modified="05/13/2015 03:10:02 PM"/>
 <Dialog id="13680621263361632593" facefx="0" sync="0" notes="" text="Warning. Trauma detected. Seek medical attention."/>
 <Dialog id="13680621263361632612" facefx="0" sync="0" notes="" text="Warning. Vital signs critical." modified="05/13/2015 03:10:29 PM"/>
 <Dialog id="13680621263361632618" facefx="0" sync="0" notes="Psychoscope" text="Research complete." modified="05/13/2015 03:10:36 PM"/>
 <Dialog id="13680621263361632624" facefx="0" sync="0" notes="" text="New research topic available." modified="05/13/2015 03:10:42 PM"/>
 <Dialog id="13680621263376752054" text="Warning. Hemorrhage detected." modified="10/06/2016 07:16:18 PM"/>
 <Dialog id="13680621263376752063" text="Seek medical attention." modified="11/04/2015 03:01:19 PM"/>
 <Dialog id="13680621263376752286" text="Warning. Concussion detected. " modified="11/04/2015 03:05:02 PM"/>
 <Dialog id="13680621263376753023" text="Warning. Skeletal trauma detected." modified="11/04/2015 03:17:19 PM"/>
 <Dialog id="13680621263376753178" text="Warning. Burn trauma detected." modified="11/04/2015 03:19:54 PM"/>
 <Dialog id="13680621263376753267" text="Warning. Radiation poisoning detected. " modified="11/04/2015 03:21:23 PM"/>
 <Dialog id="3149325216951669758" text="Warning. Suit integrity compromised." modified="01/13/2016 12:02:06 AM"/>
 <Dialog id="3149325216951669824" text="Suit patch kit required." modified="01/13/2016 12:03:12 AM"/>
 <Dialog id="13680621263386359922" text="Psychoscope calibration finished." modified="02/23/2016 07:53:37 PM" notes="Psychoscope"/>
 <Dialog id="13680621263386360048" text="Scan complete." modified="02/23/2016 07:54:24 PM" notes="Psychoscope"/>
 <Dialog id="13680621263386360056" text="More specimens required." modified="03/15/2016 05:45:36 PM" notes="Psychoscope"/>
 <Dialog id="13680621263387830157" text="Hazardous atmosphere conditions." modified="03/11/2016 08:21:54 PM"/>
 <Dialog id="13680621263387830186" text="Normal atmosphere conditions." modified="03/11/2016 08:18:12 PM"/>
 <Dialog id="13680621263387830523" text="Microgravity detected." modified="03/11/2016 08:22:19 PM"/>
 <Dialog id="13680621263387830539" text="Normal gravity detected." modified="03/11/2016 08:22:35 PM"/>
 <Dialog id="13680621263388166699" text="New psionic aptitude available. " modified="03/15/2016 05:45:15 PM"/>
 <Dialog id="13680621263390570946" text="Warning. Suit integrity below 50%." modified="04/12/2016 01:36:02 PM"/>
 <Dialog id="13680621263390571032" text="Warning. Suit integrity below 20%." modified="04/12/2016 01:37:28 PM"/>
 <Dialog id="13680621263390571516" text="Severe risk of exposure." modified="04/12/2016 01:45:32 PM"/>
 <Dialog id="13680621263390572446" text="Warning. Suit integrity damaged." modified="04/12/2016 02:01:02 PM"/>
 <Dialog id="13680621263399945676" text="Warning. Vital signs critical." modified="07/30/2016 01:41:32 AM" notes=""/>
</Dialog>