
<Dialog>
 <Dialog id="13680621263353091258" facefx="0" sync="true" notes="Alex&apos;s first contact with the player. Spoken while player is 10-20 yds away. Calling out." text="Morgan. Finally." modified="04/14/2015 01:55:25 PM"/>
 <Dialog id="13680621263355436492" text="I sent the helicopter to pick you up. It&apos;s just a few tests. No needles, I promise." facefx="2"/>
 <Dialog id="13680621263355442220" text="Don&apos;t forget to wear your suit." facefx="2"/>
 <Dialog id="13680621263355442424" text="See you soon. " facefx="2"/>
 <Dialog id="13680621263355442800" text="Oh ... listen. I uh ... it&apos;s really great you decided to come aboard. We&apos;re going to shake things up, Morgan. Like old times." modified="05/05/2016 10:44:56 PM" facefx="2"/>
 <Dialog id="13680621263355506909" text="Hey. You don&apos;t look terrible in a TranStar uniform. " notes="Dryly joking with his sibling." modified="04/14/2015 01:56:10 PM" sync="true" facefx="3"/>
 <Dialog id="13680621263355515358" text="Right." modified="04/14/2015 01:57:43 PM" sync="true" notes="Test Intro" facefx="3"/>
 <Dialog id="13680621263355515368" text="Listen - just be yourself. I&apos;ll see you after. " modified="05/05/2016 10:30:54 PM" sync="true" notes="Test Intro" facefx="3"/>
 <Dialog id="13680621263356294706" text="Morgan. Don&apos;t listen to that guy. He&apos;s an asshole. The older version of you is a lot more interesting. I would like to introduce you at some point. For now, you should sit tight. " modified="04/14/2015 01:54:43 PM" facefx="2"/>
 <Dialog id="13680621263359122368" facefx="2" sync="0" notes="" text="Simmons. What&apos;s going on?" modified="04/14/2015 01:53:18 PM"/>
 <Dialog id="13680621263359122387" facefx="2" sync="0" notes="" text="What about Morgan?" modified="04/14/2015 01:53:37 PM"/>
 <Dialog id="13680621263359122388" facefx="0" sync="0" notes="" text="Clean it up. I&apos;m on my way." modified="04/14/2015 01:53:48 PM"/>
 <Dialog id="13680621263359122389" facefx="3" sync="true" notes="Warm to his  younger sibling." text="How&apos;s your eye? Still red?" modified="07/21/2015 09:53:17 PM"/>
 <Dialog id="13680621263359122570" facefx="3" sync="true" notes="Test Intro" text="Once you start the tests, just do whatever comes natural. " modified="04/14/2015 01:56:49 PM"/>
 <Dialog id="13680621263359122593" facefx="3" sync="true" notes="Test Intro" text="Don&apos;t overthink it. Dr. Bellamy&apos;s going to walk you through the process. You&apos;re in good hands. "/>
 <Dialog id="13680621263359122609" facefx="3" sync="true" notes="Test Intro" text="We&apos;ll be in orbit next week, I promise. " modified="04/14/2015 01:57:07 PM"/>
 <Dialog id="13680621263360435836" text="Why are we making this video?" modified="02/13/2016 01:57:12 AM" facefx="3" sync="true"/>
 <Dialog id="13680621263360435997" text="You don&apos;t have to take all the credit." modified="02/13/2016 03:59:48 AM" notes="Dry. Jackass, implied," facefx="3" sync="true"/>
 <Dialog id="13680621263360436120" text="What if it doesn&apos;t work?" modified="04/29/2015 06:48:56 PM" facefx="3" sync="true"/>
 <Dialog id="13680621263360436160" text="And if it does work. Is it worth it?" modified="04/29/2015 06:49:36 PM" facefx="3" sync="true"/>
 <Dialog id="13680621263362077305" facefx="0" sync="0" notes="" text="Morgan. Don&apos;t listen to her. She&apos;s an asshole. The older version of you is a lot more interesting. I would like to introduce you at some point. For now, you should sit tight. " modified="05/18/2015 06:45:06 PM"/>
 <Dialog id="13680621263364682163" text="Well - I see. You reset everything. Talos I is wide open now. Clever. Reckless, but clever. It&apos;s good to see some things haven&apos;t changed." modified="05/05/2016 10:30:58 PM" notes="Finally giving in. " facefx="2"/>
 <Dialog id="13680621263365110964" facefx="2" sync="0" notes="Alt wake up lines" text="Morgan. Glad you&apos;re awake." modified="05/05/2016 10:43:59 PM"/>
 <Dialog id="13680621263365110988" facefx="2" sync="0" notes="Alt wake up lines" text="All right, I&apos;ll see you there." modified="05/05/2016 10:43:12 PM"/>
 <Dialog id="13680621263365111117" facefx="0" sync="0" notes="Waiting around. Impatient." text="(Sigh)" modified="07/12/2016 05:24:10 PM"/>
 <Dialog id="13680621263365111854" text="You&apos;d better get in there before Bellamy gets impatient." modified="05/05/2016 10:41:27 PM" sync="true"/>
 <Dialog id="13680621263365137171" text="I wish I could show you what I&apos;ve been working on." modified="06/23/2015 04:39:47 AM" sync="true"/>
 <Dialog id="13680621263365213611" text="Hey - I forgot to mention. The crew might seem a little tense when you come in. Everyone&apos;s been putting in extra hours. Nothing to do with you, so don&apos;t worry. Well, that&apos;s all. Enjoy the view." modified="05/05/2016 10:31:04 PM" facefx="2"/>
 <Dialog id="13680621263365978696" facefx="2" sync="0" notes="" text="Hey. Morgan. Wake up. You&apos;re burning daylight." modified="05/05/2016 11:27:26 PM"/>
 <Dialog id="13680621263365979552" facefx="3" sync="true" notes="Test Intro" text="I know the tests might seem a little... unconventional. But it&apos;s a Yu family tradition. Breaking convention is in our blood." modified="01/11/2016 03:35:53 PM"/>
 <Dialog id="13680621263366667826" text="Morgan... I won&apos;t be joining you. " modified="04/18/2016 03:57:50 PM" facefx="2"/>
 <Dialog id="13680621263366667967" text="Don&apos;t worry, there&apos;s no trick. Just a gift from your big brother. It&apos;s the truth, like I promised." modified="05/05/2016 10:54:34 PM" facefx="2"/>
 <Dialog id="13680621263366667990" text="My computer. Another video. Give it a look and we&apos;ll talk. " modified="04/18/2016 03:59:28 PM" facefx="2"/>
 <Dialog id="13680621263367540307" text="It&apos;s good to lay eyes on you. After everything that&apos;s happened... I was worried. But here we are." modified="01/11/2016 09:54:35 PM" notes="Relieved. "/>
 <Dialog id="13680621263368796902" text="Hans. We need to talk about Annalise Gallegos. " modified="02/10/2016 12:39:35 AM" notes="Dead serious." facefx="2"/>
 <Dialog id="13680621263369406929" text="Officer Fowles. Maliah. I have an important request. It&apos;s sensitive, though. I need to know I can trust you with a... surveillance matter. " modified="07/07/2016 04:06:22 PM" notes="Starting formal, then shifting tone to first name basis." facefx="2"/>
 <Dialog id="13680621263369407098" text="Those people report to me, Maliah. " modified="02/09/2016 03:26:42 AM" notes="" facefx="2"/>
 <Dialog id="13680621263369436894" text="I want you to keep an eye on Annalise Gallegos. Where she goes. The hours she keeps. Visitors." modified="05/09/2016 12:00:04 AM" notes="" facefx="2"/>
 <Dialog id="13680621263369491428" text="Take a good look. Everything happening on Talos I started here.  " modified="04/18/2016 03:39:41 PM" facefx="2"/>
 <Dialog id="13680621263369499257" text="Enough. I&apos;m coming out. " modified="01/21/2016 02:21:55 AM" sync="true"/>
 <Dialog id="13680621263369499325" text="You can shoot me, but you won&apos;t be able to stop what&apos;s coming." modified="08/12/2015 04:22:21 PM" sync="true"/>
 <Dialog id="13680621263369501452" text="Morgan the plan for the- (Gunfire)" modified="07/08/2016 11:07:37 PM" notes="Boom Alex is dead." facefx="2"/>
 <Dialog id="13680621263369501675" text="Morgan! Dahl is breathing down my neck. I don&apos;t know how much longer... shit." modified="05/05/2016 11:08:01 PM" facefx="2"/>
 <Dialog id="13680621263369509343" text="You used to sneak into my room when we were kids. Hack into my computer. I still remember when you ruined my Galactic Conquistadors save files." modified="05/05/2016 10:51:35 PM" facefx="2"/>
 <Dialog id="13680621263369575121" text="Mr. Hale. There&apos;s been a change in your flight plan. I&apos;m sending new coordinates along with the route you&apos;re to take." modified="07/12/2016 06:01:43 PM" facefx="2"/>
 <Dialog id="13680621263369575235" text="That&apos;s correct. " modified="08/13/2015 01:27:31 PM" facefx="2"/>
 <Dialog id="13680621263369575258" text="Better not. You&apos;ll receive further instructions when you dock. " modified="08/13/2015 01:27:54 PM" facefx="2"/>
 <Dialog id="13680621263369575287" text="Mr. Hale? Hunter." modified="08/13/2015 01:28:23 PM" notes="Goes first name to connect." facefx="2"/>
 <Dialog id="13680621263369575311" text="Your compensation this year will reflect the burden of discretion I&apos;m putting on you." modified="08/13/2015 01:28:47 PM" facefx="2"/>
 <Dialog id="13680621263369663408" text="Well, here we are. Hopefully you&apos;ll never have to listen to this recording. But if you do, then something unfortunate&apos;s happened to me." modified="05/04/2016 09:26:58 PM" notes="TS Version of Apex Speech." facefx="2"/>
 <Dialog id="4349723564913345561" text="Was my answer not clear?" modified="02/26/2016 11:56:54 PM" notes="Cold" facefx="2"/>
 <Dialog id="4349723564913345985" text="The Typhon are secure. Your job is to keep the employees pointed in the right direction. You don&apos;t need... military firepower for that." modified="02/26/2016 11:57:33 PM" facefx="2"/>
 <Dialog id="4349723564913346304" text="Thank you for your suggestion, Chief Elazar, I&apos;ll take it under advisement. Do not contact me again about this matter. " modified="02/26/2016 11:58:01 PM" notes="Dismissive" facefx="2"/>
 <Dialog id="13680621263369931705" text="Who - what - am I talking to?" modified="05/05/2016 10:31:22 PM" sync="true"/>
 <Dialog id="13680621263369931785" text="Nonsense. You&apos;re a machine. An ill-conceived one. Morgan would never... you tricked him. Who programmed you?" modified="01/13/2016 08:12:55 PM" notes="Can&apos;t wrap his head around the fact that Morgan entrusted everything to an operator." sync="true"/>
 <Dialog id="13680621263369931940" text="Mine? There&apos;s no difference between what I want and what Morgan wants. Not the real Morgan." modified="01/12/2016 01:13:37 AM" sync="true"/>
 <Dialog id="13680621263369932827" text="Morgan? Maybe. I see a person who looks like Morgan Yu." modified="01/12/2016 02:06:27 AM"/>
 <Dialog id="13680621263369932895" text="Morgan." modified="08/17/2015 04:48:31 PM" notes="Reacts to Morgan entering bridge after he&apos;s shot January."/>
 <Dialog id="13680621263369933145" text="Unstable? Is that a joke, Operator?" modified="07/08/2016 11:09:55 PM" notes="Raising his pistol"/>
 <Dialog id="13680621263369933305" text="You&apos;ve let this machine poison you." modified="08/17/2015 04:57:05 PM" notes="to morgan"/>
 <Dialog id="13680621263369933403" text="I wish you understood. I&apos;ve bent the course of this entire station around what you wanted. I let you persuade me. " modified="01/13/2016 12:13:16 AM"/>
 <Dialog id="13680621263369933492" text="I would never harm you Morgan. Never." modified="01/12/2016 02:02:03 AM" notes="Alex throws the gun down. Collects himself. "/>
 <Dialog id="13680621263369933873" text="This machine. It had your voice. I knew from the video you&apos;d done something with Operators. But this..." modified="07/08/2016 11:10:02 PM" notes="A little stunned at what Morgan contrive with the operator."/>
 <Dialog id="13680621263369933885" text="I wish there was something I could have said  to snap you out of this... fugue. It&apos;s my fault. I gambled too much." modified="01/13/2016 02:57:15 AM"/>
 <Dialog id="13680621263369933903" text="It&apos;s not too late you know. We can still salvage this. You changed your mind once, you can change it again." modified="01/13/2016 03:46:33 PM" sync="true"/>
 <Dialog id="13680621263370097721" text="You&apos;re making a mistake. Not the one I would have ever imagined you making. But I suppose that&apos;s the point. I&apos;ll join you on the Bridge." modified="05/05/2016 11:09:09 PM" facefx="2"/>
 <Dialog id="13680621263370102408" text="(Sigh)" modified="07/12/2016 05:24:12 PM" notes="Huge dissapointed sigh. it&apos;s the end."/>
 <Dialog id="13680621263370103004" text="If you have some means of escape, you may as well go. I won&apos;t be leaving. Everything I cared about died a long time ago, it seems." modified="01/13/2016 03:17:14 AM"/>
 <Dialog id="13680621263370103057" text="Have a seat. You might as well join me. Let&apos;s pretend we&apos;re still family. One last time, while we watch all of our work go up in flames. I&apos;m sure it&apos;ll be a sight." modified="01/13/2016 03:11:58 AM"/>
 <Dialog id="13680621263370103252" text="Morgan. I hope you&apos;re proud. You&apos;re about to annihilate decades of work and scientific progress in a matter of minutes." modified="01/14/2016 08:37:20 PM" sync="true"/>
 <Dialog id="13680621263370123859" text="Morgan. We&apos;re ready. I&apos;ve rigged the main comm terminal to trigger the Nullwave Device. " modified="12/06/2016 07:07:32 PM"/>
 <Dialog id="13680621263370124037" text="What the hell have you done?" modified="01/13/2016 08:20:19 PM" sync="true"/>
 <Dialog id="13680621263370124329" text="There&apos;s got to be an override..." modified="01/13/2016 08:16:06 PM" notes="Alex is hacking away at the terminal" sync="true"/>
 <Dialog id="13680621263370124563" text="Your Operator&apos;s locked me out of the comm terminal. We need to link up to the Nullwave Device if we&apos;re going to get that signal off before its too late. " modified="12/06/2016 07:07:38 PM"/>
 <Dialog id="13680621263370124613" text="If anyone&apos;s playing God here, it&apos;s you. Your lunatic plan denies everyone a birthright to the stars." modified="01/18/2016 07:55:15 PM"/>
 <Dialog id="13680621263370124730" text="You made the right choice. The terminal&apos;s linked up again." modified="01/13/2016 08:42:51 PM"/>
 <Dialog id="13680621263370125944" text="The heart of the coral is in Psychotronics. In the original containment cylinder. " modified="05/05/2016 11:08:33 PM" facefx="2"/>
 <Dialog id="13680621263370126043" text="That should do it. Come to the Bridge and we can finish this thing once and for all. " modified="05/05/2016 11:09:06 PM" facefx="2"/>
 <Dialog id="13680621263370127992" text="Morgan... I don&apos;t understand how you got the launch key to that escape pod. " modified="04/19/2016 10:51:37 PM" facefx="2"/>
 <Dialog id="13680621263372627457" text="Morgan? The whole damn station just went dark. Whatever you&apos;re doing - stop. " modified="05/05/2016 10:31:27 PM" facefx="2"/>
 <Dialog id="13680621263372627604" text="I&apos;m not going to get in your way anymore. You deserve to hear the truth. All of it. Come up to my office." modified="04/18/2016 03:57:00 PM" facefx="2"/>
 <Dialog id="844024417286440038" text="I&apos;m sending you the code to my grav shaft. Assuming it still works." modified="12/22/2016 10:13:34 PM" facefx="2"/>
 <Dialog id="844024417286440421" text="Well, there you have it. Everything I&apos;ve done is what you&apos;ve asked me to do." modified="04/18/2016 04:53:14 PM" facefx="2"/>
 <Dialog id="844024417286440444" text="All I want - is to have my sister back so we can finish what we started." modified="05/05/2016 10:31:31 PM" notes="" facefx="2"/>
 <Dialog id="844024417286440475" text="The device you mentioned - it&apos;s an advanced version of the Nullwave . " modified="12/06/2016 07:07:41 PM" facefx="2"/>
 <Dialog id="844024417286440508" text="It&apos;s the only way to stop the Typhon without destroying everything we&apos;ve been working toward." modified="04/18/2016 04:58:11 PM" facefx="2"/>
 <Dialog id="844024417286440519" text="We&apos;re just missing some scan data from the Coral to complete the design." modified="07/22/2016 04:18:11 PM" facefx="2"/>
 <Dialog id="844024417286450474" text="Use my terminal to upload the data. I&apos;ll get it integrated into the fabrication plan for the new Nullwave  Device as fast as possible." modified="12/06/2016 07:07:43 PM" facefx="2"/>
 <Dialog id="844024417286450865" text="Morgan. The transfer&apos;s halted. Something... or someone... shit." modified="05/05/2016 11:03:18 PM" notes="Puzzled. Growing alarm." facefx="2"/>
 <Dialog id="844024417286450943" text="(Sighs) We&apos;re locked out." modified="07/08/2016 11:09:32 PM" notes="Frustrated. Comptuer&apos;s not responding" facefx="2"/>
 <Dialog id="844024417286450989" text="It&apos;s Dahl - he already has his hooks into every major system aboard Talos I. " modified="05/05/2016 10:31:39 PM" facefx="2"/>
 <Dialog id="844024417286451077" text="I don&apos;t like it, but you&apos;re going to have to get into his command shuttle. See if you can locate his access point and cut him off." modified="04/19/2016 10:41:20 PM" facefx="2"/>
 <Dialog id="844024417286600502" text="Just one more to go. I knew you could handle this. Our father warned me not to stake so much of the company&apos;s future on your ideas. " modified="04/19/2016 09:28:05 PM" facefx="2"/>
 <Dialog id="844024417286600583" text="Excellent work. All that&apos;s left is integrating the data after you upload it. " modified="04/18/2016 05:25:50 PM" notes="" facefx="2"/>
 <Dialog id="13680621263375543205" text="That statue was worth a lot of money, Morgan. I&apos;m going to be charitable and assume you scuffled with a Typhon and didn&apos;t just break it out of spite." modified="05/05/2016 10:52:09 PM" facefx="2"/>
 <Dialog id="844024417287298410" text="I was afraid this might happen." modified="05/11/2016 08:26:10 PM" facefx="2"/>
 <Dialog id="844024417287298417" text="Our lead Neuromod engineer, Halden Graves, hid a kill switch in the license for Neuromod plans." modified="04/19/2016 10:53:17 PM"/>
 <Dialog id="844024417287298437" text="Shame. He was a solid engineer. I think he was suspicious of the more exotic components." modified="03/14/2016 07:17:53 PM" facefx="2"/>
 <Dialog id="844024417287298448" text="You&apos;ll need to use his workstation to reset the license. " modified="03/14/2016 07:21:17 PM" facefx="2"/>
 <Dialog id="844024417287298465" text="His office is in the Neuromod Division." modified="01/08/2016 10:45:05 PM" facefx="2"/>
 <Dialog id="13680621263376751546" text="Morgan - I&apos;m not so eager to be burned alive with lasers. I&apos;ll come out when Dahl and his &quot;rescue&quot; Operators have been neutralized." modified="05/05/2016 11:07:19 PM" notes="rescue operators in scare quotes" facefx="2"/>
 <Dialog id="13680621263376915649" text="You never cease to impress me, Morgan. I&apos;m coming out now." modified="01/11/2016 02:33:33 PM" facefx="2"/>
 <Dialog id="13680621263376915814" text="Dahl populated his entire crew with customized Operators. He made the mistake of hanging his hopes on a machine." modified="07/08/2016 11:10:17 PM" facefx="2"/>
 <Dialog id="13680621263382374021" text="It&apos;s... distracting if I have to keep checking on you. Well - I knew you wouldn&apos;t listen to me. " modified="05/05/2016 10:31:48 PM" facefx="2"/>
 <Dialog id="13680621263382374875" text="Psychotronics is the opposite of safe, Morgan. What are you after? Someone&apos;s helping you. Is it Mikhaila? Elazar?" modified="07/12/2016 05:17:26 PM" notes="Annoyed that his little brother/sister is not staying put. Suspicious. " facefx="2"/>
 <Dialog id="13680621263382375673" text="You were so... driven in the beginning." modified="07/23/2016 07:39:41 PM" facefx="2"/>
 <Dialog id="13680621263382376786" text="I broke your arm when I found out. I regret that now, but I&apos;m still not fond of you messing with my stuff." modified="04/18/2016 03:52:07 PM" facefx="2"/>
 <Dialog id="13680621263382381888" text="When I trashed your Arming Key, it was to keep you from making a huge mistake." modified="12/05/2016 09:12:33 PM" facefx="2"/>
 <Dialog id="13680621263382381921" text="It&apos;s too late to stick our heads in the sand, we&apos;re committed now." modified="05/05/2016 10:53:52 PM" facefx="2"/>
 <Dialog id="13680621263382381932" text="You&apos;re just not yourself." modified="01/08/2016 06:52:28 PM" facefx="2"/>
 <Dialog id="13680621263382390116" text="Help me finish this, Morgan." modified="02/24/2016 12:13:57 AM" facefx="2"/>
 <Dialog id="13680621263382392020" text="I have to admit I&apos;m disappointed with our parents." modified="01/24/2017 10:57:09 PM" facefx="2"/>
 <Dialog id="13680621263382395271" text="I was right to ignore him. We&apos;re a good team, Morgan." modified="05/05/2016 11:02:07 PM" facefx="2"/>
 <Dialog id="13680621263382396292" text="Of all the ways the tests could have changed you, this was the last one I expected. You&apos;re just... quitting." modified="04/19/2016 10:51:43 PM" facefx="2"/>
 <Dialog id="13680621263382626321" text="Well done. The upload just kicked in again. Meet me in the Arboretum. We have important work to do." modified="07/22/2016 04:23:52 PM" facefx="2" notes="Relief"/>
 <Dialog id="13680621263382652083" text="I promised you my Arming Key. All I ask is you hear me out first. Then you can blow Talos I to pieces if that&apos;s what you think is best." modified="12/05/2016 09:12:25 PM" notes="Beat before last sentence." sync="true"/>
 <Dialog id="13680621263382652106" text="I don&apos;t think you&apos;ll do it. I know - because I used to think we couldn&apos;t be trusted to play with fire without burning the house down. " modified="05/05/2016 10:30:44 PM" sync="true"/>
 <Dialog id="13680621263382652115" text="But you convinced me. You showed me anything was possible - even if the price was steep. " modified="05/05/2016 10:31:52 PM" sync="true"/>
 <Dialog id="13680621263382652129" text="That part of you is still in there." modified="01/11/2016 09:55:45 PM" sync="true"/>
 <Dialog id="13680621263382652137" text="We can make history, Morgan. Not those leeches on the TranStar Board of Directors. Not mom and dad. You and I." modified="05/05/2016 10:33:02 PM" sync="true"/>
 <Dialog id="13680621263382652151" text="Just like we planned." modified="01/11/2016 09:56:07 PM" sync="true"/>
 <Dialog id="13680621263382652157" text="We&apos;ve got the data to confirm what you suspected: the Coral is broadcasting a neural signal. A secret message reaching to the stars." modified="05/05/2016 10:33:24 PM" sync="true"/>
 <Dialog id="13680621263382652172" text="What I want to know... is what is the message, and who is listening to it?" modified="04/19/2016 11:57:48 PM" sync="true"/>
 <Dialog id="13680621263382652178" text="I think you know. Ever since we first tested the Typhon Neuromods, you&apos;ve known." modified="04/20/2016 12:04:20 AM" sync="true"/>
 <Dialog id="13680621263382652205" text="This fabrication plan is for the Nullwave Device prototype you conceived." modified="12/06/2016 07:08:39 PM" notes="Holds out the plan." sync="true"/>
 <Dialog id="13680621263382652222" text="It will hijack the Coral&apos;s signal and use it deliver a massive shock to every Typhon organism at once. " modified="05/05/2016 10:34:04 PM" sync="true"/>
 <Dialog id="13680621263382652239" text="And the Arming Key, like I-" modified="12/05/2016 09:12:12 PM" notes="(Sky tears open, shockwave moves thru the arboretum)" sync="true"/>
 <Dialog id="13680621263382653974" text="I suspect you&apos;ve seen enough by now to abandon the notion of destroying Talos I. " modified="05/05/2016 10:35:34 PM" notes="TS Version of Apex Speech." facefx="2"/>
 <Dialog id="13680621263382653986" text="If not, then I&apos;m glad I died before seeing my sister succumb to pessimism. " modified="04/20/2016 12:38:01 AM" notes="TS Version of Apex Speech." facefx="2"/>
 <Dialog id="13680621263382654019" text="But you convinced me that we could do anything we imagined - no matter how ridiculous. I hope you still believe that. " modified="05/05/2016 10:32:02 PM" notes="TS Version of Apex Speech." facefx="2"/>
 <Dialog id="13680621263382654027" text="If not, then I&apos;m glad I died before seeing my brother succumb to pessimism. " modified="04/20/2016 12:31:39 AM" notes="TS Version of Apex Speech." facefx="2"/>
 <Dialog id="13680621263382654047" text="We have the data to confirm what you suspected: the Coral is broadcasting a neural signal - a secret message reaching out to the stars." modified="05/05/2016 10:33:28 PM" notes="TS Version of Apex Speech." facefx="2"/>
 <Dialog id="13680621263382654104" text="I have a feeling you already know." modified="04/20/2016 12:36:12 AM" notes="TS Version of Apex Speech." facefx="2"/>
 <Dialog id="13680621263382654133" text="I&apos;m carrying a fabrication plan for the prototype Nullwave  Device you conceived. Make one, then place it at the heart of the Coral." modified="12/06/2016 07:07:50 PM" notes="TS Version of Apex Speech." facefx="2"/>
 <Dialog id="13680621263382654140" text="It will hijack the Coral&apos;s signal and use it to deliver a massive shock to every Typhon organism at once." modified="05/05/2016 10:34:01 PM" notes="TS Version of Apex Speech." facefx="2"/>
 <Dialog id="13680621263382654159" text="Good luck Morgan. I just regret... I won&apos;t be at your side to see it happen.   " modified="01/11/2016 10:29:35 PM" notes="TS Version of Apex Speech." facefx="2"/>
 <Dialog id="13680621263382654304" facefx="2" sync="0" notes="TS Version of Apex Speech." text="What I want to know... is what is the message, and who is listening to it?" modified="04/20/2016 12:36:05 AM"/>
 <Dialog id="13680621263382654449" facefx="2" sync="0" notes="TS Version of Apex Speech." text="I&apos;ve always been the one who thought we couldn&apos;t be trusted to play with fire without burning the house down." modified="04/20/2016 12:26:27 AM"/>
 <Dialog id="13680621263382655602" text="Good. Send me a report at the end of the week. " modified="01/11/2016 10:53:38 PM" notes="" facefx="2"/>
 <Dialog id="13680621263382664181" text="Oh, I&apos;ve determined one thing. " modified="01/12/2016 01:16:37 AM" sync="true"/>
 <Dialog id="13680621263382665485" text="Nonsense. You&apos;re a machine. An ill-conceived one. Morgan would never... you tricked her. Who programmed you?" modified="01/13/2016 08:19:09 PM" sync="true"/>
 <Dialog id="13680621263382666511" text="And now you&apos;re going throw it all away?" modified="01/13/2016 12:15:11 AM" notes="Building anger."/>
 <Dialog id="13680621263382666515" text="Just stop and think for one goddamm second, Morgan!" modified="05/05/2016 11:26:34 PM" notes="Roaring. Tired of his brother&apos;s recklessnes."/>
 <Dialog id="13680621263382666610" text="I think you&apos;ve said enough." modified="01/12/2016 02:08:10 AM" notes="Boom. Alex shoots January."/>
 <Dialog id="13680621263382666676" text="It&apos;s not too late. We can still turn this around. The prototype Nullwave Device will work, but you have to hurry. " modified="12/06/2016 07:08:16 PM" notes="Move this to a loiter line"/>
 <Dialog id="13680621263382749761" text="Did it tell you it&apos;s not going to let you off the station?" modified="01/13/2016 01:02:57 AM"/>
 <Dialog id="13680621263382749770" text="Go on. Tell him!" modified="01/13/2016 01:03:06 AM"/>
 <Dialog id="13680621263382749853" text="That&apos;s right. There&apos;s too much Typhon technology in your head, Morgan. You&apos;re not human enough anymore." modified="01/13/2016 01:04:29 AM" notes="Last sentence sarcastic."/>
 <Dialog id="13680621263382750042" text="No one in their right mind would agree to such a lunatic plan." modified="07/27/2016 09:07:03 PM"/>
 <Dialog id="13680621263382750089" text="Easy to say when it&apos;s not your skin, robot." modified="01/13/2016 01:08:25 AM"/>
 <Dialog id="13680621263382750128" text="You have no idea what that word means. I&apos;m going to put a stop to this nonsense. " modified="01/18/2016 07:44:15 PM" notes="Alex pulls his gun out. Aims at January. January manages to zap Alex first tho."/>
 <Dialog id="13680621263382751220" text="You don&apos;t know the difference between a bug and a feature." modified="01/13/2016 01:27:16 AM" notes="Alex shoots January dead in it&apos;s robotic eye." sync="true"/>
 <Dialog id="13680621263382756629" text="And the worst part? It isn&apos;t losing the station, or the tech... it&apos;s you." modified="01/13/2016 02:59:24 AM"/>
 <Dialog id="13680621263382756762" text="I lost my brother." modified="01/13/2016 02:59:38 AM"/>
 <Dialog id="13680621263382756785" text="That is a mistake I will not recover from." modified="01/13/2016 03:00:34 AM"/>
 <Dialog id="13680621263382756958" text="I lost my sister." modified="01/13/2016 03:02:54 AM"/>
 <Dialog id="13680621263382757841" text="Good luck with your new life." modified="01/13/2016 03:18:03 AM"/>
 <Dialog id="13680621263382758495" text="This isn&apos;t going to keep the world safe." modified="05/05/2016 11:16:48 PM" sync="true" notes=""/>
 <Dialog id="13680621263382802716" text="The Typhon will be back one day. Only next time we&apos;ll helpless and ignorant. Because of what you&apos;re about to do." modified="01/13/2016 03:45:32 PM" sync="true"/>
 <Dialog id="13680621263382802784" text="I won&apos;t stop you if you decide to end it all. I told you I wouldn&apos;t. So, what&apos;s it going to be?" modified="01/13/2016 03:47:01 PM" sync="true"/>
 <Dialog id="13680621263382816801" text="It should only take a few seconds for our signal to propagate through the Coral and lobotomize every Typhon on Talos I. Including the big one outside." modified="05/05/2016 11:23:07 PM"/>
 <Dialog id="13680621263382816835" text="I&apos;ll let you do the honors. But you&apos;d better hurry. " modified="01/13/2016 07:42:40 PM"/>
 <Dialog id="13680621263382817048" text="The rest of us should get away with a mild headache." modified="01/13/2016 07:45:32 PM"/>
 <Dialog id="13680621263382817524" text="(Sigh)" modified="07/12/2016 05:24:13 PM" notes="Short dissapointed sigh. Don&apos;t talk to me."/>
 <Dialog id="13680621263382817553" text="Time&apos;s almost up." modified="01/13/2016 07:52:49 PM"/>
 <Dialog id="13680621263382822689" text="I&apos;m not arguing with a glorified desktop. Kill it, Morgan." modified="01/13/2016 09:18:36 PM"/>
 <Dialog id="13680621263382822854" text="Fine. I&apos;ll do it myself." modified="01/13/2016 09:21:10 PM" notes="Alex raises his pistol to shoot January, but January zaps him first."/>
 <Dialog id="13680621263382828175" text="Not what you were expecting?" modified="02/13/2016 04:57:32 PM" notes="Know his brother is impressed." facefx="2"/>
 <Dialog id="13680621263382828674" text="I know. Wait until you see what&apos;s on the inside." modified="02/13/2016 05:00:31 PM" notes="Transition to Apex vision." facefx="0"/>
 <Dialog id="13680621263382831115" text="There&apos;s nothing left to talk about. " modified="01/18/2016 04:27:14 PM"/>
 <Dialog id="13680621263382833566" text="Flesh and blood is messy Morgan, but it&apos;s the only thing that matters in the end. " modified="01/14/2016 12:19:42 AM" facefx="2"/>
 <Dialog id="13680621263382998693" text="Fascinating... it&apos;s holding... the psyche of all their victims." modified="07/25/2016 03:36:50 AM" facefx="2"/>
 <Dialog id="13680621263383231101" text="By the way, Morgan. That trick you pulled in the Power Plant killed the station&apos;s magnetic shielding." modified="05/05/2016 11:09:35 PM" facefx="2"/>
 <Dialog id="13680621263383232118" text="There&apos;s a solar storm coming that&apos;s going to shower us with energized particles." modified="08/11/2016 02:32:22 PM" facefx="2"/>
 <Dialog id="13680621263383232165" text="I&apos;ll be fine behind a nice thick layer of graded-Z. But you&apos;re exposed. " modified="05/05/2016 11:09:49 PM" facefx="2"/>
 <Dialog id="13680621263383232401" text="Nice work. The magnetosphere is doing its job again. Find a Medical Operator if you&apos;re feeling a little green around the gills." modified="07/08/2016 11:10:30 PM" facefx="2"/>
 <Dialog id="13680621263383272191" text="Morgan... Thank you. For what you did. You could have left me to die." modified="01/19/2016 02:10:07 AM" facefx="2"/>
 <Dialog id="13680621263383272249" text="It&apos;s more important than ever now that we finish this the right way. " modified="01/20/2016 09:14:42 PM" facefx="2"/>
 <Dialog id="13680621263383272323" text="Placing the Nullwave  Device there will override the entire coral network with our own signal. Use your Psychoscope to locate the exact spot." modified="12/06/2016 07:08:55 PM" facefx="2"/>
 <Dialog id="13680621263383272363" text="Take care of the Nullwave  Device. I&apos;ll head for the Bridge as soon as I catch my breath." modified="12/06/2016 07:09:00 PM" facefx="2"/>
 <Dialog id="13680621263383427500" text="Morgan. This isn&apos;t you. Doing the bidding of that psychopath." modified="07/12/2016 05:14:55 PM" facefx="2"/>
 <Dialog id="13680621263383427555" text="I&apos;ve seen the Board&apos;s contingency plans. You think I didn&apos;t know Dahl was coming? " modified="01/20/2016 09:20:20 PM" facefx="2"/>
 <Dialog id="13680621263383427613" text="He won&apos;t spare anyone, not even you, so stop wasting time. " modified="01/20/2016 09:20:29 PM" facefx="2"/>
 <Dialog id="13680621263385431806" text="Enjoy it while you can. Because in few minutes it&apos;ll all be gone when we strip out the Neuromods and reset. " modified="07/12/2016 05:32:36 PM" notes="watches a beat, unperturbed" sync="true" facefx="3"/>
 <Dialog id="13680621263385431904" text="No way around it. Let&apos;s talk about the backup." modified="02/13/2016 02:05:20 AM" sync="true" facefx="3"/>
 <Dialog id="13680621263385485398" text="Morgan... wake up. You&apos;re going to miss the view.  " modified="02/13/2016 04:56:54 PM" facefx="2"/>
 <Dialog id="13680621263385485407" text="Well? What do you think?" modified="02/13/2016 04:57:03 PM" facefx="2"/>
 <Dialog id="844024417297501230" text="Welcome, everyone. " modified="08/03/2016 07:14:05 PM" notes="(Clinking of pen on wine glass to call people to order) "/>
 <Dialog id="13680621263386263965" text="Careful." modified="02/22/2016 05:13:01 PM"/>
 <Dialog id="13680621263386263972" text="There&apos;s something over there." modified="02/22/2016 05:13:08 PM"/>
 <Dialog id="13680621263386263998" text="I&apos;m impressed, Morgan." modified="02/22/2016 05:14:02 PM"/>
 <Dialog id="13680621263386264021" text="The Typhon neuromods seem second nature to you." modified="02/01/2017 11:58:11 PM"/>
 <Dialog id="13680621263386264046" text="It&apos;s like we planned." modified="02/22/2016 05:14:22 PM"/>
 <Dialog id="13680621263386264067" text="Some people will never understand or condone what you can do." modified="02/22/2016 05:14:43 PM"/>
 <Dialog id="13680621263386264130" text="(Sigh) Why?" modified="02/22/2016 05:16:04 PM" notes="Like, &quot;why do you have to be a jackass&quot;"/>
 <Dialog id="13680621263386264184" text="Would you stop that?" modified="02/22/2016 05:16:40 PM" notes="Annoying younder sibling."/>
 <Dialog id="13680621263386264212" text="I never know if you&apos;re serious." modified="02/22/2016 05:17:08 PM" notes="Not funny."/>
 <Dialog id="13680621263386264229" text="(Annoyed Sigh)" modified="07/08/2016 11:09:16 PM" notes="Annoyed. Almost a growl."/>
 <Dialog id="13680621263386264254" text="I&apos;ve got a Typhon!" modified="02/22/2016 05:17:50 PM"/>
 <Dialog id="13680621263386264269" text="Kill it!" modified="02/22/2016 05:18:05 PM"/>
 <Dialog id="13680621263386264374" text="They&apos;ve evolved an organism just to kill you. Incredible." modified="02/22/2016 05:19:55 PM"/>
 <Dialog id="13680621263386264412" text="All the more reason to preseve everything we&apos;ve accomplished." modified="02/22/2016 05:20:28 PM"/>
 <Dialog id="13680621263386264429" text="It&apos;s gone now." modified="02/22/2016 05:20:45 PM"/>
 <Dialog id="13680621263386264450" text="That&apos;s it." modified="02/22/2016 05:21:06 PM"/>
 <Dialog id="13680621263386264457" text="It&apos;s dead." modified="02/22/2016 05:21:13 PM"/>
 <Dialog id="13680621263386264467" text="It&apos;s over." modified="02/22/2016 05:21:23 PM"/>
 <Dialog id="13680621263386361412" text="All right, Morgan. I know I can&apos;t make you stay put. But you&apos;re going to die down there if you don&apos;t listen to me." modified="05/05/2016 10:47:31 PM" facefx="2"/>
 <Dialog id="13680621263386361431" text="You need to calibrate your Psychoscope. Try scanning the Typhon specimens around you." modified="07/12/2016 05:15:04 PM" facefx="2"/>
 <Dialog id="13680621263386361437" text="Once you get enough scan data the labs will open. " modified="04/18/2016 03:24:37 PM" facefx="2"/>
 <Dialog id="13680621263386361443" text="You spent three years of your life making it possible - putting what they can do into us. " modified="07/22/2016 03:55:57 PM" facefx="2"/>
 <Dialog id="13680621263386361703" text="Good. I&apos;m sending you the code to a safe in Director Kelstrup&apos;s office. " modified="03/31/2016 05:37:57 PM" facefx="2"/>
 <Dialog id="13680621263386361711" text="I&apos;m certain he&apos;s hidden Neuromods there. Use them to install one of the Typhon abilities. " modified="05/05/2016 10:49:17 PM" facefx="2"/>
 <Dialog id="13680621263386361715" text="Do that, and maybe you&apos;ll live long enough for me to see your face again." modified="02/23/2016 08:22:10 PM" facefx="2"/>
 <Dialog id="13680621263386369377" text="Thank you, Morgan. " modified="02/23/2016 10:30:02 PM"/>
 <Dialog id="13680621263386375717" text="All I want - is to have my brother back so we can finish what we started." modified="05/05/2016 10:32:13 PM" facefx="2"/>
 <Dialog id="13680621263390740281" facefx="2" sync="0" notes="Alt line w/out needles" text="I sent the helicopter to pick you up. It&apos;s just a few tests." modified="04/14/2016 12:38:31 PM"/>
 <Dialog id="13680621263390880077" text="That&apos;s why I&apos;ve taken the main lift offline. Try not to get yourself killed." modified="04/16/2016 03:28:13 AM" facefx="2"/>
 <Dialog id="13680621263391049916" text="I thought I&apos;d found every one of those damn videos. Sorry, but I can&apos;t let you listen to that." modified="05/05/2016 10:46:02 PM" notes="A little tense, upset. Alex is busy off-screen, spares a second to try and keep his sibling from doing something dumb." facefx="2"/>
 <Dialog id="13680621263391049940" text="Not until I&apos;ve had a chance to explain everything in person. For now just..." modified="05/05/2016 10:46:15 PM" notes="Trails off distracted by something." facefx="2"/>
 <Dialog id="13680621263391049961" text="Dammit." modified="04/18/2016 02:42:15 AM" notes="{sharp under breath)" facefx="2"/>
 <Dialog id="13680621263391049972" text="I have to go. Just sit tight. Please." modified="04/18/2016 02:39:48 AM" notes="Stressed." facefx="2"/>
 <Dialog id="13680621263391095874" text="More importantly - you&apos;ll be able to install Typhon-based Neuromods. You&apos;ll be unstoppable." modified="05/05/2016 10:32:16 PM" facefx="2"/>
 <Dialog id="13680621263391095888" text="That&apos;s what this is all about, Morgan. " modified="04/18/2016 03:25:04 PM" facefx="2"/>
 <Dialog id="13680621263391095929" text="You&apos;ve just forgotten." modified="04/18/2016 03:25:45 PM" facefx="2"/>
 <Dialog id="13680621263391096779" text="My mistake was agreeing to put you at the center of the tests... that&apos;s when you began to drift away from me." modified="04/18/2016 03:42:09 PM" notes="Reverie. Reflecting. As close as Alex can get to expressing sadness." facefx="2"/>
 <Dialog id="13680621263391096790" text="We&apos;re close to understanding what they&apos;re after. What they&apos;re building. " modified="04/18/2016 03:40:26 PM" notes="Snaps back to the present." facefx="2"/>
 <Dialog id="13680621263391096818" text="I just need a little more time." modified="04/18/2016 03:40:34 PM" notes="Almost under his breath. Getting back on task." facefx="2"/>
 <Dialog id="13680621263391097064" text="How does it feel? Do you remember? " modified="04/18/2016 03:44:57 PM" facefx="2"/>
 <Dialog id="13680621263391097083" text="The first time, you said it was like you were outside yourself. Like time itself had bent its knee, waiting for you to decide." modified="04/18/2016 03:48:33 PM" facefx="2"/>
 <Dialog id="13680621263391097307" text="You moved my chair without touching it. It gave me chills. The possibilities." modified="04/18/2016 03:48:43 PM" facefx="2"/>
 <Dialog id="13680621263391097317" text="You became something... new that day. Something higher. " modified="04/18/2016 04:44:38 PM" facefx="2"/>
 <Dialog id="13680621263391097369" text="I knew then, as I believe now - that our mission is to lift up all humanity in the same way. " modified="05/05/2016 10:32:20 PM" facefx="2"/>
 <Dialog id="13680621263391097930" text="It took me a while to dig it up. Someone wanted to hide it from you. " modified="04/18/2016 04:46:33 PM" facefx="2"/>
 <Dialog id="13680621263391101282" text="I didn&apos;t think you&apos;d believe me unless you heard it from your own mouth. " modified="04/18/2016 04:54:58 PM" facefx="2"/>
 <Dialog id="13680621263391102162" text="Hard to tell from just the scan summary but... wait. What is- there&apos;s some kind of... neural tripwire built into the Coral." modified="07/22/2016 04:21:28 PM" notes="Concentrating... musing hopefully as he&apos;s looking at graphs--then get&apos;s concerned. Beat before second line." facefx="2"/>
 <Dialog id="13680621263391103032" text="Christ. Morgan. Get back to my office. We have to get your data uploaded now. Hurry." modified="04/18/2016 05:25:24 PM" notes="Urgent." facefx="2"/>
 <Dialog id="13680621263391123248" text="You should be safe in Deep Storage. When everything is ready, we&apos;ll meet in my office." modified="08/25/2016 06:20:14 PM" facefx="2"/>
 <Dialog id="13680621263391123254" text="I hope you believe me - I really am on your side." modified="05/05/2016 10:32:27 PM" facefx="2"/>
 <Dialog id="13680621263391175867" text="And be careful. The Typhon will begin to sense our intent to harm the Coral." modified="04/19/2016 09:31:20 PM" facefx="2"/>
 <Dialog id="13680621263391176449" text="They&apos;re going to come after you." modified="04/19/2016 01:47:45 PM" facefx="2"/>
 <Dialog id="13680621263391208658" text="I knew they had a contingency in place, but a small, foolish part of me believed they wouldn&apos;t use him against their own flesh and blood. " modified="04/19/2016 10:44:34 PM" facefx="2"/>
 <Dialog id="13680621263391208673" text="Regardless we&apos;re not getting this Coral data through until we do something about it." modified="04/19/2016 10:44:49 PM" facefx="2"/>
 <Dialog id="13680621263391213464" text="Take it." modified="04/20/2016 12:04:40 AM" sync="true"/>
 <Dialog id="13680621263391213653" text="Take the plan, Morgan." modified="04/20/2016 12:07:49 AM"/>
 <Dialog id="13680621263391213696" text="There&apos;s not a lot of time." modified="04/20/2016 12:08:32 AM"/>
 <Dialog id="13680621263391213705" text="Go on. It&apos;s yours." modified="04/20/2016 12:08:41 AM"/>
 <Dialog id="13680621263391214011" text="What-? Morgan!" modified="07/08/2016 11:09:22 PM" notes="(Apex rises behind Alex over the entire station, everything goes 0g, glass dome cracks, chaos, etc)" sync="true"/>
 <Dialog id="13680621263391214107" text="Why won&apos;t you take-" modified="05/05/2016 10:32:32 PM" notes="(Sky tears open, shockwave moves thru the arboretume)" sync="true"/>
 <Dialog id="13680621263391217162" text="This is Alex Yu, speaking to any surviving crew of Talos I. " modified="04/20/2016 01:06:18 AM" facefx="2"/>
 <Dialog id="13680621263391217169" text="I know many of you are frightened. Angry. Perhaps you blame me for what&apos;s happened. " modified="04/20/2016 01:06:25 AM" facefx="2"/>
 <Dialog id="13680621263391217173" text="But I never intended to harm any of you, believe me. Quite the opposite. " modified="04/20/2016 01:06:27 AM" facefx="2"/>
 <Dialog id="13680621263391217185" text="Commander Dahl, on the other hand, has no intention of rescuing anything except the secrets aboard this station." modified="04/20/2016 01:06:44 AM" facefx="2"/>
 <Dialog id="13680621263391217196" text="You&apos;re all liabilities to the company now." modified="05/04/2016 06:32:19 PM" facefx="2"/>
 <Dialog id="13680621263391217211" text="Dahl. I&apos;m sure you can hear me." modified="04/20/2016 01:07:07 AM" facefx="2"/>
 <Dialog id="13680621263391217215" text="I don&apos;t know what my - what the Board told you, but you&apos;re out of your depth on this one. Call off your Operators." modified="07/08/2016 11:10:28 PM" facefx="2"/>
 <Dialog id="13680621263391217222" text="Or at least help us hold back the Typhon." modified="04/20/2016 01:08:06 AM" facefx="2"/>
 <Dialog id="13680621263391217228" text="We&apos;re on the verge of (PA Shorts Out)" modified="07/08/2016 11:09:30 PM" notes="Dahl cuts the PA off remotely." facefx="2"/>
 <Dialog id="13680621263392491317" text="Sorry Morgan, but I have to lock you in this time." modified="05/04/2016 07:02:13 PM" facefx="2"/>
 <Dialog id="13680621263392581692" text="I see you&apos;ve already figured out how to use your psychoscope." modified="10/26/2016 10:59:35 PM" facefx="2"/>
 <Dialog id="13680621263392581739" text="I&apos;m sending you the code to a safe in Director Kelstrup&apos;s office. " modified="05/05/2016 08:09:15 PM" facefx="2"/>
 <Dialog id="13680621263393718423" text="And then... you can have my Arming Key. I don&apos;t believe you&apos;ll want to use it anymore - but you can have it." modified="07/12/2016 05:08:16 PM"/>
 <Dialog id="13680621263394117972" text="I don&apos;t want to alarm you, but... there&apos;s been a launch from the Argus Platform." modified="05/23/2016 02:53:21 PM"/>
 <Dialog id="13680621263394118007" text="The Board of Directors has caught wind of the situation here. I suppose it was inevitable, despite my efforts. " modified="05/23/2016 02:55:15 PM"/>
 <Dialog id="13680621263394118023" text="That&apos;s why it&apos;s important we act quickly, decisively. They&apos;ll try to take this out of our hands, Morgan. " modified="05/23/2016 02:53:59 PM"/>
 <Dialog id="4349723564939010897" text="I&apos;m surprised that you primed the Arming Keys. Perhaps you see that as a precaution, but I assure you it won&apos;t be necessary. The Nullwave device will work." modified="12/06/2016 07:09:05 PM"/>
 <Dialog id="13680621263399306628" text="The tests... they changed you. Not a lot at first. But eventually, the constant stripping of your memory - I didn&apos;t know who you were anymore." modified="07/25/2016 03:18:26 AM"/>
 <Dialog id="13680621263399307062" text=" I left a chipset for you on my desk. You&apos;ll need to upgrade your psychoscope to scan the Coral." modified="07/25/2016 03:21:06 AM"/>
 <Dialog id="13680621263399406374" text="People are quick to project human features onto things they don&apos;t understand." modified="07/23/2016 07:53:10 PM"/>
 <Dialog id="13680621263399406384" text="The Typhon kill us without hesitation. But it&apos;s not because they&apos;re evil. It&apos;s because they can&apos;t do otherwise." modified="07/23/2016 07:53:20 PM"/>
 <Dialog id="13680621263399406393" text="Do you know what we discovered? They lack mirror neurons." modified="09/22/2016 05:26:06 PM"/>
 <Dialog id="13680621263399406398" text="For all their wonderful abilities, there&apos;s one thing we can do that they can&apos;t - empathize with the suffering of another living creature." modified="09/22/2016 05:26:39 PM"/>
 <Dialog id="13680621263399406594" text="Isn&apos;t it fascinating? There&apos;s something almost... angelic about those golden filaments. Like frozen light." modified="07/23/2016 07:56:50 PM"/>
 <Dialog id="13680621263399406602" text="The Typhon weave it out of thin air. The question is why? We have a lot of theories. But no solid answers. Not yet." modified="07/23/2016 07:56:58 PM"/>
 <Dialog id="13680621263399406610" text="I wish you were with me, Morgan. Not the way you are now... the way you used to be. I know we could tackle this together. Like old times." modified="07/23/2016 07:57:08 PM"/>
 <Dialog id="13680621263399517813" text="I&apos;m sending you the password. Assuming you haven&apos;t hacked your way in yet." modified="07/25/2016 02:50:29 AM"/>
 <Dialog id="13680621263399519638" text="I&apos;ll send you the scan locations." modified="07/25/2016 03:22:57 AM"/>
 <Dialog id="13680621263399520091" text="Your hunch was on the right track - it is a kind of neural structure. Synaptic-like activity up and down the length of it. Like it&apos;s...  communicating." modified="07/25/2016 03:35:18 AM"/>
 <Dialog id="13680621263399520766" text="I left something for you on my desk that should help." modified="07/25/2016 03:40:29 AM"/>
 <Dialog id="13680621263399856633" text="Graves? Are you still in fabrication?" modified="07/29/2016 01:17:54 AM"/>
 <Dialog id="13680621263399857963" text="Graves, don&apos;t do anything drastic. You know me. You know I always have a contingency plan." modified="07/29/2016 01:19:39 AM" notes="Trying to soothe him."/>
 <Dialog id="13680621263399858027" text=" I&apos;m going to send someone to help you." modified="07/29/2016 01:20:43 AM" notes="Still soothing. Hostage negotiator."/>
 <Dialog id="13680621263399858126" text="Graves! Do not touch the Neuromod licenses. Do you hear me?" modified="07/29/2016 01:22:22 AM" notes="Snaps. Hostile."/>
 <Dialog id="13680621263399911668" text="It&apos;s finished." modified="07/29/2016 04:14:44 PM" notes="Grave. Finality. " facefx="3" sync="true"/>
 <Dialog id="13680621263399911701" text="How did it do?" modified="07/29/2016 04:15:17 PM" notes="Leaning over the player." facefx="3" sync="true"/>
 <Dialog id="13680621263399912672" text="It probably thinks it was dreaming. That nothing mattered." modified="07/29/2016 04:31:28 PM" facefx="3" sync="true"/>
 <Dialog id="13680621263399912696" text="Its life depends on it. Ours too. It all comes down to the choices it made." modified="07/29/2016 04:31:52 PM" facefx="3" sync="true"/>
 <Dialog id="13680621263399915551" text="Mikhaila?" modified="07/29/2016 05:19:27 PM" sync="true"/>
 <Dialog id="13680621263399921298" text="Would you let it live?" modified="07/29/2016 06:55:14 PM"/>
 <Dialog id="13680621263399921450" text="Sarah. You&apos;re next." modified="07/29/2016 06:58:07 PM" sync="true"/>
 <Dialog id="13680621263399948440" text="Danielle? What do you say?" modified="07/30/2016 02:27:36 AM" sync="true"/>
 <Dialog id="13680621263400009366" text="Back then, I would have done the same thing to me." modified="07/30/2016 07:23:02 PM" sync="true"/>
 <Dialog id="13680621263400009662" text="But we have to make a choice." modified="07/30/2016 07:27:58 PM" facefx="3" sync="true"/>
 <Dialog id="13680621263400009684" text="You can hear us, can&apos;t you? Here... I want to show you something." modified="07/30/2016 07:28:20 PM" facefx="3" sync="true"/>
 <Dialog id="13680621263400009713" text="What you experienced was a reconstruction based on Morgan&apos;s  memories." modified="10/06/2016 03:45:55 PM" facefx="3" sync="true"/>
 <Dialog id="13680621263400009719" text="This is the world today." modified="07/30/2016 07:28:55 PM" notes="Emphasis on this... he&apos;s turning some screens on." facefx="3" sync="true"/>
 <Dialog id="13680621263400009765" text="We spent years trying to put what you can do into us. We never tried putting what we can do into you." modified="07/30/2016 07:29:57 PM" facefx="3" sync="true"/>
 <Dialog id="13680621263400009784" text="Until now." modified="07/30/2016 07:30:00 PM" facefx="3" sync="true"/>
 <Dialog id="13680621263400009800" text="You&apos;re the bridge between our species. I need to know if you see us. I mean really see us." modified="07/30/2016 07:30:16 PM" notes="REALLY see us" facefx="3" sync="true"/>
 <Dialog id="13680621263400009828" text="Take my hand if you do." modified="07/30/2016 07:30:44 PM" facefx="3" sync="true"/>
 <Dialog id="13680621263400009875" text="We&apos;re going to shake things up. Like old times." modified="07/30/2016 07:31:31 PM" facefx="3" sync="true"/>
 <Dialog id="13680621263400010396" text="We failed. This isn&apos;t the one." modified="07/30/2016 07:40:46 PM" sync="true"/>
 <Dialog id="13680621263400354561" text="We&apos;ve made an amazing achievement... as of 12 hours ago, we have broken the 8,000 Neuromod mark." modified="08/03/2016 07:18:53 PM"/>
 <Dialog id="13680621263400354744" text="8,000 Neuromods, sharing skills, abilities, improving the quality of life..." modified="08/03/2016 07:19:20 PM"/>
 <Dialog id="13680621263400354803" text="...and you are to be congratulated. You are the ones who made this all possible." modified="08/03/2016 07:20:19 PM" notes="Emphasis on 2nd &quot;You&quot; (although false, he&apos;s being falsely supportive here, condescending)."/>
 <Dialog id="13680621263400354898" text="And congratulations to my dear sister, Morgan, who has left for EarthSide to assist in marketing efforts with the TranStar Board of Directors. (Whispers and murmers.)" modified="08/03/2016 07:23:54 PM" notes="...and here&apos;s the rub, as if speaking to an invisible Morgan. (Whispers and murmers in background)"/>
 <Dialog id="13680621263400355000" text="And congratulations to my dear brother, Morgan, who has left for EarthSide to assist in marketing efforts with the TranStar Board of Directors. (Whispers and murmers.)" modified="08/03/2016 07:23:36 PM" notes="...and here&apos;s the rub, as if speaking to an invisible Morgan. (Whispers and murmers in background)"/>
 <Dialog id="13680621263400355072" text="So let us toast - to TranStar, to the Neuromod - and the future. (Applause)" modified="08/08/2016 06:21:31 PM"/>
 <Dialog id="13680621263400783393" text="But... what is success if it can&apos;t be shared?" modified="08/08/2016 06:23:36 PM"/>
 <Dialog id="13680621263400783415" text="Let me introduce a few of our employees - none of which had any musical talents until yesterday - except Chief Sho, who I&apos;m told has a lovely singing voice." modified="08/08/2016 06:24:14 PM" notes="Unintentional condescension with &quot;employees.&quot; Also, Alex does not like Danielle, so a little cold on the &quot;I&apos;m told&quot; and slight condescending bite to &quot;lovely.&quot;"/>
 <Dialog id="13680621263400783457" text="Skye, Danielle... whenever you ladies are ready." modified="08/08/2016 06:24:33 PM"/>
 <Dialog id="13680621263400861093" text="What&apos;s happening." modified="08/09/2016 03:58:29 PM" notes="Grim. Concerned."/>
 <Dialog id="13680621263400861321" text="No! Nothing that interferes with memory formation." modified="08/09/2016 04:02:17 PM" notes="Firm."/>
 <Dialog id="13680621263400861573" text="Adrenaline. Then another dose of Morgan&apos;s cell lines. " modified="08/09/2016 04:24:57 PM"/>
 <Dialog id="13680621263400861601" text="Do it." modified="08/09/2016 04:06:57 PM"/>
 <Dialog id="13680621263401308600" text="Igwe?" modified="08/14/2016 08:16:56 PM" notes="What do you think?"/>
 <Dialog id="13680621263401308699" text="Say you manage to insert human neurons into a Typhon. How will you know it was successful?" modified="08/14/2016 08:18:35 PM" notes="Skeptical"/>
 <Dialog id="13680621263401308801" text="What?" modified="08/14/2016 08:20:17 PM" notes="Explain..."/>
 <Dialog id="13680621263401308895" text="Right. Okay. Look - it&apos;s fascinating, but let&apos;s focus on what we know is working. I don&apos;t want anyone devoting resources to this." modified="08/14/2016 08:23:28 PM" notes="Back to reality everyone..."/>
 <Dialog id="13680621263401311605" text="&quot;What is the Neuromod?&quot; Well, it&apos;s both an easy answer - and a complicated one at the same time." modified="08/14/2016 09:07:01 PM" notes="Quotation, delivered as if it&apos;s a difficult question. It&apos;s so hard!"/>
 <Dialog id="13680621263401311623" text="It is the future - today." modified="08/14/2016 09:07:19 PM" notes="It is the future - today."/>
 <Dialog id="13680621263401311678" text="And more importantly... our past. Today." modified="08/14/2016 09:08:14 PM" notes="And a little more pitch, because surprise, suckers. The past? Whatever could he mean?"/>
 <Dialog id="13680621263401311714" text="Why lament a lifetime of skill, practice lost... when instead, we can use those skills, replicate those skills, as a stepping stone to a new future." modified="08/14/2016 09:08:50 PM" notes="But here&apos;s the thing..."/>
 <Dialog id="13680621263401311732" text="This is the work TranStar does. Every employee. Working together." modified="08/14/2016 09:09:08 PM"/>
 <Dialog id="13680621263401311741" text="It&apos;s immortality. And it is beautiful." modified="08/14/2016 09:09:17 PM"/>
 <Dialog id="13680621263401573466" text="And hurry. If Dahl managed to get a read on my location, he&apos;ll be on his way as well." modified="08/17/2016 09:56:24 PM" notes="DNR"/>
 <Dialog id="13680621263401574026" text="Morgan. It&apos;s Dahl - he&apos;s... (interference) in the Arboretum. (interference) Hurry." modified="10/25/2016 07:07:01 PM" notes="Staring to get nervous."/>
 <Dialog id="13680621263402775496" facefx="0" sync="0" notes="" text="Morgan. If you&apos;re going to risk your life, then you might as well put the discoveries we&apos;ve made to good use." modified="08/31/2016 07:52:04 PM"/>
 <Dialog id="13680621263402775912" facefx="0" sync="0" notes="" text="Check your computer. I&apos;m sending you a gift." modified="08/31/2016 07:52:42 PM"/>
 <Dialog id="13680621263402775950" facefx="0" sync="0" notes="" text="I&apos;m uploading a gift to your TranScribe." modified="08/31/2016 07:53:39 PM"/>
 <Dialog id="13680621263408637177" text="Not what you were expecting?" modified="11/07/2016 04:08:53 PM" notes="Female Branch, Localization"/>
 <Dialog id="13680621263408637947" text="The first time, you said it was like you were outside yourself. Like time itself had bent its knee, waiting for you to decide." modified="11/07/2016 04:12:53 PM" notes="Female Branch, Localization"/>
</Dialog>