
<Dialog>
 <Dialog id="13680621263377265113" text="These... &quot;psych evals&quot; are a waste of time. " modified="11/10/2015 01:32:09 PM"/>
 <Dialog id="13680621263377265181" text="That was different." modified="11/10/2015 01:33:17 PM" notes="Cold."/>
 <Dialog id="13680621263377265230" text="Those files were supposed to be closed." modified="11/10/2015 01:34:06 PM" notes="Furious."/>
 <Dialog id="13680621263377265252" text="I&apos;m getting there. " modified="11/10/2015 01:34:28 PM"/>
 <Dialog id="13680621263377265288" text="No." modified="07/29/2016 01:30:03 AM" notes="Flat refusal. I don&apos;t want to talk abou it."/>
 <Dialog id="13680621263377265373" text="She&apos;s a Sanitation Boss. And we&apos;re not in a relationship. " modified="11/10/2015 01:36:29 PM" notes="Defensive. Emphasis on NOT."/>
 <Dialog id="13680621263377265396" text="Not anymore." modified="11/10/2015 01:36:52 PM" notes="A little to herself."/>
 <Dialog id="13680621263377265550" text="Screw this. I&apos;m done. Report me to the Yu&apos;s, I don&apos;t care. They&apos;re putting the station at risk, just like TranStar North, and just like on Earthside." modified="07/06/2016 10:54:44 PM"/>
 <Dialog id="13680621263377534637" text="What the hell did you do to that thing, Mitchell? It sounds like an Auntie Waffle commercial." modified="11/13/2015 04:46:10 PM" notes="Horrified."/>
 <Dialog id="844024417290850540" text="Of course. Also, stop crawling under my desk like a crazy person, Crazy." modified="12/03/2015 06:58:52 PM" notes="Beat before the last &quot;crazy&quot;, using it like a name."/>
 <Dialog id="844024417290850621" text="Have to. Wrapping up some things in Deep Storage, lot of data coming through the system lately." modified="12/03/2015 07:00:23 PM" notes="Unhappy but obligated tone."/>
 <Dialog id="844024417290851293" text="I can&apos;t be having this conversation." modified="12/03/2015 07:11:37 PM" notes="Spikes, false alarmed voice"/>
 <Dialog id="844024417290852107" text="I&apos;m going to lose my job for even talking to you about this. " modified="12/03/2015 07:24:59 PM" notes="Playing at being worried"/>
 <Dialog id="844024417290852144" text="What - exactly. What you&apos;re going to do is have dinner with me. " modified="12/03/2015 07:25:36 PM" notes="(Abigail Foy) Brings it home"/>
 <Dialog id="844024417290852167" text="You say what a lot when you should say &quot;yes.&quot;" modified="12/03/2015 07:25:59 PM" notes="Firm"/>
 <Dialog id="844024417290852206" text="See, all settled. Don&apos;t worry about the TranScribes, it&apos;s not against regulation. So are you going to invite me to this game or not? " modified="12/03/2015 07:26:38 PM" notes="Pause before the last line. You can hear her grinning."/>
 <Dialog id="844024417291200768" text="What are you doing? Are you recording this?" modified="12/07/2015 08:16:00 PM"/>
 <Dialog id="844024417291200835" text="They are not." modified="12/07/2015 08:17:07 PM" notes="Scoffing"/>
 <Dialog id="844024417291201105" text="&quot;Future Us&quot;? We are not calling ourselves that. " modified="07/08/2016 10:42:45 PM" notes="Scoffing"/>
 <Dialog id="844024417291201240" text="Stubborn?" modified="12/07/2015 08:23:52 PM" notes="Incredulous"/>
 <Dialog id="844024417291201290" text="And this is the reward I get." modified="07/15/2016 05:51:35 PM"/>
 <Dialog id="844024417293800489" text="I&apos;m trying to reach Abby, but she&apos;s not answering." modified="01/06/2016 10:24:41 PM"/>
 <Dialog id="844024417293800669" text="Emma?" modified="01/06/2016 10:27:41 PM" notes="Very concerned. Was too concerned about Abby until this point to realize something was amiss."/>
 <Dialog id="844024417293800846" text="Emma? I can barely hear you." modified="01/06/2016 10:30:38 PM"/>
 <Dialog id="844024417293800867" text="Is Abby with you? Are you ok?" modified="01/06/2016 10:30:59 PM"/>
 <Dialog id="844024417293801795" text="Had a &quot;meeting&quot; with the great Alex Yu today. He gave me one of his bullshit &quot;I&apos;m sorries&quot; with no resolution. Between him and Morgan it&apos;s like a tradition. The Yu family &quot;sorry.&quot;" modified="07/08/2016 10:42:01 PM"/>
 <Dialog id="844024417293802283" text="Did you just compare me to him? To that arrogant sack of shit?" modified="01/06/2016 10:55:13 PM" notes="She lets each of the last words hit like a hammer."/>
 <Dialog id="844024417293802475" text="You&apos;re right. Get out, we&apos;re done." modified="01/06/2016 10:57:47 PM" notes="(Abigail Foy) beat before this line"/>
 <Dialog id="844024417293802515" text="I said get out." modified="01/06/2016 10:58:27 PM" notes="(Abigail Foy)  ruthless, cold"/>
 <Dialog id="844024417285399776" text="If things get bad, I&apos;ll jettison a data vault and spacewalk along the hull. Come to Morgan&apos;s room in the executive suites and bang on the window. I should feel the vibration." modified="05/04/2016 09:07:51 PM" notes=""/>
 <Dialog id="844024417285401029" text="Morgan?" modified="07/15/2016 05:31:45 PM" notes="Surprise, Morgan is the last person she expected to see." sync="true"/>
 <Dialog id="844024417285401213" text="I thought they&apos;d demoted you, sent you Earthside." modified="07/14/2016 11:03:48 PM" notes="Confused." sync="true"/>
 <Dialog id="844024417285403244" text="(O2 Warning) Dammit." modified="07/14/2016 11:11:45 PM" notes="Takes a sudden inhale, alert SFX of O2 dying goes off, and she hisses quietly to herself as alarms go off" sync="true"/>
 <Dialog id="844024417285404908" text="Try the kitchen. Did you try the kitchen?" modified="01/29/2016 05:49:35 PM"/>
 <Dialog id="844024417285404919" text="Morgan, there&apos;s not much time. Please." modified="01/29/2016 05:49:56 PM"/>
 <Dialog id="844024417285405860" text="If you have any tricks up your sleeve, Morgan, now&apos;s the time." modified="07/14/2016 11:13:48 PM"/>
 <Dialog id="844024417285405913" text="His signature&apos;s left the crew quarters." modified="01/29/2016 05:48:27 PM"/>
 <Dialog id="844024417285405937" text="He got away from you. Or did you let him go?" modified="01/29/2016 05:48:05 PM" notes=" She pauses in between, cold"/>
 <Dialog id="844024417285406072" text="No more time, Morgan. Seeing spots at this point. Looks like neither of us get what we want." modified="07/08/2016 05:51:47 PM"/>
 <Dialog id="844024417285406154" text="You got him. Thank you, Morgan. You pulled it off." modified="07/14/2016 11:06:29 PM" notes="Grudging respect, last part as if she wasn&apos;t sure he could."/>
 <Dialog id="844024417285406510" text="I&apos;m also transmitting your brother&apos;s password and Dr. Igwe&apos;s. You might find somethign you can use." modified="08/15/2016 02:51:28 PM"/>
 <Dialog id="844024417285406581" text="Goodbye, Morgan." modified="07/08/2016 10:45:22 PM" sync="true"/>
 <Dialog id="844024417285406892" text="You had him. You had him right in front of you and you couldn&apos;t go through with it!" modified="05/04/2016 12:57:14 AM"/>
 <Dialog id="844024417285407001" text="Killing him won&apos;t fix anything. Everything&apos;s screwed up. I guess the least I can do is try to help you sweep up what&apos;s left." modified="05/04/2016 12:57:38 AM" notes="sighing, realizing she&apos;s lost control"/>
 <Dialog id="844024417287659406" text="Hey, Kevin. I&apos;m just checking in to see if you&apos;ve seen Abby. I know you two were just hanging out. Message me if you get this. " modified="07/08/2016 06:06:07 PM"/>
 <Dialog id="844024417287749545" text="Emma. It&apos;s Danielle." modified="01/06/2016 10:22:59 PM"/>
 <Dialog id="844024417282819115" text="-no, this sounded serious, so I wanted to shut my TranScribe off. So okay, so you&apos;re asking me if it&apos;s okay to record..." modified="12/03/2015 07:10:28 PM"/>
 <Dialog id="844024417282819158" text="On the TranScribes." modified="12/03/2015 07:10:48 PM"/>
 <Dialog id="844024417278849112" text="Abby - I&apos;m still in Deep Storage. I don&apos;t know why you won&apos;t pick up. I hope you&apos;re safe." modified="01/29/2016 03:32:40 PM" notes="Danielle is worried, is leaving a &quot;voice mail&quot; for Abby"/>
 <Dialog id="844024417278849333" text="So - I hear your words. Sense some judgment. Trying to pay attention." modified="12/03/2015 06:56:55 PM" notes="Dismissive, slightly sarcastic, mimicking her tone"/>
 <Dialog id="844024417278849390" text="But instead, you&apos;re telling me this to one, protect me, and two, teach me not be a hypocrite about password protocol, which leads to three, you want me to be a better person. Four? That is why I love you." modified="12/03/2015 06:57:49 PM" notes="Countering the previous line from Abigail. Emphasis on the word &quot;that&quot;."/>
 <Dialog id="844024417295692617" text="I could take on the role of Morgan. " modified="01/28/2016 08:00:09 PM" notes="Barreling ahead"/>
 <Dialog id="844024417295692821" text="&quot;Shift&apos;s over when the sun sets on Talos.&quot; " modified="01/28/2016 08:03:33 PM" notes="Mocking female Morgan&apos;s voice"/>
 <Dialog id="844024417295692927" text="&quot;Shift&apos;s over when the sun sets on Talos.&quot; " modified="01/28/2016 08:05:19 PM" notes="Mocking male Morgan&apos;s voice"/>
 <Dialog id="844024417295702505" text="As if it ever does. What a joker." modified="01/28/2016 10:44:57 PM" notes="Sarcastic"/>
 <Dialog id="844024417295763078" text="And Abby - please don&apos;t take any chances, all right? I... Be safe." modified="01/29/2016 03:34:30 PM" notes="Starts to say &quot;I love you&quot; but can&apos;t say that."/>
 <Dialog id="844024417295767774" text="His tracking signature makes no sense, though. Might be one of those &quot;Volunteers&quot; you and your brother were cycling up here." modified="07/08/2016 05:50:44 PM" notes="Bitter in the last half. Blames Morgan for Abby&apos;s death indirectly."/>
 <Dialog id="844024417295767946" text="Make sure he doesn&apos;t get out. I&apos;ll see what I can do to help you from out here. (O2 Warning) But do it quick, I don&apos;t have much time." modified="07/14/2016 11:13:14 PM" notes="Beat before &quot;do it&quot;. O2 sfx before &quot;but do it quick&quot;. She&apos;s running out of time."/>
 <Dialog id="844024417295769558" text="...wait. You already found him?" modified="01/29/2016 06:14:06 PM" notes="just noticing the body that Morgan has brought in."/>
 <Dialog id="844024417295769677" text="I&apos;ll know he&apos;s gone the same way I knew about Abby. I have a tap on the personnel roster." modified="01/29/2016 05:24:29 PM"/>
 <Dialog id="844024417295769910" text="Set your TranScribe to record:" modified="01/29/2016 05:28:22 PM" sync="true"/>
 <Dialog id="844024417295770099" text="Now get into Deep Storage. Probably the only safe place on the station." modified="05/04/2016 01:09:13 AM"/>
 <Dialog id="844024417295770117" text="Me... I&apos;m going to see what good I can do out here." modified="07/12/2016 04:28:15 PM" notes="Not very hopeful."/>
 <Dialog id="844024417295771507" text="What the...?" modified="01/29/2016 06:10:58 PM"/>
 <Dialog id="844024417295771515" text="My O2 levels must be failing. I&apos;m hallucinating." modified="01/29/2016 05:55:07 PM" notes="To herself, not comical, but a little scared"/>
 <Dialog id="844024417295771625" text="What did you just do?" modified="01/29/2016 05:56:57 PM"/>
 <Dialog id="844024417294587376" text="Hey, guys. Sorry I&apos;m late. Stationwide OS upgrade, had to hold Bellamy&apos;s hand through the whole process. Abby, do you have my character sheet?" modified="07/08/2016 06:06:12 PM"/>
 <Dialog id="844024417296371250" text="Harmonica" modified="02/05/2016 04:30:42 PM" notes="Synthesized voice of Danielle reading back voice lock key" facefx="2"/>
 <Dialog id="844024417296371262" text="Gravity" modified="02/05/2016 04:30:54 PM" notes="Synthesized voice of Danielle reading back voice lock key" facefx="2"/>
 <Dialog id="844024417296371268" text="Chameleon" modified="02/05/2016 04:31:00 PM" notes="Synthesized voice of Danielle reading back voice lock key" facefx="2"/>
 <Dialog id="844024417296371278" text="Bovine" modified="02/05/2016 04:31:10 PM" notes="Synthesized voice of Danielle reading back voice lock key" facefx="2"/>
 <Dialog id="844024417296371285" text="Chasm" modified="02/05/2016 04:31:17 PM" notes="Synthesized voice of Danielle reading back voice lock key" facefx="2"/>
 <Dialog id="844024417296371609" text="Fortitude" modified="02/05/2016 04:36:52 PM" notes="Synthesized voice of Danielle reading back voice lock key" facefx="2"/>
 <Dialog id="844024417296371645" text="Doctrine" modified="02/05/2016 04:37:17 PM" notes="Synthesized voice of Danielle reading back voice lock key" facefx="2"/>
 <Dialog id="844024417296371659" text="Corkscrew" modified="02/05/2016 04:37:31 PM" notes="Synthesized voice of Danielle reading back voice lock key" facefx="2"/>
 <Dialog id="844024417296371667" text="Perspective" modified="02/05/2016 04:37:39 PM" notes="Synthesized voice of Danielle reading back voice lock key" facefx="2"/>
 <Dialog id="844024417296371830" text="Auspicious" modified="02/05/2016 04:40:22 PM" notes="Synthesized voice of Danielle reading back voice lock key" facefx="2"/>
 <Dialog id="844024417296371845" text="Rendezvous" modified="02/05/2016 04:40:37 PM" notes="Synthesized voice of Danielle reading back voice lock key" facefx="2"/>
 <Dialog id="844024417296372163" text="Laconic" modified="02/05/2016 04:45:55 PM" facefx="2"/>
 <Dialog id="844024417296372169" text="Entropy" modified="02/05/2016 04:46:01 PM" facefx="2"/>
 <Dialog id="844024417296372178" text="Antipathy" modified="02/05/2016 04:46:10 PM" facefx="2"/>
 <Dialog id="844024417296372194" text="Proclivity" modified="02/05/2016 04:46:26 PM" facefx="2"/>
 <Dialog id="844024417296372200" text="Pencil" modified="02/05/2016 04:46:32 PM" facefx="2"/>
 <Dialog id="844024417296372211" text="Mauve" modified="02/05/2016 04:46:43 PM" facefx="2"/>
 <Dialog id="844024417296372218" text="Erroneous" modified="02/05/2016 04:46:50 PM" facefx="2"/>
 <Dialog id="844024417296372227" text="Malicious" modified="02/05/2016 04:46:59 PM" facefx="2"/>
 <Dialog id="844024417296372235" text="Speculation" modified="02/05/2016 04:47:07 PM" facefx="2"/>
 <Dialog id="13680621263385386121" text="You assholes will bury it with your psych eval bullshit. And another thing-" modified="07/08/2016 05:25:55 PM"/>
 <Dialog id="844024417296986000" text="Abby, I&apos;m so sorry. About everything. " modified="02/12/2016 07:16:32 PM" notes="Quiet, dying."/>
 <Dialog id="844024417296986065" text="I... should have told you about what happened at TranStar Boston, about Jessica, I should have... let the Yu family go." modified="04/27/2016 03:54:12 AM"/>
 <Dialog id="844024417296986082" text="Morgan, Alex... it wasn&apos;t worth it." modified="02/12/2016 07:17:54 PM"/>
 <Dialog id="844024417296986107" text="Morgan." modified="02/12/2016 07:18:19 PM" notes="Recalls that Morgan was there at the end. Laughs."/>
 <Dialog id="844024417297506370" text="[music playing]" modified="10/21/2016 08:33:15 PM" notes="danielle&apos;s song plays here"/>
 <Dialog id="844024417298534096" text="I can&apos;t believe you got modded for Alex&apos;s clown show at the Tulip." modified="08/08/2016 06:30:30 PM"/>
 <Dialog id="844024417298534180" text="Only to catch you if you suddenly collapse. And only if you keep me from punching Alex if I drink too much." modified="08/08/2016 06:54:14 PM" notes="Hmph. Only doing this for you, don&apos;t get mushy."/>
 <Dialog id="13680621263392426558" text="She showed up. She never left the station. She tried to help... I think she was always trying to... but..." modified="07/08/2016 06:04:08 PM"/>
 <Dialog id="13680621263392426588" text="I hope she fixes the station. Helps the crew. And not for TranStar - not for science. I hope..." modified="07/08/2016 06:00:29 PM" notes="Quieter for last 2 sentences."/>
 <Dialog id="13680621263392426623" text="...she caught your killer... proves there&apos;s a little justice. " modified="07/08/2016 06:02:58 PM"/>
 <Dialog id="13680621263392426646" text="I hope... she makes it out alive... not so she&apos;s punished. " modified="07/08/2016 05:59:22 PM" notes="O2 starts cutting out."/>
 <Dialog id="13680621263392426653" text="It&apos;s because I don&apos;t want her joining us just yet, Abby. We didn&apos;t have enough time. The two of us." modified="07/08/2016 05:59:28 PM" notes="Quieter. Flatlines."/>
 <Dialog id="13680621263392426713" text="He showed up. He never left the station. He tried to help... I think he was always trying to... but..." modified="07/08/2016 05:59:32 PM"/>
 <Dialog id="13680621263392426738" text="I hope he fixes the station. Helps the crew. And not for TranStar - not for science. I hope..." modified="07/08/2016 06:00:35 PM" notes="Quieter for last 2 sentences."/>
 <Dialog id="13680621263392426757" text="...he caught your killer... proves there&apos;s a little justice. " modified="07/08/2016 06:01:14 PM"/>
 <Dialog id="13680621263392426795" text="I hope... he makes it out alive... not so he&apos;s punished. " modified="07/08/2016 05:59:37 PM"/>
 <Dialog id="13680621263392426816" text="It&apos;s because I don&apos;t want him joining us just yet, Abby. We didn&apos;t have enough time. The two of us." modified="07/08/2016 05:59:42 PM" notes="Quieter. Flatlines."/>
 <Dialog id="13680621263392492354" text="Morgan? Alex has you boxed in." modified="07/08/2016 06:02:45 PM" facefx="2" notes="Labored breathing."/>
 <Dialog id="13680621263392492389" text="Look, there&apos;s nothing I can do about the lockdown from out here, but I promised I&apos;d help you, so listen. " modified="07/14/2016 10:58:31 PM" facefx="2"/>
 <Dialog id="13680621263392492421" text="Deep Storage was built with a series of Data Vault Modules that can be jettisoned from the station." modified="05/04/2016 07:20:53 PM" facefx="2"/>
 <Dialog id="13680621263392492443" text="It&apos;s a redundant backup system. " modified="05/04/2016 07:21:19 PM" facefx="2"/>
 <Dialog id="13680621263392492466" text="That&apos;s your way out.  " modified="05/04/2016 07:21:22 PM" facefx="2"/>
 <Dialog id="13680621263392492507" text="Look at my workstation again. I&apos;m exposing a utility that&apos;ll open up one of the vaults. " modified="05/04/2016 07:29:48 PM" facefx="2"/>
 <Dialog id="13680621263392492513" text="Once you&apos;re in, look for a manual release." modified="05/04/2016 07:30:50 PM" facefx="2"/>
 <Dialog id="13680621263392492982" text="Then your ass is space junk, like me." modified="05/04/2016 07:29:58 PM" facefx="2"/>
 <Dialog id="13680621263392492996" text="Also... I stashed some supplies. They were supposed to be for me and Abby, but... you can have them." modified="07/08/2016 06:07:04 PM" facefx="2"/>
 <Dialog id="13680621263392493212" text="And if you manage to get back inside remember, you owe me. Kill the sonofabitch who hurt Abby or I swear to God I&apos;ll haunt you." modified="07/08/2016 06:01:36 PM" facefx="2" notes="Labored breathing."/>
 <Dialog id="13680621263392493322" text="Morgan? You&apos;re shitting me. I knew someone was messing with my workstation but... God." modified="07/08/2016 10:43:24 PM" facefx="2"/>
 <Dialog id="13680621263392493364" text="Look... I&apos;m going to do you a favor since you killed the sonofabitch that hurt Abby." modified="07/08/2016 06:01:33 PM" facefx="2" notes="Labored breathing."/>
 <Dialog id="13680621263392493400" text="Maybe you don&apos;t know what I&apos;m talking about but I am NOT dying while I owe you something, so listen. " modified="05/04/2016 07:36:56 PM" facefx="2"/>
 <Dialog id="13680621263392493456" text="There. Even." modified="07/08/2016 06:01:56 PM" facefx="2" notes="Slowed breathing."/>
 <Dialog id="13680621263392493599" text="Morgan? This is Chief Sho. I&apos;m not dead. Not yet. " modified="07/08/2016 06:01:59 PM" facefx="2" notes="Labored breathing."/>
 <Dialog id="13680621263392493625" text="I know you spoofed my voice to get in there. And now you&apos;re stuck. Some family. " modified="05/04/2016 07:40:41 PM" facefx="2"/>
 <Dialog id="13680621263392493632" text="I&apos;m going to help you, but you have to do something for me." modified="05/04/2016 07:40:48 PM" facefx="2"/>
 <Dialog id="13680621263392493644" text="Someone posing as the cook - killed Abby. Abigail Foy. Ran Sanitation. You wouldn&apos;t know her... but she was... (swallows) " modified="05/04/2016 07:41:00 PM" notes="Struggling a little with the emotion and dwindling air." facefx="2"/>
 <Dialog id="13680621263392493697" text="He&apos;s still here. He can&apos;t have gotten out. Want to do one good thing? Just one. Find him. Kill him." modified="05/04/2016 07:42:05 PM" facefx="2"/>
 <Dialog id="13680621263392493749" text="Look at my workstation again. I&apos;m exposing a utility that&apos;ll open a Data Vault Module. " modified="05/04/2016 07:42:51 PM" facefx="2"/>
 <Dialog id="13680621263392493757" text="It&apos;s a redundant backup system that&apos;s meant to be jettisoned from the station. " modified="05/04/2016 07:42:53 PM" facefx="2"/>
 <Dialog id="13680621263392493784" text="Morgan. If you get back inside... Please, fix this station. Not for science, not for the future - do it for the crew. Please." modified="07/08/2016 06:02:12 PM" facefx="2"/>
 <Dialog id="13680621263392499065" text="I&apos;m going to tap into the roster servers to see if I can find you guys." modified="08/15/2016 02:40:12 PM"/>
 <Dialog id="13680621263394136076" text="If things get bad, I&apos;ll jettison a data vault and spacewalk along the hull. Come to the Fitness Center and bang on the window by the pool. I should feel the vibration." modified="07/15/2016 05:44:03 PM"/>
 <Dialog id="13680621263394292785" text="So - I found your sticky note. The one under the desk. With your password." modified="05/25/2016 03:26:41 PM"/>
 <Dialog id="13680621263394292830" text="Look, you need to keep your password safe, all right? I&apos;m watching out for you because I love you." modified="05/25/2016 03:27:26 PM" notes="Starts stern."/>
 <Dialog id="13680621263394292861" text="I loved you enough to crawl under your desk. I totally wasn&apos;t looking for the pen I dropped." modified="05/25/2016 03:27:57 PM" notes="Beat after first sentence."/>
 <Dialog id="14538910657199630820" text="Morgan? It&apos;s Danielle... look, I think I have an idea. It&apos;s risky...  but it might get the main lift and the external airlocks working again." modified="07/13/2016 06:07:31 PM" notes="[RICARDO SCRIPT]"/>
 <Dialog id="14538910657199630883" text="You&apos;ll need to get to the main reactor control and - shut off power to the station. If I recall the specs right... the reactor should reboot not long after." modified="07/13/2016 04:19:47 PM" notes="Pauses at the hyphen, this is a crazy plan. At end, emphasis on SHOULD to reinforce doubt."/>
 <Dialog id="14538910657199630963" text="If - when - it does, the lift and airlock controls will reset." modified="07/13/2016 06:07:18 PM" notes="Corrects."/>
 <Dialog id="14538910657199631248" text="I don&apos;t know if giving you free run of the station will add more fuel to the fire, but if this helps anyone else escape... it&apos;s worth it." modified="07/13/2016 04:38:26 PM" notes="If the player is an asshole/psychopath. Under her breath, emphasis on YOU. Slight accusing, doesn&apos;t like/trust Morgan."/>
 <Dialog id="14538910657199631298" text="It&apos;s too late for me - but it may help you save others." modified="07/13/2016 04:26:42 PM" notes="Optional, if Danielle is sympathetic to Morgan/Morgan&apos;s not a psycho."/>
 <Dialog id="14538910657199742272" text="Make sure he doesn&apos;t get away. Get to Deep Storage... I&apos;ll try to help you from out here." modified="08/03/2016 04:11:27 PM"/>
 <Dialog id="13680621263400006385" text="It never saw me." modified="07/30/2016 06:33:21 PM"/>
 <Dialog id="13680621263400006507" text="It killed Volunteer 37, but it&apos;s hard to say why." modified="07/30/2016 06:35:23 PM"/>
 <Dialog id="13680621263400006532" text="And it never ran into Volunteer 37. Hard to say what it would have done." modified="07/30/2016 07:09:57 PM"/>
 <Dialog id="13680621263400007296" text="There were a lot of humans controlled by the Typhon that it could have harmed. Seems like it went out of its way to avoid that." modified="07/30/2016 06:48:32 PM"/>
 <Dialog id="13680621263400007333" text="A lot of humans controlled by the Typhon ended up dead. Not that it was easy to avoid but..." modified="07/30/2016 06:49:09 PM"/>
 <Dialog id="13680621263400007470" text="I just don&apos;t think it&apos;s worth the risk." modified="07/30/2016 06:51:26 PM"/>
 <Dialog id="13680621263400007762" text="I think it&apos;s worth the risk." modified="07/30/2016 06:56:18 PM"/>
 <Dialog id="13680621263400007839" text="It found me. It didn&apos;t need to, but it did." modified="07/30/2016 06:57:35 PM"/>
 <Dialog id="13680621263400007933" text="I asked it to stop Volunteer 37. That was dangerous. No way to be sure, but I think it has a sense of retribution." modified="07/30/2016 07:09:43 PM"/>
 <Dialog id="13680621263400008558" text="I asked it to stop Volunteer 37, but it left him alive. It could mean a low drive for retribution." modified="07/30/2016 07:09:49 PM"/>
 <Dialog id="13680621263400009074" text="By then, it had already stopped volunteer 37. Hard to say why." modified="01/24/2017 05:04:05 PM"/>
 <Dialog id="13680621263400010193" text="You&apos;re assuming it thinks like us." modified="07/30/2016 07:36:49 PM"/>
 <Dialog id="13680621263400341819" text="If you&apos;re here... then Abby didn&apos;t make it, did she? I-" modified="08/03/2016 03:43:55 PM" notes="Emotional. End line is cut off but she means, &quot;I had hoped.&quot;" sync="true"/>
 <Dialog id="13680621263400341846" text="I can help... I know you need to get into Deep Storage. I voice-locked it, but I have the override that bypasses the random word input." modified="08/03/2016 03:44:42 PM" sync="true"/>
 <Dialog id="13680621263400341899" text="Alex. Oedipus Complex. Pompous. Nepotist." modified="08/03/2016 03:45:15 PM" sync="true"/>
 <Dialog id="13680621263400341914" text="No offense to your brother - but that should be enough." modified="08/03/2016 03:45:30 PM" notes="Sarcasm at front." sync="true"/>
 <Dialog id="13680621263400341934" text="But watch your step... there&apos;s someone else in Crew Quarters, pretending to be the Cook. His tracking bracelet&apos;s from Psychotronics, but... the ID doesn&apos;t make any sense." modified="08/03/2016 03:45:50 PM" notes="Warning, then slightly confused at end. Beat before &quot;the ID.&quot;" sync="true"/>
 <Dialog id="13680621263400342040" text="He... I think he&apos;s the one that killed Abby." modified="08/03/2016 03:47:36 PM" sync="true"/>
 <Dialog id="13680621263400342056" text="If you can, make sure he doesn&apos;t get off the station." modified="08/03/2016 03:47:52 PM" sync="true"/>
 <Dialog id="13680621263400342074" text="I&apos;ll see what else I can do to help from out here. (O2 Warning) For as long as I can." modified="08/03/2016 03:48:10 PM" notes="O2 warning should be a SFX that interrupts, like a beat." sync="true"/>
 <Dialog id="13680621263400342308" text="There was someone else in Crew Quarters, pretending to be the Cook. His tracking bracelet was from Psychotronics but... the ID didn&apos;t make any sense." modified="08/03/2016 03:59:10 PM" notes="Emphasis on &quot;WAS.&quot; Slightly confused at the end, wasn&apos;t sure who this person really was."/>
 <Dialog id="13680621263400342347" text="He... killed Abby." modified="08/03/2016 03:52:43 PM" notes="Death of ex-lover sinks in again." sync="true"/>
 <Dialog id="13680621263400342367" text="I&apos;m guessing you&apos;re the reason his bracelet went red. I owe you one. And so does Abby." modified="08/03/2016 03:53:03 PM" notes="A little quieter, thankful to Morgan. Beat before &quot;I owe you one.&quot;" sync="true"/>
 <Dialog id="13680621263400342536" text="Look, no need to stand here - get moving, I&apos;ll keep the TranScribe open, you need to get to Deep Storage. Problem is, the lock..." modified="08/03/2016 04:04:58 PM" notes="Resets, focuses on mission. About to explain a quest solution, but player already figured it out."/>
 <Dialog id="13680621263400342558" text="...wait - that&apos;s why you knew where I was. You were scrounging TranScribes, trying to find samples to bypass the voice lock. Hnh." modified="08/03/2016 04:04:53 PM" notes="Realization, then impressed, despite herself. Beat after Wait."/>
 <Dialog id="13680621263400342610" text="Nothing more that I can do for you right now... but... look, be careful. There&apos;s someone else in Crew Quarters, pretending to be the Cook. " modified="08/03/2016 03:57:08 PM" notes="Takes a breath. Confused at the end, doesn&apos;t know who this person was." sync="true"/>
 <Dialog id="13680621263400342648" text="His tracking bracelet&apos;s from Psychotronics, but... the ID doesn&apos;t make any sense." modified="08/03/2016 03:57:44 PM" sync="true"/>
 <Dialog id="13680621263400343124" text="Nothing more I can do for you right now... except..." modified="08/03/2016 04:05:40 PM" notes="Oh, well."/>
 <Dialog id="13680621263400343150" text="...there was someone else in Crew Quarters, pretending to be the Cook." modified="08/03/2016 04:06:06 PM" notes="Another dawning realization. Emphasis on &quot;WAS.&quot; Slightly confused at the end, wasn&apos;t sure who this person really was." sync="true"/>
 <Dialog id="13680621263400783716" text="...wanted to check on you, Skye." modified="08/08/2016 06:28:52 PM" notes="Slight concern, Skye just got modded."/>
 <Dialog id="13680621263400785870" text="Can&apos;t believe you&apos;re making me watch this." modified="08/08/2016 07:04:46 PM" notes="Grumbling under her breath in theater, checking texts."/>
 <Dialog id="13680621263400785951" text="Just a sec..." modified="08/08/2016 07:06:07 PM" notes=""/>
 <Dialog id="13680621263400785980" text="Dammit! (TS Clatters to floor.) It&apos;s under the seat." modified="08/08/2016 07:06:36 PM"/>
 <Dialog id="13680621263401376768" text="Do you know how many security protocols you broke?" modified="08/15/2016 03:13:04 PM" notes="Shaking head."/>
 <Dialog id="13680621263401732101" text="I stashed some supplies in Deep Storage. They were supposed to be for me and Abby, but... you can have them. I&apos;ll send the code." modified="08/19/2016 05:56:16 PM" notes="Maybe you can put them to use." sync="true"/>
 <Dialog id="13680621263403298609" text="I&apos;m sending you the code to the reactor room." modified="09/06/2016 09:03:45 PM"/>
 <Dialog id="13680621263403820269" text="No." modified="09/12/2016 09:58:05 PM" notes="None of your business Dr. Khol"/>
 <Dialog id="13680621263408642038" text="Maybe you don&apos;t know what I&apos;m talking about but I am NOT dying while I owe you something, so listen. " modified="11/07/2016 05:20:54 PM" notes="Female Branch, Localization"/>
</Dialog>