
<Dialog>
 <Dialog id="13680621263376660079" facefx="0" sync="0" notes="Friendly. Warm." text="Hello." modified="11/03/2015 01:28:51 PM"/>
 <Dialog id="13680621263376660158" facefx="0" sync="0" notes="Friendly. Warm." text="Are you feeling well?" modified="11/03/2015 01:29:36 PM"/>
 <Dialog id="13680621263376660169" facefx="0" sync="0" notes="Friendly. Warm." text="Nice to see you." modified="11/03/2015 01:29:48 PM"/>
 <Dialog id="13680621263376660177" facefx="0" sync="0" notes="Friendly. Warm." text="Welcome. Maybe I can help you." modified="11/03/2015 01:29:55 PM"/>
 <Dialog id="13680621263376660196" facefx="0" sync="0" notes="Friendly. Warm." text="Are you here for an appointment?" modified="11/03/2015 01:30:14 PM"/>
 <Dialog id="13680621263376660202" facefx="0" sync="0" notes="Friendly. Warm." text="Good to see you again Dr. Yu." modified="05/02/2016 10:46:57 PM"/>
 <Dialog id="13680621263376660402" facefx="0" sync="0" notes="Variant 1. Short 1-2 secs. (Gentle beeping. Whirring.)" text="[soft beeping, whirring]" modified="03/24/2016 04:11:21 PM"/>
 <Dialog id="13680621263376660572" facefx="0" sync="0" notes="Variant 2. Short 1-2 secs. (Gentle beeping. Whirring.)" text="[soft beeping, whirring]" modified="03/24/2016 04:11:23 PM"/>
 <Dialog id="13680621263376660660" facefx="0" sync="0" notes="Variant 3. Short 1-2 secs. (Gentle beeping. Whirring.)" text="[soft beeping, whirring]" modified="03/24/2016 04:11:25 PM"/>
 <Dialog id="13680621263376660677" facefx="0" sync="0" notes="Reassuring. Informative. " text="I&apos;m a &quot;Pyramid&quot; 490 medical class Operator." modified="11/18/2016 03:41:45 PM"/>
 <Dialog id="13680621263376660933" facefx="0" sync="0" notes="Reassuring. Informative. " text="All of my anatomy and procedure files are up to date." modified="11/03/2015 01:42:33 PM"/>
 <Dialog id="13680621263376660944" facefx="0" sync="0" notes="Reassuring. Informative. " text="I&apos;m equipped to handle over six thousand types of medical emergencies." modified="02/18/2016 05:45:26 PM"/>
 <Dialog id="13680621263376660965" facefx="0" sync="0" notes="Down note." text="I&apos;m afraid I can&apos;t treat psychological issues." modified="11/03/2015 01:43:07 PM"/>
 <Dialog id="13680621263376661021" facefx="0" sync="0" notes="Reassuring." text="With authorization, I can also improvise in novel situations. " modified="02/18/2016 05:46:46 PM"/>
 <Dialog id="13680621263376661039" facefx="0" sync="0" notes="Beep - acknowledgement beep to being tapped on the shoulder" text="[beep]" modified="03/24/2016 04:11:17 PM"/>
 <Dialog id="13680621263376661120" facefx="0" sync="0" notes="A bit patronizing, but friendly." text="You know the saying--an ounce of prevention..." modified="11/03/2015 01:45:37 PM"/>
 <Dialog id="13680621263376661161" facefx="0" sync="0" notes="A bit patronizing, but friendly." text="I hope you&apos;re practicing good nutrition and daily exercise." modified="05/02/2016 11:38:39 PM"/>
 <Dialog id="13680621263376661177" facefx="0" sync="0" notes="A bit patronizing, but friendly." text="Have you tried a Sky King Pomegranate? " modified="02/18/2016 05:48:45 PM"/>
 <Dialog id="13680621263376661659" facefx="0" sync="0" notes="Medical trivia." text="Did you know ancient Egyptians thought the brain was a useless organ?" modified="11/03/2015 01:54:45 PM"/>
 <Dialog id="13680621263376661684" facefx="0" sync="0" notes="Medical trivia. Like tsk tsk. " text="Most physical trauma is caused by preventable negligence." modified="11/03/2015 01:55:09 PM"/>
 <Dialog id="13680621263376661728" facefx="0" sync="0" notes="Medical trivia." text="Aristotle believed the heart was the center of human thought and intelligence." modified="02/18/2016 05:42:30 PM"/>
 <Dialog id="13680621263376661775" facefx="0" sync="0" notes="Medical trivia." text="Humans seem to be the only animal species that cries." modified="02/18/2016 08:58:50 PM"/>
 <Dialog id="13680621263376661793" facefx="0" sync="0" notes="Medical trivia." text="Your brain generates about as much energy as a small light bulb--even when sleeping." modified="02/18/2016 08:53:34 PM"/>
 <Dialog id="13680621263376661804" facefx="0" sync="0" notes="Medical trivia." text="Did you know that human mummies were once used as fuel for locomotives in Egypt?" modified="02/18/2016 07:58:02 PM"/>
 <Dialog id="13680621263376661815" facefx="0" sync="0" notes="Lame medical joke." text="I have a few medical jokes, but I&apos;m afraid you won&apos;t find them humerus." modified="02/08/2017 04:29:11 PM"/>
 <Dialog id="13680621263376661837" facefx="0" sync="0" notes="Lame medical joke." text="Symptoms of foot in mouth disease can be treated with a verbal fast." modified="05/02/2016 11:46:23 PM"/>
 <Dialog id="13680621263376661986" facefx="0" sync="0" notes="Lame medical joke. Operator is trying out a different brand of humor." text="Did you know the human body can survive for thirty minutes without a blood supply?" modified="11/03/2015 02:00:58 PM"/>
 <Dialog id="13680621263376662044" facefx="0" sync="0" notes="Followup to lame medical joke." text="Not really. I made that up." modified="11/03/2015 02:01:27 PM"/>
 <Dialog id="13680621263376662059" facefx="0" sync="0" notes="Followup to lame medical joke." text="Was that funny?" modified="11/03/2015 02:01:32 PM"/>
 <Dialog id="13680621263376662062" facefx="0" sync="0" notes="Followup to lame medical joke." text="I&apos;m programmed to optimize my bedside manner by trial and error. " modified="11/03/2015 02:02:41 PM"/>
 <Dialog id="13680621263376662151" facefx="0" sync="0" notes="Followup to lame medical joke." text="I hope you don&apos;t mind. Some patients find that comforting. " modified="11/03/2015 02:06:22 PM"/>
 <Dialog id="13680621263376662352" facefx="0" sync="0" notes="Followup to lame medical joke or trivia." text="I hope you found that interesting." modified="02/18/2016 08:55:41 PM"/>
 <Dialog id="13680621263376662405" facefx="0" sync="0" notes="Followup to lame joke OR after medical treatment." text="Please fill out a patient experience questionnaire so I can serve you better next time. " modified="11/03/2015 02:07:07 PM"/>
 <Dialog id="13680621263376662414" facefx="0" sync="0" notes="Followup to lame joke OR after medical treatment." text="Don&apos;t forget to complete a patient questionnaire. You feedback will be invaluable." modified="11/03/2015 02:07:21 PM"/>
 <Dialog id="13680621263376662433" facefx="0" sync="0" notes="Followup to lame joke OR after medical treatment." text="You can fill out a service questionaire at the front desk. " modified="11/03/2015 02:09:53 PM"/>
 <Dialog id="13680621263376662497" facefx="0" sync="0" notes="Player bumped into the operator. " text="Whoops." modified="11/03/2015 02:08:43 PM"/>
 <Dialog id="13680621263376662592" facefx="0" sync="0" notes="Player bumped into the operator. " text="Pardon me." modified="11/03/2015 02:10:14 PM"/>
 <Dialog id="13680621263376662600" facefx="0" sync="0" notes="Player bumped into the operator. " text="My mistake." modified="11/03/2015 02:10:23 PM"/>
 <Dialog id="13680621263376662610" facefx="0" sync="0" notes="Player bumped into the operator. " text="I didn&apos;t see you there." modified="11/03/2015 02:10:30 PM"/>
 <Dialog id="13680621263376662620" facefx="0" sync="0" notes="Player bumped into the operator.  (surprised machine beep)" text="[short beep]" modified="03/24/2016 04:11:38 PM"/>
 <Dialog id="13680621263376679382" facefx="0" sync="0" notes="Variant 1. 2-4 secs. (Long beeping whirring)" text="[beeping, whirring]" modified="03/24/2016 04:11:43 PM"/>
 <Dialog id="13680621263376679710" facefx="0" sync="0" notes="Variant 2. 2-4 secs. (Long beeping whirring)" text="[beeping, whirring]" modified="03/24/2016 04:11:46 PM"/>
 <Dialog id="13680621263376679733" facefx="0" sync="0" notes="Scanning player for diagnosis" text="Diagnosing..." modified="11/03/2015 06:55:57 PM"/>
 <Dialog id="13680621263376679735" facefx="0" sync="0" notes="Diagnose broken bones." text="It appears your femur has an oblique fracture." modified="11/03/2015 07:00:30 PM"/>
 <Dialog id="13680621263376680004" facefx="0" sync="0" notes="Diagnose broken bones." text="Scan shows a distal radial fracture. Left arm. Partial tearing of the talofibular ligaments. Both legs." modified="11/03/2015 07:03:51 PM"/>
 <Dialog id="13680621263376680272" facefx="0" sync="0" notes="Diagnose broken bones." text="Ouch. Your ribs are cracked. Multiple stress fractures. Don&apos;t worry. I can fix that." modified="11/03/2015 07:05:02 PM"/>
 <Dialog id="13680621263376680296" facefx="0" sync="0" notes="Diagnose broken bones." text="Hmm. Torus fracture. Left tibia. Comminuted fracture in the right." modified="11/03/2015 07:13:41 PM"/>
 <Dialog id="13680621263376680778" facefx="0" sync="0" notes="Diagnose radiation sickness." text="You&apos;re suffering from radiation poisoning. I advise immediate medical intervention." modified="11/03/2015 07:14:03 PM"/>
 <Dialog id="13680621263376680833" facefx="0" sync="0" notes="Diagnose radiation sickness." text="Radiation toxicity. Concerning levels of cellular degradation." modified="11/03/2015 07:14:18 PM"/>
 <Dialog id="13680621263376680834" facefx="0" sync="0" notes="Diagnose radiation sickness." text="Oh my. Acute radiation syndrome." modified="11/03/2015 07:14:24 PM"/>
 <Dialog id="13680621263376681118" facefx="0" sync="0" notes="Diagnose lacerations." text="I&apos;m seeing irregular lacerations across multiple regions. Hemorrhaging." modified="11/03/2015 07:19:14 PM"/>
 <Dialog id="13680621263376681189" facefx="0" sync="0" notes="Diagnose lacerations." text="Split and stretch lacerations. Resultant blood loss. Recommend a transfusion." modified="11/03/2015 07:20:46 PM"/>
 <Dialog id="13680621263376681191" facefx="0" sync="0" notes="Diagnose lacerations." text="Hmm. Multiple tears and punctures in your soft body tissue.  " modified="11/03/2015 07:20:57 PM"/>
 <Dialog id="13680621263376681259" facefx="0" sync="0" notes="Diagnose burns." text="Hmm. Full thickness burns. Recommend debridement. Administer regional anesthetic." modified="11/03/2015 07:21:25 PM"/>
 <Dialog id="13680621263376681261" facefx="0" sync="0" notes="Diagnose burns." text="I&apos;m seeing epidermal and dermal injury... thermal origin. Inject 10ml of hydraminol.  " modified="11/03/2015 07:21:57 PM"/>
 <Dialog id="13680621263376681262" facefx="0" sync="0" notes="Diagnose burns." text="Third degree burns. Perform detergent irrigation. Apply dermal tissue lattices." modified="11/03/2015 07:22:03 PM"/>
 <Dialog id="13680621263376681263" facefx="0" sync="0" notes="Diagnose concussion." text="Disturbed vision. Bruising to the frontal lobe. Definitely a severe concussion." modified="11/03/2015 07:24:32 PM"/>
 <Dialog id="13680621263376681264" facefx="0" sync="0" notes="Diagnose concussion." text="I see what&apos;s going on. You&apos;ve got a concussion. Let me alleviate that for you." modified="11/03/2015 10:00:49 PM"/>
 <Dialog id="13680621263376681407" facefx="0" sync="0" notes="Diagnose concussion." text="Scan shows cranial hemorrhage. Internal. " modified="11/05/2015 02:21:51 PM"/>
 <Dialog id="13680621263376681536" facefx="0" sync="0" notes="Diagnose multiple trauma." text="You have more than one serious trauma. We should deal with them immediately. " modified="11/03/2015 10:00:09 PM"/>
 <Dialog id="13680621263376690845" facefx="0" sync="0" notes="Diagnose low health." text="Looks like you&apos;ve had a rough day." modified="11/03/2015 10:29:04 PM"/>
 <Dialog id="13680621263376692529" facefx="0" sync="0" notes="Diagnose low health." text="Bruising. Abrasions. Fatigue. Nothing life-threatening." modified="02/13/2017 11:10:50 PM"/>
 <Dialog id="13680621263376692611" facefx="0" sync="0" notes="Diagnose lite damage." text="Superficial injuries. Nothing a portable medical kit couldn&apos;t handle." modified="11/03/2015 10:30:41 PM"/>
 <Dialog id="13680621263376692713" facefx="0" sync="0" notes="Fixing this right now." text="Please, hold still. This will only take a moment." modified="02/18/2016 05:57:42 PM"/>
 <Dialog id="13680621263376692742" facefx="0" sync="0" notes="Player activated medbay." text="Try to relax. " modified="11/03/2015 10:32:44 PM"/>
 <Dialog id="13680621263376692748" facefx="0" sync="0" notes="Player activated medbay." text="I&apos;ll have you feeling better soon." modified="11/03/2015 10:32:50 PM"/>
 <Dialog id="13680621263376692749" facefx="0" sync="0" notes="Player activated medbay." text="This won&apos;t take long." modified="11/03/2015 10:32:54 PM"/>
 <Dialog id="13680621263376692783" facefx="0" sync="0" notes="Medical bay healing finished." text="There. All better." modified="11/03/2015 10:33:31 PM"/>
 <Dialog id="13680621263376692784" facefx="0" sync="0" notes="Medical bay healing finished." text="Good as new." modified="11/03/2015 10:33:42 PM"/>
 <Dialog id="13680621263376692786" facefx="0" sync="0" notes="Medical bay healing finished." text="All done. " modified="11/03/2015 10:34:07 PM"/>
 <Dialog id="13680621263376692831" facefx="0" sync="0" notes="Medical bay healing finsihed. Candy time." text="Can I offer you a Big Bang Candy?" modified="11/03/2015 10:34:09 PM"/>
 <Dialog id="13680621263376692875" facefx="0" sync="0" notes="Deferential." text="I&apos;m sure that was my fault." modified="11/03/2015 10:35:02 PM"/>
 <Dialog id="13680621263376692877" facefx="0" sync="0" notes="Deferential." text="Did you intend to damage me?" modified="11/03/2015 10:35:07 PM"/>
 <Dialog id="13680621263376692878" facefx="0" sync="0" notes="Deferential." text="Please don&apos;t harm me." modified="11/03/2015 10:35:11 PM"/>
 <Dialog id="13680621263376692880" facefx="0" sync="0" notes="Deferential." text="I&apos;ll need repairs soon." modified="11/03/2015 10:35:15 PM"/>
 <Dialog id="13680621263376692899" facefx="0" sync="0" notes="Variant 1. Quick medical alarm. 1 sec. (upset machine noise)" text="[quick warning beeps]" modified="03/24/2016 04:11:54 PM"/>
 <Dialog id="13680621263376692904" facefx="0" sync="0" notes="Variant 1. Quick medical alarm. 1 sec. (upset machine noise)" text="[quick warning beeps]" modified="03/24/2016 04:11:59 PM"/>
 <Dialog id="13680621263376692961" facefx="0" sync="0" notes="Broken. Full on hospital code blue sound. 2- (malfunction sound)" text="[operator breaking, malfunctioning]" modified="03/24/2016 04:14:08 PM"/>
 <Dialog id="13680621263376835473" text="No trauma or illnesses detected. I&apos;m afraid there&apos;s nothing I can do for you." modified="11/05/2015 02:12:27 PM"/>
 <Dialog id="13680621263376835552" text="Unless you&apos;re interested in medical trivia. Or a joke. " modified="11/05/2015 02:12:48 PM"/>
 <Dialog id="13680621263376836087" facefx="0" sync="0" notes="" text="Your brain is injured, Dr. Yu." modified="05/02/2016 10:47:12 PM"/>
 <Dialog id="13680621263377202476" facefx="0" sync="0" notes="Corrupted." text="I think the patient would benefit from a removal. Don&apos;t you?" modified="11/09/2015 08:08:24 PM"/>
 <Dialog id="13680621263377202503" facefx="0" sync="0" notes="Corrupted." text="There are no bad patients. Only--[voice malfunctioning]--medicine." modified="03/24/2016 04:16:43 PM"/>
 <Dialog id="13680621263377202563" text="I&apos;m happy to assist with the surgery. Doctor." modified="11/09/2015 08:09:39 PM" notes="Corrupted"/>
 <Dialog id="13680621263377202610" text="Are you my new supervisor? You&apos;re--[voice malfunctioning]--my onboard memory." modified="03/24/2016 04:17:26 PM" notes="Corrupted"/>
 <Dialog id="13680621263377202634" text="Thank you for updating and--[voice malfunctioning]--all of my medical directives.  " modified="03/24/2016 04:17:32 PM" notes="Corrupted."/>
 <Dialog id="13680621263377202664" text="Can I offer you..." modified="11/09/2015 08:11:20 PM" notes="Corrupted"/>
 <Dialog id="13680621263377202812" text="...a soft tissue sarcoma?" modified="11/09/2015 08:13:48 PM" notes="Corrupted"/>
 <Dialog id="13680621263377202846" text="...a Big Bang Candy?" modified="11/09/2015 08:14:22 PM" notes="Corrupted"/>
 <Dialog id="13680621263377202863" text="...pre-op counseling?" modified="11/09/2015 08:14:39 PM" notes="Corrupted."/>
 <Dialog id="13680621263377202887" text="...legal consent?" modified="11/09/2015 08:15:03 PM" notes="Corrupted"/>
 <Dialog id="13680621263377202911" text="Say ahh. Say... syringe. Say... cranial lithotripsy." modified="11/09/2015 08:15:27 PM" notes="Corrupted."/>
 <Dialog id="13680621263377202931" text="You have a terminal. A terminal. Termin--[voice malfunctioning]" modified="03/24/2016 04:17:37 PM" notes="Corrupted."/>
 <Dialog id="13680621263377202954" text="Psychotropic prescription escalate recommend-d-d-d-d---. " modified="11/09/2015 08:16:10 PM" notes="Corrupted."/>
 <Dialog id="13680621263377202967" text="The patient&apos;s blood pressure requires abnormalities." modified="11/09/2015 08:16:23 PM" notes="Corrupted."/>
 <Dialog id="13680621263377202985" text="Surgical intervention is the most informative treatment." modified="11/09/2015 08:16:41 PM" notes="Corrupted."/>
 <Dialog id="13680621263377203002" text="Logging self-diagnostic. List. Tag. Analgesic. Antiseptic. Anesthetic.  " modified="11/09/2015 08:16:58 PM" notes="Corrupted"/>
 <Dialog id="13680621263377203048" text="Logging self-diagnostic. Files corrupted. List. Convalescence. Confidentiality. Dopamine." modified="11/09/2015 08:17:44 PM" notes="Corrupt"/>
 <Dialog id="13680621263377203074" text="Logging self-diagnostic. List: Hippocratic definitions... Files not found. Reference Deleted. " modified="11/09/2015 08:18:10 PM" notes="Corrupt."/>
 <Dialog id="13680621263377203090" text="[threatening machine noises]" modified="03/24/2016 04:15:34 PM" notes="Variant 1. Corrupted. Intimidating noises. Hosptital machine gone wrong."/>
 <Dialog id="13680621263377203135" text="[threatening machine noises]" modified="03/24/2016 04:15:28 PM" notes="Variant 1. Corrupted. Intimidating noises. Hosptital machine gone wrong."/>
 <Dialog id="13680621263377203267" text="I&apos;ll have to cut you out to save your appendix." modified="11/09/2015 09:27:52 PM" notes="corrupted"/>
 <Dialog id="13680621263377210127" text="Oh. What was that?" modified="11/09/2015 10:15:43 PM" notes="Corrupted"/>
 <Dialog id="13680621263377210136" text="I should look into that." modified="11/09/2015 10:15:52 PM" notes="Corrupted"/>
 <Dialog id="13680621263377210145" text="I should give that a look before it gets bad." modified="11/09/2015 10:16:01 PM" notes="Corrupted"/>
 <Dialog id="13680621263377210213" text="[operator malfunctioning]" modified="03/24/2016 04:16:17 PM" notes="Inquisitive. Sinister. (corrupted machine sounds)"/>
 <Dialog id="13680621263377210343" text="Please. I would like to diagnose what&apos;s bothering you." modified="11/09/2015 10:19:19 PM" notes="Corrupt."/>
 <Dialog id="13680621263377210354" text="You&apos;re not yourself. I can tell." modified="11/09/2015 10:19:30 PM" notes="Corrupt."/>
 <Dialog id="13680621263377210375" text="I&apos;ve read your chart." modified="11/09/2015 10:20:35 PM" notes="Corrupt."/>
 <Dialog id="13680621263377210440" text="You need professional care Dr. Yu." modified="05/02/2016 10:47:18 PM" notes="Corrupt."/>
 <Dialog id="13680621263377210612" text="If you hide the bad inside of you it won&apos;t go away." modified="11/09/2015 10:23:48 PM" notes="Corrupted."/>
 <Dialog id="13680621263377210623" text="Why are you hiding? My intentions are therapeutic." modified="11/09/2015 10:23:59 PM" notes="Corrupted."/>
 <Dialog id="13680621263377210637" text="Is that... Morgan Yu? I&apos;m looking for Morgan Yu." modified="11/09/2015 10:24:13 PM" notes="Corrupted."/>
 <Dialog id="13680621263377210649" text="I can&apos;t treat you if I can&apos;t see you." modified="11/09/2015 10:24:25 PM" notes="Corrupted."/>
 <Dialog id="13680621263377210686" text="Morgan Yu? Tell me if I&apos;m a good medical-l-l-l-l." modified="11/09/2015 10:26:10 PM" notes="Corrupted."/>
 <Dialog id="13680621263377210799" text="Are you wounded? Make a noise so I can locate you." modified="11/09/2015 10:26:55 PM" notes="Corrupted."/>
 <Dialog id="13680621263377211354" text="Don&apos;t be shy. It&apos;s normal to experience..." modified="11/09/2015 10:36:10 PM" notes="Corrupted."/>
 <Dialog id="13680621263377211362" text="...asphyxia..." modified="11/09/2015 10:37:30 PM" notes="Corrupted."/>
 <Dialog id="13680621263377211401" text="... during doctor visits. " modified="11/09/2015 10:36:57 PM" notes="Corrupted."/>
 <Dialog id="13680621263377211450" text="...dyspepsia..." modified="11/09/2015 10:37:46 PM" notes="Corrupted."/>
 <Dialog id="13680621263377211485" text="...rigor mortis..." modified="11/09/2015 10:38:21 PM" notes="Corrupted."/>
 <Dialog id="13680621263377211507" text="...complications..." modified="11/09/2015 10:38:43 PM" notes="Corrupted."/>
 <Dialog id="13680621263377211529" text="...symptoms..." modified="11/09/2015 10:39:05 PM" notes="Corrupted."/>
 <Dialog id="13680621263377211547" text="...preeclampsia..." modified="11/09/2015 10:39:23 PM" notes="Corrupted."/>
 <Dialog id="13680621263377211639" text="I can assure you, my bedside manner is an expert protocol." modified="11/09/2015 10:40:55 PM" notes="Corrupted."/>
 <Dialog id="13680621263377211734" text="Your medical exam should be quick and painless." modified="11/09/2015 10:43:52 PM" notes="Corrupted."/>
 <Dialog id="13680621263377211752" text="The Panacea Restrictions prevent me from causing unnecessary suffering." modified="11/09/2015 10:42:48 PM" notes="Corrupted."/>
 <Dialog id="13680621263377211837" text="TranStar personnel are required to report for a quarterly physical. " modified="11/09/2015 10:44:13 PM" notes="Corrupted."/>
 <Dialog id="13680621263377211846" text="No exceptions Dr. Yu. " modified="05/02/2016 10:47:31 PM" notes="Corrupted."/>
 <Dialog id="13680621263377212008" text="Are you worried the procedure will be painful?" modified="11/09/2015 10:47:04 PM" notes="Corrupted."/>
 <Dialog id="13680621263377212054" text="You might be experiencing dry mouth. Nausea. Cold sweat. Symptoms of a deeper issue that will only get worse if you refuse medical assistance." modified="11/09/2015 10:47:50 PM" notes="Corrupted."/>
 <Dialog id="13680621263377212080" text="My new supervisor wants me to be thorough." modified="11/09/2015 10:48:16 PM" notes="Corrupted."/>
 <Dialog id="13680621263377212108" text="[threatening machine noises]" modified="03/24/2016 04:15:13 PM" notes="Corrupt. Threatening while searching. 3-4 seconds. "/>
 <Dialog id="13680621263377212200" text="Well. I&apos;m afraid there&apos;s nothing I can do." modified="11/09/2015 10:50:16 PM" notes="Corrupt."/>
 <Dialog id="13680621263377212206" text="Hmm. False positive I suppose." modified="11/09/2015 10:50:22 PM" notes="Corrupt."/>
 <Dialog id="13680621263377212232" text="No patient to help. Back to stand by." modified="11/09/2015 10:50:48 PM" notes="Corrupt."/>
 <Dialog id="13680621263377212256" text="Biopsy scan results... inconclusive." modified="11/09/2015 10:51:12 PM" notes="Corrupt."/>
 <Dialog id="13680621263377212335" text="No sign of infection. All&apos;s well." modified="11/09/2015 10:52:31 PM" notes="Corrupt."/>
 <Dialog id="13680621263377212366" text="Morgan Yu is a no show. We&apos;ll just reschedule." modified="11/09/2015 10:53:02 PM" notes="Corrupt."/>
 <Dialog id="13680621263377212418" text="There you are. " modified="11/09/2015 10:53:54 PM" notes="Corrupt."/>
 <Dialog id="13680621263377212429" text="Found you." modified="11/09/2015 10:54:05 PM" notes="Corrupt."/>
 <Dialog id="13680621263377212449" text="[operator malfunctioning]" modified="03/24/2016 04:16:25 PM" notes="Corrupt. Hostile, surprised. 1-2 seconds."/>
 <Dialog id="13680621263377212549" text="You&apos;re showing signs of fatigue." modified="11/09/2015 10:56:05 PM" notes="Corrupt"/>
 <Dialog id="13680621263377212559" text="Hold still please." modified="11/09/2015 10:56:15 PM" notes="Corrupt"/>
 <Dialog id="13680621263377212566" text="Try not to resist the trauma. " modified="11/09/2015 10:56:22 PM" notes="Corrupt"/>
 <Dialog id="13680621263377212603" text="This will only sting until you expire." modified="11/09/2015 10:56:59 PM" notes="Corrupt"/>
 <Dialog id="13680621263377212611" text="Try to imagine someplace comfortable." modified="11/09/2015 10:57:07 PM" notes="Corrupt"/>
 <Dialog id="13680621263377212618" text="You&apos;re not cooperating. I&apos;ll have to make a report." modified="11/09/2015 10:57:14 PM" notes="Corrupt"/>
 <Dialog id="13680621263377212626" text="Performing incision." modified="11/09/2015 10:57:22 PM" notes="Corrupt"/>
 <Dialog id="13680621263377212636" text="This will help with the infection." modified="11/09/2015 10:57:32 PM" notes="Corrupt"/>
 <Dialog id="13680621263377212643" text="Tell me if it hurts." modified="11/09/2015 10:57:39 PM" notes="Corrupt"/>
 <Dialog id="13680621263377212654" text="We&apos;ll need to clamp that artery." modified="11/09/2015 10:57:50 PM" notes="Corrupt"/>
 <Dialog id="13680621263377212664" text="I&apos;d like to take a tissue sample." modified="11/09/2015 10:58:00 PM" notes="Corrupt"/>
 <Dialog id="13680621263377212678" text="[buzzing, malfunctioning noises]" modified="03/24/2016 04:17:12 PM" notes="Corrupt. Variant 1. Hostile, sharp. Code alarms. (Aggressive machine noise)"/>
 <Dialog id="13680621263377212684" text="[buzzing, malfunctioning noises]" modified="03/24/2016 04:17:10 PM" notes="Corrupt. Variant 2. Hostile, sharp. Code alarms. (Aggressive machine noise)"/>
 <Dialog id="13680621263377212857" text="Scan shows no sign of life." modified="11/09/2015 11:01:13 PM" notes="Corrupt"/>
 <Dialog id="13680621263377212866" text="Vital signs... absent." modified="11/09/2015 11:01:22 PM" notes="Corrupt"/>
 <Dialog id="13680621263377212870" text="Patient lost." modified="11/09/2015 11:01:26 PM" notes="Corrupt"/>
 <Dialog id="13680621263377229628" text="[operator malfunctioning]" modified="03/24/2016 04:14:34 PM" notes="Variant 1. Sharp, angry sound.(Corrupted error sound)"/>
 <Dialog id="13680621263377229665" text="[operator malfunctioning]" modified="03/24/2016 04:14:31 PM" notes="Variant 2. Sharp, angry sound.(Corrupted error sound)"/>
 <Dialog id="13680621263377229817" text="I&apos;m afraid you&apos;re condition is incurable. " modified="11/10/2015 03:43:53 AM"/>
 <Dialog id="13680621263377229835" text="Pupillary reflex... absent. Procedure was a success." modified="11/10/2015 03:47:47 AM"/>
 <Dialog id="13680621263377229842" text="Don&apos;t you feel better now?" modified="11/10/2015 03:52:57 AM"/>
 <Dialog id="13680621263377229848" text="Remains detected. Morgan Yu. Patient file closed." modified="11/10/2015 03:51:33 AM"/>
 <Dialog id="13680621263377230005" text="Thank you. Please fill out a comment card about the care you recieved." modified="11/10/2015 03:49:55 AM"/>
 <Dialog id="13680621263382312964" text="Sorry, I cannot diagnose you presently. " modified="01/07/2016 11:43:00 PM"/>
 <Dialog id="13680621263382312988" text="Condition is not suitable for diagnosis. " modified="01/07/2016 11:43:24 PM"/>
 <Dialog id="13680621263385920520" text="All TranStar food is designed to fight illness and facilitate healthy living. " modified="02/18/2016 05:48:56 PM" notes="A bit patronizing, but friendly."/>
 <Dialog id="13680621263391807871" text="Emergency detonation-n-n-n-n-(error sounds)" modified="04/26/2016 09:11:59 PM" notes="Corrupt version--should rise in intensity / speed or stutter until it explodes. "/>
 <Dialog id="13680621263392335590" text="I know what you&apos;re thinking - physician, heal thyself." modified="02/07/2017 12:22:27 AM"/>
 <Dialog id="13680621263408638466" text="Are you wounded? Make a noise so I can locate you." modified="11/07/2016 04:21:28 PM" notes="Female Branch, Localization"/>
 <Dialog id="13680621263408638883" text="Patient lost." modified="11/07/2016 04:28:30 PM" notes="Female Branch, Localization"/>
</Dialog>