
<ResponseRules>
 <WritebackKeys/>
 <ResponseRule id="13680621263378651704" name="Dahl: Your Detailed Orders" cooldown="" conversation="1" description="William Yu sends Commander Dahl his orders. Dahl records the conversation as an extra security measure to protect himself. The recording is found on Dahls shuttle." response="13680621263378651828">
  <Criteria>
   <Criterion id="15659330456318451386" value="13680621263378651646" comparison="0" type="guid"/>
   <Criterion id="15659330456318451410" comparison="0" value="onConversationTrigger" fromResponse="0" type="default"/>
   <Criterion comparison="0" passIfMissing="false" id="15659330456318451477" type="guid" keyType="default" value="13680621263378654599"/>
  </Criteria>
 </ResponseRule>
 <ResponseSet id="13680621263378651828">
  <Response dialog="13680621263378651827" id="13680621263378651829" cooldown="0" weight="1" oneshot="0" completeConversation="0" delay="0"/>
 </ResponseSet>
 <ResponseRule id="13680621263378651841" name="" cooldown="" response="13680621263378651842">
  <Criteria>
   <Criterion id="15659330456318451386" value="13680621263361472262" comparison="0" type="guid"/>
   <Criterion id="15659330456318451410" comparison="0" value="13680621263378651829" fromResponse="1" type="guid"/>
   <Criterion comparison="0" passIfMissing="false" id="15659330456318451477" type="guid" keyType="default" value="13680621263361472147"/>
  </Criteria>
 </ResponseRule>
 <ResponseSet id="13680621263378651842">
  <Response dialog="13680621263378651840" id="13680621263378651843" cooldown="0" weight="1" oneshot="0" completeConversation="0" delay="0"/>
 </ResponseSet>
 <ResponseRule id="13680621263378651849" name="" cooldown="" response="13680621263378651850">
  <Criteria>
   <Criterion id="15659330456318451386" value="13680621263378651646" comparison="0" type="guid"/>
   <Criterion id="15659330456318451410" comparison="0" value="13680621263378651843" fromResponse="1" type="guid"/>
   <Criterion comparison="0" passIfMissing="false" id="15659330456318451477" type="guid" keyType="default" value="13680621263378654599"/>
  </Criteria>
 </ResponseRule>
 <ResponseSet id="13680621263378651850">
  <Response dialog="13680621263378651848" id="13680621263378651851" cooldown="0" weight="1" oneshot="0" completeConversation="0" delay="0"/>
 </ResponseSet>
 <ResponseRule id="13680621263378651858" name="" cooldown="" response="13680621263378651859">
  <Criteria>
   <Criterion id="15659330456318451386" value="13680621263361472262" comparison="0" type="guid"/>
   <Criterion id="15659330456318451410" comparison="0" value="13680621263378651851" fromResponse="1" type="guid"/>
   <Criterion comparison="0" passIfMissing="false" id="15659330456318451477" type="guid" keyType="default" value="13680621263361472147"/>
  </Criteria>
 </ResponseRule>
 <ResponseSet id="13680621263378651859">
  <Response dialog="13680621263378651857" id="13680621263378651860" cooldown="0" weight="1" oneshot="0" completeConversation="0" delay="0"/>
 </ResponseSet>
 <ResponseRule id="13680621263378651913" name="" cooldown="" response="13680621263378651914">
  <Criteria>
   <Criterion id="15659330456318451386" value="13680621263378651646" comparison="0" type="guid"/>
   <Criterion id="15659330456318451410" comparison="0" value="13680621263378651860" fromResponse="1" type="guid"/>
   <Criterion comparison="0" passIfMissing="false" id="15659330456318451477" type="guid" keyType="default" value="13680621263378654599"/>
  </Criteria>
 </ResponseRule>
 <ResponseSet id="13680621263378651914">
  <Response dialog="13680621263378651912" id="13680621263378651915" cooldown="0" weight="1" oneshot="0" completeConversation="0" delay="0"/>
 </ResponseSet>
 <ResponseRule id="13680621263378652032" name="" cooldown="" response="13680621263378652033">
  <Criteria>
   <Criterion id="15659330456318451386" value="13680621263361472262" comparison="0" type="guid"/>
   <Criterion id="15659330456318451410" comparison="0" value="13680621263378651915" fromResponse="1" type="guid"/>
   <Criterion comparison="0" passIfMissing="false" id="15659330456318451477" type="guid" keyType="default" value="13680621263361472147"/>
  </Criteria>
 </ResponseRule>
 <ResponseSet id="13680621263378652033">
  <Response dialog="13680621263378652031" id="13680621263378652034" cooldown="0" weight="1" oneshot="0" completeConversation="0" delay="0"/>
 </ResponseSet>
 <ResponseRule id="13680621263378652069" name="" cooldown="" response="13680621263378652070">
  <Criteria>
   <Criterion id="15659330456318451386" value="13680621263378651646" comparison="0" type="guid"/>
   <Criterion id="15659330456318451410" comparison="0" value="13680621263378652034" fromResponse="1" type="guid"/>
   <Criterion comparison="0" passIfMissing="false" id="15659330456318451477" type="guid" keyType="default" value="13680621263378654599"/>
  </Criteria>
 </ResponseRule>
 <ResponseSet id="13680621263378652070">
  <Response dialog="13680621263378652068" id="13680621263378652071" cooldown="0" weight="1" oneshot="0" completeConversation="0" delay="2"/>
 </ResponseSet>
 <ResponseRule id="13680621263378652106" name="" cooldown="" response="13680621263378652107">
  <Criteria>
   <Criterion id="15659330456318451386" value="13680621263361472262" comparison="0" type="guid"/>
   <Criterion id="15659330456318451410" comparison="0" value="13680621263378652071" fromResponse="1" type="guid"/>
   <Criterion comparison="0" passIfMissing="false" id="15659330456318451477" type="guid" keyType="default" value="13680621263361472147"/>
  </Criteria>
 </ResponseRule>
 <ResponseSet id="13680621263378652107">
  <Response dialog="13680621263378652105" id="13680621263378652108" cooldown="0" weight="1" oneshot="0" completeConversation="0" delay="0"/>
 </ResponseSet>
 <ResponseRule id="13680621263378652114" name="" cooldown="" response="13680621263378652115">
  <Criteria>
   <Criterion id="15659330456318451386" value="13680621263378651646" comparison="0" type="guid"/>
   <Criterion id="15659330456318451410" comparison="0" value="13680621263378652108" fromResponse="1" type="guid"/>
   <Criterion comparison="0" passIfMissing="false" id="15659330456318451477" type="guid" keyType="default" value="13680621263378654599"/>
  </Criteria>
 </ResponseRule>
 <ResponseSet id="13680621263378652115">
  <Response dialog="13680621263378652113" id="13680621263378652116" cooldown="0" weight="1" oneshot="0" completeConversation="0" delay="0"/>
 </ResponseSet>
 <ResponseRule id="13680621263378652148" name="" cooldown="" response="13680621263378652149">
  <Criteria>
   <Criterion id="15659330456318451386" value="13680621263361472262" comparison="0" type="guid"/>
   <Criterion id="15659330456318451410" comparison="0" value="13680621263378652116" fromResponse="1" type="guid"/>
   <Criterion comparison="0" passIfMissing="false" id="15659330456318451477" type="guid" keyType="default" value="13680621263361472147"/>
  </Criteria>
 </ResponseRule>
 <ResponseSet id="13680621263378652149">
  <Response dialog="13680621263378652147" id="13680621263378652150" cooldown="0" weight="1" oneshot="0" completeConversation="0" delay="0"/>
 </ResponseSet>
 <ResponseSet id="13680621263378653016">
  <Response dialog="13680621263378653014" id="13680621263378653017" cooldown="0" weight="1" oneshot="0" completeConversation="0" delay="0"/>
 </ResponseSet>
 <ResponseRule id="13680621263378653027" name="" cooldown="" response="13680621263378653028">
  <Criteria>
   <Criterion id="15659330456318451386" value="13680621263378651646" comparison="0" type="guid"/>
   <Criterion id="15659330456318451410" comparison="0" value="13680621263378653017" fromResponse="1" type="guid"/>
   <Criterion comparison="0" passIfMissing="false" id="15659330456318451477" type="guid" keyType="default" value="13680621263378654599"/>
  </Criteria>
 </ResponseRule>
 <ResponseSet id="13680621263378653028">
  <Response dialog="13680621263378653026" id="13680621263378653029" cooldown="0" weight="1" oneshot="0" completeConversation="1" delay="0"/>
 </ResponseSet>
 <ResponseRule id="13680621263378654905" name="Your Orders: Tech Officer in Hardware Labs" cooldown="" conversation="1" description="William Yu sends Commander Dahl his orders. Dahl records the conversation as an extra security measure to protect himself. Part 2 of Conversation, revealing where the tech officer will be deployed. " response="13680621263378654916">
  <Criteria>
   <Criterion id="15659330456318451386" value="13680621263378651646" comparison="0" type="guid"/>
   <Criterion id="15659330456318451410" comparison="0" value="onTranscribeTrigger" fromResponse="0" type="default"/>
   <Criterion comparison="0" passIfMissing="false" id="15659330456318451477" type="guid" keyType="default" value="13680621263378654599"/>
  </Criteria>
 </ResponseRule>
 <ResponseSet id="13680621263378654916">
  <Response dialog="13680621263378652942" id="13680621263378654917" cooldown="0" weight="1" oneshot="0" completeConversation="0" delay="0"/>
 </ResponseSet>
 <ResponseRule id="13680621263378654935" name="" cooldown="" response="13680621263378654936">
  <Criteria>
   <Criterion id="15659330456318451386" value="13680621263378651646" comparison="0" type="guid"/>
   <Criterion id="15659330456318451410" comparison="0" value="13680621263378654917" fromResponse="1" type="guid"/>
   <Criterion id="15659330456318451477" value="13680621263378654599" comparison="0" type="guid"/>
  </Criteria>
 </ResponseRule>
 <ResponseSet id="13680621263378654936">
  <Response dialog="13680621263378654934" id="13680621263378654937" cooldown="0" weight="1" oneshot="0" completeConversation="0" delay="0"/>
 </ResponseSet>
 <ResponseRule id="13680621263378654946" name="" cooldown="" response="13680621263378653016">
  <Criteria>
   <Criterion id="15659330456318451386" value="13680621263361472262" comparison="0" type="guid"/>
   <Criterion id="15659330456318451410" comparison="0" value="13680621263378654937" fromResponse="1" type="guid"/>
   <Criterion comparison="0" passIfMissing="false" id="15659330456318451477" type="guid" keyType="default" value="13680621263361472147"/>
  </Criteria>
 </ResponseRule>
 <ResponseRule id="13680621263378655017" name="Your Orders: Tech Officer in Neuromod Division." cooldown="" conversation="1" description="William Yu sends Commander Dahl his orders. Dahl records the conversation as an extra security measure to protect himself. Part 2 of Conversation, revealing where the tech officer will be deployed. " response="13680621263378655035">
  <Criteria>
   <Criterion id="15659330456318451386" value="13680621263378651646" comparison="0" type="guid"/>
   <Criterion id="15659330456318451410" comparison="0" value="onTranscribeTrigger" fromResponse="0" type="default"/>
   <Criterion comparison="0" passIfMissing="false" id="15659330456318451477" type="guid" keyType="default" value="13680621263378654599"/>
  </Criteria>
 </ResponseRule>
 <ResponseSet id="13680621263378655035">
  <Response dialog="13680621263378652942" id="13680621263378655036" cooldown="0" weight="1" oneshot="0" completeConversation="0" delay="0"/>
 </ResponseSet>
 <ResponseRule id="13680621263378655056" name="" cooldown="" response="13680621263378655057">
  <Criteria>
   <Criterion id="15659330456318451386" value="13680621263378651646" comparison="0" type="guid"/>
   <Criterion id="15659330456318451410" comparison="0" value="13680621263378655036" fromResponse="1" type="guid"/>
   <Criterion id="15659330456318451477" value="13680621263378654599" comparison="0" type="guid"/>
  </Criteria>
 </ResponseRule>
 <ResponseSet id="13680621263378655057">
  <Response dialog="13680621263378655055" id="13680621263378655058" cooldown="0" weight="1" oneshot="0" completeConversation="0" delay="0"/>
 </ResponseSet>
 <ResponseRule id="13680621263378655059" name="" cooldown="" response="13680621263378653016">
  <Criteria>
   <Criterion id="15659330456318451386" value="13680621263361472262" comparison="0" type="guid"/>
   <Criterion id="15659330456318451410" comparison="0" value="13680621263378655058" fromResponse="1" type="guid"/>
   <Criterion comparison="0" passIfMissing="false" id="15659330456318451477" type="guid" keyType="default" value="13680621263361472147"/>
  </Criteria>
 </ResponseRule>
 <ResponseRule id="13680621263378655074" name="Your Orders: Tech Officer in Station Exterior" cooldown="" conversation="1" description="William Yu sends Commander Dahl his orders. Dahl records the conversation as an extra security measure to protect himself. Part 2 of Conversation, revealing where the tech officer will be deployed. " response="13680621263378655121">
  <Criteria>
   <Criterion id="15659330456318451386" value="13680621263378651646" comparison="0" type="guid"/>
   <Criterion id="15659330456318451410" comparison="0" value="onTranscribeTrigger" fromResponse="0" type="default"/>
   <Criterion comparison="0" passIfMissing="false" id="15659330456318451477" type="guid" keyType="default" value="13680621263378654599"/>
  </Criteria>
 </ResponseRule>
 <ResponseSet id="13680621263378655121">
  <Response dialog="13680621263378652942" id="13680621263378655122" cooldown="0" weight="1" oneshot="0" completeConversation="0" delay="0"/>
 </ResponseSet>
 <ResponseRule id="13680621263378655160" name="" cooldown="" response="13680621263378655161">
  <Criteria>
   <Criterion id="15659330456318451386" value="13680621263378651646" comparison="0" type="guid"/>
   <Criterion id="15659330456318451410" comparison="0" value="13680621263378655122" fromResponse="1" type="guid"/>
   <Criterion id="15659330456318451477" value="13680621263378654599" comparison="0" type="guid"/>
  </Criteria>
 </ResponseRule>
 <ResponseSet id="13680621263378655161">
  <Response dialog="13680621263378655159" id="13680621263378655162" cooldown="0" weight="1" oneshot="0" completeConversation="0" delay="0"/>
 </ResponseSet>
 <ResponseRule id="13680621263378655255" name="" cooldown="" response="13680621263378653016">
  <Criteria>
   <Criterion id="15659330456318451386" value="13680621263361472262" comparison="0" type="guid"/>
   <Criterion id="15659330456318451410" comparison="0" value="13680621263378655162" fromResponse="1" type="guid"/>
   <Criterion comparison="0" passIfMissing="false" id="15659330456318451477" type="guid" keyType="default" value="13680621263361472147"/>
  </Criteria>
 </ResponseRule>
 <ResponseRule id="13680621263379195276" name="Your Orders: Tech Officer in Psychotronics" cooldown="" conversation="1" description="William Yu sends Commander Dahl his orders. Dahl records the conversation as an extra security measure to protect himself. Part 2 of Conversation, revealing where the tech officer will be deployed. " response="13680621263379195319">
  <Criteria>
   <Criterion id="15659330456318451386" value="13680621263378651646" comparison="0" type="guid"/>
   <Criterion id="15659330456318451410" comparison="0" value="onTranscribeTrigger" fromResponse="0" type="default"/>
   <Criterion comparison="0" passIfMissing="false" id="15659330456318451477" type="guid" keyType="default" value="13680621263378654599"/>
  </Criteria>
 </ResponseRule>
 <ResponseSet id="13680621263379195319">
  <Response dialog="13680621263378652942" id="13680621263379195320" cooldown="0" weight="1" oneshot="0" completeConversation="0" delay="0"/>
 </ResponseSet>
 <ResponseRule id="13680621263379195347" name="" cooldown="" response="13680621263379195348">
  <Criteria>
   <Criterion id="15659330456318451386" value="13680621263378651646" comparison="0" type="guid"/>
   <Criterion id="15659330456318451410" comparison="0" value="13680621263379195320" fromResponse="1" type="guid"/>
   <Criterion id="15659330456318451477" value="13680621263378654599" comparison="0" type="guid"/>
  </Criteria>
 </ResponseRule>
 <ResponseSet id="13680621263379195348">
  <Response dialog="13680621263379195346" id="13680621263379195349" cooldown="0" weight="1" oneshot="0" completeConversation="0" delay="0"/>
 </ResponseSet>
 <ResponseRule id="13680621263379195362" name="" cooldown="" response="13680621263378653016">
  <Criteria>
   <Criterion id="15659330456318451386" value="13680621263361472262" comparison="0" type="guid"/>
   <Criterion id="15659330456318451410" comparison="0" value="13680621263379195349" fromResponse="1" type="guid"/>
   <Criterion comparison="0" passIfMissing="false" id="15659330456318451477" type="guid" keyType="default" value="13680621263361472147"/>
  </Criteria>
 </ResponseRule>
 <ResponseRule id="13680621263383360465" name="Psycho: I Was Going To Kill You All Along" cooldown="" response="13680621263383442894" description="Dahl invited player to the shuttle bay during psycho playthru." conversation="1">
  <Criteria>
   <Criterion id="15659330456318451386" value="13680621263361472262" comparison="0" type="guid"/>
   <Criterion id="15659330456318451410" comparison="0" value="onConversationTrigger" fromResponse="0" type="default"/>
   <Criterion comparison="0" passIfMissing="false" id="15659330456318451477" type="guid" keyType="default" value="13680621263361472147"/>
   <Criterion comparison="0" passIfMissing="false" id="10739735956111935346" type="guid" keyType="default" value="1713490239386284988"/>
   <Criterion comparison="0" passIfMissing="false" id="13680621263383440458" keyType="task"/>
  </Criteria>
 </ResponseRule>
 <ResponseRule id="13680621263383440789" name="Psycho: I Was Going To Kill You All Along Greeting" cooldown="" response="13680621263383440984" conversation="1" description="Dahl invited player to the shuttle bay during psycho playthru.">
  <Criteria>
   <Criterion id="15659330456318451386" value="13680621263361472262" comparison="0" type="guid"/>
   <Criterion id="15659330456318451410" comparison="0" value="onAnnouncementTrigger" fromResponse="0" type="default"/>
   <Criterion comparison="0" passIfMissing="false" id="15659330456318451477" type="guid" keyType="default" value="13680621263361472147"/>
   <Criterion comparison="0" passIfMissing="false" id="10739735956111935346" type="guid" keyType="default" value="1713490239386284988"/>
   <Criterion comparison="0" passIfMissing="false" id="13680621263383440458" keyType="task"/>
  </Criteria>
 </ResponseRule>
 <ResponseSet id="13680621263383440984">
  <Response dialog="13680621263383440983" id="13680621263383440985" cooldown="0" weight="1" oneshot="0" completeConversation="1" delay="0"/>
 </ResponseSet>
 <ResponseSet id="13680621263383442894">
  <Response dialog="13680621263383442892" id="13680621263383442895" cooldown="0" weight="1" oneshot="0" completeConversation="0" delay="2" emotion="3152439162748318046" targetId="0" targetType="1" speakerTrackMethod="2" targetTrackMethod="0"/>
 </ResponseSet>
 <ResponseRule id="13680621263383442923" name="" cooldown="" response="13680621263383442924">
  <Criteria>
   <Criterion id="15659330456318451386" value="13680621263361472262" comparison="0" type="guid"/>
   <Criterion id="15659330456318451410" comparison="0" value="13680621263383442895" fromResponse="1" type="guid"/>
   <Criterion id="15659330456318451477" value="13680621263361472147" comparison="0" type="guid"/>
  </Criteria>
 </ResponseRule>
 <ResponseSet id="13680621263383442924">
  <Response dialog="13680621263383442922" id="13680621263383442925" cooldown="0" weight="1" oneshot="0" completeConversation="0" delay="0" targetId="0" targetType="1" speakerTrackMethod="2" targetTrackMethod="0" emotion="3152439162748318076"/>
 </ResponseSet>
 <ResponseRule id="13680621263383442965" name="" cooldown="" response="13680621263383442966">
  <Criteria>
   <Criterion id="15659330456318451386" value="13680621263361472262" comparison="0" type="guid"/>
   <Criterion id="15659330456318451410" comparison="0" value="13680621263383442925" fromResponse="1" type="guid"/>
   <Criterion id="15659330456318451477" value="13680621263361472147" comparison="0" type="guid"/>
  </Criteria>
 </ResponseRule>
 <ResponseSet id="13680621263383442966">
  <Response dialog="13680621263383442964" id="13680621263383442967" cooldown="0" weight="1" oneshot="0" completeConversation="1" delay="1" targetId="0" targetType="1" speakerTrackMethod="2" targetTrackMethod="0" emotion="15659330456346423977"/>
 </ResponseSet>
 <ResponseRule id="13680621263386373705" name="Psycho: What&apos;s Taking So Long?" cooldown="" response="13680621263386373811" description="Dahl invited player to the shuttle bay during psycho playthru. ">
  <Criteria>
   <Criterion id="15659330456318451386" value="13680621263361472262" comparison="0" type="guid"/>
   <Criterion id="15659330456318451410" comparison="0" value="onAnnouncementTrigger" fromResponse="0" type="default"/>
   <Criterion comparison="0" passIfMissing="false" id="15659330456318451477" type="guid" keyType="default" value="13680621263361472147"/>
   <Criterion comparison="0" passIfMissing="false" id="10739735956111935346" type="guid" keyType="default" value="1713490239386284988"/>
   <Criterion comparison="0" passIfMissing="false" id="13680621263383440458" keyType="task"/>
  </Criteria>
 </ResponseRule>
 <ResponseSet id="13680621263386373811">
  <Response dialog="13680621263386373810" id="13680621263386373812" cooldown="0" weight="1" oneshot="0" completeConversation="0" delay="0"/>
 </ResponseSet>
 <ResponseRule id="13680621263391219984" name="Psycho: What&apos;s Taking So Long? 10 Seconds left." cooldown="" response="13680621263391219998" description="Dahl invited player to the shuttle bay during psycho playthru. Player is taking too long. ">
  <Criteria>
   <Criterion id="15659330456318451386" value="13680621263361472262" comparison="0" type="guid"/>
   <Criterion id="15659330456318451410" comparison="0" value="onAnnouncementTrigger" fromResponse="0" type="default"/>
   <Criterion comparison="0" passIfMissing="false" id="15659330456318451477" type="guid" keyType="default" value="13680621263361472147"/>
   <Criterion comparison="0" passIfMissing="false" id="10739735956111935346" type="guid" keyType="default" value="1713490239386284988"/>
   <Criterion comparison="0" passIfMissing="false" id="13680621263383440458" keyType="task"/>
  </Criteria>
 </ResponseRule>
 <ResponseRule id="13680621263391220018" name="Psycho: What&apos;s Taking So Long? Time is Up." cooldown="" response="13680621263391220037" description="Dahl invited player to the shuttle bay during psycho playthru.Player is taking too long. ">
  <Criteria>
   <Criterion id="15659330456318451386" value="13680621263361472262" comparison="0" type="guid"/>
   <Criterion id="15659330456318451410" comparison="0" value="onAnnouncementTrigger" fromResponse="0" type="default"/>
   <Criterion comparison="0" passIfMissing="false" id="15659330456318451477" type="guid" keyType="default" value="13680621263361472147"/>
   <Criterion comparison="0" passIfMissing="false" id="10739735956111935346" type="guid" keyType="default" value="1713490239386284988"/>
   <Criterion comparison="0" passIfMissing="false" id="13680621263383440458" keyType="task"/>
  </Criteria>
 </ResponseRule>
 <ResponseRule id="13680621263386373821" name="Psycho: Player Attacked Mil Bot" cooldown="" response="13680621263386373954" description="Dahl invited player to the shuttle bay during psycho playthru. Player attacked bots before reaching ambush point.">
  <Criteria>
   <Criterion id="15659330456318451386" value="13680621263361472262" comparison="0" type="guid"/>
   <Criterion id="15659330456318451410" comparison="0" value="onAnnouncementTrigger" fromResponse="0" type="default"/>
   <Criterion comparison="0" passIfMissing="false" id="15659330456318451477" type="guid" keyType="default" value="13680621263361472147"/>
   <Criterion comparison="0" passIfMissing="false" id="10739735956111935346" type="guid" keyType="default" value="1713490239386284988"/>
   <Criterion comparison="0" passIfMissing="false" id="13680621263383440458" keyType="task"/>
  </Criteria>
 </ResponseRule>
 <ResponseSet id="13680621263386373954">
  <Response dialog="13680621263386373953" id="13680621263386373955" cooldown="0" weight="1" oneshot="0" completeConversation="0" delay="0"/>
 </ResponseSet>
 <ResponseRule id="13680621263386373993" name="" cooldown="" response="13680621263386373994">
  <Criteria>
   <Criterion id="15659330456318451386" value="13680621263361472262" comparison="0" type="guid"/>
   <Criterion id="15659330456318451410" comparison="0" value="13680621263386373955" fromResponse="1" type="guid"/>
   <Criterion id="15659330456318451477" value="13680621263361472147" comparison="0" type="guid"/>
  </Criteria>
 </ResponseRule>
 <ResponseSet id="13680621263386373994">
  <Response dialog="13680621263383442964" id="13680621263386373995" cooldown="0" weight="1" oneshot="0" completeConversation="1" delay="1"/>
 </ResponseSet>
 <ResponseRule id="13680621263386374019" name="Psycho: Player Sneaking Around" cooldown="" response="13680621263386374073" description="Dahl invited player to the shuttle bay during psycho playthru. Player is sneaking around and got busted." priority="1">
  <Criteria>
   <Criterion id="15659330456318451386" value="13680621263361472262" comparison="0" type="guid"/>
   <Criterion id="15659330456318451410" comparison="0" value="onAnnouncementTrigger" fromResponse="0" type="default"/>
   <Criterion comparison="0" passIfMissing="false" id="15659330456318451477" type="guid" keyType="default" value="13680621263361472147"/>
   <Criterion comparison="0" passIfMissing="false" id="10739735956111935346" type="guid" keyType="default" value="1713490239386284988"/>
   <Criterion comparison="0" passIfMissing="false" id="13680621263383440458" keyType="task"/>
  </Criteria>
 </ResponseRule>
 <ResponseSet id="13680621263386374073">
  <Response dialog="13680621263386374072" id="13680621263386374074" cooldown="0" weight="1" oneshot="0" completeConversation="0" delay="0"/>
 </ResponseSet>
 <ResponseRule id="13680621263386374091" name="Psycho: Dahl Surprised" cooldown="" response="13680621263386374368" description="Dahl invited player to the shuttle bay during psycho playthru. Player managed to stealth his way up to Dahl without being spotted." conversation="1" priority="1">
  <Criteria>
   <Criterion id="15659330456318451386" value="13680621263361472262" comparison="0" type="guid"/>
   <Criterion id="15659330456318451410" comparison="0" value="onConversationTrigger" fromResponse="0" type="default"/>
   <Criterion comparison="0" passIfMissing="false" id="15659330456318451477" type="guid" keyType="default" value="13680621263361472147"/>
   <Criterion comparison="0" passIfMissing="false" id="10739735956111935346" type="guid" keyType="default" value="1713490239386284988"/>
   <Criterion comparison="0" passIfMissing="false" id="13680621263383440458" keyType="task"/>
  </Criteria>
 </ResponseRule>
 <ResponseSet id="13680621263386374368">
  <Response dialog="13680621263386374367" id="13680621263386374369" cooldown="0" weight="1" oneshot="0" completeConversation="1" delay="0" targetId="0" targetType="1" speakerTrackMethod="2" targetTrackMethod="0" emotion="3152439162748318060"/>
 </ResponseSet>
 <ResponseRule id="13680621263391219866" name="" cooldown="" response="13680621263391219867">
  <Criteria>
   <Criterion id="15659330456318451386" value="13680621263361472262" comparison="0" type="guid"/>
   <Criterion id="15659330456318451410" comparison="0" value="13680621263386374074" fromResponse="1" type="guid"/>
   <Criterion id="15659330456318451477" value="13680621263361472147" comparison="0" type="guid"/>
  </Criteria>
 </ResponseRule>
 <ResponseSet id="13680621263391219867">
  <Response dialog="13680621263391219865" id="13680621263391219868" cooldown="0" weight="1" oneshot="0" completeConversation="1" delay="0" cutoff="0"/>
 </ResponseSet>
 <ResponseRule id="13680621263391219972" name="" cooldown="" response="13680621263391219973">
  <Criteria>
   <Criterion id="15659330456318451386" value="13680621263361472262" comparison="0" type="guid"/>
   <Criterion id="15659330456318451410" comparison="0" value="13680621263386373812" fromResponse="1" type="guid"/>
   <Criterion id="15659330456318451477" value="13680621263361472147" comparison="0" type="guid"/>
  </Criteria>
 </ResponseRule>
 <ResponseSet id="13680621263391219973">
  <Response dialog="13680621263391219971" id="13680621263391219974" cooldown="0" weight="1" oneshot="0" completeConversation="1" delay="1" cutoff="0"/>
 </ResponseSet>
 <ResponseSet id="13680621263391219998">
  <Response dialog="13680621263391219997" id="13680621263391219999" cooldown="0" weight="1" oneshot="0" completeConversation="1" delay="0" cutoff="0"/>
 </ResponseSet>
 <ResponseSet id="13680621263391220037">
  <Response dialog="13680621263391220036" id="13680621263391220038" cooldown="0" weight="1" oneshot="0" completeConversation="0" delay="0" cutoff="0"/>
 </ResponseSet>
 <ResponseRule id="13680621263391220073" name="" cooldown="" response="13680621263391220074">
  <Criteria>
   <Criterion id="15659330456318451386" value="13680621263361472262" comparison="0" type="guid"/>
   <Criterion id="15659330456318451410" comparison="0" value="13680621263391220038" fromResponse="1" type="guid"/>
   <Criterion id="15659330456318451477" value="13680621263361472147" comparison="0" type="guid"/>
  </Criteria>
 </ResponseRule>
 <ResponseSet id="13680621263391220074">
  <Response dialog="13680621263391220072" id="13680621263391220075" cooldown="0" weight="1" oneshot="0" completeConversation="1" delay="0" cutoff="0"/>
 </ResponseSet>
 <ResponseRule id="13680621263404694943" name="" cooldown="" response="13680621263404695006">
  <Criteria>
   <Criterion id="15659330456318451386" value="13680621263378651646" comparison="0" type="guid"/>
   <Criterion id="15659330456318451410" comparison="0" value="13680621263378652150" fromResponse="1" type="guid"/>
   <Criterion comparison="0" passIfMissing="false" id="15659330456318451477" type="guid" keyType="default" value="13680621263378654599"/>
  </Criteria>
 </ResponseRule>
 <ResponseSet id="13680621263404695006">
  <Response dialog="13680621263378652942" id="13680621263404695007" cooldown="0" weight="1" oneshot="0" completeConversation="0" delay="0" cutoff="0" targetType="2" targetId="13680621263361472147" speakerTrackMethod="1" targetTrackMethod="0"/>
 </ResponseSet>
 <ResponseRule id="13680621263404695012" name="Hardware Labs" cooldown="" response="13680621263378654936">
  <Criteria>
   <Criterion id="15659330456318451386" value="13680621263378651646" comparison="0" type="guid"/>
   <Criterion id="15659330456318451410" comparison="0" value="13680621263404695007" fromResponse="1" type="guid"/>
   <Criterion comparison="0" passIfMissing="false" id="15659330456318451477" type="guid" keyType="default" value="13680621263378654599"/>
   <Criterion comparison="0" passIfMissing="false" id="1367668986" keyType="gameToken" value="hardware" type="default"/>
  </Criteria>
 </ResponseRule>
 <ResponseRule id="13680621263404695052" name="Neuromod Division" cooldown="" response="13680621263378655057">
  <Criteria>
   <Criterion id="15659330456318451386" value="13680621263378651646" comparison="0" type="guid"/>
   <Criterion id="15659330456318451410" comparison="0" value="13680621263404695007" fromResponse="1" type="guid"/>
   <Criterion comparison="0" passIfMissing="false" id="15659330456318451477" type="guid" keyType="default" value="13680621263378654599"/>
   <Criterion comparison="0" passIfMissing="false" id="1367668986" keyType="gameToken" value="neuromod" type="default"/>
  </Criteria>
 </ResponseRule>
 <ResponseRule id="13680621263404695099" name="Station Exterior" cooldown="" response="13680621263378655161">
  <Criteria>
   <Criterion id="15659330456318451386" value="13680621263378651646" comparison="0" type="guid"/>
   <Criterion id="15659330456318451410" comparison="0" value="13680621263404695007" fromResponse="1" type="guid"/>
   <Criterion comparison="0" passIfMissing="false" id="15659330456318451477" type="guid" keyType="default" value="13680621263378654599"/>
   <Criterion comparison="0" passIfMissing="false" id="1367668986" keyType="gameToken" value="exterior" type="default"/>
  </Criteria>
 </ResponseRule>
 <ResponseRule id="13680621263404695123" name="Psychotronics" cooldown="" response="13680621263379195348">
  <Criteria>
   <Criterion id="15659330456318451386" value="13680621263378651646" comparison="0" type="guid"/>
   <Criterion id="15659330456318451410" comparison="0" value="13680621263404695007" fromResponse="1" type="guid"/>
   <Criterion comparison="0" passIfMissing="false" id="15659330456318451477" type="guid" keyType="default" value="13680621263378654599"/>
   <Criterion comparison="0" passIfMissing="false" id="1367668986" keyType="gameToken" value="psychotronics" type="default"/>
  </Criteria>
 </ResponseRule>
 <ResponseRule id="577514304975775998" name="Morgan Female" cooldown="" response="577514304975776072">
  <Criteria>
   <Criterion id="15659330456318451386" value="13680621263361472262" comparison="0" type="guid"/>
   <Criterion id="15659330456318451410" comparison="0" value="13680621263383442925" fromResponse="1" type="guid"/>
   <Criterion id="15659330456318451477" value="13680621263361472147" comparison="0" type="guid"/>
   <Criterion comparison="0" passIfMissing="false" id="211598630" keyType="gameToken" value="1"/>
  </Criteria>
 </ResponseRule>
 <ResponseSet id="577514304975776072">
  <Response dialog="13680621263392595657" id="577514304975776073" cooldown="0" weight="1" oneshot="0" completeConversation="1" delay="0" cutoff="0" targetType="1" targetId="0" speakerTrackMethod="2" targetTrackMethod="0"/>
 </ResponseSet>
 <ResponseRule id="577514304978017108" name="Morgan Female" cooldown="" response="577514304978017134">
  <Criteria>
   <Criterion id="15659330456318451386" value="13680621263361472262" comparison="0" type="guid"/>
   <Criterion id="15659330456318451410" comparison="0" value="13680621263386373955" fromResponse="1" type="guid"/>
   <Criterion id="15659330456318451477" value="13680621263361472147" comparison="0" type="guid"/>
   <Criterion comparison="0" passIfMissing="false" id="211598630" keyType="gameToken" value="1"/>
  </Criteria>
 </ResponseRule>
 <ResponseSet id="577514304978017134">
  <Response dialog="13680621263392595657" id="577514304978017135" cooldown="0" weight="1" oneshot="0" completeConversation="1" delay="0" cutoff="0"/>
 </ResponseSet>
</ResponseRules>