
<ResponseRules>
 <ResponseRule id="13680621263394142844" name="Initiate Self-Destruct" cooldown="" response="13680621263394143973" description="Kaspar initiates a self-destruct if he takes too much damage.">
  <Criteria>
   <Criterion id="15659330456318451386" value="13680621263361476306" comparison="0" type="guid"/>
   <Criterion id="15659330456318451410" comparison="0" value="onDeath" fromResponse="0" type="default"/>
   <Criterion comparison="0" passIfMissing="false" id="15659330456318451477" type="guid" keyType="default" value="13680621263361475934"/>
  </Criteria>
 </ResponseRule>
 <WritebackKeys/>
 <ResponseRule id="13680621263376916218" name="Kaspar Reports to Dahl About Progress" cooldown="" response="13680621263376916421" description="Overheard as the player appraoches--Kaspar has locked ever work station down and is now trying to pin point Alex&apos;s location. The player only hears Kaspar&apos;s side of the conversation." oneshot="1" conversation="1" priority="2">
  <Criteria>
   <Criterion id="15659330456318451386" value="13680621263361476306" comparison="0" type="guid"/>
   <Criterion id="15659330456318451410" comparison="0" value="onConversationTrigger" fromResponse="0" type="default"/>
   <Criterion comparison="0" passIfMissing="false" id="15659330456318451477" type="guid" keyType="default" value="13680621263361475934"/>
  </Criteria>
 </ResponseRule>
 <ResponseSet id="13680621263376916421">
  <Response dialog="13680621263376916420" id="13680621263376916422" cooldown="0" weight="1" oneshot="0" completeConversation="0" delay="0"/>
 </ResponseSet>
 <ResponseRule id="13680621263376916486" name="" cooldown="" response="13680621263376916487">
  <Criteria>
   <Criterion id="15659330456318451386" value="13680621263361476306" comparison="0" type="guid"/>
   <Criterion id="15659330456318451410" comparison="0" value="13680621263376916422" fromResponse="1" type="guid"/>
   <Criterion comparison="0" passIfMissing="false" id="15659330456318451477" type="guid" keyType="default" value="13680621263361475934"/>
  </Criteria>
 </ResponseRule>
 <ResponseSet id="13680621263376916487">
  <Response dialog="13680621263376916485" id="13680621263376916488" cooldown="0" weight="1" oneshot="0" completeConversation="0" delay="1"/>
 </ResponseSet>
 <ResponseRule id="13680621263376917055" name="" cooldown="" response="13680621263376917056">
  <Criteria>
   <Criterion id="15659330456318451386" value="13680621263361476306" comparison="0" type="guid"/>
   <Criterion id="15659330456318451410" comparison="0" value="13680621263376916488" fromResponse="1" type="guid"/>
   <Criterion comparison="0" passIfMissing="false" id="15659330456318451477" type="guid" keyType="default" value="13680621263361475934"/>
  </Criteria>
 </ResponseRule>
 <ResponseSet id="13680621263376917056">
  <Response dialog="13680621263376917054" id="13680621263376917057" cooldown="0" weight="1" oneshot="0" completeConversation="0" delay="0"/>
 </ResponseSet>
 <ResponseRule id="13680621263376917104" name="" cooldown="" response="13680621263376917105">
  <Criteria>
   <Criterion id="15659330456318451386" value="13680621263361476306" comparison="0" type="guid"/>
   <Criterion id="15659330456318451410" comparison="0" value="13680621263376917057" fromResponse="1" type="guid"/>
   <Criterion comparison="0" passIfMissing="false" id="15659330456318451477" type="guid" keyType="default" value="13680621263361475934"/>
  </Criteria>
 </ResponseRule>
 <ResponseSet id="13680621263376917105">
  <Response dialog="13680621263376917103" id="13680621263376917106" cooldown="0" weight="1" oneshot="0" completeConversation="1" delay="3"/>
 </ResponseSet>
 <ResponseRule id="13680621263376917213" name="Kaspar Spots Morgan" cooldown="" response="13680621263376917467" description="Kaspar tries to report to Dahl when he spots the player." conversation="1" oneshot="1" priority="1">
  <Criteria>
   <Criterion id="15659330456318451386" value="13680621263361476306" comparison="0" type="guid"/>
   <Criterion id="15659330456318451410" comparison="0" value="onGainedAttentionOnTarget" fromResponse="0" type="default"/>
   <Criterion comparison="0" passIfMissing="false" id="15659330456318451477" type="guid" keyType="default" value="13680621263361475934"/>
   <Criterion comparison="0" passIfMissing="false" id="10850392949532183293" type="default" keyType="default" value="4"/>
  </Criteria>
 </ResponseRule>
 <ResponseSet id="13680621263376917467">
  <Response dialog="13680621263376917466" id="13680621263376917468" cooldown="0" weight="1" oneshot="0" completeConversation="0" delay="0"/>
 </ResponseSet>
 <ResponseRule id="13680621263376917516" name="Is Dahl Dead?" cooldown="" response="13680621263376917724">
  <Criteria>
   <Criterion id="15659330456318451386" value="13680621263361476306" comparison="0" type="guid"/>
   <Criterion id="15659330456318451410" comparison="0" value="13680621263376917468" fromResponse="1" type="guid"/>
   <Criterion comparison="0" passIfMissing="false" id="15659330456318451477" type="guid" keyType="default" value="13680621263361475934"/>
   <Criterion comparison="0" passIfMissing="false" id="417275679" keyType="gameToken" value="1"/>
  </Criteria>
 </ResponseRule>
 <ResponseSet id="13680621263376917724">
  <Response dialog="13680621263376917723" id="13680621263376917725" cooldown="0" weight="1" oneshot="0" completeConversation="1" delay="0"/>
 </ResponseSet>
 <ResponseRule id="13680621263376917801" name="Is Dahl KO&apos;d?" cooldown="" response="13680621263376917811">
  <Criteria>
   <Criterion id="15659330456318451386" value="13680621263361476306" comparison="0" type="guid"/>
   <Criterion id="15659330456318451410" comparison="0" value="13680621263376917468" fromResponse="1" type="guid"/>
   <Criterion comparison="0" passIfMissing="false" id="15659330456318451477" type="guid" keyType="default" value="13680621263361475934"/>
   <Criterion comparison="0" passIfMissing="false" id="1307807168" keyType="gameToken" value="1"/>
  </Criteria>
 </ResponseRule>
 <ResponseSet id="13680621263376917811">
  <Response dialog="13680621263376917723" id="13680621263376917812" cooldown="0" weight="1" oneshot="0" completeConversation="1" delay="0"/>
 </ResponseSet>
 <ResponseRule id="13680621263376917887" name="Kaspar Hacking and Searching Loop" cooldown="" response="13680621263376918076" description="Techy stuff Kaspar says while being observed by the player as he&apos;s plugged in and hackng away at the station. ">
  <Criteria>
   <Criterion id="15659330456318451386" value="13680621263361476306" comparison="0" type="guid"/>
   <Criterion id="15659330456318451410" comparison="0" value="onPlayerLoiter" fromResponse="0" type="default"/>
   <Criterion comparison="0" passIfMissing="false" id="15659330456318451477" type="guid" keyType="default" value="13680621263361475934"/>
   <Criterion comparison="0" passIfMissing="false" id="10850392949532183294" type="default" keyType="default" value=""/>
  </Criteria>
 </ResponseRule>
 <ResponseSet id="13680621263376918076">
  <Response dialog="13680621263376918075" id="13680621263376918077" cooldown="15" weight="1" oneshot="true" completeConversation="1" delay="0"/>
  <Response dialog="13680621263376918089" id="13680621263376918090" cooldown="15" weight="1" oneshot="true" completeConversation="1" delay="0"/>
  <Response dialog="13680621263376918105" id="13680621263376918106" cooldown="15" weight="1" oneshot="true" completeConversation="1" delay="0"/>
  <Response dialog="13680621263376918151" id="13680621263376918152" cooldown="15" weight="1" oneshot="0" completeConversation="1" delay="0"/>
  <Response dialog="13680621263376918204" id="13680621263376918205" cooldown="15" weight="1" oneshot="0" completeConversation="1" delay="0"/>
  <Response dialog="13680621263383491806" id="13680621263383491807" cooldown="15" weight="1" oneshot="true" completeConversation="1" delay="0"/>
  <Response dialog="13680621263383492131" id="13680621263383492132" cooldown="15" weight="1" oneshot="true" completeConversation="1" delay="0"/>
  <Response dialog="13680621263383492460" id="13680621263383492461" cooldown="15" weight="1" oneshot="true" completeConversation="1" delay="0"/>
 </ResponseSet>
 <ResponseSet id="13680621263394143973">
  <Response dialog="13680621263394143972" id="13680621263394143974" cooldown="0" weight="1" oneshot="0" completeConversation="0" delay="0" cutoff="0"/>
 </ResponseSet>
 <ResponseRule id="13680621263394143981" name="" cooldown="" response="13680621263394143982">
  <Criteria>
   <Criterion id="15659330456318451386" value="13680621263361476306" comparison="0" type="guid"/>
   <Criterion id="15659330456318451410" comparison="0" value="13680621263394143974" fromResponse="1" type="guid"/>
   <Criterion id="15659330456318451477" value="13680621263361475934" comparison="0" type="guid"/>
  </Criteria>
 </ResponseRule>
 <ResponseSet id="13680621263394143982">
  <Response dialog="13680621263394143980" id="13680621263394143983" cooldown="0" weight="1" oneshot="0" completeConversation="1" delay="0" cutoff="0"/>
 </ResponseSet>
</ResponseRules>