
<ResponseRules>
 <WritebackKeys>
  <WritebackKey id="13680621263399500205" name="IgweSawPlyrUsePowers"/>
 </WritebackKeys>
 <ResponseRule id="13680621263386272992" name="Igwe Noticed Something" cooldown="10" description="Heard or saw something suspicious." response="13680621263386274057">
  <Criteria>
   <Criterion id="15659330456318451386" value="13680621263361473654" comparison="0" type="guid"/>
   <Criterion id="15659330456318451410" comparison="0" value="onGainedAttentionOnTarget" fromResponse="0" type="default"/>
   <Criterion comparison="0" passIfMissing="false" id="15659330456318451477" type="guid" keyType="default" value="4349723564897457173"/>
   <Criterion comparison="0" passIfMissing="false" id="10850392949532183293" type="default" keyType="default" value="1"/>
   <Criterion comparison="0" passIfMissing="false" id="10850392949532183294" type="default" keyType="default" value=""/>
   <Criterion comparison="0" passIfMissing="false" id="5310807215636213157" type="default" keyType="default" value="0"/>
   <Criterion comparison="0" passIfMissing="false" id="5310807215636213159" type="default" keyType="default" value="0"/>
  </Criteria>
 </ResponseRule>
 <ResponseRule id="13680621263386272993" name="Igwe Saw Player Use Power" cooldown="20" description="This can play anywhere. Mikhaila sees the player use one of the alien powers. " response="13680621263386273943" conversation="1">
  <Criteria>
   <Criterion id="15659330456318451386" value="13680621263361473654" comparison="0" type="guid"/>
   <Criterion id="15659330456318451410" comparison="0" value="onPlayerUsePower" fromResponse="0" type="default"/>
   <Criterion comparison="0" passIfMissing="false" id="15659330456318451477" type="guid" keyType="default" value="4349723564897457173"/>
   <Criterion comparison="1" passIfMissing="false" id="5310807215636213148" type="default" keyType="default" value="0"/>
   <Criterion comparison="0" passIfMissing="false" id="10850392949532183294" type="default" keyType="default" value=""/>
   <Criterion comparison="0" passIfMissing="false" id="5310807215636213157" type="default" keyType="default" value="0"/>
   <Criterion comparison="0" passIfMissing="false" id="5310807215636213159" type="default" keyType="default" value="0"/>
  </Criteria>
  <Writeback>
   <Fact id="13680621263399500205" value="1" time="0"/>
  </Writeback>
 </ResponseRule>
 <ResponseRule id="13680621263386272994" name="Igwe Hit With Toy Gun / Phys Obj" cooldown="10" description="Player and player chucked a coffee cup at her or pinged her with the toy dart gun." response="13680621263386273628">
  <Criteria>
   <Criterion id="15659330456318451386" value="13680621263361473654" comparison="0" type="guid"/>
   <Criterion id="15659330456318451410" comparison="0" value="onNpcBumpSignal" fromResponse="0" type="default"/>
   <Criterion comparison="0" passIfMissing="false" id="15659330456318451477" type="guid" keyType="default" value="4349723564897457173"/>
   <Criterion comparison="0" passIfMissing="false" id="5310807215636213157" type="default" keyType="default" value="0"/>
   <Criterion comparison="0" passIfMissing="false" id="10850392949532183294" type="default" keyType="default" value=""/>
   <Criterion comparison="0" passIfMissing="false" id="5310807215636213159" type="default" keyType="default" value="0"/>
  </Criteria>
 </ResponseRule>
 <ResponseRule id="13680621263386272997" name="Igwe Reacts to Nightmare Arrival" cooldown="" description="Reacting to the nightmare arrival. " response="13680621263386275040">
  <Criteria>
   <Criterion id="15659330456318451386" value="13680621263361473654" comparison="0" type="guid"/>
   <Criterion id="15659330456318451410" comparison="0" value="onNightmareArrived" fromResponse="0" type="default"/>
   <Criterion comparison="0" passIfMissing="false" id="15659330456318451477" type="guid" keyType="default" value="4349723564897457173"/>
   <Criterion comparison="0" passIfMissing="false" id="10850392949532183294" type="default" keyType="default" value=""/>
   <Criterion comparison="0" passIfMissing="false" id="5310807215636213157" type="default" keyType="default" value="0"/>
   <Criterion comparison="0" passIfMissing="false" id="5310807215636213159" type="default" keyType="default" value="0"/>
  </Criteria>
 </ResponseRule>
 <ResponseRule id="13680621263386272999" name="Igwe Combat Over" cooldown="" description="Defeated aliens." response="13680621263386273988">
  <Criteria>
   <Criterion id="15659330456318451386" value="13680621263361473654" comparison="0" type="guid"/>
   <Criterion id="15659330456318451410" comparison="0" value="onConversationTrigger" fromResponse="0" type="default"/>
   <Criterion comparison="0" passIfMissing="false" id="15659330456318451477" type="guid" keyType="default" value="4349723564897457173"/>
   <Criterion comparison="0" passIfMissing="false" id="5310807215636213157" type="default" keyType="default" value="0"/>
   <Criterion comparison="0" passIfMissing="false" id="10850392949532183294" type="default" keyType="default" value=""/>
   <Criterion comparison="0" passIfMissing="false" id="5310807215636213159" type="default" keyType="default" value="0"/>
  </Criteria>
 </ResponseRule>
 <ResponseSet id="13680621263386273628">
  <Response dialog="13680621263386273627" id="13680621263386273629" cooldown="60" weight="1" oneshot="0" completeConversation="1" delay="0" emotion="15659330456346424008" targetId="0" targetType="1" speakerTrackMethod="3" targetTrackMethod="0"/>
  <Response dialog="13680621263386273631" id="13680621263386273632" cooldown="60" weight="1" oneshot="0" completeConversation="1" delay="0" emotion="15659330456346424008" targetId="0" targetType="1" speakerTrackMethod="2" targetTrackMethod="0"/>
  <Response dialog="13680621263386273746" id="13680621263386273747" cooldown="0" weight="1" oneshot="0" completeConversation="1" delay="0" emotion="15659330456346423977" targetId="0" targetType="1" speakerTrackMethod="2" targetTrackMethod="0"/>
  <Response dialog="13680621263386273771" id="13680621263386273772" cooldown="60" weight="1" oneshot="0" completeConversation="1" delay="0" emotion="3152439162748317787" targetId="0" targetType="1" speakerTrackMethod="2" targetTrackMethod="0"/>
 </ResponseSet>
 <ResponseSet id="13680621263386273943">
  <Response dialog="13680621263383771189" id="13680621263386273944" cooldown="0" weight="1" oneshot="true" completeConversation="1" delay="0" targetId="0" targetType="1" speakerTrackMethod="2" targetTrackMethod="0" emotion="3152439162748318060"/>
  <Response dialog="13680621263383771168" id="13680621263386273953" cooldown="0" weight="1" oneshot="true" completeConversation="1" delay="0" targetId="0" targetType="1" speakerTrackMethod="2" targetTrackMethod="0" emotion="3152439162748318060"/>
  <Response dialog="13680621263383771178" id="13680621263386273966" cooldown="0" weight="1" oneshot="true" completeConversation="1" delay="0" targetId="0" targetType="1" speakerTrackMethod="2" targetTrackMethod="0" emotion="3152439162748318060"/>
  <Response dialog="13680621263383771185" id="13680621263386273973" cooldown="0" weight="1" oneshot="true" completeConversation="1" delay="0" targetId="0" targetType="1" speakerTrackMethod="2" targetTrackMethod="0" emotion="3152439162748318060"/>
 </ResponseSet>
 <ResponseSet id="13680621263386273988">
  <Response dialog="13680621263386273987" id="13680621263386273989" cooldown="120" weight="1" oneshot="0" completeConversation="1" delay="0" targetId="0" targetType="1" speakerTrackMethod="3" targetTrackMethod="0" emotion="3152439162748318087"/>
  <Response dialog="13680621263386274002" id="13680621263386274003" cooldown="120" weight="1" oneshot="0" completeConversation="1" delay="0" emotion="3152439162748318053" targetId="0" targetType="1" speakerTrackMethod="3" targetTrackMethod="0"/>
 </ResponseSet>
 <ResponseSet id="13680621263386274057">
  <Response dialog="13680621263386274056" id="13680621263386274058" cooldown="30" weight="1" oneshot="0" completeConversation="1" delay="0" emotion="3152439162748318053"/>
  <Response dialog="13680621263386274072" id="13680621263386274073" cooldown="30" weight="1" oneshot="0" completeConversation="1" delay="0" emotion="3152439162748318066"/>
  <Response dialog="13680621263386274318" id="13680621263386274319" cooldown="30" weight="1" oneshot="0" completeConversation="1" delay="0" emotion="3152439162748318053"/>
 </ResponseSet>
 <ResponseSet id="13680621263386275040">
  <Response dialog="13680621263386275039" id="13680621263386275041" cooldown="0" weight="1" oneshot="true" completeConversation="1" delay="2" emotion="3152439162748318060" targetId="0" targetType="1" speakerTrackMethod="3" targetTrackMethod="0"/>
  <Response dialog="13680621263386275911" id="13680621263386275912" cooldown="0" weight="1" oneshot="true" completeConversation="1" delay="2" emotion="3152439162748318053" targetId="0" targetType="1" speakerTrackMethod="2" targetTrackMethod="0"/>
 </ResponseSet>
</ResponseRules>