<GameTokensLibrary Name="Level" LevelName="gamesdk/levels/campaign/research/simulationlabs">
 <GameToken Id="-1090084960" Name="NPCs.DrBellamy" Flags="4" Type="Int" Value="0"/>
 <GameToken Id="-2102164969" Name="NPCs.Simmons" Flags="4" Type="Int" Value="0"/>
 <GameToken Id="-1289304204" Name="NPCs.Anita" Flags="4" Type="Int" Value="0"/>
 <GameToken Id="-1610115330" Name="NPCs.AlexKarl" Flags="4" Type="Int" Value="0"/>
 <GameToken Id="-1403471539" Name="NPCs.ShyMimic" Flags="4" Type="Int" Value="0"/>
 <GameToken Id="-390459963" Name="NPCs.MimicInPos1" Flags="4" Type="Bool" Value="false"/>
 <GameToken Id="-239903617" Name="NPCs.MimicInPos2" Flags="4" Type="Bool" Value="false"/>
 <GameToken Id="-2034995991" Name="NPCs.MimicInPos3" Flags="4" Type="Bool" Value="false"/>
 <GameToken Id="-1731135158" Name="NPCs.MimicInPos4" Flags="4" Type="Bool" Value="false"/>
 <GameToken Id="-1312144071" Name="PlayerPos.PlayerMimicPos" Flags="4" Type="Int" Value="0"/>
 <GameToken Id="-2114605397" Name="NPCs.SecGuard" Flags="4" Type="Int" Value="0"/>
 <GameToken Id="-185769647" Name="NPCs.RedShirt" Flags="4" Type="Int" Value="0"/>
 <GameToken Id="-167525092" Name="NPCs.WrenchWrangler" Flags="4" Type="Int" Value="0"/>
 <GameToken Id="-606849163" Name="NPCs.CutsceneMimic" Flags="4" Type="Int" Value="0"/>
 <GameToken Id="-1375463253" Name="Decontamination.Door1_Open" Flags="4" Type="Bool" Value="false"/>
 <GameToken Id="-402462032" Name="Decontamination.Door2_Open" Flags="4" Type="Bool" Value="false"/>
 <GameToken Id="-1571130050" Name="Decontamination.DecontaminationInProgress_Sim" Flags="4" Type="Bool" Value="false"/>
 <GameToken Id="-261919004" Name="State.QuestionNum" Flags="4" Type="Int" Value="0"/>
 <GameToken Id="-927123532" Name="NPCs.AtriumMimic1" Flags="4" Type="Int" Value="0"/>
 <GameToken Id="-1797367512" Name="NPCs.AtriumMimics2" Flags="4" Type="Int" Value="0"/>
 <GameToken Id="-472290882" Name="NPCs.AtriumMimics3" Flags="4" Type="Int" Value="0"/>
 <GameToken Id="-37880803" Name="NPCs.AtriumMimics4" Flags="4" Type="Int" Value="0"/>
 <GameToken Id="-1738912256" Name="State.PlayerHasWrench" Flags="4" Type="Bool" Value="false"/>
 <GameToken Id="-780005933" Name="TestFacility.DeterminingElevatorOccupant" Flags="4" Type="Bool" Value="false"/>
 <GameToken Id="-105346712" Name="PlayerPos.PlayerInVolumeA" Flags="4" Type="Bool" Value="false"/>
 <GameToken Id="-525215534" Name="PlayerPos.PlayerInVolumeB" Flags="4" Type="Bool" Value="false"/>
 <GameToken Id="-1949776462" Name="Var.LG_FlipDelay" Flags="4" Type="Float" Value="0.100000"/>
 <GameToken Id="-1691159740" Name="TestFacility.TestBoxInRoomB" Flags="4" Type="Bool" Value="false"/>
 <GameToken Id="-345944164" Name="TestFacility.OkForBellamyToTalk" Flags="4" Type="Bool" Value="true"/>
 <GameToken Id="-332020782" Name="TestFacility.TestBoxInRoomC" Flags="4" Type="Bool" Value="false"/>
 <GameToken Id="-536517541" Name="TestFacility.ChairInRoomC" Flags="4" Type="Bool" Value="false"/>
 <GameToken Id="-27135496" Name="TestFacility.ChairInRoomD" Flags="4" Type="Bool" Value="false"/>
 <GameToken Id="-229550479" Name="TestFacility.TestBoxInRoomD" Flags="4" Type="Bool" Value="false"/>
 <GameToken Id="-663737748" Name="TestFacility.HidingTestActive" Flags="4" Type="Bool" Value="false"/>
 <GameToken Id="-891668645" Name="Debug.ArtistBetween" Flags="4" Type="Bool" Value="false"/>
 <GameToken Id="-1710275011" Name="Debug.ArtistTest" Flags="4" Type="Bool" Value="false"/>
 <GameToken Id="-1908722747" Name="State.PlayerHeardNeuromodConvo" Flags="4" Type="Bool" Value="false"/>
 <GameToken Id="-32457638" Name="Volunteer.IsBiancaPlaying" Flags="4" Type="Bool" Value="false"/>
 <GameToken Id="-1939186459" Name="NPCs.Operator1" Flags="4" Type="Int" Value="0"/>
 <GameToken Id="-269153568" Name="NPCs.Operator2" Flags="4" Type="Int" Value="0"/>
 <GameToken Id="-740564619" Name="Helipad.SwitchInProgress" Flags="4" Type="Bool" Value="false"/>
 <GameToken Id="-2044978505" Name="Debug.PlayGlassBreak" Flags="4" Type="Bool" Value="false"/>
 <GameToken Id="-336120553" Name="NPCs.December" Flags="4" Type="Int" Value="0"/>
 <GameToken Id="-1030273650" Name="NPCs.January" Flags="4" Type="Int" Value="0"/>
 <GameToken Id="-646367430" Name="NPCs.IgweStunned" Flags="4" Type="Bool" Value="false"/>
 <GameToken Id="-963249544" Name="State.RepairElevator" Flags="4" Type="Bool" Value="false"/>
 <GameToken Id="-495401094" Name="Decontamination.DecontaminationInProgress_Fab" Flags="4" Type="Bool" Value="false"/>
 <GameToken Id="-1270932047" Name="State.PlayerInElevator" Flags="4" Type="Bool" Value="false"/>
 <GameToken Id="-1509490166" Name="State.PlayerInElevator2" Flags="4" Type="Bool" Value="false"/>
 <GameToken Id="-427908788" Name="NPCs.PhantomKill" Flags="4" Type="Int" Value="0"/>
 <GameToken Id="-2124914916" Name="Decontamination.PlayerInFabDecontamination" Flags="4" Type="Bool" Value="false"/>
 <GameToken Id="-1906522657" Name="December.DecemberSignalReceived" Flags="4" Type="Bool" Value="false"/>
 <GameToken Id="-889186782" Name="MakeupExam.TestA_Succeeded" Flags="4" Type="Bool" Value="false"/>
 <GameToken Id="-1179662136" Name="MakeupExam.TestA_Failed" Flags="4" Type="Bool" Value="false"/>
 <GameToken Id="-756912093" Name="MakeupExam.TestB_Succeeded" Flags="4" Type="Bool" Value="false"/>
 <GameToken Id="-1222586581" Name="MakeupExam.TestB_Failed" Flags="4" Type="Bool" Value="false"/>
 <GameToken Id="-1821593629" Name="MakeupExam.TestC_Succeeded" Flags="4" Type="Bool" Value="false"/>
 <GameToken Id="-74788939" Name="MakeupExam.TestC_Failed" Flags="4" Type="Bool" Value="false"/>
 <GameToken Id="-1694699866" Name="MakeupExam.StopTestCounterA" Flags="4" Type="Bool" Value="false"/>
 <GameToken Id="-1633029233" Name="MakeupExam.StopTestCounterB" Flags="4" Type="Bool" Value="false"/>
 <GameToken Id="-374422759" Name="MakeupExam.StopTestCounterC" Flags="4" Type="Bool" Value="false"/>
 <GameToken Id="-796202749" Name="December.MurderousJanuarySpawned" Flags="4" Type="Bool" Value="false"/>
</GameTokensLibrary>
