
<ResponseRules>
 <WritebackKeys>
  <WritebackKey id="4349723564910739190" name="ElleWantsToKnow"/>
 </WritebackKeys>
 <ResponseRule id="4349723564910680923" name="Elle asks what Lawrence is planning" cooldown="" oneshot="1" conversation="1" response="4349723564910681634">
  <Criteria>
   <Criterion id="15659330456318451386" value="13680621263353786238" comparison="0" type="guid"/>
   <Criterion id="15659330456318451410" comparison="0" value="onTranscribeTrigger" fromResponse="0" type="default"/>
   <Criterion comparison="0" passIfMissing="false" id="15659330456318451477" type="guid" keyType="default" value="4349723564910681211"/>
  </Criteria>
  <Writeback>
   <Fact id="4349723564910739190" value="true" time="0"/>
  </Writeback>
 </ResponseRule>
 <ResponseSet id="4349723564910681634">
  <Response dialog="4349723564910681633" id="4349723564910681635" cooldown="0" weight="1" oneshot="0" completeConversation="0"/>
 </ResponseSet>
 <ResponseRule id="4349723564910742317" name="" cooldown="" response="4349723564910742318" conversation="1">
  <Criteria>
   <Criterion id="15659330456318451386" value="13680621263365953228" comparison="0" type="guid"/>
   <Criterion id="15659330456318451410" comparison="0" value="4349723564910681635" fromResponse="1" type="guid"/>
   <Criterion comparison="0" passIfMissing="false" id="15659330456318451477" type="guid" keyType="default" value="4349723564910681059"/>
  </Criteria>
 </ResponseRule>
 <ResponseSet id="4349723564910742318">
  <Response dialog="4349723564910742316" id="4349723564910742319" cooldown="0" weight="1" oneshot="0" completeConversation="0" delay="0.5"/>
 </ResponseSet>
 <ResponseRule id="13680621263385381459" name="" cooldown="" response="13680621263385381460">
  <Criteria>
   <Criterion id="15659330456318451386" value="13680621263353786238" comparison="0" type="guid"/>
   <Criterion id="15659330456318451410" comparison="0" value="4349723564910742319" fromResponse="1" type="guid"/>
   <Criterion id="15659330456318451477" value="4349723564910681211" comparison="0" type="guid"/>
  </Criteria>
 </ResponseRule>
 <ResponseSet id="13680621263385381460">
  <Response dialog="13680621263385381458" id="13680621263385381461" cooldown="0" weight="1" oneshot="0" completeConversation="0" delay="0.5" targetType="2" targetId="4349723564910681059" speakerTrackMethod="1" targetTrackMethod="0"/>
 </ResponseSet>
 <ResponseRule id="13680621263385381482" name="" cooldown="" response="13680621263385381483">
  <Criteria>
   <Criterion id="15659330456318451386" value="13680621263365953228" comparison="0" type="guid"/>
   <Criterion id="15659330456318451410" comparison="0" value="13680621263385381461" fromResponse="1" type="guid"/>
   <Criterion id="15659330456318451477" value="4349723564910681059" comparison="0" type="guid"/>
  </Criteria>
 </ResponseRule>
 <ResponseSet id="13680621263385381483">
  <Response dialog="13680621263385381481" id="13680621263385381484" cooldown="0" weight="1" oneshot="0" completeConversation="0" delay="0" targetType="2" targetId="4349723564910681211" speakerTrackMethod="1" targetTrackMethod="0"/>
 </ResponseSet>
 <ResponseRule id="13680621263385382182" name="" cooldown="" response="13680621263385382183">
  <Criteria>
   <Criterion id="15659330456318451386" value="13680621263353786238" comparison="0" type="guid"/>
   <Criterion id="15659330456318451410" comparison="0" value="13680621263385381484" fromResponse="1" type="guid"/>
   <Criterion id="15659330456318451477" value="4349723564910681211" comparison="0" type="guid"/>
  </Criteria>
 </ResponseRule>
 <ResponseSet id="13680621263385382183">
  <Response dialog="13680621263385382181" id="13680621263385382184" cooldown="0" weight="1" oneshot="0" completeConversation="0" delay="0.25" targetType="2" targetId="4349723564910681059" speakerTrackMethod="1" targetTrackMethod="0"/>
 </ResponseSet>
 <ResponseRule id="13680621263385382221" name="" cooldown="" response="13680621263385382222">
  <Criteria>
   <Criterion id="15659330456318451386" value="13680621263365953228" comparison="0" type="guid"/>
   <Criterion id="15659330456318451410" comparison="0" value="13680621263385382184" fromResponse="1" type="guid"/>
   <Criterion id="15659330456318451477" value="4349723564910681059" comparison="0" type="guid"/>
  </Criteria>
 </ResponseRule>
 <ResponseSet id="13680621263385382222">
  <Response dialog="13680621263385382220" id="13680621263385382223" cooldown="0" weight="1" oneshot="0" completeConversation="0" delay="0.5" targetType="2" targetId="4349723564910681211" speakerTrackMethod="1" targetTrackMethod="0"/>
 </ResponseSet>
 <ResponseRule id="13680621263385383151" name="" cooldown="" response="13680621263385383152">
  <Criteria>
   <Criterion id="15659330456318451386" value="13680621263353786238" comparison="0" type="guid"/>
   <Criterion id="15659330456318451410" comparison="0" value="13680621263385382223" fromResponse="1" type="guid"/>
   <Criterion id="15659330456318451477" value="4349723564910681211" comparison="0" type="guid"/>
  </Criteria>
 </ResponseRule>
 <ResponseSet id="13680621263385383152">
  <Response dialog="13680621263385383150" id="13680621263385383153" cooldown="0" weight="1" oneshot="0" completeConversation="0" delay="0" targetType="2" targetId="4349723564910681059" speakerTrackMethod="1" targetTrackMethod="0"/>
 </ResponseSet>
 <ResponseRule id="13680621263385383309" name="" cooldown="" response="13680621263385383310">
  <Criteria>
   <Criterion id="15659330456318451386" value="13680621263365953228" comparison="0" type="guid"/>
   <Criterion id="15659330456318451410" comparison="0" value="13680621263385383153" fromResponse="1" type="guid"/>
   <Criterion id="15659330456318451477" value="4349723564910681059" comparison="0" type="guid"/>
  </Criteria>
 </ResponseRule>
 <ResponseSet id="13680621263385383310">
  <Response dialog="13680621263385383308" id="13680621263385383311" cooldown="0" weight="1" oneshot="0" completeConversation="0" delay="0.25" targetType="2" targetId="4349723564910681211" speakerTrackMethod="1" targetTrackMethod="0"/>
 </ResponseSet>
 <ResponseRule id="13680621263385383324" name="" cooldown="" response="13680621263385383325">
  <Criteria>
   <Criterion id="15659330456318451386" value="13680621263365953228" comparison="0" type="guid"/>
   <Criterion id="15659330456318451410" comparison="0" value="13680621263385383311" fromResponse="1" type="guid"/>
   <Criterion id="15659330456318451477" value="4349723564910681059" comparison="0" type="guid"/>
  </Criteria>
 </ResponseRule>
 <ResponseSet id="13680621263385383325">
  <Response dialog="13680621263385381540" id="13680621263385383326" cooldown="0" weight="1" oneshot="0" completeConversation="0" delay="0.25" targetType="2" targetId="4349723564910681211" speakerTrackMethod="1" targetTrackMethod="0"/>
 </ResponseSet>
 <ResponseRule id="13680621263385383344" name="" cooldown="" response="13680621263385383345">
  <Criteria>
   <Criterion id="15659330456318451386" value="13680621263353786238" comparison="0" type="guid"/>
   <Criterion id="15659330456318451410" comparison="0" value="13680621263385383326" fromResponse="1" type="guid"/>
   <Criterion id="15659330456318451477" value="4349723564910681211" comparison="0" type="guid"/>
  </Criteria>
 </ResponseRule>
 <ResponseSet id="13680621263385383345">
  <Response dialog="13680621263385381792" id="13680621263385383346" cooldown="0" weight="1" oneshot="0" completeConversation="0" delay="0" targetType="2" targetId="4349723564910681059" speakerTrackMethod="1" targetTrackMethod="0"/>
 </ResponseSet>
 <ResponseRule id="13680621263385383378" name="" cooldown="" response="13680621263385383379">
  <Criteria>
   <Criterion id="15659330456318451386" value="13680621263365953228" comparison="0" type="guid"/>
   <Criterion id="15659330456318451410" comparison="0" value="13680621263385383346" fromResponse="1" type="guid"/>
   <Criterion id="15659330456318451477" value="4349723564910681059" comparison="0" type="guid"/>
  </Criteria>
 </ResponseRule>
 <ResponseSet id="13680621263385383379">
  <Response dialog="13680621263385381500" id="13680621263385383380" cooldown="0" weight="1" oneshot="0" completeConversation="1" delay="0.25" targetType="2" targetId="4349723564910681211" speakerTrackMethod="1" targetTrackMethod="0"/>
 </ResponseSet>
</ResponseRules>