
<ResponseRules>
 <WritebackKeys/>
 <ResponseRule id="13680621263374353322" name="Experiment Log: Mikhaila&apos;s Father" cooldown="" description="Scientists in Psychotronics lab are describing an experiment on a &apos;volunteer.&apos; The volunteer is Mikhaila&apos;s father. " response="13680621263374353854" conversation="1">
  <Criteria>
   <Criterion id="15659330456318451386" value="13680621263365953228" comparison="0" type="guid"/>
   <Criterion id="15659330456318451410" comparison="0" value="onAnnouncementTrigger" fromResponse="0" type="default"/>
   <Criterion comparison="0" passIfMissing="false" id="15659330456318451477" type="guid" keyType="default" value="11824555372635636731"/>
  </Criteria>
 </ResponseRule>
 <ResponseSet id="13680621263374353854">
  <Response dialog="13680621263374353853" id="13680621263374353855" cooldown="0" weight="1" oneshot="0" completeConversation="0" delay="0"/>
 </ResponseSet>
 <ResponseRule id="13680621263374353888" name="" cooldown="" response="13680621263374353889">
  <Criteria>
   <Criterion id="15659330456318451386" value="13680621263353786218" comparison="0" type="guid"/>
   <Criterion id="15659330456318451410" comparison="0" value="13680621263374353855" fromResponse="1" type="guid"/>
   <Criterion comparison="0" passIfMissing="false" id="15659330456318451477" type="guid" keyType="default" value="11824555372635796966"/>
  </Criteria>
 </ResponseRule>
 <ResponseSet id="13680621263374353889">
  <Response dialog="13680621263374353887" id="13680621263374353890" cooldown="0" weight="1" oneshot="0" completeConversation="0" delay="1" targetType="2" targetId="11824555372635636731" speakerTrackMethod="1" targetTrackMethod="0"/>
 </ResponseSet>
 <ResponseRule id="13680621263374354011" name="" cooldown="" response="13680621263374354012">
  <Criteria>
   <Criterion id="15659330456318451386" value="13680621263365953228" comparison="0" type="guid"/>
   <Criterion id="15659330456318451410" comparison="0" value="13680621263374353890" fromResponse="1" type="guid"/>
   <Criterion id="15659330456318451477" value="11824555372635636731" comparison="0" type="guid"/>
  </Criteria>
 </ResponseRule>
 <ResponseSet id="13680621263374354012">
  <Response dialog="13680621263374354010" id="13680621263374354013" cooldown="0" weight="1" oneshot="0" completeConversation="0" delay="0"/>
 </ResponseSet>
 <ResponseRule id="13680621263384704601" name="" cooldown="" response="13680621263384704602">
  <Criteria>
   <Criterion id="15659330456318451386" value="13680621263374354932" comparison="0" type="guid"/>
   <Criterion id="15659330456318451410" comparison="0" value="13680621263374354013" fromResponse="1" type="guid"/>
   <Criterion comparison="0" passIfMissing="false" id="15659330456318451477" type="guid" keyType="default" value="13680621263374355619"/>
  </Criteria>
 </ResponseRule>
 <ResponseSet id="13680621263384704602">
  <Response dialog="13680621263384704600" id="13680621263384704603" cooldown="0" weight="1" oneshot="0" completeConversation="0" delay="1" targetType="2" targetId="11824555372635636731" speakerTrackMethod="1" targetTrackMethod="0"/>
 </ResponseSet>
 <ResponseRule id="13680621263384704696" name="" cooldown="" response="13680621263384704697">
  <Criteria>
   <Criterion id="15659330456318451386" value="13680621263365953228" comparison="0" type="guid"/>
   <Criterion id="15659330456318451410" comparison="0" value="13680621263384704603" fromResponse="1" type="guid"/>
   <Criterion id="15659330456318451477" value="11824555372635636731" comparison="0" type="guid"/>
  </Criteria>
 </ResponseRule>
 <ResponseSet id="13680621263384704697">
  <Response dialog="13680621263374354042" id="13680621263384704698" cooldown="0" weight="1" oneshot="0" completeConversation="0" delay="1" targetType="2" targetId="13680621263374355619" speakerTrackMethod="1" targetTrackMethod="0"/>
 </ResponseSet>
 <ResponseRule id="13680621263384704719" name="" cooldown="" response="13680621263384704720">
  <Criteria>
   <Criterion id="15659330456318451386" value="13680621263374354932" comparison="0" type="guid"/>
   <Criterion id="15659330456318451410" comparison="0" value="13680621263384704698" fromResponse="1" type="guid"/>
   <Criterion id="15659330456318451477" value="13680621263374355619" comparison="0" type="guid"/>
  </Criteria>
 </ResponseRule>
 <ResponseSet id="13680621263384704720">
  <Response dialog="13680621263384704718" id="13680621263384704721" cooldown="0" weight="1" oneshot="0" completeConversation="0" delay="0" targetType="2" targetId="11824555372635636731" speakerTrackMethod="1" targetTrackMethod="0"/>
 </ResponseSet>
 <ResponseRule id="13680621263384704944" name="" cooldown="" response="13680621263384704945">
  <Criteria>
   <Criterion id="15659330456318451386" value="13680621263374354932" comparison="0" type="guid"/>
   <Criterion id="15659330456318451410" comparison="0" value="13680621263384704721" fromResponse="1" type="guid"/>
   <Criterion id="15659330456318451477" value="13680621263374355619" comparison="0" type="guid"/>
  </Criteria>
 </ResponseRule>
 <ResponseSet id="13680621263384704945">
  <Response dialog="13680621263384704943" id="13680621263384704946" cooldown="0" weight="1" oneshot="0" completeConversation="0" delay="0.5" targetType="2" targetId="11824555372635636731" speakerTrackMethod="1" targetTrackMethod="0"/>
 </ResponseSet>
 <ResponseRule id="13680621263384705039" name="" cooldown="" response="13680621263384705040">
  <Criteria>
   <Criterion id="15659330456318451386" value="13680621263365953228" comparison="0" type="guid"/>
   <Criterion id="15659330456318451410" comparison="0" value="13680621263384704946" fromResponse="1" type="guid"/>
   <Criterion id="15659330456318451477" value="11824555372635636731" comparison="0" type="guid"/>
  </Criteria>
 </ResponseRule>
 <ResponseSet id="13680621263384705040">
  <Response dialog="13680621263384705038" id="13680621263384705041" cooldown="0" weight="1" oneshot="0" completeConversation="0" delay=".5" targetType="2" targetId="13680621263374355619" speakerTrackMethod="1" targetTrackMethod="0"/>
 </ResponseSet>
 <ResponseRule id="13680621263384705085" name="" cooldown="" response="13680621263384705161">
  <Criteria>
   <Criterion id="15659330456318451386" value="13680621263374354932" comparison="0" type="guid"/>
   <Criterion id="15659330456318451410" comparison="0" value="13680621263384705041" fromResponse="1" type="guid"/>
   <Criterion id="15659330456318451477" value="13680621263374355619" comparison="0" type="guid"/>
  </Criteria>
 </ResponseRule>
 <ResponseSet id="13680621263384705161">
  <Response dialog="13680621263384705159" id="13680621263384705162" cooldown="0" weight="1" oneshot="0" completeConversation="0" delay="0" targetType="2" targetId="11824555372635796966" speakerTrackMethod="1" targetTrackMethod="0"/>
 </ResponseSet>
 <ResponseRule id="13680621263384705222" name="" cooldown="" response="13680621263384705223">
  <Criteria>
   <Criterion id="15659330456318451386" value="13680621263365953228" comparison="0" type="guid"/>
   <Criterion id="15659330456318451410" comparison="0" value="13680621263384705162" fromResponse="1" type="guid"/>
   <Criterion id="15659330456318451477" value="11824555372635636731" comparison="0" type="guid"/>
  </Criteria>
 </ResponseRule>
 <ResponseSet id="13680621263384705223">
  <Response dialog="13680621263374354412" id="13680621263384705224" cooldown="0" weight="1" oneshot="0" completeConversation="0" delay="0" targetType="2" targetId="13680621263374355619" speakerTrackMethod="1" targetTrackMethod="0"/>
 </ResponseSet>
 <ResponseRule id="13680621263384705234" name="" cooldown="" response="13680621263384705235">
  <Criteria>
   <Criterion id="15659330456318451386" value="13680621263353786218" comparison="0" type="guid"/>
   <Criterion id="15659330456318451410" comparison="0" value="13680621263384705224" fromResponse="1" type="guid"/>
   <Criterion id="15659330456318451477" value="11824555372635796966" comparison="0" type="guid"/>
  </Criteria>
 </ResponseRule>
 <ResponseSet id="13680621263384705235">
  <Response dialog="13680621263374354452" id="13680621263384705236" cooldown="0" weight="1" oneshot="0" completeConversation="0" delay="1" targetType="2" targetId="11824555372635636731" speakerTrackMethod="1" targetTrackMethod="0"/>
 </ResponseSet>
 <ResponseRule id="13680621263384705446" name="" cooldown="" response="13680621263384705447">
  <Criteria>
   <Criterion id="15659330456318451386" value="13680621263374354932" comparison="0" type="guid"/>
   <Criterion id="15659330456318451410" comparison="0" value="13680621263384705236" fromResponse="1" type="guid"/>
   <Criterion id="15659330456318451477" value="13680621263374355619" comparison="0" type="guid"/>
  </Criteria>
 </ResponseRule>
 <ResponseSet id="13680621263384705447">
  <Response dialog="13680621263384705445" id="13680621263384705448" cooldown="0" weight="1" oneshot="0" completeConversation="0" delay="0" targetType="2" targetId="11824555372635796966" speakerTrackMethod="1" targetTrackMethod="0"/>
 </ResponseSet>
 <ResponseRule id="13680621263384705475" name="" cooldown="" response="13680621263384705476">
  <Criteria>
   <Criterion id="15659330456318451386" value="13680621263353786218" comparison="0" type="guid"/>
   <Criterion id="15659330456318451410" comparison="0" value="13680621263384705448" fromResponse="1" type="guid"/>
   <Criterion id="15659330456318451477" value="11824555372635796966" comparison="0" type="guid"/>
  </Criteria>
 </ResponseRule>
 <ResponseSet id="13680621263384705476">
  <Response dialog="13680621263374354066" id="13680621263384705477" cooldown="0" weight="1" oneshot="0" completeConversation="0" delay="0" targetType="2" targetId="13680621263374355619" speakerTrackMethod="1" targetTrackMethod="0"/>
 </ResponseSet>
 <ResponseRule id="13680621263384705513" name="" cooldown="" response="13680621263384705514">
  <Criteria>
   <Criterion id="15659330456318451386" value="13680621263365953228" comparison="0" type="guid"/>
   <Criterion id="15659330456318451410" comparison="0" value="13680621263384705477" fromResponse="1" type="guid"/>
   <Criterion id="15659330456318451477" value="11824555372635636731" comparison="0" type="guid"/>
  </Criteria>
 </ResponseRule>
 <ResponseSet id="13680621263384705514">
  <Response dialog="13680621263384705512" id="13680621263384705515" cooldown="0" weight="1" oneshot="0" completeConversation="0" delay="0.5" targetType="2" targetId="11824555372635796966" speakerTrackMethod="1" targetTrackMethod="0"/>
 </ResponseSet>
 <ResponseRule id="13680621263384705548" name="" cooldown="" response="13680621263384705549">
  <Criteria>
   <Criterion id="15659330456318451386" value="13680621263374354932" comparison="0" type="guid"/>
   <Criterion id="15659330456318451410" comparison="0" value="13680621263384705515" fromResponse="1" type="guid"/>
   <Criterion id="15659330456318451477" value="13680621263374355619" comparison="0" type="guid"/>
  </Criteria>
 </ResponseRule>
 <ResponseSet id="13680621263384705549">
  <Response dialog="13680621263384705547" id="13680621263384705550" cooldown="0" weight="1" oneshot="0" completeConversation="0" delay="1" targetType="2" targetId="11824555372635636731" speakerTrackMethod="1" targetTrackMethod="0"/>
 </ResponseSet>
 <ResponseRule id="13680621263384705585" name="" cooldown="" response="13680621263384705586">
  <Criteria>
   <Criterion id="15659330456318451386" value="13680621263358634945" comparison="6" type="guid"/>
   <Criterion id="15659330456318451410" comparison="0" value="13680621263384705550" fromResponse="1" type="guid"/>
   <Criterion comparison="0" passIfMissing="false" id="15659330456318451477" type="guid" keyType="default" value="1713490239389131093"/>
  </Criteria>
 </ResponseRule>
 <ResponseSet id="13680621263384705586">
  <Response dialog="13680621263384705584" id="13680621263384705587" cooldown="0" weight="1" oneshot="0" completeConversation="0" delay="1" targetType="2" targetId="13680621263374355619" speakerTrackMethod="1" targetTrackMethod="0"/>
 </ResponseSet>
 <ResponseRule id="13680621263384705629" name="" cooldown="" response="13680621263384705630">
  <Criteria>
   <Criterion id="15659330456318451386" value="13680621263374354932" comparison="0" type="guid"/>
   <Criterion id="15659330456318451410" comparison="0" value="13680621263384705587" fromResponse="1" type="guid"/>
   <Criterion id="15659330456318451477" value="13680621263374355619" comparison="0" type="guid"/>
  </Criteria>
 </ResponseRule>
 <ResponseSet id="13680621263384705630">
  <Response dialog="13680621263374355079" id="13680621263384705631" cooldown="0" weight="1" oneshot="0" completeConversation="0" delay=".5" targetType="2" targetId="1713490239389131093" speakerTrackMethod="1" targetTrackMethod="0" cutoff="4"/>
 </ResponseSet>
 <ResponseRule id="13680621263384705662" name="" cooldown="" response="13680621263384705663">
  <Criteria>
   <Criterion id="15659330456318451386" value="13680621263353786218" comparison="0" type="guid"/>
   <Criterion id="15659330456318451410" comparison="0" value="13680621263384705631" fromResponse="1" type="guid"/>
   <Criterion id="15659330456318451477" value="11824555372635796966" comparison="0" type="guid"/>
  </Criteria>
 </ResponseRule>
 <ResponseSet id="13680621263384705663">
  <Response dialog="13680621263374355149" id="13680621263384705664" cooldown="0" weight="1" oneshot="0" completeConversation="0" delay="0" targetType="2" targetId="13680621263374355619" speakerTrackMethod="1" targetTrackMethod="0" cutoff="1.75"/>
 </ResponseSet>
 <ResponseRule id="13680621263384705719" name="" cooldown="" response="13680621263384705720">
  <Criteria>
   <Criterion id="15659330456318451386" value="13680621263374354932" comparison="0" type="guid"/>
   <Criterion id="15659330456318451410" comparison="0" value="13680621263384705664" fromResponse="1" type="guid"/>
   <Criterion id="15659330456318451477" value="13680621263374355619" comparison="0" type="guid"/>
  </Criteria>
 </ResponseRule>
 <ResponseSet id="13680621263384705720">
  <Response dialog="13680621263374355183" id="13680621263384705721" cooldown="0" weight="1" oneshot="0" completeConversation="0" delay="0" targetType="2" targetId="11824555372635796966" speakerTrackMethod="1" targetTrackMethod="0"/>
 </ResponseSet>
 <ResponseRule id="13680621263384705937" name="" cooldown="" response="13680621263384705938">
  <Criteria>
   <Criterion id="15659330456318451386" value="13680621263353786218" comparison="0" type="guid"/>
   <Criterion id="15659330456318451410" comparison="0" value="13680621263384705721" fromResponse="1" type="guid"/>
   <Criterion id="15659330456318451477" value="11824555372635796966" comparison="0" type="guid"/>
  </Criteria>
 </ResponseRule>
 <ResponseSet id="13680621263384705938">
  <Response dialog="13680621263374355249" id="13680621263384705939" cooldown="0" weight="1" oneshot="0" completeConversation="0" delay="0.5" targetType="2" targetId="13680621263374355619" speakerTrackMethod="1" targetTrackMethod="0"/>
 </ResponseSet>
 <ResponseRule id="13680621263384705945" name="" cooldown="" response="13680621263384705946">
  <Criteria>
   <Criterion id="15659330456318451386" value="13680621263365953228" comparison="0" type="guid"/>
   <Criterion id="15659330456318451410" comparison="0" value="13680621263384705939" fromResponse="1" type="guid"/>
   <Criterion id="15659330456318451477" value="11824555372635636731" comparison="0" type="guid"/>
  </Criteria>
 </ResponseRule>
 <ResponseSet id="13680621263384705946">
  <Response dialog="13680621263374355356" id="13680621263384705947" cooldown="0" weight="1" oneshot="0" completeConversation="0" delay="0.25" targetType="2" targetId="11824555372635796966" speakerTrackMethod="1" targetTrackMethod="0"/>
 </ResponseSet>
 <ResponseRule id="13680621263384705964" name="" cooldown="" response="13680621263384705965">
  <Criteria>
   <Criterion id="15659330456318451386" value="13680621263365953228" comparison="0" type="guid"/>
   <Criterion id="15659330456318451410" comparison="0" value="13680621263384705947" fromResponse="1" type="guid"/>
   <Criterion id="15659330456318451477" value="11824555372635636731" comparison="0" type="guid"/>
  </Criteria>
 </ResponseRule>
 <ResponseSet id="13680621263384705965">
  <Response dialog="13680621263374355409" id="13680621263384705966" cooldown="0" weight="1" oneshot="0" completeConversation="0" delay="0.25" targetType="2" targetId="11824555372635796966" speakerTrackMethod="1" targetTrackMethod="0"/>
 </ResponseSet>
 <ResponseRule id="13680621263384705974" name="" cooldown="" response="13680621263384705975">
  <Criteria>
   <Criterion id="15659330456318451386" value="13680621263358634945" comparison="6" type="guid"/>
   <Criterion id="15659330456318451410" comparison="0" value="13680621263384705966" fromResponse="1" type="guid"/>
   <Criterion id="15659330456318451477" value="1713490239389131093" comparison="0" type="guid"/>
  </Criteria>
 </ResponseRule>
 <ResponseSet id="13680621263384705975">
  <Response dialog="13680621263374355539" id="13680621263384705976" cooldown="0" weight="1" oneshot="0" completeConversation="0" delay=".5" targetType="2" targetId="11824555372635636731" speakerTrackMethod="1" targetTrackMethod="0"/>
 </ResponseSet>
 <ResponseRule id="13680621263384705983" name="" cooldown="" response="13680621263384705984">
  <Criteria>
   <Criterion id="15659330456318451386" value="13680621263358634945" comparison="6" type="guid"/>
   <Criterion id="15659330456318451410" comparison="0" value="13680621263384705976" fromResponse="1" type="guid"/>
   <Criterion id="15659330456318451477" value="1713490239389131093" comparison="0" type="guid"/>
  </Criteria>
 </ResponseRule>
 <ResponseSet id="13680621263384705984">
  <Response dialog="13680621263384705861" id="13680621263384705985" cooldown="0" weight="1" oneshot="0" completeConversation="1" delay="1" targetType="2" targetId="11824555372635636731" speakerTrackMethod="1" targetTrackMethod="0"/>
 </ResponseSet>
</ResponseRules>