<LevelData SandboxVersion="3.7.0.179">
 <LevelInfo CreationDate="08/01/18" Name="Exterior" HeightmapSize="400" HeightmapUnitSize="2" HeightmapMaxHeight="1024" WaterLevel="-1000000" TerrainSectorSizeInMeters="64"/>
 <SurfaceTypes>
  <SurfaceType Name="Materials/material_terrain_default" SurfaceTypeID="0" DetailTexture="" DetailScaleX="1" DetailScaleY="1" DetailMaterial="Materials/material_terrain_default" ProjectAxis="2" Bumpmap="" ProjAxis="Z"/>
 </SurfaceTypes>
 <CollisionClasses>
  <CollisionClass type="0" ignore="0"/>
  <CollisionClass type="4194304" ignore="0"/>
  <CollisionClass type="0" ignore="4294967295"/>
 </CollisionClasses>
 <Layers>
  <Layer Name="Exterior_Scripting" Parent="" Id="1" Specs="-1" DefaultLoaded="1"/>
  <Layer Name="Exterior_PowerSource_Geo" Parent="" Id="2" Specs="-1"/>
  <Layer Name="CargoBay_Cave_Scripting" Parent="" Id="3" Specs="-1" LoadTokenId="412351937" LoadTokenValue="1"/>
  <Layer Name="Exterior_SideQuests" Parent="" Id="4" Specs="-1"/>
  <Layer Name="Exterior_Decals" Parent="" Id="5" Specs="-1"/>
  <Layer Name="Exterior_Coral_Phase3" Parent="" Id="6" Specs="-1" LoadTokenId="1570678163" LoadTokenValue="3"/>
  <Layer Name="Prototype_ExteriorHallway" Parent="" Id="7" Specs="-1"/>
  <Layer Name="CargoBay_Cave_CaptureVolumeObjects" Parent="" Id="8" Specs="-1" LoadTokenId="412351937" LoadTokenValue="1"/>
  <Layer Name="CargoBay_Cave" Parent="" Id="9" Specs="-1" LoadTokenId="412351937" LoadTokenValue="1"/>
  <Layer Name="Exterior_AI_Stage3" Parent="Exterior_AI" Id="10" Specs="-1"/>
  <Layer Name="Ark_MetricCameras" Parent="" Id="11" Specs="-1"/>
  <Layer Name="Exterior_CargoBay_Geo" Parent="" Id="12" Specs="-1"/>
  <Layer Name="PowerSource_Cave" Parent="" Id="13" Specs="-1"/>
  <Layer Name="FX_General" Parent="" Id="14" Specs="-1"/>
  <Layer Name="Exterior_Greybox" Parent="" Id="15" Specs="-1" DefaultLoaded="1"/>
  <Layer Name="Exterior_GUTS_geo" Parent="" Id="16" Specs="-1"/>
  <Layer Name="Exterior_Lobby_Geo" Parent="" Id="17" Specs="-1"/>
  <Layer Name="Exterior_Bridge_Geo" Parent="" Id="18" Specs="-1"/>
  <Layer Name="Exterior_Tutorial" Parent="" Id="19" Specs="-1"/>
  <Layer Name="Exterior_Prototype_Geo" Parent="" Id="20" Specs="-1"/>
  <Layer Name="Exterior_AI_Stage2" Parent="Exterior_AI" Id="21" Specs="-1"/>
  <Layer Name="Exterior_ShuttleBay_Scripting" Parent="" Id="22" Specs="-1"/>
  <Layer Name="Exterior_AI" Parent="" Id="23" Specs="-1"/>
  <Layer Name="Exterior_AI_Stage1" Parent="Exterior_AI" Id="24" Specs="-1"/>
  <Layer Name="Exterior_Hardware_Geo" Parent="" Id="25" Specs="-1"/>
  <Layer Name="Exterior_Arboretum_Geo" Parent="" Id="26" Specs="-1"/>
  <Layer Name="Prototype_ExteriorLabs" Parent="" Id="27" Specs="-1"/>
  <Layer Name="Exterior_CargoBay_NoCave" Parent="" Id="28" Specs="-1" LoadTokenId="412351937" LoadTokenValue="0"/>
  <Layer Name="Exterior_Lighting_Backup" Parent="" Id="29" Specs="-1"/>
  <Layer Name="Exterior_Coral_Phase4" Parent="" Id="30" Specs="-1" LoadTokenId="1570678163" LoadTokenValue="4"/>
  <Layer Name="Exterior_SimLabs_Geo" Parent="" Id="31" Specs="-1" DefaultLoaded="1"/>
  <Layer Name="Exterior_ShuttleBay_Geo" Parent="" Id="32" Specs="-1" DefaultLoaded="1"/>
  <Layer Name="Exterior_DisgruntledEmployee" Parent="" Id="33" Specs="-1"/>
  <Layer Name="Exterior_ShadowShells" Parent="" Id="34" Specs="-1"/>
  <Layer Name="Exterior_DeepStorage_Geo" Parent="" Id="35" Specs="-1"/>
  <Layer Name="Exterior_MainTower_Geo" Parent="" Id="36" Specs="-1"/>
  <Layer Name="PowerSource_CaveScripting" Parent="" Id="37" Specs="-1"/>
  <Layer Name="Exterior_Psychotronics_Geo" Parent="" Id="38" Specs="-1"/>
  <Layer Name="Exterior_Lighting" Parent="" Id="39" Specs="-1"/>
  <Layer Name="CrewFacilities_CaveA" Parent="" Id="40" Specs="-1" DefaultLoaded="1"/>
  <Layer Name="Exterior_Distractions" Parent="" Id="41" Specs="-1"/>
  <Layer Name="Exterior_Sq_TechOfficer" Parent="Exterior_TechOfficer" Id="42" Specs="-1"/>
  <Layer Name="Exterior_Audio" Parent="" Id="43" Specs="-1" DefaultLoaded="1"/>
  <Layer Name="Exterior_VisArea" Parent="" Id="44" Specs="-1"/>
  <Layer Name="Backup_Arch" Parent="Occluder_DesignMeshes" Id="45" Specs="-1" Physics="0"/>
  <Layer Name="Occluder_DesignMeshes" Parent="" Id="46" Specs="-1"/>
  <Layer Name="Exterior_LevelLODs" Parent="" Id="47" Specs="-1" Physics="0"/>
  <Layer Name="Exterior_TechOfficer" Parent="" Id="48" Specs="-1"/>
  <Layer Name="Exterior_Vista_Geo" Parent="" Id="49" Specs="-1"/>
  <Layer Name="Exterior_scripting_CoralScanning" Parent="" Id="50" Specs="-1"/>
  <Layer Name="Exterior_CrewFacilities_Geo" Parent="" Id="51" Specs="-1"/>
 </Layers>
 <Vegetation />
 <MaterialsLibrary>
  <Library Name="Level"/>
 </MaterialsLibrary>
 <ParticlesLibrary>
  <Library Name="LevelShared"/>
  <Library Name="Interactables"/>
  <Library Name="MaterialEffects"/>
  <Library Name="LevelSpecific"/>
  <Library Name="Characters"/>
  <Library Name="Screen"/>
  <Library Name="PlayerWeapons"/>
 </ParticlesLibrary>
 <GameTokensLibraryReferences>
  <Library Name="GT_Global"/>
  <Library Name="GT_GameTime"/>
  <Library Name="GT_GlobalStrings"/>
 </GameTokensLibraryReferences>
</LevelData>
