<EntitySerialization>
 <Entity id="1"/>
 <Entity id="2"/>
 <Entity id="3"/>
 <Entity id="4"/>
 <Entity id="5"/>
 <Entity id="6"/>
 <Entity id="7"/>
 <Entity id="8"/>
 <Entity id="9"/>
 <Entity id="10"/>
 <Entity id="11"/>
 <Entity id="12"/>
 <Entity id="13"/>
 <Entity id="14"/>
 <Entity id="15"/>
 <Entity id="16"/>
 <Entity id="17"/>
 <Entity id="18"/>
 <Entity id="19"/>
 <Entity id="20"/>
 <Entity id="21"/>
 <Entity id="22"/>
 <Entity id="23"/>
 <Entity id="24"/>
 <Entity id="25"/>
 <Entity id="26"/>
 <Entity id="27"/>
 <Entity id="28"/>
 <Entity id="29"/>
 <Entity id="30"/>
 <Entity id="31"/>
 <Entity id="32"/>
 <Entity id="33"/>
 <Entity id="34"/>
 <Entity id="35"/>
 <Entity id="36"/>
 <Entity id="37"/>
 <Entity id="38"/>
 <Entity id="39"/>
 <Entity id="40"/>
 <Entity id="41"/>
 <Entity id="42"/>
 <Entity id="43"/>
 <Entity id="44"/>
 <Entity id="45"/>
 <Entity id="46"/>
 <Entity id="47"/>
 <Entity id="48"/>
 <Entity id="49"/>
 <Entity id="50"/>
 <Entity id="51"/>
 <Entity id="52"/>
 <Entity id="53"/>
 <Entity id="54"/>
 <Entity id="55"/>
 <Entity id="56"/>
 <Entity id="57"/>
 <Entity id="58"/>
 <Entity id="59"/>
 <Entity id="60"/>
 <Entity id="61"/>
 <Entity id="62"/>
 <Entity id="63"/>
 <Entity id="64"/>
 <Entity id="65"/>
 <Entity id="66"/>
 <Entity id="67"/>
 <Entity id="68"/>
 <Entity id="69"/>
 <Entity id="70"/>
 <Entity id="71"/>
 <Entity id="72"/>
 <Entity id="73"/>
 <Entity id="74"/>
 <Entity id="75"/>
 <Entity id="76"/>
 <Entity id="87"/>
 <Entity id="88"/>
 <Entity id="89"/>
 <Entity id="90"/>
 <Entity id="91"/>
 <Entity id="92"/>
 <Entity id="93"/>
 <Entity id="94"/>
 <Entity id="95"/>
 <Entity id="96"/>
 <Entity id="97"/>
 <Entity id="98"/>
 <Entity id="99"/>
 <Entity id="100"/>
 <Entity id="101"/>
 <Entity id="102"/>
 <Entity id="103"/>
 <Entity id="104"/>
 <Entity id="106"/>
 <Entity id="108"/>
 <Entity id="109"/>
 <Entity id="112"/>
 <Entity id="113"/>
 <Entity id="114"/>
 <Entity id="115"/>
 <Entity id="116"/>
 <Entity id="118"/>
 <Entity id="119"/>
 <Entity id="120"/>
 <Entity id="121"/>
 <Entity id="122"/>
 <Entity id="123"/>
 <Entity id="124"/>
 <Entity id="125"/>
 <Entity id="126"/>
 <Entity id="127"/>
 <Entity id="128"/>
 <Entity id="129"/>
 <Entity id="130"/>
 <Entity id="132"/>
 <Entity id="133"/>
 <Entity id="134"/>
 <Entity id="137"/>
 <Entity id="139"/>
 <Entity id="140"/>
 <Entity id="141"/>
 <Entity id="142"/>
 <Entity id="143"/>
 <Entity id="144"/>
 <Entity id="146"/>
 <Entity id="147"/>
 <Entity id="148"/>
 <Entity id="149"/>
 <Entity id="150"/>
 <Entity id="152"/>
 <Entity id="154"/>
 <Entity id="155"/>
 <Entity id="156"/>
 <Entity id="157"/>
 <Entity id="158"/>
 <Entity id="159"/>
 <Entity id="160"/>
 <Entity id="163"/>
 <Entity id="164"/>
 <Entity id="165"/>
 <Entity id="167"/>
 <Entity id="168"/>
 <Entity id="169"/>
 <Entity id="170"/>
 <Entity id="172"/>
 <Entity id="174"/>
 <Entity id="175"/>
 <Entity id="177"/>
 <Entity id="178"/>
 <Entity id="180"/>
 <Entity id="181"/>
 <Entity id="182"/>
 <Entity id="183"/>
 <Entity id="184"/>
 <Entity id="185"/>
 <Entity id="186"/>
 <Entity id="188"/>
 <Entity id="192"/>
 <Entity id="195"/>
 <Entity id="197"/>
 <Entity id="199"/>
 <Entity id="206"/>
 <Entity id="207"/>
 <Entity id="209"/>
 <Entity id="210"/>
 <Entity id="211"/>
 <Entity id="212"/>
 <Entity id="214"/>
 <Entity id="215"/>
 <Entity id="216"/>
 <Entity id="217"/>
 <Entity id="219"/>
 <Entity id="223"/>
 <Entity id="224"/>
 <Entity id="226"/>
 <Entity id="227"/>
 <Entity id="233"/>
 <Entity id="234"/>
 <Entity id="237"/>
 <Entity id="238"/>
 <Entity id="239"/>
 <Entity id="241"/>
 <Entity id="242"/>
 <Entity id="244"/>
 <Entity id="245"/>
 <Entity id="247"/>
 <Entity id="248"/>
 <Entity id="251"/>
 <Entity id="252"/>
 <Entity id="254"/>
 <Entity id="255"/>
 <Entity id="256"/>
 <Entity id="257"/>
 <Entity id="258"/>
 <Entity id="259"/>
 <Entity id="260"/>
 <Entity id="261"/>
 <Entity id="262"/>
 <Entity id="263"/>
 <Entity id="264"/>
 <Entity id="265"/>
 <Entity id="266"/>
 <Entity id="267"/>
 <Entity id="271"/>
 <Entity id="272"/>
 <Entity id="274"/>
 <Entity id="276"/>
 <Entity id="277"/>
 <Entity id="280"/>
 <Entity id="282"/>
 <Entity id="284"/>
 <Entity id="285"/>
 <Entity id="289"/>
 <Entity id="291"/>
 <Entity id="292"/>
 <Entity id="295"/>
 <Entity id="296"/>
 <Entity id="297"/>
 <Entity id="300"/>
 <Entity id="304"/>
 <Entity id="307"/>
 <Entity id="310"/>
 <Entity id="311"/>
 <Entity id="314"/>
 <Entity id="316"/>
 <Entity id="318"/>
 <Entity id="319"/>
 <Entity id="320"/>
 <Entity id="321"/>
 <Entity id="322"/>
 <Entity id="323"/>
 <Entity id="325"/>
 <Entity id="326"/>
 <Entity id="327"/>
 <Entity id="329"/>
 <Entity id="330"/>
 <Entity id="331"/>
 <Entity id="332"/>
 <Entity id="335"/>
 <Entity id="336"/>
 <Entity id="338"/>
 <Entity id="340"/>
 <Entity id="341"/>
 <Entity id="342"/>
 <Entity id="343"/>
 <Entity id="345"/>
 <Entity id="347"/>
 <Entity id="348"/>
 <Entity id="349"/>
 <Entity id="352"/>
 <Entity id="355"/>
 <Entity id="362"/>
 <Entity id="363"/>
 <Entity id="364"/>
 <Entity id="366"/>
 <Entity id="368"/>
 <Entity id="369"/>
 <Entity id="370"/>
 <Entity id="371"/>
 <Entity id="372"/>
 <Entity id="375"/>
 <Entity id="376"/>
 <Entity id="377"/>
 <Entity id="381"/>
 <Entity id="383"/>
 <Entity id="385"/>
 <Entity id="388"/>
 <Entity id="390"/>
 <Entity id="392"/>
 <Entity id="394"/>
 <Entity id="397"/>
 <Entity id="401"/>
 <Entity id="402"/>
 <Entity id="404"/>
 <Entity id="405"/>
 <Entity id="407"/>
 <Entity id="410"/>
 <Entity id="412"/>
 <Entity id="413"/>
 <Entity id="414"/>
 <Entity id="416"/>
 <Entity id="417"/>
 <Entity id="418"/>
 <Entity id="419"/>
 <Entity id="421"/>
 <Entity id="423"/>
 <Entity id="424"/>
 <Entity id="426"/>
 <Entity id="427"/>
 <Entity id="430"/>
 <Entity id="432"/>
 <Entity id="433"/>
 <Entity id="434"/>
 <Entity id="435"/>
 <Entity id="436"/>
 <Entity id="437"/>
 <Entity id="439"/>
 <Entity id="440"/>
 <Entity id="443"/>
 <Entity id="445"/>
 <Entity id="447"/>
 <Entity id="450"/>
 <Entity id="451"/>
 <Entity id="452"/>
 <Entity id="453"/>
 <Entity id="454"/>
 <Entity id="455"/>
 <Entity id="456"/>
 <Entity id="460"/>
 <Entity id="462"/>
 <Entity id="463"/>
 <Entity id="464"/>
 <Entity id="465"/>
 <Entity id="467"/>
 <Entity id="468"/>
 <Entity id="469"/>
 <Entity id="470"/>
 <Entity id="471"/>
 <Entity id="474"/>
 <Entity id="475"/>
 <Entity id="477"/>
 <Entity id="479"/>
 <Entity id="481"/>
 <Entity id="482"/>
 <Entity id="483"/>
 <Entity id="484"/>
 <Entity id="486"/>
 <Entity id="488"/>
 <Entity id="489"/>
 <Entity id="490"/>
 <Entity id="491"/>
 <Entity id="493"/>
 <Entity id="494"/>
 <Entity id="495"/>
 <Entity id="496"/>
 <Entity id="498"/>
 <Entity id="501"/>
 <Entity id="504"/>
 <Entity id="506"/>
 <Entity id="507"/>
 <Entity id="508"/>
 <Entity id="511"/>
 <Entity id="512"/>
 <Entity id="513"/>
 <Entity id="514"/>
 <Entity id="515"/>
 <Entity id="517"/>
 <Entity id="518"/>
 <Entity id="522"/>
 <Entity id="524"/>
 <Entity id="525"/>
 <Entity id="526"/>
 <Entity id="527"/>
 <Entity id="528"/>
 <Entity id="529"/>
 <Entity id="532"/>
 <Entity id="534"/>
 <Entity id="536"/>
 <Entity id="539"/>
 <Entity id="540"/>
 <Entity id="541"/>
 <Entity id="542"/>
 <Entity id="543"/>
 <Entity id="546"/>
 <Entity id="551"/>
 <Entity id="552"/>
 <Entity id="553"/>
 <Entity id="555"/>
 <Entity id="556"/>
 <Entity id="557"/>
 <Entity id="563"/>
 <Entity id="567"/>
 <Entity id="571"/>
 <Entity id="572"/>
 <Entity id="574"/>
 <Entity id="577"/>
 <Entity id="579"/>
 <Entity id="580"/>
 <Entity id="581"/>
 <Entity id="583"/>
 <Entity id="584"/>
 <Entity id="586"/>
 <Entity id="587"/>
 <Entity id="588"/>
 <Entity id="589"/>
 <Entity id="591"/>
 <Entity id="592"/>
 <Entity id="593"/>
 <Entity id="594"/>
 <Entity id="595"/>
 <Entity id="597"/>
 <Entity id="598"/>
 <Entity id="599"/>
 <Entity id="600"/>
 <Entity id="603"/>
 <Entity id="604"/>
 <Entity id="605"/>
 <Entity id="606"/>
 <Entity id="607"/>
 <Entity id="608"/>
 <Entity id="609"/>
 <Entity id="610"/>
 <Entity id="611"/>
 <Entity id="612"/>
 <Entity id="613"/>
 <Entity id="614"/>
 <Entity id="615"/>
 <Entity id="618"/>
 <Entity id="619"/>
 <Entity id="620"/>
 <Entity id="622"/>
 <Entity id="623"/>
 <Entity id="624"/>
 <Entity id="625"/>
 <Entity id="626"/>
 <Entity id="627"/>
 <Entity id="628"/>
 <Entity id="629"/>
 <Entity id="630"/>
 <Entity id="631"/>
 <Entity id="632"/>
 <Entity id="633"/>
 <Entity id="634"/>
 <Entity id="635"/>
 <Entity id="636"/>
 <Entity id="637"/>
 <Entity id="638"/>
 <Entity id="639"/>
 <Entity id="640"/>
 <Entity id="641"/>
 <Entity id="642"/>
 <Entity id="643"/>
 <Entity id="644"/>
 <Entity id="645"/>
 <Entity id="646"/>
 <Entity id="647"/>
 <Entity id="648"/>
 <Entity id="649"/>
 <Entity id="650"/>
 <Entity id="651"/>
 <Entity id="652"/>
 <Entity id="653"/>
 <Entity id="654"/>
 <Entity id="655"/>
 <Entity id="656"/>
 <Entity id="657"/>
 <Entity id="658"/>
 <Entity id="659"/>
 <Entity id="660"/>
 <Entity id="661"/>
 <Entity id="662"/>
 <Entity id="663"/>
 <Entity id="664"/>
 <Entity id="665"/>
 <Entity id="666"/>
 <Entity id="667"/>
 <Entity id="668"/>
 <Entity id="670"/>
 <Entity id="671"/>
 <Entity id="673"/>
 <Entity id="674"/>
 <Entity id="676"/>
 <Entity id="677"/>
 <Entity id="678"/>
 <Entity id="679"/>
 <Entity id="680"/>
 <Entity id="681"/>
 <Entity id="682"/>
 <Entity id="683"/>
 <Entity id="684"/>
 <Entity id="685"/>
 <Entity id="690"/>
 <Entity id="691"/>
 <Entity id="692"/>
 <Entity id="693"/>
 <Entity id="694"/>
 <Entity id="712"/>
 <Entity id="713"/>
 <Entity id="715"/>
 <Entity id="716"/>
 <Entity id="717"/>
 <Entity id="718"/>
 <Entity id="719"/>
 <Entity id="720"/>
 <Entity id="722"/>
 <Entity id="723"/>
 <Entity id="724"/>
 <Entity id="725"/>
 <Entity id="726"/>
 <Entity id="733"/>
 <Entity id="737"/>
 <Entity id="738"/>
 <Entity id="747"/>
 <Entity id="750"/>
 <Entity id="752"/>
 <Entity id="753"/>
 <Entity id="756"/>
 <Entity id="757"/>
 <Entity id="759"/>
 <Entity id="762"/>
 <Entity id="763"/>
 <Entity id="764"/>
 <Entity id="765"/>
 <Entity id="766"/>
 <Entity id="767"/>
 <Entity id="768"/>
 <Entity id="769"/>
 <Entity id="770"/>
 <Entity id="771"/>
 <Entity id="772"/>
 <Entity id="773"/>
 <Entity id="774"/>
 <Entity id="775"/>
 <Entity id="776"/>
 <Entity id="777"/>
 <Entity id="778"/>
 <Entity id="779"/>
 <Entity id="780"/>
 <Entity id="781"/>
 <Entity id="782"/>
 <Entity id="783"/>
 <Entity id="784"/>
 <Entity id="785"/>
 <Entity id="786"/>
 <Entity id="787"/>
 <Entity id="788"/>
 <Entity id="790"/>
 <Entity id="791"/>
 <Entity id="792"/>
 <Entity id="793"/>
 <Entity id="794"/>
 <Entity id="795"/>
 <Entity id="796"/>
 <Entity id="798"/>
 <Entity id="799"/>
 <Entity id="800"/>
 <Entity id="801"/>
 <Entity id="802"/>
 <Entity id="803"/>
 <Entity id="804"/>
 <Entity id="807"/>
 <Entity id="808"/>
 <Entity id="809"/>
 <Entity id="810"/>
 <Entity id="811"/>
 <Entity id="812"/>
 <Entity id="813"/>
 <Entity id="814"/>
 <Entity id="815"/>
 <Entity id="816"/>
 <Entity id="817"/>
 <Entity id="818"/>
 <Entity id="819"/>
 <Entity id="820"/>
 <Entity id="821"/>
 <Entity id="822"/>
 <Entity id="823"/>
 <Entity id="824"/>
 <Entity id="825"/>
 <Entity id="826"/>
 <Entity id="827"/>
 <Entity id="828"/>
 <Entity id="829"/>
 <Entity id="830"/>
 <Entity id="831"/>
 <Entity id="832"/>
 <Entity id="833"/>
 <Entity id="834"/>
 <Entity id="848"/>
 <Entity id="851"/>
 <Entity id="861"/>
 <Entity id="862"/>
 <Entity id="863"/>
 <Entity id="872"/>
 <Entity id="879"/>
 <Entity id="880"/>
 <Entity id="881"/>
 <Entity id="885"/>
 <Entity id="889"/>
 <Entity id="893"/>
 <Entity id="900"/>
 <Entity id="905"/>
 <Entity id="906"/>
 <Entity id="907"/>
 <Entity id="909"/>
 <Entity id="914"/>
 <Entity id="917"/>
 <Entity id="918"/>
 <Entity id="924"/>
 <Entity id="926"/>
 <Entity id="935"/>
 <Entity id="937"/>
 <Entity id="947"/>
 <Entity id="948"/>
 <Entity id="949"/>
 <Entity id="950"/>
 <Entity id="957"/>
 <Entity id="958"/>
 <Entity id="966"/>
 <Entity id="967"/>
 <Entity id="970"/>
 <Entity id="973"/>
 <Entity id="981"/>
 <Entity id="982"/>
 <Entity id="983"/>
 <Entity id="984"/>
 <Entity id="985"/>
 <Entity id="986"/>
 <Entity id="987"/>
 <Entity id="988"/>
 <Entity id="990"/>
 <Entity id="991"/>
 <Entity id="995"/>
 <Entity id="996"/>
 <Entity id="999"/>
 <Entity id="1000"/>
 <Entity id="1005"/>
 <Entity id="1012"/>
 <Entity id="1013"/>
 <Entity id="1014"/>
 <Entity id="1015"/>
 <Entity id="1017"/>
 <Entity id="1020"/>
 <Entity id="1021"/>
 <Entity id="1022"/>
 <Entity id="1023"/>
 <Entity id="1024"/>
 <Entity id="1026"/>
 <Entity id="1028"/>
 <Entity id="1029"/>
 <Entity id="1030"/>
 <Entity id="1031"/>
 <Entity id="1033"/>
 <Entity id="1035"/>
 <Entity id="1036"/>
 <Entity id="1038"/>
 <Entity id="1039"/>
 <Entity id="1040"/>
 <Entity id="1041"/>
 <Entity id="1043"/>
 <Entity id="1044"/>
 <Entity id="1045"/>
 <Entity id="1046"/>
 <Entity id="1059"/>
 <Entity id="1061"/>
 <Entity id="1062"/>
 <Entity id="1063"/>
 <Entity id="1064"/>
 <Entity id="1065"/>
 <Entity id="1066"/>
 <Entity id="1067"/>
 <Entity id="1068"/>
 <Entity id="1069"/>
 <Entity id="1070"/>
 <Entity id="1071"/>
 <Entity id="1072"/>
 <Entity id="1073"/>
 <Entity id="1074"/>
 <Entity id="1075"/>
 <Entity id="1076"/>
 <Entity id="1077"/>
 <Entity id="1078"/>
 <Entity id="1079"/>
 <Entity id="1080"/>
 <Entity id="1081"/>
 <Entity id="1082"/>
 <Entity id="1083"/>
 <Entity id="1084"/>
 <Entity id="1085"/>
 <Entity id="1086"/>
 <Entity id="1087"/>
 <Entity id="1088"/>
 <Entity id="1089"/>
 <Entity id="1090"/>
 <Entity id="1091"/>
 <Entity id="1092"/>
 <Entity id="1093"/>
 <Entity id="1094"/>
 <Entity id="1095"/>
 <Entity id="1096"/>
 <Entity id="1097"/>
 <Entity id="1098"/>
 <Entity id="1099"/>
 <Entity id="1100"/>
 <Entity id="1101"/>
 <Entity id="1102"/>
 <Entity id="1103"/>
 <Entity id="1104"/>
 <Entity id="1105"/>
 <Entity id="1106"/>
 <Entity id="1107"/>
 <Entity id="1108"/>
 <Entity id="1109"/>
 <Entity id="1110"/>
 <Entity id="1111"/>
 <Entity id="1115"/>
 <Entity id="1116"/>
 <Entity id="1117"/>
 <Entity id="1121"/>
 <Entity id="1128"/>
 <Entity id="1129"/>
 <Entity id="1131"/>
 <Entity id="1137"/>
 <Entity id="1140"/>
 <Entity id="1147"/>
 <Entity id="1149"/>
 <Entity id="1151"/>
 <Entity id="1218"/>
 <Entity id="1292"/>
 <Entity id="1316"/>
 <Entity id="1328"/>
 <Entity id="1349"/>
 <Entity id="1368"/>
 <Entity id="1395"/>
 <Entity id="1421"/>
 <Entity id="1437"/>
 <Entity id="1438"/>
 <Entity id="1439"/>
 <Entity id="1442"/>
 <Entity id="1443"/>
 <Entity id="1444"/>
 <Entity id="1447"/>
 <Entity id="1454"/>
 <Entity id="1456"/>
 <Entity id="1457"/>
 <Entity id="1458"/>
 <Entity id="1460"/>
 <Entity id="1461"/>
 <Entity id="1462"/>
 <Entity id="1464"/>
 <Entity id="1465"/>
 <Entity id="1467"/>
 <Entity id="1468"/>
 <Entity id="1472"/>
 <Entity id="1473"/>
 <Entity id="1474"/>
 <Entity id="1475"/>
 <Entity id="1476"/>
 <Entity id="1478"/>
 <Entity id="1485"/>
 <Entity id="1486"/>
 <Entity id="1489"/>
 <Entity id="1490"/>
 <Entity id="1492"/>
 <Entity id="1497"/>
 <Entity id="1498"/>
 <Entity id="1499"/>
 <Entity id="1500"/>
 <Entity id="1501"/>
 <Entity id="1506"/>
 <Entity id="1507"/>
 <Entity id="1508"/>
 <Entity id="1509"/>
 <Entity id="1513"/>
 <Entity id="1515"/>
 <Entity id="1518"/>
 <Entity id="1522"/>
 <Entity id="1523"/>
 <Entity id="1524"/>
 <Entity id="1525"/>
 <Entity id="1526"/>
 <Entity id="1528"/>
 <Entity id="1531"/>
 <Entity id="1532"/>
 <Entity id="1534"/>
 <Entity id="1539"/>
 <Entity id="1543"/>
 <Entity id="1550"/>
 <Entity id="1558"/>
 <Entity id="1559"/>
 <Entity id="1567"/>
 <Entity id="1571"/>
 <Entity id="1586"/>
 <Entity id="1588"/>
 <Entity id="1591"/>
 <Entity id="1595"/>
 <Entity id="1599"/>
 <Entity id="1601"/>
 <Entity id="1609"/>
 <Entity id="1610"/>
 <Entity id="1613"/>
 <Entity id="1615"/>
 <Entity id="1619"/>
 <Entity id="1623"/>
 <Entity id="1626"/>
 <Entity id="1635"/>
 <Entity id="1644"/>
 <Entity id="1649"/>
 <Entity id="1652"/>
 <Entity id="1653"/>
 <Entity id="1657"/>
 <Entity id="1658"/>
 <Entity id="1663"/>
 <Entity id="1664"/>
 <Entity id="1666"/>
 <Entity id="1667"/>
 <Entity id="1668"/>
 <Entity id="1674"/>
 <Entity id="1678"/>
 <Entity id="1680"/>
 <Entity id="1681"/>
 <Entity id="1682"/>
 <Entity id="1683"/>
 <Entity id="1685"/>
 <Entity id="1686"/>
 <Entity id="1687"/>
 <Entity id="1688"/>
 <Entity id="1689"/>
 <Entity id="1691"/>
 <Entity id="1692"/>
 <Entity id="1696"/>
 <Entity id="1697"/>
 <Entity id="1698"/>
 <Entity id="1700"/>
 <Entity id="1702"/>
 <Entity id="1703"/>
 <Entity id="1705"/>
 <Entity id="1706"/>
 <Entity id="1707"/>
 <Entity id="1708"/>
 <Entity id="1709"/>
 <Entity id="1710"/>
 <Entity id="1711"/>
 <Entity id="1712"/>
 <Entity id="1713"/>
 <Entity id="1714"/>
 <Entity id="1715"/>
 <Entity id="1717"/>
 <Entity id="1719"/>
 <Entity id="1720"/>
 <Entity id="1721"/>
 <Entity id="1722"/>
 <Entity id="1725"/>
 <Entity id="1726"/>
 <Entity id="1727"/>
 <Entity id="1728"/>
 <Entity id="1730"/>
 <Entity id="1731"/>
 <Entity id="1734"/>
 <Entity id="1737"/>
 <Entity id="1742"/>
 <Entity id="1749"/>
 <Entity id="1750"/>
 <Entity id="1751"/>
 <Entity id="1752"/>
 <Entity id="1764"/>
 <Entity id="1765"/>
 <Entity id="1768"/>
 <Entity id="1771"/>
 <Entity id="1773"/>
 <Entity id="1776"/>
 <Entity id="1778"/>
 <Entity id="1779"/>
 <Entity id="1780"/>
 <Entity id="1781"/>
 <Entity id="1783"/>
 <Entity id="1784"/>
 <Entity id="1785"/>
 <Entity id="1786"/>
 <Entity id="1790"/>
 <Entity id="1791"/>
 <Entity id="1793"/>
 <Entity id="1794"/>
 <Entity id="1796"/>
 <Entity id="1797"/>
 <Entity id="1798"/>
 <Entity id="1803"/>
 <Entity id="1805"/>
 <Entity id="1808"/>
 <Entity id="1810"/>
 <Entity id="1821"/>
 <Entity id="1829"/>
 <Entity id="1835"/>
 <Entity id="1837"/>
 <Entity id="1841"/>
 <Entity id="1845"/>
 <Entity id="1856"/>
 <Entity id="1858"/>
 <Entity id="1863"/>
 <Entity id="1864"/>
 <Entity id="1869"/>
 <Entity id="1874"/>
 <Entity id="1878"/>
 <Entity id="1883"/>
 <Entity id="1886"/>
 <Entity id="1888"/>
 <Entity id="1895"/>
 <Entity id="1901"/>
 <Entity id="1906"/>
 <Entity id="1914"/>
 <Entity id="1915"/>
 <Entity id="1917"/>
 <Entity id="1926"/>
 <Entity id="1927"/>
 <Entity id="1934"/>
 <Entity id="1951"/>
 <Entity id="1953"/>
 <Entity id="1957"/>
 <Entity id="1967"/>
 <Entity id="1970"/>
 <Entity id="1978"/>
 <Entity id="1981"/>
 <Entity id="1990"/>
 <Entity id="1995"/>
 <Entity id="1998"/>
 <Entity id="2011"/>
 <Entity id="2030"/>
 <Entity id="2033"/>
 <Entity id="2036"/>
 <Entity id="2050"/>
 <Entity id="2052"/>
 <Entity id="2057"/>
 <Entity id="2058"/>
 <Entity id="2063"/>
 <Entity id="2064"/>
 <Entity id="2066"/>
 <Entity id="2070"/>
 <Entity id="2078"/>
 <Entity id="2082"/>
 <Entity id="2083"/>
 <Entity id="2085"/>
 <Entity id="2088"/>
 <Entity id="2099"/>
 <Entity id="2106"/>
 <Entity id="2116"/>
 <Entity id="2117"/>
 <Entity id="2126"/>
 <Entity id="2130"/>
 <Entity id="2137"/>
 <Entity id="2139"/>
 <Entity id="2140"/>
 <Entity id="2141"/>
 <Entity id="2145"/>
 <Entity id="2150"/>
 <Entity id="2151"/>
 <Entity id="2161"/>
 <Entity id="2164"/>
 <Entity id="2166"/>
 <Entity id="2175"/>
 <Entity id="2178"/>
 <Entity id="2196"/>
 <Entity id="2198"/>
 <Entity id="2199"/>
 <Entity id="2200"/>
 <Entity id="2210"/>
 <Entity id="2214"/>
 <Entity id="2219"/>
 <Entity id="2225"/>
 <Entity id="2229"/>
 <Entity id="2231"/>
 <Entity id="2232"/>
 <Entity id="2234"/>
 <Entity id="2244"/>
 <Entity id="2247"/>
 <Entity id="2249"/>
 <Entity id="2257"/>
 <Entity id="2259"/>
 <Entity id="2263"/>
 <Entity id="2266"/>
 <Entity id="2267"/>
 <Entity id="2273"/>
 <Entity id="2275"/>
 <Entity id="2282"/>
 <Entity id="2283"/>
 <Entity id="2284"/>
 <Entity id="2285"/>
 <Entity id="2289"/>
 <Entity id="2298"/>
 <Entity id="2300"/>
 <Entity id="2303"/>
 <Entity id="2304"/>
 <Entity id="2307"/>
 <Entity id="2309"/>
 <Entity id="2313"/>
 <Entity id="2315"/>
 <Entity id="2317"/>
 <Entity id="2318"/>
 <Entity id="2325"/>
 <Entity id="2327"/>
 <Entity id="2336"/>
 <Entity id="2338"/>
 <Entity id="2339"/>
 <Entity id="2343"/>
 <Entity id="2347"/>
 <Entity id="2349"/>
 <Entity id="2350"/>
 <Entity id="2351"/>
 <Entity id="2356"/>
 <Entity id="2360"/>
 <Entity id="2361"/>
 <Entity id="2364"/>
 <Entity id="2365"/>
 <Entity id="2366"/>
 <Entity id="2376"/>
 <Entity id="2377"/>
 <Entity id="2378"/>
 <Entity id="2379"/>
 <Entity id="2380"/>
 <Entity id="2381"/>
 <Entity id="2383"/>
 <Entity id="2384"/>
 <Entity id="2386"/>
 <Entity id="2387"/>
 <Entity id="2390"/>
 <Entity id="2391"/>
 <Entity id="2392"/>
 <Entity id="2393"/>
 <Entity id="2394"/>
 <Entity id="2395"/>
 <Entity id="2396"/>
 <Entity id="2397"/>
 <Entity id="2398"/>
 <Entity id="2400"/>
 <Entity id="2401"/>
 <Entity id="2405"/>
 <Entity id="2410"/>
 <Entity id="2415"/>
 <Entity id="2424"/>
 <Entity id="2425"/>
 <Entity id="2442"/>
 <Entity id="2455"/>
 <Entity id="2487"/>
 <Entity id="2497"/>
 <Entity id="2514"/>
 <Entity id="2526"/>
 <Entity id="2533"/>
 <Entity id="2551"/>
 <Entity id="2558"/>
 <Entity id="2636"/>
 <Entity id="2640"/>
 <Entity id="2643"/>
 <Entity id="2650"/>
 <Entity id="2672"/>
 <Entity id="2674"/>
 <Entity id="2679"/>
 <Entity id="2682"/>
 <Entity id="2692"/>
 <Entity id="2693"/>
 <Entity id="2694"/>
 <Entity id="2695"/>
 <Entity id="2696"/>
 <Entity id="2702"/>
 <Entity id="2716"/>
 <Entity id="2730"/>
 <Entity id="2732"/>
 <Entity id="2735"/>
 <Entity id="2742"/>
 <Entity id="2752"/>
 <Entity id="2753"/>
 <Entity id="2755"/>
 <Entity id="2757"/>
 <Entity id="2758"/>
 <Entity id="2759"/>
 <Entity id="2760"/>
 <Entity id="2761"/>
 <Entity id="2762"/>
 <Entity id="2763"/>
 <Entity id="2764"/>
 <Entity id="2765"/>
 <Entity id="2766"/>
 <Entity id="2767"/>
 <Entity id="2768"/>
 <Entity id="2769"/>
 <Entity id="2770"/>
 <Entity id="2771"/>
 <Entity id="2772"/>
 <Entity id="2773"/>
 <Entity id="2774"/>
 <Entity id="2775"/>
 <Entity id="2776"/>
 <Entity id="2777"/>
 <Entity id="2778"/>
 <Entity id="2779"/>
 <Entity id="2780"/>
 <Entity id="2781"/>
 <Entity id="2782"/>
 <Entity id="2783"/>
 <Entity id="2784"/>
 <Entity id="2785"/>
 <Entity id="2786"/>
 <Entity id="2787"/>
 <Entity id="2788"/>
 <Entity id="2789"/>
 <Entity id="2790"/>
 <Entity id="2791"/>
 <Entity id="2792"/>
 <Entity id="2793"/>
 <Entity id="2794"/>
 <Entity id="2795"/>
 <Entity id="2796"/>
 <Entity id="2797"/>
 <Entity id="2798"/>
 <Entity id="2799"/>
 <Entity id="2800"/>
 <Entity id="2801"/>
 <Entity id="2803"/>
 <Entity id="2804"/>
 <Entity id="2805"/>
 <Entity id="2806"/>
 <Entity id="2807"/>
 <Entity id="2808"/>
 <Entity id="2809"/>
 <Entity id="2810"/>
 <Entity id="2811"/>
 <Entity id="2812"/>
 <Entity id="2813"/>
 <Entity id="2814"/>
 <Entity id="2815"/>
 <Entity id="2816"/>
 <Entity id="2817"/>
 <Entity id="2818"/>
 <Entity id="2819"/>
 <Entity id="2820"/>
 <Entity id="2821"/>
 <Entity id="2822"/>
 <Entity id="2823"/>
 <Entity id="2824"/>
 <Entity id="2825"/>
 <Entity id="2826"/>
 <Entity id="2827"/>
 <Entity id="2828"/>
 <Entity id="2829"/>
 <Entity id="2830"/>
 <Entity id="2831"/>
 <Entity id="2832"/>
</EntitySerialization>
