<GameTokensLibrary Name="Level" LevelName="gamesdk/levels/campaign/executive/arboretum">
 <GameToken Id="-1035762798" Name="Telelpath.TelepathIntroSpawned" Flags="4" Type="Bool" Value="false"/>
 <GameToken Id="-1101685399" Name="Telelpath.CorruptedHumansDown" Flags="4" Type="Bool" Value="false"/>
 <GameToken Id="-455103835" Name="AlexBunker.AlexHoldingKeyOutToPlayer" Flags="4" Type="Bool" Value="false"/>
 <GameToken Id="-882924501" Name="Telelpath.TelepathIntroDone" Flags="4" Type="Bool" Value="false"/>
 <GameToken Id="-372949553" Name="Telelpath.IntroHatchDoorOpened" Flags="4" Type="Bool" Value="false"/>
 <GameToken Id="-199061486" Name="Telelpath.PlayerInGreenhouse" Flags="4" Type="Bool" Value="false"/>
 <GameToken Id="-877174092" Name="Telelpath.GreenhouseUnlocked" Flags="4" Type="Bool" Value="false"/>
 <GameToken Id="-1614782822" Name="GardeningTips.SuperFruit1Spawned" Flags="4" Type="Bool" Value="false"/>
 <GameToken Id="-1857070727" Name="GardeningTips.SuperFruit2Spawned" Flags="4" Type="Bool" Value="false"/>
 <GameToken Id="-14014093" Name="VoiceLock.PlayerNearVoiceLock" Flags="4" Type="Bool" Value="false"/>
 <GameToken Id="-679934856" Name="Dahl_Bots.DahlBot1_ReachedBunker" Flags="4" Type="Bool" Value="false"/>
 <GameToken Id="-972788223" Name="Dahl_Bots.DahlBot2_ReachedBunker" Flags="4" Type="Bool" Value="false"/>
 <GameToken Id="-18967" Name="Dahl_Bots.DahlBot3_ReachedBunker" Flags="4" Type="Bool" Value="false"/>
 <GameToken Id="-1882956757" Name="LookingGlass.AlexLookingGlassBroken" Flags="4" Type="Bool" Value="false"/>
 <GameToken Id="-813104366" Name="EscapePod.EscapePodDoorOpen" Flags="4" Type="Bool" Value="false"/>
 <GameToken Id="-224740733" Name="DahlToBunker.DahlHackedAlexGravShaft" Flags="4" Type="Bool" Value="false"/>
 <GameToken Id="-102293830" Name="DahlToBunker.DahlWentUpGravShaft" Flags="4" Type="Bool" Value="false"/>
 <GameToken Id="-856862470" Name="AlexBunker.AlexWalkingToRailing" Flags="4" Type="Bool" Value="false"/>
 <GameToken Id="-1262284661" Name="AlexBunker.AlexTrackviewsAborted" Flags="4" Type="Bool" Value="false"/>
 <GameToken Id="-1539861160" Name="AlexBunker.PlayerInsideAlexFinalConvoArea" Flags="4" Type="Bool" Value="false"/>
 <GameToken Id="-1635040643" Name="GardeningTips.SuperFruit1Scale" Flags="4" Type="Float" Value="0.000000"/>
 <GameToken Id="-1742786349" Name="GardeningTips.SuperFruit2Scale" Flags="4" Type="Int" Value="0"/>
 <GameToken Id="-1769483866" Name="GardeningTips.SuperFruit1_Growing" Flags="4" Type="Bool" Value="false"/>
 <GameToken Id="-1358238365" Name="GardeningTips.SuperFruit2_Growing" Flags="4" Type="Bool" Value="false"/>
 <GameToken Id="-1577579903" Name="GardeningTips.UsedGrowthPellet" Flags="4" Type="Bool" Value="false"/>
 <GameToken Id="-749575122" Name="GardeningTips.UsedSprinklers" Flags="4" Type="Bool" Value="false"/>
 <GameToken Id="-736829348" Name="GardeningTips.SuperFruitEaten" Flags="4" Type="Bool" Value="false"/>
 <GameToken Id="-1046889601" Name="Telelpath.TelepathInGreenhouse" Flags="4" Type="Bool" Value="false"/>
 <GameToken Id="-1271496608" Name="AlexBunker.PlayerNearAlexAtBunker" Flags="4" Type="Bool" Value="false"/>
 <GameToken Id="-918313477" Name="AlexOffice.HasScanCoralChipset" Flags="4" Type="Bool" Value="false"/>
 <GameToken Id="-1314184078" Name="AlexBunker.CarryingAlex" Flags="4" Type="Bool" Value="false"/>
 <GameToken Id="-659561065" Name="DahlToBunker.CarryingDahl" Flags="4" Type="Bool" Value="false"/>
 <GameToken Id="-198813608" Name="Telelpath.TelepathDamaged" Flags="4" Type="Bool" Value="false"/>
 <GameToken Id="-486854682" Name="AlexOffice.PlayerInAlexOffice" Flags="4" Type="Bool" Value="false"/>
 <GameToken Id="-652985332" Name="AlexBunker.BunkerVoiceLockUnlocked" Flags="4" Type="Bool" Value="false"/>
 <GameToken Id="-1911422109" Name="AlexOffice.LookingGlassShutter_Open" Flags="4" Type="Bool" Value="false"/>
 <GameToken Id="-792828811" Name="Telelpath.Telepath_ID" Flags="4" Type="Int" Value="0"/>
 <GameToken Id="-680908564" Name="Telelpath.TelepathInSprinklerVolume" Flags="4" Type="Bool" Value="false"/>
 <GameToken Id="-1698197563" Name="EscapePod.PlayerInsideEscapePod" Flags="4" Type="Bool" Value="false"/>
 <GameToken Id="-427683285" Name="AlexBunker.PlayerInAlexBunker" Flags="4" Type="Bool" Value="false"/>
 <GameToken Id="-1423855414" Name="AlexBunker.AlexDestructKeyInAlexBunker" Flags="4" Type="Bool" Value="false"/>
 <GameToken Id="-1438896149" Name="GardeningTips.RaniGlooed" Flags="4" Type="Bool" Value="false"/>
</GameTokensLibrary>
