
<ResponseRules>
 <WritebackKeys/>
 <ResponseRule id="13680621263400010004" name="Life Review: Psycho" cooldown="" description="The player finished the game but played as a psycho. Alex and Igwe pull the plug. Start over." response="13680621263400010091" conversation="1">
  <Criteria>
   <Criterion id="15659330456318451386" value="13680621263353091230" comparison="0" type="guid"/>
   <Criterion id="15659330456318451410" comparison="0" value="onConversationTrigger" fromResponse="0" type="default"/>
   <Criterion comparison="0" passIfMissing="false" id="15659330456318451477" type="guid" keyType="default" value="1713490239389130908"/>
   <Criterion comparison="0" passIfMissing="false" id="10739735956111935346" type="guid" keyType="default" value="13680621263401479941"/>
  </Criteria>
 </ResponseRule>
 <ResponseSet id="13680621263400010091">
  <Response dialog="13680621263399911668" id="13680621263400010092" cooldown="0" weight="1" oneshot="0" completeConversation="0" delay="0" cutoff="0" targetId="0" targetType="1" speakerTrackMethod="3" targetTrackMethod="0"/>
 </ResponseSet>
 <ResponseRule id="13680621263400010103" name="" cooldown="" response="13680621263400010104">
  <Criteria>
   <Criterion id="15659330456318451386" value="13680621263353091230" comparison="0" type="guid"/>
   <Criterion id="15659330456318451410" comparison="0" value="13680621263400010092" fromResponse="1" type="guid"/>
   <Criterion id="15659330456318451477" value="1713490239389130908" comparison="0" type="guid"/>
   <Criterion comparison="0" passIfMissing="false" id="10739735956111935346" type="guid" keyType="default" value="13680621263401479941"/>
  </Criteria>
 </ResponseRule>
 <ResponseSet id="13680621263400010104">
  <Response dialog="13680621263399911701" id="13680621263400010105" cooldown="0" weight="1" oneshot="0" completeConversation="0" delay="0" cutoff="0" targetId="4349723564897457173" targetType="2" speakerTrackMethod="3" targetTrackMethod="0"/>
 </ResponseSet>
 <ResponseRule id="13680621263400010132" name="" cooldown="" response="13680621263400010133">
  <Criteria>
   <Criterion id="15659330456318451386" value="13680621263361473654" comparison="0" type="guid"/>
   <Criterion id="15659330456318451410" comparison="0" value="13680621263400010105" fromResponse="1" type="guid"/>
   <Criterion comparison="0" passIfMissing="false" id="15659330456318451477" type="guid" keyType="default" value="4349723564897457173"/>
   <Criterion comparison="0" passIfMissing="false" id="10739735956111935346" type="guid" keyType="default" value="13680621263401479941"/>
  </Criteria>
 </ResponseRule>
 <ResponseSet id="13680621263400010133">
  <Response dialog="13680621263400010131" id="13680621263400010134" cooldown="0" weight="1" oneshot="0" completeConversation="0" delay="0" cutoff="0" targetType="2" targetId="1713490239389130908" speakerTrackMethod="2" targetTrackMethod="0"/>
 </ResponseSet>
 <ResponseRule id="13680621263400010156" name="" cooldown="" response="13680621263400010157">
  <Criteria>
   <Criterion id="15659330456318451386" value="13680621263353091230" comparison="0" type="guid"/>
   <Criterion id="15659330456318451410" comparison="0" value="13680621263400010134" fromResponse="1" type="guid"/>
   <Criterion id="15659330456318451477" value="1713490239389130908" comparison="0" type="guid"/>
   <Criterion comparison="0" passIfMissing="false" id="10739735956111935346" type="guid" keyType="default" value="13680621263401479941"/>
  </Criteria>
 </ResponseRule>
 <ResponseSet id="13680621263400010157">
  <Response dialog="13680621263399912672" id="13680621263400010158" cooldown="0" weight="1" oneshot="0" completeConversation="0" delay="0" cutoff="0" targetId="0" targetType="1" speakerTrackMethod="3" targetTrackMethod="0"/>
 </ResponseSet>
 <ResponseRule id="13680621263400010194" name="" cooldown="" response="13680621263400010195">
  <Criteria>
   <Criterion id="15659330456318451386" value="13680621263377201655" comparison="0" type="guid"/>
   <Criterion id="15659330456318451410" comparison="0" value="13680621263400010158" fromResponse="1" type="guid"/>
   <Criterion comparison="0" passIfMissing="false" id="15659330456318451477" type="guid" keyType="default" value="844024417273151090"/>
   <Criterion comparison="0" passIfMissing="false" id="10739735956111935346" type="guid" keyType="default" value="13680621263401479941"/>
  </Criteria>
 </ResponseRule>
 <ResponseSet id="13680621263400010195">
  <Response dialog="13680621263400010193" id="13680621263400010196" cooldown="0" weight="1" oneshot="0" completeConversation="0" delay="0" cutoff="0" targetType="2" targetId="1713490239389130908" speakerTrackMethod="2" targetTrackMethod="0"/>
 </ResponseSet>
 <ResponseRule id="13680621263400010256" name="" cooldown="" response="13680621263400010257">
  <Criteria>
   <Criterion id="15659330456318451386" value="13680621263353091230" comparison="0" type="guid"/>
   <Criterion id="15659330456318451410" comparison="0" value="13680621263400010196" fromResponse="1" type="guid"/>
   <Criterion id="15659330456318451477" value="1713490239389130908" comparison="0" type="guid"/>
   <Criterion comparison="0" passIfMissing="false" id="10739735956111935346" type="guid" keyType="default" value="13680621263401479941"/>
  </Criteria>
 </ResponseRule>
 <ResponseSet id="13680621263400010257">
  <Response dialog="13680621263399912696" id="13680621263400010258" cooldown="0" weight="1" oneshot="0" completeConversation="0" delay="0" cutoff="0" targetId="844024417273151090" targetType="2" speakerTrackMethod="3" targetTrackMethod="0"/>
 </ResponseSet>
 <ResponseRule id="13680621263400010295" name="" cooldown="" response="13680621263400010296">
  <Criteria>
   <Criterion id="15659330456318451386" value="13680621263361473654" comparison="0" type="guid"/>
   <Criterion id="15659330456318451410" comparison="0" value="13680621263400010258" fromResponse="1" type="guid"/>
   <Criterion comparison="0" passIfMissing="false" id="15659330456318451477" type="guid" keyType="default" value="4349723564897457173"/>
   <Criterion comparison="0" passIfMissing="false" id="10739735956111935346" type="guid" keyType="default" value="13680621263401479941"/>
  </Criteria>
 </ResponseRule>
 <ResponseSet id="13680621263400010296">
  <Response dialog="13680621263400010294" id="13680621263400010297" cooldown="0" weight="1" oneshot="0" completeConversation="0" delay="0" cutoff="0" targetType="2" targetId="1713490239389130908" speakerTrackMethod="2" targetTrackMethod="0"/>
 </ResponseSet>
 <ResponseRule id="13680621263400010365" name="" cooldown="" response="13680621263400010366">
  <Criteria>
   <Criterion id="15659330456318451386" value="13680621263361472617" comparison="0" type="guid"/>
   <Criterion id="15659330456318451410" comparison="0" value="13680621263400010297" fromResponse="1" type="guid"/>
   <Criterion comparison="0" passIfMissing="false" id="15659330456318451477" type="guid" keyType="default" value="6732635291182789988"/>
   <Criterion comparison="0" passIfMissing="false" id="10739735956111935346" type="guid" keyType="default" value="13680621263401479941"/>
  </Criteria>
 </ResponseRule>
 <ResponseSet id="13680621263400010366">
  <Response dialog="13680621263400010364" id="13680621263400010367" cooldown="0" weight="1" oneshot="0" completeConversation="0" delay="0" cutoff="0" targetType="2" targetId="1713490239389130908" speakerTrackMethod="2" targetTrackMethod="0"/>
 </ResponseSet>
 <ResponseRule id="13680621263400010397" name="" cooldown="" response="13680621263400010398">
  <Criteria>
   <Criterion id="15659330456318451386" value="13680621263353091230" comparison="0" type="guid"/>
   <Criterion id="15659330456318451410" comparison="0" value="13680621263400010367" fromResponse="1" type="guid"/>
   <Criterion id="15659330456318451477" value="1713490239389130908" comparison="0" type="guid"/>
   <Criterion comparison="0" passIfMissing="false" id="10739735956111935346" type="guid" keyType="default" value="13680621263401479941"/>
  </Criteria>
 </ResponseRule>
 <ResponseSet id="13680621263400010398">
  <Response dialog="13680621263400010396" id="13680621263400010399" cooldown="0" weight="1" oneshot="0" completeConversation="0" delay="1" cutoff="0" targetType="1" targetId="0" speakerTrackMethod="3" targetTrackMethod="0"/>
 </ResponseSet>
 <ResponseRule id="13680621263400010418" name="" cooldown="" response="13680621263400010419">
  <Criteria>
   <Criterion id="15659330456318451386" value="13680621263361472617" comparison="0" type="guid"/>
   <Criterion id="15659330456318451410" comparison="0" value="13680621263400010399" fromResponse="1" type="guid"/>
   <Criterion id="15659330456318451477" value="6732635291182789988" comparison="0" type="guid"/>
   <Criterion comparison="0" passIfMissing="false" id="10739735956111935346" type="guid" keyType="default" value="13680621263401479941"/>
  </Criteria>
 </ResponseRule>
 <ResponseSet id="13680621263400010419">
  <Response dialog="13680621263400010417" id="13680621263400010420" cooldown="0" weight="1" oneshot="0" completeConversation="1" delay="1" cutoff="0" targetType="1" targetId="0" speakerTrackMethod="2" targetTrackMethod="0"/>
 </ResponseSet>
</ResponseRules>