<LevelData SandboxVersion="3.7.0.179">
 <LevelInfo CreationDate="08/01/18" Name="CrewFacilities" HeightmapSize="400" HeightmapUnitSize="2" HeightmapMaxHeight="1024" WaterLevel="-1000000" TerrainSectorSizeInMeters="64"/>
 <SurfaceTypes />
 <CollisionClasses>
  <CollisionClass type="0" ignore="0"/>
  <CollisionClass type="0" ignore="65536"/>
  <CollisionClass type="1024" ignore="0"/>
  <CollisionClass type="2621440" ignore="65536"/>
  <CollisionClass type="8192" ignore="0"/>
  <CollisionClass type="0" ignore="16384"/>
  <CollisionClass type="0" ignore="128"/>
  <CollisionClass type="2163712" ignore="0"/>
  <CollisionClass type="9216" ignore="0"/>
 </CollisionClasses>
 <Layers>
  <Layer Name="CrewFacilities_Geo_Study" Parent="CrewFacilities_Geo_Main" Id="1" Specs="-1"/>
  <Layer Name="CrewQuarters_Scripting_GatheringEchoes" Parent="" Id="2" Specs="-1"/>
  <Layer Name="CrewQuarters_AudioVolumes" Parent="" Id="3" Specs="-1" DefaultLoaded="1"/>
  <Layer Name="CrewFacilities_PlayerCollision" Parent="" Id="4" Specs="-1"/>
  <Layer Name="CrewFacilities_Distractions" Parent="" Id="5" Specs="-1"/>
  <Layer Name="CrewFacilities_Geo_Floor2HallA" Parent="CrewFacilities_Geo_Main" Id="6" Specs="-1"/>
  <Layer Name="CrewFacilities_Geo_Floor1HallA" Parent="CrewFacilities_Geo_Main" Id="7" Specs="-1"/>
  <Layer Name="CrewFacilities_Sq_01_CookIntro" Parent="CrewFacilities_Cinematics" Id="8" Specs="-1"/>
  <Layer Name="CrewFacilities_FX_Intro" Parent="" Id="9" Specs="-1"/>
  <Layer Name="CrewFacilities_Lighting_Backup" Parent="CrewFacilities_Lighting" Id="10" Specs="-1"/>
  <Layer Name="CrewFacilities_Geo_Kitchen" Parent="CrewFacilities_Geo_Main" Id="11" Specs="-1"/>
  <Layer Name="CrewFacilities_Nightmare" Parent="" Id="12" Specs="-1" DefaultLoaded="1"/>
  <Layer Name="CrewQuarters_Scripting_CookQuest" Parent="" Id="13" Specs="-1" DefaultLoaded="1"/>
  <Layer Name="CrewFacilities_Geo_GeoSwap" Parent="CrewFacilities_Geo_Main" Id="14" Specs="-1"/>
  <Layer Name="CrewFacilities_SideObjectiveScripting" Parent="" Id="15" Specs="-1" DefaultLoaded="1"/>
  <Layer Name="CrewFacilities_Geo_KaraokeBar" Parent="CrewFacilities_Geo_Main" Id="16" Specs="-1"/>
  <Layer Name="CrewQuarters_Scripting_GustavLeitner" Parent="" Id="17" Specs="-1"/>
  <Layer Name="CrewFacilities_ShadowShells" Parent="" Id="18" Specs="-1"/>
  <Layer Name="CrewFacilities_Geo_ExtDestructionScene" Parent="CrewFacilities_Geo_Main" Id="19" Specs="-1"/>
  <Layer Name="CrewFacilities_Geo_Entrance" Parent="CrewFacilities_Geo_Main" Id="20" Specs="-1"/>
  <Layer Name="CrewFacilities_Sound" Parent="" Id="21" Specs="-1" DefaultLoaded="1"/>
  <Layer Name="CrewQuarters_NPCs" Parent="" Id="22" Specs="-1" DefaultLoaded="1"/>
  <Layer Name="CrewFacilities_Sq_02_CookRevisitA" Parent="CrewFacilities_Cinematics" Id="23" Specs="-1"/>
  <Layer Name="CrewFacilities_Geo_Main" Parent="" Id="24" Specs="-1"/>
  <Layer Name="CrewFacilities_Geo_Capsules" Parent="CrewFacilities_Geo_Main" Id="25" Specs="-1"/>
  <Layer Name="CrewFacilities_ExtraNightmareSpawns" Parent="" Id="26" Specs="-1" LoadTokenId="1421409232" LoadTokenValue="1"/>
  <Layer Name="CrewFacilities_Geo_Gym" Parent="CrewFacilities_Geo_Main" Id="27" Specs="-1"/>
  <Layer Name="CrewFacilities_Geo" Parent="" Id="28" Specs="-1" DefaultLoaded="1"/>
  <Layer Name="CrewFacilities_Kitchen_Lighting_Off" Parent="" Id="29" Specs="-1"/>
  <Layer Name="CrewFacilities_Geo_Lockers" Parent="CrewFacilities_Geo_Main" Id="30" Specs="-1"/>
  <Layer Name="CrewFacilities_Kitchen_Lighting_On" Parent="" Id="31" Specs="-1"/>
  <Layer Name="CrewFacilities_Lighting" Parent="" Id="32" Specs="-1"/>
  <Layer Name="CrewFacilities_Sq_03_CookRevisitB" Parent="CrewFacilities_Cinematics" Id="33" Specs="-1"/>
  <Layer Name="CrewFacilities_Lighting_Final" Parent="CrewFacilities_Lighting" Id="34" Specs="-1"/>
  <Layer Name="CrewFacilities_Scripting" Parent="" Id="35" Specs="-1" DefaultLoaded="1"/>
  <Layer Name="Ark_MetricCameras" Parent="" Id="36" Specs="-1"/>
  <Layer Name="CrewFacilities_FX_02" Parent="" Id="37" Specs="-1"/>
  <Layer Name="CrewFacilities_Geo_Exterior_Vista" Parent="" Id="38" Specs="-1"/>
  <Layer Name="CrewFacilities_Geo_Penthouse" Parent="CrewFacilities_Geo_Main" Id="39" Specs="-1"/>
  <Layer Name="CrewFacilities_FX" Parent="" Id="40" Specs="-1" DefaultLoaded="1"/>
  <Layer Name="CrewFacilities_Apex" Parent="" Id="41" Specs="-1" DefaultLoaded="1" LoadTokenId="659909599" LoadTokenValue="1"/>
  <Layer Name="CrewQuarters_Scripting_YellowTulip" Parent="" Id="42" Specs="-1"/>
  <Layer Name="CrewFacilities_VisAreas" Parent="" Id="43" Specs="-1"/>
  <Layer Name="CrewFacilities_CaveA" Parent="" Id="44" Specs="-1" DefaultLoaded="1"/>
  <Layer Name="CrewFacilities_Geo_Theater" Parent="CrewFacilities_Geo_Main" Id="45" Specs="-1"/>
  <Layer Name="CrewFacilities_Geo_Cafeteria_B" Parent="CrewFacilities_Geo_Main" Id="46" Specs="-1"/>
  <Layer Name="Main" Parent="" Id="47" Specs="-1"/>
  <Layer Name="CrewFacilities_Geo_Cafeteria" Parent="CrewFacilities_Geo_Main" Id="48" Specs="-1"/>
  <Layer Name="CrewFacilities_Sq_04_CookFinale" Parent="CrewFacilities_Cinematics" Id="49" Specs="-1"/>
  <Layer Name="CrewFacilities_Geo_Floor1HallB" Parent="CrewFacilities_Geo_Main" Id="50" Specs="-1"/>
  <Layer Name="CrewFacilities_Greybox" Parent="" Id="51" Specs="-1" DefaultLoaded="1"/>
  <Layer Name="CrewFacilities_Map" Parent="" Id="52" Specs="-1"/>
  <Layer Name="CrewFacilities_Tutorials" Parent="" Id="53" Specs="-1"/>
  <Layer Name="CrewFacilities_Cinematics" Parent="" Id="54" Specs="-1"/>
  <Layer Name="CrewFacilities_Sq_05_FionaDrifting" Parent="CrewFacilities_Cinematics" Id="55" Specs="-1"/>
  <Layer Name="CrewFacilities_Geo_CalvinoScene" Parent="CrewFacilities_Geo_Main" Id="56" Specs="-1"/>
 </Layers>
 <Vegetation />
 <MaterialsLibrary>
  <Library Name="Level"/>
 </MaterialsLibrary>
 <ParticlesLibrary>
  <Library Name="LevelSpecific"/>
  <Library Name="LevelShared"/>
  <Library Name="PlayerWeapons"/>
  <Library Name="Interactables"/>
  <Library Name="MaterialEffects"/>
  <Library Name="Characters"/>
  <Library Name="Screen"/>
  <Library Name="Player"/>
 </ParticlesLibrary>
 <GameTokensLibraryReferences>
  <Library Name="GT_Global"/>
  <Library Name="GT_GameTime"/>
  <Library Name="GT_GlobalStrings"/>
 </GameTokensLibraryReferences>
</LevelData>
