
<ResponseRules description="Gus discusses the arrival and guesses at he function of the mysterious Reployer">
 <WritebackKeys/>
 <ResponseRule id="4349723564914308892" name="Reployer Conversation" cooldown="" response="4349723564914309228" conversation="1" description="Gus is a manager in the Cargo Bay and is trying to track down who ordered a strange bit of equipment. Nothing out of the ordinary has happened on the space station yet and this is all business as usual.">
  <Criteria>
   <Criterion id="15659330456318451386" value="13680621263365953228" comparison="0" type="guid"/>
   <Criterion id="15659330456318451410" comparison="0" value="onTranscribeTrigger" fromResponse="0" type="default"/>
   <Criterion comparison="0" passIfMissing="false" id="15659330456318451477" type="guid" keyType="default" value="4349723564911793119"/>
  </Criteria>
 </ResponseRule>
 <ResponseSet id="4349723564914309228">
  <Response dialog="4349723564914309227" id="4349723564914309229" cooldown="0" weight="1" oneshot="0" completeConversation="0" delay="0"/>
 </ResponseSet>
 <ResponseRule id="4349723564914309438" name="" cooldown="" response="4349723564914309439">
  <Criteria>
   <Criterion id="15659330456318451386" value="13680621263353786169" comparison="0" type="guid"/>
   <Criterion id="15659330456318451410" comparison="0" value="4349723564914309229" fromResponse="1" type="guid"/>
   <Criterion comparison="0" passIfMissing="false" id="15659330456318451477" type="guid" keyType="default" value="4349723564911778280"/>
  </Criteria>
 </ResponseRule>
 <ResponseSet id="4349723564914309439">
  <Response dialog="4349723564914309437" id="4349723564914309440" cooldown="0" weight="1" oneshot="0" completeConversation="0" delay="0.25" targetType="2" targetId="4349723564911793119" speakerTrackMethod="1" targetTrackMethod="0"/>
 </ResponseSet>
 <ResponseRule id="4349723564914309551" name="" cooldown="" response="4349723564914309552">
  <Criteria>
   <Criterion id="15659330456318451386" value="13680621263365953228" comparison="0" type="guid"/>
   <Criterion id="15659330456318451410" comparison="0" value="4349723564914309440" fromResponse="1" type="guid"/>
   <Criterion id="15659330456318451477" value="4349723564911793119" comparison="0" type="guid"/>
  </Criteria>
 </ResponseRule>
 <ResponseSet id="4349723564914309552">
  <Response dialog="4349723564914309550" id="4349723564914309553" cooldown="0" weight="1" oneshot="0" completeConversation="0" delay="0.25" targetType="2" targetId="4349723564911778280" speakerTrackMethod="1" targetTrackMethod="0"/>
 </ResponseSet>
 <ResponseRule id="4349723564914309564" name="" cooldown="" response="4349723564914309565">
  <Criteria>
   <Criterion id="15659330456318451386" value="13680621263353786169" comparison="0" type="guid"/>
   <Criterion id="15659330456318451410" comparison="0" value="4349723564914309553" fromResponse="1" type="guid"/>
   <Criterion id="15659330456318451477" value="4349723564911778280" comparison="0" type="guid"/>
  </Criteria>
 </ResponseRule>
 <ResponseSet id="4349723564914309565">
  <Response dialog="4349723564914309563" id="4349723564914309566" cooldown="0" weight="1" oneshot="0" completeConversation="0" delay="0.25" targetType="2" targetId="4349723564911793119" speakerTrackMethod="1" targetTrackMethod="0"/>
 </ResponseSet>
 <ResponseRule id="4349723564914309593" name="" cooldown="" response="4349723564914309594">
  <Criteria>
   <Criterion id="15659330456318451386" value="13680621263365953228" comparison="0" type="guid"/>
   <Criterion id="15659330456318451410" comparison="0" value="4349723564914309566" fromResponse="1" type="guid"/>
   <Criterion id="15659330456318451477" value="4349723564911793119" comparison="0" type="guid"/>
  </Criteria>
 </ResponseRule>
 <ResponseSet id="4349723564914309594">
  <Response dialog="4349723564914309592" id="4349723564914309595" cooldown="0" weight="1" oneshot="0" completeConversation="0" delay="0.25" targetType="2" targetId="4349723564911778280" speakerTrackMethod="1" targetTrackMethod="0"/>
 </ResponseSet>
 <ResponseRule id="4349723564914309723" name="" cooldown="" response="4349723564914309724">
  <Criteria>
   <Criterion id="15659330456318451386" value="13680621263353786169" comparison="0" type="guid"/>
   <Criterion id="15659330456318451410" comparison="0" value="4349723564914309595" fromResponse="1" type="guid"/>
   <Criterion id="15659330456318451477" value="4349723564911778280" comparison="0" type="guid"/>
  </Criteria>
 </ResponseRule>
 <ResponseSet id="4349723564914309724">
  <Response dialog="4349723564914309722" id="4349723564914309725" cooldown="0" weight="1" oneshot="0" completeConversation="0" delay="0.5" targetType="2" targetId="4349723564911793119" speakerTrackMethod="1" targetTrackMethod="0"/>
 </ResponseSet>
 <ResponseRule id="4349723564914309797" name="" cooldown="" response="4349723564914309798">
  <Criteria>
   <Criterion id="15659330456318451386" value="13680621263365953228" comparison="0" type="guid"/>
   <Criterion id="15659330456318451410" comparison="0" value="4349723564914309725" fromResponse="1" type="guid"/>
   <Criterion id="15659330456318451477" value="4349723564911793119" comparison="0" type="guid"/>
  </Criteria>
 </ResponseRule>
 <ResponseSet id="4349723564914309798">
  <Response dialog="4349723564914309796" id="4349723564914309799" cooldown="0" weight="1" oneshot="0" completeConversation="0" delay="0.25" targetType="2" targetId="4349723564911778280" speakerTrackMethod="1" targetTrackMethod="0"/>
 </ResponseSet>
 <ResponseRule id="4349723564914309837" name="" cooldown="" response="4349723564914309838">
  <Criteria>
   <Criterion id="15659330456318451386" value="13680621263353786169" comparison="0" type="guid"/>
   <Criterion id="15659330456318451410" comparison="0" value="4349723564914309799" fromResponse="1" type="guid"/>
   <Criterion id="15659330456318451477" value="4349723564911778280" comparison="0" type="guid"/>
  </Criteria>
 </ResponseRule>
 <ResponseSet id="4349723564914309838">
  <Response dialog="4349723564914309836" id="4349723564914309839" cooldown="0" weight="1" oneshot="0" completeConversation="0" delay="0.5" targetType="2" targetId="4349723564911793119" speakerTrackMethod="1" targetTrackMethod="0"/>
 </ResponseSet>
 <ResponseRule id="4349723564914309859" name="" cooldown="" response="4349723564914309860">
  <Criteria>
   <Criterion id="15659330456318451386" value="13680621263365953228" comparison="0" type="guid"/>
   <Criterion id="15659330456318451410" comparison="0" value="4349723564914309839" fromResponse="1" type="guid"/>
   <Criterion id="15659330456318451477" value="4349723564911793119" comparison="0" type="guid"/>
  </Criteria>
 </ResponseRule>
 <ResponseSet id="4349723564914309860">
  <Response dialog="4349723564914309858" id="4349723564914309861" cooldown="0" weight="1" oneshot="0" completeConversation="0" delay="0.25" targetType="2" targetId="4349723564911778280" speakerTrackMethod="1" targetTrackMethod="0"/>
 </ResponseSet>
 <ResponseRule id="4349723564914309901" name="" cooldown="" response="4349723564914309902">
  <Criteria>
   <Criterion id="15659330456318451386" value="13680621263353786169" comparison="0" type="guid"/>
   <Criterion id="15659330456318451410" comparison="0" value="4349723564914309861" fromResponse="1" type="guid"/>
   <Criterion id="15659330456318451477" value="4349723564911778280" comparison="0" type="guid"/>
  </Criteria>
 </ResponseRule>
 <ResponseSet id="4349723564914309902">
  <Response dialog="4349723564914309900" id="4349723564914309903" cooldown="0" weight="1" oneshot="0" completeConversation="0" delay="0.25" targetType="2" targetId="4349723564911793119" speakerTrackMethod="1" targetTrackMethod="0"/>
 </ResponseSet>
 <ResponseRule id="4349723564914309905" name="" cooldown="" response="4349723564914309906">
  <Criteria>
   <Criterion id="15659330456318451386" value="13680621263365953228" comparison="0" type="guid"/>
   <Criterion id="15659330456318451410" comparison="0" value="4349723564914309903" fromResponse="1" type="guid"/>
   <Criterion id="15659330456318451477" value="4349723564911793119" comparison="0" type="guid"/>
  </Criteria>
 </ResponseRule>
 <ResponseSet id="4349723564914309906">
  <Response dialog="4349723564914309904" id="4349723564914309907" cooldown="0" weight="1" oneshot="0" completeConversation="0" delay="0.25" targetType="2" targetId="4349723564911778280" speakerTrackMethod="1" targetTrackMethod="0"/>
 </ResponseSet>
 <ResponseRule id="4349723564914309980" name="" cooldown="" response="4349723564914309981">
  <Criteria>
   <Criterion id="15659330456318451386" value="13680621263353786169" comparison="0" type="guid"/>
   <Criterion id="15659330456318451410" comparison="0" value="4349723564914309907" fromResponse="1" type="guid"/>
   <Criterion id="15659330456318451477" value="4349723564911778280" comparison="0" type="guid"/>
  </Criteria>
 </ResponseRule>
 <ResponseSet id="4349723564914309981">
  <Response dialog="4349723564914309979" id="4349723564914309982" cooldown="0" weight="1" oneshot="0" completeConversation="0" delay="0.5" targetType="2" targetId="4349723564911793119" speakerTrackMethod="1" targetTrackMethod="0"/>
 </ResponseSet>
 <ResponseRule id="4349723564914309999" name="" cooldown="" response="4349723564914310000">
  <Criteria>
   <Criterion id="15659330456318451386" value="13680621263365953228" comparison="0" type="guid"/>
   <Criterion id="15659330456318451410" comparison="0" value="4349723564914309982" fromResponse="1" type="guid"/>
   <Criterion id="15659330456318451477" value="4349723564911793119" comparison="0" type="guid"/>
  </Criteria>
 </ResponseRule>
 <ResponseSet id="4349723564914310000">
  <Response dialog="4349723564914309998" id="4349723564914310001" cooldown="0" weight="1" oneshot="0" completeConversation="0" delay="0.5" targetType="2" targetId="4349723564911778280" speakerTrackMethod="1" targetTrackMethod="0"/>
 </ResponseSet>
 <ResponseRule id="4349723564914310003" name="" cooldown="" response="4349723564914310004">
  <Criteria>
   <Criterion id="15659330456318451386" value="13680621263353786169" comparison="0" type="guid"/>
   <Criterion id="15659330456318451410" comparison="0" value="4349723564914310001" fromResponse="1" type="guid"/>
   <Criterion id="15659330456318451477" value="4349723564911778280" comparison="0" type="guid"/>
  </Criteria>
 </ResponseRule>
 <ResponseSet id="4349723564914310004">
  <Response dialog="4349723564914310002" id="4349723564914310005" cooldown="0" weight="1" oneshot="0" completeConversation="1" delay="0.5" targetType="2" targetId="4349723564911793119" speakerTrackMethod="1" targetTrackMethod="0"/>
 </ResponseSet>
</ResponseRules>