
<ResponseRules description="Sarah&apos;s Transcribes">
 <WritebackKeys/>
 <ResponseRule id="13680621263399216998" name="Sarah: TS, Player Visited Cargo Bay Early" cooldown="" response="13680621263399217090" oneshot="1" description="Player managed to get down to the Cargo Bay before Deep Storage, but they are on the other side of the sealed Cargo Bay. Sarah calls player, says there&apos;s no way through.">
  <Criteria>
   <Criterion id="15659330456318451386" value="13680621263361472472" comparison="0" type="guid"/>
   <Criterion id="15659330456318451410" comparison="0" value="onTranscribeTrigger" fromResponse="0" type="default"/>
   <Criterion comparison="0" passIfMissing="false" id="15659330456318451477" type="guid" keyType="default" value="4349723564897456793"/>
  </Criteria>
 </ResponseRule>
 <ResponseRule id="13680621263400160849" name="Sarah: TS, Player Visited Cargo Bay Early, Reminder" cooldown="" response="13680621263400160894" oneshot="1" description="Player Comes to Cargo Bay Interior Door 2nd Time, Basically a reminder that &quot;You Can&apos;t Get In This Way&quot; if the player tries again (say, after not playing the game for a few days).">
  <Criteria>
   <Criterion id="15659330456318451386" value="13680621263361472472" comparison="0" type="guid"/>
   <Criterion id="15659330456318451410" comparison="0" value="onTranscribeTrigger" fromResponse="0" type="default"/>
   <Criterion comparison="0" passIfMissing="false" id="15659330456318451477" type="guid" keyType="default" value="4349723564897456793"/>
  </Criteria>
 </ResponseRule>
 <ResponseRule id="4349723564913358499" name="Sarah: TS, ShuttleSecrets" cooldown="" response="4349723564913358573" oneshot="1" description="Matt works on the bridge and closely observes station operations then secretly reports to Sarah that some shuttle dockings are being concealed. Matt and Sarah are putting thier careers, and perhaps lives, on the line by investigating this, but Sarah&apos;s insitnct tells her something fishy has been going on and that the people on top can&apos;t be trusted. This Transcribe is found on the bridge in Cothron&apos;s workstation. They are basically uncovering the secret volunteer unloading into psychotronics. ">
  <Criteria>
   <Criterion id="15659330456318451386" value="13680621263361472472" comparison="0" type="guid"/>
   <Criterion id="15659330456318451410" comparison="0" value="onTranscribeTrigger" fromResponse="0" type="default"/>
   <Criterion comparison="0" passIfMissing="false" id="15659330456318451477" type="guid" keyType="default" value="4349723564897456793"/>
  </Criteria>
 </ResponseRule>
 <ResponseRule id="4349723564913356613" name="Sarah: TS, EVA" cooldown="" response="4349723564913356623" oneshot="1" description="Morgan has been ejected into space and adrift outside Talos. Sarah detects him on ther security station and radios him to travel to Cargo Bay. She knows all conventional airlocks are sealed, but the cargo loading system provides a way in and out of Talos." conversation="1">
  <Criteria>
   <Criterion id="15659330456318451386" value="13680621263361472472" comparison="0" type="guid"/>
   <Criterion id="15659330456318451410" comparison="0" value="onTranscribeTrigger" fromResponse="0" type="default"/>
   <Criterion comparison="0" passIfMissing="false" id="15659330456318451477" type="guid" keyType="default" value="4349723564897456793"/>
  </Criteria>
 </ResponseRule>
 <ResponseRule id="4349723564930548422" name="Sarah: TS, Shipping Container" cooldown="" response="4349723564930548536" oneshot="1" description="">
  <Criteria>
   <Criterion id="15659330456318451386" value="13680621263361472472" comparison="0" type="guid"/>
   <Criterion id="15659330456318451410" comparison="0" value="onTranscribeTrigger" fromResponse="0" type="default"/>
   <Criterion comparison="0" passIfMissing="false" id="15659330456318451477" type="guid" keyType="default" value="4349723564897456793"/>
  </Criteria>
 </ResponseRule>
 <ResponseRule id="4349723564930548590" name="Sarah: TS, Shipping Container II" cooldown="" response="4349723564930548605" oneshot="1" description="">
  <Criteria>
   <Criterion id="15659330456318451386" value="13680621263361472472" comparison="0" type="guid"/>
   <Criterion id="15659330456318451410" comparison="0" value="onTranscribeTrigger" fromResponse="0" type="default"/>
   <Criterion comparison="0" passIfMissing="false" id="15659330456318451477" type="guid" keyType="default" value="4349723564897456793"/>
  </Criteria>
 </ResponseRule>
 <ResponseRule id="4349723564910676856" name="Sarah: TS, FoundTurretPlan" cooldown="" response="4349723564910676974" oneshot="1" description="Sarah tasked Morgan with making turrets to help defend her and her men from aliens. He has recovered a crucial component of that, the blueprint needed to manufacture them. She is pleased with this progress.">
  <Criteria>
   <Criterion id="15659330456318451386" value="13680621263361472472" comparison="0" type="guid"/>
   <Criterion id="15659330456318451410" comparison="0" value="onTranscribeTrigger" fromResponse="0" type="default"/>
   <Criterion comparison="0" passIfMissing="false" id="15659330456318451477" type="guid" keyType="default" value="4349723564897456793"/>
  </Criteria>
 </ResponseRule>
 <ResponseSet id="4349723564910676974">
  <Response dialog="4349723564910676973" id="4349723564910676975" cooldown="0" weight="1" oneshot="0" completeConversation="0"/>
 </ResponseSet>
 <ResponseRule id="13680621263369666958" name="Sarah: TS, APEX Predator I" cooldown="" response="13680621263369667002" oneshot="1" description="Morgan has activated the self destruct and Talos is now on a countdown to blow up. Sarah is safely aboard the last remaining shuttle ready to flee the station. She wan&apos;t to wait for Morgan to get there and leave with them, but time is running out.">
  <Criteria>
   <Criterion id="15659330456318451386" value="13680621263361472472" comparison="0" type="guid"/>
   <Criterion id="15659330456318451410" comparison="0" value="onTranscribeTrigger" fromResponse="0" type="default"/>
   <Criterion comparison="0" passIfMissing="false" id="15659330456318451477" type="guid" keyType="default" value="4349723564897456793"/>
  </Criteria>
 </ResponseRule>
 <ResponseRule id="4349723564930552964" name="Sarah: TS, Apex Predator II" cooldown="" response="4349723564930552987" oneshot="1" description="Morgan has activated the self destruct and Talos is now on a countdown to blow up. Sarah is safely aboard the last remaining shuttle ready to flee the station. She wan&apos;t to wait for Morgan to get there and leave with them, but time is running out.">
  <Criteria>
   <Criterion id="15659330456318451386" value="13680621263361472472" comparison="0" type="guid"/>
   <Criterion id="15659330456318451410" comparison="0" value="onTranscribeTrigger" fromResponse="0" type="default"/>
   <Criterion comparison="0" passIfMissing="false" id="15659330456318451477" type="guid" keyType="default" value="4349723564897456793"/>
  </Criteria>
 </ResponseRule>
 <ResponseSet id="13680621263369667002">
  <Response dialog="13680621263369667001" id="13680621263369667003" cooldown="0" weight="1" oneshot="0" completeConversation="1" delay="0"/>
 </ResponseSet>
 <ResponseRule id="4349723564913345416" name="Sarah: TS, Sarah Alex Argue" cooldown="" response="4349723564913345530" oneshot="1" description="Recorded convo of Sarah asking for advanced weapons and CEO Alex saying they don&apos;t need them. This is on Sarah&apos;s transcribe. She has been holding onto it to cover her ass. This hints at a long-running conflict between these two.">
  <Criteria>
   <Criterion id="15659330456318451386" value="13680621263361472472" comparison="0" type="guid"/>
   <Criterion id="15659330456318451410" comparison="0" value="onTranscribeTrigger" fromResponse="0" type="default"/>
   <Criterion comparison="0" passIfMissing="false" id="15659330456318451477" type="guid" keyType="default" value="4349723564897456793"/>
  </Criteria>
 </ResponseRule>
 <ResponseSet id="4349723564913345530">
  <Response dialog="4349723564913345529" id="4349723564913345531" cooldown="0" weight="1" oneshot="0" completeConversation="0" delay="0"/>
 </ResponseSet>
 <ResponseRule id="4349723564913345562" name="" cooldown="" response="4349723564913345563">
  <Criteria>
   <Criterion id="15659330456318451386" value="13680621263353091230" comparison="0" type="guid"/>
   <Criterion id="15659330456318451410" comparison="0" value="4349723564913345531" fromResponse="1" type="guid"/>
   <Criterion comparison="0" passIfMissing="false" id="15659330456318451477" type="guid" keyType="default" value="1713490239389130908"/>
  </Criteria>
 </ResponseRule>
 <ResponseSet id="4349723564913345563">
  <Response dialog="4349723564913345561" id="4349723564913345564" cooldown="0" weight="1" oneshot="0" completeConversation="0" delay="0" targetType="2" targetId="4349723564897456793" speakerTrackMethod="1" targetTrackMethod="0"/>
 </ResponseSet>
 <ResponseRule id="4349723564913345901" name="" cooldown="" response="4349723564913345902">
  <Criteria>
   <Criterion id="15659330456318451386" value="13680621263361472472" comparison="0" type="guid"/>
   <Criterion id="15659330456318451410" comparison="0" value="4349723564913345564" fromResponse="1" type="guid"/>
   <Criterion id="15659330456318451477" value="4349723564897456793" comparison="0" type="guid"/>
  </Criteria>
 </ResponseRule>
 <ResponseSet id="4349723564913345902">
  <Response dialog="4349723564913345900" id="4349723564913345903" cooldown="0" weight="1" oneshot="0" completeConversation="0" delay="0"/>
 </ResponseSet>
 <ResponseRule id="4349723564913345986" name="" cooldown="" response="4349723564913345987">
  <Criteria>
   <Criterion id="15659330456318451386" value="13680621263353091230" comparison="0" type="guid"/>
   <Criterion id="15659330456318451410" comparison="0" value="4349723564913345903" fromResponse="1" type="guid"/>
   <Criterion comparison="0" passIfMissing="false" id="15659330456318451477" type="guid" keyType="default" value="1713490239389130908"/>
  </Criteria>
 </ResponseRule>
 <ResponseSet id="4349723564913345987">
  <Response dialog="4349723564913345985" id="4349723564913345988" cooldown="0" weight="1" oneshot="0" completeConversation="0" delay="0" targetType="2" targetId="4349723564897456793" speakerTrackMethod="1" targetTrackMethod="0"/>
 </ResponseSet>
 <ResponseRule id="4349723564913346257" name="" cooldown="" response="4349723564913346258">
  <Criteria>
   <Criterion id="15659330456318451386" value="13680621263361472472" comparison="0" type="guid"/>
   <Criterion id="15659330456318451410" comparison="0" value="4349723564913345988" fromResponse="1" type="guid"/>
   <Criterion id="15659330456318451477" value="4349723564897456793" comparison="0" type="guid"/>
  </Criteria>
 </ResponseRule>
 <ResponseSet id="4349723564913346258">
  <Response dialog="4349723564913346256" id="4349723564913346259" cooldown="0" weight="1" oneshot="0" completeConversation="0" delay="0"/>
 </ResponseSet>
 <ResponseRule id="4349723564913346305" name="" cooldown="" response="4349723564913346306">
  <Criteria>
   <Criterion id="15659330456318451386" value="13680621263353091230" comparison="0" type="guid"/>
   <Criterion id="15659330456318451410" comparison="0" value="4349723564913346259" fromResponse="1" type="guid"/>
   <Criterion comparison="0" passIfMissing="false" id="15659330456318451477" type="guid" keyType="default" value="1713490239389130908"/>
  </Criteria>
 </ResponseRule>
 <ResponseSet id="4349723564913346306">
  <Response dialog="4349723564913346304" id="4349723564913346307" cooldown="0" weight="1" oneshot="0" completeConversation="1" delay="0" targetType="2" targetId="4349723564897456793" speakerTrackMethod="1" targetTrackMethod="0"/>
 </ResponseSet>
 <ResponseRule id="4349723564913349674" name="Sarah: TS, Big Door Code" cooldown="" response="4349723564913349797" oneshot="1" description="Recording On Sarah&apos;s TS. Aliens have been locked out of Cargo Bay and Sarah records the code to open that door here. She wants to keep it secret because opening that door will allow aliens to flood the compartment and kill them all. (So if she dies Morgan can get it)" conversation="1">
  <Criteria>
   <Criterion id="15659330456318451386" value="13680621263361472472" comparison="0" type="guid"/>
   <Criterion id="15659330456318451410" comparison="0" value="onTranscribeTrigger" fromResponse="0" type="default"/>
   <Criterion comparison="0" passIfMissing="false" id="15659330456318451477" type="guid" keyType="default" value="4349723564897456793"/>
  </Criteria>
 </ResponseRule>
 <ResponseSet id="4349723564913349797">
  <Response dialog="4349723564913349796" id="4349723564913349798" cooldown="0" weight="1" oneshot="0" completeConversation="0" delay="0"/>
 </ResponseSet>
 <ResponseSet id="4349723564913356623">
  <Response dialog="4349723564913356622" id="4349723564913356624" cooldown="0" weight="1" oneshot="0" completeConversation="0" delay="0"/>
 </ResponseSet>
 <ResponseRule id="4349723564913357024" name="Sarah: TS, Commendations" cooldown="" response="4349723564913357182" oneshot="1" description="Sarah tells Kevin Brooks that he is getting a bonus. The idea is to support fiction that very wealthy, famous and influential people sometimes visit Talos. Brooks did a great job staying professional while tending to some epic-level celebrities. ">
  <Criteria>
   <Criterion id="15659330456318451386" value="13680621263361472472" comparison="0" type="guid"/>
   <Criterion id="15659330456318451410" comparison="0" value="onTranscribeTrigger" fromResponse="0" type="default"/>
   <Criterion comparison="0" passIfMissing="false" id="15659330456318451477" type="guid" keyType="default" value="4349723564897456793"/>
  </Criteria>
 </ResponseRule>
 <ResponseSet id="4349723564913357182">
  <Response dialog="4349723564913357181" id="4349723564913357183" cooldown="0" weight="1" oneshot="0" completeConversation="0" delay="0"/>
 </ResponseSet>
 <ResponseRule id="4349723564913357367" name="" cooldown="" response="4349723564913357368">
  <Criteria>
   <Criterion id="15659330456318451386" value="13680621263353786198" comparison="0" type="guid"/>
   <Criterion id="15659330456318451410" comparison="0" value="4349723564913357183" fromResponse="1" type="guid"/>
   <Criterion comparison="0" passIfMissing="false" id="15659330456318451477" type="guid" keyType="default" value="4349723564907034829"/>
  </Criteria>
 </ResponseRule>
 <ResponseSet id="4349723564913357368">
  <Response dialog="4349723564913357366" id="4349723564913357369" cooldown="0" weight="1" oneshot="0" completeConversation="0" delay="0" targetType="2" targetId="4349723564897456793" speakerTrackMethod="1" targetTrackMethod="0"/>
 </ResponseSet>
 <ResponseRule id="4349723564913357546" name="" cooldown="" response="4349723564913357547">
  <Criteria>
   <Criterion id="15659330456318451386" value="13680621263361472472" comparison="0" type="guid"/>
   <Criterion id="15659330456318451410" comparison="0" value="4349723564913357369" fromResponse="1" type="guid"/>
   <Criterion id="15659330456318451477" value="4349723564897456793" comparison="0" type="guid"/>
  </Criteria>
 </ResponseRule>
 <ResponseSet id="4349723564913357547">
  <Response dialog="4349723564913357545" id="4349723564913357548" cooldown="0" weight="1" oneshot="0" completeConversation="0" delay="0.5"/>
 </ResponseSet>
 <ResponseRule id="4349723564913357563" name="" cooldown="" response="4349723564913357564">
  <Criteria>
   <Criterion id="15659330456318451386" value="13680621263353786198" comparison="0" type="guid"/>
   <Criterion id="15659330456318451410" comparison="0" value="4349723564913357548" fromResponse="1" type="guid"/>
   <Criterion comparison="0" passIfMissing="false" id="15659330456318451477" type="guid" keyType="default" value="4349723564907034829"/>
  </Criteria>
 </ResponseRule>
 <ResponseSet id="4349723564913357564">
  <Response dialog="4349723564913357562" id="4349723564913357565" cooldown="0" weight="1" oneshot="0" completeConversation="0" delay="0" targetType="2" targetId="4349723564897456793" speakerTrackMethod="1" targetTrackMethod="0"/>
 </ResponseSet>
 <ResponseRule id="4349723564913357567" name="" cooldown="" response="4349723564913357568">
  <Criteria>
   <Criterion id="15659330456318451386" value="13680621263361472472" comparison="0" type="guid"/>
   <Criterion id="15659330456318451410" comparison="0" value="4349723564913357565" fromResponse="1" type="guid"/>
   <Criterion id="15659330456318451477" value="4349723564897456793" comparison="0" type="guid"/>
  </Criteria>
 </ResponseRule>
 <ResponseSet id="4349723564913357568">
  <Response dialog="4349723564913357566" id="4349723564913357569" cooldown="0" weight="1" oneshot="0" completeConversation="0" delay="0.5"/>
 </ResponseSet>
 <ResponseRule id="4349723564913357611" name="" cooldown="" response="4349723564913357612">
  <Criteria>
   <Criterion id="15659330456318451386" value="13680621263353786198" comparison="0" type="guid"/>
   <Criterion id="15659330456318451410" comparison="0" value="4349723564913357569" fromResponse="1" type="guid"/>
   <Criterion comparison="0" passIfMissing="false" id="15659330456318451477" type="guid" keyType="default" value="4349723564907034829"/>
  </Criteria>
 </ResponseRule>
 <ResponseSet id="4349723564913357612">
  <Response dialog="4349723564913357610" id="4349723564913357613" cooldown="0" weight="1" oneshot="0" completeConversation="1" delay="0.5" targetType="2" targetId="4349723564897456793" speakerTrackMethod="1" targetTrackMethod="0"/>
 </ResponseSet>
 <ResponseRule id="4349723564913357646" name="Sarah: TS, LogEntry" cooldown="" response="4349723564913357741" oneshot="1" description="Sarah and her agents tried to help crewmembers get to the escape pods and get off Talos, but the escape pods did not function and then aliens set in on them and a chaotic slaughter was on. The security officers did not panic and fell back to the Cargo Bay where they could set up a defensive position. Most of the civilian crew was lost. Describes the heart-wrenching order to seal the Cargo bay, even as survivors were screaming for help, because the aliens had arrived. Commendations are in order for officers Hayashi, Hertz, Brooks, Cool, and Rose. Posthumous honors for Officers Teague and Remmer.">
  <Criteria>
   <Criterion id="15659330456318451386" value="13680621263361472472" comparison="0" type="guid"/>
   <Criterion id="15659330456318451410" comparison="0" value="onTranscribeTrigger" fromResponse="0" type="default"/>
   <Criterion comparison="0" passIfMissing="false" id="15659330456318451477" type="guid" keyType="default" value="4349723564897456793"/>
  </Criteria>
 </ResponseRule>
 <ResponseSet id="4349723564913357741">
  <Response dialog="4349723564913357740" id="4349723564913357742" cooldown="0" weight="1" oneshot="0" completeConversation="0" delay="0"/>
 </ResponseSet>
 <ResponseRule id="4349723564913358083" name="" cooldown="" response="4349723564913358084">
  <Criteria>
   <Criterion id="15659330456318451386" value="13680621263361472472" comparison="0" type="guid"/>
   <Criterion id="15659330456318451410" comparison="0" value="4349723564913357742" fromResponse="1" type="guid"/>
   <Criterion id="15659330456318451477" value="4349723564897456793" comparison="0" type="guid"/>
  </Criteria>
 </ResponseRule>
 <ResponseSet id="4349723564913358084">
  <Response dialog="4349723564913358082" id="4349723564913358085" cooldown="0" weight="1" oneshot="0" completeConversation="0" delay="0.5"/>
 </ResponseSet>
 <ResponseRule id="4349723564913358157" name="" cooldown="" response="4349723564913358158">
  <Criteria>
   <Criterion id="15659330456318451386" value="13680621263361472472" comparison="0" type="guid"/>
   <Criterion id="15659330456318451410" comparison="0" value="4349723564913358085" fromResponse="1" type="guid"/>
   <Criterion id="15659330456318451477" value="4349723564897456793" comparison="0" type="guid"/>
  </Criteria>
 </ResponseRule>
 <ResponseSet id="4349723564913358158">
  <Response dialog="4349723564913358156" id="4349723564913358159" cooldown="0" weight="1" oneshot="0" completeConversation="0" delay="0.6"/>
 </ResponseSet>
 <ResponseRule id="4349723564913358297" name="" cooldown="" response="4349723564913358298">
  <Criteria>
   <Criterion id="15659330456318451386" value="13680621263361472472" comparison="0" type="guid"/>
   <Criterion id="15659330456318451410" comparison="0" value="4349723564913358159" fromResponse="1" type="guid"/>
   <Criterion id="15659330456318451477" value="4349723564897456793" comparison="0" type="guid"/>
  </Criteria>
 </ResponseRule>
 <ResponseSet id="4349723564913358298">
  <Response dialog="4349723564913358296" id="4349723564913358299" cooldown="0" weight="1" oneshot="0" completeConversation="0" delay="0.6"/>
 </ResponseSet>
 <ResponseRule id="4349723564913358364" name="" cooldown="" response="4349723564913358365">
  <Criteria>
   <Criterion id="15659330456318451386" value="13680621263361472472" comparison="0" type="guid"/>
   <Criterion id="15659330456318451410" comparison="0" value="4349723564913358299" fromResponse="1" type="guid"/>
   <Criterion id="15659330456318451477" value="4349723564897456793" comparison="0" type="guid"/>
  </Criteria>
 </ResponseRule>
 <ResponseSet id="4349723564913358365">
  <Response dialog="4349723564913358363" id="4349723564913358366" cooldown="0" weight="1" oneshot="0" completeConversation="0" delay="0.5"/>
 </ResponseSet>
 <ResponseSet id="4349723564913358573">
  <Response dialog="4349723564913358572" id="4349723564913358574" cooldown="0" weight="1" oneshot="0" completeConversation="0" delay="0"/>
 </ResponseSet>
 <ResponseRule id="4349723564913358612" name="Matt Cothron - Reports on Mysterious Shuttle Activity" cooldown="" response="4349723564913358613">
  <Criteria>
   <Criterion id="15659330456318451386" value="13680621263365953228" comparison="0" type="guid"/>
   <Criterion id="15659330456318451410" comparison="0" value="4349723564913358574" fromResponse="1" type="guid"/>
   <Criterion comparison="0" passIfMissing="false" id="15659330456318451477" type="guid" keyType="default" value="4349723564911788796"/>
  </Criteria>
 </ResponseRule>
 <ResponseSet id="4349723564913358613">
  <Response dialog="4349723564913358611" id="4349723564913358614" cooldown="0" weight="1" oneshot="0" completeConversation="0" delay="0.25" targetType="2" targetId="4349723564897456793" speakerTrackMethod="1" targetTrackMethod="0"/>
 </ResponseSet>
 <ResponseSet id="4349723564913359507">
  <Response dialog="4349723564913359506" id="4349723564913359508" cooldown="0" weight="1" oneshot="0" completeConversation="0" delay="0"/>
 </ResponseSet>
 <ResponseRule id="4349723564913359531" name="Sarah: TS, PowerOn" cooldown="" response="4349723564913359645" oneshot="1" description="Sarah tells Morgan &quot;good work&quot; when the power to the Fabricator comes on. She has tasked him with fabricating turrets for the defense of herarea and this is one of the major  steps.">
  <Criteria>
   <Criterion id="15659330456318451386" value="13680621263361472472" comparison="0" type="guid"/>
   <Criterion id="15659330456318451410" comparison="0" value="onTranscribeTrigger" fromResponse="0" type="default"/>
   <Criterion comparison="0" passIfMissing="false" id="15659330456318451477" type="guid" keyType="default" value="4349723564897456793"/>
  </Criteria>
 </ResponseRule>
 <ResponseRule id="4349723564913359364" name="Sarah: TS, Suffocating I" cooldown="" response="4349723564913359507" oneshot="1" description="Sarah calls Morgan and says they have been barricaded into Cargo Bay and the hired sabotuer Dahl has shut off the oxygen supply. There has been damage to the area and breathable air will run out fast.">
  <Criteria>
   <Criterion id="15659330456318451386" value="13680621263361472472" comparison="0" type="guid"/>
   <Criterion id="15659330456318451410" comparison="0" value="onTranscribeTrigger" fromResponse="0" type="default"/>
   <Criterion comparison="0" passIfMissing="false" id="15659330456318451477" type="guid" keyType="default" value="4349723564897456793"/>
  </Criteria>
 </ResponseRule>
 <ResponseRule id="4349723564930552721" name="Sarah: TS, Suffocating II" cooldown="" response="4349723564930552756" oneshot="1" description="Sarah calls Morgan and says they have been barricaded into Cargo Bay and the hired sabotuer Dahl has shut off the oxygen supply. There has been damage to the area and breathable air will run out fast.">
  <Criteria>
   <Criterion id="15659330456318451386" value="13680621263361472472" comparison="0" type="guid"/>
   <Criterion id="15659330456318451410" comparison="0" value="onTranscribeTrigger" fromResponse="0" type="default"/>
   <Criterion comparison="0" passIfMissing="false" id="15659330456318451477" type="guid" keyType="default" value="4349723564897456793"/>
  </Criteria>
 </ResponseRule>
 <ResponseRule id="4349723564913702107" name="Sarah: TS, BreatheAgain" cooldown="" response="4349723564913702232" oneshot="1" description="Commander Dahl tried to force Morgan to do his bidding by threatening Sarah and her security officers holed up in Cargo Bay. He remotely cut off thier air supply and barricaded them inside. The air has just started flowing again and Sarah calls Morgan to say they can breathe again ">
  <Criteria>
   <Criterion id="15659330456318451386" value="13680621263361472472" comparison="0" type="guid"/>
   <Criterion id="15659330456318451410" comparison="0" value="onTranscribeTrigger" fromResponse="0" type="default"/>
   <Criterion comparison="0" passIfMissing="false" id="15659330456318451477" type="guid" keyType="default" value="4349723564897456793"/>
  </Criteria>
 </ResponseRule>
 <ResponseRule id="13680621263389234341" name="Sarah: TS, Headed to Life Support" cooldown="" response="13680621263389234472" oneshot="1" description="Player killed Kaspar which allows Sara and any survivors to get out of the Cargo Bay. Sarah calls to let the player know she&apos;s headed to Life Support. ">
  <Criteria>
   <Criterion id="15659330456318451386" value="13680621263361472472" comparison="0" type="guid"/>
   <Criterion id="15659330456318451410" comparison="0" value="onTranscribeTrigger" fromResponse="0" type="default"/>
   <Criterion comparison="0" passIfMissing="false" id="15659330456318451477" type="guid" keyType="default" value="4349723564897456793"/>
  </Criteria>
 </ResponseRule>
 <ResponseRule id="13680621263389234408" name="Sarah: TS, Headed to Life Support-Alone" cooldown="" response="13680621263389235011" oneshot="1" description="Player killed Kaspar which allows Sara and any survivors to get out of the Cargo Bay. Sarah calls to let the player know she&apos;s headed to Life Support. She&apos;s alone.">
  <Criteria>
   <Criterion id="15659330456318451386" value="13680621263361472472" comparison="0" type="guid"/>
   <Criterion id="15659330456318451410" comparison="0" value="onTranscribeTrigger" fromResponse="0" type="default"/>
   <Criterion comparison="0" passIfMissing="false" id="15659330456318451477" type="guid" keyType="default" value="4349723564897456793"/>
  </Criteria>
 </ResponseRule>
 <ResponseRule id="13680621263389235622" name="Sarah: Life Support Captured, Sarah Alone" cooldown="" response="13680621263389235819" oneshot="1" description="Chief Sara Elazar attacked life support to re-capture it from Dahl&apos;s operators. She succeeded, but some lives were lost.">
  <Criteria>
   <Criterion id="15659330456318451386" value="13680621263361472472" comparison="0" type="guid"/>
   <Criterion id="15659330456318451410" comparison="0" value="onTranscribeTrigger" fromResponse="0" type="default"/>
   <Criterion comparison="0" passIfMissing="false" id="15659330456318451477" type="guid" keyType="default" value="4349723564897456793"/>
  </Criteria>
 </ResponseRule>
 <ResponseRule id="13680621263389235582" name="Sarah: Life Support Captured" cooldown="" response="13680621263389235867" oneshot="1" description="Chief Sara Elazar attacked life support to re-capture it from Dahl&apos;s operators. She was alone. ">
  <Criteria>
   <Criterion id="15659330456318451386" value="13680621263361472472" comparison="0" type="guid"/>
   <Criterion id="15659330456318451410" comparison="0" value="onTranscribeTrigger" fromResponse="0" type="default"/>
   <Criterion comparison="0" passIfMissing="false" id="15659330456318451477" type="guid" keyType="default" value="4349723564897456793"/>
  </Criteria>
 </ResponseRule>
 <ResponseSet id="4349723564913359645">
  <Response dialog="4349723564913359644" id="4349723564913359646" cooldown="0" weight="1" oneshot="0" completeConversation="0" delay="0"/>
 </ResponseSet>
 <ResponseSet id="13680621263369935043">
  <Response dialog="13680621263369935042" id="13680621263369935044" cooldown="0" weight="1" oneshot="0" completeConversation="0" delay="0"/>
 </ResponseSet>
 <ResponseRule id="4349723564913700212" name="Sarah: TS, ElevatorMassacre" cooldown="" oneshot="1" conversation="1" description="Sarah talks to one of her agents, Erica Teague, as she leads a group of survivors to the elevator after discovering that the escape pods will not operate. They are going to try and reach the shuttle bay to await rescue, only to discover that the elevator off this deck is not operating. They are at a dead end with something following them. Erica was supposed to be safe in Cargo bay but chose to rush out and try to help people escape at the last instant." response="4349723564913700441">
  <Criteria>
   <Criterion id="15659330456318451386" value="13680621263361472472" comparison="0" type="guid"/>
   <Criterion id="15659330456318451410" comparison="0" value="onTranscribeTrigger" fromResponse="0" type="default"/>
   <Criterion comparison="0" passIfMissing="false" id="15659330456318451477" type="guid" keyType="default" value="4349723564897456793"/>
  </Criteria>
 </ResponseRule>
 <ResponseSet id="4349723564913700441">
  <Response dialog="4349723564913700440" id="4349723564913700442" cooldown="0" weight="1" oneshot="0" completeConversation="0" delay="0" targetId="1" targetType="0" speakerTrackMethod="0" targetTrackMethod="0"/>
 </ResponseSet>
 <ResponseRule id="4349723564913700450" name="" cooldown="" response="4349723564913700451">
  <Criteria>
   <Criterion id="15659330456318451386" value="4349723564911543122" comparison="0" type="guid"/>
   <Criterion id="15659330456318451410" comparison="0" value="4349723564913700442" fromResponse="1" type="guid"/>
   <Criterion comparison="0" passIfMissing="false" id="15659330456318451477" type="guid" keyType="default" value="4349723564906961878"/>
  </Criteria>
 </ResponseRule>
 <ResponseSet id="4349723564913700451">
  <Response dialog="4349723564913700449" id="4349723564913700452" cooldown="0" weight="1" oneshot="0" completeConversation="0" delay=".5" targetType="2" targetId="4349723564897456793" speakerTrackMethod="0" targetTrackMethod="0" cutoff=".5"/>
 </ResponseSet>
 <ResponseRule id="4349723564913700490" name="" cooldown="" response="4349723564913700491">
  <Criteria>
   <Criterion id="15659330456318451386" value="13680621263361472472" comparison="0" type="guid"/>
   <Criterion id="15659330456318451410" comparison="0" value="4349723564913700452" fromResponse="1" type="guid"/>
   <Criterion id="15659330456318451477" value="4349723564897456793" comparison="0" type="guid"/>
  </Criteria>
 </ResponseRule>
 <ResponseSet id="4349723564913700491">
  <Response dialog="4349723564913700489" id="4349723564913700492" cooldown="0" weight="1" oneshot="0" completeConversation="0" delay="0" targetType="2" targetId="4349723564906961878" speakerTrackMethod="0" targetTrackMethod="0" cutoff="0"/>
 </ResponseSet>
 <ResponseRule id="4349723564913700505" name="" cooldown="" response="4349723564913700506">
  <Criteria>
   <Criterion id="15659330456318451386" value="4349723564911543122" comparison="0" type="guid"/>
   <Criterion id="15659330456318451410" comparison="0" value="4349723564913700492" fromResponse="1" type="guid"/>
   <Criterion id="15659330456318451477" value="4349723564906961878" comparison="0" type="guid"/>
  </Criteria>
 </ResponseRule>
 <ResponseSet id="4349723564913700506">
  <Response dialog="4349723564913700504" id="4349723564913700507" cooldown="0" weight="1" oneshot="0" completeConversation="0" delay="0" targetType="2" targetId="4349723564897456793" speakerTrackMethod="0" targetTrackMethod="0"/>
 </ResponseSet>
 <ResponseRule id="4349723564913700532" name="" cooldown="" response="4349723564913700533">
  <Criteria>
   <Criterion id="15659330456318451386" value="13680621263361472472" comparison="0" type="guid"/>
   <Criterion id="15659330456318451410" comparison="0" value="4349723564913700507" fromResponse="1" type="guid"/>
   <Criterion id="15659330456318451477" value="4349723564897456793" comparison="0" type="guid"/>
  </Criteria>
 </ResponseRule>
 <ResponseSet id="4349723564913700533">
  <Response dialog="4349723564913700531" id="4349723564913700534" cooldown="0" weight="1" oneshot="0" completeConversation="0" delay=".25" targetType="2" targetId="4349723564906961878" speakerTrackMethod="0" targetTrackMethod="0" cutoff="0"/>
 </ResponseSet>
 <ResponseRule id="4349723564913700547" name="" cooldown="" response="4349723564913700548">
  <Criteria>
   <Criterion id="15659330456318451386" value="4349723564911543122" comparison="0" type="guid"/>
   <Criterion id="15659330456318451410" comparison="0" value="4349723564913700534" fromResponse="1" type="guid"/>
   <Criterion id="15659330456318451477" value="4349723564906961878" comparison="0" type="guid"/>
  </Criteria>
 </ResponseRule>
 <ResponseSet id="4349723564913700548">
  <Response dialog="4349723564913700546" id="4349723564913700549" cooldown="0" weight="1" oneshot="0" completeConversation="0" delay="0" targetType="2" targetId="4349723564897456793" speakerTrackMethod="0" targetTrackMethod="0" cutoff=".5"/>
 </ResponseSet>
 <ResponseRule id="4349723564913700557" name="" cooldown="" response="4349723564913700558">
  <Criteria>
   <Criterion id="15659330456318451386" value="13680621263361472472" comparison="0" type="guid"/>
   <Criterion id="15659330456318451410" comparison="0" value="4349723564913700549" fromResponse="1" type="guid"/>
   <Criterion id="15659330456318451477" value="4349723564897456793" comparison="0" type="guid"/>
  </Criteria>
 </ResponseRule>
 <ResponseSet id="4349723564913700558">
  <Response dialog="4349723564913700556" id="4349723564913700559" cooldown="0" weight="1" oneshot="0" completeConversation="0" delay="0" targetType="2" targetId="4349723564906961878" speakerTrackMethod="0" targetTrackMethod="0"/>
 </ResponseSet>
 <ResponseRule id="4349723564913700567" name="" cooldown="" response="4349723564913700568">
  <Criteria>
   <Criterion id="15659330456318451386" value="4349723564911543122" comparison="0" type="guid"/>
   <Criterion id="15659330456318451410" comparison="0" value="4349723564913700559" fromResponse="1" type="guid"/>
   <Criterion id="15659330456318451477" value="4349723564906961878" comparison="0" type="guid"/>
  </Criteria>
 </ResponseRule>
 <ResponseSet id="4349723564913700568">
  <Response dialog="4349723564913700566" id="4349723564913700569" cooldown="0" weight="1" oneshot="0" completeConversation="0" delay="0" targetType="2" targetId="4349723564897456793" speakerTrackMethod="0" targetTrackMethod="0"/>
 </ResponseSet>
 <ResponseRule id="4349723564913700576" name="" cooldown="" response="4349723564913700587">
  <Criteria>
   <Criterion id="15659330456318451386" value="4349723564911543122" comparison="0" type="guid"/>
   <Criterion id="15659330456318451410" comparison="0" value="4349723564913700569" fromResponse="1" type="guid"/>
   <Criterion id="15659330456318451477" value="4349723564906961878" comparison="0" type="guid"/>
  </Criteria>
 </ResponseRule>
 <ResponseSet id="4349723564913700587">
  <Response dialog="4349723564913700585" id="4349723564913700588" cooldown="0" weight="1" oneshot="0" completeConversation="0" delay="0" targetType="2" targetId="4349723564897456793" speakerTrackMethod="0" targetTrackMethod="0" cutoff="1"/>
 </ResponseSet>
 <ResponseRule id="4349723564913700594" name="" cooldown="" response="4349723564913700595">
  <Criteria>
   <Criterion id="15659330456318451386" value="13680621263361472472" comparison="0" type="guid"/>
   <Criterion id="15659330456318451410" comparison="0" value="4349723564913700588" fromResponse="1" type="guid"/>
   <Criterion id="15659330456318451477" value="4349723564897456793" comparison="0" type="guid"/>
  </Criteria>
 </ResponseRule>
 <ResponseSet id="4349723564913700595">
  <Response dialog="4349723564913700593" id="4349723564913700596" cooldown="0" weight="1" oneshot="0" completeConversation="1" delay="0" targetType="2" targetId="4349723564906961878" speakerTrackMethod="0" targetTrackMethod="0"/>
 </ResponseSet>
 <ResponseSet id="4349723564913702232">
  <Response dialog="4349723564913702231" id="4349723564913702233" cooldown="0" weight="1" oneshot="0" completeConversation="0" delay="0"/>
 </ResponseSet>
 <ResponseRule id="13680621263372627741" name="Sarah: TS, Reboot: Was That You?" cooldown="" response="13680621263372627834" oneshot="1" description="Power on Talos was just rebooted causing all the systems on the station to shut down for a brief period. For a moment Sarah and her survivors were without lights, heat, gravity, radiation shielding or air circulation. Like spending a moment in a metal coffin adrift in space. ">
  <Criteria>
   <Criterion id="15659330456318451386" value="13680621263361472472" comparison="0" type="guid"/>
   <Criterion id="15659330456318451410" comparison="0" value="onTranscribeTrigger" fromResponse="0" type="default"/>
   <Criterion comparison="0" passIfMissing="false" id="15659330456318451477" type="guid" keyType="default" value="4349723564897456793"/>
  </Criteria>
 </ResponseRule>
 <ResponseSet id="13680621263372627834">
  <Response dialog="13680621263372627833" id="13680621263372627835" cooldown="0" weight="1" oneshot="0" completeConversation="0" delay="0"/>
 </ResponseSet>
 <ResponseRule id="13680621263378051770" name="Sarah: TS, Find Grant Lockwood" cooldown="" response="13680621263378052767" oneshot="1" description="Sarah calls one of her officers and tells them to find a crewman that has gone AWOL and is a risk to smooth operation of the space station. The alien crisis has not revealed itself yet so this is not life-or-death, although the stakes are meaningful." conversation="1">
  <Criteria>
   <Criterion id="15659330456318451386" value="13680621263361472472" comparison="0" type="guid"/>
   <Criterion id="15659330456318451410" comparison="0" value="onTranscribeTrigger" fromResponse="0" type="default"/>
   <Criterion comparison="0" passIfMissing="false" id="15659330456318451477" type="guid" keyType="default" value="4349723564897456793"/>
  </Criteria>
 </ResponseRule>
 <ResponseSet id="13680621263378052767">
  <Response dialog="13680621263378055616" id="13680621263378052768" cooldown="0" weight="1" oneshot="0" completeConversation="0" delay="0"/>
 </ResponseSet>
 <ResponseSet id="4349723564927260729">
  <Response dialog="4349723564927260728" id="4349723564927260730" cooldown="0" weight="1" oneshot="0" completeConversation="0" delay="0"/>
 </ResponseSet>
 <ResponseRule id="4349723564930202051" name="" cooldown="" response="4349723564930202052">
  <Criteria>
   <Criterion id="15659330456318451386" value="13680621263353786198" comparison="0" type="guid"/>
   <Criterion id="15659330456318451410" comparison="0" value="13680621263378052768" fromResponse="1" type="guid"/>
   <Criterion comparison="0" passIfMissing="false" id="15659330456318451477" type="guid" keyType="default" value="4349723564911788438"/>
  </Criteria>
 </ResponseRule>
 <ResponseSet id="4349723564930202052">
  <Response dialog="4349723564930202050" id="4349723564930202053" cooldown="0" weight="1" oneshot="0" completeConversation="0" delay="0.5" targetType="2" targetId="4349723564897456793" speakerTrackMethod="0" targetTrackMethod="0"/>
 </ResponseSet>
 <ResponseRule id="4349723564930202086" name="" cooldown="" response="4349723564930202087">
  <Criteria>
   <Criterion id="15659330456318451386" value="13680621263361472472" comparison="0" type="guid"/>
   <Criterion id="15659330456318451410" comparison="0" value="4349723564930202053" fromResponse="1" type="guid"/>
   <Criterion id="15659330456318451477" value="4349723564897456793" comparison="0" type="guid"/>
  </Criteria>
 </ResponseRule>
 <ResponseSet id="4349723564930202087">
  <Response dialog="4349723564930202085" id="4349723564930202088" cooldown="0" weight="1" oneshot="0" completeConversation="0" delay="0"/>
 </ResponseSet>
 <ResponseRule id="4349723564930202097" name="" cooldown="" response="4349723564930202098">
  <Criteria>
   <Criterion id="15659330456318451386" value="13680621263353786198" comparison="0" type="guid"/>
   <Criterion id="15659330456318451410" comparison="0" value="4349723564930202088" fromResponse="1" type="guid"/>
   <Criterion comparison="0" passIfMissing="false" id="15659330456318451477" type="guid" keyType="default" value="4349723564911788438"/>
  </Criteria>
 </ResponseRule>
 <ResponseSet id="4349723564930202098">
  <Response dialog="4349723564930202096" id="4349723564930202099" cooldown="0" weight="1" oneshot="0" completeConversation="1" delay="0.25" targetType="2" targetId="4349723564897456793" speakerTrackMethod="0" targetTrackMethod="0"/>
 </ResponseSet>
 <ResponseRule id="4349723564930295951" name="" cooldown="" response="4349723564930295952">
  <Criteria>
   <Criterion id="15659330456318451386" value="13680621263365953228" comparison="0" type="guid"/>
   <Criterion id="15659330456318451410" comparison="0" value="4349723564913358614" fromResponse="1" type="guid"/>
   <Criterion comparison="0" passIfMissing="false" id="15659330456318451477" type="guid" keyType="default" value="4349723564911788796"/>
  </Criteria>
 </ResponseRule>
 <ResponseSet id="4349723564930295952">
  <Response dialog="4349723564930295950" id="4349723564930295953" cooldown="0" weight="1" oneshot="0" completeConversation="0" delay="0.5" targetType="2" targetId="4349723564897456793" speakerTrackMethod="1" targetTrackMethod="0"/>
 </ResponseSet>
 <ResponseRule id="4349723564930295989" name="" cooldown="" response="4349723564930295990">
  <Criteria>
   <Criterion id="15659330456318451386" value="13680621263361472472" comparison="0" type="guid"/>
   <Criterion id="15659330456318451410" comparison="0" value="4349723564930295953" fromResponse="1" type="guid"/>
   <Criterion id="15659330456318451477" value="4349723564897456793" comparison="0" type="guid"/>
  </Criteria>
 </ResponseRule>
 <ResponseSet id="4349723564930295990">
  <Response dialog="4349723564930295988" id="4349723564930295991" cooldown="0" weight="1" oneshot="0" completeConversation="0" delay="0.25"/>
 </ResponseSet>
 <ResponseRule id="4349723564930296001" name="" cooldown="" response="4349723564930296002">
  <Criteria>
   <Criterion id="15659330456318451386" value="13680621263365953228" comparison="0" type="guid"/>
   <Criterion id="15659330456318451410" comparison="0" value="4349723564930295991" fromResponse="1" type="guid"/>
   <Criterion comparison="0" passIfMissing="false" id="15659330456318451477" type="guid" keyType="default" value="4349723564911788796"/>
  </Criteria>
 </ResponseRule>
 <ResponseSet id="4349723564930296002">
  <Response dialog="4349723564930296000" id="4349723564930296003" cooldown="0" weight="1" oneshot="0" completeConversation="0" delay="0.25" targetType="2" targetId="4349723564897456793" speakerTrackMethod="1" targetTrackMethod="0"/>
 </ResponseSet>
 <ResponseRule id="4349723564930296047" name="" cooldown="" response="4349723564930296048">
  <Criteria>
   <Criterion id="15659330456318451386" value="13680621263361472472" comparison="0" type="guid"/>
   <Criterion id="15659330456318451410" comparison="0" value="4349723564930296003" fromResponse="1" type="guid"/>
   <Criterion id="15659330456318451477" value="4349723564897456793" comparison="0" type="guid"/>
  </Criteria>
 </ResponseRule>
 <ResponseSet id="4349723564930296048">
  <Response dialog="4349723564930296046" id="4349723564930296049" cooldown="0" weight="1" oneshot="0" completeConversation="0" delay="0.5"/>
 </ResponseSet>
 <ResponseRule id="4349723564930296056" name="" cooldown="" response="4349723564930296057">
  <Criteria>
   <Criterion id="15659330456318451386" value="13680621263365953228" comparison="0" type="guid"/>
   <Criterion id="15659330456318451410" comparison="0" value="4349723564930296049" fromResponse="1" type="guid"/>
   <Criterion comparison="0" passIfMissing="false" id="15659330456318451477" type="guid" keyType="default" value="4349723564911788796"/>
  </Criteria>
 </ResponseRule>
 <ResponseSet id="4349723564930296057">
  <Response dialog="4349723564930296055" id="4349723564930296058" cooldown="0" weight="1" oneshot="0" completeConversation="0" delay="0.25" targetType="2" targetId="4349723564897456793" speakerTrackMethod="1" targetTrackMethod="0"/>
 </ResponseSet>
 <ResponseRule id="4349723564930296065" name="" cooldown="" response="4349723564930296066">
  <Criteria>
   <Criterion id="15659330456318451386" value="13680621263361472472" comparison="0" type="guid"/>
   <Criterion id="15659330456318451410" comparison="0" value="4349723564930296058" fromResponse="1" type="guid"/>
   <Criterion id="15659330456318451477" value="4349723564897456793" comparison="0" type="guid"/>
  </Criteria>
 </ResponseRule>
 <ResponseSet id="4349723564930296066">
  <Response dialog="4349723564930296064" id="4349723564930296067" cooldown="0" weight="1" oneshot="0" completeConversation="1" delay="0.5"/>
 </ResponseSet>
 <ResponseRule id="4349723564930296391" name="" cooldown="" response="4349723564930296392">
  <Criteria>
   <Criterion id="15659330456318451386" value="13680621263353786218" comparison="0" type="guid"/>
   <Criterion id="15659330456318451410" comparison="0" value="4349723564913349798" fromResponse="1" type="guid"/>
   <Criterion comparison="0" passIfMissing="false" id="15659330456318451477" type="guid" keyType="default" value="4349723564907034797"/>
  </Criteria>
 </ResponseRule>
 <ResponseSet id="4349723564930296392">
  <Response dialog="4349723564930296390" id="4349723564930296393" cooldown="0" weight="1" oneshot="0" completeConversation="0" delay="0.25" targetType="2" targetId="4349723564897456793" speakerTrackMethod="1" targetTrackMethod="0"/>
 </ResponseSet>
 <ResponseRule id="4349723564930296413" name="" cooldown="" response="4349723564930296414">
  <Criteria>
   <Criterion id="15659330456318451386" value="13680621263361472472" comparison="0" type="guid"/>
   <Criterion id="15659330456318451410" comparison="0" value="4349723564930296393" fromResponse="1" type="guid"/>
   <Criterion id="15659330456318451477" value="4349723564897456793" comparison="0" type="guid"/>
  </Criteria>
 </ResponseRule>
 <ResponseSet id="4349723564930296414">
  <Response dialog="4349723564913349916" id="4349723564930296415" cooldown="0" weight="1" oneshot="0" completeConversation="0" delay="0.5"/>
 </ResponseSet>
 <ResponseRule id="4349723564930296425" name="" cooldown="" response="4349723564930296426">
  <Criteria>
   <Criterion id="15659330456318451386" value="13680621263353786218" comparison="0" type="guid"/>
   <Criterion id="15659330456318451410" comparison="0" value="4349723564930296415" fromResponse="1" type="guid"/>
   <Criterion comparison="0" passIfMissing="false" id="15659330456318451477" type="guid" keyType="default" value="4349723564907034797"/>
  </Criteria>
 </ResponseRule>
 <ResponseSet id="4349723564930296426">
  <Response dialog="4349723564930296424" id="4349723564930296427" cooldown="0" weight="1" oneshot="0" completeConversation="0" delay="0.25" targetType="2" targetId="4349723564897456793" speakerTrackMethod="1" targetTrackMethod="0"/>
 </ResponseSet>
 <ResponseRule id="4349723564930296451" name="" cooldown="" response="4349723564930296452">
  <Criteria>
   <Criterion id="15659330456318451386" value="13680621263361472472" comparison="0" type="guid"/>
   <Criterion id="15659330456318451410" comparison="0" value="4349723564930296427" fromResponse="1" type="guid"/>
   <Criterion id="15659330456318451477" value="4349723564897456793" comparison="0" type="guid"/>
  </Criteria>
 </ResponseRule>
 <ResponseSet id="4349723564930296452">
  <Response dialog="4349723564913350399" id="4349723564930296453" cooldown="0" weight="1" oneshot="0" completeConversation="1" delay="0.5"/>
 </ResponseSet>
 <ResponseSet id="4349723564930548536">
  <Response dialog="4349723564910676363" id="4349723564930548537" cooldown="0" weight="1" oneshot="0" completeConversation="0" delay="0"/>
 </ResponseSet>
 <ResponseRule id="4349723564930548585" name="" cooldown="" response="4349723564930548586">
  <Criteria>
   <Criterion id="15659330456318451386" value="13680621263361472472" comparison="0" type="guid"/>
   <Criterion id="15659330456318451410" comparison="0" value="4349723564930548537" fromResponse="1" type="guid"/>
   <Criterion id="15659330456318451477" value="4349723564897456793" comparison="0" type="guid"/>
  </Criteria>
 </ResponseRule>
 <ResponseSet id="4349723564930548586">
  <Response dialog="4349723564930548535" id="4349723564930548587" cooldown="0" weight="1" oneshot="0" completeConversation="0" delay="0.6"/>
 </ResponseSet>
 <ResponseSet id="4349723564930548605">
  <Response dialog="4349723564930548604" id="4349723564930548606" cooldown="0" weight="1" oneshot="0" completeConversation="1" delay="0"/>
 </ResponseSet>
 <ResponseRule id="4349723564930548664" name="" cooldown="" response="4349723564930548665">
  <Criteria>
   <Criterion id="15659330456318451386" value="13680621263361472472" comparison="0" type="guid"/>
   <Criterion id="15659330456318451410" comparison="0" value="13680621263372627835" fromResponse="1" type="guid"/>
   <Criterion id="15659330456318451477" value="4349723564897456793" comparison="0" type="guid"/>
  </Criteria>
 </ResponseRule>
 <ResponseSet id="4349723564930548665">
  <Response dialog="4349723564930548663" id="4349723564930548666" cooldown="0" weight="1" oneshot="0" completeConversation="1" delay="0.6"/>
 </ResponseSet>
 <ResponseRule id="4349723564930551932" name="" cooldown="" response="4349723564930551933">
  <Criteria>
   <Criterion id="15659330456318451386" value="13680621263361472472" comparison="0" type="guid"/>
   <Criterion id="15659330456318451410" comparison="0" value="4349723564913358366" fromResponse="1" type="guid"/>
   <Criterion id="15659330456318451477" value="4349723564897456793" comparison="0" type="guid"/>
  </Criteria>
 </ResponseRule>
 <ResponseSet id="4349723564930551933">
  <Response dialog="4349723564930551931" id="4349723564930551934" cooldown="0" weight="1" oneshot="0" completeConversation="0" delay="0.5"/>
 </ResponseSet>
 <ResponseRule id="4349723564930551957" name="" cooldown="" response="4349723564930551958">
  <Criteria>
   <Criterion id="15659330456318451386" value="13680621263361472472" comparison="0" type="guid"/>
   <Criterion id="15659330456318451410" comparison="0" value="4349723564930551934" fromResponse="1" type="guid"/>
   <Criterion id="15659330456318451477" value="4349723564897456793" comparison="0" type="guid"/>
  </Criteria>
 </ResponseRule>
 <ResponseSet id="4349723564930551958">
  <Response dialog="4349723564930551956" id="4349723564930551959" cooldown="0" weight="1" oneshot="0" completeConversation="1" delay="1"/>
 </ResponseSet>
 <ResponseRule id="4349723564930552172" name="" cooldown="" response="4349723564930552173">
  <Criteria>
   <Criterion id="15659330456318451386" value="13680621263361472472" comparison="0" type="guid"/>
   <Criterion id="15659330456318451410" comparison="0" value="13680621263369935044" fromResponse="1" type="guid"/>
   <Criterion id="15659330456318451477" value="4349723564897456793" comparison="0" type="guid"/>
  </Criteria>
 </ResponseRule>
 <ResponseSet id="4349723564930552173">
  <Response dialog="4349723564930552171" id="4349723564930552174" cooldown="0" weight="1" oneshot="0" completeConversation="0" delay="0.6"/>
 </ResponseSet>
 <ResponseRule id="4349723564930552181" name="" cooldown="" response="4349723564930552182">
  <Criteria>
   <Criterion id="15659330456318451386" value="13680621263361472472" comparison="0" type="guid"/>
   <Criterion id="15659330456318451410" comparison="0" value="4349723564930552174" fromResponse="1" type="guid"/>
   <Criterion id="15659330456318451477" value="4349723564897456793" comparison="0" type="guid"/>
  </Criteria>
 </ResponseRule>
 <ResponseSet id="4349723564930552182">
  <Response dialog="4349723564930552180" id="4349723564930552183" cooldown="0" weight="1" oneshot="0" completeConversation="1" delay="0.6"/>
 </ResponseSet>
 <ResponseRule id="4349723564930552239" name="" cooldown="" response="4349723564930552240">
  <Criteria>
   <Criterion id="15659330456318451386" value="13680621263361472472" comparison="0" type="guid"/>
   <Criterion id="15659330456318451410" comparison="0" value="4349723564927260730" fromResponse="1" type="guid"/>
   <Criterion id="15659330456318451477" value="4349723564897456793" comparison="0" type="guid"/>
  </Criteria>
 </ResponseRule>
 <ResponseSet id="4349723564930552240">
  <Response dialog="4349723564930552238" id="4349723564930552241" cooldown="0" weight="1" oneshot="0" completeConversation="0" delay="0.5"/>
 </ResponseSet>
 <ResponseRule id="4349723564930552247" name="" cooldown="" response="4349723564930552248">
  <Criteria>
   <Criterion id="15659330456318451386" value="13680621263361472472" comparison="0" type="guid"/>
   <Criterion id="15659330456318451410" comparison="0" value="4349723564930552241" fromResponse="1" type="guid"/>
   <Criterion id="15659330456318451477" value="4349723564897456793" comparison="0" type="guid"/>
  </Criteria>
 </ResponseRule>
 <ResponseSet id="4349723564930552248">
  <Response dialog="4349723564930552246" id="4349723564930552249" cooldown="0" weight="1" oneshot="0" completeConversation="1" delay="0.5"/>
 </ResponseSet>
 <ResponseRule id="4349723564930552305" name="" cooldown="" response="4349723564930552306">
  <Criteria>
   <Criterion id="15659330456318451386" value="13680621263361472472" comparison="0" type="guid"/>
   <Criterion id="15659330456318451410" comparison="0" value="4349723564910676975" fromResponse="1" type="guid"/>
   <Criterion id="15659330456318451477" value="4349723564897456793" comparison="0" type="guid"/>
  </Criteria>
 </ResponseRule>
 <ResponseSet id="4349723564930552306">
  <Response dialog="4349723564930552304" id="4349723564930552307" cooldown="0" weight="1" oneshot="0" completeConversation="0" delay="0.25"/>
 </ResponseSet>
 <ResponseRule id="4349723564930552314" name="" cooldown="" response="4349723564930552315">
  <Criteria>
   <Criterion id="15659330456318451386" value="13680621263361472472" comparison="0" type="guid"/>
   <Criterion id="15659330456318451410" comparison="0" value="4349723564930552307" fromResponse="1" type="guid"/>
   <Criterion id="15659330456318451477" value="4349723564897456793" comparison="0" type="guid"/>
  </Criteria>
 </ResponseRule>
 <ResponseSet id="4349723564930552315">
  <Response dialog="4349723564930552313" id="4349723564930552316" cooldown="0" weight="1" oneshot="0" completeConversation="1" delay="0.6"/>
 </ResponseSet>
 <ResponseRule id="4349723564930552541" name="" cooldown="" response="4349723564930552542">
  <Criteria>
   <Criterion id="15659330456318451386" value="13680621263361472472" comparison="0" type="guid"/>
   <Criterion id="15659330456318451410" comparison="0" value="4349723564913702233" fromResponse="1" type="guid"/>
   <Criterion id="15659330456318451477" value="4349723564897456793" comparison="0" type="guid"/>
  </Criteria>
 </ResponseRule>
 <ResponseSet id="4349723564930552542">
  <Response dialog="4349723564930552540" id="4349723564930552543" cooldown="0" weight="1" oneshot="0" completeConversation="0" delay="0.25"/>
 </ResponseSet>
 <ResponseRule id="4349723564930552552" name="" cooldown="" response="4349723564930552553">
  <Criteria>
   <Criterion id="15659330456318451386" value="13680621263361472472" comparison="0" type="guid"/>
   <Criterion id="15659330456318451410" comparison="0" value="4349723564930552543" fromResponse="1" type="guid"/>
   <Criterion id="15659330456318451477" value="4349723564897456793" comparison="0" type="guid"/>
  </Criteria>
 </ResponseRule>
 <ResponseSet id="4349723564930552553">
  <Response dialog="4349723564930552551" id="4349723564930552554" cooldown="0" weight="1" oneshot="0" completeConversation="1" delay="0.6"/>
 </ResponseSet>
 <ResponseRule id="4349723564930552627" name="" cooldown="" response="4349723564930552628">
  <Criteria>
   <Criterion id="15659330456318451386" value="13680621263361472472" comparison="0" type="guid"/>
   <Criterion id="15659330456318451410" comparison="0" value="4349723564913359646" fromResponse="1" type="guid"/>
   <Criterion id="15659330456318451477" value="4349723564897456793" comparison="0" type="guid"/>
  </Criteria>
 </ResponseRule>
 <ResponseSet id="4349723564930552628">
  <Response dialog="4349723564930552626" id="4349723564930552629" cooldown="0" weight="1" oneshot="0" completeConversation="1" delay="0.5"/>
 </ResponseSet>
 <ResponseRule id="4349723564930552694" name="" cooldown="" response="4349723564930552695">
  <Criteria>
   <Criterion id="15659330456318451386" value="13680621263361472472" comparison="0" type="guid"/>
   <Criterion id="15659330456318451410" comparison="0" value="4349723564913359508" fromResponse="1" type="guid"/>
   <Criterion id="15659330456318451477" value="4349723564897456793" comparison="0" type="guid"/>
  </Criteria>
 </ResponseRule>
 <ResponseSet id="4349723564930552695">
  <Response dialog="4349723564930552693" id="4349723564930552696" cooldown="0" weight="1" oneshot="0" completeConversation="0" delay="0.5"/>
 </ResponseSet>
 <ResponseRule id="4349723564930552713" name="" cooldown="" response="4349723564930552714">
  <Criteria>
   <Criterion id="15659330456318451386" value="13680621263361472472" comparison="0" type="guid"/>
   <Criterion id="15659330456318451410" comparison="0" value="4349723564930552696" fromResponse="1" type="guid"/>
   <Criterion id="15659330456318451477" value="4349723564897456793" comparison="0" type="guid"/>
  </Criteria>
 </ResponseRule>
 <ResponseSet id="4349723564930552714">
  <Response dialog="4349723564930552712" id="4349723564930552715" cooldown="0" weight="1" oneshot="0" completeConversation="1" delay="0.6"/>
 </ResponseSet>
 <ResponseSet id="4349723564930552756">
  <Response dialog="4349723564930552755" id="4349723564930552757" cooldown="0" weight="1" oneshot="0" completeConversation="1" delay="0"/>
 </ResponseSet>
 <ResponseSet id="4349723564930552987">
  <Response dialog="4349723564930552986" id="4349723564930552988" cooldown="0" weight="1" oneshot="0" completeConversation="1" delay="0"/>
 </ResponseSet>
 <ResponseRule id="4349723564930553088" name="Sarah: TS, Come to the Shuttle Bay I" cooldown="" response="4349723564930553150" oneshot="1" description="Morgan has activated the self destruct and Talos is now on a countdown to blow up. Sarah is safely aboard the last remaining shuttle ready to flee the station. She wan&apos;t to wait for Morgan to get there and leave with them, but time is running out.">
  <Criteria>
   <Criterion id="15659330456318451386" value="13680621263361472472" comparison="0" type="guid"/>
   <Criterion id="15659330456318451410" comparison="0" value="onTranscribeTrigger" fromResponse="0" type="default"/>
   <Criterion comparison="0" passIfMissing="false" id="15659330456318451477" type="guid" keyType="default" value="4349723564897456793"/>
  </Criteria>
 </ResponseRule>
 <ResponseRule id="4349723564930553092" name="Sarah: TS, Come to the Shuttle Bay II" cooldown="" response="4349723564930553235" oneshot="1" description="Morgan has activated the self destruct and Talos is now on a countdown to blow up. Sarah is safely aboard the last remaining shuttle ready to flee the station. She wan&apos;t to wait for Morgan to get there and leave with them, but time is running out.">
  <Criteria>
   <Criterion id="15659330456318451386" value="13680621263361472472" comparison="0" type="guid"/>
   <Criterion id="15659330456318451410" comparison="0" value="onTranscribeTrigger" fromResponse="0" type="default"/>
   <Criterion comparison="0" passIfMissing="false" id="15659330456318451477" type="guid" keyType="default" value="4349723564897456793"/>
  </Criteria>
 </ResponseRule>
 <ResponseRule id="13680621263369934990" name="Sarah: TS, Final Goodbye, Morgan Staying. Yes Turrets." cooldown="" response="13680621263369935043" oneshot="1" description="Sarah&apos;s final goodbye as the shuttle she is on leaves Talos without Morgan. As far as she knows Morgan has zero chance of survival. She may hold Morgan partially responsible for the disaster that killed so many people and will not be overly sentimental, but Morgan did help her by providing support when he arrived in her refuge. She senses that Morgan may be sacrificing him/herself as atonement.">
  <Criteria>
   <Criterion id="15659330456318451386" value="13680621263361472472" comparison="0" type="guid"/>
   <Criterion id="15659330456318451410" comparison="0" value="onTranscribeTrigger" fromResponse="0" type="default"/>
   <Criterion comparison="0" passIfMissing="false" id="15659330456318451477" type="guid" keyType="default" value="4349723564897456793"/>
  </Criteria>
 </ResponseRule>
 <ResponseRule id="4349723564927260590" name="Sarah: TS, Final Goodbye, Morgan Staying. No Turrets" cooldown="" response="4349723564927260729" oneshot="1" description="Sarah&apos;s final goodbye as the shuttle she is on leaves Talos without Morgan. As far as she knows Morgan has zero chance of survival. She may hold Morgan partially responsible for the disaster that killed so many people and will not be overly sentimental. Since he did not manage to help her when she was in need she feels justice is being served.">
  <Criteria>
   <Criterion id="15659330456318451386" value="13680621263361472472" comparison="0" type="guid"/>
   <Criterion id="15659330456318451410" comparison="0" value="onTranscribeTrigger" fromResponse="0" type="default"/>
   <Criterion comparison="0" passIfMissing="false" id="15659330456318451477" type="guid" keyType="default" value="4349723564897456793"/>
  </Criteria>
 </ResponseRule>
 <ResponseSet id="4349723564930553150">
  <Response dialog="4349723564930553149" id="4349723564930553151" cooldown="0" weight="1" oneshot="0" completeConversation="0" delay="0"/>
 </ResponseSet>
 <ResponseRule id="4349723564930553153" name="" cooldown="" response="4349723564930553154">
  <Criteria>
   <Criterion id="15659330456318451386" value="13680621263361472472" comparison="0" type="guid"/>
   <Criterion id="15659330456318451410" comparison="0" value="4349723564930553151" fromResponse="1" type="guid"/>
   <Criterion id="15659330456318451477" value="4349723564897456793" comparison="0" type="guid"/>
  </Criteria>
 </ResponseRule>
 <ResponseSet id="4349723564930553154">
  <Response dialog="4349723564930553152" id="4349723564930553155" cooldown="0" weight="1" oneshot="0" completeConversation="0" delay="0.5"/>
 </ResponseSet>
 <ResponseRule id="4349723564930553157" name="" cooldown="" response="4349723564930553158">
  <Criteria>
   <Criterion id="15659330456318451386" value="13680621263361472472" comparison="0" type="guid"/>
   <Criterion id="15659330456318451410" comparison="0" value="4349723564930553155" fromResponse="1" type="guid"/>
   <Criterion id="15659330456318451477" value="4349723564897456793" comparison="0" type="guid"/>
  </Criteria>
 </ResponseRule>
 <ResponseSet id="4349723564930553158">
  <Response dialog="4349723564930553156" id="4349723564930553159" cooldown="0" weight="1" oneshot="0" completeConversation="1" delay="0.6"/>
 </ResponseSet>
 <ResponseSet id="4349723564930553235">
  <Response dialog="4349723564930553234" id="4349723564930553236" cooldown="0" weight="1" oneshot="0" completeConversation="1" delay="0"/>
 </ResponseSet>
 <ResponseSet id="13680621263389234472">
  <Response dialog="13680621263389234471" id="13680621263389234473" cooldown="0" weight="1" oneshot="0" completeConversation="0" delay="0"/>
 </ResponseSet>
 <ResponseRule id="13680621263389234517" name="" cooldown="" response="13680621263389234518">
  <Criteria>
   <Criterion id="15659330456318451386" value="13680621263361472472" comparison="0" type="guid"/>
   <Criterion id="15659330456318451410" comparison="0" value="13680621263389234473" fromResponse="1" type="guid"/>
   <Criterion id="15659330456318451477" value="4349723564897456793" comparison="0" type="guid"/>
  </Criteria>
 </ResponseRule>
 <ResponseSet id="13680621263389234518">
  <Response dialog="13680621263389234516" id="13680621263389234519" cooldown="0" weight="1" oneshot="0" completeConversation="0" delay="0.5"/>
 </ResponseSet>
 <ResponseRule id="13680621263389234618" name="" cooldown="" response="13680621263389234619">
  <Criteria>
   <Criterion id="15659330456318451386" value="13680621263361472472" comparison="0" type="guid"/>
   <Criterion id="15659330456318451410" comparison="0" value="13680621263389234519" fromResponse="1" type="guid"/>
   <Criterion id="15659330456318451477" value="4349723564897456793" comparison="0" type="guid"/>
  </Criteria>
 </ResponseRule>
 <ResponseSet id="13680621263389234619">
  <Response dialog="13680621263389234617" id="13680621263389234620" cooldown="0" weight="1" oneshot="0" completeConversation="1" delay="0.5"/>
 </ResponseSet>
 <ResponseSet id="13680621263389235011">
  <Response dialog="13680621263389234471" id="13680621263389235012" cooldown="0" weight="1" oneshot="0" completeConversation="0" delay="0"/>
 </ResponseSet>
 <ResponseRule id="13680621263389235035" name="" cooldown="" response="13680621263389235036">
  <Criteria>
   <Criterion id="15659330456318451386" value="13680621263361472472" comparison="0" type="guid"/>
   <Criterion id="15659330456318451410" comparison="0" value="13680621263389235012" fromResponse="1" type="guid"/>
   <Criterion id="15659330456318451477" value="4349723564897456793" comparison="0" type="guid"/>
  </Criteria>
 </ResponseRule>
 <ResponseSet id="13680621263389235036">
  <Response dialog="13680621263389235034" id="13680621263389235037" cooldown="0" weight="1" oneshot="0" completeConversation="0" delay="0.5"/>
 </ResponseSet>
 <ResponseRule id="13680621263389235098" name="" cooldown="" response="13680621263389235099">
  <Criteria>
   <Criterion id="15659330456318451386" value="13680621263361472472" comparison="0" type="guid"/>
   <Criterion id="15659330456318451410" comparison="0" value="13680621263389235037" fromResponse="1" type="guid"/>
   <Criterion id="15659330456318451477" value="4349723564897456793" comparison="0" type="guid"/>
  </Criteria>
 </ResponseRule>
 <ResponseSet id="13680621263389235099">
  <Response dialog="13680621263389235097" id="13680621263389235100" cooldown="0" weight="1" oneshot="0" completeConversation="0" delay="0.5"/>
 </ResponseSet>
 <ResponseRule id="13680621263389235390" name="" cooldown="" response="13680621263389235391">
  <Criteria>
   <Criterion id="15659330456318451386" value="13680621263361472472" comparison="0" type="guid"/>
   <Criterion id="15659330456318451410" comparison="0" value="13680621263389235100" fromResponse="1" type="guid"/>
   <Criterion id="15659330456318451477" value="4349723564897456793" comparison="0" type="guid"/>
  </Criteria>
 </ResponseRule>
 <ResponseSet id="13680621263389235391">
  <Response dialog="13680621263389235389" id="13680621263389235392" cooldown="0" weight="1" oneshot="0" completeConversation="1" delay="0.6"/>
 </ResponseSet>
 <ResponseSet id="13680621263389235819">
  <Response dialog="13680621263389235818" id="13680621263389235820" cooldown="0" weight="1" oneshot="0" completeConversation="0" delay="0"/>
 </ResponseSet>
 <ResponseSet id="13680621263389235867">
  <Response dialog="13680621263389235866" id="13680621263389235868" cooldown="0" weight="1" oneshot="0" completeConversation="0" delay="0"/>
 </ResponseSet>
 <ResponseRule id="13680621263389235920" name="" cooldown="" response="13680621263389235921">
  <Criteria>
   <Criterion id="15659330456318451386" value="13680621263361472472" comparison="0" type="guid"/>
   <Criterion id="15659330456318451410" comparison="0" value="13680621263389235868" fromResponse="1" type="guid"/>
   <Criterion id="15659330456318451477" value="4349723564897456793" comparison="0" type="guid"/>
  </Criteria>
 </ResponseRule>
 <ResponseSet id="13680621263389235921">
  <Response dialog="13680621263389235919" id="13680621263389235922" cooldown="0" weight="1" oneshot="0" completeConversation="0" delay="0.5"/>
 </ResponseSet>
 <ResponseRule id="13680621263389235960" name="" cooldown="" response="13680621263389235961">
  <Criteria>
   <Criterion id="15659330456318451386" value="13680621263361472472" comparison="0" type="guid"/>
   <Criterion id="15659330456318451410" comparison="0" value="13680621263389235922" fromResponse="1" type="guid"/>
   <Criterion id="15659330456318451477" value="4349723564897456793" comparison="0" type="guid"/>
  </Criteria>
 </ResponseRule>
 <ResponseSet id="13680621263389235961">
  <Response dialog="13680621263389235959" id="13680621263389235962" cooldown="0" weight="1" oneshot="0" completeConversation="0" delay="0.6"/>
 </ResponseSet>
 <ResponseRule id="13680621263389235968" name="" cooldown="" response="13680621263389235969">
  <Criteria>
   <Criterion id="15659330456318451386" value="13680621263361472472" comparison="0" type="guid"/>
   <Criterion id="15659330456318451410" comparison="0" value="13680621263389235962" fromResponse="1" type="guid"/>
   <Criterion id="15659330456318451477" value="4349723564897456793" comparison="0" type="guid"/>
  </Criteria>
 </ResponseRule>
 <ResponseSet id="13680621263389235969">
  <Response dialog="13680621263389235967" id="13680621263389235970" cooldown="0" weight="1" oneshot="0" completeConversation="0" delay="0.25"/>
 </ResponseSet>
 <ResponseRule id="13680621263389236288" name="" cooldown="" response="13680621263389236289">
  <Criteria>
   <Criterion id="15659330456318451386" value="13680621263361472472" comparison="0" type="guid"/>
   <Criterion id="15659330456318451410" comparison="0" value="13680621263389235970" fromResponse="1" type="guid"/>
   <Criterion id="15659330456318451477" value="4349723564897456793" comparison="0" type="guid"/>
  </Criteria>
 </ResponseRule>
 <ResponseSet id="13680621263389236289">
  <Response dialog="13680621263384098575" id="13680621263389236290" cooldown="0" weight="1" oneshot="0" completeConversation="1" delay="0.6"/>
 </ResponseSet>
 <ResponseRule id="13680621263389236396" name="" cooldown="" response="13680621263389236397">
  <Criteria>
   <Criterion id="15659330456318451386" value="13680621263361472472" comparison="0" type="guid"/>
   <Criterion id="15659330456318451410" comparison="0" value="13680621263389235820" fromResponse="1" type="guid"/>
   <Criterion id="15659330456318451477" value="4349723564897456793" comparison="0" type="guid"/>
  </Criteria>
 </ResponseRule>
 <ResponseSet id="13680621263389236397">
  <Response dialog="13680621263389235919" id="13680621263389236398" cooldown="0" weight="1" oneshot="0" completeConversation="0" delay="0.5"/>
 </ResponseSet>
 <ResponseRule id="13680621263389236421" name="" cooldown="" response="13680621263389236422">
  <Criteria>
   <Criterion id="15659330456318451386" value="13680621263361472472" comparison="0" type="guid"/>
   <Criterion id="15659330456318451410" comparison="0" value="13680621263389236398" fromResponse="1" type="guid"/>
   <Criterion id="15659330456318451477" value="4349723564897456793" comparison="0" type="guid"/>
  </Criteria>
 </ResponseRule>
 <ResponseSet id="13680621263389236422">
  <Response dialog="13680621263389236420" id="13680621263389236423" cooldown="0" weight="1" oneshot="0" completeConversation="0" delay="0.25"/>
 </ResponseSet>
 <ResponseRule id="13680621263389236430" name="" cooldown="" response="13680621263389236431">
  <Criteria>
   <Criterion id="15659330456318451386" value="13680621263361472472" comparison="0" type="guid"/>
   <Criterion id="15659330456318451410" comparison="0" value="13680621263389236423" fromResponse="1" type="guid"/>
   <Criterion id="15659330456318451477" value="4349723564897456793" comparison="0" type="guid"/>
  </Criteria>
 </ResponseRule>
 <ResponseSet id="13680621263389236431">
  <Response dialog="13680621263384098575" id="13680621263389236432" cooldown="0" weight="1" oneshot="0" completeConversation="1" delay="0.5"/>
 </ResponseSet>
 <ResponseRule id="13680621263389306201" name="" cooldown="" response="13680621263389306202">
  <Criteria>
   <Criterion id="15659330456318451386" value="13680621263361472472" comparison="0" type="guid"/>
   <Criterion id="15659330456318451410" comparison="0" value="4349723564913356624" fromResponse="1" type="guid"/>
   <Criterion id="15659330456318451477" value="4349723564897456793" comparison="0" type="guid"/>
  </Criteria>
 </ResponseRule>
 <ResponseSet id="13680621263389306202">
  <Response dialog="13680621263389306200" id="13680621263389306203" cooldown="0" weight="1" oneshot="0" completeConversation="1" delay="0"/>
 </ResponseSet>
 <ResponseRule id="13680621263389306439" name="" cooldown="" response="13680621263389306440">
  <Criteria>
   <Criterion id="15659330456318451386" value="13680621263361472472" comparison="0" type="guid"/>
   <Criterion id="15659330456318451410" comparison="0" value="4349723564930548587" fromResponse="1" type="guid"/>
   <Criterion id="15659330456318451477" value="4349723564897456793" comparison="0" type="guid"/>
  </Criteria>
 </ResponseRule>
 <ResponseSet id="13680621263389306440">
  <Response dialog="4349723564930548584" id="13680621263389306441" cooldown="0" weight="1" oneshot="0" completeConversation="1" delay="0.5"/>
 </ResponseSet>
 <ResponseSet id="13680621263399217090">
  <Response dialog="13680621263399217089" id="13680621263399217091" cooldown="0" weight="1" oneshot="0" completeConversation="0" delay="0" cutoff="0"/>
 </ResponseSet>
 <ResponseRule id="13680621263400160737" name="" cooldown="" response="13680621263400160738">
  <Criteria>
   <Criterion id="15659330456318451386" value="13680621263361472472" comparison="0" type="guid"/>
   <Criterion id="15659330456318451410" comparison="0" value="13680621263399217091" fromResponse="1" type="guid"/>
   <Criterion id="15659330456318451477" value="4349723564897456793" comparison="0" type="guid"/>
  </Criteria>
 </ResponseRule>
 <ResponseSet id="13680621263400160738">
  <Response dialog="13680621263400160736" id="13680621263400160739" cooldown="0" weight="1" oneshot="0" completeConversation="0" delay="0.5" cutoff="0"/>
 </ResponseSet>
 <ResponseRule id="13680621263400160755" name="" cooldown="" response="13680621263400160756">
  <Criteria>
   <Criterion id="15659330456318451386" value="13680621263361472472" comparison="0" type="guid"/>
   <Criterion id="15659330456318451410" comparison="0" value="13680621263400160739" fromResponse="1" type="guid"/>
   <Criterion id="15659330456318451477" value="4349723564897456793" comparison="0" type="guid"/>
  </Criteria>
 </ResponseRule>
 <ResponseSet id="13680621263400160756">
  <Response dialog="13680621263400160754" id="13680621263400160757" cooldown="0" weight="1" oneshot="0" completeConversation="1" delay="0.5" cutoff="0"/>
 </ResponseSet>
 <ResponseSet id="13680621263400160894">
  <Response dialog="13680621263400160893" id="13680621263400160895" cooldown="0" weight="1" oneshot="0" completeConversation="0" delay="0" cutoff="0"/>
 </ResponseSet>
 <ResponseRule id="13680621263400160907" name="" cooldown="" response="13680621263400160908">
  <Criteria>
   <Criterion id="15659330456318451386" value="13680621263361472472" comparison="0" type="guid"/>
   <Criterion id="15659330456318451410" comparison="0" value="13680621263400160895" fromResponse="1" type="guid"/>
   <Criterion id="15659330456318451477" value="4349723564897456793" comparison="0" type="guid"/>
  </Criteria>
 </ResponseRule>
 <ResponseSet id="13680621263400160908">
  <Response dialog="13680621263400160906" id="13680621263400160909" cooldown="0" weight="1" oneshot="0" completeConversation="0" delay="0.5" cutoff="0"/>
 </ResponseSet>
 <ResponseRule id="13680621263400160937" name="" cooldown="" response="13680621263400160938">
  <Criteria>
   <Criterion id="15659330456318451386" value="13680621263361472472" comparison="0" type="guid"/>
   <Criterion id="15659330456318451410" comparison="0" value="13680621263400160909" fromResponse="1" type="guid"/>
   <Criterion id="15659330456318451477" value="4349723564897456793" comparison="0" type="guid"/>
  </Criteria>
 </ResponseRule>
 <ResponseSet id="13680621263400160938">
  <Response dialog="13680621263400160936" id="13680621263400160939" cooldown="0" weight="1" oneshot="0" completeConversation="1" delay="0.5" cutoff="0"/>
 </ResponseSet>
</ResponseRules>