<LensFlareList Version="1">
 <LensFlare name="ArkFlares.ArkLightFlares.Hanging.Apartment_Hanging_A"/>
 <LensFlare name="ArkFlares.ArkLightFlares.Lamps.Flood_Cyan_00"/>
 <LensFlare name="ArkFlares.ArkLightFlares.Lamps.Flood_Security"/>
 <LensFlare name="ArkFlares.ArkLightFlares.Wall.Small_LED_Blue_00"/>
 <LensFlare name="ArkFlares.LevelSpecific.DahlBrainwash_Chair"/>
 <LensFlare name="ArkFlares.LevelSpecific.RevealLightFlare_01"/>
 <LensFlare name="ArkFlares.LevelSpecific.RevealLightFlare_Cluster"/>
 <LensFlare name="ArkFlares.Sun.SunApartment01"/>
</LensFlareList>
