<LevelData SandboxVersion="3.7.0.179">
 <LevelInfo CreationDate="08/01/18" Name="SimulationLabs" HeightmapSize="400" HeightmapUnitSize="2" HeightmapMaxHeight="1024" WaterLevel="-1000000" TerrainSectorSizeInMeters="64"/>
 <SurfaceTypes>
  <SurfaceType Name="Materials/material_terrain_default" SurfaceTypeID="0" DetailTexture="" DetailScaleX="1" DetailScaleY="1" DetailMaterial="Materials/material_terrain_default" ProjectAxis="2" Bumpmap="" ProjAxis="Z"/>
 </SurfaceTypes>
 <CollisionClasses>
  <CollisionClass type="0" ignore="0"/>
  <CollisionClass type="0" ignore="8192"/>
  <CollisionClass type="0" ignore="65536"/>
  <CollisionClass type="1024" ignore="0"/>
  <CollisionClass type="8192" ignore="0"/>
  <CollisionClass type="2163712" ignore="0"/>
  <CollisionClass type="0" ignore="16384"/>
  <CollisionClass type="0" ignore="384"/>
  <CollisionClass type="8192" ignore="8192"/>
  <CollisionClass type="0" ignore="81920"/>
  <CollisionClass type="524288" ignore="0"/>
 </CollisionClasses>
 <Layers>
  <Layer Name="Simulation_Atrium_A_Prop" Parent="Simulation_Atrium" Id="1" Specs="-1"/>
  <Layer Name="Simulation_Apartment" Parent="" Id="2" Specs="-1"/>
  <Layer Name="Simulation_Testroom_Props" Parent="Simulation_TestArea" Id="3" Specs="-1"/>
  <Layer Name="Simulation_FX" Parent="" Id="4" Specs="-1"/>
  <Layer Name="Simulation_Observation_Lighting" Parent="Simulation_Observation" Id="5" Specs="-1"/>
  <Layer Name="SimulationLabs_Sq13_HeliFlyBy" Parent="Simulation_Cinematics" Id="6" Specs="-1"/>
  <Layer Name="Simulation_Day_Two_Lighting" Parent="Simulation_Utility" Id="7" Specs="-1"/>
  <Layer Name="SimulationLabs_Sq14_ContamMimic" Parent="Simulation_Cinematics" Id="8" Specs="-1"/>
  <Layer Name="Simulation_Analysis" Parent="" Id="9" Specs="-1"/>
  <Layer Name="Simulation_Utility" Parent="" Id="10" Specs="-1"/>
  <Layer Name="Simulation_ApartmentHall" Parent="" Id="11" Specs="-1"/>
  <Layer Name="Main" Parent="" Id="12" Specs="-1" DefaultLoaded="1"/>
  <Layer Name="Simulation_Transtar_Atr_Lighting" Parent="Simulation_TestArea" Id="13" Specs="-1"/>
  <Layer Name="Player_Collision" Parent="Simulation_Utility" Id="14" Specs="-1"/>
  <Layer Name="Simulation_Helipad_Prop" Parent="Simulation_Helipad" Id="15" Specs="-1"/>
  <Layer Name="Simulation_SkillRecorder_Scripting" Parent="Simulation_SkillRecorder" Id="16" Specs="-1"/>
  <Layer Name="SimulationLabs_Sq01_PlayerWakeUp" Parent="Simulation_Cinematics" Id="17" Specs="-1"/>
  <Layer Name="Simulation_PatrolPaths" Parent="Simulation_Utility" Id="18" Specs="-1"/>
  <Layer Name="Simulation_TestRooms_Scripting" Parent="Simulation_TestArea" Id="19" Specs="-1"/>
  <Layer Name="Simulation_ApartmentHall_Lighting" Parent="Simulation_ApartmentHall" Id="20" Specs="-1"/>
  <Layer Name="Simulation_Observation_Scripting" Parent="Simulation_Observation" Id="21" Specs="-1"/>
  <Layer Name="Simulation_BackPassage_Lighting" Parent="Simulation_Backareas" Id="22" Specs="-1"/>
  <Layer Name="Simulation_Apartment_Pickups1" Parent="Simulation_Apartment" Id="23" Specs="-1"/>
  <Layer Name="Simulation_Decontamination" Parent="" Id="24" Specs="-1"/>
  <Layer Name="SimulationLabs_Sq11_MimicAttack" Parent="Simulation_Cinematics" Id="25" Specs="-1"/>
  <Layer Name="Simulation_TestRooms_Lighting" Parent="Simulation_TestArea" Id="26" Specs="-1"/>
  <Layer Name="Simulation_Helipad" Parent="" Id="27" Specs="-1"/>
  <Layer Name="Simulation_Lighting_Backup" Parent="" Id="28" Specs="-1"/>
  <Layer Name="Simulation_Scripting_TechOfficer" Parent="" Id="29" Specs="-1"/>
  <Layer Name="Simulation_SkillRecorder" Parent="" Id="30" Specs="-1"/>
  <Layer Name="Simulation_Apartment_Scripting" Parent="Simulation_Apartment" Id="31" Specs="-1"/>
  <Layer Name="Simulation_Distractions" Parent="" Id="32" Specs="-1"/>
  <Layer Name="Simulation_Backareas" Parent="" Id="33" Specs="-1"/>
  <Layer Name="Simulation_Apartment_Prop" Parent="Simulation_Apartment" Id="34" Specs="-1"/>
  <Layer Name="SimulationLabs_Sq10_TestC_LOADIN" Parent="Simulation_Cinematics" Id="35" Specs="-1"/>
  <Layer Name="SimulationLabs_Sq12_MimicGlass" Parent="Simulation_Cinematics" Id="36" Specs="-1"/>
  <Layer Name="Simulation_Helipad_Observation" Parent="Simulation_Helipad" Id="37" Specs="-1"/>
  <Layer Name="Simulation_Volunteer_EmergencyLight" Parent="Simulation_Volunteer" Id="38" Specs="-1"/>
  <Layer Name="Simulation_Apartment_Pickups2" Parent="Simulation_Apartment" Id="39" Specs="-1"/>
  <Layer Name="Simulation_Fabrication_Geo" Parent="Simulation_Fabrication" Id="40" Specs="-1" LoadTokenId="399849264" LoadTokenValue="1"/>
  <Layer Name="Simulation_TestObservation_Lighting" Parent="Simulation_TestObservation" Id="41" Specs="-1"/>
  <Layer Name="SimulationLabs_Sq10_TestC" Parent="Simulation_Cinematics" Id="42" Specs="-1"/>
  <Layer Name="Simulation_TestRooms_Geo" Parent="Simulation_TestArea" Id="43" Specs="-1"/>
  <Layer Name="Simulation_Apartment_Geo" Parent="Simulation_Apartment" Id="44" Specs="-1"/>
  <Layer Name="Simulation_Scripting_MAIN" Parent="" Id="45" Specs="-1" DefaultLoaded="1"/>
  <Layer Name="Simulation_Helipad_Scripting" Parent="Simulation_Helipad" Id="46" Specs="-1"/>
  <Layer Name="SF_Background" Parent="" Id="47" Specs="-1" LoadTokenId="399849264" LoadTokenValue="0"/>
  <Layer Name="Simulation_Storage_Lighting" Parent="Simulation_Backareas" Id="48" Specs="-1"/>
  <Layer Name="Simulation_Entrance_Skylight" Parent="Simulation_Entrance_Hub" Id="49" Specs="-1"/>
  <Layer Name="Simulation_Volunteer" Parent="" Id="50" Specs="-1" LoadTokenId="399849264" LoadTokenValue="1"/>
  <Layer Name="SimulationLabs_Sq08_AlexWelcome" Parent="Simulation_Cinematics" Id="51" Specs="-1"/>
  <Layer Name="Simulation_Scripting_MakeupExam" Parent="" Id="52" Specs="-1"/>
  <Layer Name="Simulation_Fabrication" Parent="" Id="53" Specs="-1" LoadTokenId="399849264" LoadTokenValue="1"/>
  <Layer Name="SimulationLabs_Sq06_HelicopterRide" Parent="Simulation_Cinematics" Id="54" Specs="-1"/>
  <Layer Name="Sq11_MimicAttack_Cutscene_Entities" Parent="Simulation_Cinematics" Id="55" Specs="-1"/>
  <Layer Name="Simulation_Apartment_Lighting_Unlit" Parent="Simulation_Apartment" Id="56" Specs="-1"/>
  <Layer Name="Apartment_HallElevator_Geo" Parent="Simulation_ApartmentHall" Id="57" Specs="-1"/>
  <Layer Name="Simulation_TestFacility_Geo" Parent="" Id="58" Specs="-1"/>
  <Layer Name="Simulation_Observation_Prop" Parent="Simulation_Observation" Id="59" Specs="-1"/>
  <Layer Name="Simulation_Debriefing" Parent="" Id="60" Specs="-1"/>
  <Layer Name="Simulation_LightingFinal" Parent="" Id="61" Specs="-1"/>
  <Layer Name="Simulation_Debrief_Lighting" Parent="Simulation_Debriefing" Id="62" Specs="-1"/>
  <Layer Name="Simulation_Atrium_B_Geo" Parent="Simulation_Entrance_Hub" Id="63" Specs="-1"/>
  <Layer Name="Prototype_Sq06_InstallNeuromod2" Parent="Simulation_Cinematics" Id="64" Specs="-1"/>
  <Layer Name="Simulation_Cinematics" Parent="" Id="65" Specs="-1"/>
  <Layer Name="Simulation_Vis_Area" Parent="Simulation_Utility" Id="66" Specs="-1"/>
  <Layer Name="Simulation_Tutorial" Parent="Simulation_Utility" Id="67" Specs="-1" DefaultLoaded="1"/>
  <Layer Name="AlwaysLoaded" Parent="Simulation_Utility" Id="68" Specs="-1" DefaultLoaded="1"/>
  <Layer Name="Simulation_Transtar_Atr_Prop" Parent="Simulation_TestArea" Id="69" Specs="-1"/>
  <Layer Name="Simulation_Atrium_Scripting" Parent="Simulation_Atrium" Id="70" Specs="-1"/>
  <Layer Name="Simulation_NPCs" Parent="Simulation_Utility" Id="71" Specs="-1"/>
  <Layer Name="Simulation_Audio_Volumes" Parent="Simulation_Utility" Id="72" Specs="-1"/>
  <Layer Name="Simulation_Helipad_TranStarRoof" Parent="Simulation_Helipad" Id="73" Specs="-1"/>
  <Layer Name="Simulation_SkillRecorder_Geo" Parent="Simulation_SkillRecorder" Id="74" Specs="-1"/>
  <Layer Name="Simulation_TestObservation" Parent="Simulation_TestArea" Id="75" Specs="-1"/>
  <Layer Name="Simulation_Transtar_Atr_Geo" Parent="Simulation_TestArea" Id="76" Specs="-1"/>
  <Layer Name="Simulation_Helipad_Lighting" Parent="Simulation_Helipad" Id="77" Specs="-1"/>
  <Layer Name="LensFlares" Parent="" Id="78" Specs="-1"/>
  <Layer Name="Simulation_Atrium_B_Prop" Parent="Simulation_Entrance_Hub" Id="79" Specs="-1"/>
  <Layer Name="Simulation_Storage_Geo" Parent="Simulation_Backareas" Id="80" Specs="-1"/>
  <Layer Name="Simulation_TestArea" Parent="" Id="81" Specs="-1"/>
  <Layer Name="SF_Geo" Parent="SF_Background" Id="82" Specs="-1" LoadTokenId="399849264" LoadTokenValue="0"/>
  <Layer Name="SF_Trees" Parent="SF_Background" Id="83" Specs="-1" LoadTokenId="399849264" LoadTokenValue="0"/>
  <Layer Name="Simulation_Volunteer_Geo" Parent="Simulation_Volunteer" Id="84" Specs="-1" LoadTokenId="399849264" LoadTokenValue="1"/>
  <Layer Name="Simulation_Atrium_A_Lights" Parent="Simulation_Atrium" Id="85" Specs="-1"/>
  <Layer Name="SF_Background_FX" Parent="SF_Background" Id="86" Specs="-1" LoadTokenId="399849264" LoadTokenValue="0"/>
  <Layer Name="Simulation_Observation" Parent="" Id="87" Specs="-1"/>
  <Layer Name="Simulation_Scripting_Dahl" Parent="" Id="88" Specs="-1" LoadTokenId="399849264" LoadTokenValue="1"/>
  <Layer Name="Simulation_Debriefing_Geo" Parent="Simulation_Debriefing" Id="89" Specs="-1"/>
  <Layer Name="Simulation_VisAreas_CullPlanes" Parent="Simulation_Utility" Id="90" Specs="-1"/>
  <Layer Name="SimulationLabs_Sq10_TestA" Parent="Simulation_Cinematics" Id="91" Specs="-1"/>
  <Layer Name="Simulation_Atrium_B_Lights" Parent="Simulation_Entrance_Hub" Id="92" Specs="-1"/>
  <Layer Name="SF_Background_lights" Parent="SF_Background" Id="93" Specs="-1" LoadTokenId="399849264" LoadTokenValue="0"/>
  <Layer Name="SimulationLabs_Sq15_PhantomKill" Parent="Simulation_Cinematics" Id="94" Specs="-1"/>
  <Layer Name="Simulation_Atrium" Parent="" Id="95" Specs="-1"/>
  <Layer Name="Simulation_Apex" Parent="Simulation_Utility" Id="96" Specs="-1" DefaultLoaded="1" LoadTokenId="659909599" LoadTokenValue="1"/>
  <Layer Name="Simulation_MapProbes" Parent="Simulation_Utility" Id="97" Specs="-1"/>
  <Layer Name="Simulation_Metric_Cameras" Parent="Simulation_Utility" Id="98" Specs="-1" DefaultLoaded="1"/>
  <Layer Name="Simulation_Entrance_Hub" Parent="" Id="99" Specs="-1"/>
  <Layer Name="Simulation_Observation_Geo" Parent="Simulation_Observation" Id="100" Specs="-1"/>
  <Layer Name="SimulationLabs_Sq02_Uniform" Parent="Simulation_Cinematics" Id="101" Specs="-1"/>
  <Layer Name="Simulation_Volunteer_Scripting" Parent="Simulation_Volunteer" Id="102" Specs="-1" LoadTokenId="399849264" LoadTokenValue="1"/>
  <Layer Name="Simulation_Scripting_December" Parent="" Id="103" Specs="-1"/>
  <Layer Name="Simulation_Apartment_Ark_Lights" Parent="Simulation_Apartment" Id="104" Specs="-1"/>
  <Layer Name="SimulationLabs_Sq11_MimicAttack_LOADIN" Parent="Simulation_Cinematics" Id="105" Specs="-1"/>
  <Layer Name="Simulation_Volunteer_Lighting" Parent="Simulation_Volunteer" Id="106" Specs="-1" LoadTokenId="399849264" LoadTokenValue="1"/>
  <Layer Name="Simulation_Apartment_Lighting_Lit" Parent="Simulation_Apartment" Id="107" Specs="-1"/>
  <Layer Name="Simulation_Nightmare" Parent="Simulation_Utility" Id="108" Specs="-1"/>
  <Layer Name="Simulation_Transtar_RealAtrium" Parent="" Id="109" Specs="-1"/>
  <Layer Name="Simulation_Debriefing_Prop" Parent="Simulation_Debriefing" Id="110" Specs="-1"/>
  <Layer Name="Simulation_Fabrication_Scripting" Parent="Simulation_Fabrication" Id="111" Specs="-1" LoadTokenId="399849264" LoadTokenValue="1"/>
  <Layer Name="SimulationLabs_Sq16_DahlReprogramming" Parent="Simulation_Cinematics" Id="112" Specs="-1" LoadTokenId="399849264" LoadTokenValue="1"/>
  <Layer Name="Simulation_Day_One_Lighting" Parent="Simulation_Utility" Id="113" Specs="-1"/>
  <Layer Name="Simulation_Transtar_Atr_Scripting" Parent="Simulation_TestArea" Id="114" Specs="-1"/>
  <Layer Name="Simulation_Helipad_Geo" Parent="Simulation_Helipad" Id="115" Specs="-1"/>
  <Layer Name="Simulation_Analysis_Scripting" Parent="Simulation_Analysis" Id="116" Specs="-1"/>
  <Layer Name="Simulation_AptHall_Prop" Parent="Simulation_ApartmentHall" Id="117" Specs="-1"/>
  <Layer Name="SimulationLabs_Sq10_TestB" Parent="Simulation_Cinematics" Id="118" Specs="-1"/>
  <Layer Name="Simulation_Audio" Parent="Simulation_Utility" Id="119" Specs="-1"/>
  <Layer Name="Simulation_TestObservation_Geo" Parent="Simulation_TestObservation" Id="120" Specs="-1"/>
  <Layer Name="Simulation_Fabrication_Props" Parent="Simulation_Fabrication" Id="121" Specs="-1" LoadTokenId="399849264" LoadTokenValue="1"/>
  <Layer Name="SF_Geo_02" Parent="SF_Background" Id="122" Specs="-1" LoadTokenId="399849264" LoadTokenValue="0"/>
  <Layer Name="Simulation_AptHall_Scripting" Parent="Simulation_ApartmentHall" Id="123" Specs="-1"/>
  <Layer Name="Simulation_ApartmentHall_Geo" Parent="Simulation_ApartmentHall" Id="124" Specs="-1"/>
  <Layer Name="Simulation_Atrium_A_Geo" Parent="Simulation_Atrium" Id="125" Specs="-1"/>
  <Layer Name="SimulationLabs_Sq10_TestD" Parent="Simulation_Cinematics" Id="126" Specs="-1"/>
 </Layers>
 <Vegetation>
  <Object Size="1" SizeVar="0.2" RandomRotation="1" RotationRangeToTerrainNormal="0" AlignToTerrain="0" AlignToTerrainCoefficient="0" UseTerrainColor="0" AllowIndoor="0" Bending="0" Hideable="0" PlayerHideable="0" GrowOnBrushes="1" GrowOnTerrain="0" AutoMerged="1" Stiffness="0.5" Damping="2.5" Variance="0.6" AirResistance="1" Pickable="0" AIRadius="-1" Brightness="1" Density="2" ElevationMin="-1e+06" ElevationMax="4096" SlopeMin="0" SlopeMax="255" CastShadow="0" CastShadowMinSpec="1" RecvShadow="0" DynamicDistanceShadows="0" CastSunShadowMinSpec="8" AlphaBlend="0" SpriteDistRatio="1" LodDistRatio="1" MaxViewDistRatio="1" Material="Objects/Environment/Props/Plants/Fern_A/Fern_A2" MinSpec="0" Frozen="0" Layer_Wet="0" Object="objects/environment/props/plants/fern_a/fern_a.cgf" Id="0" FileName="objects/environment/props/plants/fern_a/fern_a.cgf" GUID="{FA37EE7D-6A75-4D9C-B085-41B62F736593}" Hidden="0" Index="0" Category="Default"/>
 </Vegetation>
 <MaterialsLibrary>
  <Library Name="Level"/>
 </MaterialsLibrary>
 <ParticlesLibrary>
  <Library Name="LevelShared"/>
  <Library Name="Characters"/>
  <Library Name="FogCards"/>
  <Library Name="Interactables"/>
  <Library Name="LevelSpecific"/>
  <Library Name="MaterialEffects"/>
  <Library Name="Player"/>
  <Library Name="PlayerWeapons"/>
  <Library Name="Screen"/>
 </ParticlesLibrary>
 <GameTokensLibraryReferences>
  <Library Name="GT_Global"/>
  <Library Name="GT_GameTime"/>
  <Library Name="GT_GlobalStrings"/>
 </GameTokensLibraryReferences>
</LevelData>
