<EntitySerialization>
 <Entity id="1"/>
 <Entity id="2"/>
 <Entity id="3"/>
 <Entity id="4"/>
 <Entity id="5"/>
 <Entity id="6"/>
 <Entity id="7"/>
 <Entity id="8"/>
 <Entity id="9"/>
 <Entity id="10"/>
 <Entity id="11"/>
 <Entity id="12"/>
 <Entity id="13"/>
 <Entity id="14"/>
 <Entity id="15"/>
 <Entity id="16"/>
 <Entity id="17"/>
 <Entity id="18"/>
 <Entity id="19"/>
 <Entity id="20"/>
 <Entity id="21"/>
 <Entity id="22"/>
 <Entity id="23"/>
 <Entity id="24"/>
 <Entity id="25"/>
 <Entity id="26"/>
 <Entity id="27"/>
 <Entity id="28"/>
 <Entity id="29"/>
 <Entity id="30"/>
 <Entity id="31"/>
 <Entity id="32"/>
 <Entity id="33"/>
 <Entity id="34"/>
 <Entity id="35"/>
 <Entity id="36"/>
 <Entity id="37"/>
 <Entity id="38"/>
 <Entity id="39"/>
 <Entity id="40"/>
 <Entity id="41"/>
 <Entity id="42"/>
 <Entity id="43"/>
 <Entity id="44"/>
 <Entity id="45"/>
 <Entity id="46"/>
 <Entity id="47"/>
 <Entity id="48"/>
 <Entity id="49"/>
 <Entity id="50"/>
 <Entity id="51"/>
 <Entity id="52"/>
 <Entity id="53"/>
 <Entity id="54"/>
 <Entity id="55"/>
 <Entity id="56"/>
 <Entity id="57"/>
 <Entity id="58"/>
 <Entity id="59"/>
 <Entity id="60"/>
 <Entity id="61"/>
 <Entity id="62"/>
 <Entity id="63"/>
 <Entity id="64"/>
 <Entity id="65"/>
 <Entity id="66"/>
 <Entity id="67"/>
 <Entity id="68"/>
 <Entity id="69"/>
 <Entity id="70"/>
 <Entity id="71"/>
 <Entity id="72"/>
 <Entity id="73"/>
 <Entity id="74"/>
 <Entity id="75"/>
 <Entity id="76"/>
 <Entity id="77"/>
 <Entity id="78"/>
 <Entity id="79"/>
 <Entity id="80"/>
 <Entity id="81"/>
 <Entity id="82"/>
 <Entity id="83"/>
 <Entity id="84"/>
 <Entity id="85"/>
 <Entity id="86"/>
 <Entity id="87"/>
 <Entity id="88"/>
 <Entity id="89"/>
 <Entity id="90"/>
 <Entity id="91"/>
 <Entity id="92"/>
 <Entity id="93"/>
 <Entity id="94"/>
 <Entity id="95"/>
 <Entity id="96"/>
 <Entity id="97"/>
 <Entity id="98"/>
 <Entity id="99"/>
 <Entity id="100"/>
 <Entity id="101"/>
 <Entity id="102"/>
 <Entity id="103"/>
 <Entity id="104"/>
 <Entity id="105"/>
 <Entity id="106"/>
 <Entity id="107"/>
 <Entity id="108"/>
 <Entity id="109"/>
 <Entity id="110"/>
 <Entity id="111"/>
 <Entity id="112"/>
 <Entity id="113"/>
 <Entity id="114"/>
 <Entity id="115"/>
 <Entity id="116"/>
 <Entity id="117"/>
 <Entity id="118"/>
 <Entity id="119"/>
 <Entity id="120"/>
 <Entity id="121"/>
 <Entity id="122"/>
 <Entity id="123"/>
 <Entity id="124"/>
 <Entity id="125"/>
 <Entity id="126"/>
 <Entity id="127"/>
 <Entity id="128"/>
 <Entity id="129"/>
 <Entity id="130"/>
 <Entity id="131"/>
 <Entity id="132"/>
 <Entity id="133"/>
 <Entity id="134"/>
 <Entity id="135"/>
 <Entity id="136"/>
 <Entity id="137"/>
 <Entity id="138"/>
 <Entity id="139"/>
 <Entity id="140"/>
 <Entity id="141"/>
 <Entity id="142"/>
 <Entity id="143"/>
 <Entity id="144"/>
 <Entity id="145"/>
 <Entity id="146"/>
 <Entity id="147"/>
 <Entity id="148"/>
 <Entity id="149"/>
 <Entity id="150"/>
 <Entity id="151"/>
 <Entity id="152"/>
 <Entity id="153"/>
 <Entity id="154"/>
 <Entity id="155"/>
 <Entity id="156"/>
 <Entity id="157"/>
 <Entity id="158"/>
 <Entity id="159"/>
 <Entity id="160"/>
 <Entity id="161"/>
 <Entity id="162"/>
 <Entity id="163"/>
 <Entity id="164"/>
 <Entity id="165"/>
 <Entity id="166"/>
 <Entity id="167"/>
 <Entity id="168"/>
 <Entity id="169"/>
 <Entity id="170"/>
 <Entity id="171"/>
 <Entity id="172"/>
 <Entity id="173"/>
 <Entity id="174"/>
 <Entity id="175"/>
 <Entity id="176"/>
 <Entity id="177"/>
 <Entity id="178"/>
 <Entity id="179"/>
 <Entity id="180"/>
 <Entity id="181"/>
 <Entity id="182"/>
 <Entity id="183"/>
 <Entity id="184"/>
 <Entity id="185"/>
 <Entity id="186"/>
 <Entity id="187"/>
 <Entity id="188"/>
 <Entity id="189"/>
 <Entity id="190"/>
 <Entity id="191"/>
 <Entity id="192"/>
 <Entity id="193"/>
 <Entity id="194"/>
 <Entity id="195"/>
 <Entity id="196"/>
 <Entity id="197"/>
 <Entity id="198"/>
 <Entity id="199"/>
 <Entity id="200"/>
 <Entity id="201"/>
 <Entity id="202"/>
 <Entity id="203"/>
 <Entity id="204"/>
 <Entity id="205"/>
 <Entity id="206"/>
 <Entity id="207"/>
 <Entity id="208"/>
 <Entity id="209"/>
 <Entity id="210"/>
 <Entity id="211"/>
 <Entity id="212"/>
 <Entity id="213"/>
 <Entity id="214"/>
 <Entity id="215"/>
 <Entity id="216"/>
 <Entity id="217"/>
 <Entity id="218"/>
 <Entity id="219"/>
 <Entity id="220"/>
 <Entity id="221"/>
 <Entity id="222"/>
 <Entity id="223"/>
 <Entity id="224"/>
 <Entity id="225"/>
 <Entity id="226"/>
 <Entity id="227"/>
 <Entity id="228"/>
 <Entity id="229"/>
 <Entity id="230"/>
 <Entity id="231"/>
 <Entity id="232"/>
 <Entity id="233"/>
 <Entity id="234"/>
 <Entity id="235"/>
 <Entity id="236"/>
 <Entity id="237"/>
 <Entity id="238"/>
 <Entity id="239"/>
 <Entity id="240"/>
 <Entity id="241"/>
 <Entity id="242"/>
 <Entity id="243"/>
 <Entity id="244"/>
 <Entity id="245"/>
 <Entity id="246"/>
 <Entity id="247"/>
 <Entity id="248"/>
 <Entity id="249"/>
 <Entity id="250"/>
 <Entity id="251"/>
 <Entity id="252"/>
 <Entity id="253"/>
 <Entity id="254"/>
 <Entity id="255"/>
 <Entity id="256"/>
 <Entity id="257"/>
 <Entity id="258"/>
 <Entity id="259"/>
 <Entity id="260"/>
 <Entity id="261"/>
 <Entity id="262"/>
 <Entity id="263"/>
 <Entity id="264"/>
 <Entity id="265"/>
 <Entity id="266"/>
 <Entity id="267"/>
 <Entity id="268"/>
 <Entity id="269"/>
 <Entity id="270"/>
 <Entity id="271"/>
 <Entity id="272"/>
 <Entity id="273"/>
 <Entity id="274"/>
 <Entity id="275"/>
 <Entity id="276"/>
 <Entity id="277"/>
 <Entity id="278"/>
 <Entity id="279"/>
 <Entity id="280"/>
 <Entity id="281"/>
 <Entity id="282"/>
 <Entity id="283"/>
 <Entity id="284"/>
 <Entity id="285"/>
 <Entity id="286"/>
 <Entity id="287"/>
 <Entity id="288"/>
 <Entity id="289"/>
 <Entity id="290"/>
 <Entity id="291"/>
 <Entity id="292"/>
 <Entity id="293"/>
 <Entity id="294"/>
 <Entity id="295"/>
 <Entity id="298"/>
 <Entity id="299"/>
 <Entity id="300"/>
 <Entity id="301"/>
 <Entity id="304"/>
 <Entity id="305"/>
 <Entity id="307"/>
 <Entity id="308"/>
 <Entity id="309"/>
 <Entity id="310"/>
 <Entity id="311"/>
 <Entity id="312"/>
 <Entity id="313"/>
 <Entity id="314"/>
 <Entity id="315"/>
 <Entity id="316"/>
 <Entity id="317"/>
 <Entity id="318"/>
 <Entity id="319"/>
 <Entity id="320"/>
 <Entity id="322"/>
 <Entity id="323"/>
 <Entity id="325"/>
 <Entity id="326"/>
 <Entity id="327"/>
 <Entity id="328"/>
 <Entity id="330"/>
 <Entity id="331"/>
 <Entity id="332"/>
 <Entity id="333"/>
 <Entity id="334"/>
 <Entity id="336"/>
 <Entity id="339"/>
 <Entity id="340"/>
 <Entity id="341"/>
 <Entity id="342"/>
 <Entity id="343"/>
 <Entity id="344"/>
 <Entity id="345"/>
 <Entity id="346"/>
 <Entity id="347"/>
 <Entity id="351"/>
 <Entity id="353"/>
 <Entity id="354"/>
 <Entity id="355"/>
 <Entity id="356"/>
 <Entity id="357"/>
 <Entity id="358"/>
 <Entity id="359"/>
 <Entity id="360"/>
 <Entity id="361"/>
 <Entity id="362"/>
 <Entity id="363"/>
 <Entity id="364"/>
 <Entity id="365"/>
 <Entity id="366"/>
 <Entity id="368"/>
 <Entity id="369"/>
 <Entity id="370"/>
 <Entity id="371"/>
 <Entity id="373"/>
 <Entity id="374"/>
 <Entity id="376"/>
 <Entity id="377"/>
 <Entity id="378"/>
 <Entity id="379"/>
 <Entity id="380"/>
 <Entity id="381"/>
 <Entity id="382"/>
 <Entity id="383"/>
 <Entity id="384"/>
 <Entity id="385"/>
 <Entity id="386"/>
 <Entity id="387"/>
 <Entity id="389"/>
 <Entity id="390"/>
 <Entity id="391"/>
 <Entity id="393"/>
 <Entity id="394"/>
 <Entity id="395"/>
 <Entity id="396"/>
 <Entity id="397"/>
 <Entity id="398"/>
 <Entity id="399"/>
 <Entity id="400"/>
 <Entity id="402"/>
 <Entity id="403"/>
 <Entity id="404"/>
 <Entity id="406"/>
 <Entity id="407"/>
 <Entity id="408"/>
 <Entity id="409"/>
 <Entity id="410"/>
 <Entity id="411"/>
 <Entity id="412"/>
 <Entity id="413"/>
 <Entity id="414"/>
 <Entity id="415"/>
 <Entity id="416"/>
 <Entity id="417"/>
 <Entity id="418"/>
 <Entity id="419"/>
 <Entity id="420"/>
 <Entity id="421"/>
 <Entity id="422"/>
 <Entity id="423"/>
 <Entity id="424"/>
 <Entity id="425"/>
 <Entity id="426"/>
 <Entity id="427"/>
 <Entity id="428"/>
 <Entity id="431"/>
 <Entity id="432"/>
 <Entity id="433"/>
 <Entity id="434"/>
 <Entity id="435"/>
 <Entity id="436"/>
 <Entity id="437"/>
 <Entity id="438"/>
 <Entity id="439"/>
 <Entity id="440"/>
 <Entity id="441"/>
 <Entity id="442"/>
 <Entity id="443"/>
 <Entity id="444"/>
 <Entity id="445"/>
 <Entity id="446"/>
 <Entity id="447"/>
 <Entity id="448"/>
 <Entity id="449"/>
 <Entity id="450"/>
 <Entity id="451"/>
 <Entity id="452"/>
 <Entity id="453"/>
 <Entity id="454"/>
 <Entity id="455"/>
 <Entity id="456"/>
 <Entity id="457"/>
 <Entity id="458"/>
 <Entity id="459"/>
 <Entity id="460"/>
 <Entity id="461"/>
 <Entity id="462"/>
 <Entity id="463"/>
 <Entity id="464"/>
 <Entity id="465"/>
 <Entity id="466"/>
 <Entity id="467"/>
 <Entity id="468"/>
 <Entity id="469"/>
 <Entity id="470"/>
 <Entity id="471"/>
 <Entity id="472"/>
 <Entity id="478"/>
 <Entity id="479"/>
 <Entity id="480"/>
 <Entity id="482"/>
 <Entity id="483"/>
 <Entity id="486"/>
 <Entity id="490"/>
 <Entity id="492"/>
 <Entity id="494"/>
 <Entity id="495"/>
 <Entity id="496"/>
 <Entity id="497"/>
 <Entity id="498"/>
 <Entity id="503"/>
 <Entity id="504"/>
 <Entity id="506"/>
 <Entity id="508"/>
 <Entity id="510"/>
 <Entity id="515"/>
 <Entity id="518"/>
 <Entity id="520"/>
 <Entity id="521"/>
 <Entity id="674"/>
 <Entity id="785"/>
 <Entity id="806"/>
 <Entity id="809"/>
 <Entity id="839"/>
 <Entity id="901"/>
 <Entity id="910"/>
 <Entity id="922"/>
 <Entity id="947"/>
 <Entity id="948"/>
 <Entity id="950"/>
 <Entity id="951"/>
 <Entity id="953"/>
 <Entity id="954"/>
 <Entity id="955"/>
 <Entity id="956"/>
 <Entity id="957"/>
 <Entity id="959"/>
 <Entity id="960"/>
 <Entity id="962"/>
 <Entity id="963"/>
 <Entity id="966"/>
 <Entity id="967"/>
 <Entity id="968"/>
 <Entity id="969"/>
 <Entity id="971"/>
 <Entity id="977"/>
 <Entity id="979"/>
 <Entity id="981"/>
 <Entity id="982"/>
 <Entity id="984"/>
 <Entity id="986"/>
 <Entity id="987"/>
 <Entity id="988"/>
 <Entity id="990"/>
 <Entity id="991"/>
 <Entity id="992"/>
 <Entity id="993"/>
 <Entity id="997"/>
 <Entity id="998"/>
 <Entity id="999"/>
 <Entity id="1000"/>
 <Entity id="1001"/>
 <Entity id="1004"/>
 <Entity id="1005"/>
 <Entity id="1006"/>
 <Entity id="1008"/>
 <Entity id="1009"/>
 <Entity id="1010"/>
 <Entity id="1011"/>
 <Entity id="1012"/>
 <Entity id="1015"/>
 <Entity id="1016"/>
 <Entity id="1017"/>
 <Entity id="1018"/>
 <Entity id="1019"/>
 <Entity id="1020"/>
 <Entity id="1021"/>
 <Entity id="1024"/>
 <Entity id="1025"/>
 <Entity id="1029"/>
 <Entity id="1030"/>
 <Entity id="1031"/>
 <Entity id="1032"/>
 <Entity id="1033"/>
 <Entity id="1034"/>
 <Entity id="1036"/>
 <Entity id="1037"/>
 <Entity id="1039"/>
 <Entity id="1041"/>
 <Entity id="1042"/>
 <Entity id="1043"/>
 <Entity id="1044"/>
 <Entity id="1045"/>
 <Entity id="1046"/>
 <Entity id="1047"/>
 <Entity id="1048"/>
 <Entity id="1049"/>
 <Entity id="1050"/>
 <Entity id="1053"/>
 <Entity id="1054"/>
 <Entity id="1055"/>
 <Entity id="1056"/>
 <Entity id="1058"/>
 <Entity id="1061"/>
 <Entity id="1062"/>
 <Entity id="1064"/>
 <Entity id="1065"/>
 <Entity id="1066"/>
 <Entity id="1067"/>
 <Entity id="1069"/>
 <Entity id="1071"/>
 <Entity id="1073"/>
 <Entity id="1074"/>
 <Entity id="1075"/>
 <Entity id="1076"/>
 <Entity id="1077"/>
 <Entity id="1078"/>
 <Entity id="1079"/>
 <Entity id="1081"/>
 <Entity id="1082"/>
 <Entity id="1083"/>
 <Entity id="1084"/>
 <Entity id="1086"/>
 <Entity id="1087"/>
 <Entity id="1088"/>
 <Entity id="1090"/>
 <Entity id="1091"/>
 <Entity id="1092"/>
 <Entity id="1093"/>
 <Entity id="1095"/>
 <Entity id="1096"/>
 <Entity id="1097"/>
 <Entity id="1098"/>
 <Entity id="1099"/>
 <Entity id="1100"/>
 <Entity id="1101"/>
 <Entity id="1102"/>
 <Entity id="1103"/>
 <Entity id="1106"/>
 <Entity id="1107"/>
 <Entity id="1108"/>
 <Entity id="1109"/>
 <Entity id="1111"/>
 <Entity id="1113"/>
 <Entity id="1114"/>
 <Entity id="1115"/>
 <Entity id="1116"/>
 <Entity id="1118"/>
 <Entity id="1119"/>
 <Entity id="1120"/>
 <Entity id="1121"/>
 <Entity id="1123"/>
 <Entity id="1124"/>
 <Entity id="1129"/>
 <Entity id="1130"/>
 <Entity id="1131"/>
 <Entity id="1132"/>
 <Entity id="1133"/>
 <Entity id="1134"/>
 <Entity id="1135"/>
 <Entity id="1136"/>
 <Entity id="1137"/>
 <Entity id="1138"/>
 <Entity id="1139"/>
 <Entity id="1140"/>
 <Entity id="1141"/>
 <Entity id="1142"/>
 <Entity id="1143"/>
 <Entity id="1144"/>
 <Entity id="1145"/>
 <Entity id="1146"/>
 <Entity id="1150"/>
 <Entity id="1151"/>
 <Entity id="1153"/>
 <Entity id="1154"/>
 <Entity id="1155"/>
 <Entity id="1156"/>
 <Entity id="1157"/>
 <Entity id="1158"/>
 <Entity id="1159"/>
 <Entity id="1160"/>
 <Entity id="1161"/>
 <Entity id="1162"/>
 <Entity id="1164"/>
 <Entity id="1165"/>
 <Entity id="1166"/>
 <Entity id="1167"/>
 <Entity id="1168"/>
 <Entity id="1169"/>
 <Entity id="1170"/>
 <Entity id="1171"/>
 <Entity id="1172"/>
 <Entity id="1173"/>
 <Entity id="1174"/>
 <Entity id="1175"/>
 <Entity id="1176"/>
 <Entity id="1177"/>
 <Entity id="1178"/>
 <Entity id="1179"/>
 <Entity id="1180"/>
 <Entity id="1181"/>
 <Entity id="1182"/>
 <Entity id="1183"/>
 <Entity id="1186"/>
 <Entity id="1187"/>
 <Entity id="1188"/>
 <Entity id="1189"/>
 <Entity id="1190"/>
 <Entity id="1191"/>
 <Entity id="1192"/>
 <Entity id="1193"/>
 <Entity id="1194"/>
 <Entity id="1195"/>
 <Entity id="1196"/>
 <Entity id="1197"/>
 <Entity id="1198"/>
 <Entity id="1199"/>
 <Entity id="1200"/>
 <Entity id="1201"/>
 <Entity id="1202"/>
 <Entity id="1203"/>
 <Entity id="1204"/>
 <Entity id="1205"/>
 <Entity id="1206"/>
 <Entity id="1207"/>
 <Entity id="1208"/>
 <Entity id="1209"/>
 <Entity id="1210"/>
 <Entity id="1211"/>
 <Entity id="1212"/>
 <Entity id="1213"/>
 <Entity id="1214"/>
 <Entity id="1215"/>
 <Entity id="1217"/>
 <Entity id="1218"/>
 <Entity id="1219"/>
 <Entity id="1220"/>
 <Entity id="1221"/>
 <Entity id="1222"/>
 <Entity id="1224"/>
 <Entity id="1225"/>
 <Entity id="1226"/>
 <Entity id="1227"/>
 <Entity id="1228"/>
 <Entity id="1229"/>
 <Entity id="1230"/>
 <Entity id="1231"/>
 <Entity id="1232"/>
 <Entity id="1233"/>
 <Entity id="1234"/>
 <Entity id="1235"/>
 <Entity id="1237"/>
 <Entity id="1238"/>
 <Entity id="1239"/>
 <Entity id="1240"/>
 <Entity id="1241"/>
 <Entity id="1243"/>
 <Entity id="1244"/>
 <Entity id="1245"/>
 <Entity id="1246"/>
 <Entity id="1247"/>
 <Entity id="1249"/>
 <Entity id="1250"/>
 <Entity id="1251"/>
 <Entity id="1252"/>
 <Entity id="1253"/>
 <Entity id="1254"/>
 <Entity id="1255"/>
 <Entity id="1256"/>
 <Entity id="1257"/>
 <Entity id="1258"/>
 <Entity id="1259"/>
 <Entity id="1260"/>
 <Entity id="1261"/>
 <Entity id="1262"/>
 <Entity id="1263"/>
 <Entity id="1264"/>
 <Entity id="1265"/>
 <Entity id="1266"/>
 <Entity id="1267"/>
 <Entity id="1268"/>
 <Entity id="1269"/>
 <Entity id="1270"/>
 <Entity id="1271"/>
 <Entity id="1272"/>
 <Entity id="1273"/>
 <Entity id="1276"/>
 <Entity id="1277"/>
 <Entity id="1278"/>
 <Entity id="1279"/>
 <Entity id="1280"/>
 <Entity id="1281"/>
 <Entity id="1282"/>
 <Entity id="1283"/>
 <Entity id="1284"/>
 <Entity id="1285"/>
 <Entity id="1287"/>
 <Entity id="1289"/>
 <Entity id="1290"/>
 <Entity id="1292"/>
 <Entity id="1293"/>
 <Entity id="1294"/>
 <Entity id="1296"/>
 <Entity id="1297"/>
 <Entity id="1298"/>
 <Entity id="1299"/>
 <Entity id="1300"/>
 <Entity id="1301"/>
 <Entity id="1302"/>
 <Entity id="1304"/>
 <Entity id="1305"/>
 <Entity id="1306"/>
 <Entity id="1307"/>
 <Entity id="1308"/>
 <Entity id="1309"/>
 <Entity id="1310"/>
 <Entity id="1313"/>
 <Entity id="1315"/>
 <Entity id="1316"/>
 <Entity id="1317"/>
 <Entity id="1319"/>
 <Entity id="1320"/>
 <Entity id="1322"/>
 <Entity id="1323"/>
 <Entity id="1324"/>
 <Entity id="1325"/>
 <Entity id="1326"/>
 <Entity id="1327"/>
 <Entity id="1328"/>
 <Entity id="1330"/>
 <Entity id="1331"/>
 <Entity id="1332"/>
 <Entity id="1333"/>
 <Entity id="1334"/>
 <Entity id="1335"/>
 <Entity id="1336"/>
 <Entity id="1339"/>
 <Entity id="1340"/>
 <Entity id="1341"/>
 <Entity id="1343"/>
 <Entity id="1344"/>
 <Entity id="1345"/>
 <Entity id="1346"/>
 <Entity id="1347"/>
 <Entity id="1348"/>
 <Entity id="1349"/>
 <Entity id="1352"/>
 <Entity id="1353"/>
 <Entity id="1354"/>
 <Entity id="1355"/>
 <Entity id="1356"/>
 <Entity id="1357"/>
 <Entity id="1358"/>
 <Entity id="1360"/>
 <Entity id="1362"/>
 <Entity id="1363"/>
 <Entity id="1366"/>
 <Entity id="1367"/>
 <Entity id="1368"/>
 <Entity id="1369"/>
 <Entity id="1370"/>
 <Entity id="1371"/>
 <Entity id="1372"/>
 <Entity id="1373"/>
 <Entity id="1374"/>
 <Entity id="1375"/>
 <Entity id="1376"/>
 <Entity id="1377"/>
 <Entity id="1382"/>
 <Entity id="1393"/>
 <Entity id="1397"/>
 <Entity id="1399"/>
 <Entity id="1407"/>
 <Entity id="1409"/>
 <Entity id="1411"/>
 <Entity id="1412"/>
 <Entity id="1413"/>
 <Entity id="1415"/>
 <Entity id="1417"/>
 <Entity id="1418"/>
 <Entity id="1421"/>
 <Entity id="1422"/>
 <Entity id="1423"/>
 <Entity id="1424"/>
 <Entity id="1426"/>
 <Entity id="1427"/>
 <Entity id="1428"/>
 <Entity id="1429"/>
 <Entity id="1430"/>
 <Entity id="1431"/>
 <Entity id="1432"/>
 <Entity id="1433"/>
 <Entity id="1434"/>
 <Entity id="1435"/>
 <Entity id="1438"/>
 <Entity id="1439"/>
 <Entity id="1440"/>
 <Entity id="1441"/>
 <Entity id="1442"/>
 <Entity id="1443"/>
 <Entity id="1444"/>
 <Entity id="1447"/>
 <Entity id="1448"/>
 <Entity id="1449"/>
 <Entity id="1450"/>
 <Entity id="1452"/>
 <Entity id="1453"/>
 <Entity id="1454"/>
 <Entity id="1455"/>
 <Entity id="1456"/>
 <Entity id="1457"/>
 <Entity id="1459"/>
 <Entity id="1460"/>
 <Entity id="1461"/>
 <Entity id="1462"/>
 <Entity id="1463"/>
 <Entity id="1464"/>
 <Entity id="1465"/>
 <Entity id="1466"/>
 <Entity id="1467"/>
 <Entity id="1468"/>
 <Entity id="1469"/>
 <Entity id="1470"/>
 <Entity id="1478"/>
 <Entity id="1484"/>
 <Entity id="1486"/>
 <Entity id="1487"/>
 <Entity id="1488"/>
 <Entity id="1489"/>
 <Entity id="1490"/>
 <Entity id="1491"/>
 <Entity id="1492"/>
 <Entity id="1493"/>
 <Entity id="1494"/>
 <Entity id="1495"/>
 <Entity id="1496"/>
 <Entity id="1497"/>
 <Entity id="1498"/>
 <Entity id="1501"/>
 <Entity id="1502"/>
 <Entity id="1503"/>
 <Entity id="1504"/>
 <Entity id="1505"/>
 <Entity id="1507"/>
 <Entity id="1508"/>
 <Entity id="1509"/>
 <Entity id="1511"/>
 <Entity id="1512"/>
 <Entity id="1514"/>
 <Entity id="1516"/>
 <Entity id="1517"/>
 <Entity id="1518"/>
 <Entity id="1520"/>
 <Entity id="1522"/>
 <Entity id="1524"/>
 <Entity id="1525"/>
 <Entity id="1527"/>
 <Entity id="1532"/>
 <Entity id="1533"/>
 <Entity id="1534"/>
 <Entity id="1535"/>
 <Entity id="1536"/>
 <Entity id="1537"/>
 <Entity id="1538"/>
 <Entity id="1539"/>
 <Entity id="1540"/>
 <Entity id="1541"/>
 <Entity id="1542"/>
 <Entity id="1543"/>
 <Entity id="1544"/>
 <Entity id="1545"/>
 <Entity id="1546"/>
 <Entity id="1547"/>
 <Entity id="1548"/>
 <Entity id="1549"/>
 <Entity id="1550"/>
 <Entity id="1551"/>
 <Entity id="1552"/>
 <Entity id="1553"/>
 <Entity id="1554"/>
 <Entity id="1555"/>
 <Entity id="1556"/>
 <Entity id="1557"/>
 <Entity id="1558"/>
 <Entity id="1559"/>
 <Entity id="1560"/>
 <Entity id="1561"/>
 <Entity id="1562"/>
 <Entity id="1563"/>
 <Entity id="1564"/>
 <Entity id="1565"/>
 <Entity id="1566"/>
 <Entity id="1567"/>
 <Entity id="1568"/>
 <Entity id="1569"/>
 <Entity id="1570"/>
 <Entity id="1571"/>
 <Entity id="1572"/>
 <Entity id="1573"/>
 <Entity id="1574"/>
 <Entity id="1575"/>
 <Entity id="1576"/>
 <Entity id="1577"/>
 <Entity id="1578"/>
 <Entity id="1579"/>
 <Entity id="1580"/>
 <Entity id="1581"/>
 <Entity id="1582"/>
 <Entity id="1583"/>
 <Entity id="1584"/>
 <Entity id="1585"/>
 <Entity id="1586"/>
 <Entity id="1587"/>
 <Entity id="1588"/>
 <Entity id="1589"/>
 <Entity id="1590"/>
 <Entity id="1591"/>
 <Entity id="1592"/>
 <Entity id="1593"/>
 <Entity id="1594"/>
 <Entity id="1595"/>
 <Entity id="1596"/>
 <Entity id="1597"/>
 <Entity id="1598"/>
 <Entity id="1599"/>
 <Entity id="1600"/>
 <Entity id="1601"/>
 <Entity id="1602"/>
 <Entity id="1603"/>
 <Entity id="1604"/>
 <Entity id="1605"/>
 <Entity id="1606"/>
 <Entity id="1607"/>
 <Entity id="1608"/>
 <Entity id="1609"/>
 <Entity id="1610"/>
 <Entity id="1611"/>
 <Entity id="1612"/>
 <Entity id="1613"/>
 <Entity id="1614"/>
 <Entity id="1615"/>
 <Entity id="1616"/>
 <Entity id="1617"/>
 <Entity id="1618"/>
 <Entity id="1619"/>
 <Entity id="1620"/>
 <Entity id="1621"/>
 <Entity id="1622"/>
 <Entity id="1623"/>
 <Entity id="1624"/>
 <Entity id="1625"/>
 <Entity id="1626"/>
 <Entity id="1627"/>
 <Entity id="1628"/>
 <Entity id="1629"/>
 <Entity id="1630"/>
 <Entity id="1631"/>
 <Entity id="1632"/>
 <Entity id="1633"/>
 <Entity id="1634"/>
 <Entity id="1635"/>
 <Entity id="1636"/>
 <Entity id="1637"/>
 <Entity id="1638"/>
 <Entity id="1639"/>
 <Entity id="1640"/>
 <Entity id="1641"/>
 <Entity id="1642"/>
 <Entity id="1643"/>
 <Entity id="1644"/>
 <Entity id="1645"/>
 <Entity id="1646"/>
 <Entity id="1647"/>
 <Entity id="1648"/>
 <Entity id="1649"/>
 <Entity id="1650"/>
 <Entity id="1651"/>
 <Entity id="1652"/>
 <Entity id="1653"/>
 <Entity id="1654"/>
 <Entity id="1655"/>
 <Entity id="1656"/>
 <Entity id="1657"/>
 <Entity id="1658"/>
 <Entity id="1659"/>
 <Entity id="1660"/>
 <Entity id="1661"/>
 <Entity id="1662"/>
 <Entity id="1663"/>
 <Entity id="1664"/>
 <Entity id="1667"/>
 <Entity id="1669"/>
 <Entity id="1672"/>
 <Entity id="1673"/>
 <Entity id="1675"/>
 <Entity id="1677"/>
 <Entity id="1678"/>
 <Entity id="1679"/>
 <Entity id="1680"/>
 <Entity id="1682"/>
 <Entity id="1683"/>
 <Entity id="1684"/>
 <Entity id="1685"/>
 <Entity id="1686"/>
 <Entity id="1687"/>
 <Entity id="1688"/>
 <Entity id="1689"/>
 <Entity id="1690"/>
 <Entity id="1691"/>
 <Entity id="1692"/>
 <Entity id="1693"/>
 <Entity id="1694"/>
 <Entity id="1695"/>
 <Entity id="1696"/>
 <Entity id="1697"/>
 <Entity id="1698"/>
 <Entity id="1699"/>
 <Entity id="1701"/>
 <Entity id="1702"/>
 <Entity id="1705"/>
 <Entity id="1706"/>
 <Entity id="1707"/>
 <Entity id="1708"/>
 <Entity id="1709"/>
 <Entity id="1710"/>
 <Entity id="1711"/>
 <Entity id="1712"/>
 <Entity id="1713"/>
 <Entity id="1714"/>
 <Entity id="1717"/>
 <Entity id="1719"/>
 <Entity id="1720"/>
 <Entity id="1721"/>
 <Entity id="1722"/>
 <Entity id="1723"/>
 <Entity id="1724"/>
 <Entity id="1725"/>
 <Entity id="1730"/>
 <Entity id="1734"/>
 <Entity id="1735"/>
 <Entity id="1737"/>
 <Entity id="1738"/>
 <Entity id="1742"/>
 <Entity id="1743"/>
 <Entity id="1744"/>
 <Entity id="1745"/>
 <Entity id="1746"/>
 <Entity id="1749"/>
 <Entity id="1751"/>
 <Entity id="1754"/>
 <Entity id="1755"/>
 <Entity id="1756"/>
 <Entity id="1757"/>
 <Entity id="1758"/>
 <Entity id="1759"/>
 <Entity id="1763"/>
 <Entity id="1765"/>
 <Entity id="1766"/>
 <Entity id="1767"/>
 <Entity id="1768"/>
 <Entity id="1769"/>
 <Entity id="1770"/>
 <Entity id="1771"/>
 <Entity id="1772"/>
 <Entity id="1773"/>
 <Entity id="1774"/>
 <Entity id="1776"/>
 <Entity id="1777"/>
 <Entity id="1780"/>
 <Entity id="1786"/>
 <Entity id="1791"/>
 <Entity id="1792"/>
 <Entity id="1795"/>
 <Entity id="1796"/>
 <Entity id="1797"/>
 <Entity id="1798"/>
 <Entity id="1799"/>
 <Entity id="1800"/>
 <Entity id="1801"/>
 <Entity id="1802"/>
 <Entity id="1803"/>
 <Entity id="1804"/>
 <Entity id="1805"/>
 <Entity id="1806"/>
 <Entity id="1807"/>
 <Entity id="1808"/>
 <Entity id="1809"/>
 <Entity id="1810"/>
 <Entity id="1811"/>
 <Entity id="1812"/>
 <Entity id="1813"/>
 <Entity id="1814"/>
 <Entity id="1816"/>
 <Entity id="1817"/>
 <Entity id="1818"/>
 <Entity id="1819"/>
 <Entity id="1820"/>
 <Entity id="1821"/>
 <Entity id="1822"/>
 <Entity id="1823"/>
 <Entity id="1825"/>
 <Entity id="1826"/>
 <Entity id="1827"/>
 <Entity id="1828"/>
 <Entity id="1830"/>
 <Entity id="1832"/>
 <Entity id="1833"/>
 <Entity id="1834"/>
 <Entity id="1845"/>
 <Entity id="1854"/>
 <Entity id="1856"/>
 <Entity id="1857"/>
 <Entity id="1858"/>
 <Entity id="1859"/>
 <Entity id="1861"/>
 <Entity id="1862"/>
 <Entity id="1863"/>
 <Entity id="1864"/>
 <Entity id="1865"/>
 <Entity id="1866"/>
 <Entity id="1880"/>
 <Entity id="1883"/>
 <Entity id="1884"/>
 <Entity id="1885"/>
 <Entity id="1886"/>
 <Entity id="1889"/>
 <Entity id="1890"/>
 <Entity id="1891"/>
 <Entity id="1894"/>
 <Entity id="1898"/>
 <Entity id="1900"/>
 <Entity id="1904"/>
 <Entity id="1906"/>
 <Entity id="1907"/>
 <Entity id="1908"/>
 <Entity id="1910"/>
 <Entity id="1911"/>
 <Entity id="1912"/>
 <Entity id="1913"/>
 <Entity id="1915"/>
 <Entity id="1916"/>
 <Entity id="1918"/>
 <Entity id="1921"/>
 <Entity id="1922"/>
 <Entity id="1923"/>
 <Entity id="1925"/>
 <Entity id="1927"/>
 <Entity id="1929"/>
 <Entity id="1930"/>
 <Entity id="1934"/>
 <Entity id="1947"/>
 <Entity id="1948"/>
 <Entity id="1949"/>
 <Entity id="1950"/>
 <Entity id="1951"/>
 <Entity id="1952"/>
 <Entity id="1953"/>
 <Entity id="1954"/>
 <Entity id="2025"/>
 <Entity id="2033"/>
 <Entity id="2036"/>
 <Entity id="2037"/>
 <Entity id="2038"/>
 <Entity id="2039"/>
 <Entity id="2040"/>
 <Entity id="2041"/>
 <Entity id="2042"/>
 <Entity id="2043"/>
 <Entity id="2045"/>
 <Entity id="2046"/>
 <Entity id="2047"/>
 <Entity id="2048"/>
 <Entity id="2049"/>
 <Entity id="2050"/>
 <Entity id="2052"/>
 <Entity id="2053"/>
 <Entity id="2054"/>
 <Entity id="2059"/>
 <Entity id="2063"/>
 <Entity id="2067"/>
 <Entity id="2071"/>
 <Entity id="2075"/>
 <Entity id="2077"/>
 <Entity id="2080"/>
 <Entity id="2081"/>
 <Entity id="2082"/>
 <Entity id="2083"/>
 <Entity id="2084"/>
 <Entity id="2085"/>
 <Entity id="2086"/>
 <Entity id="2087"/>
 <Entity id="2088"/>
 <Entity id="2089"/>
 <Entity id="2090"/>
 <Entity id="2091"/>
 <Entity id="2092"/>
 <Entity id="2093"/>
 <Entity id="2094"/>
 <Entity id="2095"/>
 <Entity id="2096"/>
 <Entity id="2097"/>
 <Entity id="2098"/>
 <Entity id="2099"/>
 <Entity id="2100"/>
 <Entity id="2101"/>
 <Entity id="2102"/>
 <Entity id="2103"/>
 <Entity id="2104"/>
 <Entity id="2105"/>
 <Entity id="2106"/>
 <Entity id="2107"/>
 <Entity id="2108"/>
 <Entity id="2109"/>
 <Entity id="2110"/>
 <Entity id="2111"/>
 <Entity id="2112"/>
 <Entity id="2113"/>
 <Entity id="2114"/>
 <Entity id="2115"/>
 <Entity id="2116"/>
 <Entity id="2117"/>
 <Entity id="2118"/>
 <Entity id="2119"/>
 <Entity id="2121"/>
 <Entity id="2122"/>
 <Entity id="2123"/>
 <Entity id="2124"/>
 <Entity id="2125"/>
 <Entity id="2127"/>
 <Entity id="2128"/>
 <Entity id="2129"/>
 <Entity id="2130"/>
 <Entity id="2131"/>
 <Entity id="2132"/>
 <Entity id="2133"/>
 <Entity id="2134"/>
 <Entity id="2135"/>
 <Entity id="2136"/>
 <Entity id="2137"/>
 <Entity id="2138"/>
 <Entity id="2139"/>
 <Entity id="2140"/>
 <Entity id="2141"/>
 <Entity id="2142"/>
 <Entity id="2143"/>
 <Entity id="2144"/>
 <Entity id="2145"/>
 <Entity id="2146"/>
 <Entity id="2147"/>
 <Entity id="2148"/>
 <Entity id="2149"/>
 <Entity id="2150"/>
 <Entity id="2151"/>
 <Entity id="2152"/>
 <Entity id="2153"/>
 <Entity id="2154"/>
 <Entity id="2155"/>
 <Entity id="2156"/>
 <Entity id="2158"/>
 <Entity id="2159"/>
 <Entity id="2160"/>
 <Entity id="2161"/>
 <Entity id="2162"/>
 <Entity id="2163"/>
 <Entity id="2164"/>
 <Entity id="2165"/>
 <Entity id="2166"/>
 <Entity id="2167"/>
 <Entity id="2168"/>
 <Entity id="2169"/>
 <Entity id="2171"/>
 <Entity id="2172"/>
 <Entity id="2173"/>
 <Entity id="2174"/>
 <Entity id="2175"/>
 <Entity id="2176"/>
 <Entity id="2177"/>
 <Entity id="2178"/>
 <Entity id="2179"/>
 <Entity id="2180"/>
 <Entity id="2181"/>
 <Entity id="2182"/>
 <Entity id="2183"/>
 <Entity id="2185"/>
 <Entity id="2186"/>
 <Entity id="2187"/>
 <Entity id="2188"/>
 <Entity id="2189"/>
 <Entity id="2191"/>
 <Entity id="2192"/>
 <Entity id="2193"/>
 <Entity id="2194"/>
 <Entity id="2195"/>
 <Entity id="2196"/>
 <Entity id="2197"/>
 <Entity id="2198"/>
 <Entity id="2199"/>
 <Entity id="2200"/>
 <Entity id="2201"/>
 <Entity id="2202"/>
 <Entity id="2203"/>
 <Entity id="2204"/>
 <Entity id="2205"/>
 <Entity id="2206"/>
 <Entity id="2207"/>
 <Entity id="2208"/>
 <Entity id="2209"/>
 <Entity id="2210"/>
 <Entity id="2212"/>
 <Entity id="2213"/>
 <Entity id="2214"/>
 <Entity id="2215"/>
 <Entity id="2216"/>
 <Entity id="2217"/>
 <Entity id="2218"/>
 <Entity id="2219"/>
 <Entity id="2220"/>
 <Entity id="2221"/>
 <Entity id="2222"/>
 <Entity id="2223"/>
 <Entity id="2224"/>
 <Entity id="2226"/>
 <Entity id="2227"/>
 <Entity id="2229"/>
 <Entity id="2231"/>
 <Entity id="2233"/>
 <Entity id="2234"/>
 <Entity id="2235"/>
 <Entity id="2236"/>
 <Entity id="2237"/>
 <Entity id="2238"/>
 <Entity id="2239"/>
 <Entity id="2240"/>
 <Entity id="2241"/>
 <Entity id="2243"/>
 <Entity id="2244"/>
 <Entity id="2245"/>
 <Entity id="2246"/>
 <Entity id="2247"/>
 <Entity id="2248"/>
 <Entity id="2249"/>
 <Entity id="2250"/>
 <Entity id="2252"/>
 <Entity id="2253"/>
 <Entity id="2254"/>
 <Entity id="2255"/>
 <Entity id="2256"/>
 <Entity id="2257"/>
 <Entity id="2258"/>
 <Entity id="2259"/>
 <Entity id="2262"/>
 <Entity id="2264"/>
 <Entity id="2265"/>
 <Entity id="2266"/>
 <Entity id="2267"/>
 <Entity id="2269"/>
 <Entity id="2271"/>
 <Entity id="2272"/>
 <Entity id="2273"/>
 <Entity id="2274"/>
 <Entity id="2275"/>
 <Entity id="2276"/>
 <Entity id="2277"/>
 <Entity id="2278"/>
 <Entity id="2281"/>
 <Entity id="2282"/>
 <Entity id="2283"/>
 <Entity id="2285"/>
 <Entity id="2286"/>
 <Entity id="2287"/>
 <Entity id="2288"/>
 <Entity id="2290"/>
 <Entity id="2291"/>
 <Entity id="2292"/>
 <Entity id="2293"/>
 <Entity id="2294"/>
 <Entity id="2295"/>
 <Entity id="2296"/>
 <Entity id="2298"/>
 <Entity id="2299"/>
 <Entity id="2300"/>
 <Entity id="2301"/>
 <Entity id="2302"/>
 <Entity id="2303"/>
 <Entity id="2304"/>
 <Entity id="2306"/>
 <Entity id="2307"/>
 <Entity id="2308"/>
 <Entity id="2311"/>
 <Entity id="2312"/>
 <Entity id="2313"/>
 <Entity id="2314"/>
 <Entity id="2315"/>
 <Entity id="2316"/>
 <Entity id="2317"/>
 <Entity id="2318"/>
 <Entity id="2319"/>
 <Entity id="2320"/>
 <Entity id="2321"/>
 <Entity id="2323"/>
 <Entity id="2324"/>
 <Entity id="2325"/>
 <Entity id="2326"/>
 <Entity id="2327"/>
 <Entity id="2328"/>
 <Entity id="2329"/>
 <Entity id="2330"/>
 <Entity id="2331"/>
 <Entity id="2332"/>
 <Entity id="2333"/>
 <Entity id="2334"/>
 <Entity id="2335"/>
 <Entity id="2336"/>
 <Entity id="2337"/>
 <Entity id="2338"/>
 <Entity id="2339"/>
 <Entity id="2340"/>
 <Entity id="2341"/>
 <Entity id="2342"/>
 <Entity id="2344"/>
 <Entity id="2345"/>
 <Entity id="2346"/>
 <Entity id="2347"/>
 <Entity id="2348"/>
 <Entity id="2349"/>
 <Entity id="2350"/>
 <Entity id="2351"/>
 <Entity id="2352"/>
 <Entity id="2353"/>
 <Entity id="2354"/>
 <Entity id="2355"/>
 <Entity id="2356"/>
 <Entity id="2362"/>
 <Entity id="2363"/>
 <Entity id="2364"/>
 <Entity id="2368"/>
 <Entity id="2369"/>
 <Entity id="2370"/>
 <Entity id="2372"/>
 <Entity id="2375"/>
 <Entity id="2376"/>
 <Entity id="2378"/>
 <Entity id="2380"/>
 <Entity id="2383"/>
 <Entity id="2385"/>
 <Entity id="2389"/>
 <Entity id="2390"/>
 <Entity id="2394"/>
 <Entity id="2398"/>
 <Entity id="2400"/>
 <Entity id="2404"/>
 <Entity id="2413"/>
 <Entity id="2415"/>
 <Entity id="2416"/>
 <Entity id="2421"/>
 <Entity id="2422"/>
 <Entity id="2428"/>
 <Entity id="2429"/>
 <Entity id="2434"/>
 <Entity id="2439"/>
 <Entity id="2441"/>
 <Entity id="2449"/>
 <Entity id="2450"/>
 <Entity id="2456"/>
 <Entity id="2458"/>
 <Entity id="2463"/>
 <Entity id="2464"/>
 <Entity id="2466"/>
 <Entity id="2472"/>
 <Entity id="2473"/>
 <Entity id="2474"/>
 <Entity id="2476"/>
 <Entity id="2478"/>
 <Entity id="2481"/>
 <Entity id="2482"/>
 <Entity id="2485"/>
 <Entity id="2487"/>
 <Entity id="2488"/>
 <Entity id="2489"/>
 <Entity id="2491"/>
 <Entity id="2492"/>
 <Entity id="2493"/>
 <Entity id="2494"/>
 <Entity id="2495"/>
 <Entity id="2496"/>
 <Entity id="2497"/>
 <Entity id="2498"/>
 <Entity id="2502"/>
 <Entity id="2503"/>
 <Entity id="2504"/>
 <Entity id="2505"/>
 <Entity id="2506"/>
 <Entity id="2507"/>
 <Entity id="2508"/>
 <Entity id="2509"/>
 <Entity id="2510"/>
 <Entity id="2511"/>
 <Entity id="2512"/>
 <Entity id="2529"/>
 <Entity id="2530"/>
 <Entity id="2531"/>
 <Entity id="2532"/>
 <Entity id="2565"/>
 <Entity id="2568"/>
 <Entity id="2572"/>
 <Entity id="2573"/>
 <Entity id="2574"/>
 <Entity id="2575"/>
 <Entity id="2576"/>
 <Entity id="2577"/>
 <Entity id="2578"/>
 <Entity id="2579"/>
 <Entity id="2580"/>
 <Entity id="2581"/>
 <Entity id="2587"/>
 <Entity id="2595"/>
 <Entity id="2606"/>
 <Entity id="2607"/>
 <Entity id="2626"/>
 <Entity id="2627"/>
 <Entity id="2631"/>
 <Entity id="2635"/>
 <Entity id="2637"/>
 <Entity id="2641"/>
 <Entity id="2642"/>
 <Entity id="2645"/>
 <Entity id="2646"/>
 <Entity id="2650"/>
 <Entity id="2651"/>
 <Entity id="2652"/>
 <Entity id="2653"/>
 <Entity id="2655"/>
 <Entity id="2656"/>
 <Entity id="2659"/>
 <Entity id="2661"/>
 <Entity id="2674"/>
 <Entity id="2675"/>
 <Entity id="2676"/>
 <Entity id="2677"/>
 <Entity id="2678"/>
 <Entity id="2680"/>
 <Entity id="2692"/>
 <Entity id="2698"/>
 <Entity id="2703"/>
 <Entity id="2704"/>
 <Entity id="2705"/>
 <Entity id="2706"/>
 <Entity id="2707"/>
 <Entity id="2708"/>
 <Entity id="2709"/>
 <Entity id="2710"/>
 <Entity id="2712"/>
 <Entity id="2713"/>
 <Entity id="2714"/>
 <Entity id="2717"/>
 <Entity id="2718"/>
 <Entity id="2720"/>
 <Entity id="2721"/>
 <Entity id="2723"/>
 <Entity id="2727"/>
 <Entity id="2728"/>
 <Entity id="2750"/>
 <Entity id="2756"/>
 <Entity id="2757"/>
 <Entity id="2758"/>
 <Entity id="2759"/>
 <Entity id="2760"/>
 <Entity id="2762"/>
 <Entity id="2765"/>
 <Entity id="2766"/>
 <Entity id="2770"/>
 <Entity id="2772"/>
 <Entity id="2782"/>
 <Entity id="2784"/>
 <Entity id="2785"/>
 <Entity id="2789"/>
 <Entity id="2790"/>
 <Entity id="2797"/>
 <Entity id="2798"/>
 <Entity id="2799"/>
 <Entity id="2800"/>
 <Entity id="2801"/>
 <Entity id="2802"/>
 <Entity id="2803"/>
 <Entity id="2804"/>
 <Entity id="2805"/>
 <Entity id="2806"/>
 <Entity id="2807"/>
 <Entity id="2808"/>
 <Entity id="2809"/>
 <Entity id="2810"/>
 <Entity id="2811"/>
 <Entity id="2812"/>
 <Entity id="2813"/>
 <Entity id="2814"/>
 <Entity id="2815"/>
 <Entity id="2816"/>
 <Entity id="2817"/>
 <Entity id="2818"/>
 <Entity id="2819"/>
 <Entity id="2820"/>
 <Entity id="2821"/>
 <Entity id="2822"/>
 <Entity id="2823"/>
 <Entity id="2824"/>
 <Entity id="2825"/>
 <Entity id="2826"/>
 <Entity id="2827"/>
 <Entity id="2828"/>
 <Entity id="2829"/>
 <Entity id="2830"/>
 <Entity id="2831"/>
 <Entity id="2832"/>
 <Entity id="2833"/>
 <Entity id="2834"/>
 <Entity id="2835"/>
 <Entity id="2836"/>
 <Entity id="2837"/>
 <Entity id="2838"/>
 <Entity id="2839"/>
 <Entity id="2840"/>
 <Entity id="2841"/>
 <Entity id="2842"/>
 <Entity id="2843"/>
 <Entity id="2844"/>
 <Entity id="2845"/>
 <Entity id="2846"/>
 <Entity id="2847"/>
 <Entity id="2848"/>
 <Entity id="2849"/>
 <Entity id="2850"/>
 <Entity id="2851"/>
 <Entity id="2852"/>
 <Entity id="2853"/>
 <Entity id="2854"/>
 <Entity id="2855"/>
 <Entity id="2856"/>
 <Entity id="2857"/>
 <Entity id="2858"/>
 <Entity id="2859"/>
 <Entity id="2860"/>
 <Entity id="2861"/>
 <Entity id="2862"/>
 <Entity id="2863"/>
 <Entity id="2864"/>
 <Entity id="2865"/>
 <Entity id="2866"/>
 <Entity id="2867"/>
 <Entity id="2868"/>
 <Entity id="2869"/>
 <Entity id="2870"/>
 <Entity id="2871"/>
 <Entity id="2872"/>
 <Entity id="2873"/>
 <Entity id="2874"/>
 <Entity id="2875"/>
 <Entity id="2876"/>
 <Entity id="2877"/>
 <Entity id="2878"/>
 <Entity id="2879"/>
 <Entity id="2880"/>
 <Entity id="2881"/>
 <Entity id="2882"/>
 <Entity id="2883"/>
 <Entity id="2884"/>
 <Entity id="2885"/>
 <Entity id="2886"/>
 <Entity id="2887"/>
 <Entity id="2888"/>
 <Entity id="2889"/>
 <Entity id="2890"/>
 <Entity id="2891"/>
 <Entity id="2892"/>
 <Entity id="2893"/>
 <Entity id="2894"/>
 <Entity id="2895"/>
 <Entity id="2896"/>
 <Entity id="2897"/>
 <Entity id="2898"/>
 <Entity id="2899"/>
 <Entity id="2900"/>
 <Entity id="2901"/>
 <Entity id="2902"/>
 <Entity id="2903"/>
 <Entity id="2904"/>
 <Entity id="2905"/>
 <Entity id="2906"/>
 <Entity id="2907"/>
 <Entity id="2908"/>
 <Entity id="2909"/>
 <Entity id="2910"/>
 <Entity id="2911"/>
 <Entity id="2912"/>
 <Entity id="2913"/>
 <Entity id="2914"/>
 <Entity id="2915"/>
 <Entity id="2916"/>
 <Entity id="2917"/>
 <Entity id="2918"/>
 <Entity id="2919"/>
 <Entity id="2920"/>
 <Entity id="2921"/>
 <Entity id="2922"/>
 <Entity id="2923"/>
 <Entity id="2924"/>
 <Entity id="2925"/>
 <Entity id="2926"/>
 <Entity id="2927"/>
 <Entity id="2928"/>
 <Entity id="2929"/>
 <Entity id="2930"/>
 <Entity id="2931"/>
 <Entity id="2932"/>
 <Entity id="2933"/>
 <Entity id="2934"/>
 <Entity id="2935"/>
 <Entity id="2936"/>
 <Entity id="2937"/>
 <Entity id="2938"/>
 <Entity id="2939"/>
 <Entity id="2940"/>
 <Entity id="2941"/>
 <Entity id="2942"/>
 <Entity id="2943"/>
 <Entity id="2944"/>
 <Entity id="2945"/>
 <Entity id="2946"/>
 <Entity id="2947"/>
 <Entity id="2948"/>
 <Entity id="2949"/>
 <Entity id="2951"/>
 <Entity id="2953"/>
 <Entity id="2957"/>
 <Entity id="2959"/>
 <Entity id="2960"/>
 <Entity id="2963"/>
 <Entity id="2970"/>
 <Entity id="2972"/>
 <Entity id="2976"/>
 <Entity id="2977"/>
 <Entity id="2978"/>
 <Entity id="2979"/>
 <Entity id="2980"/>
 <Entity id="2981"/>
 <Entity id="2984"/>
 <Entity id="2986"/>
 <Entity id="2989"/>
 <Entity id="2992"/>
 <Entity id="2996"/>
 <Entity id="3000"/>
 <Entity id="3002"/>
 <Entity id="3005"/>
 <Entity id="3009"/>
 <Entity id="3016"/>
 <Entity id="3020"/>
 <Entity id="3021"/>
 <Entity id="3022"/>
 <Entity id="3023"/>
 <Entity id="3024"/>
 <Entity id="3027"/>
 <Entity id="3030"/>
 <Entity id="3033"/>
 <Entity id="3034"/>
 <Entity id="3035"/>
 <Entity id="3036"/>
 <Entity id="3037"/>
 <Entity id="3039"/>
 <Entity id="3042"/>
 <Entity id="3044"/>
 <Entity id="3046"/>
 <Entity id="3048"/>
 <Entity id="3050"/>
 <Entity id="3054"/>
 <Entity id="3055"/>
 <Entity id="3056"/>
 <Entity id="3059"/>
 <Entity id="3060"/>
 <Entity id="3061"/>
 <Entity id="3062"/>
 <Entity id="3063"/>
 <Entity id="3064"/>
 <Entity id="3066"/>
 <Entity id="3068"/>
 <Entity id="3072"/>
 <Entity id="3076"/>
 <Entity id="3079"/>
 <Entity id="3081"/>
 <Entity id="3086"/>
 <Entity id="3087"/>
 <Entity id="3132"/>
 <Entity id="3158"/>
 <Entity id="3171"/>
 <Entity id="3193"/>
 <Entity id="3194"/>
 <Entity id="3196"/>
 <Entity id="3197"/>
 <Entity id="3198"/>
 <Entity id="3199"/>
 <Entity id="3200"/>
 <Entity id="3201"/>
 <Entity id="3202"/>
 <Entity id="3203"/>
 <Entity id="3204"/>
 <Entity id="3205"/>
 <Entity id="3206"/>
 <Entity id="3208"/>
 <Entity id="3210"/>
 <Entity id="3211"/>
 <Entity id="3212"/>
 <Entity id="3213"/>
 <Entity id="3214"/>
 <Entity id="3215"/>
 <Entity id="3216"/>
 <Entity id="3217"/>
 <Entity id="3218"/>
 <Entity id="3219"/>
 <Entity id="3220"/>
 <Entity id="3221"/>
 <Entity id="3222"/>
 <Entity id="3224"/>
 <Entity id="3225"/>
 <Entity id="3226"/>
 <Entity id="3228"/>
 <Entity id="3229"/>
 <Entity id="3230"/>
 <Entity id="3231"/>
 <Entity id="3232"/>
 <Entity id="3233"/>
 <Entity id="3234"/>
 <Entity id="3235"/>
 <Entity id="3236"/>
 <Entity id="3237"/>
 <Entity id="3243"/>
 <Entity id="3244"/>
 <Entity id="3245"/>
 <Entity id="3246"/>
 <Entity id="3247"/>
 <Entity id="3248"/>
 <Entity id="3249"/>
 <Entity id="3250"/>
 <Entity id="3251"/>
 <Entity id="3252"/>
 <Entity id="3253"/>
 <Entity id="3254"/>
 <Entity id="3255"/>
 <Entity id="3256"/>
 <Entity id="3257"/>
 <Entity id="3258"/>
 <Entity id="3259"/>
 <Entity id="3260"/>
 <Entity id="3261"/>
 <Entity id="3262"/>
 <Entity id="3263"/>
 <Entity id="3264"/>
 <Entity id="3265"/>
 <Entity id="3266"/>
 <Entity id="3267"/>
 <Entity id="3268"/>
 <Entity id="3269"/>
 <Entity id="3270"/>
 <Entity id="3271"/>
 <Entity id="3272"/>
 <Entity id="3273"/>
 <Entity id="3274"/>
 <Entity id="3275"/>
 <Entity id="3277"/>
 <Entity id="3278"/>
 <Entity id="3279"/>
 <Entity id="3280"/>
 <Entity id="3281"/>
 <Entity id="3282"/>
 <Entity id="3283"/>
 <Entity id="3284"/>
 <Entity id="3286"/>
 <Entity id="3287"/>
 <Entity id="3288"/>
 <Entity id="3289"/>
 <Entity id="3290"/>
 <Entity id="3291"/>
 <Entity id="3292"/>
 <Entity id="3293"/>
 <Entity id="3294"/>
 <Entity id="3295"/>
 <Entity id="3296"/>
 <Entity id="3298"/>
 <Entity id="3300"/>
 <Entity id="3303"/>
 <Entity id="3307"/>
 <Entity id="3309"/>
 <Entity id="3310"/>
 <Entity id="3311"/>
 <Entity id="3312"/>
 <Entity id="3313"/>
 <Entity id="3317"/>
 <Entity id="3318"/>
 <Entity id="3321"/>
 <Entity id="3323"/>
 <Entity id="3325"/>
 <Entity id="3326"/>
 <Entity id="3327"/>
 <Entity id="3328"/>
 <Entity id="3330"/>
 <Entity id="3332"/>
 <Entity id="3334"/>
 <Entity id="3337"/>
 <Entity id="3342"/>
 <Entity id="3344"/>
 <Entity id="3346"/>
 <Entity id="3347"/>
 <Entity id="3348"/>
 <Entity id="3349"/>
 <Entity id="3350"/>
 <Entity id="3352"/>
 <Entity id="3358"/>
 <Entity id="3359"/>
 <Entity id="3360"/>
 <Entity id="3364"/>
 <Entity id="3365"/>
 <Entity id="3370"/>
 <Entity id="3371"/>
 <Entity id="3376"/>
 <Entity id="3380"/>
 <Entity id="3382"/>
 <Entity id="3383"/>
 <Entity id="3387"/>
 <Entity id="3395"/>
 <Entity id="3397"/>
 <Entity id="3398"/>
 <Entity id="3400"/>
 <Entity id="3401"/>
 <Entity id="3408"/>
 <Entity id="3412"/>
 <Entity id="3413"/>
 <Entity id="3416"/>
 <Entity id="3417"/>
 <Entity id="3420"/>
 <Entity id="3421"/>
 <Entity id="3422"/>
 <Entity id="3424"/>
 <Entity id="3433"/>
 <Entity id="3435"/>
 <Entity id="3437"/>
 <Entity id="3438"/>
 <Entity id="3439"/>
 <Entity id="3440"/>
 <Entity id="3441"/>
 <Entity id="3443"/>
 <Entity id="3444"/>
 <Entity id="3446"/>
 <Entity id="3447"/>
 <Entity id="3448"/>
 <Entity id="3449"/>
 <Entity id="3450"/>
 <Entity id="3451"/>
 <Entity id="3453"/>
 <Entity id="3456"/>
 <Entity id="3457"/>
 <Entity id="3461"/>
 <Entity id="3467"/>
 <Entity id="3468"/>
 <Entity id="3469"/>
 <Entity id="3474"/>
 <Entity id="3476"/>
 <Entity id="3490"/>
 <Entity id="3495"/>
 <Entity id="3496"/>
 <Entity id="3498"/>
 <Entity id="3499"/>
 <Entity id="3501"/>
 <Entity id="3502"/>
 <Entity id="3507"/>
 <Entity id="3511"/>
 <Entity id="3513"/>
 <Entity id="3514"/>
 <Entity id="3516"/>
 <Entity id="3521"/>
 <Entity id="3522"/>
 <Entity id="3526"/>
 <Entity id="3527"/>
 <Entity id="3530"/>
 <Entity id="3532"/>
 <Entity id="3537"/>
 <Entity id="3538"/>
 <Entity id="3547"/>
 <Entity id="3550"/>
 <Entity id="3554"/>
 <Entity id="3564"/>
 <Entity id="3572"/>
 <Entity id="3574"/>
 <Entity id="3575"/>
 <Entity id="3576"/>
 <Entity id="3578"/>
 <Entity id="3583"/>
 <Entity id="3590"/>
 <Entity id="3593"/>
 <Entity id="3598"/>
 <Entity id="3599"/>
 <Entity id="3600"/>
 <Entity id="3601"/>
 <Entity id="3603"/>
 <Entity id="3604"/>
 <Entity id="3605"/>
 <Entity id="3606"/>
 <Entity id="3608"/>
 <Entity id="3609"/>
 <Entity id="3610"/>
 <Entity id="3611"/>
 <Entity id="3613"/>
 <Entity id="3614"/>
 <Entity id="3615"/>
 <Entity id="3616"/>
 <Entity id="3618"/>
 <Entity id="3620"/>
 <Entity id="3621"/>
 <Entity id="3622"/>
 <Entity id="3623"/>
 <Entity id="3624"/>
 <Entity id="3625"/>
 <Entity id="3626"/>
 <Entity id="3627"/>
 <Entity id="3629"/>
 <Entity id="3630"/>
 <Entity id="3631"/>
 <Entity id="3632"/>
 <Entity id="3633"/>
 <Entity id="3634"/>
 <Entity id="3635"/>
 <Entity id="3636"/>
 <Entity id="3637"/>
 <Entity id="3638"/>
 <Entity id="3639"/>
 <Entity id="3641"/>
 <Entity id="3642"/>
 <Entity id="3643"/>
 <Entity id="3645"/>
 <Entity id="3646"/>
 <Entity id="3647"/>
 <Entity id="3648"/>
 <Entity id="3649"/>
 <Entity id="3652"/>
 <Entity id="3653"/>
 <Entity id="3655"/>
 <Entity id="3656"/>
 <Entity id="3657"/>
 <Entity id="3659"/>
 <Entity id="3661"/>
 <Entity id="3663"/>
 <Entity id="3665"/>
 <Entity id="3666"/>
 <Entity id="3668"/>
 <Entity id="3669"/>
 <Entity id="3670"/>
 <Entity id="3671"/>
 <Entity id="3674"/>
 <Entity id="3675"/>
 <Entity id="3676"/>
 <Entity id="3677"/>
 <Entity id="3678"/>
 <Entity id="3679"/>
 <Entity id="3680"/>
 <Entity id="3681"/>
 <Entity id="3682"/>
 <Entity id="3683"/>
 <Entity id="3685"/>
 <Entity id="3686"/>
 <Entity id="3687"/>
 <Entity id="3688"/>
 <Entity id="3689"/>
 <Entity id="3690"/>
 <Entity id="3691"/>
 <Entity id="3692"/>
 <Entity id="3693"/>
 <Entity id="3694"/>
 <Entity id="3696"/>
 <Entity id="3697"/>
 <Entity id="3698"/>
 <Entity id="3699"/>
 <Entity id="3700"/>
 <Entity id="3701"/>
 <Entity id="3702"/>
 <Entity id="3704"/>
 <Entity id="3705"/>
 <Entity id="3706"/>
 <Entity id="3707"/>
 <Entity id="3709"/>
 <Entity id="3710"/>
 <Entity id="3711"/>
 <Entity id="3712"/>
 <Entity id="3713"/>
 <Entity id="3714"/>
 <Entity id="3715"/>
 <Entity id="3716"/>
 <Entity id="3717"/>
 <Entity id="3718"/>
 <Entity id="3720"/>
 <Entity id="3722"/>
 <Entity id="3723"/>
 <Entity id="3724"/>
 <Entity id="3725"/>
 <Entity id="3726"/>
 <Entity id="3729"/>
 <Entity id="3730"/>
 <Entity id="3733"/>
 <Entity id="3735"/>
 <Entity id="3736"/>
 <Entity id="3737"/>
 <Entity id="3738"/>
 <Entity id="3739"/>
 <Entity id="3740"/>
 <Entity id="3741"/>
 <Entity id="3743"/>
 <Entity id="3745"/>
 <Entity id="3754"/>
 <Entity id="3756"/>
 <Entity id="3757"/>
 <Entity id="3759"/>
 <Entity id="3762"/>
 <Entity id="3765"/>
 <Entity id="3766"/>
 <Entity id="3767"/>
 <Entity id="3770"/>
 <Entity id="3772"/>
 <Entity id="3775"/>
 <Entity id="3779"/>
 <Entity id="3790"/>
 <Entity id="3800"/>
 <Entity id="3804"/>
 <Entity id="3806"/>
 <Entity id="3810"/>
 <Entity id="3812"/>
 <Entity id="3819"/>
 <Entity id="3825"/>
 <Entity id="3832"/>
 <Entity id="3839"/>
 <Entity id="3850"/>
 <Entity id="3861"/>
 <Entity id="3862"/>
 <Entity id="3869"/>
 <Entity id="3870"/>
 <Entity id="3871"/>
 <Entity id="3872"/>
 <Entity id="3873"/>
 <Entity id="3875"/>
 <Entity id="3880"/>
 <Entity id="3883"/>
 <Entity id="3886"/>
 <Entity id="3887"/>
 <Entity id="3892"/>
 <Entity id="3895"/>
 <Entity id="3902"/>
 <Entity id="3903"/>
 <Entity id="3905"/>
 <Entity id="3907"/>
 <Entity id="3909"/>
 <Entity id="3912"/>
 <Entity id="3914"/>
 <Entity id="3916"/>
 <Entity id="3917"/>
 <Entity id="3922"/>
 <Entity id="3923"/>
 <Entity id="3924"/>
 <Entity id="3929"/>
 <Entity id="3930"/>
 <Entity id="3931"/>
 <Entity id="3933"/>
 <Entity id="3940"/>
 <Entity id="3941"/>
 <Entity id="3942"/>
 <Entity id="3945"/>
 <Entity id="3951"/>
 <Entity id="3954"/>
 <Entity id="3958"/>
 <Entity id="3963"/>
 <Entity id="3965"/>
 <Entity id="3967"/>
 <Entity id="3969"/>
 <Entity id="3971"/>
 <Entity id="3974"/>
 <Entity id="3975"/>
 <Entity id="3978"/>
 <Entity id="3980"/>
 <Entity id="3981"/>
 <Entity id="3983"/>
 <Entity id="3996"/>
 <Entity id="3997"/>
 <Entity id="3999"/>
 <Entity id="4000"/>
 <Entity id="4001"/>
 <Entity id="4005"/>
 <Entity id="4006"/>
 <Entity id="4011"/>
 <Entity id="4012"/>
 <Entity id="4022"/>
 <Entity id="4023"/>
 <Entity id="4030"/>
 <Entity id="4031"/>
 <Entity id="4032"/>
 <Entity id="4034"/>
 <Entity id="4036"/>
 <Entity id="4041"/>
 <Entity id="4045"/>
 <Entity id="4056"/>
 <Entity id="4058"/>
 <Entity id="4059"/>
 <Entity id="4060"/>
 <Entity id="4064"/>
 <Entity id="4065"/>
 <Entity id="4067"/>
 <Entity id="4068"/>
 <Entity id="4069"/>
 <Entity id="4074"/>
 <Entity id="4075"/>
 <Entity id="4078"/>
 <Entity id="4085"/>
 <Entity id="4086"/>
 <Entity id="4088"/>
 <Entity id="4089"/>
 <Entity id="4093"/>
 <Entity id="4094"/>
 <Entity id="4096"/>
 <Entity id="4100"/>
 <Entity id="4105"/>
 <Entity id="4106"/>
 <Entity id="4109"/>
 <Entity id="4114"/>
 <Entity id="4116"/>
 <Entity id="4122"/>
 <Entity id="4123"/>
 <Entity id="4124"/>
 <Entity id="4127"/>
 <Entity id="4130"/>
 <Entity id="4132"/>
 <Entity id="4135"/>
 <Entity id="4136"/>
 <Entity id="4139"/>
 <Entity id="4145"/>
 <Entity id="4151"/>
 <Entity id="4153"/>
 <Entity id="4155"/>
 <Entity id="4157"/>
 <Entity id="4159"/>
 <Entity id="4160"/>
 <Entity id="4170"/>
 <Entity id="4177"/>
 <Entity id="4181"/>
 <Entity id="4182"/>
 <Entity id="4184"/>
 <Entity id="4185"/>
 <Entity id="4186"/>
 <Entity id="4190"/>
 <Entity id="4192"/>
 <Entity id="4194"/>
 <Entity id="4196"/>
 <Entity id="4197"/>
 <Entity id="4200"/>
 <Entity id="4204"/>
 <Entity id="4206"/>
 <Entity id="4207"/>
 <Entity id="4208"/>
 <Entity id="4209"/>
 <Entity id="4212"/>
 <Entity id="4213"/>
 <Entity id="4214"/>
 <Entity id="4215"/>
 <Entity id="4216"/>
 <Entity id="4217"/>
 <Entity id="4218"/>
 <Entity id="4219"/>
 <Entity id="4221"/>
 <Entity id="4222"/>
 <Entity id="4224"/>
 <Entity id="4225"/>
 <Entity id="4226"/>
 <Entity id="4227"/>
 <Entity id="4229"/>
 <Entity id="4230"/>
 <Entity id="4232"/>
 <Entity id="4234"/>
 <Entity id="4235"/>
 <Entity id="4236"/>
 <Entity id="4237"/>
 <Entity id="4238"/>
 <Entity id="4239"/>
 <Entity id="4240"/>
 <Entity id="4241"/>
 <Entity id="4242"/>
 <Entity id="4243"/>
 <Entity id="4244"/>
 <Entity id="4245"/>
 <Entity id="4246"/>
 <Entity id="4247"/>
 <Entity id="4250"/>
 <Entity id="4251"/>
 <Entity id="4252"/>
 <Entity id="4253"/>
 <Entity id="4254"/>
 <Entity id="4255"/>
 <Entity id="4257"/>
 <Entity id="4258"/>
 <Entity id="4259"/>
 <Entity id="4260"/>
 <Entity id="4261"/>
 <Entity id="4262"/>
 <Entity id="4263"/>
 <Entity id="4266"/>
 <Entity id="4267"/>
 <Entity id="4268"/>
 <Entity id="4270"/>
 <Entity id="4271"/>
 <Entity id="4273"/>
 <Entity id="4274"/>
 <Entity id="4275"/>
 <Entity id="4276"/>
 <Entity id="4277"/>
 <Entity id="4278"/>
 <Entity id="4282"/>
 <Entity id="4283"/>
 <Entity id="4285"/>
 <Entity id="4286"/>
 <Entity id="4289"/>
 <Entity id="4291"/>
 <Entity id="4292"/>
 <Entity id="4293"/>
 <Entity id="4295"/>
 <Entity id="4300"/>
 <Entity id="4301"/>
 <Entity id="4302"/>
 <Entity id="4304"/>
 <Entity id="4305"/>
 <Entity id="4306"/>
 <Entity id="4312"/>
 <Entity id="4313"/>
 <Entity id="4314"/>
 <Entity id="4315"/>
 <Entity id="4319"/>
 <Entity id="4320"/>
 <Entity id="4326"/>
 <Entity id="4329"/>
 <Entity id="4332"/>
 <Entity id="4334"/>
 <Entity id="4337"/>
 <Entity id="4338"/>
 <Entity id="4340"/>
 <Entity id="4343"/>
 <Entity id="4351"/>
 <Entity id="4355"/>
 <Entity id="4356"/>
 <Entity id="4358"/>
 <Entity id="4360"/>
 <Entity id="4362"/>
 <Entity id="4364"/>
 <Entity id="4367"/>
 <Entity id="4368"/>
 <Entity id="4369"/>
 <Entity id="4372"/>
 <Entity id="4375"/>
 <Entity id="4377"/>
 <Entity id="4379"/>
 <Entity id="4380"/>
 <Entity id="4381"/>
 <Entity id="4382"/>
 <Entity id="4385"/>
 <Entity id="4390"/>
 <Entity id="4392"/>
 <Entity id="4394"/>
 <Entity id="4396"/>
 <Entity id="4397"/>
 <Entity id="4399"/>
 <Entity id="4400"/>
 <Entity id="4401"/>
 <Entity id="4403"/>
 <Entity id="4404"/>
 <Entity id="4405"/>
 <Entity id="4407"/>
 <Entity id="4410"/>
 <Entity id="4411"/>
 <Entity id="4414"/>
 <Entity id="4415"/>
 <Entity id="4416"/>
 <Entity id="4417"/>
 <Entity id="4418"/>
 <Entity id="4419"/>
 <Entity id="4420"/>
 <Entity id="4421"/>
 <Entity id="4422"/>
 <Entity id="4423"/>
 <Entity id="4424"/>
 <Entity id="4425"/>
 <Entity id="4427"/>
 <Entity id="4428"/>
 <Entity id="4429"/>
 <Entity id="4431"/>
 <Entity id="4432"/>
 <Entity id="4433"/>
 <Entity id="4434"/>
 <Entity id="4435"/>
 <Entity id="4436"/>
 <Entity id="4437"/>
 <Entity id="4438"/>
 <Entity id="4439"/>
 <Entity id="4440"/>
 <Entity id="4441"/>
 <Entity id="4442"/>
 <Entity id="4443"/>
 <Entity id="4444"/>
 <Entity id="4445"/>
 <Entity id="4446"/>
 <Entity id="4447"/>
 <Entity id="4449"/>
 <Entity id="4451"/>
 <Entity id="4452"/>
 <Entity id="4453"/>
 <Entity id="4457"/>
 <Entity id="4458"/>
 <Entity id="4460"/>
 <Entity id="4462"/>
 <Entity id="4463"/>
 <Entity id="4464"/>
 <Entity id="4465"/>
 <Entity id="4467"/>
 <Entity id="4468"/>
 <Entity id="4469"/>
 <Entity id="4472"/>
 <Entity id="4473"/>
 <Entity id="4475"/>
 <Entity id="4476"/>
 <Entity id="4477"/>
 <Entity id="4481"/>
 <Entity id="4483"/>
 <Entity id="4484"/>
 <Entity id="4486"/>
 <Entity id="4488"/>
 <Entity id="4492"/>
 <Entity id="4495"/>
 <Entity id="4497"/>
 <Entity id="4503"/>
 <Entity id="4505"/>
 <Entity id="4510"/>
 <Entity id="4514"/>
 <Entity id="4520"/>
 <Entity id="4526"/>
 <Entity id="4534"/>
 <Entity id="4536"/>
 <Entity id="4537"/>
 <Entity id="4547"/>
 <Entity id="4553"/>
 <Entity id="4556"/>
 <Entity id="4557"/>
 <Entity id="4564"/>
 <Entity id="4566"/>
 <Entity id="4569"/>
 <Entity id="4570"/>
 <Entity id="4572"/>
 <Entity id="4574"/>
 <Entity id="4575"/>
 <Entity id="4578"/>
 <Entity id="4584"/>
 <Entity id="4586"/>
 <Entity id="4588"/>
 <Entity id="4590"/>
 <Entity id="4594"/>
 <Entity id="4595"/>
 <Entity id="4597"/>
 <Entity id="4601"/>
 <Entity id="4602"/>
 <Entity id="4603"/>
 <Entity id="4604"/>
 <Entity id="4609"/>
 <Entity id="4610"/>
 <Entity id="4611"/>
 <Entity id="4619"/>
 <Entity id="4620"/>
 <Entity id="4621"/>
 <Entity id="4622"/>
 <Entity id="4628"/>
 <Entity id="4631"/>
 <Entity id="4632"/>
 <Entity id="4635"/>
 <Entity id="4640"/>
 <Entity id="4641"/>
 <Entity id="4643"/>
 <Entity id="4644"/>
 <Entity id="4647"/>
 <Entity id="4648"/>
 <Entity id="4650"/>
 <Entity id="4651"/>
 <Entity id="4653"/>
 <Entity id="4655"/>
 <Entity id="4656"/>
 <Entity id="4658"/>
 <Entity id="4660"/>
 <Entity id="4662"/>
 <Entity id="4665"/>
 <Entity id="4669"/>
 <Entity id="4671"/>
 <Entity id="4675"/>
 <Entity id="4676"/>
 <Entity id="4678"/>
 <Entity id="4681"/>
 <Entity id="4683"/>
 <Entity id="4684"/>
 <Entity id="4685"/>
 <Entity id="4686"/>
 <Entity id="4690"/>
 <Entity id="4696"/>
 <Entity id="4697"/>
 <Entity id="4698"/>
 <Entity id="4699"/>
 <Entity id="4701"/>
 <Entity id="4702"/>
 <Entity id="4708"/>
 <Entity id="4709"/>
 <Entity id="4710"/>
 <Entity id="4712"/>
 <Entity id="4713"/>
 <Entity id="4714"/>
 <Entity id="4715"/>
 <Entity id="4719"/>
 <Entity id="4720"/>
 <Entity id="4721"/>
 <Entity id="4724"/>
 <Entity id="4725"/>
 <Entity id="4726"/>
 <Entity id="4730"/>
 <Entity id="4731"/>
 <Entity id="4733"/>
 <Entity id="4735"/>
 <Entity id="4736"/>
 <Entity id="4738"/>
 <Entity id="4739"/>
 <Entity id="4740"/>
 <Entity id="4742"/>
 <Entity id="4743"/>
 <Entity id="4744"/>
 <Entity id="4746"/>
 <Entity id="4747"/>
 <Entity id="4749"/>
 <Entity id="4751"/>
 <Entity id="4753"/>
 <Entity id="4755"/>
 <Entity id="4756"/>
 <Entity id="4759"/>
 <Entity id="4760"/>
 <Entity id="4762"/>
 <Entity id="4763"/>
 <Entity id="4764"/>
 <Entity id="4765"/>
 <Entity id="4767"/>
 <Entity id="4770"/>
 <Entity id="4774"/>
 <Entity id="4775"/>
 <Entity id="4777"/>
 <Entity id="4779"/>
 <Entity id="4781"/>
 <Entity id="4785"/>
 <Entity id="4786"/>
 <Entity id="4788"/>
 <Entity id="4790"/>
 <Entity id="4791"/>
 <Entity id="4793"/>
 <Entity id="4795"/>
 <Entity id="4798"/>
 <Entity id="4802"/>
 <Entity id="4804"/>
 <Entity id="4807"/>
 <Entity id="4808"/>
 <Entity id="4809"/>
 <Entity id="4811"/>
 <Entity id="4814"/>
 <Entity id="4819"/>
 <Entity id="4820"/>
 <Entity id="4823"/>
 <Entity id="4824"/>
 <Entity id="4826"/>
 <Entity id="4828"/>
 <Entity id="4829"/>
 <Entity id="4831"/>
 <Entity id="4834"/>
 <Entity id="4835"/>
 <Entity id="4836"/>
 <Entity id="4840"/>
 <Entity id="4844"/>
 <Entity id="4845"/>
 <Entity id="4848"/>
 <Entity id="4850"/>
 <Entity id="4852"/>
 <Entity id="4857"/>
 <Entity id="4858"/>
 <Entity id="4861"/>
 <Entity id="4863"/>
 <Entity id="4865"/>
 <Entity id="4867"/>
 <Entity id="4868"/>
 <Entity id="4869"/>
 <Entity id="4870"/>
 <Entity id="4874"/>
 <Entity id="4876"/>
 <Entity id="4877"/>
 <Entity id="4878"/>
 <Entity id="4881"/>
 <Entity id="4882"/>
 <Entity id="4886"/>
 <Entity id="4889"/>
 <Entity id="4890"/>
 <Entity id="4891"/>
 <Entity id="4892"/>
 <Entity id="4894"/>
 <Entity id="4898"/>
 <Entity id="4901"/>
 <Entity id="4902"/>
 <Entity id="4903"/>
 <Entity id="4904"/>
 <Entity id="4905"/>
 <Entity id="4909"/>
 <Entity id="4913"/>
 <Entity id="4915"/>
 <Entity id="4916"/>
 <Entity id="4917"/>
 <Entity id="4918"/>
 <Entity id="4919"/>
 <Entity id="4923"/>
 <Entity id="4926"/>
 <Entity id="4929"/>
 <Entity id="4931"/>
 <Entity id="4934"/>
 <Entity id="4936"/>
 <Entity id="4938"/>
 <Entity id="4939"/>
 <Entity id="4942"/>
 <Entity id="4944"/>
 <Entity id="4947"/>
 <Entity id="4948"/>
 <Entity id="4960"/>
 <Entity id="4965"/>
 <Entity id="4966"/>
 <Entity id="4967"/>
 <Entity id="4970"/>
 <Entity id="4971"/>
 <Entity id="4974"/>
 <Entity id="4975"/>
 <Entity id="4976"/>
 <Entity id="4977"/>
 <Entity id="4979"/>
 <Entity id="4980"/>
 <Entity id="4983"/>
 <Entity id="4984"/>
 <Entity id="4986"/>
 <Entity id="4988"/>
 <Entity id="4989"/>
 <Entity id="4990"/>
 <Entity id="4991"/>
 <Entity id="4994"/>
 <Entity id="4995"/>
 <Entity id="4997"/>
 <Entity id="4999"/>
 <Entity id="5000"/>
 <Entity id="5002"/>
 <Entity id="5003"/>
 <Entity id="5005"/>
 <Entity id="5008"/>
 <Entity id="5009"/>
 <Entity id="5010"/>
 <Entity id="5011"/>
 <Entity id="5013"/>
 <Entity id="5016"/>
 <Entity id="5019"/>
 <Entity id="5024"/>
 <Entity id="5026"/>
 <Entity id="5031"/>
 <Entity id="5034"/>
 <Entity id="5036"/>
 <Entity id="5041"/>
 <Entity id="5049"/>
 <Entity id="5051"/>
 <Entity id="5052"/>
 <Entity id="5053"/>
 <Entity id="5054"/>
 <Entity id="5055"/>
 <Entity id="5058"/>
 <Entity id="5060"/>
 <Entity id="5062"/>
 <Entity id="5063"/>
 <Entity id="5064"/>
 <Entity id="5066"/>
 <Entity id="5067"/>
 <Entity id="5071"/>
 <Entity id="5072"/>
 <Entity id="5074"/>
 <Entity id="5079"/>
 <Entity id="5083"/>
 <Entity id="5086"/>
 <Entity id="5089"/>
 <Entity id="5090"/>
 <Entity id="5091"/>
 <Entity id="5093"/>
 <Entity id="5094"/>
 <Entity id="5098"/>
 <Entity id="5099"/>
 <Entity id="5100"/>
 <Entity id="5101"/>
 <Entity id="5104"/>
 <Entity id="5105"/>
 <Entity id="5106"/>
 <Entity id="5107"/>
 <Entity id="5109"/>
 <Entity id="5110"/>
 <Entity id="5112"/>
 <Entity id="5115"/>
 <Entity id="5116"/>
 <Entity id="5118"/>
 <Entity id="5119"/>
 <Entity id="5120"/>
 <Entity id="5124"/>
 <Entity id="5130"/>
 <Entity id="5132"/>
 <Entity id="5134"/>
 <Entity id="5137"/>
 <Entity id="5142"/>
 <Entity id="5146"/>
 <Entity id="5151"/>
 <Entity id="5156"/>
 <Entity id="5162"/>
 <Entity id="5164"/>
 <Entity id="5166"/>
 <Entity id="5169"/>
 <Entity id="5171"/>
 <Entity id="5178"/>
 <Entity id="5181"/>
 <Entity id="5183"/>
 <Entity id="5184"/>
 <Entity id="5185"/>
 <Entity id="5187"/>
 <Entity id="5188"/>
 <Entity id="5189"/>
 <Entity id="5190"/>
 <Entity id="5191"/>
 <Entity id="5194"/>
 <Entity id="5196"/>
 <Entity id="5198"/>
 <Entity id="5199"/>
 <Entity id="5201"/>
 <Entity id="5203"/>
 <Entity id="5204"/>
 <Entity id="5209"/>
 <Entity id="5212"/>
 <Entity id="5222"/>
 <Entity id="5223"/>
 <Entity id="5236"/>
 <Entity id="5237"/>
 <Entity id="5242"/>
 <Entity id="5251"/>
 <Entity id="5253"/>
 <Entity id="5254"/>
 <Entity id="5255"/>
 <Entity id="5258"/>
 <Entity id="5259"/>
 <Entity id="5261"/>
 <Entity id="5265"/>
 <Entity id="5271"/>
 <Entity id="5274"/>
 <Entity id="5276"/>
 <Entity id="5282"/>
 <Entity id="5283"/>
 <Entity id="5285"/>
 <Entity id="5286"/>
 <Entity id="5287"/>
 <Entity id="5292"/>
 <Entity id="5298"/>
 <Entity id="5299"/>
 <Entity id="5301"/>
 <Entity id="5303"/>
 <Entity id="5307"/>
 <Entity id="5308"/>
 <Entity id="5312"/>
 <Entity id="5313"/>
 <Entity id="5314"/>
 <Entity id="5317"/>
 <Entity id="5321"/>
 <Entity id="5323"/>
 <Entity id="5327"/>
 <Entity id="5337"/>
 <Entity id="5342"/>
 <Entity id="5347"/>
 <Entity id="5348"/>
 <Entity id="5350"/>
 <Entity id="5351"/>
 <Entity id="5352"/>
 <Entity id="5362"/>
 <Entity id="5364"/>
 <Entity id="5368"/>
 <Entity id="5371"/>
 <Entity id="5372"/>
 <Entity id="5373"/>
 <Entity id="5374"/>
 <Entity id="5375"/>
 <Entity id="5376"/>
 <Entity id="5377"/>
 <Entity id="5379"/>
 <Entity id="5380"/>
 <Entity id="5383"/>
 <Entity id="5387"/>
 <Entity id="5389"/>
 <Entity id="5391"/>
 <Entity id="5392"/>
 <Entity id="5395"/>
 <Entity id="5397"/>
 <Entity id="5400"/>
 <Entity id="5403"/>
 <Entity id="5411"/>
 <Entity id="5413"/>
 <Entity id="5415"/>
 <Entity id="5416"/>
 <Entity id="5417"/>
 <Entity id="5421"/>
 <Entity id="5422"/>
 <Entity id="5424"/>
 <Entity id="5427"/>
 <Entity id="5428"/>
 <Entity id="5435"/>
 <Entity id="5436"/>
 <Entity id="5437"/>
 <Entity id="5439"/>
 <Entity id="5440"/>
 <Entity id="5445"/>
 <Entity id="5449"/>
 <Entity id="5453"/>
 <Entity id="5455"/>
 <Entity id="5457"/>
 <Entity id="5460"/>
 <Entity id="5461"/>
 <Entity id="5462"/>
 <Entity id="5464"/>
 <Entity id="5465"/>
 <Entity id="5466"/>
 <Entity id="5467"/>
 <Entity id="5468"/>
 <Entity id="5469"/>
 <Entity id="5473"/>
 <Entity id="5475"/>
 <Entity id="5477"/>
 <Entity id="5479"/>
 <Entity id="5480"/>
 <Entity id="5481"/>
 <Entity id="5482"/>
 <Entity id="5484"/>
 <Entity id="5488"/>
 <Entity id="5491"/>
 <Entity id="5495"/>
 <Entity id="5496"/>
 <Entity id="5497"/>
 <Entity id="5501"/>
 <Entity id="5505"/>
 <Entity id="5507"/>
 <Entity id="5509"/>
 <Entity id="5510"/>
 <Entity id="5514"/>
 <Entity id="5515"/>
 <Entity id="5526"/>
 <Entity id="5531"/>
 <Entity id="5538"/>
 <Entity id="5539"/>
 <Entity id="5541"/>
 <Entity id="5542"/>
 <Entity id="5545"/>
 <Entity id="5548"/>
 <Entity id="5549"/>
 <Entity id="5551"/>
 <Entity id="5554"/>
 <Entity id="5563"/>
 <Entity id="5567"/>
 <Entity id="5569"/>
 <Entity id="5580"/>
 <Entity id="5581"/>
 <Entity id="5584"/>
 <Entity id="5586"/>
 <Entity id="5587"/>
 <Entity id="5590"/>
 <Entity id="5591"/>
 <Entity id="5592"/>
 <Entity id="5593"/>
 <Entity id="5597"/>
 <Entity id="5601"/>
 <Entity id="5602"/>
 <Entity id="5605"/>
 <Entity id="5608"/>
 <Entity id="5609"/>
 <Entity id="5612"/>
 <Entity id="5619"/>
 <Entity id="5620"/>
 <Entity id="5621"/>
 <Entity id="5623"/>
 <Entity id="5625"/>
 <Entity id="5626"/>
 <Entity id="5629"/>
 <Entity id="5630"/>
 <Entity id="5631"/>
 <Entity id="5637"/>
 <Entity id="5640"/>
 <Entity id="5643"/>
 <Entity id="5644"/>
 <Entity id="5649"/>
 <Entity id="5650"/>
 <Entity id="5654"/>
 <Entity id="5655"/>
 <Entity id="5657"/>
 <Entity id="5660"/>
 <Entity id="5663"/>
 <Entity id="5664"/>
 <Entity id="5667"/>
 <Entity id="5679"/>
 <Entity id="5680"/>
 <Entity id="5682"/>
 <Entity id="5684"/>
 <Entity id="5689"/>
 <Entity id="5692"/>
 <Entity id="5694"/>
 <Entity id="5695"/>
 <Entity id="5698"/>
 <Entity id="5699"/>
 <Entity id="5700"/>
 <Entity id="5703"/>
 <Entity id="5704"/>
 <Entity id="5706"/>
 <Entity id="5709"/>
 <Entity id="5711"/>
 <Entity id="5713"/>
 <Entity id="5714"/>
 <Entity id="5715"/>
 <Entity id="5717"/>
 <Entity id="5718"/>
 <Entity id="5719"/>
 <Entity id="5720"/>
 <Entity id="5722"/>
 <Entity id="5723"/>
 <Entity id="5725"/>
 <Entity id="5726"/>
 <Entity id="5728"/>
 <Entity id="5729"/>
 <Entity id="5731"/>
 <Entity id="5732"/>
 <Entity id="5735"/>
 <Entity id="5736"/>
 <Entity id="5737"/>
 <Entity id="5739"/>
 <Entity id="5742"/>
 <Entity id="5744"/>
 <Entity id="5745"/>
 <Entity id="5747"/>
 <Entity id="5748"/>
 <Entity id="5749"/>
 <Entity id="5755"/>
 <Entity id="5756"/>
 <Entity id="5757"/>
 <Entity id="5758"/>
 <Entity id="5759"/>
 <Entity id="5765"/>
 <Entity id="5767"/>
 <Entity id="5768"/>
 <Entity id="5769"/>
 <Entity id="5770"/>
 <Entity id="5771"/>
 <Entity id="5772"/>
 <Entity id="5774"/>
 <Entity id="5775"/>
 <Entity id="5776"/>
 <Entity id="5777"/>
 <Entity id="5778"/>
 <Entity id="5779"/>
 <Entity id="5780"/>
 <Entity id="5781"/>
 <Entity id="5782"/>
 <Entity id="5783"/>
 <Entity id="5784"/>
 <Entity id="5785"/>
 <Entity id="5786"/>
 <Entity id="5787"/>
 <Entity id="5788"/>
 <Entity id="5789"/>
 <Entity id="5790"/>
 <Entity id="5791"/>
 <Entity id="5792"/>
 <Entity id="5793"/>
 <Entity id="5794"/>
 <Entity id="5795"/>
 <Entity id="5796"/>
 <Entity id="5797"/>
 <Entity id="5798"/>
 <Entity id="5800"/>
 <Entity id="5801"/>
 <Entity id="5802"/>
 <Entity id="5803"/>
 <Entity id="5804"/>
 <Entity id="5805"/>
 <Entity id="5806"/>
</EntitySerialization>
