
<ResponseRules>
 <WritebackKeys/>
 <ResponseRule id="13680621263370536368" name="Help Us Blow The Outside Hatch" cooldown="" description="Frank Jones is trapped in the launch tube of an escape pod with Emmanuella Desilva. They ask the playe for help. Secretly, Frank is partially responsible for the malfunction of the other escape pods on the station, but he&apos;d rather the player not find that out. " response="13680621263370536605">
  <Criteria>
   <Criterion id="15659330456318451386" value="13680621263365953228" comparison="0" type="guid"/>
   <Criterion id="15659330456318451410" comparison="0" value="onTranscribeTrigger" fromResponse="0" type="default"/>
   <Criterion comparison="0" passIfMissing="false" id="15659330456318451477" type="guid" keyType="default" value="4349723564911797398"/>
  </Criteria>
 </ResponseRule>
 <ResponseSet id="13680621263370536605">
  <Response dialog="13680621263370536604" id="13680621263370536606" cooldown="0" weight="1" oneshot="0" completeConversation="0" delay="0"/>
 </ResponseSet>
 <ResponseRule id="13680621263370536664" name="" cooldown="" response="13680621263370536665">
  <Criteria>
   <Criterion id="15659330456318451386" value="13680621263365953228" comparison="0" type="guid"/>
   <Criterion id="15659330456318451410" comparison="0" value="13680621263370536606" fromResponse="1" type="guid"/>
   <Criterion id="15659330456318451477" value="4349723564911797398" comparison="0" type="guid"/>
  </Criteria>
 </ResponseRule>
 <ResponseSet id="13680621263370536665">
  <Response dialog="13680621263370536663" id="13680621263370536666" cooldown="0" weight="1" oneshot="0" completeConversation="0" delay="0.5"/>
 </ResponseSet>
 <ResponseRule id="13680621263370536683" name="" cooldown="" response="13680621263370536684">
  <Criteria>
   <Criterion id="15659330456318451386" value="13680621263365953228" comparison="0" type="guid"/>
   <Criterion id="15659330456318451410" comparison="0" value="13680621263370536666" fromResponse="1" type="guid"/>
   <Criterion id="15659330456318451477" value="4349723564911797398" comparison="0" type="guid"/>
  </Criteria>
 </ResponseRule>
 <ResponseSet id="13680621263370536684">
  <Response dialog="13680621263370536682" id="13680621263370536685" cooldown="0" weight="1" oneshot="0" completeConversation="0" delay="0.25"/>
 </ResponseSet>
 <ResponseRule id="13680621263370536746" name="" cooldown="" response="13680621263370536747">
  <Criteria>
   <Criterion id="15659330456318451386" value="13680621263365953228" comparison="0" type="guid"/>
   <Criterion id="15659330456318451410" comparison="0" value="13680621263370536685" fromResponse="1" type="guid"/>
   <Criterion id="15659330456318451477" value="4349723564911797398" comparison="0" type="guid"/>
  </Criteria>
 </ResponseRule>
 <ResponseSet id="13680621263370536747">
  <Response dialog="13680621263370536745" id="13680621263370536748" cooldown="0" weight="1" oneshot="0" completeConversation="0" delay="0.6"/>
 </ResponseSet>
 <ResponseRule id="13680621263370536750" name="Escpade Pod Hatch Removed" cooldown="" description="Frank Jones is trapped in the launch tube of an escape pod with Eveylyn Brown. They ask the playe for help. Secretly, Frank is partially responsible for the malfunction of the other escape pods on the station, but he&apos;d rather the player not find that out.     Player has suscessfully removed the exterior hatch, which allow the player to launch the escape pod." response="13680621263370536814">
  <Criteria>
   <Criterion id="15659330456318451386" value="13680621263365953228" comparison="0" type="guid"/>
   <Criterion id="15659330456318451410" comparison="0" value="onTranscribeTrigger" fromResponse="0" type="default"/>
   <Criterion comparison="0" passIfMissing="false" id="15659330456318451477" type="guid" keyType="default" value="4349723564911797398"/>
  </Criteria>
 </ResponseRule>
 <ResponseSet id="13680621263370536814">
  <Response dialog="13680621263370536813" id="13680621263370536815" cooldown="0" weight="1" oneshot="0" completeConversation="1" delay="0"/>
 </ResponseSet>
 <ResponseRule id="13680621263370536901" name="Don&apos;t Hit That Switch" cooldown="" description="Frank Jones is trapped in the launch tube of an escape pod with Eveylyn Brown. They ask the playe for help. Secretly, Frank is partially responsible for the malfunction of the other escape pods on the station, but he&apos;d rather the player not find that out.     Player has suscessfully removed the exterior hatch, which allow the player to launch the escape pod." response="13680621263370536985">
  <Criteria>
   <Criterion id="15659330456318451386" value="13680621263365953228" comparison="0" type="guid"/>
   <Criterion id="15659330456318451410" comparison="0" value="onTranscribeTrigger" fromResponse="0" type="default"/>
   <Criterion comparison="0" passIfMissing="false" id="15659330456318451477" type="guid" keyType="default" value="4349723564911797398"/>
  </Criteria>
 </ResponseRule>
 <ResponseSet id="13680621263370536985">
  <Response dialog="13680621263370536984" id="13680621263370536986" cooldown="0" weight="1" oneshot="0" completeConversation="0" delay="0"/>
 </ResponseSet>
 <ResponseRule id="13680621263370536999" name="" cooldown="" response="13680621263370537432">
  <Criteria>
   <Criterion id="15659330456318451386" value="4349723564911543122" comparison="0" type="guid"/>
   <Criterion id="15659330456318451410" comparison="0" value="13680621263370536986" fromResponse="1" type="guid"/>
   <Criterion comparison="0" passIfMissing="false" id="15659330456318451477" type="guid" keyType="default" value="12889009724999009859"/>
  </Criteria>
 </ResponseRule>
 <ResponseSet id="13680621263370537432">
  <Response dialog="13680621263370537431" id="13680621263370537433" cooldown="0" weight="1" oneshot="0" completeConversation="1" delay="0.25" targetType="2" targetId="4349723564911797398" speakerTrackMethod="1" targetTrackMethod="0"/>
 </ResponseSet>
 <ResponseRule id="13680621263370538113" name="Player Hit Launch Switch--Outside Hatch ON" cooldown="" description="Frank Jones is trapped in the launch tube of an escape pod with Eveylyn Brown. They ask the playe for help. Secretly, Frank is partially responsible for the malfunction of the other escape pods on the station, but he&apos;d rather the player not find that out. Morgan hit the switch to start the launch, but the hatch is till on." response="13680621263370538211">
  <Criteria>
   <Criterion id="15659330456318451386" value="13680621263365953228" comparison="0" type="guid"/>
   <Criterion id="15659330456318451410" comparison="0" value="onTranscribeTrigger" fromResponse="0" type="default"/>
   <Criterion comparison="0" passIfMissing="false" id="15659330456318451477" type="guid" keyType="default" value="4349723564911797398"/>
  </Criteria>
 </ResponseRule>
 <ResponseSet id="13680621263370538211">
  <Response dialog="13680621263370537493" id="13680621263370538212" cooldown="0" weight="1" oneshot="0" completeConversation="0" delay="0"/>
 </ResponseSet>
 <ResponseRule id="13680621263370538264" name="" cooldown="" response="13680621263370538407">
  <Criteria>
   <Criterion id="15659330456318451386" value="4349723564911543122" comparison="0" type="guid"/>
   <Criterion id="15659330456318451410" comparison="0" value="13680621263370538212" fromResponse="1" type="guid"/>
   <Criterion comparison="0" passIfMissing="false" id="15659330456318451477" type="guid" keyType="default" value="12889009724999009859"/>
  </Criteria>
 </ResponseRule>
 <ResponseSet id="13680621263370538407">
  <Response dialog="13680621263370538406" id="13680621263370538408" cooldown="0" weight="1" oneshot="0" completeConversation="0" delay="0" targetType="2" targetId="4349723564911797398" speakerTrackMethod="1" targetTrackMethod="0"/>
 </ResponseSet>
 <ResponseRule id="13680621263370538610" name="Player Hit Launch Switch--Outside Hatch ON 2" cooldown="" description="Frank Jones is trapped in the launch tube of an escape pod with Eveylyn Brown. They ask the playe for help. Secretly, Frank is partially responsible for the malfunction of the other escape pods on the station, but he&apos;d rather the player not find that out. Morgan hit the switch to start the launch AGAIN, but the hatch is still on." response="13680621263370538667">
  <Criteria>
   <Criterion id="15659330456318451386" value="4349723564911543122" comparison="0" type="guid"/>
   <Criterion id="15659330456318451410" comparison="0" value="onTranscribeTrigger" fromResponse="0" type="default"/>
   <Criterion comparison="0" passIfMissing="false" id="15659330456318451477" type="guid" keyType="default" value="12889009724999009859"/>
  </Criteria>
 </ResponseRule>
 <ResponseSet id="13680621263370538667">
  <Response dialog="13680621263370538666" id="13680621263370538668" cooldown="0" weight="1" oneshot="0" completeConversation="1" delay="0"/>
 </ResponseSet>
 <ResponseRule id="13680621263370538689" name="Escape Pod Away Success" cooldown="" description="Frank Jones is trapped in the launch tube of an escape pod with Eveylyn Brown. They ask the playe for help. Secretly, Frank is partially responsible for the malfunction of the other escape pods on the station, but he&apos;d rather the player not find that out.   Morgan hit the switch to start the launch. Escape Pod made it successfully." response="13680621263370538744">
  <Criteria>
   <Criterion id="15659330456318451386" value="4349723564911543122" comparison="0" type="guid"/>
   <Criterion id="15659330456318451410" comparison="0" value="onTranscribeTrigger" fromResponse="0" type="default"/>
   <Criterion comparison="0" passIfMissing="false" id="15659330456318451477" type="guid" keyType="default" value="12889009724999009859"/>
  </Criteria>
 </ResponseRule>
 <ResponseSet id="13680621263370538744">
  <Response dialog="13680621263370538743" id="13680621263370538745" cooldown="0" weight="1" oneshot="0" completeConversation="0" delay="0"/>
 </ResponseSet>
 <ResponseRule id="13680621263370538889" name="Player Canceled Launch" cooldown="" description="Frank Jones is trapped in the launch tube of an escape pod with Eveylyn Brown. They ask the playe for help. Secretly, Frank is partially responsible for the malfunction of the other escape pods on the station, but he&apos;d rather the player not find that out.     Morgan hit the switch to start the launch, but then canceled it." response="13680621263370538934">
  <Criteria>
   <Criterion id="15659330456318451386" value="4349723564911543122" comparison="0" type="guid"/>
   <Criterion id="15659330456318451410" comparison="0" value="onTranscribeTrigger" fromResponse="0" type="default"/>
   <Criterion comparison="0" passIfMissing="false" id="15659330456318451477" type="guid" keyType="default" value="12889009724999009859"/>
  </Criteria>
 </ResponseRule>
 <ResponseSet id="13680621263370538934">
  <Response dialog="13680621263370538933" id="13680621263370538935" cooldown="0" weight="1" oneshot="0" completeConversation="0" delay="0"/>
 </ResponseSet>
 <ResponseRule id="13680621263370539320" name="Escape Pod Launch Countdown" cooldown="" response="13680621263370539399">
  <Criteria>
   <Criterion id="15659330456318451386" value="13680621263369958846" comparison="0" type="guid"/>
   <Criterion id="15659330456318451410" comparison="0" value="onAnnouncementTrigger" fromResponse="0" type="default"/>
   <Criterion comparison="0" passIfMissing="false" id="15659330456318451477" type="guid" keyType="default" value="13680621263369958773"/>
  </Criteria>
 </ResponseRule>
 <ResponseSet id="13680621263370539399">
  <Response dialog="13680621263370539398" id="13680621263370539400" cooldown="0" weight="1" oneshot="0" completeConversation="0" delay="0"/>
 </ResponseSet>
 <ResponseRule id="13680621263370539408" name="" cooldown="" response="13680621263370539409">
  <Criteria>
   <Criterion id="15659330456318451386" value="13680621263369958846" comparison="0" type="guid"/>
   <Criterion id="15659330456318451410" comparison="0" value="13680621263370539400" fromResponse="1" type="guid"/>
   <Criterion id="15659330456318451477" value="13680621263369958773" comparison="0" type="guid"/>
  </Criteria>
 </ResponseRule>
 <ResponseSet id="13680621263370539409">
  <Response dialog="13680621263370539407" id="13680621263370539410" cooldown="0" weight="1" oneshot="0" completeConversation="0" delay="1"/>
 </ResponseSet>
 <ResponseRule id="13680621263370539412" name="" cooldown="" response="13680621263370539413">
  <Criteria>
   <Criterion id="15659330456318451386" value="13680621263369958846" comparison="0" type="guid"/>
   <Criterion id="15659330456318451410" comparison="0" value="13680621263370539410" fromResponse="1" type="guid"/>
   <Criterion id="15659330456318451477" value="13680621263369958773" comparison="0" type="guid"/>
  </Criteria>
 </ResponseRule>
 <ResponseSet id="13680621263370539413">
  <Response dialog="13680621263370539411" id="13680621263370539414" cooldown="0" weight="1" oneshot="0" completeConversation="0" delay="1"/>
 </ResponseSet>
 <ResponseRule id="13680621263370539417" name="" cooldown="" response="13680621263370539418">
  <Criteria>
   <Criterion id="15659330456318451386" value="13680621263369958846" comparison="0" type="guid"/>
   <Criterion id="15659330456318451410" comparison="0" value="13680621263370539414" fromResponse="1" type="guid"/>
   <Criterion id="15659330456318451477" value="13680621263369958773" comparison="0" type="guid"/>
  </Criteria>
 </ResponseRule>
 <ResponseSet id="13680621263370539418">
  <Response dialog="13680621263370539416" id="13680621263370539419" cooldown="0" weight="1" oneshot="0" completeConversation="0" delay="1"/>
 </ResponseSet>
 <ResponseRule id="13680621263370539421" name="" cooldown="" response="13680621263370539422">
  <Criteria>
   <Criterion id="15659330456318451386" value="13680621263369958846" comparison="0" type="guid"/>
   <Criterion id="15659330456318451410" comparison="0" value="13680621263370539419" fromResponse="1" type="guid"/>
   <Criterion id="15659330456318451477" value="13680621263369958773" comparison="0" type="guid"/>
  </Criteria>
 </ResponseRule>
 <ResponseSet id="13680621263370539422">
  <Response dialog="13680621263370539420" id="13680621263370539423" cooldown="0" weight="1" oneshot="0" completeConversation="0" delay="1"/>
 </ResponseSet>
 <ResponseRule id="13680621263370539426" name="" cooldown="" response="13680621263370539427">
  <Criteria>
   <Criterion id="15659330456318451386" value="13680621263369958846" comparison="0" type="guid"/>
   <Criterion id="15659330456318451410" comparison="0" value="13680621263370539423" fromResponse="1" type="guid"/>
   <Criterion id="15659330456318451477" value="13680621263369958773" comparison="0" type="guid"/>
  </Criteria>
 </ResponseRule>
 <ResponseSet id="13680621263370539427">
  <Response dialog="13680621263370539425" id="13680621263370539428" cooldown="0" weight="1" oneshot="0" completeConversation="0" delay="1"/>
 </ResponseSet>
 <ResponseRule id="13680621263370539430" name="" cooldown="" response="13680621263370539431">
  <Criteria>
   <Criterion id="15659330456318451386" value="13680621263369958846" comparison="0" type="guid"/>
   <Criterion id="15659330456318451410" comparison="0" value="13680621263370539428" fromResponse="1" type="guid"/>
   <Criterion id="15659330456318451477" value="13680621263369958773" comparison="0" type="guid"/>
  </Criteria>
 </ResponseRule>
 <ResponseSet id="13680621263370539431">
  <Response dialog="13680621263370539429" id="13680621263370539432" cooldown="0" weight="1" oneshot="0" completeConversation="0" delay="1"/>
 </ResponseSet>
 <ResponseRule id="13680621263370539434" name="" cooldown="" response="13680621263370539435">
  <Criteria>
   <Criterion id="15659330456318451386" value="13680621263369958846" comparison="0" type="guid"/>
   <Criterion id="15659330456318451410" comparison="0" value="13680621263370539432" fromResponse="1" type="guid"/>
   <Criterion id="15659330456318451477" value="13680621263369958773" comparison="0" type="guid"/>
  </Criteria>
 </ResponseRule>
 <ResponseSet id="13680621263370539435">
  <Response dialog="13680621263370539433" id="13680621263370539436" cooldown="0" weight="1" oneshot="0" completeConversation="0" delay="1"/>
 </ResponseSet>
 <ResponseRule id="13680621263370539445" name="" cooldown="" response="13680621263370539446">
  <Criteria>
   <Criterion id="15659330456318451386" value="13680621263369958846" comparison="0" type="guid"/>
   <Criterion id="15659330456318451410" comparison="0" value="13680621263370539436" fromResponse="1" type="guid"/>
   <Criterion id="15659330456318451477" value="13680621263369958773" comparison="0" type="guid"/>
  </Criteria>
 </ResponseRule>
 <ResponseSet id="13680621263370539446">
  <Response dialog="13680621263370147023" id="13680621263370539447" cooldown="0" weight="1" oneshot="0" completeConversation="0" delay="1"/>
 </ResponseSet>
 <ResponseRule id="13680621263370539451" name="" cooldown="" response="13680621263370539452">
  <Criteria>
   <Criterion id="15659330456318451386" value="13680621263369958846" comparison="0" type="guid"/>
   <Criterion id="15659330456318451410" comparison="0" value="13680621263370539447" fromResponse="1" type="guid"/>
   <Criterion id="15659330456318451477" value="13680621263369958773" comparison="0" type="guid"/>
  </Criteria>
 </ResponseRule>
 <ResponseSet id="13680621263370539452">
  <Response dialog="13680621263370147027" id="13680621263370539453" cooldown="0" weight="1" oneshot="0" completeConversation="0" delay="1"/>
 </ResponseSet>
 <ResponseRule id="13680621263370539479" name="" cooldown="" response="13680621263370539480">
  <Criteria>
   <Criterion id="15659330456318451386" value="13680621263369958846" comparison="0" type="guid"/>
   <Criterion id="15659330456318451410" comparison="0" value="13680621263370539453" fromResponse="1" type="guid"/>
   <Criterion id="15659330456318451477" value="13680621263369958773" comparison="0" type="guid"/>
  </Criteria>
 </ResponseRule>
 <ResponseSet id="13680621263370539480">
  <Response dialog="13680621263370147031" id="13680621263370539481" cooldown="0" weight="1" oneshot="0" completeConversation="0" delay="1"/>
 </ResponseSet>
 <ResponseRule id="13680621263370539487" name="" cooldown="" response="13680621263370539488">
  <Criteria>
   <Criterion id="15659330456318451386" value="13680621263369958846" comparison="0" type="guid"/>
   <Criterion id="15659330456318451410" comparison="0" value="13680621263370539481" fromResponse="1" type="guid"/>
   <Criterion id="15659330456318451477" value="13680621263369958773" comparison="0" type="guid"/>
  </Criteria>
 </ResponseRule>
 <ResponseSet id="13680621263370539488">
  <Response dialog="13680621263370539486" id="13680621263370539489" cooldown="0" weight="1" oneshot="0" completeConversation="1" delay="1"/>
 </ResponseSet>
 <ResponseRule id="13680621263370539552" name="Escape Pod Launch Aborted." cooldown="" response="13680621263370539570">
  <Criteria>
   <Criterion id="15659330456318451386" value="13680621263369958846" comparison="0" type="guid"/>
   <Criterion id="15659330456318451410" comparison="0" value="onAnnouncementTrigger" fromResponse="0" type="default"/>
   <Criterion comparison="0" passIfMissing="false" id="15659330456318451477" type="guid" keyType="default" value="13680621263369958773"/>
  </Criteria>
 </ResponseRule>
 <ResponseSet id="13680621263370539570">
  <Response dialog="13680621263370539569" id="13680621263370539571" cooldown="0" weight="1" oneshot="0" completeConversation="1" delay="0"/>
 </ResponseSet>
 <ResponseRule id="13680621263385484319" name="" cooldown="" response="13680621263385484320">
  <Criteria>
   <Criterion id="15659330456318451386" value="13680621263365953228" comparison="0" type="guid"/>
   <Criterion id="15659330456318451410" comparison="0" value="13680621263370536748" fromResponse="1" type="guid"/>
   <Criterion id="15659330456318451477" value="4349723564911797398" comparison="0" type="guid"/>
  </Criteria>
 </ResponseRule>
 <ResponseSet id="13680621263385484320">
  <Response dialog="13680621263385484318" id="13680621263385484321" cooldown="0" weight="1" oneshot="0" completeConversation="0" delay="0.75"/>
 </ResponseSet>
 <ResponseRule id="13680621263385484406" name="" cooldown="" response="13680621263385484407">
  <Criteria>
   <Criterion id="15659330456318451386" value="13680621263365953228" comparison="0" type="guid"/>
   <Criterion id="15659330456318451410" comparison="0" value="13680621263385484321" fromResponse="1" type="guid"/>
   <Criterion id="15659330456318451477" value="4349723564911797398" comparison="0" type="guid"/>
  </Criteria>
 </ResponseRule>
 <ResponseSet id="13680621263385484407">
  <Response dialog="13680621263385484405" id="13680621263385484408" cooldown="0" weight="1" oneshot="0" completeConversation="0" delay="0.25"/>
 </ResponseSet>
 <ResponseRule id="13680621263385484510" name="" cooldown="" response="13680621263385484511">
  <Criteria>
   <Criterion id="15659330456318451386" value="13680621263365953228" comparison="0" type="guid"/>
   <Criterion id="15659330456318451410" comparison="0" value="13680621263385484408" fromResponse="1" type="guid"/>
   <Criterion id="15659330456318451477" value="4349723564911797398" comparison="0" type="guid"/>
  </Criteria>
 </ResponseRule>
 <ResponseSet id="13680621263385484511">
  <Response dialog="13680621263385484509" id="13680621263385484512" cooldown="0" weight="1" oneshot="0" completeConversation="1" delay="0.5"/>
 </ResponseSet>
 <ResponseRule id="13680621263385484796" name="" cooldown="" response="13680621263385484797">
  <Criteria>
   <Criterion id="15659330456318451386" value="4349723564911543122" comparison="0" type="guid"/>
   <Criterion id="15659330456318451410" comparison="0" value="13680621263370538408" fromResponse="1" type="guid"/>
   <Criterion id="15659330456318451477" value="12889009724999009859" comparison="0" type="guid"/>
  </Criteria>
 </ResponseRule>
 <ResponseSet id="13680621263385484797">
  <Response dialog="13680621263385484795" id="13680621263385484798" cooldown="0" weight="1" oneshot="0" completeConversation="1" delay="0.25" targetType="2" targetId="4349723564911797398" speakerTrackMethod="1" targetTrackMethod="0"/>
 </ResponseSet>
 <ResponseRule id="13680621263385484923" name="" cooldown="" response="13680621263385484924">
  <Criteria>
   <Criterion id="15659330456318451386" value="4349723564911543122" comparison="0" type="guid"/>
   <Criterion id="15659330456318451410" comparison="0" value="13680621263370538745" fromResponse="1" type="guid"/>
   <Criterion id="15659330456318451477" value="12889009724999009859" comparison="0" type="guid"/>
  </Criteria>
 </ResponseRule>
 <ResponseSet id="13680621263385484924">
  <Response dialog="13680621263385484922" id="13680621263385484925" cooldown="0" weight="1" oneshot="0" completeConversation="1" delay="0.6"/>
 </ResponseSet>
 <ResponseRule id="13680621263385484984" name="" cooldown="" response="13680621263385484985">
  <Criteria>
   <Criterion id="15659330456318451386" value="4349723564911543122" comparison="0" type="guid"/>
   <Criterion id="15659330456318451410" comparison="0" value="13680621263370538935" fromResponse="1" type="guid"/>
   <Criterion id="15659330456318451477" value="12889009724999009859" comparison="0" type="guid"/>
  </Criteria>
 </ResponseRule>
 <ResponseSet id="13680621263385484985">
  <Response dialog="13680621263385484983" id="13680621263385484986" cooldown="0" weight="1" oneshot="0" completeConversation="1" delay="0.75"/>
 </ResponseSet>
</ResponseRules>