
<Dialog>
 <Dialog id="13680621263402858075" text="...what is going on?" modified="09/01/2016 06:41:31 PM"/>
 <Dialog id="13680621263402858081" text="What was that?" modified="09/01/2016 06:41:37 PM"/>
 <Dialog id="13680621263402858092" text="Shhh... there&apos;s something." modified="09/01/2016 06:41:48 PM"/>
 <Dialog id="13680621263402858108" text="...there better not be anything..." modified="09/01/2016 06:42:04 PM"/>
 <Dialog id="13680621263402858118" text="There&apos;s something over there." modified="09/01/2016 06:42:14 PM"/>
 <Dialog id="13680621263402858127" text="Shhh... hang on. Someone&apos;s coming." modified="09/01/2016 06:42:23 PM"/>
 <Dialog id="13680621263402858174" text="This is some kind of bad dream..." modified="09/01/2016 06:43:10 PM"/>
 <Dialog id="13680621263402858184" text="What do you see in the glass?" modified="09/01/2016 06:43:20 PM"/>
 <Dialog id="13680621263402858196" text="What does it look like? The shape in the glass..." modified="10/13/2016 04:25:14 PM"/>
 <Dialog id="13680621263402858243" text="(breathing)" modified="09/01/2016 06:44:19 PM"/>
 <Dialog id="13680621263402858249" text="I must be losing my mind." modified="09/01/2016 06:44:25 PM"/>
 <Dialog id="13680621263402858258" text="You ever been half awake..." modified="09/01/2016 06:44:34 PM"/>
 <Dialog id="13680621263402858271" text="Did we make that in one of the labs?" modified="09/01/2016 06:44:47 PM"/>
 <Dialog id="13680621263402858281" text="They want to live inside us. Like a disease." modified="09/01/2016 06:44:57 PM"/>
 <Dialog id="13680621263402858303" text="They could be anything... anyone." modified="09/01/2016 06:45:19 PM"/>
 <Dialog id="13680621263402858313" text="Even if we&apos;re dead... it won&apos;t be over." modified="09/01/2016 06:45:29 PM"/>
 <Dialog id="13680621263402858319" text="I used to wish we weren&apos;t alone in the universe." modified="09/01/2016 06:45:35 PM"/>
 <Dialog id="13680621263402858326" text="Where do you suppose they came from?" modified="09/01/2016 06:45:42 PM"/>
 <Dialog id="13680621263402858373" text="Where are you?" modified="09/01/2016 06:46:29 PM"/>
 <Dialog id="13680621263402858380" text="Come out." modified="09/01/2016 06:46:36 PM"/>
 <Dialog id="13680621263402858387" text="Are you alone?" modified="09/01/2016 06:46:43 PM"/>
 <Dialog id="13680621263402858392" text="You seem... frustrated." modified="09/01/2016 06:46:48 PM"/>
 <Dialog id="13680621263402858399" text="Morgan..." modified="09/01/2016 06:46:55 PM"/>
 <Dialog id="13680621263402858412" text="Are you... angry?" modified="09/01/2016 06:47:08 PM"/>
 <Dialog id="13680621263402858418" text="Was that really you?" modified="09/01/2016 06:47:14 PM"/>
 <Dialog id="13680621263402858442" text="...vanished." modified="09/01/2016 06:47:38 PM"/>
 <Dialog id="13680621263402858448" text="I didn&apos;t find anything..." modified="09/01/2016 06:47:44 PM"/>
 <Dialog id="13680621263402858454" text="It was just here." modified="09/01/2016 06:47:50 PM"/>
</Dialog>