
<ResponseRules>
 <WritebackKeys/>
 <ResponseRule id="13856881013194879069" name="Tobias Frost Calls Luther Glass About Installing Injector" cooldown="" oneshot="1" conversation="1" description="Tobias calls Luther Glass about installing a special injector into the water supply line." response="13680621263385423250">
  <Criteria>
   <Criterion id="15659330456318451386" value="13680621263353094521" comparison="0" type="guid"/>
   <Criterion id="15659330456318451410" comparison="0" value="onTranscribeTrigger" fromResponse="0" type="default"/>
   <Criterion comparison="0" passIfMissing="false" id="15659330456318451477" type="guid" keyType="default" value="4349723564911793352"/>
  </Criteria>
 </ResponseRule>
 <ResponseSet id="13680621263385423250">
  <Response dialog="13680621263385423249" id="13680621263385423251" cooldown="0" weight="1" oneshot="0" completeConversation="0" delay="0"/>
 </ResponseSet>
 <ResponseRule id="13680621263385423732" name="" cooldown="" response="13680621263385423733">
  <Criteria>
   <Criterion id="15659330456318451386" value="13680621263365953228" comparison="0" type="guid"/>
   <Criterion id="15659330456318451410" comparison="0" value="13680621263385423251" fromResponse="1" type="guid"/>
   <Criterion comparison="0" passIfMissing="false" id="15659330456318451477" type="guid" keyType="default" value="4349723564911541904"/>
  </Criteria>
 </ResponseRule>
 <ResponseSet id="13680621263385423733">
  <Response dialog="13680621263385423731" id="13680621263385423734" cooldown="0" weight="1" oneshot="0" completeConversation="0" delay="0.5" targetType="2" targetId="4349723564911793352" speakerTrackMethod="1" targetTrackMethod="0"/>
 </ResponseSet>
 <ResponseRule id="13680621263385423792" name="" cooldown="" response="13680621263385423793">
  <Criteria>
   <Criterion id="15659330456318451386" value="13680621263353094521" comparison="0" type="guid"/>
   <Criterion id="15659330456318451410" comparison="0" value="13680621263385423734" fromResponse="1" type="guid"/>
   <Criterion id="15659330456318451477" value="4349723564911793352" comparison="0" type="guid"/>
  </Criteria>
 </ResponseRule>
 <ResponseSet id="13680621263385423793">
  <Response dialog="13680621263385423791" id="13680621263385423794" cooldown="0" weight="1" oneshot="0" completeConversation="0" delay="0" targetType="2" targetId="4349723564911541904" speakerTrackMethod="1" targetTrackMethod="0"/>
 </ResponseSet>
 <ResponseRule id="13680621263385423814" name="" cooldown="" response="13680621263385423815">
  <Criteria>
   <Criterion id="15659330456318451386" value="13680621263365953228" comparison="0" type="guid"/>
   <Criterion id="15659330456318451410" comparison="0" value="13680621263385423794" fromResponse="1" type="guid"/>
   <Criterion id="15659330456318451477" value="4349723564911541904" comparison="0" type="guid"/>
  </Criteria>
 </ResponseRule>
 <ResponseSet id="13680621263385423815">
  <Response dialog="13680621263385423813" id="13680621263385423816" cooldown="0" weight="1" oneshot="0" completeConversation="0" delay="0.5" targetType="2" targetId="4349723564911793352" speakerTrackMethod="1" targetTrackMethod="0"/>
 </ResponseSet>
 <ResponseRule id="13680621263385423830" name="" cooldown="" response="13680621263385423831">
  <Criteria>
   <Criterion id="15659330456318451386" value="13680621263353094521" comparison="0" type="guid"/>
   <Criterion id="15659330456318451410" comparison="0" value="13680621263385423816" fromResponse="1" type="guid"/>
   <Criterion id="15659330456318451477" value="4349723564911793352" comparison="0" type="guid"/>
  </Criteria>
 </ResponseRule>
 <ResponseSet id="13680621263385423831">
  <Response dialog="13680621263385423829" id="13680621263385423832" cooldown="0" weight="1" oneshot="0" completeConversation="0" delay="0" targetType="2" targetId="4349723564911541904" speakerTrackMethod="1" targetTrackMethod="0"/>
 </ResponseSet>
 <ResponseRule id="13680621263385423838" name="" cooldown="" response="13680621263385423839">
  <Criteria>
   <Criterion id="15659330456318451386" value="13680621263365953228" comparison="0" type="guid"/>
   <Criterion id="15659330456318451410" comparison="0" value="13680621263385423832" fromResponse="1" type="guid"/>
   <Criterion id="15659330456318451477" value="4349723564911541904" comparison="0" type="guid"/>
  </Criteria>
 </ResponseRule>
 <ResponseSet id="13680621263385423839">
  <Response dialog="13680621263385423837" id="13680621263385423840" cooldown="0" weight="1" oneshot="0" completeConversation="0" delay="0.75" targetType="2" targetId="4349723564911793352" speakerTrackMethod="1" targetTrackMethod="0"/>
 </ResponseSet>
 <ResponseRule id="13680621263385423846" name="" cooldown="" response="13680621263385423847">
  <Criteria>
   <Criterion id="15659330456318451386" value="13680621263353094521" comparison="0" type="guid"/>
   <Criterion id="15659330456318451410" comparison="0" value="13680621263385423840" fromResponse="1" type="guid"/>
   <Criterion id="15659330456318451477" value="4349723564911793352" comparison="0" type="guid"/>
  </Criteria>
 </ResponseRule>
 <ResponseSet id="13680621263385423847">
  <Response dialog="13680621263385423845" id="13680621263385423848" cooldown="0" weight="1" oneshot="0" completeConversation="0" delay="0" targetType="2" targetId="4349723564911541904" speakerTrackMethod="1" targetTrackMethod="0"/>
 </ResponseSet>
 <ResponseRule id="13680621263385423851" name="" cooldown="" response="13680621263385423852">
  <Criteria>
   <Criterion id="15659330456318451386" value="13680621263365953228" comparison="0" type="guid"/>
   <Criterion id="15659330456318451410" comparison="0" value="13680621263385423848" fromResponse="1" type="guid"/>
   <Criterion id="15659330456318451477" value="4349723564911541904" comparison="0" type="guid"/>
  </Criteria>
 </ResponseRule>
 <ResponseSet id="13680621263385423852">
  <Response dialog="13680621263385423850" id="13680621263385423853" cooldown="0" weight="1" oneshot="0" completeConversation="0" delay="0" targetType="2" targetId="4349723564911793352" speakerTrackMethod="1" targetTrackMethod="0" cutoff="0.05"/>
 </ResponseSet>
 <ResponseRule id="13680621263385423866" name="" cooldown="" response="13680621263385423867">
  <Criteria>
   <Criterion id="15659330456318451386" value="13680621263353094521" comparison="0" type="guid"/>
   <Criterion id="15659330456318451410" comparison="0" value="13680621263385423853" fromResponse="1" type="guid"/>
   <Criterion id="15659330456318451477" value="4349723564911793352" comparison="0" type="guid"/>
  </Criteria>
 </ResponseRule>
 <ResponseSet id="13680621263385423867">
  <Response dialog="13680621263385423865" id="13680621263385423868" cooldown="0" weight="1" oneshot="0" completeConversation="0" delay="0" targetType="2" targetId="4349723564911541904" speakerTrackMethod="1" targetTrackMethod="0"/>
 </ResponseSet>
 <ResponseRule id="13680621263385423874" name="" cooldown="" response="13680621263385423875">
  <Criteria>
   <Criterion id="15659330456318451386" value="13680621263365953228" comparison="0" type="guid"/>
   <Criterion id="15659330456318451410" comparison="0" value="13680621263385423868" fromResponse="1" type="guid"/>
   <Criterion id="15659330456318451477" value="4349723564911541904" comparison="0" type="guid"/>
  </Criteria>
 </ResponseRule>
 <ResponseSet id="13680621263385423875">
  <Response dialog="13680621263385423873" id="13680621263385423876" cooldown="0" weight="1" oneshot="0" completeConversation="0" delay="0" targetType="2" targetId="4349723564911793352" speakerTrackMethod="1" targetTrackMethod="0" cutoff="0.01"/>
 </ResponseSet>
 <ResponseRule id="13680621263385423884" name="" cooldown="" response="13680621263385423885">
  <Criteria>
   <Criterion id="15659330456318451386" value="13680621263353094521" comparison="0" type="guid"/>
   <Criterion id="15659330456318451410" comparison="0" value="13680621263385423876" fromResponse="1" type="guid"/>
   <Criterion id="15659330456318451477" value="4349723564911793352" comparison="0" type="guid"/>
  </Criteria>
 </ResponseRule>
 <ResponseSet id="13680621263385423885">
  <Response dialog="13680621263385423883" id="13680621263385423886" cooldown="0" weight="1" oneshot="0" completeConversation="1" delay="0" targetType="2" targetId="4349723564911541904" speakerTrackMethod="1" targetTrackMethod="0"/>
 </ResponseSet>
</ResponseRules>