
<ResponseRules>
 <ResponseRule id="13680621263376753274" name="" cooldown="" response="13680621263376753275">
  <Criteria>
   <Criterion id="15659330456318451386" value="13680621263361631753" comparison="0" type="guid"/>
   <Criterion id="15659330456318451410" comparison="0" value="13680621263376753269" fromResponse="1" type="guid"/>
   <Criterion id="15659330456318451477" value="13680621263376752755" comparison="0" type="guid"/>
  </Criteria>
 </ResponseRule>
 <WritebackKeys/>
 <ResponseRule id="13680621263376751959" name="Bleeding Trauma Detected" cooldown="" description="Player has a laceration Trauma" response="13680621263376752055" conversation="1">
  <Criteria>
   <Criterion id="15659330456318451386" value="13680621263361631753" comparison="0" type="guid"/>
   <Criterion id="15659330456318451410" comparison="0" value="onConversationTrigger" fromResponse="0" type="default"/>
   <Criterion comparison="0" passIfMissing="false" id="15659330456318451477" type="guid" keyType="default" value="13680621263376752755"/>
  </Criteria>
 </ResponseRule>
 <ResponseSet id="13680621263376752055">
  <Response dialog="13680621263376752054" id="13680621263376752056" cooldown="0" weight="1" oneshot="0" completeConversation="0" delay="0"/>
 </ResponseSet>
 <ResponseRule id="13680621263376752064" name="" cooldown="" response="13680621263376752065" conversation="0">
  <Criteria>
   <Criterion id="15659330456318451386" value="13680621263361631753" comparison="0" type="guid"/>
   <Criterion id="15659330456318451410" comparison="0" value="13680621263376752056" fromResponse="1" type="guid"/>
   <Criterion comparison="0" passIfMissing="false" id="15659330456318451477" type="guid" keyType="default" value="13680621263376752755"/>
  </Criteria>
 </ResponseRule>
 <ResponseSet id="13680621263376752065">
  <Response dialog="13680621263376752063" id="13680621263376752066" cooldown="0" weight="1" oneshot="0" completeConversation="1" delay="0"/>
 </ResponseSet>
 <ResponseRule id="13680621263376752251" name="Concusion Trauma Detected" cooldown="" description="Player has a concussion trauma Trauma" response="13680621263376752287" conversation="1">
  <Criteria>
   <Criterion id="15659330456318451386" value="13680621263361631753" comparison="0" type="guid"/>
   <Criterion id="15659330456318451410" comparison="0" value="onConversationTrigger" fromResponse="0" type="default"/>
   <Criterion comparison="0" passIfMissing="false" id="15659330456318451477" type="guid" keyType="default" value="13680621263376752755"/>
  </Criteria>
 </ResponseRule>
 <ResponseSet id="13680621263376752287">
  <Response dialog="13680621263376752286" id="13680621263376752288" cooldown="0" weight="1" oneshot="0" completeConversation="0" delay="0"/>
 </ResponseSet>
 <ResponseRule id="13680621263376752305" name="" cooldown="" response="13680621263376752065">
  <Criteria>
   <Criterion id="15659330456318451386" value="13680621263361631753" comparison="0" type="guid"/>
   <Criterion id="15659330456318451410" comparison="0" value="13680621263376752288" fromResponse="1" type="guid"/>
   <Criterion comparison="0" passIfMissing="false" id="15659330456318451477" type="guid" keyType="default" value="13680621263376752755"/>
  </Criteria>
 </ResponseRule>
 <ResponseRule id="13680621263376752954" name="Cripple Trauma Detected" cooldown="" description="Player has a broken bone trauma" response="13680621263376753024" conversation="1">
  <Criteria>
   <Criterion id="15659330456318451386" value="13680621263361631753" comparison="0" type="guid"/>
   <Criterion id="15659330456318451410" comparison="0" value="onConversationTrigger" fromResponse="0" type="default"/>
   <Criterion comparison="0" passIfMissing="false" id="15659330456318451477" type="guid" keyType="default" value="13680621263376752755"/>
  </Criteria>
 </ResponseRule>
 <ResponseSet id="13680621263376753024">
  <Response dialog="13680621263376753023" id="13680621263376753025" cooldown="0" weight="1" oneshot="0" completeConversation="0" delay="0"/>
 </ResponseSet>
 <ResponseRule id="13680621263376753047" name="" cooldown="" response="13680621263376753048">
  <Criteria>
   <Criterion id="15659330456318451386" value="13680621263361631753" comparison="0" type="guid"/>
   <Criterion id="15659330456318451410" comparison="0" value="13680621263376753025" fromResponse="1" type="guid"/>
   <Criterion id="15659330456318451477" value="13680621263376752755" comparison="0" type="guid"/>
  </Criteria>
 </ResponseRule>
 <ResponseSet id="13680621263376753048">
  <Response dialog="13680621263376752063" id="13680621263376753049" cooldown="0" weight="1" oneshot="0" completeConversation="1" delay="0"/>
 </ResponseSet>
 <ResponseRule id="13680621263376753108" name="Burn Trauma Detected" cooldown="" description="Player has a burn trauma" response="13680621263376753179" conversation="1">
  <Criteria>
   <Criterion id="15659330456318451386" value="13680621263361631753" comparison="0" type="guid"/>
   <Criterion id="15659330456318451410" comparison="0" value="onConversationTrigger" fromResponse="0" type="default"/>
   <Criterion comparison="0" passIfMissing="false" id="15659330456318451477" type="guid" keyType="default" value="13680621263376752755"/>
  </Criteria>
 </ResponseRule>
 <ResponseSet id="13680621263376753179">
  <Response dialog="13680621263376753178" id="13680621263376753180" cooldown="0" weight="1" oneshot="0" completeConversation="0" delay="0"/>
 </ResponseSet>
 <ResponseRule id="13680621263376753199" name="" cooldown="" response="13680621263376753200">
  <Criteria>
   <Criterion id="15659330456318451386" value="13680621263361631753" comparison="0" type="guid"/>
   <Criterion id="15659330456318451410" comparison="0" value="13680621263376753180" fromResponse="1" type="guid"/>
   <Criterion id="15659330456318451477" value="13680621263376752755" comparison="0" type="guid"/>
  </Criteria>
 </ResponseRule>
 <ResponseSet id="13680621263376753200">
  <Response dialog="13680621263376752063" id="13680621263376753201" cooldown="0" weight="1" oneshot="0" completeConversation="1" delay="0"/>
 </ResponseSet>
 <ResponseRule id="13680621263376753242" name="Radiation Trauma Detected" cooldown="" description="Player has a radiation trauma" response="13680621263376753268" conversation="1">
  <Criteria>
   <Criterion id="15659330456318451386" value="13680621263361631753" comparison="0" type="guid"/>
   <Criterion id="15659330456318451410" comparison="0" value="onConversationTrigger" fromResponse="0" type="default"/>
   <Criterion comparison="0" passIfMissing="false" id="15659330456318451477" type="guid" keyType="default" value="13680621263376752755"/>
  </Criteria>
 </ResponseRule>
 <ResponseSet id="13680621263376753268">
  <Response dialog="13680621263376753267" id="13680621263376753269" cooldown="0" weight="1" oneshot="0" completeConversation="0" delay="0"/>
 </ResponseSet>
 <ResponseSet id="13680621263376753275">
  <Response dialog="13680621263376752063" id="13680621263376753276" cooldown="0" weight="1" oneshot="0" completeConversation="1" delay="0"/>
 </ResponseSet>
 <ResponseRule id="13680621263399945391" name="Player Health Critical" cooldown="120" description="Player&apos;s health dropped below 20." response="13680621263399945677" conversation="1">
  <Criteria>
   <Criterion id="15659330456318451386" value="13680621263361631753" comparison="0" type="guid"/>
   <Criterion id="15659330456318451410" comparison="0" value="onNearDeathThresholdReached" fromResponse="0" type="default"/>
   <Criterion comparison="0" passIfMissing="false" id="15659330456318451477" type="guid" keyType="default" value="13680621263376752755"/>
  </Criteria>
 </ResponseRule>
 <ResponseRule id="13680621263390572293" name="Suit Integrity Compromised, First Damage -- DISABLED" cooldown="120" description="Player&apos;s suit has sustained damaged. Initial report." response="13680621263390572447" conversation="1">
  <Criteria>
   <Criterion id="15659330456318451386" value="13680621263361631753" comparison="0" type="guid"/>
   <Criterion id="15659330456318451410" comparison="0" value="onConversationTrigger" fromResponse="0" type="default"/>
   <Criterion comparison="0" passIfMissing="false" id="15659330456318451477" type="guid" keyType="default" value="13680621263376752755"/>
   <Criterion comparison="3" passIfMissing="false" id="10850392949532183306" type="default" keyType="default" value=".5"/>
  </Criteria>
 </ResponseRule>
 <ResponseSet id="3149325216951669759">
  <Response dialog="13680621263390572446" id="3149325216951669760" cooldown="0" weight="1" oneshot="0" completeConversation="1" delay="0"/>
 </ResponseSet>
 <ResponseRule id="3149325216951669692" name="Suit Integrity Compromised, General" cooldown="20" description="Player&apos;s suit has sustained damaged. All gone." response="3149325216951669759" conversation="1">
  <Criteria>
   <Criterion id="15659330456318451386" value="13680621263361631753" comparison="0" type="guid"/>
   <Criterion id="15659330456318451410" comparison="0" value="onSuitDamage" fromResponse="0" type="default"/>
   <Criterion comparison="0" passIfMissing="false" id="15659330456318451477" type="guid" keyType="default" value="13680621263376752755"/>
  </Criteria>
 </ResponseRule>
 <ResponseRule id="13680621263387829609" name="Entering 0G" cooldown="" description="Player&apos;s suit has sustained damaged" response="13680621263387830524" conversation="1">
  <Criteria>
   <Criterion id="15659330456318451386" value="13680621263361631753" comparison="0" type="guid"/>
   <Criterion id="15659330456318451410" comparison="0" value="onEnterZeroG" fromResponse="0" type="default"/>
   <Criterion comparison="0" passIfMissing="false" id="15659330456318451477" type="guid" keyType="default" value="13680621263376752755"/>
  </Criteria>
 </ResponseRule>
 <ResponseRule id="13680621263387829768" name="Entering 1G" cooldown="" description="Player&apos;s suit has sustained damaged" response="13680621263387830540" conversation="1">
  <Criteria>
   <Criterion id="15659330456318451386" value="13680621263361631753" comparison="0" type="guid"/>
   <Criterion id="15659330456318451410" comparison="0" value="onExitZeroG" fromResponse="0" type="default"/>
   <Criterion comparison="0" passIfMissing="false" id="15659330456318451477" type="guid" keyType="default" value="13680621263376752755"/>
  </Criteria>
 </ResponseRule>
 <ResponseRule id="13680621263387829937" name="No Atmosphere" cooldown="20" description="Player has entered a location with hazardous atmosphere or no breathable atmosphere." response="13680621263387830158" conversation="1" priority="3">
  <Criteria>
   <Criterion id="15659330456318451386" value="13680621263361631753" comparison="0" type="guid"/>
   <Criterion id="15659330456318451410" comparison="0" value="onHelmetActivated" fromResponse="0" type="default"/>
   <Criterion comparison="0" passIfMissing="false" id="15659330456318451477" type="guid" keyType="default" value="13680621263376752755"/>
  </Criteria>
 </ResponseRule>
 <ResponseRule id="13680621263387829940" name="Normal Atmosphere" cooldown="" description="Playe has re-ented a place w/ breathable 02" response="13680621263387830187" conversation="1" priority="3">
  <Criteria>
   <Criterion id="15659330456318451386" value="13680621263361631753" comparison="0" type="guid"/>
   <Criterion id="15659330456318451410" comparison="0" value="onExitZeroG" fromResponse="0" type="default"/>
   <Criterion comparison="0" passIfMissing="false" id="15659330456318451477" type="guid" keyType="default" value="13680621263376752755"/>
  </Criteria>
 </ResponseRule>
 <ResponseSet id="13680621263387830158">
  <Response dialog="13680621263387830157" id="13680621263387830159" cooldown="0" weight="1" oneshot="0" completeConversation="1" delay="0"/>
 </ResponseSet>
 <ResponseSet id="13680621263387830187">
  <Response dialog="13680621263387830186" id="13680621263387830188" cooldown="0" weight="1" oneshot="0" completeConversation="1" delay="0"/>
 </ResponseSet>
 <ResponseSet id="13680621263387830524">
  <Response dialog="13680621263387830523" id="13680621263387830525" cooldown="0" weight="1" oneshot="0" completeConversation="1" delay="0"/>
 </ResponseSet>
 <ResponseSet id="13680621263387830540">
  <Response dialog="13680621263387830539" id="13680621263387830541" cooldown="0" weight="1" oneshot="0" completeConversation="1" delay="0"/>
 </ResponseSet>
 <ResponseSet id="13680621263390572447">
  <Response dialog="13680621263390572446" id="13680621263390572448" cooldown="0" weight="1" oneshot="0" completeConversation="1" delay="0"/>
 </ResponseSet>
 <ResponseSet id="13680621263399945677">
  <Response dialog="13680621263399945676" id="13680621263399945678" cooldown="0" weight="1" oneshot="0" completeConversation="1" delay="0" cutoff="0"/>
 </ResponseSet>
</ResponseRules>