
<ResponseRules>
 <WritebackKeys/>
 <ResponseRule id="13680621263383323189" name="Dahl Introductory Taunt" cooldown="" description="Dahl Calls Morgan--Mostly to distract and taunt him so some Operators can come kill him." response="13680621263383324675" oneshot="1">
  <Criteria>
   <Criterion id="15659330456318451386" value="13680621263361472262" comparison="0" type="guid"/>
   <Criterion id="15659330456318451410" comparison="0" value="onTranscribeTrigger" fromResponse="0" type="default"/>
   <Criterion comparison="0" passIfMissing="false" id="15659330456318451477" type="guid" keyType="default" value="13680621263361472147"/>
  </Criteria>
 </ResponseRule>
 <ResponseRule id="13680621263383324680" name="Dahl Taunt: You&apos;re A Lab Rat" cooldown="" description="Dahl Calls Morgan--Mostly to distract and taunt him so some Operators can come kill him." response="13680621263383324751" oneshot="1">
  <Criteria>
   <Criterion id="15659330456318451386" value="13680621263361472262" comparison="0" type="guid"/>
   <Criterion id="15659330456318451410" comparison="0" value="onTranscribeTrigger" fromResponse="0" type="default"/>
   <Criterion comparison="0" passIfMissing="false" id="15659330456318451477" type="guid" keyType="default" value="13680621263361472147"/>
  </Criteria>
 </ResponseRule>
 <ResponseRule id="13680621263391372083" name="Dahl Taunt: You Wanted to Forget" cooldown="" description="Dahl Calls Morgan--Mostly to distract and taunt him so some Operators can come kill him." response="13680621263391372123" oneshot="1">
  <Criteria>
   <Criterion id="15659330456318451386" value="13680621263361472262" comparison="0" type="guid"/>
   <Criterion id="15659330456318451410" comparison="0" value="onTranscribeTrigger" fromResponse="0" type="default"/>
   <Criterion comparison="0" passIfMissing="false" id="15659330456318451477" type="guid" keyType="default" value="13680621263361472147"/>
  </Criteria>
 </ResponseRule>
 <ResponseRule id="13680621263367537944" name="Dahl Executes Alex" cooldown="" description="Dahl Calls Morgan--Morgan is out of time. Dahl has found Alex and is going to execute him so that Morgan can hear. " response="13680621263369501421" oneshot="1">
  <Criteria>
   <Criterion id="15659330456318451386" value="13680621263361472262" comparison="0" type="guid"/>
   <Criterion id="15659330456318451410" comparison="0" value="onTranscribeTrigger" fromResponse="0" type="default"/>
   <Criterion comparison="0" passIfMissing="false" id="15659330456318451477" type="guid" keyType="default" value="13680621263361472147"/>
  </Criteria>
 </ResponseRule>
 <ResponseSet id="13680621263369501421">
  <Response dialog="13680621263369501420" id="13680621263369501422" cooldown="0" weight="1" oneshot="0" completeConversation="0" delay="0"/>
 </ResponseSet>
 <ResponseRule id="844024417287313221" name="Dahl: Shuttle is ready to go" cooldown="" description="Dahl Calls Morgan to tell him the shuttle is prepped to leave" response="844024417287313273" oneshot="1" conversation="1">
  <Criteria>
   <Criterion id="15659330456318451386" value="13680621263361472262" comparison="0" type="guid"/>
   <Criterion id="15659330456318451410" comparison="0" value="onTranscribeTrigger" fromResponse="0" type="default"/>
   <Criterion comparison="0" passIfMissing="false" id="15659330456318451477" type="guid" keyType="default" value="13680621263361472147"/>
  </Criteria>
 </ResponseRule>
 <ResponseRule id="844024417287317426" name="Dahl: Shuttle is about to leave" cooldown="" description="Dahl Calls Morgan to tell him that time&apos;s almost up. Hurry up." response="844024417287317724" oneshot="1" conversation="1">
  <Criteria>
   <Criterion id="15659330456318451386" value="13680621263361472262" comparison="0" type="guid"/>
   <Criterion id="15659330456318451410" comparison="0" value="onTranscribeTrigger" fromResponse="0" type="default"/>
   <Criterion comparison="0" passIfMissing="false" id="15659330456318451477" type="guid" keyType="default" value="13680621263361472147"/>
  </Criteria>
 </ResponseRule>
 <ResponseSet id="844024417287313273">
  <Response dialog="844024417287313272" id="844024417287313274" cooldown="0" weight="1" oneshot="0" completeConversation="0" delay="0"/>
 </ResponseSet>
 <ResponseRule id="844024417287313306" name="" cooldown="" response="844024417287313307">
  <Criteria>
   <Criterion id="15659330456318451386" value="13680621263361472262" comparison="0" type="guid"/>
   <Criterion id="15659330456318451410" comparison="0" value="844024417287313274" fromResponse="1" type="guid"/>
   <Criterion id="15659330456318451477" value="13680621263361472147" comparison="0" type="guid"/>
  </Criteria>
 </ResponseRule>
 <ResponseSet id="844024417287313307">
  <Response dialog="844024417287313305" id="844024417287313308" cooldown="0" weight="1" oneshot="0" completeConversation="0" delay="0.25"/>
 </ResponseSet>
 <ResponseRule id="844024417287313315" name="" cooldown="" response="844024417287313316">
  <Criteria>
   <Criterion id="15659330456318451386" value="13680621263361472262" comparison="0" type="guid"/>
   <Criterion id="15659330456318451410" comparison="0" value="844024417287313308" fromResponse="1" type="guid"/>
   <Criterion id="15659330456318451477" value="13680621263361472147" comparison="0" type="guid"/>
  </Criteria>
 </ResponseRule>
 <ResponseSet id="844024417287313316">
  <Response dialog="844024417287313314" id="844024417287313317" cooldown="0" weight="1" oneshot="0" completeConversation="1" delay="0.25"/>
 </ResponseSet>
 <ResponseRule id="844024417287317407" name="Dahl: Shuttle is leaving" cooldown="" description="Dahl Calls Morgan to tell him the shuttle is leaving. Time&apos;s up" response="844024417287317742" oneshot="1" conversation="1">
  <Criteria>
   <Criterion id="15659330456318451386" value="13680621263361472262" comparison="0" type="guid"/>
   <Criterion id="15659330456318451410" comparison="0" value="onTranscribeTrigger" fromResponse="0" type="default"/>
   <Criterion comparison="0" passIfMissing="false" id="15659330456318451477" type="guid" keyType="default" value="13680621263361472147"/>
  </Criteria>
 </ResponseRule>
 <ResponseSet id="844024417287317724">
  <Response dialog="844024417287317723" id="844024417287317725" cooldown="0" weight="1" oneshot="0" completeConversation="1" delay="0"/>
 </ResponseSet>
 <ResponseSet id="844024417287317742">
  <Response dialog="844024417287317741" id="844024417287317743" cooldown="0" weight="1" oneshot="0" completeConversation="0" delay="0"/>
 </ResponseSet>
 <ResponseRule id="844024417287317760" name="" cooldown="" response="844024417287317761">
  <Criteria>
   <Criterion id="15659330456318451386" value="13680621263361472262" comparison="0" type="guid"/>
   <Criterion id="15659330456318451410" comparison="0" value="844024417287317743" fromResponse="1" type="guid"/>
   <Criterion id="15659330456318451477" value="13680621263361472147" comparison="0" type="guid"/>
  </Criteria>
 </ResponseRule>
 <ResponseSet id="844024417287317761">
  <Response dialog="844024417287317759" id="844024417287317762" cooldown="0" weight="1" oneshot="0" completeConversation="0" delay="0.25"/>
 </ResponseSet>
 <ResponseRule id="13680621263383323147" name="Morgan Escaped Trauma Ambush" cooldown="" description="Dahl Calls Morgan after springing the Trauma Ambush." response="13680621263383336425" oneshot="1">
  <Criteria>
   <Criterion id="15659330456318451386" value="13680621263361472262" comparison="0" type="guid"/>
   <Criterion id="15659330456318451410" comparison="0" value="onTranscribeTrigger" fromResponse="0" type="default"/>
   <Criterion comparison="0" passIfMissing="false" id="15659330456318451477" type="guid" keyType="default" value="13680621263361472147"/>
  </Criteria>
 </ResponseRule>
 <ResponseRule id="13680621263376077626" name="People In Life Support Have No Air. " cooldown="" description="Dahl Calls Morgan--Dahl has turned off the air in Cargo Bay, dooming Sara and other survivors. Unless Morgan comes to life support and confronts Dahl. " response="13680621263376077781" oneshot="1">
  <Criteria>
   <Criterion id="15659330456318451386" value="13680621263361472262" comparison="0" type="guid"/>
   <Criterion id="15659330456318451410" comparison="0" value="onTranscribeTrigger" fromResponse="0" type="default"/>
   <Criterion comparison="0" passIfMissing="false" id="15659330456318451477" type="guid" keyType="default" value="13680621263361472147"/>
  </Criteria>
 </ResponseRule>
 <ResponseSet id="13680621263376077781">
  <Response dialog="13680621263383336540" id="13680621263376077782" cooldown="0" weight="1" oneshot="0" completeConversation="0" delay="0"/>
 </ResponseSet>
 <ResponseRule id="13680621263383323174" name="Dahl Reacts to Tracker Bracelet Removal" cooldown="" description="Dahl Calls Morgan--Morgan is out of time. Dahl has found Alex and is going to execute him live. " response="13680621263383336353" oneshot="1">
  <Criteria>
   <Criterion id="15659330456318451386" value="13680621263361472262" comparison="0" type="guid"/>
   <Criterion id="15659330456318451410" comparison="0" value="onTranscribeTrigger" fromResponse="0" type="default"/>
   <Criterion comparison="0" passIfMissing="false" id="15659330456318451477" type="guid" keyType="default" value="13680621263361472147"/>
  </Criteria>
 </ResponseRule>
 <ResponseSet id="13680621263383324675">
  <Response dialog="13680621263383324674" id="13680621263383324676" cooldown="0" weight="1" oneshot="0" completeConversation="0" delay="0"/>
 </ResponseSet>
 <ResponseSet id="13680621263383324751">
  <Response dialog="13680621263383324750" id="13680621263383324752" cooldown="0" weight="1" oneshot="0" completeConversation="0" delay="0"/>
 </ResponseSet>
 <ResponseRule id="13680621263383324769" name="" cooldown="" response="13680621263383324770">
  <Criteria>
   <Criterion id="15659330456318451386" value="13680621263361472262" comparison="0" type="guid"/>
   <Criterion id="15659330456318451410" comparison="0" value="13680621263383324752" fromResponse="1" type="guid"/>
   <Criterion id="15659330456318451477" value="13680621263361472147" comparison="0" type="guid"/>
  </Criteria>
 </ResponseRule>
 <ResponseSet id="13680621263383324770">
  <Response dialog="13680621263383324768" id="13680621263383324771" cooldown="0" weight="1" oneshot="0" completeConversation="0" delay="0.5"/>
 </ResponseSet>
 <ResponseRule id="13680621263383324873" name="" cooldown="" response="13680621263383324874">
  <Criteria>
   <Criterion id="15659330456318451386" value="13680621263361472262" comparison="0" type="guid"/>
   <Criterion id="15659330456318451410" comparison="0" value="13680621263383324771" fromResponse="1" type="guid"/>
   <Criterion id="15659330456318451477" value="13680621263361472147" comparison="0" type="guid"/>
  </Criteria>
 </ResponseRule>
 <ResponseSet id="13680621263383324874">
  <Response dialog="13680621263383324872" id="13680621263383324875" cooldown="0" weight="1" oneshot="0" completeConversation="0" delay="0.25"/>
 </ResponseSet>
 <ResponseRule id="13680621263383334964" name="" cooldown="" response="13680621263383334965">
  <Criteria>
   <Criterion id="15659330456318451386" value="13680621263361472262" comparison="0" type="guid"/>
   <Criterion id="15659330456318451410" comparison="0" value="13680621263383324875" fromResponse="1" type="guid"/>
   <Criterion id="15659330456318451477" value="13680621263361472147" comparison="0" type="guid"/>
  </Criteria>
 </ResponseRule>
 <ResponseSet id="13680621263383334965">
  <Response dialog="13680621263383334963" id="13680621263383334966" cooldown="0" weight="1" oneshot="0" completeConversation="0" delay="0.25"/>
 </ResponseSet>
 <ResponseRule id="13680621263383335060" name="" cooldown="" response="13680621263383335061">
  <Criteria>
   <Criterion id="15659330456318451386" value="13680621263361472262" comparison="0" type="guid"/>
   <Criterion id="15659330456318451410" comparison="0" value="13680621263383334966" fromResponse="1" type="guid"/>
   <Criterion id="15659330456318451477" value="13680621263361472147" comparison="0" type="guid"/>
  </Criteria>
 </ResponseRule>
 <ResponseSet id="13680621263383335061">
  <Response dialog="13680621263383335059" id="13680621263383335062" cooldown="0" weight="1" oneshot="0" completeConversation="0" delay="0.25"/>
 </ResponseSet>
 <ResponseRule id="13680621263383335069" name="" cooldown="" response="13680621263383335070">
  <Criteria>
   <Criterion id="15659330456318451386" value="13680621263361472262" comparison="0" type="guid"/>
   <Criterion id="15659330456318451410" comparison="0" value="13680621263383335062" fromResponse="1" type="guid"/>
   <Criterion id="15659330456318451477" value="13680621263361472147" comparison="0" type="guid"/>
  </Criteria>
 </ResponseRule>
 <ResponseSet id="13680621263383335070">
  <Response dialog="13680621263383335068" id="13680621263383335071" cooldown="0" weight="1" oneshot="0" completeConversation="1" delay="0.25"/>
 </ResponseSet>
 <ResponseRule id="13680621263383335991" name="" cooldown="" response="13680621263383335992">
  <Criteria>
   <Criterion id="15659330456318451386" value="13680621263361472262" comparison="0" type="guid"/>
   <Criterion id="15659330456318451410" comparison="0" value="13680621263383324676" fromResponse="1" type="guid"/>
   <Criterion id="15659330456318451477" value="13680621263361472147" comparison="0" type="guid"/>
  </Criteria>
 </ResponseRule>
 <ResponseSet id="13680621263383335992">
  <Response dialog="13680621263383406341" id="13680621263383335993" cooldown="0" weight="1" oneshot="0" completeConversation="0" delay="0.25"/>
 </ResponseSet>
 <ResponseRule id="13680621263383336004" name="" cooldown="" response="13680621263383336005">
  <Criteria>
   <Criterion id="15659330456318451386" value="13680621263361472262" comparison="0" type="guid"/>
   <Criterion id="15659330456318451410" comparison="0" value="13680621263383335993" fromResponse="1" type="guid"/>
   <Criterion id="15659330456318451477" value="13680621263361472147" comparison="0" type="guid"/>
  </Criteria>
 </ResponseRule>
 <ResponseSet id="13680621263383336005">
  <Response dialog="13680621263383335990" id="13680621263383336006" cooldown="0" weight="1" oneshot="0" completeConversation="0" delay="0.5"/>
 </ResponseSet>
 <ResponseRule id="13680621263383336028" name="" cooldown="" response="13680621263383336029">
  <Criteria>
   <Criterion id="15659330456318451386" value="13680621263361472262" comparison="0" type="guid"/>
   <Criterion id="15659330456318451410" comparison="0" value="13680621263383336006" fromResponse="1" type="guid"/>
   <Criterion id="15659330456318451477" value="13680621263361472147" comparison="0" type="guid"/>
  </Criteria>
 </ResponseRule>
 <ResponseSet id="13680621263383336029">
  <Response dialog="13680621263383336003" id="13680621263383336030" cooldown="0" weight="1" oneshot="0" completeConversation="0" delay="0.5"/>
 </ResponseSet>
 <ResponseSet id="13680621263383336353">
  <Response dialog="13680621263383336352" id="13680621263383336354" cooldown="0" weight="1" oneshot="0" completeConversation="1" delay="0"/>
 </ResponseSet>
 <ResponseSet id="13680621263383336425">
  <Response dialog="13680621263383336424" id="13680621263383336426" cooldown="0" weight="1" oneshot="0" completeConversation="0" delay="0"/>
 </ResponseSet>
 <ResponseRule id="13680621263383336541" name="" cooldown="" response="13680621263383336858">
  <Criteria>
   <Criterion id="15659330456318451386" value="13680621263361472262" comparison="0" type="guid"/>
   <Criterion id="15659330456318451410" comparison="0" value="13680621263376077782" fromResponse="1" type="guid"/>
   <Criterion id="15659330456318451477" value="13680621263361472147" comparison="0" type="guid"/>
  </Criteria>
 </ResponseRule>
 <ResponseSet id="13680621263383336858">
  <Response dialog="13680621263383336856" id="13680621263383336859" cooldown="0" weight="1" oneshot="0" completeConversation="0" delay="0.5"/>
 </ResponseSet>
 <ResponseRule id="13680621263383336871" name="" cooldown="" response="13680621263383336872">
  <Criteria>
   <Criterion id="15659330456318451386" value="13680621263361472262" comparison="0" type="guid"/>
   <Criterion id="15659330456318451410" comparison="0" value="13680621263383336859" fromResponse="1" type="guid"/>
   <Criterion id="15659330456318451477" value="13680621263361472147" comparison="0" type="guid"/>
  </Criteria>
 </ResponseRule>
 <ResponseSet id="13680621263383336872">
  <Response dialog="13680621263383336870" id="13680621263383336873" cooldown="0" weight="1" oneshot="0" completeConversation="0" delay="0.25"/>
 </ResponseSet>
 <ResponseRule id="13680621263383339613" name="" cooldown="" response="13680621263383339614">
  <Criteria>
   <Criterion id="15659330456318451386" value="13680621263361472262" comparison="0" type="guid"/>
   <Criterion id="15659330456318451410" comparison="0" value="13680621263383336426" fromResponse="1" type="guid"/>
   <Criterion id="15659330456318451477" value="13680621263361472147" comparison="0" type="guid"/>
  </Criteria>
 </ResponseRule>
 <ResponseSet id="13680621263383339614">
  <Response dialog="13680621263383339612" id="13680621263383339615" cooldown="0" weight="1" oneshot="0" completeConversation="0" delay="0.25"/>
 </ResponseSet>
 <ResponseRule id="13680621263383339674" name="" cooldown="" response="13680621263383339675">
  <Criteria>
   <Criterion id="15659330456318451386" value="13680621263361472262" comparison="0" type="guid"/>
   <Criterion id="15659330456318451410" comparison="0" value="13680621263383339615" fromResponse="1" type="guid"/>
   <Criterion id="15659330456318451477" value="13680621263361472147" comparison="0" type="guid"/>
  </Criteria>
 </ResponseRule>
 <ResponseSet id="13680621263383339675">
  <Response dialog="13680621263383339673" id="13680621263383339676" cooldown="0" weight="1" oneshot="0" completeConversation="0" delay="0.25"/>
 </ResponseSet>
 <ResponseRule id="13680621263383344898" name="" cooldown="" response="13680621263383344899">
  <Criteria>
   <Criterion id="15659330456318451386" value="13680621263361472262" comparison="0" type="guid"/>
   <Criterion id="15659330456318451410" comparison="0" value="13680621263383339676" fromResponse="1" type="guid"/>
   <Criterion id="15659330456318451477" value="13680621263361472147" comparison="0" type="guid"/>
  </Criteria>
 </ResponseRule>
 <ResponseSet id="13680621263383344899">
  <Response dialog="13680621263383344897" id="13680621263383344900" cooldown="0" weight="1" oneshot="0" completeConversation="0" delay="0.5"/>
 </ResponseSet>
 <ResponseRule id="13680621263383345129" name="" cooldown="" response="13680621263383345130">
  <Criteria>
   <Criterion id="15659330456318451386" value="13680621263361472262" comparison="0" type="guid"/>
   <Criterion id="15659330456318451410" comparison="0" value="13680621263383336873" fromResponse="1" type="guid"/>
   <Criterion id="15659330456318451477" value="13680621263361472147" comparison="0" type="guid"/>
  </Criteria>
 </ResponseRule>
 <ResponseSet id="13680621263383345130">
  <Response dialog="13680621263383345128" id="13680621263383345131" cooldown="0" weight="1" oneshot="0" completeConversation="0" delay="0"/>
 </ResponseSet>
 <ResponseRule id="13680621263383346159" name="Psycho: Dahl Offers A Team Up" cooldown="" description="Dahl Calls Morgan after realizing that Morgan has already murdered most of the survivors on the station and offers to team up. " response="13680621263383347572" oneshot="1">
  <Criteria>
   <Criterion id="15659330456318451386" value="13680621263361472262" comparison="0" type="guid"/>
   <Criterion id="15659330456318451410" comparison="0" value="onTranscribeTrigger" fromResponse="0" type="default"/>
   <Criterion comparison="0" passIfMissing="false" id="15659330456318451477" type="guid" keyType="default" value="13680621263361472147"/>
  </Criteria>
 </ResponseRule>
 <ResponseRule id="13680621263394228253" name="Psycho: Dahl Offers A Team Up. Fem Morgan" cooldown="" description="Dahl Calls Morgan after realizing that Morgan has already murdered most of the survivors on the station and offers to team up. " response="13680621263394228281" oneshot="1">
  <Criteria>
   <Criterion id="15659330456318451386" value="13680621263361472262" comparison="0" type="guid"/>
   <Criterion id="15659330456318451410" comparison="0" value="onTranscribeTrigger" fromResponse="0" type="default"/>
   <Criterion comparison="0" passIfMissing="false" id="15659330456318451477" type="guid" keyType="default" value="13680621263361472147"/>
  </Criteria>
 </ResponseRule>
 <ResponseRule id="13680621263383405237" name="Psycho: Dahl Offers A Team Up--Follow Up" cooldown="" description="Morgan is working for Dahl and has finished part of killing survivors." response="13680621263383405274" oneshot="1">
  <Criteria>
   <Criterion id="15659330456318451386" value="13680621263361472262" comparison="0" type="guid"/>
   <Criterion id="15659330456318451410" comparison="0" value="onTranscribeTrigger" fromResponse="0" type="default"/>
   <Criterion comparison="0" passIfMissing="false" id="15659330456318451477" type="guid" keyType="default" value="13680621263361472147"/>
  </Criteria>
 </ResponseRule>
 <ResponseRule id="13680621263383346698" name="" cooldown="" response="13680621263383346699">
  <Criteria>
   <Criterion id="15659330456318451386" value="13680621263361472262" comparison="0" type="guid"/>
   <Criterion id="15659330456318451410" comparison="0" value="13680621263369501422" fromResponse="1" type="guid"/>
   <Criterion id="15659330456318451477" value="13680621263361472147" comparison="0" type="guid"/>
  </Criteria>
 </ResponseRule>
 <ResponseSet id="13680621263383346699">
  <Response dialog="13680621263369501494" id="13680621263383346700" cooldown="0" weight="1" oneshot="0" completeConversation="0" delay="0.25"/>
 </ResponseSet>
 <ResponseRule id="13680621263383346719" name="" cooldown="" response="13680621263383346720">
  <Criteria>
   <Criterion id="15659330456318451386" value="13680621263361472262" comparison="0" type="guid"/>
   <Criterion id="15659330456318451410" comparison="0" value="13680621263383346700" fromResponse="1" type="guid"/>
   <Criterion id="15659330456318451477" value="13680621263361472147" comparison="0" type="guid"/>
  </Criteria>
 </ResponseRule>
 <ResponseSet id="13680621263383346720">
  <Response dialog="13680621263383346718" id="13680621263383346721" cooldown="0" weight="1" oneshot="0" completeConversation="0" delay="0.25"/>
 </ResponseSet>
 <ResponseRule id="13680621263383346763" name="" cooldown="" response="13680621263383346764">
  <Criteria>
   <Criterion id="15659330456318451386" value="13680621263353091230" comparison="0" type="guid"/>
   <Criterion id="15659330456318451410" comparison="0" value="13680621263383346721" fromResponse="1" type="guid"/>
   <Criterion comparison="0" passIfMissing="false" id="15659330456318451477" type="guid" keyType="default" value="1713490239389130908"/>
  </Criteria>
 </ResponseRule>
 <ResponseSet id="13680621263383346764">
  <Response dialog="13680621263369501452" id="13680621263383346765" cooldown="0" weight="1" oneshot="0" completeConversation="0" delay="0" targetType="2" targetId="13680621263361472147" speakerTrackMethod="1" targetTrackMethod="0" cutoff="0"/>
 </ResponseSet>
 <ResponseRule id="13680621263383346873" name="" cooldown="" response="13680621263383346874">
  <Criteria>
   <Criterion id="15659330456318451386" value="13680621263361472262" comparison="0" type="guid"/>
   <Criterion id="15659330456318451410" comparison="0" value="13680621263383346765" fromResponse="1" type="guid"/>
   <Criterion id="15659330456318451477" value="13680621263361472147" comparison="0" type="guid"/>
  </Criteria>
 </ResponseRule>
 <ResponseSet id="13680621263383346874">
  <Response dialog="13680621263383346872" id="13680621263383346875" cooldown="0" weight="1" oneshot="0" completeConversation="1" delay="0" targetType="2" targetId="1713490239389130908" speakerTrackMethod="1" targetTrackMethod="0"/>
 </ResponseSet>
 <ResponseRule id="13680621263383347305" name="" cooldown="" response="13680621263383347306">
  <Criteria>
   <Criterion id="15659330456318451386" value="13680621263361472262" comparison="0" type="guid"/>
   <Criterion id="15659330456318451410" comparison="0" value="844024417287317762" fromResponse="1" type="guid"/>
   <Criterion id="15659330456318451477" value="13680621263361472147" comparison="0" type="guid"/>
  </Criteria>
 </ResponseRule>
 <ResponseSet id="13680621263383347306">
  <Response dialog="13680621263367712949" id="13680621263383347307" cooldown="0" weight="1" oneshot="0" completeConversation="1" delay="0.25"/>
 </ResponseSet>
 <ResponseSet id="13680621263383347572">
  <Response dialog="13680621263383347571" id="13680621263383347573" cooldown="0" weight="1" oneshot="0" completeConversation="0" delay="0"/>
 </ResponseSet>
 <ResponseRule id="13680621263383347834" name="" cooldown="" response="13680621263383347835">
  <Criteria>
   <Criterion id="15659330456318451386" value="13680621263361472262" comparison="0" type="guid"/>
   <Criterion id="15659330456318451410" comparison="0" value="13680621263383347573" fromResponse="1" type="guid"/>
   <Criterion id="15659330456318451477" value="13680621263361472147" comparison="0" type="guid"/>
  </Criteria>
 </ResponseRule>
 <ResponseSet id="13680621263383347835">
  <Response dialog="13680621263383347833" id="13680621263383347836" cooldown="0" weight="1" oneshot="0" completeConversation="0" delay="0.5"/>
 </ResponseSet>
 <ResponseRule id="13680621263383347897" name="" cooldown="" response="13680621263383347898">
  <Criteria>
   <Criterion id="15659330456318451386" value="13680621263361472262" comparison="0" type="guid"/>
   <Criterion id="15659330456318451410" comparison="0" value="13680621263383347836" fromResponse="1" type="guid"/>
   <Criterion id="15659330456318451477" value="13680621263361472147" comparison="0" type="guid"/>
  </Criteria>
 </ResponseRule>
 <ResponseSet id="13680621263383347898">
  <Response dialog="13680621263383347896" id="13680621263383347899" cooldown="0" weight="1" oneshot="0" completeConversation="0" delay="0.5"/>
 </ResponseSet>
 <ResponseRule id="13680621263383347947" name="" cooldown="" response="13680621263383347948">
  <Criteria>
   <Criterion id="15659330456318451386" value="13680621263361472262" comparison="0" type="guid"/>
   <Criterion id="15659330456318451410" comparison="0" value="13680621263383347899" fromResponse="1" type="guid"/>
   <Criterion id="15659330456318451477" value="13680621263361472147" comparison="0" type="guid"/>
  </Criteria>
 </ResponseRule>
 <ResponseSet id="13680621263383347948">
  <Response dialog="13680621263383347946" id="13680621263383347949" cooldown="0" weight="1" oneshot="0" completeConversation="0" delay="0.5"/>
 </ResponseSet>
 <ResponseRule id="13680621263383347975" name="" cooldown="" response="13680621263383347976">
  <Criteria>
   <Criterion id="15659330456318451386" value="13680621263361472262" comparison="0" type="guid"/>
   <Criterion id="15659330456318451410" comparison="0" value="13680621263383347949" fromResponse="1" type="guid"/>
   <Criterion id="15659330456318451477" value="13680621263361472147" comparison="0" type="guid"/>
  </Criteria>
 </ResponseRule>
 <ResponseSet id="13680621263383347976">
  <Response dialog="13680621263383347974" id="13680621263383347977" cooldown="0" weight="1" oneshot="0" completeConversation="1" delay="0.25"/>
 </ResponseSet>
 <ResponseRule id="13680621263383347988" name="Psycho: Player Killed All Survivors" cooldown="" description="Player finished Dahl&apos;s job. Dahl summons Morgan back to the Shuttle bay." response="13680621263383348084" oneshot="1">
  <Criteria>
   <Criterion id="15659330456318451386" value="13680621263361472262" comparison="0" type="guid"/>
   <Criterion id="15659330456318451410" comparison="0" value="onTranscribeTrigger" fromResponse="0" type="default"/>
   <Criterion comparison="0" passIfMissing="false" id="15659330456318451477" type="guid" keyType="default" value="13680621263361472147"/>
  </Criteria>
 </ResponseRule>
 <ResponseSet id="13680621263383348084">
  <Response dialog="13680621263383348083" id="13680621263383348085" cooldown="0" weight="1" oneshot="0" completeConversation="0" delay="0"/>
 </ResponseSet>
 <ResponseRule id="13680621263383348177" name="Psycho: Player Took Down Kaspar" cooldown="" description="Dahl offered Morgan a job, but Morgan instead ran into Kaspar somewhere and took him down. " response="13680621263383348348" oneshot="1">
  <Criteria>
   <Criterion id="15659330456318451386" value="13680621263361472262" comparison="0" type="guid"/>
   <Criterion id="15659330456318451410" comparison="0" value="onTranscribeTrigger" fromResponse="0" type="default"/>
   <Criterion comparison="0" passIfMissing="false" id="15659330456318451477" type="guid" keyType="default" value="13680621263361472147"/>
  </Criteria>
 </ResponseRule>
 <ResponseSet id="13680621263383348348">
  <Response dialog="13680621263383348347" id="13680621263383348349" cooldown="0" weight="1" oneshot="0" completeConversation="0" delay="0"/>
 </ResponseSet>
 <ResponseRule id="13680621263383353720" name="Psycho: Player Survived Ambush In Shuttle Bay" cooldown="" description="Dahl tried to ambush and kill Morgan in the Shuttle Bay, but Morgan left without killing Dahl. " response="13680621263383353864" oneshot="1">
  <Criteria>
   <Criterion id="15659330456318451386" value="13680621263361472262" comparison="0" type="guid"/>
   <Criterion id="15659330456318451410" comparison="0" value="onTranscribeTrigger" fromResponse="0" type="default"/>
   <Criterion comparison="0" passIfMissing="false" id="15659330456318451477" type="guid" keyType="default" value="13680621263361472147"/>
  </Criteria>
 </ResponseRule>
 <ResponseSet id="13680621263383353864">
  <Response dialog="13680621263383353863" id="13680621263383353865" cooldown="0" weight="1" oneshot="0" completeConversation="1" delay="0"/>
 </ResponseSet>
 <ResponseRule id="13680621263383357742" name="Psycho: Player Went To Shuttle Bay Early" cooldown="" description="This plays if Morgan and Dahl are a team, and Morgan goes to the shuttle bay. Should play if Morgan has a tracking bracelet or if not, when an Dahl Military operator spots him." response="13680621263383357761" oneshot="1" conversation="1">
  <Criteria>
   <Criterion id="15659330456318451386" value="13680621263361472262" comparison="0" type="guid"/>
   <Criterion id="15659330456318451410" comparison="0" value="onTranscribeTrigger" fromResponse="0" type="default"/>
   <Criterion comparison="0" passIfMissing="false" id="15659330456318451477" type="guid" keyType="default" value="13680621263361472147"/>
  </Criteria>
 </ResponseRule>
 <ResponseSet id="13680621263383357761">
  <Response dialog="13680621263383357760" id="13680621263383357762" cooldown="0" weight="1" oneshot="0" completeConversation="0" delay="0"/>
 </ResponseSet>
 <ResponseRule id="13680621263383404966" name="" cooldown="" response="13680621263383404967">
  <Criteria>
   <Criterion id="15659330456318451386" value="13680621263361472262" comparison="0" type="guid"/>
   <Criterion id="15659330456318451410" comparison="0" value="13680621263383344900" fromResponse="1" type="guid"/>
   <Criterion id="15659330456318451477" value="13680621263361472147" comparison="0" type="guid"/>
  </Criteria>
 </ResponseRule>
 <ResponseSet id="13680621263383404967">
  <Response dialog="13680621263383404965" id="13680621263383404968" cooldown="0" weight="1" oneshot="0" completeConversation="1" delay="0.5"/>
 </ResponseSet>
 <ResponseSet id="13680621263383405274">
  <Response dialog="13680621263383405273" id="13680621263383405275" cooldown="0" weight="1" oneshot="0" completeConversation="0" delay="0"/>
 </ResponseSet>
 <ResponseRule id="13680621263383405513" name="" cooldown="" response="13680621263383405514">
  <Criteria>
   <Criterion id="15659330456318451386" value="13680621263361472262" comparison="0" type="guid"/>
   <Criterion id="15659330456318451410" comparison="0" value="13680621263383405275" fromResponse="1" type="guid"/>
   <Criterion id="15659330456318451477" value="13680621263361472147" comparison="0" type="guid"/>
  </Criteria>
 </ResponseRule>
 <ResponseSet id="13680621263383405514">
  <Response dialog="13680621263383405512" id="13680621263383405515" cooldown="0" weight="1" oneshot="0" completeConversation="0" delay="0.5"/>
 </ResponseSet>
 <ResponseRule id="13680621263383405547" name="" cooldown="" response="13680621263383405548">
  <Criteria>
   <Criterion id="15659330456318451386" value="13680621263361472262" comparison="0" type="guid"/>
   <Criterion id="15659330456318451410" comparison="0" value="13680621263383405515" fromResponse="1" type="guid"/>
   <Criterion id="15659330456318451477" value="13680621263361472147" comparison="0" type="guid"/>
  </Criteria>
 </ResponseRule>
 <ResponseSet id="13680621263383405548">
  <Response dialog="13680621263383405546" id="13680621263383405549" cooldown="0" weight="1" oneshot="0" completeConversation="0" delay="0.5"/>
 </ResponseSet>
 <ResponseRule id="13680621263383405949" name="" cooldown="" response="13680621263383405950">
  <Criteria>
   <Criterion id="15659330456318451386" value="13680621263361472262" comparison="0" type="guid"/>
   <Criterion id="15659330456318451410" comparison="0" value="13680621263383405549" fromResponse="1" type="guid"/>
   <Criterion id="15659330456318451477" value="13680621263361472147" comparison="0" type="guid"/>
  </Criteria>
 </ResponseRule>
 <ResponseSet id="13680621263383405950">
  <Response dialog="13680621263383405948" id="13680621263383405951" cooldown="0" weight="1" oneshot="0" completeConversation="1" delay="0.6"/>
 </ResponseSet>
 <ResponseRule id="13680621263383406342" name="" cooldown="" response="13680621263383406343">
  <Criteria>
   <Criterion id="15659330456318451386" value="13680621263361472262" comparison="0" type="guid"/>
   <Criterion id="15659330456318451410" comparison="0" value="13680621263383336030" fromResponse="1" type="guid"/>
   <Criterion id="15659330456318451477" value="13680621263361472147" comparison="0" type="guid"/>
  </Criteria>
 </ResponseRule>
 <ResponseSet id="13680621263383406343">
  <Response dialog="13680621263383336027" id="13680621263383406344" cooldown="0" weight="1" oneshot="0" completeConversation="1" delay="0.25"/>
 </ResponseSet>
 <ResponseRule id="13680621263383406614" name="" cooldown="" response="13680621263383406615">
  <Criteria>
   <Criterion id="15659330456318451386" value="13680621263361472262" comparison="0" type="guid"/>
   <Criterion id="15659330456318451410" comparison="0" value="13680621263383348085" fromResponse="1" type="guid"/>
   <Criterion id="15659330456318451477" value="13680621263361472147" comparison="0" type="guid"/>
  </Criteria>
 </ResponseRule>
 <ResponseSet id="13680621263383406615">
  <Response dialog="13680621263383406613" id="13680621263383406616" cooldown="0" weight="1" oneshot="0" completeConversation="1" delay="0.25"/>
 </ResponseSet>
 <ResponseRule id="13680621263383406770" name="" cooldown="" response="13680621263383406771">
  <Criteria>
   <Criterion id="15659330456318451386" value="13680621263361472262" comparison="0" type="guid"/>
   <Criterion id="15659330456318451410" comparison="0" value="13680621263383348349" fromResponse="1" type="guid"/>
   <Criterion id="15659330456318451477" value="13680621263361472147" comparison="0" type="guid"/>
  </Criteria>
 </ResponseRule>
 <ResponseSet id="13680621263383406771">
  <Response dialog="13680621263383406769" id="13680621263383406772" cooldown="0" weight="1" oneshot="0" completeConversation="0" delay="0.6"/>
 </ResponseSet>
 <ResponseRule id="13680621263383406778" name="" cooldown="" response="13680621263383406779">
  <Criteria>
   <Criterion id="15659330456318451386" value="13680621263361472262" comparison="0" type="guid"/>
   <Criterion id="15659330456318451410" comparison="0" value="13680621263383406772" fromResponse="1" type="guid"/>
   <Criterion id="15659330456318451477" value="13680621263361472147" comparison="0" type="guid"/>
  </Criteria>
 </ResponseRule>
 <ResponseSet id="13680621263383406779">
  <Response dialog="13680621263383406777" id="13680621263383406780" cooldown="0" weight="1" oneshot="0" completeConversation="1" delay="0.6"/>
 </ResponseSet>
 <ResponseRule id="13680621263383407076" name="" cooldown="" response="13680621263383407077">
  <Criteria>
   <Criterion id="15659330456318451386" value="13680621263361472262" comparison="0" type="guid"/>
   <Criterion id="15659330456318451410" comparison="0" value="13680621263383357762" fromResponse="1" type="guid"/>
   <Criterion id="15659330456318451477" value="13680621263361472147" comparison="0" type="guid"/>
  </Criteria>
 </ResponseRule>
 <ResponseSet id="13680621263383407077">
  <Response dialog="13680621263383407075" id="13680621263383407078" cooldown="0" weight="1" oneshot="0" completeConversation="0" delay="0.5"/>
 </ResponseSet>
 <ResponseRule id="13680621263383407198" name="" cooldown="" response="13680621263383407199">
  <Criteria>
   <Criterion id="15659330456318451386" value="13680621263361472262" comparison="0" type="guid"/>
   <Criterion id="15659330456318451410" comparison="0" value="13680621263383407078" fromResponse="1" type="guid"/>
   <Criterion id="15659330456318451477" value="13680621263361472147" comparison="0" type="guid"/>
  </Criteria>
 </ResponseRule>
 <ResponseSet id="13680621263383407199">
  <Response dialog="13680621263383407197" id="13680621263383407200" cooldown="0" weight="1" oneshot="0" completeConversation="0" delay=".5"/>
 </ResponseSet>
 <ResponseRule id="13680621263383407203" name="" cooldown="" response="13680621263383407204">
  <Criteria>
   <Criterion id="15659330456318451386" value="13680621263361472262" comparison="0" type="guid"/>
   <Criterion id="15659330456318451410" comparison="0" value="13680621263383407200" fromResponse="1" type="guid"/>
   <Criterion id="15659330456318451477" value="13680621263361472147" comparison="0" type="guid"/>
  </Criteria>
 </ResponseRule>
 <ResponseSet id="13680621263383407204">
  <Response dialog="13680621263383407202" id="13680621263383407205" cooldown="0" weight="1" oneshot="0" completeConversation="0" delay="0.5"/>
 </ResponseSet>
 <ResponseRule id="13680621263383407244" name="" cooldown="" response="13680621263383407245">
  <Criteria>
   <Criterion id="15659330456318451386" value="13680621263361472262" comparison="0" type="guid"/>
   <Criterion id="15659330456318451410" comparison="0" value="13680621263383407205" fromResponse="1" type="guid"/>
   <Criterion id="15659330456318451477" value="13680621263361472147" comparison="0" type="guid"/>
  </Criteria>
 </ResponseRule>
 <ResponseSet id="13680621263383407245">
  <Response dialog="13680621263383407243" id="13680621263383407246" cooldown="0" weight="1" oneshot="0" completeConversation="0" delay="0.5"/>
 </ResponseSet>
 <ResponseRule id="13680621263383407297" name="" cooldown="" response="13680621263383407298">
  <Criteria>
   <Criterion id="15659330456318451386" value="13680621263361472262" comparison="0" type="guid"/>
   <Criterion id="15659330456318451410" comparison="0" value="13680621263383407246" fromResponse="1" type="guid"/>
   <Criterion id="15659330456318451477" value="13680621263361472147" comparison="0" type="guid"/>
  </Criteria>
 </ResponseRule>
 <ResponseSet id="13680621263383407298">
  <Response dialog="13680621263383407296" id="13680621263383407299" cooldown="0" weight="1" oneshot="0" completeConversation="1" delay="0"/>
 </ResponseSet>
 <ResponseRule id="13680621263383497521" name="Player Re-Activated Tracker Bracelet" cooldown="" description="Player Re-activated his tracking bracelet." response="13680621263383498133" oneshot="1">
  <Criteria>
   <Criterion id="15659330456318451386" value="13680621263361472262" comparison="0" type="guid"/>
   <Criterion id="15659330456318451410" comparison="0" value="onTranscribeTrigger" fromResponse="0" type="default"/>
   <Criterion comparison="0" passIfMissing="false" id="15659330456318451477" type="guid" keyType="default" value="13680621263361472147"/>
  </Criteria>
 </ResponseRule>
 <ResponseRule id="13680621263383497593" name="Player De-Activated Tracker Bracelet... Again." cooldown="" description="Player de-activated his tracking bracelet again" response="13680621263383498145" oneshot="1">
  <Criteria>
   <Criterion id="15659330456318451386" value="13680621263361472262" comparison="0" type="guid"/>
   <Criterion id="15659330456318451410" comparison="0" value="onTranscribeTrigger" fromResponse="0" type="default"/>
   <Criterion comparison="0" passIfMissing="false" id="15659330456318451477" type="guid" keyType="default" value="13680621263361472147"/>
  </Criteria>
 </ResponseRule>
 <ResponseSet id="13680621263383498133">
  <Response dialog="13680621263383498132" id="13680621263383498134" cooldown="0" weight="1" oneshot="0" completeConversation="1" delay="0"/>
 </ResponseSet>
 <ResponseSet id="13680621263383498145">
  <Response dialog="13680621263383498144" id="13680621263383498146" cooldown="0" weight="1" oneshot="0" completeConversation="1" delay="0"/>
 </ResponseSet>
 <ResponseSet id="13680621263386366836">
  <Response dialog="13680621263386366835" id="13680621263386366837" cooldown="0" weight="1" oneshot="0" completeConversation="0" delay="0"/>
 </ResponseSet>
 <ResponseRule id="13680621263386367497" name="" cooldown="" response="13680621263386367498">
  <Criteria>
   <Criterion id="15659330456318451386" value="13680621263361472262" comparison="0" type="guid"/>
   <Criterion id="15659330456318451410" comparison="0" value="13680621263386366837" fromResponse="1" type="guid"/>
   <Criterion id="15659330456318451477" value="13680621263361472147" comparison="0" type="guid"/>
  </Criteria>
 </ResponseRule>
 <ResponseSet id="13680621263386367498">
  <Response dialog="13680621263386367496" id="13680621263386367499" cooldown="0" weight="1" oneshot="0" completeConversation="1" delay="0.5"/>
 </ResponseSet>
 <ResponseRule id="13680621263389231913" name="" cooldown="" response="13680621263389231914">
  <Criteria>
   <Criterion id="15659330456318451386" value="13680621263361472262" comparison="0" type="guid"/>
   <Criterion id="15659330456318451410" comparison="0" value="13680621263383345131" fromResponse="1" type="guid"/>
   <Criterion id="15659330456318451477" value="13680621263361472147" comparison="0" type="guid"/>
  </Criteria>
 </ResponseRule>
 <ResponseSet id="13680621263389231914">
  <Response dialog="13680621263389231912" id="13680621263389231915" cooldown="0" weight="1" oneshot="0" completeConversation="1" delay="0.5"/>
 </ResponseSet>
 <ResponseSet id="13680621263391372123">
  <Response dialog="13680621263391372122" id="13680621263391372124" cooldown="0" weight="1" oneshot="0" completeConversation="0" delay="0" cutoff="0"/>
 </ResponseSet>
 <ResponseRule id="13680621263391372134" name="" cooldown="" response="13680621263391372135">
  <Criteria>
   <Criterion id="15659330456318451386" value="13680621263361472262" comparison="0" type="guid"/>
   <Criterion id="15659330456318451410" comparison="0" value="13680621263391372124" fromResponse="1" type="guid"/>
   <Criterion id="15659330456318451477" value="13680621263361472147" comparison="0" type="guid"/>
  </Criteria>
 </ResponseRule>
 <ResponseSet id="13680621263391372135">
  <Response dialog="13680621263391372133" id="13680621263391372136" cooldown="0" weight="1" oneshot="0" completeConversation="0" delay="0.6" cutoff="0"/>
 </ResponseSet>
 <ResponseRule id="13680621263391372152" name="" cooldown="" response="13680621263391372153">
  <Criteria>
   <Criterion id="15659330456318451386" value="13680621263361472262" comparison="0" type="guid"/>
   <Criterion id="15659330456318451410" comparison="0" value="13680621263391372136" fromResponse="1" type="guid"/>
   <Criterion id="15659330456318451477" value="13680621263361472147" comparison="0" type="guid"/>
  </Criteria>
 </ResponseRule>
 <ResponseSet id="13680621263391372153">
  <Response dialog="13680621263391372151" id="13680621263391372154" cooldown="0" weight="1" oneshot="0" completeConversation="0" delay="0.25" cutoff="0"/>
 </ResponseSet>
 <ResponseRule id="13680621263391372186" name="" cooldown="" response="13680621263391372187">
  <Criteria>
   <Criterion id="15659330456318451386" value="13680621263361472262" comparison="0" type="guid"/>
   <Criterion id="15659330456318451410" comparison="0" value="13680621263391372154" fromResponse="1" type="guid"/>
   <Criterion id="15659330456318451477" value="13680621263361472147" comparison="0" type="guid"/>
  </Criteria>
 </ResponseRule>
 <ResponseSet id="13680621263391372187">
  <Response dialog="13680621263391372185" id="13680621263391372188" cooldown="0" weight="1" oneshot="0" completeConversation="0" delay="0.25" cutoff="0"/>
 </ResponseSet>
 <ResponseRule id="13680621263391372199" name="" cooldown="" response="13680621263391372200">
  <Criteria>
   <Criterion id="15659330456318451386" value="13680621263361472262" comparison="0" type="guid"/>
   <Criterion id="15659330456318451410" comparison="0" value="13680621263391372188" fromResponse="1" type="guid"/>
   <Criterion id="15659330456318451477" value="13680621263361472147" comparison="0" type="guid"/>
  </Criteria>
 </ResponseRule>
 <ResponseSet id="13680621263391372200">
  <Response dialog="13680621263391372198" id="13680621263391372201" cooldown="0" weight="1" oneshot="0" completeConversation="0" delay="0" cutoff="0"/>
 </ResponseSet>
 <ResponseRule id="13680621263391372207" name="" cooldown="" response="13680621263391372208">
  <Criteria>
   <Criterion id="15659330456318451386" value="13680621263361472262" comparison="0" type="guid"/>
   <Criterion id="15659330456318451410" comparison="0" value="13680621263391372201" fromResponse="1" type="guid"/>
   <Criterion id="15659330456318451477" value="13680621263361472147" comparison="0" type="guid"/>
  </Criteria>
 </ResponseRule>
 <ResponseSet id="13680621263391372208">
  <Response dialog="13680621263391372206" id="13680621263391372209" cooldown="0" weight="1" oneshot="0" completeConversation="0" delay=".5" cutoff="0"/>
 </ResponseSet>
 <ResponseRule id="13680621263391372217" name="" cooldown="" response="13680621263391372218">
  <Criteria>
   <Criterion id="15659330456318451386" value="13680621263361472262" comparison="0" type="guid"/>
   <Criterion id="15659330456318451410" comparison="0" value="13680621263391372209" fromResponse="1" type="guid"/>
   <Criterion id="15659330456318451477" value="13680621263361472147" comparison="0" type="guid"/>
  </Criteria>
 </ResponseRule>
 <ResponseSet id="13680621263391372218">
  <Response dialog="13680621263391372216" id="13680621263391372219" cooldown="0" weight="1" oneshot="0" completeConversation="0" delay="0.25" cutoff="0"/>
 </ResponseSet>
 <ResponseRule id="13680621263391372224" name="" cooldown="" response="13680621263391372225">
  <Criteria>
   <Criterion id="15659330456318451386" value="13680621263361472262" comparison="0" type="guid"/>
   <Criterion id="15659330456318451410" comparison="0" value="13680621263391372219" fromResponse="1" type="guid"/>
   <Criterion id="15659330456318451477" value="13680621263361472147" comparison="0" type="guid"/>
  </Criteria>
 </ResponseRule>
 <ResponseSet id="13680621263391372225">
  <Response dialog="13680621263391372223" id="13680621263391372226" cooldown="0" weight="1" oneshot="0" completeConversation="0" delay="0.25" cutoff="0"/>
 </ResponseSet>
 <ResponseRule id="13680621263391372229" name="" cooldown="" response="13680621263391372230">
  <Criteria>
   <Criterion id="15659330456318451386" value="13680621263361472262" comparison="0" type="guid"/>
   <Criterion id="15659330456318451410" comparison="0" value="13680621263391372226" fromResponse="1" type="guid"/>
   <Criterion id="15659330456318451477" value="13680621263361472147" comparison="0" type="guid"/>
  </Criteria>
 </ResponseRule>
 <ResponseSet id="13680621263391372230">
  <Response dialog="13680621263391372228" id="13680621263391372231" cooldown="0" weight="1" oneshot="0" completeConversation="1" delay=".6" cutoff="0"/>
 </ResponseSet>
 <ResponseRule id="13680621263394228113" name="Player De-Activated Tracker Bracelet... Again. Fem Morgan." cooldown="" description="Player de-activated his tracking bracelet again. Fem Morgan." response="13680621263394228149" oneshot="1">
  <Criteria>
   <Criterion id="15659330456318451386" value="13680621263361472262" comparison="0" type="guid"/>
   <Criterion id="15659330456318451410" comparison="0" value="onTranscribeTrigger" fromResponse="0" type="default"/>
   <Criterion comparison="0" passIfMissing="false" id="15659330456318451477" type="guid" keyType="default" value="13680621263361472147"/>
  </Criteria>
 </ResponseRule>
 <ResponseRule id="13680621263386366651" name="Dahl: GUT no Gravity" cooldown="" description="Dahl Calls Morgan as Morgan is traversing through the GUT. Taunts, then turns off Gravity. " response="13680621263386366836" oneshot="1">
  <Criteria>
   <Criterion id="15659330456318451386" value="13680621263361472262" comparison="0" type="guid"/>
   <Criterion id="15659330456318451410" comparison="0" value="onTranscribeTrigger" fromResponse="0" type="default"/>
   <Criterion comparison="0" passIfMissing="false" id="15659330456318451477" type="guid" keyType="default" value="13680621263361472147"/>
  </Criteria>
 </ResponseRule>
 <ResponseSet id="13680621263394228149">
  <Response dialog="13680621263394228148" id="13680621263394228150" cooldown="0" weight="1" oneshot="0" completeConversation="1" delay="0" cutoff="0"/>
 </ResponseSet>
 <ResponseSet id="13680621263394228281">
  <Response dialog="13680621263394228280" id="13680621263394228282" cooldown="0" weight="1" oneshot="0" completeConversation="0" delay="0" cutoff="0"/>
 </ResponseSet>
 <ResponseRule id="13680621263394228283" name="" cooldown="" response="13680621263383347835">
  <Criteria>
   <Criterion id="15659330456318451386" value="13680621263361472262" comparison="0" type="guid"/>
   <Criterion id="15659330456318451410" comparison="0" value="13680621263394228282" fromResponse="1" type="guid"/>
   <Criterion comparison="0" passIfMissing="false" id="15659330456318451477" type="guid" keyType="default" value="13680621263361472147"/>
  </Criteria>
 </ResponseRule>
 <ResponseRule id="13680621263412016103" name="Ultimatum Failed. Male Morgan. January is Dead." cooldown="" description="Dahl calls morgan to let him know the survivors have all died. " response="13680621263412016473" oneshot="1">
  <Criteria>
   <Criterion id="15659330456318451386" value="13680621263361472262" comparison="0" type="guid"/>
   <Criterion id="15659330456318451410" comparison="0" value="onTranscribeTrigger" fromResponse="0" type="default"/>
   <Criterion comparison="0" passIfMissing="false" id="15659330456318451477" type="guid" keyType="default" value="13680621263361472147"/>
  </Criteria>
 </ResponseRule>
 <ResponseSet id="13680621263412016473">
  <Response dialog="13680621263383347571" id="13680621263412016474" cooldown="0" weight="1" oneshot="0" completeConversation="0" delay="0" cutoff="0"/>
 </ResponseSet>
 <ResponseRule id="13680621263412016684" name="" cooldown="" response="13680621263412016685">
  <Criteria>
   <Criterion id="15659330456318451386" value="13680621263361472262" comparison="0" type="guid"/>
   <Criterion id="15659330456318451410" comparison="0" value="13680621263412016474" fromResponse="1" type="guid"/>
   <Criterion id="15659330456318451477" value="13680621263361472147" comparison="0" type="guid"/>
  </Criteria>
 </ResponseRule>
 <ResponseSet id="13680621263412016685">
  <Response dialog="13680621263383448845" id="13680621263412016686" cooldown="0" weight="1" oneshot="0" completeConversation="1" delay="1" cutoff="0"/>
 </ResponseSet>
 <ResponseRule id="13680621263412016737" name="Ultimatum Failed. FemaleMale Morgan. January is Dead." cooldown="" description="Dahl calls morgan to let him know the survivors have all died. " response="13680621263412016755" oneshot="1">
  <Criteria>
   <Criterion id="15659330456318451386" value="13680621263361472262" comparison="0" type="guid"/>
   <Criterion id="15659330456318451410" comparison="0" value="onTranscribeTrigger" fromResponse="0" type="default"/>
   <Criterion comparison="0" passIfMissing="false" id="15659330456318451477" type="guid" keyType="default" value="13680621263361472147"/>
  </Criteria>
 </ResponseRule>
 <ResponseSet id="13680621263412016755">
  <Response dialog="13680621263394228280" id="13680621263412016756" cooldown="0" weight="1" oneshot="0" completeConversation="0" delay="0" cutoff="0"/>
 </ResponseSet>
 <ResponseRule id="13680621263412016759" name="" cooldown="" response="13680621263412016685">
  <Criteria>
   <Criterion id="15659330456318451386" value="13680621263361472262" comparison="0" type="guid"/>
   <Criterion id="15659330456318451410" comparison="0" value="13680621263412016756" fromResponse="1" type="guid"/>
   <Criterion comparison="0" passIfMissing="false" id="15659330456318451477" type="guid" keyType="default" value="13680621263361472147"/>
  </Criteria>
 </ResponseRule>
</ResponseRules>