<Graph isModule="1" moduleName="Final_particles" isObjectList="1" objectListClass="ParticleEffect" Description="" Group="" enabled="1" MultiPlayer="ClientServer">
 <Nodes>
  <Node Id="7" Class="entity:ParticleEffect" pos="-172,-150,0" EntityGUID="{0E561903-542C-4C97-9890-5A9B2536EA5C}" EntityGUID_64="4C97542C0E561903">
   <Inputs entityId="0" Disable="0" Enable="0" Kill="0" Restart="0" Spawn="0"/>
  </Node>
  <Node Id="18" Class="entity:ParticleEffect" pos="-172,-125,0" EntityGUID="{0A347F0C-CA81-4F2E-89CB-F33C7B080A5D}" EntityGUID_64="4F2ECA810A347F0C">
   <Inputs entityId="0" Disable="0" Enable="0" Kill="0" Restart="0" Spawn="0"/>
  </Node>
  <Node Id="27" Class="entity:ParticleEffect" pos="-172,-100,0" EntityGUID="{2ABEF01A-CABC-4C99-970C-9AC63ADAE5AD}" EntityGUID_64="4C99CABC2ABEF01A">
   <Inputs entityId="0" Disable="0" Enable="0" Kill="0" Restart="0" Spawn="0"/>
  </Node>
  <Node Id="30" Class="entity:ParticleEffect" pos="-172,-75,0" EntityGUID="{292A1C1F-ED29-45CE-AF75-BBC94023EC51}" EntityGUID_64="45CEED29292A1C1F">
   <Inputs entityId="0" Disable="0" Enable="0" Kill="0" Restart="0" Spawn="0"/>
  </Node>
  <Node Id="33" Class="entity:ParticleEffect" pos="-172,-50,0" EntityGUID="{4567D41F-9064-4095-B900-C03BCC28065C}" EntityGUID_64="409590644567D41F">
   <Inputs entityId="0" Disable="0" Enable="0" Kill="0" Restart="0" Spawn="0"/>
  </Node>
  <Node Id="42" Class="entity:ParticleEffect" pos="-172,-25,0" EntityGUID="{D68C8027-D336-405E-94F2-B53E07D9162B}" EntityGUID_64="405ED336D68C8027">
   <Inputs entityId="0" Disable="0" Enable="0" Kill="0" Restart="0" Spawn="0"/>
  </Node>
  <Node Id="44" Class="entity:ParticleEffect" pos="-172,0,0" EntityGUID="{5A18A527-4CEA-4588-B64D-F68DF01289E9}" EntityGUID_64="45884CEA5A18A527">
   <Inputs entityId="0" Disable="0" Enable="0" Kill="0" Restart="0" Spawn="0"/>
  </Node>
  <Node Id="46" Class="entity:ParticleEffect" pos="-172,25,0" EntityGUID="{ED3AD727-D60E-452D-AFFE-C9D6330718A7}" EntityGUID_64="452DD60EED3AD727">
   <Inputs entityId="0" Disable="0" Enable="0" Kill="0" Restart="0" Spawn="0"/>
  </Node>
  <Node Id="48" Class="entity:ParticleEffect" pos="-172,50,0" EntityGUID="{D2189428-B124-4E32-A202-5A7738749C03}" EntityGUID_64="4E32B124D2189428">
   <Inputs entityId="0" Disable="0" Enable="0" Kill="0" Restart="0" Spawn="0"/>
  </Node>
  <Node Id="55" Class="entity:ParticleEffect" pos="-172,75,0" EntityGUID="{43CBA130-2AF6-41CD-BF40-7B68BBE564FD}" EntityGUID_64="41CD2AF643CBA130">
   <Inputs entityId="0" Disable="0" Enable="0" Kill="0" Restart="0" Spawn="0"/>
  </Node>
  <Node Id="70" Class="entity:ParticleEffect" pos="-172,100,0" EntityGUID="{E282F83B-C285-4DB3-A9FD-FF1776E260BF}" EntityGUID_64="4DB3C285E282F83B">
   <Inputs entityId="0" Disable="0" Enable="0" Kill="0" Restart="0" Spawn="0"/>
  </Node>
  <Node Id="76" Class="entity:ParticleEffect" pos="-172,125,0" EntityGUID="{FF8F3244-ADF1-4C2E-A311-03BECA816D84}" EntityGUID_64="4C2EADF1FF8F3244">
   <Inputs entityId="0" Disable="0" Enable="0" Kill="0" Restart="0" Spawn="0"/>
  </Node>
  <Node Id="84" Class="entity:ParticleEffect" pos="-172,150,0" EntityGUID="{E8F9B748-492D-4321-A686-E451CC4210FA}" EntityGUID_64="4321492DE8F9B748">
   <Inputs entityId="0" Disable="0" Enable="0" Kill="0" Restart="0" Spawn="0"/>
  </Node>
  <Node Id="89" Class="entity:ParticleEffect" pos="-172,175,0" EntityGUID="{97B9874F-6463-4584-B3EF-186BDE5A78C2}" EntityGUID_64="4584646397B9874F">
   <Inputs entityId="0" Disable="0" Enable="0" Kill="0" Restart="0" Spawn="0"/>
  </Node>
  <Node Id="91" Class="entity:ParticleEffect" pos="-172,200,0" EntityGUID="{54C45751-B660-4595-976B-D89D8D70F669}" EntityGUID_64="4595B66054C45751">
   <Inputs entityId="0" Disable="0" Enable="0" Kill="0" Restart="0" Spawn="0"/>
  </Node>
  <Node Id="97" Class="entity:ParticleEffect" pos="-172,225,0" EntityGUID="{1CF91E56-CA88-480E-A374-D56A67FC268F}" EntityGUID_64="480ECA881CF91E56">
   <Inputs entityId="0" Disable="0" Enable="0" Kill="0" Restart="0" Spawn="0"/>
  </Node>
  <Node Id="99" Class="entity:ParticleEffect" pos="-172,250,0" EntityGUID="{F2F36857-6A24-48C9-95DA-42DA58D1B6E9}" EntityGUID_64="48C96A24F2F36857">
   <Inputs entityId="0" Disable="0" Enable="0" Kill="0" Restart="0" Spawn="0"/>
  </Node>
  <Node Id="102" Class="entity:ParticleEffect" pos="-172,275,0" EntityGUID="{E6815559-D6DE-480B-9FCC-7BCC496F5069}" EntityGUID_64="480BD6DEE6815559">
   <Inputs entityId="0" Disable="0" Enable="0" Kill="0" Restart="0" Spawn="0"/>
  </Node>
  <Node Id="105" Class="entity:ParticleEffect" pos="-172,300,0" EntityGUID="{43ECDF59-E171-4244-9DAC-3ABE1AE60EA6}" EntityGUID_64="4244E17143ECDF59">
   <Inputs entityId="0" Disable="0" Enable="0" Kill="0" Restart="0" Spawn="0"/>
  </Node>
  <Node Id="107" Class="entity:ParticleEffect" pos="-172,325,0" EntityGUID="{4E68065B-DEBB-441B-BB4F-50A1FFE20803}" EntityGUID_64="441BDEBB4E68065B">
   <Inputs entityId="0" Disable="0" Enable="0" Kill="0" Restart="0" Spawn="0"/>
  </Node>
  <Node Id="109" Class="entity:ParticleEffect" pos="-172,350,0" EntityGUID="{D998925B-B247-4CB1-9C8E-862D57642EFB}" EntityGUID_64="4CB1B247D998925B">
   <Inputs entityId="0" Disable="0" Enable="0" Kill="0" Restart="0" Spawn="0"/>
  </Node>
  <Node Id="113" Class="entity:ParticleEffect" pos="-172,375,0" EntityGUID="{40BA245C-6C27-4A16-96D3-32DDDD4B01E2}" EntityGUID_64="4A166C2740BA245C">
   <Inputs entityId="0" Disable="0" Enable="0" Kill="0" Restart="0" Spawn="0"/>
  </Node>
  <Node Id="118" Class="entity:ParticleEffect" pos="-172,400,0" EntityGUID="{4414EB5E-5924-422D-BDA6-F9AFC330901E}" EntityGUID_64="422D59244414EB5E">
   <Inputs entityId="0" Disable="0" Enable="0" Kill="0" Restart="0" Spawn="0"/>
  </Node>
  <Node Id="120" Class="entity:ParticleEffect" pos="-172,425,0" EntityGUID="{6E14715F-A79C-49E8-ABCE-FAFE52E708A2}" EntityGUID_64="49E8A79C6E14715F">
   <Inputs entityId="0" Disable="0" Enable="0" Kill="0" Restart="0" Spawn="0"/>
  </Node>
  <Node Id="126" Class="entity:ParticleEffect" pos="-172,450,0" EntityGUID="{180BA664-9A1E-4FCC-B0D9-5A1E15A09D61}" EntityGUID_64="4FCC9A1E180BA664">
   <Inputs entityId="0" Disable="0" Enable="0" Kill="0" Restart="0" Spawn="0"/>
  </Node>
  <Node Id="130" Class="entity:ParticleEffect" pos="-172,475,0" EntityGUID="{84460568-8439-4962-9C99-03B2A621F68C}" EntityGUID_64="4962843984460568">
   <Inputs entityId="0" Disable="0" Enable="0" Kill="0" Restart="0" Spawn="0"/>
  </Node>
  <Node Id="138" Class="entity:ParticleEffect" pos="-172,500,0" EntityGUID="{DCFE0D6D-44B3-41BF-A810-C1319CC2A4D9}" EntityGUID_64="41BF44B3DCFE0D6D">
   <Inputs entityId="0" Disable="0" Enable="0" Kill="0" Restart="0" Spawn="0"/>
  </Node>
  <Node Id="141" Class="entity:ParticleEffect" pos="-172,525,0" EntityGUID="{51319A6E-2791-4D3C-BB69-7B5592418E02}" EntityGUID_64="4D3C279151319A6E">
   <Inputs entityId="0" Disable="0" Enable="0" Kill="0" Restart="0" Spawn="0"/>
  </Node>
  <Node Id="159" Class="entity:ParticleEffect" pos="-172,550,0" EntityGUID="{FA03CA82-1E59-4CC5-971A-4A0E6977B656}" EntityGUID_64="4CC51E59FA03CA82">
   <Inputs entityId="0" Disable="0" Enable="0" Kill="0" Restart="0" Spawn="0"/>
  </Node>
  <Node Id="169" Class="entity:ParticleEffect" pos="-172,575,0" EntityGUID="{FA81DF8A-9D90-4A2B-8524-411BF101AE59}" EntityGUID_64="4A2B9D90FA81DF8A">
   <Inputs entityId="0" Disable="0" Enable="0" Kill="0" Restart="0" Spawn="0"/>
  </Node>
  <Node Id="189" Class="entity:ParticleEffect" pos="-172,600,0" EntityGUID="{09B9D39E-B956-4493-9C6C-411250F48508}" EntityGUID_64="4493B95609B9D39E">
   <Inputs entityId="0" Disable="0" Enable="0" Kill="0" Restart="0" Spawn="0"/>
  </Node>
  <Node Id="196" Class="entity:ParticleEffect" pos="-172,625,0" EntityGUID="{F2DD93A2-F2E8-4A2D-BFB1-EED1A0036508}" EntityGUID_64="4A2DF2E8F2DD93A2">
   <Inputs entityId="0" Disable="0" Enable="0" Kill="0" Restart="0" Spawn="0"/>
  </Node>
  <Node Id="202" Class="entity:ParticleEffect" pos="-172,650,0" EntityGUID="{656CE2A8-7A5E-41BF-BFC6-3849AD6447D5}" EntityGUID_64="41BF7A5E656CE2A8">
   <Inputs entityId="0" Disable="0" Enable="0" Kill="0" Restart="0" Spawn="0"/>
  </Node>
  <Node Id="204" Class="entity:ParticleEffect" pos="-172,675,0" EntityGUID="{2D472DA9-7FAF-4652-8958-773A0CF6A2EC}" EntityGUID_64="46527FAF2D472DA9">
   <Inputs entityId="0" Disable="0" Enable="0" Kill="0" Restart="0" Spawn="0"/>
  </Node>
  <Node Id="207" Class="entity:ParticleEffect" pos="-172,700,0" EntityGUID="{2500EDAC-1071-429A-9E3F-B1E141B8AED8}" EntityGUID_64="429A10712500EDAC">
   <Inputs entityId="0" Disable="0" Enable="0" Kill="0" Restart="0" Spawn="0"/>
  </Node>
  <Node Id="209" Class="entity:ParticleEffect" pos="-172,725,0" EntityGUID="{9E8C05AD-70F4-4D00-927C-19FA7DB9B398}" EntityGUID_64="4D0070F49E8C05AD">
   <Inputs entityId="0" Disable="0" Enable="0" Kill="0" Restart="0" Spawn="0"/>
  </Node>
  <Node Id="218" Class="entity:ParticleEffect" pos="-172,750,0" EntityGUID="{CBE59AB7-C590-460E-8078-4946C5FCD35A}" EntityGUID_64="460EC590CBE59AB7">
   <Inputs entityId="0" Disable="0" Enable="0" Kill="0" Restart="0" Spawn="0"/>
  </Node>
  <Node Id="221" Class="entity:ParticleEffect" pos="-172,775,0" EntityGUID="{582F11B8-5A57-4413-B9EF-D87DA3B110A3}" EntityGUID_64="44135A57582F11B8">
   <Inputs entityId="0" Disable="0" Enable="0" Kill="0" Restart="0" Spawn="0"/>
  </Node>
  <Node Id="233" Class="entity:ParticleEffect" pos="-172,800,0" EntityGUID="{423BFFC4-6D17-4D01-9FA1-57FFAA3199AC}" EntityGUID_64="4D016D17423BFFC4">
   <Inputs entityId="0" Disable="0" Enable="0" Kill="0" Restart="0" Spawn="0"/>
  </Node>
  <Node Id="239" Class="entity:ParticleEffect" pos="-172,825,0" EntityGUID="{13D618CD-5771-4421-A0D1-645430BDA18E}" EntityGUID_64="4421577113D618CD">
   <Inputs entityId="0" Disable="0" Enable="0" Kill="0" Restart="0" Spawn="0"/>
  </Node>
  <Node Id="242" Class="entity:ParticleEffect" pos="-172,850,0" EntityGUID="{93CC34CE-947F-49DB-932B-171EBB25711A}" EntityGUID_64="49DB947F93CC34CE">
   <Inputs entityId="0" Disable="0" Enable="0" Kill="0" Restart="0" Spawn="0"/>
  </Node>
  <Node Id="245" Class="entity:ParticleEffect" pos="-172,875,0" EntityGUID="{F8AFAFCF-35E7-4BAE-BE9E-E723DCC52B30}" EntityGUID_64="4BAE35E7F8AFAFCF">
   <Inputs entityId="0" Disable="0" Enable="0" Kill="0" Restart="0" Spawn="0"/>
  </Node>
  <Node Id="248" Class="entity:ParticleEffect" pos="-172,900,0" EntityGUID="{6E4462D3-62EA-4609-B41F-4E1E4846695A}" EntityGUID_64="460962EA6E4462D3">
   <Inputs entityId="0" Disable="0" Enable="0" Kill="0" Restart="0" Spawn="0"/>
  </Node>
  <Node Id="250" Class="entity:ParticleEffect" pos="-172,925,0" EntityGUID="{653A70D7-4212-48A9-80CA-DBE719D5BCF6}" EntityGUID_64="48A94212653A70D7">
   <Inputs entityId="0" Disable="0" Enable="0" Kill="0" Restart="0" Spawn="0"/>
  </Node>
  <Node Id="273" Class="entity:ParticleEffect" pos="-172,950,0" EntityGUID="{BF4B3DF0-C649-4067-9A95-47ECBD089284}" EntityGUID_64="4067C649BF4B3DF0">
   <Inputs entityId="0" Disable="0" Enable="0" Kill="0" Restart="0" Spawn="0"/>
  </Node>
  <Node Id="276" Class="entity:ParticleEffect" pos="-172,975,0" EntityGUID="{37DD33F7-857D-45E6-9834-13E535C94860}" EntityGUID_64="45E6857D37DD33F7">
   <Inputs entityId="0" Disable="0" Enable="0" Kill="0" Restart="0" Spawn="0"/>
  </Node>
  <Node Id="280" Class="entity:ParticleEffect" pos="-172,1000,0" EntityGUID="{AB3328FB-4A6C-48AD-B83C-7E48A975C952}" EntityGUID_64="48AD4A6CAB3328FB">
   <Inputs entityId="0" Disable="0" Enable="0" Kill="0" Restart="0" Spawn="0"/>
  </Node>
  <Node Id="282" Class="entity:ParticleEffect" pos="-172,1025,0" EntityGUID="{D24860FC-591D-48AE-A785-DE9B8007051C}" EntityGUID_64="48AE591DD24860FC">
   <Inputs entityId="0" Disable="0" Enable="0" Kill="0" Restart="0" Spawn="0"/>
  </Node>
  <Node Id="285" Class="entity:ParticleEffect" pos="-172,1050,0" EntityGUID="{BC1C8EFD-4906-49C8-8468-C9429FCCDE51}" EntityGUID_64="49C84906BC1C8EFD">
   <Inputs entityId="0" Disable="0" Enable="0" Kill="0" Restart="0" Spawn="0"/>
  </Node>
 </Nodes>
 <Edges />
 <GraphTokens />
</Graph>
