<Graph isModule="1" moduleName="Final_Off_Lights" isObjectList="1" objectListClass="ArkLight" Description="" Group="" enabled="1" MultiPlayer="ClientServer">
 <Nodes>
  <Node Id="2" Class="entity:ArkLight" pos="-271.1777,-213.06819,0" EntityGUID="{7C216E03-EFAF-44E8-8D5B-AF790C474860}" EntityGUID_64="44E8EFAF7C216E03">
   <Inputs entityId="0" Brightness="0" DiffuseColor1="0,0,0" DiffuseColor2="0,0,0" LightStyle1="0" LightStyle2="0" Off="0" On="0" ResetBrightness="0"/>
  </Node>
  <Node Id="4" Class="entity:ArkLight" pos="-271.1777,-188.06819,0" EntityGUID="{585D441B-7870-43A9-A77F-2D6EE31EAEE6}" EntityGUID_64="43A97870585D441B">
   <Inputs entityId="0" Brightness="0" DiffuseColor1="0,0,0" DiffuseColor2="0,0,0" LightStyle1="0" LightStyle2="0" Off="0" On="0" ResetBrightness="0"/>
  </Node>
  <Node Id="7" Class="entity:ArkLight" pos="-271.1777,-163.06819,0" EntityGUID="{89454833-6BBE-467E-A36A-B90E5D273D50}" EntityGUID_64="467E6BBE89454833">
   <Inputs entityId="0" Brightness="0" DiffuseColor1="0,0,0" DiffuseColor2="0,0,0" LightStyle1="0" LightStyle2="0" Off="0" On="0" ResetBrightness="0"/>
  </Node>
  <Node Id="9" Class="entity:ArkLight" pos="-271.1777,-138.06819,0" EntityGUID="{6965E539-6FFC-4BCA-BC18-8C058D98135F}" EntityGUID_64="4BCA6FFC6965E539">
   <Inputs entityId="0" Brightness="0" DiffuseColor1="0,0,0" DiffuseColor2="0,0,0" LightStyle1="0" LightStyle2="0" Off="0" On="0" ResetBrightness="0"/>
  </Node>
  <Node Id="11" Class="entity:ArkLight" pos="-271.1777,-113.06819,0" EntityGUID="{F0445B41-E279-44EE-A703-41ACDC89D672}" EntityGUID_64="44EEE279F0445B41">
   <Inputs entityId="0" Brightness="0" DiffuseColor1="0,0,0" DiffuseColor2="0,0,0" LightStyle1="0" LightStyle2="0" Off="0" On="0" ResetBrightness="0"/>
  </Node>
  <Node Id="13" Class="entity:ArkLight" pos="-271.1777,-88.068192,0" EntityGUID="{99BEA845-C3B1-4ED5-93CF-A907BC5222E7}" EntityGUID_64="4ED5C3B199BEA845">
   <Inputs entityId="0" Brightness="0" DiffuseColor1="0,0,0" DiffuseColor2="0,0,0" LightStyle1="0" LightStyle2="0" Off="0" On="0" ResetBrightness="0"/>
  </Node>
  <Node Id="15" Class="entity:ArkLight" pos="-271.1777,-63.068192,0" EntityGUID="{AB63D455-EBF5-4A1B-822A-B4E7EB984143}" EntityGUID_64="4A1BEBF5AB63D455">
   <Inputs entityId="0" Brightness="0" DiffuseColor1="0,0,0" DiffuseColor2="0,0,0" LightStyle1="0" LightStyle2="0" Off="0" On="0" ResetBrightness="0"/>
  </Node>
  <Node Id="17" Class="entity:ArkLight" pos="-271.1777,-38.068192,0" EntityGUID="{ED0D799B-E487-4257-A095-9393113FDDBE}" EntityGUID_64="4257E487ED0D799B">
   <Inputs entityId="0" Brightness="0" DiffuseColor1="0,0,0" DiffuseColor2="0,0,0" LightStyle1="0" LightStyle2="0" Off="0" On="0" ResetBrightness="0"/>
  </Node>
  <Node Id="19" Class="entity:ArkLight" pos="-271.1777,-13.068192,0" EntityGUID="{5E881F9E-F104-4367-9494-9D9A7315B36C}" EntityGUID_64="4367F1045E881F9E">
   <Inputs entityId="0" Brightness="0" DiffuseColor1="0,0,0" DiffuseColor2="0,0,0" LightStyle1="0" LightStyle2="0" Off="0" On="0" ResetBrightness="0"/>
  </Node>
  <Node Id="21" Class="entity:ArkLight" pos="-271.1777,11.931808,0" EntityGUID="{ABE12AB4-F33D-4FE6-B8CF-86B8EEC6AFD2}" EntityGUID_64="4FE6F33DABE12AB4">
   <Inputs entityId="0" Brightness="0" DiffuseColor1="0,0,0" DiffuseColor2="0,0,0" LightStyle1="0" LightStyle2="0" Off="0" On="0" ResetBrightness="0"/>
  </Node>
  <Node Id="23" Class="entity:ArkLight" pos="-271.1777,36.931808,0" EntityGUID="{2031B3BC-023A-4F49-8123-D6C64BA16141}" EntityGUID_64="4F49023A2031B3BC">
   <Inputs entityId="0" Brightness="0" DiffuseColor1="0,0,0" DiffuseColor2="0,0,0" LightStyle1="0" LightStyle2="0" Off="0" On="0" ResetBrightness="0"/>
  </Node>
  <Node Id="25" Class="entity:ArkLight" pos="-271.1777,61.931808,0" EntityGUID="{AC8589C5-226E-41AD-8EAD-C9A46236027E}" EntityGUID_64="41AD226EAC8589C5">
   <Inputs entityId="0" Brightness="0" DiffuseColor1="0,0,0" DiffuseColor2="0,0,0" LightStyle1="0" LightStyle2="0" Off="0" On="0" ResetBrightness="0"/>
  </Node>
  <Node Id="27" Class="entity:ArkLight" pos="-271.1777,86.931808,0" EntityGUID="{1787A6CA-09B3-4523-9901-9D2EF1ABC97A}" EntityGUID_64="452309B31787A6CA">
   <Inputs entityId="0" Brightness="0" DiffuseColor1="0,0,0" DiffuseColor2="0,0,0" LightStyle1="0" LightStyle2="0" Off="0" On="0" ResetBrightness="0"/>
  </Node>
  <Node Id="29" Class="entity:ArkLight" pos="-271.1777,111.93181,0" EntityGUID="{70CDA1D1-45AE-47AA-A575-DE40526AC718}" EntityGUID_64="47AA45AE70CDA1D1">
   <Inputs entityId="0" Brightness="0" DiffuseColor1="0,0,0" DiffuseColor2="0,0,0" LightStyle1="0" LightStyle2="0" Off="0" On="0" ResetBrightness="0"/>
  </Node>
  <Node Id="31" Class="entity:ArkLight" pos="-271.1777,136.93181,0" EntityGUID="{C320AADD-C5C7-4D4C-AAB7-92158E7CC722}" EntityGUID_64="4D4CC5C7C320AADD">
   <Inputs entityId="0" Brightness="0" DiffuseColor1="0,0,0" DiffuseColor2="0,0,0" LightStyle1="0" LightStyle2="0" Off="0" On="0" ResetBrightness="0"/>
  </Node>
  <Node Id="33" Class="entity:ArkLight" pos="-271.1777,161.93181,0" EntityGUID="{04A3A6E8-4E03-4BFF-806A-8FA89ADEE022}" EntityGUID_64="4BFF4E0304A3A6E8">
   <Inputs entityId="0" Brightness="0" DiffuseColor1="0,0,0" DiffuseColor2="0,0,0" LightStyle1="0" LightStyle2="0" Off="0" On="0" ResetBrightness="0"/>
  </Node>
  <Node Id="35" Class="entity:ArkLight" pos="-271.1777,186.93181,0" EntityGUID="{A9E5B3F0-F40E-405D-AACC-04CF07A146C8}" EntityGUID_64="405DF40EA9E5B3F0">
   <Inputs entityId="0" Brightness="0" DiffuseColor1="0,0,0" DiffuseColor2="0,0,0" LightStyle1="0" LightStyle2="0" Off="0" On="0" ResetBrightness="0"/>
  </Node>
 </Nodes>
 <Edges />
 <GraphTokens />
</Graph>
