<Graph isModule="1" moduleName="ArkDoors_Volunteer" isObjectList="1" objectListClass="ArkDoor" Description="" Group="" enabled="1" MultiPlayer="ClientServer">
 <Nodes>
  <Node Id="4" Class="entity:ArkDoor" pos="-140,-230,0" EntityGUID="{291DBA30-06EF-408C-9BDC-F641D8F81CDF}" EntityGUID_64="408C06EF291DBA30">
   <Inputs entityId="0" Close="0" Hide="0" Lock="0" Open="0" PowerOff="0" PowerOn="0" UnHide="0" Unlock="0"/>
  </Node>
  <Node Id="6" Class="entity:ArkDoor" pos="-450,-390,0" EntityGUID="{8DBBC68B-F919-4E5C-B744-A9C3E195448A}" EntityGUID_64="4E5CF9198DBBC68B">
   <Inputs entityId="0" Close="0" Hide="0" Lock="0" Open="0" PowerOff="0" PowerOn="0" UnHide="0" Unlock="0"/>
  </Node>
  <Node Id="8" Class="entity:ArkDoor" pos="-710,-120,0" EntityGUID="{20D1244B-47A6-4514-AE4B-EA001C55356C}" EntityGUID_64="451447A620D1244B">
   <Inputs entityId="0" Close="0" Hide="0" Lock="0" Open="0" PowerOff="0" PowerOn="0" UnHide="0" Unlock="0"/>
  </Node>
  <Node Id="10" Class="entity:ArkDoor" pos="-280,520,0" EntityGUID="{6B7CFCF5-3000-4687-AF90-8199BDA820BC}" EntityGUID_64="468730006B7CFCF5">
   <Inputs entityId="0" Close="0" Hide="0" Lock="0" Open="0" PowerOff="0" PowerOn="0" UnHide="0" Unlock="0"/>
  </Node>
  <Node Id="12" Class="entity:ArkDoor" pos="-630,210,0" EntityGUID="{02AD71E3-D45C-4F72-A30A-EDB94BB2B0DF}" EntityGUID_64="4F72D45C02AD71E3">
   <Inputs entityId="0" Close="0" Hide="0" Lock="0" Open="0" PowerOff="0" PowerOn="0" UnHide="0" Unlock="0"/>
  </Node>
 </Nodes>
 <Edges />
 <GraphTokens />
</Graph>
