<Graph isModule="1" moduleName="ArkLights_Volunteer" isObjectList="1" objectListClass="ArkLight" Description="" Group="" enabled="1" MultiPlayer="ClientServer">
 <Nodes>
  <Node Id="2" Class="entity:ArkLight" pos="-254,17,0" EntityGUID="{F1605760-14AF-4234-B06F-D9603CC81D2E}" EntityGUID_64="423414AFF1605760">
   <Inputs entityId="0" Brightness="0" DiffuseColor1="0,0,0" DiffuseColor2="0,0,0" LightStyle1="0" LightStyle2="0" Off="0" On="0" ResetBrightness="0"/>
  </Node>
  <Node Id="4" Class="entity:ArkLight" pos="-254,42,0" EntityGUID="{CD8E09CD-A469-4FC2-A9AA-BA9E50B04DAE}" EntityGUID_64="4FC2A469CD8E09CD">
   <Inputs entityId="0" Brightness="0" DiffuseColor1="0,0,0" DiffuseColor2="0,0,0" LightStyle1="0" LightStyle2="0" Off="0" On="0" ResetBrightness="0"/>
  </Node>
  <Node Id="6" Class="entity:ArkLight" pos="-254,67,0" EntityGUID="{FE2746F0-680C-4C85-9C74-819ADCBB3FFA}" EntityGUID_64="4C85680CFE2746F0">
   <Inputs entityId="0" Brightness="0" DiffuseColor1="0,0,0" DiffuseColor2="0,0,0" LightStyle1="0" LightStyle2="0" Off="0" On="0" ResetBrightness="0"/>
  </Node>
  <Node Id="8" Class="entity:ArkLight" pos="-254,92,0" EntityGUID="{A94DBF2E-6A0F-4BD4-AF94-2E4B9B0AA2E9}" EntityGUID_64="4BD46A0FA94DBF2E">
   <Inputs entityId="0" Brightness="0" DiffuseColor1="0,0,0" DiffuseColor2="0,0,0" LightStyle1="0" LightStyle2="0" Off="0" On="0" ResetBrightness="0"/>
  </Node>
  <Node Id="10" Class="entity:ArkLight" pos="-254,117,0" EntityGUID="{AA8ECB82-93B4-4C72-8092-3A0EFF052EBA}" EntityGUID_64="4C7293B4AA8ECB82">
   <Inputs entityId="0" Brightness="0" DiffuseColor1="0,0,0" DiffuseColor2="0,0,0" LightStyle1="0" LightStyle2="0" Off="0" On="0" ResetBrightness="0"/>
  </Node>
  <Node Id="12" Class="entity:ArkLight" pos="-254,142,0" EntityGUID="{1DCD7ACC-0923-4439-BA9D-CFC7FF234737}" EntityGUID_64="443909231DCD7ACC">
   <Inputs entityId="0" Brightness="0" DiffuseColor1="0,0,0" DiffuseColor2="0,0,0" LightStyle1="0" LightStyle2="0" Off="0" On="0" ResetBrightness="0"/>
  </Node>
  <Node Id="14" Class="entity:ArkLight" pos="-254,167,0" EntityGUID="{FF413EE7-7732-41F0-A43D-80F9854FF266}" EntityGUID_64="41F07732FF413EE7">
   <Inputs entityId="0" Brightness="0" DiffuseColor1="0,0,0" DiffuseColor2="0,0,0" LightStyle1="0" LightStyle2="0" Off="0" On="0" ResetBrightness="0"/>
  </Node>
  <Node Id="16" Class="entity:ArkLight" pos="-254,192,0" EntityGUID="{FC9FF0C3-2A23-45F8-9EAD-7DA6C9217DD6}" EntityGUID_64="45F82A23FC9FF0C3">
   <Inputs entityId="0" Brightness="0" DiffuseColor1="0,0,0" DiffuseColor2="0,0,0" LightStyle1="0" LightStyle2="0" Off="0" On="0" ResetBrightness="0"/>
  </Node>
  <Node Id="18" Class="entity:ArkLight" pos="-254,217,0" EntityGUID="{698FEEC5-DC6D-41ED-9F4E-78C988DA48CB}" EntityGUID_64="41EDDC6D698FEEC5">
   <Inputs entityId="0" Brightness="0" DiffuseColor1="0,0,0" DiffuseColor2="0,0,0" LightStyle1="0" LightStyle2="0" Off="0" On="0" ResetBrightness="0"/>
  </Node>
  <Node Id="20" Class="entity:ArkLight" pos="-254,242,0" EntityGUID="{3474513E-39E8-4D24-B220-B5A148312D93}" EntityGUID_64="4D2439E83474513E">
   <Inputs entityId="0" Brightness="0" DiffuseColor1="0,0,0" DiffuseColor2="0,0,0" LightStyle1="0" LightStyle2="0" Off="0" On="0" ResetBrightness="0"/>
  </Node>
  <Node Id="22" Class="entity:ArkLight" pos="-254,267,0">
   <Inputs entityId="0" Brightness="0" DiffuseColor1="0,0,0" DiffuseColor2="0,0,0" LightStyle1="0" LightStyle2="0" Off="0" On="0" ResetBrightness="0"/>
  </Node>
  <Node Id="24" Class="entity:ArkLight" pos="-254,292,0" EntityGUID="{CD4223BD-C9F4-4652-B76A-B0E2A25CB15C}" EntityGUID_64="4652C9F4CD4223BD">
   <Inputs entityId="0" Brightness="0" DiffuseColor1="0,0,0" DiffuseColor2="0,0,0" LightStyle1="0" LightStyle2="0" Off="0" On="0" ResetBrightness="0"/>
  </Node>
  <Node Id="26" Class="entity:ArkLight" pos="-254,317,0" EntityGUID="{C247450E-0509-4240-A588-EFE806177139}" EntityGUID_64="42400509C247450E">
   <Inputs entityId="0" Brightness="0" DiffuseColor1="0,0,0" DiffuseColor2="0,0,0" LightStyle1="0" LightStyle2="0" Off="0" On="0" ResetBrightness="0"/>
  </Node>
  <Node Id="28" Class="entity:ArkLight" pos="-254,342,0" EntityGUID="{23260043-6DE5-49ED-A8E8-90AF5BB2DBE6}" EntityGUID_64="49ED6DE523260043">
   <Inputs entityId="0" Brightness="0" DiffuseColor1="0,0,0" DiffuseColor2="0,0,0" LightStyle1="0" LightStyle2="0" Off="0" On="0" ResetBrightness="0"/>
  </Node>
  <Node Id="30" Class="entity:ArkLight" pos="-254,367,0" EntityGUID="{6F15964E-A0E1-43EC-AB9B-6B26EDA93869}" EntityGUID_64="43ECA0E16F15964E">
   <Inputs entityId="0" Brightness="0" DiffuseColor1="0,0,0" DiffuseColor2="0,0,0" LightStyle1="0" LightStyle2="0" Off="0" On="0" ResetBrightness="0"/>
  </Node>
  <Node Id="32" Class="entity:ArkLight" pos="-254,392,0" EntityGUID="{B8D24E85-FB54-4AB3-B187-1A66DEEFE9C2}" EntityGUID_64="4AB3FB54B8D24E85">
   <Inputs entityId="0" Brightness="0" DiffuseColor1="0,0,0" DiffuseColor2="0,0,0" LightStyle1="0" LightStyle2="0" Off="0" On="0" ResetBrightness="0"/>
  </Node>
  <Node Id="34" Class="entity:ArkLight" pos="-254,417,0" EntityGUID="{E0067B47-D7D8-4DD8-A62B-31EBB2541714}" EntityGUID_64="4DD8D7D8E0067B47">
   <Inputs entityId="0" Brightness="0" DiffuseColor1="0,0,0" DiffuseColor2="0,0,0" LightStyle1="0" LightStyle2="0" Off="0" On="0" ResetBrightness="0"/>
  </Node>
  <Node Id="36" Class="entity:ArkLight" pos="-254,442,0" EntityGUID="{1A523B7C-1053-46AC-A178-2ED08BCF17AF}" EntityGUID_64="46AC10531A523B7C">
   <Inputs entityId="0" Brightness="0" DiffuseColor1="0,0,0" DiffuseColor2="0,0,0" LightStyle1="0" LightStyle2="0" Off="0" On="0" ResetBrightness="0"/>
  </Node>
  <Node Id="38" Class="entity:ArkLight" pos="-254,467,0" EntityGUID="{A5F2C7FF-6398-41E9-9754-3C9F96185105}" EntityGUID_64="41E96398A5F2C7FF">
   <Inputs entityId="0" Brightness="0" DiffuseColor1="0,0,0" DiffuseColor2="0,0,0" LightStyle1="0" LightStyle2="0" Off="0" On="0" ResetBrightness="0"/>
  </Node>
  <Node Id="40" Class="entity:ArkLight" pos="-254,492,0" EntityGUID="{72EF5028-702C-44F9-9B2A-4AC9EF5841AB}" EntityGUID_64="44F9702C72EF5028">
   <Inputs entityId="0" Brightness="0" DiffuseColor1="0,0,0" DiffuseColor2="0,0,0" LightStyle1="0" LightStyle2="0" Off="0" On="0" ResetBrightness="0"/>
  </Node>
  <Node Id="42" Class="entity:ArkLight" pos="-254,517,0" EntityGUID="{D6BB45F4-DDFC-4B7F-8836-F256EE09E22C}" EntityGUID_64="4B7FDDFCD6BB45F4">
   <Inputs entityId="0" Brightness="0" DiffuseColor1="0,0,0" DiffuseColor2="0,0,0" LightStyle1="0" LightStyle2="0" Off="0" On="0" ResetBrightness="0"/>
  </Node>
  <Node Id="44" Class="entity:ArkLight" pos="-254,542,0">
   <Inputs entityId="0" Brightness="0" DiffuseColor1="0,0,0" DiffuseColor2="0,0,0" LightStyle1="0" LightStyle2="0" Off="0" On="0" ResetBrightness="0"/>
  </Node>
  <Node Id="48" Class="entity:ArkLight" pos="-240,590,0" EntityGUID="{6D774967-5FA0-466E-99BD-6A59087A83CF}" EntityGUID_64="466E5FA06D774967">
   <Inputs entityId="0" Brightness="0" DiffuseColor1="0,0,0" DiffuseColor2="0,0,0" LightStyle1="0" LightStyle2="0" Off="0" On="0" ResetBrightness="0"/>
  </Node>
  <Node Id="52" Class="entity:ArkLight" pos="-254,642,0" EntityGUID="{BD7A04E3-7822-428A-A448-9B045EF5B921}" EntityGUID_64="428A7822BD7A04E3">
   <Inputs entityId="0" Brightness="0" DiffuseColor1="0,0,0" DiffuseColor2="0,0,0" LightStyle1="0" LightStyle2="0" Off="0" On="0" ResetBrightness="0"/>
  </Node>
  <Node Id="54" Class="entity:ArkLight" pos="-254,667,0" EntityGUID="{631EE35D-B545-44DA-9438-3700AC54191B}" EntityGUID_64="44DAB545631EE35D">
   <Inputs entityId="0" Brightness="0" DiffuseColor1="0,0,0" DiffuseColor2="0,0,0" LightStyle1="0" LightStyle2="0" Off="0" On="0" ResetBrightness="0"/>
  </Node>
  <Node Id="56" Class="entity:ArkLight" pos="-254,692,0" EntityGUID="{4CA397BB-FA58-47F7-B77F-9E3197B24F13}" EntityGUID_64="47F7FA584CA397BB">
   <Inputs entityId="0" Brightness="0" DiffuseColor1="0,0,0" DiffuseColor2="0,0,0" LightStyle1="0" LightStyle2="0" Off="0" On="0" ResetBrightness="0"/>
  </Node>
  <Node Id="58" Class="entity:ArkLight" pos="-254,717,0" EntityGUID="{815F087E-E752-4D93-9147-5A4109884738}" EntityGUID_64="4D93E752815F087E">
   <Inputs entityId="0" Brightness="0" DiffuseColor1="0,0,0" DiffuseColor2="0,0,0" LightStyle1="0" LightStyle2="0" Off="0" On="0" ResetBrightness="0"/>
  </Node>
  <Node Id="60" Class="entity:ArkLight" pos="-254,742,0" EntityGUID="{80F31F3C-C30C-4053-85CA-33E9DD492CCC}" EntityGUID_64="4053C30C80F31F3C">
   <Inputs entityId="0" Brightness="0" DiffuseColor1="0,0,0" DiffuseColor2="0,0,0" LightStyle1="0" LightStyle2="0" Off="0" On="0" ResetBrightness="0"/>
  </Node>
  <Node Id="62" Class="entity:ArkLight" pos="-254,767,0" EntityGUID="{C24EE2A5-6A38-48DF-839D-8C91070BFA9E}" EntityGUID_64="48DF6A38C24EE2A5">
   <Inputs entityId="0" Brightness="0" DiffuseColor1="0,0,0" DiffuseColor2="0,0,0" LightStyle1="0" LightStyle2="0" Off="0" On="0" ResetBrightness="0"/>
  </Node>
  <Node Id="64" Class="entity:ArkLight" pos="-254,792,0" EntityGUID="{36B1A393-2985-4C90-AC7D-1B8EEF4CA667}" EntityGUID_64="4C90298536B1A393">
   <Inputs entityId="0" Brightness="0" DiffuseColor1="0,0,0" DiffuseColor2="0,0,0" LightStyle1="0" LightStyle2="0" Off="0" On="0" ResetBrightness="0"/>
  </Node>
  <Node Id="66" Class="entity:ArkLight" pos="-254,817,0" EntityGUID="{666A40FD-436B-4DDF-84FD-83CBEC2B3EBC}" EntityGUID_64="4DDF436B666A40FD">
   <Inputs entityId="0" Brightness="0" DiffuseColor1="0,0,0" DiffuseColor2="0,0,0" LightStyle1="0" LightStyle2="0" Off="0" On="0" ResetBrightness="0"/>
  </Node>
  <Node Id="68" Class="entity:ArkLight" pos="-254,842,0" EntityGUID="{6C53F6D4-1BF6-4C44-93B4-2FB0AD6CB9B0}" EntityGUID_64="4C441BF66C53F6D4">
   <Inputs entityId="0" Brightness="0" DiffuseColor1="0,0,0" DiffuseColor2="0,0,0" LightStyle1="0" LightStyle2="0" Off="0" On="0" ResetBrightness="0"/>
  </Node>
  <Node Id="72" Class="entity:ArkLight" pos="-254,892,0" EntityGUID="{1A077A5D-4921-4928-9C0F-4C7042E214FC}" EntityGUID_64="492849211A077A5D">
   <Inputs entityId="0" Brightness="0" DiffuseColor1="0,0,0" DiffuseColor2="0,0,0" LightStyle1="0" LightStyle2="0" Off="0" On="0" ResetBrightness="0"/>
  </Node>
  <Node Id="74" Class="entity:ArkLight" pos="-257.42261,1173.8472,0" EntityGUID="{21F7778E-3ABF-472C-8A8A-0F2D49B2B6AA}" EntityGUID_64="472C3ABF21F7778E">
   <Inputs entityId="0" Brightness="0" DiffuseColor1="0,0,0" DiffuseColor2="0,0,0" LightStyle1="0" LightStyle2="0" Off="0" On="0" ResetBrightness="0"/>
  </Node>
  <Node Id="78" Class="entity:ArkLight" pos="-214.31744,1448.3527,0" EntityGUID="{9F947F07-E934-43D9-B8FD-AC1D212ECBCA}" EntityGUID_64="43D9E9349F947F07">
   <Inputs entityId="0" Brightness="0" DiffuseColor1="0,0,0" DiffuseColor2="0,0,0" LightStyle1="0" LightStyle2="0" Off="0" On="0" ResetBrightness="0"/>
  </Node>
  <Node Id="80" Class="entity:ArkLight" pos="-214.31744,1473.3527,0" EntityGUID="{97628664-D1DE-4871-B015-5ADDD6357767}" EntityGUID_64="4871D1DE97628664">
   <Inputs entityId="0" Brightness="0" DiffuseColor1="0,0,0" DiffuseColor2="0,0,0" LightStyle1="0" LightStyle2="0" Off="0" On="0" ResetBrightness="0"/>
  </Node>
  <Node Id="82" Class="entity:ArkLight" pos="-201.67633,1747.3708,0" EntityGUID="{79907536-FEB3-4984-898D-AB0D0A3A7EE9}" EntityGUID_64="4984FEB379907536">
   <Inputs entityId="0" Brightness="0" DiffuseColor1="0,0,0" DiffuseColor2="0,0,0" LightStyle1="0" LightStyle2="0" Off="0" On="0" ResetBrightness="0"/>
  </Node>
  <Node Id="84" Class="entity:ArkLight" pos="-201.67633,1772.3708,0" EntityGUID="{FE6036C9-62C4-408F-91F5-54501976699E}" EntityGUID_64="408F62C4FE6036C9">
   <Inputs entityId="0" Brightness="0" DiffuseColor1="0,0,0" DiffuseColor2="0,0,0" LightStyle1="0" LightStyle2="0" Off="0" On="0" ResetBrightness="0"/>
  </Node>
  <Node Id="86" Class="entity:ArkLight" pos="-201.67633,1797.3708,0" EntityGUID="{8AD20448-D0ED-4660-AB37-86F31821C9BC}" EntityGUID_64="4660D0ED8AD20448">
   <Inputs entityId="0" Brightness="0" DiffuseColor1="0,0,0" DiffuseColor2="0,0,0" LightStyle1="0" LightStyle2="0" Off="0" On="0" ResetBrightness="0"/>
  </Node>
  <Node Id="88" Class="entity:ArkLight" pos="-201.67633,1822.3708,0" EntityGUID="{2D119FFC-67FD-4E11-9D15-08CF6F1D3CC1}" EntityGUID_64="4E1167FD2D119FFC">
   <Inputs entityId="0" Brightness="0" DiffuseColor1="0,0,0" DiffuseColor2="0,0,0" LightStyle1="0" LightStyle2="0" Off="0" On="0" ResetBrightness="0"/>
  </Node>
  <Node Id="90" Class="entity:ArkLight" pos="-201.67633,1847.3708,0" EntityGUID="{3D24034C-E469-4758-BBE0-6A968A7E3157}" EntityGUID_64="4758E4693D24034C">
   <Inputs entityId="0" Brightness="0" DiffuseColor1="0,0,0" DiffuseColor2="0,0,0" LightStyle1="0" LightStyle2="0" Off="0" On="0" ResetBrightness="0"/>
  </Node>
  <Node Id="92" Class="entity:ArkLight" pos="-201.67633,1872.3708,0" EntityGUID="{BDDDBDEE-0726-4430-B8EC-BE57CEFB930E}" EntityGUID_64="44300726BDDDBDEE">
   <Inputs entityId="0" Brightness="0" DiffuseColor1="0,0,0" DiffuseColor2="0,0,0" LightStyle1="0" LightStyle2="0" Off="0" On="0" ResetBrightness="0"/>
  </Node>
  <Node Id="94" Class="entity:ArkLight" pos="-201.67633,1897.3708,0" EntityGUID="{470A9F60-B3AC-45EE-A79C-C27FB098E9CC}" EntityGUID_64="45EEB3AC470A9F60">
   <Inputs entityId="0" Brightness="0" DiffuseColor1="0,0,0" DiffuseColor2="0,0,0" LightStyle1="0" LightStyle2="0" Off="0" On="0" ResetBrightness="0"/>
  </Node>
  <Node Id="96" Class="entity:ArkLight" pos="-201.67633,1922.3708,0" EntityGUID="{941148CC-06EF-4F34-A15A-4DEF2C101158}" EntityGUID_64="4F3406EF941148CC">
   <Inputs entityId="0" Brightness="0" DiffuseColor1="0,0,0" DiffuseColor2="0,0,0" LightStyle1="0" LightStyle2="0" Off="0" On="0" ResetBrightness="0"/>
  </Node>
  <Node Id="98" Class="entity:ArkLight" pos="-162.15601,2172.2148,0" EntityGUID="{31A0D9EC-56B2-4559-B772-759B4E06738E}" EntityGUID_64="455956B231A0D9EC">
   <Inputs entityId="0" Brightness="0" DiffuseColor1="0,0,0" DiffuseColor2="0,0,0" LightStyle1="0" LightStyle2="0" Off="0" On="0" ResetBrightness="0"/>
  </Node>
  <Node Id="100" Class="entity:ArkLight" pos="-162.15601,2197.2148,0" EntityGUID="{25BCEC48-7DE7-4B50-B247-0DDD0C311249}" EntityGUID_64="4B507DE725BCEC48">
   <Inputs entityId="0" Brightness="0" DiffuseColor1="0,0,0" DiffuseColor2="0,0,0" LightStyle1="0" LightStyle2="0" Off="0" On="0" ResetBrightness="0"/>
  </Node>
  <Node Id="102" Class="entity:ArkLight" pos="-74.321503,2439.9412,0" EntityGUID="{A20C0517-7DD5-4EEC-80DB-9BF732C5C0D4}" EntityGUID_64="4EEC7DD5A20C0517">
   <Inputs entityId="0" Brightness="0" DiffuseColor1="0,0,0" DiffuseColor2="0,0,0" LightStyle1="0" LightStyle2="0" Off="0" On="0" ResetBrightness="0"/>
  </Node>
  <Node Id="104" Class="entity:ArkLight" pos="-146.95389,2674.7295,0" EntityGUID="{46A52BB4-1428-4CEA-A0CD-459B8A2717B1}" EntityGUID_64="4CEA142846A52BB4">
   <Inputs entityId="0" Brightness="0" DiffuseColor1="0,0,0" DiffuseColor2="0,0,0" LightStyle1="0" LightStyle2="0" Off="0" On="0" ResetBrightness="0"/>
  </Node>
  <Node Id="106" Class="entity:ArkLight" pos="-226.34276,2637.5688,0" EntityGUID="{46A52BB4-1428-4CEA-A0CD-459B8A2717B1}" EntityGUID_64="4CEA142846A52BB4">
   <Inputs entityId="0" Brightness="0" DiffuseColor1="0,0,0" DiffuseColor2="0,0,0" LightStyle1="0" LightStyle2="0" Off="0" On="0" ResetBrightness="0"/>
  </Node>
  <Node Id="108" Class="entity:ArkLight" pos="-250.83507,2517.6409,0" EntityGUID="{5CE2911F-C97F-4A74-BE64-D2CC5650AC90}" EntityGUID_64="4A74C97F5CE2911F">
   <Inputs entityId="0" Brightness="0" DiffuseColor1="0,0,0" DiffuseColor2="0,0,0" LightStyle1="0" LightStyle2="0" Off="0" On="0" ResetBrightness="0"/>
  </Node>
  <Node Id="111" Class="entity:ArkLight" pos="-350.49344,2401.9358,0" EntityGUID="{5CCA557E-4DDD-4A3F-B7B6-568C9EF43700}" EntityGUID_64="4A3F4DDD5CCA557E">
   <Inputs entityId="0" Brightness="0" DiffuseColor1="0,0,0" DiffuseColor2="0,0,0" LightStyle1="0" LightStyle2="0" Off="0" On="0" ResetBrightness="0"/>
  </Node>
  <Node Id="113" Class="entity:ArkLight" pos="-426.50409,2798.0356,0" EntityGUID="{26123543-6F09-420D-8E67-BB48D9DA44A8}" EntityGUID_64="420D6F0926123543">
   <Inputs entityId="0" Brightness="0" DiffuseColor1="0,0,0" DiffuseColor2="0,0,0" LightStyle1="0" LightStyle2="0" Off="0" On="0" ResetBrightness="0"/>
  </Node>
  <Node Id="115" Class="entity:ArkLight" pos="-426.50409,2823.0356,0" EntityGUID="{1DD85563-BC1C-4EF8-9DE1-8DE09F52C8F5}" EntityGUID_64="4EF8BC1C1DD85563">
   <Inputs entityId="0" Brightness="0" DiffuseColor1="0,0,0" DiffuseColor2="0,0,0" LightStyle1="0" LightStyle2="0" Off="0" On="0" ResetBrightness="0"/>
  </Node>
  <Node Id="117" Class="entity:ArkLight" pos="517.74158,1539.2317,0" EntityGUID="{76290937-5F61-45DF-A572-C962C1343D9F}" EntityGUID_64="45DF5F6176290937">
   <Inputs entityId="0" Brightness="0" DiffuseColor1="0,0,0" DiffuseColor2="0,0,0" LightStyle1="0" LightStyle2="0" Off="0" On="0" ResetBrightness="0"/>
  </Node>
  <Node Id="119" Class="entity:ArkLight" pos="664.66821,1843.5797,0" EntityGUID="{E5DEA1A6-6FA5-442E-A43A-DD591D2FCA31}" EntityGUID_64="442E6FA5E5DEA1A6">
   <Inputs entityId="0" Brightness="0" DiffuseColor1="0,0,0" DiffuseColor2="0,0,0" LightStyle1="0" LightStyle2="0" Off="0" On="0" ResetBrightness="0"/>
  </Node>
  <Node Id="121" Class="entity:ArkLight" pos="664.66821,1868.5797,0" EntityGUID="{C7240088-212D-4D70-A549-6ACFAAF1646E}" EntityGUID_64="4D70212DC7240088">
   <Inputs entityId="0" Brightness="0" DiffuseColor1="0,0,0" DiffuseColor2="0,0,0" LightStyle1="0" LightStyle2="0" Off="0" On="0" ResetBrightness="0"/>
  </Node>
  <Node Id="123" Class="entity:ArkLight" pos="664.66821,1893.5797,0" EntityGUID="{91D69198-8EDE-441A-9722-6F5702414B76}" EntityGUID_64="441A8EDE91D69198">
   <Inputs entityId="0" Brightness="0" DiffuseColor1="0,0,0" DiffuseColor2="0,0,0" LightStyle1="0" LightStyle2="0" Off="0" On="0" ResetBrightness="0"/>
  </Node>
  <Node Id="125" Class="entity:ArkLight" pos="941.03027,2214.3948,0" EntityGUID="{26123543-6F09-420D-8E67-BB48D9DA44A8}" EntityGUID_64="420D6F0926123543">
   <Inputs entityId="0" Brightness="0" DiffuseColor1="0,0,0" DiffuseColor2="0,0,0" LightStyle1="0" LightStyle2="0" Off="0" On="0" ResetBrightness="0"/>
  </Node>
  <Node Id="127" Class="entity:ArkLight" pos="941.03027,2239.3948,0" EntityGUID="{B8D24E85-FB54-4AB3-B187-1A66DEEFE9C2}" EntityGUID_64="4AB3FB54B8D24E85">
   <Inputs entityId="0" Brightness="0" DiffuseColor1="0,0,0" DiffuseColor2="0,0,0" LightStyle1="0" LightStyle2="0" Off="0" On="0" ResetBrightness="0"/>
  </Node>
  <Node Id="129" Class="entity:ArkLight" pos="941.03027,2264.3948,0" EntityGUID="{A5F2C7FF-6398-41E9-9754-3C9F96185105}" EntityGUID_64="41E96398A5F2C7FF">
   <Inputs entityId="0" Brightness="0" DiffuseColor1="0,0,0" DiffuseColor2="0,0,0" LightStyle1="0" LightStyle2="0" Off="0" On="0" ResetBrightness="0"/>
  </Node>
  <Node Id="131" Class="entity:ArkLight" pos="1017.343,2540.896,0" EntityGUID="{72EF5028-702C-44F9-9B2A-4AC9EF5841AB}" EntityGUID_64="44F9702C72EF5028">
   <Inputs entityId="0" Brightness="0" DiffuseColor1="0,0,0" DiffuseColor2="0,0,0" LightStyle1="0" LightStyle2="0" Off="0" On="0" ResetBrightness="0"/>
  </Node>
  <Node Id="133" Class="entity:ArkLight" pos="1017.343,2565.896,0" EntityGUID="{6F15964E-A0E1-43EC-AB9B-6B26EDA93869}" EntityGUID_64="43ECA0E16F15964E">
   <Inputs entityId="0" Brightness="0" DiffuseColor1="0,0,0" DiffuseColor2="0,0,0" LightStyle1="0" LightStyle2="0" Off="0" On="0" ResetBrightness="0"/>
  </Node>
  <Node Id="135" Class="entity:ArkLight" pos="1017.343,2590.896,0" EntityGUID="{1DD85563-BC1C-4EF8-9DE1-8DE09F52C8F5}" EntityGUID_64="4EF8BC1C1DD85563">
   <Inputs entityId="0" Brightness="0" DiffuseColor1="0,0,0" DiffuseColor2="0,0,0" LightStyle1="0" LightStyle2="0" Off="0" On="0" ResetBrightness="0"/>
  </Node>
  <Node Id="137" Class="entity:ArkLight" pos="810,2560,0" EntityGUID="{07C6437C-86B2-46AF-8BF1-D97E41420F8F}" EntityGUID_64="46AF86B207C6437C">
   <Inputs entityId="0" Brightness="0" DiffuseColor1="0,0,0" DiffuseColor2="0,0,0" LightStyle1="0" LightStyle2="0" Off="0" On="0" ResetBrightness="0"/>
  </Node>
  <Node Id="139" Class="entity:ArkLight" pos="812.23346,2503.5427,0" EntityGUID="{8A6D9123-7E58-4977-8F07-1EC68BA17000}" EntityGUID_64="49777E588A6D9123">
   <Inputs entityId="0" Brightness="0" DiffuseColor1="0,0,0" DiffuseColor2="0,0,0" LightStyle1="0" LightStyle2="0" Off="0" On="0" ResetBrightness="0"/>
  </Node>
  <Node Id="141" Class="entity:ArkLight" pos="812.23346,2528.5427,0" EntityGUID="{153E44A6-30F9-4DAA-AAEB-66918A6B5F9F}" EntityGUID_64="4DAA30F9153E44A6">
   <Inputs entityId="0" Brightness="0" DiffuseColor1="0,0,0" DiffuseColor2="0,0,0" LightStyle1="0" LightStyle2="0" Off="0" On="0" ResetBrightness="0"/>
  </Node>
  <Node Id="143" Class="entity:ArkLight" pos="1001.7546,3007.7251,0">
   <Inputs entityId="0" Brightness="0" DiffuseColor1="0,0,0" DiffuseColor2="0,0,0" LightStyle1="0" LightStyle2="0" Off="0" On="0" ResetBrightness="0"/>
  </Node>
  <Node Id="145" Class="entity:ArkLight" pos="1001.7546,3032.7251,0">
   <Inputs entityId="0" Brightness="0" DiffuseColor1="0,0,0" DiffuseColor2="0,0,0" LightStyle1="0" LightStyle2="0" Off="0" On="0" ResetBrightness="0"/>
  </Node>
  <Node Id="147" Class="entity:ArkLight" pos="1001.7546,3057.7251,0">
   <Inputs entityId="0" Brightness="0" DiffuseColor1="0,0,0" DiffuseColor2="0,0,0" LightStyle1="0" LightStyle2="0" Off="0" On="0" ResetBrightness="0"/>
  </Node>
  <Node Id="149" Class="entity:ArkLight" pos="1001.7546,3082.7251,0">
   <Inputs entityId="0" Brightness="0" DiffuseColor1="0,0,0" DiffuseColor2="0,0,0" LightStyle1="0" LightStyle2="0" Off="0" On="0" ResetBrightness="0"/>
  </Node>
  <Node Id="151" Class="entity:ArkLight" pos="1001.7546,3107.7251,0">
   <Inputs entityId="0" Brightness="0" DiffuseColor1="0,0,0" DiffuseColor2="0,0,0" LightStyle1="0" LightStyle2="0" Off="0" On="0" ResetBrightness="0"/>
  </Node>
  <Node Id="153" Class="entity:ArkLight" pos="1001.7546,3132.7251,0">
   <Inputs entityId="0" Brightness="0" DiffuseColor1="0,0,0" DiffuseColor2="0,0,0" LightStyle1="0" LightStyle2="0" Off="0" On="0" ResetBrightness="0"/>
  </Node>
  <Node Id="155" Class="entity:ArkLight" pos="1001.7546,3157.7251,0">
   <Inputs entityId="0" Brightness="0" DiffuseColor1="0,0,0" DiffuseColor2="0,0,0" LightStyle1="0" LightStyle2="0" Off="0" On="0" ResetBrightness="0"/>
  </Node>
  <Node Id="157" Class="entity:ArkLight" pos="1001.7546,3182.7251,0">
   <Inputs entityId="0" Brightness="0" DiffuseColor1="0,0,0" DiffuseColor2="0,0,0" LightStyle1="0" LightStyle2="0" Off="0" On="0" ResetBrightness="0"/>
  </Node>
  <Node Id="159" Class="entity:ArkLight" pos="396.29156,833.05548,0" EntityGUID="{5CD249BE-7868-4487-9E0D-11A3856FC9E1}" EntityGUID_64="448778685CD249BE">
   <Inputs entityId="0" Brightness="0" DiffuseColor1="0,0,0" DiffuseColor2="0,0,0" LightStyle1="0" LightStyle2="0" Off="0" On="0" ResetBrightness="0"/>
  </Node>
  <Node Id="161" Class="entity:ArkLight" pos="396.29156,858.05548,0" EntityGUID="{9FD5898D-02F2-44CD-B833-5C4D6FF28C1B}" EntityGUID_64="44CD02F29FD5898D">
   <Inputs entityId="0" Brightness="0" DiffuseColor1="0,0,0" DiffuseColor2="0,0,0" LightStyle1="0" LightStyle2="0" Off="0" On="0" ResetBrightness="0"/>
  </Node>
  <Node Id="163" Class="entity:ArkLight" pos="495.78604,1172.0112,0" EntityGUID="{C4C7EE49-706A-462E-8A6C-897A286C76DA}" EntityGUID_64="462E706AC4C7EE49">
   <Inputs entityId="0" Brightness="0" DiffuseColor1="0,0,0" DiffuseColor2="0,0,0" LightStyle1="0" LightStyle2="0" Off="0" On="0" ResetBrightness="0"/>
  </Node>
  <Node Id="166" Class="entity:ArkLight" pos="851.60529,1023.6127,0">
   <Inputs entityId="0" Brightness="0" DiffuseColor1="0,0,0" DiffuseColor2="0,0,0" LightStyle1="0" LightStyle2="0" Off="0" On="0" ResetBrightness="0"/>
  </Node>
  <Node Id="168" Class="entity:ArkLight" pos="516.02222,485.66797,0">
   <Inputs entityId="0" Brightness="0" DiffuseColor1="0,0,0" DiffuseColor2="0,0,0" LightStyle1="0" LightStyle2="0" Off="0" On="0" ResetBrightness="0"/>
  </Node>
  <Node Id="171" Class="entity:ArkLight" pos="564.92627,401.35062,0" EntityGUID="{E45CACB4-E692-4E4F-B259-D658B78B2468}" EntityGUID_64="4E4FE692E45CACB4">
   <Inputs entityId="0" Brightness="0" DiffuseColor1="0,0,0" DiffuseColor2="0,0,0" LightStyle1="0" LightStyle2="0" Off="0" On="0" ResetBrightness="0"/>
  </Node>
  <Node Id="173" Class="entity:ArkLight" pos="320,570,0" EntityGUID="{FDE2C366-0E10-4FBB-8CA2-E67E460A4A11}" EntityGUID_64="4FBB0E10FDE2C366">
   <Inputs entityId="0" Brightness="0" DiffuseColor1="0,0,0" DiffuseColor2="0,0,0" LightStyle1="0" LightStyle2="0" Off="0" On="0" ResetBrightness="0"/>
  </Node>
  <Node Id="175" Class="entity:ArkLight" pos="320,610,0" EntityGUID="{F3A33730-317C-4B43-A9A2-BAFF8B54B2DF}" EntityGUID_64="4B43317CF3A33730">
   <Inputs entityId="0" Brightness="0" DiffuseColor1="0,0,0" DiffuseColor2="0,0,0" LightStyle1="0" LightStyle2="0" Off="0" On="0" ResetBrightness="0"/>
  </Node>
  <Node Id="177" Class="entity:ArkLight" pos="320,660,0" EntityGUID="{F5A307C9-3C4E-4F05-AA44-7882E9F41F58}" EntityGUID_64="4F053C4EF5A307C9">
   <Inputs entityId="0" Brightness="0" DiffuseColor1="0,0,0" DiffuseColor2="0,0,0" LightStyle1="0" LightStyle2="0" Off="0" On="0" ResetBrightness="0"/>
  </Node>
  <Node Id="179" Class="entity:ArkLight" pos="753.79718,774.03333,0" EntityGUID="{0E9FE4F8-3CB1-4788-B0F6-A13FA70CED12}" EntityGUID_64="47883CB10E9FE4F8">
   <Inputs entityId="0" Brightness="0" DiffuseColor1="0,0,0" DiffuseColor2="0,0,0" LightStyle1="0" LightStyle2="0" Off="0" On="0" ResetBrightness="0"/>
  </Node>
  <Node Id="181" Class="entity:ArkLight" pos="-949.46704,1864.4603,0" EntityGUID="{371F54C7-7A19-48F1-9CD8-01E5A5886BEB}" EntityGUID_64="48F17A19371F54C7">
   <Inputs entityId="0" Brightness="0" DiffuseColor1="0,0,0" DiffuseColor2="0,0,0" LightStyle1="0" LightStyle2="0" Off="0" On="0" ResetBrightness="0"/>
  </Node>
  <Node Id="183" Class="entity:ArkLight" pos="-1434.5195,1274.4309,0" EntityGUID="{982CF40B-6214-4FCB-A222-59C178DA9E7B}" EntityGUID_64="4FCB6214982CF40B">
   <Inputs entityId="0" Brightness="0" DiffuseColor1="0,0,0" DiffuseColor2="0,0,0" LightStyle1="0" LightStyle2="0" Off="0" On="0" ResetBrightness="0"/>
  </Node>
  <Node Id="185" Class="entity:ArkLight" pos="-1475.3264,1528.6892,0" EntityGUID="{1700BE65-A5C0-4ADE-ABFD-A0C64931B353}" EntityGUID_64="4ADEA5C01700BE65">
   <Inputs entityId="0" Brightness="0" DiffuseColor1="0,0,0" DiffuseColor2="0,0,0" LightStyle1="0" LightStyle2="0" Off="0" On="0" ResetBrightness="0"/>
  </Node>
  <Node Id="187" Class="entity:ArkLight" pos="-1720.1677,1503.5773,0" EntityGUID="{017A88E7-4CAE-406A-A078-2B74C8687F4B}" EntityGUID_64="406A4CAE017A88E7">
   <Inputs entityId="0" Brightness="0" DiffuseColor1="0,0,0" DiffuseColor2="0,0,0" LightStyle1="0" LightStyle2="0" Off="0" On="0" ResetBrightness="0"/>
  </Node>
  <Node Id="189" Class="entity:ArkLight" pos="-1666.8049,1299.5428,0" EntityGUID="{D34B2249-6CD2-44DD-B72E-D425068F44FA}" EntityGUID_64="44DD6CD2D34B2249">
   <Inputs entityId="0" Brightness="0" DiffuseColor1="0,0,0" DiffuseColor2="0,0,0" LightStyle1="0" LightStyle2="0" Off="0" On="0" ResetBrightness="0"/>
  </Node>
  <Node Id="191" Class="entity:ArkLight" pos="4.6552114,1172.0787,0" EntityGUID="{0696A4FF-1DE6-48AB-A79A-CDE8567AB860}" EntityGUID_64="48AB1DE60696A4FF">
   <Inputs entityId="0" Brightness="0" DiffuseColor1="0,0,0" DiffuseColor2="0,0,0" LightStyle1="0" LightStyle2="0" Off="0" On="0" ResetBrightness="0"/>
  </Node>
 </Nodes>
 <Edges />
 <GraphTokens />
</Graph>
