<Graph isModule="1" moduleName="ArkLights_Kitchen" isObjectList="1" objectListClass="ArkLight" Description="" Group="" enabled="1" MultiPlayer="ClientServer">
 <Nodes>
  <Node Id="22" Class="entity:ArkLight" pos="-720,50,0" EntityGUID="{489DCC82-81DD-4723-844F-A9F7D23E2183}" EntityGUID_64="472381DD489DCC82">
   <Inputs entityId="0" Brightness="0" DiffuseColor1="0,0,0" DiffuseColor2="0,0,0" LightStyle1="0" LightStyle2="0" Off="0" On="0" ResetBrightness="0"/>
  </Node>
  <Node Id="24" Class="entity:ArkLight" pos="-730,-160,0" EntityGUID="{0D207BA1-A2B2-4666-90F2-F8D302DA5F1D}" EntityGUID_64="4666A2B20D207BA1">
   <Inputs entityId="0" Brightness="0" DiffuseColor1="0,0,0" DiffuseColor2="0,0,0" LightStyle1="0" LightStyle2="0" Off="0" On="0" ResetBrightness="0"/>
  </Node>
  <Node Id="26" Class="entity:ArkLight" pos="-59.598827,352.27164,0" EntityGUID="{07271FDB-6246-4290-8B9A-1B14DDF3F087}" EntityGUID_64="4290624607271FDB">
   <Inputs entityId="0" Brightness="0" DiffuseColor1="0,0,0" DiffuseColor2="0,0,0" LightStyle1="0" LightStyle2="0" Off="0" On="0" ResetBrightness="0"/>
  </Node>
  <Node Id="28" Class="entity:ArkLight" pos="-59.598827,377.27164,0" EntityGUID="{F54930D8-5748-4C2F-A910-2456D96FB123}" EntityGUID_64="4C2F5748F54930D8">
   <Inputs entityId="0" Brightness="0" DiffuseColor1="0,0,0" DiffuseColor2="0,0,0" LightStyle1="0" LightStyle2="0" Off="0" On="0" ResetBrightness="0"/>
  </Node>
  <Node Id="30" Class="entity:ArkLight" pos="-59.598827,402.27164,0" EntityGUID="{D4E3E113-3ED0-4784-84D7-812044578672}" EntityGUID_64="47843ED0D4E3E113">
   <Inputs entityId="0" Brightness="0" DiffuseColor1="0,0,0" DiffuseColor2="0,0,0" LightStyle1="0" LightStyle2="0" Off="0" On="0" ResetBrightness="0"/>
  </Node>
 </Nodes>
 <Edges />
 <GraphTokens />
</Graph>
