<Graph isModule="1" moduleName="ArkLights_VolunteerEmergency" isObjectList="1" objectListClass="ArkLight" Description="" Group="" enabled="1" MultiPlayer="ClientServer">
 <Nodes>
  <Node Id="4" Class="entity:ArkLight" pos="-389,62,0" EntityGUID="{FCC1AFBA-7688-4571-8F7E-718AB144A9F4}" EntityGUID_64="45717688FCC1AFBA">
   <Inputs entityId="0" Brightness="0" DiffuseColor1="0,0,0" DiffuseColor2="0,0,0" LightStyle1="0" LightStyle2="0" Off="0" On="0" ResetBrightness="0"/>
  </Node>
  <Node Id="6" Class="entity:ArkLight" pos="-389,87,0" EntityGUID="{637EA954-A557-4945-8BE4-7212E277F9FB}" EntityGUID_64="4945A557637EA954">
   <Inputs entityId="0" Brightness="0" DiffuseColor1="0,0,0" DiffuseColor2="0,0,0" LightStyle1="0" LightStyle2="0" Off="0" On="0" ResetBrightness="0"/>
  </Node>
  <Node Id="8" Class="entity:ArkLight" pos="-389,112,0" EntityGUID="{921F3F85-36AF-4BAB-B64C-42B6001FF94F}" EntityGUID_64="4BAB36AF921F3F85">
   <Inputs entityId="0" Brightness="0" DiffuseColor1="0,0,0" DiffuseColor2="0,0,0" LightStyle1="0" LightStyle2="0" Off="0" On="0" ResetBrightness="0"/>
  </Node>
  <Node Id="10" Class="entity:ArkLight" pos="-389,137,0" EntityGUID="{6DD90192-B1E9-4C8A-B9A2-35D420FDC532}" EntityGUID_64="4C8AB1E96DD90192">
   <Inputs entityId="0" Brightness="0" DiffuseColor1="0,0,0" DiffuseColor2="0,0,0" LightStyle1="0" LightStyle2="0" Off="0" On="0" ResetBrightness="0"/>
  </Node>
  <Node Id="12" Class="entity:ArkLight" pos="-389,162,0" EntityGUID="{D0349190-0F0E-4AF6-A8C5-486C778F62D9}" EntityGUID_64="4AF60F0ED0349190">
   <Inputs entityId="0" Brightness="0" DiffuseColor1="0,0,0" DiffuseColor2="0,0,0" LightStyle1="0" LightStyle2="0" Off="0" On="0" ResetBrightness="0"/>
  </Node>
  <Node Id="14" Class="entity:ArkLight" pos="-389,187,0" EntityGUID="{385D0D55-2ABA-4441-B2E1-996A4A6F5130}" EntityGUID_64="44412ABA385D0D55">
   <Inputs entityId="0" Brightness="0" DiffuseColor1="0,0,0" DiffuseColor2="0,0,0" LightStyle1="0" LightStyle2="0" Off="0" On="0" ResetBrightness="0"/>
  </Node>
  <Node Id="18" Class="entity:ArkLight" pos="-146.65144,395.68219,0" EntityGUID="{995CA2E5-0907-45E7-8743-CEDDBA3137AA}" EntityGUID_64="45E70907995CA2E5">
   <Inputs entityId="0" Brightness="0" DiffuseColor1="0,0,0" DiffuseColor2="0,0,0" LightStyle1="0" LightStyle2="0" Off="0" On="0" ResetBrightness="0"/>
  </Node>
  <Node Id="20" Class="entity:ArkLight" pos="-491,437,0" EntityGUID="{539C6767-9AD1-4345-85CA-DA5535FACF3A}" EntityGUID_64="43459AD1539C6767">
   <Inputs entityId="0" Brightness="0" DiffuseColor1="0,0,0" DiffuseColor2="0,0,0" LightStyle1="0" LightStyle2="0" Off="0" On="0" ResetBrightness="0"/>
  </Node>
  <Node Id="22" Class="entity:ArkLight" pos="-510,630,0" EntityGUID="{5DF67738-FB9C-4B52-836A-204C0CFFA7CC}" EntityGUID_64="4B52FB9C5DF67738">
   <Inputs entityId="0" Brightness="0" DiffuseColor1="0,0,0" DiffuseColor2="0,0,0" LightStyle1="0" LightStyle2="0" Off="0" On="0" ResetBrightness="0"/>
  </Node>
 </Nodes>
 <Edges />
 <GraphTokens />
</Graph>
