<Graph isModule="1" moduleName="ArkSceneWindows_Group2" isObjectList="1" objectListClass="ArkSceneWindow" Description="" Group="" enabled="1" MultiPlayer="ClientServer">
 <Nodes>
  <Node Id="2" Class="entity:ArkSceneWindow" pos="-274,-71,0" EntityGUID="{5DEEC179-D280-451E-83E3-30B92A6280FD}" EntityGUID_64="451ED2805DEEC179">
   <Inputs entityId="0" Disable="0" Enable="0" Hide="0" UnHide="0"/>
  </Node>
  <Node Id="4" Class="entity:ArkSceneWindow" pos="-274,-46,0" EntityGUID="{97FF52CE-2B31-4DE9-A469-DDEB09B1EEE3}" EntityGUID_64="4DE92B3197FF52CE">
   <Inputs entityId="0" Disable="0" Enable="0" Hide="0" UnHide="0"/>
  </Node>
  <Node Id="6" Class="entity:ArkSceneWindow" pos="-274,-21,0" EntityGUID="{C99F0260-CDBB-4EA1-81ED-50F34A83AD52}" EntityGUID_64="4EA1CDBBC99F0260">
   <Inputs entityId="0" Disable="0" Enable="0" Hide="0" UnHide="0"/>
  </Node>
  <Node Id="8" Class="entity:ArkSceneWindow" pos="-274,4,0" EntityGUID="{73D20B75-15F1-4A15-827D-8A614BD3C662}" EntityGUID_64="4A1515F173D20B75">
   <Inputs entityId="0" Disable="0" Enable="0" Hide="0" UnHide="0"/>
  </Node>
  <Node Id="10" Class="entity:ArkSceneWindow" pos="-274,29,0" EntityGUID="{B568504E-0E2B-48AC-B351-313230EF3AB5}" EntityGUID_64="48AC0E2BB568504E">
   <Inputs entityId="0" Disable="0" Enable="0" Hide="0" UnHide="0"/>
  </Node>
 </Nodes>
 <Edges />
 <GraphTokens />
</Graph>
