<Graph isModule="1" moduleName="ArkSceneWindows_Holodeck" isObjectList="1" objectListClass="ArkSceneWindow" Description="" Group="" enabled="1" MultiPlayer="ClientServer">
 <Nodes>
  <Node Id="4" Class="entity:ArkSceneWindow" pos="-281,-165,0" EntityGUID="{40AF9897-C13A-47E4-B029-A2B0720E264A}" EntityGUID_64="47E4C13A40AF9897">
   <Inputs entityId="0" Disable="0" Enable="0" Hide="0" UnHide="0"/>
  </Node>
  <Node Id="8" Class="entity:ArkSceneWindow" pos="-281,-115,0" EntityGUID="{BEF68214-9641-4351-B312-9C6A2ABEF209}" EntityGUID_64="43519641BEF68214">
   <Inputs entityId="0" Disable="0" Enable="0" Hide="0" UnHide="0"/>
  </Node>
  <Node Id="10" Class="entity:ArkSceneWindow" pos="-281,-90,0" EntityGUID="{17C97926-9E7F-49D4-A1B6-CD51C71F2CD2}" EntityGUID_64="49D49E7F17C97926">
   <Inputs entityId="0" Disable="0" Enable="0" Hide="0" UnHide="0"/>
  </Node>
  <Node Id="12" Class="entity:ArkSceneWindow" pos="-281,-65,0" EntityGUID="{984A2F10-7800-4F7D-8218-6991266130EE}" EntityGUID_64="4F7D7800984A2F10">
   <Inputs entityId="0" Disable="0" Enable="0" Hide="0" UnHide="0"/>
  </Node>
  <Node Id="14" Class="entity:ArkSceneWindow" pos="-281,-40,0" EntityGUID="{1EE2A6B3-E931-47A5-97F6-46713CEC9CC2}" EntityGUID_64="47A5E9311EE2A6B3">
   <Inputs entityId="0" Disable="0" Enable="0" Hide="0" UnHide="0"/>
  </Node>
  <Node Id="16" Class="entity:ArkSceneWindow" pos="-281,-15,0" EntityGUID="{FB3325C7-571C-4AFA-B31A-18814C285394}" EntityGUID_64="4AFA571CFB3325C7">
   <Inputs entityId="0" Disable="0" Enable="0" Hide="0" UnHide="0"/>
  </Node>
  <Node Id="18" Class="entity:ArkSceneWindow" pos="-281,10,0" EntityGUID="{B14C2D02-2E99-4DD8-A77E-AF867E8006FA}" EntityGUID_64="4DD82E99B14C2D02">
   <Inputs entityId="0" Disable="0" Enable="0" Hide="0" UnHide="0"/>
  </Node>
  <Node Id="20" Class="entity:ArkSceneWindow" pos="-281,35,0" EntityGUID="{35632867-9A60-4177-955E-34124EF191E7}" EntityGUID_64="41779A6035632867">
   <Inputs entityId="0" Disable="0" Enable="0" Hide="0" UnHide="0"/>
  </Node>
  <Node Id="22" Class="entity:ArkSceneWindow" pos="-281,60,0" EntityGUID="{8B36A043-F988-424C-99F3-20DC9A38DEE9}" EntityGUID_64="424CF9888B36A043">
   <Inputs entityId="0" Disable="0" Enable="0" Hide="0" UnHide="0"/>
  </Node>
  <Node Id="24" Class="entity:ArkSceneWindow" pos="-281,85,0" EntityGUID="{A4A95C9F-13C2-473B-9480-79E8F8B4F4A5}" EntityGUID_64="473B13C2A4A95C9F">
   <Inputs entityId="0" Disable="0" Enable="0" Hide="0" UnHide="0"/>
  </Node>
  <Node Id="26" Class="entity:ArkSceneWindow" pos="-281,110,0" EntityGUID="{71DAFCFF-E6A7-4A12-8A55-F292D35C9A43}" EntityGUID_64="4A12E6A771DAFCFF">
   <Inputs entityId="0" Disable="0" Enable="0" Hide="0" UnHide="0"/>
  </Node>
  <Node Id="32" Class="entity:ArkSceneWindow" pos="-281,185,0" EntityGUID="{72E3064B-6C9A-4244-86A3-DF7942B20AEB}" EntityGUID_64="42446C9A72E3064B">
   <Inputs entityId="0" Disable="0" Enable="0" Hide="0" UnHide="0"/>
  </Node>
  <Node Id="34" Class="entity:ArkSceneWindow" pos="-281,210,0" EntityGUID="{6E55D026-4FF2-4980-B190-ABC9E8E4379D}" EntityGUID_64="49804FF26E55D026">
   <Inputs entityId="0" Disable="0" Enable="0" Hide="0" UnHide="0"/>
  </Node>
  <Node Id="36" Class="entity:ArkSceneWindow" pos="-281,235,0" EntityGUID="{9840E5D9-2BD8-436C-93C9-299A4D301881}" EntityGUID_64="436C2BD89840E5D9">
   <Inputs entityId="0" Disable="0" Enable="0" Hide="0" UnHide="0"/>
  </Node>
  <Node Id="38" Class="entity:ArkSceneWindow" pos="-281,260,0" EntityGUID="{8BD8707D-E6BF-43A7-B0ED-5871D28EE890}" EntityGUID_64="43A7E6BF8BD8707D">
   <Inputs entityId="0" Disable="0" Enable="0" Hide="0" UnHide="0"/>
  </Node>
  <Node Id="40" Class="entity:ArkSceneWindow" pos="-281,285,0" EntityGUID="{47BAEF2E-13B3-4E74-B685-606B3D0FBD24}" EntityGUID_64="4E7413B347BAEF2E">
   <Inputs entityId="0" Disable="0" Enable="0" Hide="0" UnHide="0"/>
  </Node>
  <Node Id="42" Class="entity:ArkSceneWindow" pos="102.10732,-178.22369,0" EntityGUID="{4C1B9239-6ADF-4FEF-9015-985F499863D2}" EntityGUID_64="4FEF6ADF4C1B9239">
   <Inputs entityId="0" Disable="0" Enable="0" Hide="0" UnHide="0"/>
  </Node>
  <Node Id="44" Class="entity:ArkSceneWindow" pos="102.10732,-153.22369,0" EntityGUID="{568677DA-F5E1-4E58-AA87-86172DBDAF78}" EntityGUID_64="4E58F5E1568677DA">
   <Inputs entityId="0" Disable="0" Enable="0" Hide="0" UnHide="0"/>
  </Node>
  <Node Id="46" Class="entity:ArkSceneWindow" pos="102.10732,-128.22369,0" EntityGUID="{1706C7B9-9C44-4B0D-927C-C7F56BD2EB99}" EntityGUID_64="4B0D9C441706C7B9">
   <Inputs entityId="0" Disable="0" Enable="0" Hide="0" UnHide="0"/>
  </Node>
  <Node Id="48" Class="entity:ArkSceneWindow" pos="102.10732,-103.22369,0" EntityGUID="{A17FB55C-62BD-4533-B5C7-8A9E4CB395C9}" EntityGUID_64="453362BDA17FB55C">
   <Inputs entityId="0" Disable="0" Enable="0" Hide="0" UnHide="0"/>
  </Node>
  <Node Id="50" Class="entity:ArkSceneWindow" pos="102.10732,-78.223694,0" EntityGUID="{9D8C31A2-63B0-402D-80C2-C1C40E144EBC}" EntityGUID_64="402D63B09D8C31A2">
   <Inputs entityId="0" Disable="0" Enable="0" Hide="0" UnHide="0"/>
  </Node>
  <Node Id="52" Class="entity:ArkSceneWindow" pos="102.10732,-53.223694,0" EntityGUID="{261C2274-E7EB-48CB-B521-9EBCF7EAAC40}" EntityGUID_64="48CBE7EB261C2274">
   <Inputs entityId="0" Disable="0" Enable="0" Hide="0" UnHide="0"/>
  </Node>
  <Node Id="54" Class="entity:ArkSceneWindow" pos="102.10732,-28.223694,0" EntityGUID="{605FCD22-FC56-413E-AC0C-1DE833A7F4FC}" EntityGUID_64="413EFC56605FCD22">
   <Inputs entityId="0" Disable="0" Enable="0" Hide="0" UnHide="0"/>
  </Node>
  <Node Id="56" Class="entity:ArkSceneWindow" pos="102.10732,-3.2236938,0" EntityGUID="{74EF8B6E-4A4D-48FC-84DF-4B517B9D4FA9}" EntityGUID_64="48FC4A4D74EF8B6E">
   <Inputs entityId="0" Disable="0" Enable="0" Hide="0" UnHide="0"/>
  </Node>
  <Node Id="58" Class="entity:ArkSceneWindow" pos="102.10732,21.776306,0" EntityGUID="{C08458DD-3214-495F-8180-E8E7A8BF48E7}" EntityGUID_64="495F3214C08458DD">
   <Inputs entityId="0" Disable="0" Enable="0" Hide="0" UnHide="0"/>
  </Node>
  <Node Id="60" Class="entity:ArkSceneWindow" pos="102.10732,46.776306,0" EntityGUID="{0EC85A96-6EF6-4E1D-8FE8-4D5A9390D685}" EntityGUID_64="4E1D6EF60EC85A96">
   <Inputs entityId="0" Disable="0" Enable="0" Hide="0" UnHide="0"/>
  </Node>
  <Node Id="62" Class="entity:ArkSceneWindow" pos="102.10732,71.776306,0" EntityGUID="{3A36EE14-8524-48F0-8EDF-8D213BE4F382}" EntityGUID_64="48F085243A36EE14">
   <Inputs entityId="0" Disable="0" Enable="0" Hide="0" UnHide="0"/>
  </Node>
  <Node Id="64" Class="entity:ArkSceneWindow" pos="102.10732,96.776306,0" EntityGUID="{134C68F7-97E4-4FCF-BC19-2778B26F1EEF}" EntityGUID_64="4FCF97E4134C68F7">
   <Inputs entityId="0" Disable="0" Enable="0" Hide="0" UnHide="0"/>
  </Node>
  <Node Id="66" Class="entity:ArkSceneWindow" pos="102.10732,121.77631,0" EntityGUID="{F4D9DA17-2F9B-4546-8E92-6AF466AFF42C}" EntityGUID_64="45462F9BF4D9DA17">
   <Inputs entityId="0" Disable="0" Enable="0" Hide="0" UnHide="0"/>
  </Node>
  <Node Id="76" Class="entity:ArkSceneWindow" pos="110,320,0" EntityGUID="{5B322874-CE99-47A6-B2C6-C2C178950DDC}" EntityGUID_64="47A6CE995B322874">
   <Inputs entityId="0" Disable="0" Enable="0" Hide="0" UnHide="0"/>
  </Node>
  <Node Id="78" Class="entity:ArkSceneWindow" pos="102.10732,271.77631,0" EntityGUID="{6938794C-6A73-4938-96D6-3F44AF4CA4E6}" EntityGUID_64="49386A736938794C">
   <Inputs entityId="0" Disable="0" Enable="0" Hide="0" UnHide="0"/>
  </Node>
  <Node Id="80" Class="entity:ArkSceneWindow" pos="102.10732,296.77631,0" EntityGUID="{77E03E31-CE34-46A0-BBF8-29FDD2E1279F}" EntityGUID_64="46A0CE3477E03E31">
   <Inputs entityId="0" Disable="0" Enable="0" Hide="0" UnHide="0"/>
  </Node>
  <Node Id="82" Class="entity:ArkSceneWindow" pos="480.83267,-189.36267,0" EntityGUID="{34A74A3E-97D5-421C-AEC7-AA0384E0D19D}" EntityGUID_64="421C97D534A74A3E">
   <Inputs entityId="0" Disable="0" Enable="0" Hide="0" UnHide="0"/>
  </Node>
  <Node Id="84" Class="entity:ArkSceneWindow" pos="480.83267,-164.36267,0" EntityGUID="{734CB2FE-3F90-414F-B190-67DCE2CCDADC}" EntityGUID_64="414F3F90734CB2FE">
   <Inputs entityId="0" Disable="0" Enable="0" Hide="0" UnHide="0"/>
  </Node>
  <Node Id="86" Class="entity:ArkSceneWindow" pos="480.83267,-139.36267,0" EntityGUID="{F8FAB4B1-96D8-452D-9784-AC5B38F1A1B1}" EntityGUID_64="452D96D8F8FAB4B1">
   <Inputs entityId="0" Disable="0" Enable="0" Hide="0" UnHide="0"/>
  </Node>
  <Node Id="88" Class="entity:ArkSceneWindow" pos="480.83267,-114.36267,0" EntityGUID="{3AC230B4-A6CB-4A5B-AA22-E5AA1B97C4C5}" EntityGUID_64="4A5BA6CB3AC230B4">
   <Inputs entityId="0" Disable="0" Enable="0" Hide="0" UnHide="0"/>
  </Node>
  <Node Id="90" Class="entity:ArkSceneWindow" pos="480.83267,-89.362671,0" EntityGUID="{40A94BFF-AFBA-4926-98F5-6BBD9152CF32}" EntityGUID_64="4926AFBA40A94BFF">
   <Inputs entityId="0" Disable="0" Enable="0" Hide="0" UnHide="0"/>
  </Node>
  <Node Id="92" Class="entity:ArkSceneWindow" pos="480.83267,-64.362671,0" EntityGUID="{C083FBCB-57AC-42A2-8D0E-9445F8FBAEF7}" EntityGUID_64="42A257ACC083FBCB">
   <Inputs entityId="0" Disable="0" Enable="0" Hide="0" UnHide="0"/>
  </Node>
  <Node Id="94" Class="entity:ArkSceneWindow" pos="480.83267,-39.362671,0" EntityGUID="{ED293BA5-B714-4EE3-81A7-21999CBCF56C}" EntityGUID_64="4EE3B714ED293BA5">
   <Inputs entityId="0" Disable="0" Enable="0" Hide="0" UnHide="0"/>
  </Node>
  <Node Id="96" Class="entity:ArkSceneWindow" pos="480.83267,-14.362671,0" EntityGUID="{B568504E-0E2B-48AC-B351-313230EF3AB5}" EntityGUID_64="48AC0E2BB568504E">
   <Inputs entityId="0" Disable="0" Enable="0" Hide="0" UnHide="0"/>
  </Node>
  <Node Id="102" Class="entity:ArkSceneWindow" pos="480,300,0" EntityGUID="{81872E10-6FD3-447D-97B4-3D21C60BE31A}" EntityGUID_64="447D6FD381872E10">
   <Inputs entityId="0" Disable="0" Enable="0" Hide="0" UnHide="0"/>
  </Node>
  <Node Id="104" Class="entity:ArkSceneWindow" pos="480.83267,85.637329,0" EntityGUID="{AB46A054-1583-4371-99DB-B21E7D1AD325}" EntityGUID_64="43711583AB46A054">
   <Inputs entityId="0" Disable="0" Enable="0" Hide="0" UnHide="0"/>
  </Node>
  <Node Id="106" Class="entity:ArkSceneWindow" pos="480.83267,110.63733,0" EntityGUID="{2FBC76F7-2D23-4B07-8465-CCED3BFC290A}" EntityGUID_64="4B072D232FBC76F7">
   <Inputs entityId="0" Disable="0" Enable="0" Hide="0" UnHide="0"/>
  </Node>
  <Node Id="108" Class="entity:ArkSceneWindow" pos="480.83267,135.63733,0" EntityGUID="{0FE97BF5-1937-41B7-9A6C-D8818F445E8D}" EntityGUID_64="41B719370FE97BF5">
   <Inputs entityId="0" Disable="0" Enable="0" Hide="0" UnHide="0"/>
  </Node>
  <Node Id="110" Class="entity:ArkSceneWindow" pos="480.83267,160.63733,0" EntityGUID="{79EDC298-5118-4151-B70B-E22357089D05}" EntityGUID_64="4151511879EDC298">
   <Inputs entityId="0" Disable="0" Enable="0" Hide="0" UnHide="0"/>
  </Node>
  <Node Id="112" Class="entity:ArkSceneWindow" pos="480.83267,185.63733,0" EntityGUID="{A18E1093-BC42-4776-83A1-895660085131}" EntityGUID_64="4776BC42A18E1093">
   <Inputs entityId="0" Disable="0" Enable="0" Hide="0" UnHide="0"/>
  </Node>
  <Node Id="114" Class="entity:ArkSceneWindow" pos="480.83267,210.63733,0" EntityGUID="{F394F741-E9BF-4AE8-83EE-239C51DF8987}" EntityGUID_64="4AE8E9BFF394F741">
   <Inputs entityId="0" Disable="0" Enable="0" Hide="0" UnHide="0"/>
  </Node>
  <Node Id="116" Class="entity:ArkSceneWindow" pos="480.83267,235.63733,0" EntityGUID="{29E70F65-A9DC-46A4-9A87-A0CEB9A7AAB7}" EntityGUID_64="46A4A9DC29E70F65">
   <Inputs entityId="0" Disable="0" Enable="0" Hide="0" UnHide="0"/>
  </Node>
  <Node Id="118" Class="entity:ArkSceneWindow" pos="480.83267,260.63733,0" EntityGUID="{65DE0152-BA26-44D8-B044-5663ECEF181E}" EntityGUID_64="44D8BA2665DE0152">
   <Inputs entityId="0" Disable="0" Enable="0" Hide="0" UnHide="0"/>
  </Node>
  <Node Id="124" Class="entity:ArkSceneWindow" pos="956.09589,-208.91859,0" EntityGUID="{0BAAA2FC-92EC-48AC-9E00-F0E2A5210EE2}" EntityGUID_64="48AC92EC0BAAA2FC">
   <Inputs entityId="0" Disable="0" Enable="0" Hide="0" UnHide="0"/>
  </Node>
  <Node Id="126" Class="entity:ArkSceneWindow" pos="956.09589,-183.91859,0" EntityGUID="{7BBFB6CA-7E6A-49D0-99B3-3BCE2F43F03A}" EntityGUID_64="49D07E6A7BBFB6CA">
   <Inputs entityId="0" Disable="0" Enable="0" Hide="0" UnHide="0"/>
  </Node>
  <Node Id="128" Class="entity:ArkSceneWindow" pos="956.09589,-158.91859,0" EntityGUID="{5F2B4CA0-4E83-4602-B0B3-CBE62D18F82C}" EntityGUID_64="46024E835F2B4CA0">
   <Inputs entityId="0" Disable="0" Enable="0" Hide="0" UnHide="0"/>
  </Node>
  <Node Id="130" Class="entity:ArkSceneWindow" pos="956.09589,-133.91859,0" EntityGUID="{B01AEC54-DC5A-4238-9CDB-342B1B6182D4}" EntityGUID_64="4238DC5AB01AEC54">
   <Inputs entityId="0" Disable="0" Enable="0" Hide="0" UnHide="0"/>
  </Node>
  <Node Id="132" Class="entity:ArkSceneWindow" pos="956.09589,-108.91859,0" EntityGUID="{A1FFCA6A-058C-406D-941B-FBCA934C1B34}" EntityGUID_64="406D058CA1FFCA6A">
   <Inputs entityId="0" Disable="0" Enable="0" Hide="0" UnHide="0"/>
  </Node>
  <Node Id="134" Class="entity:ArkSceneWindow" pos="956.09589,-83.918594,0" EntityGUID="{A862B999-82FC-4B30-B4E1-F2D44955F489}" EntityGUID_64="4B3082FCA862B999">
   <Inputs entityId="0" Disable="0" Enable="0" Hide="0" UnHide="0"/>
  </Node>
  <Node Id="136" Class="entity:ArkSceneWindow" pos="956.09589,-58.918594,0" EntityGUID="{5E41F295-7DA8-400E-AC5B-53E0E248F7B7}" EntityGUID_64="400E7DA85E41F295">
   <Inputs entityId="0" Disable="0" Enable="0" Hide="0" UnHide="0"/>
  </Node>
  <Node Id="138" Class="entity:ArkSceneWindow" pos="956.09589,-33.918594,0" EntityGUID="{393AFA90-8BE5-47A2-AA59-DE865F9DEF82}" EntityGUID_64="47A28BE5393AFA90">
   <Inputs entityId="0" Disable="0" Enable="0" Hide="0" UnHide="0"/>
  </Node>
  <Node Id="142" Class="entity:ArkSceneWindow" pos="956.09589,16.081406,0" EntityGUID="{6D8BE199-93A1-4349-BA42-17E3A58AB78F}" EntityGUID_64="434993A16D8BE199">
   <Inputs entityId="0" Disable="0" Enable="0" Hide="0" UnHide="0"/>
  </Node>
  <Node Id="146" Class="entity:ArkSceneWindow" pos="956.09589,66.081406,0" EntityGUID="{13046A34-3573-4F60-AAC1-C0A1816553C5}" EntityGUID_64="4F60357313046A34">
   <Inputs entityId="0" Disable="0" Enable="0" Hide="0" UnHide="0"/>
  </Node>
  <Node Id="148" Class="entity:ArkSceneWindow" pos="956.09589,91.081406,0" EntityGUID="{5921B570-A613-4C76-81AB-3EDD538ED7A9}" EntityGUID_64="4C76A6135921B570">
   <Inputs entityId="0" Disable="0" Enable="0" Hide="0" UnHide="0"/>
  </Node>
  <Node Id="150" Class="entity:ArkSceneWindow" pos="956.09589,116.08141,0" EntityGUID="{8A9716D9-32F6-4138-8885-5AAE8C4930E9}" EntityGUID_64="413832F68A9716D9">
   <Inputs entityId="0" Disable="0" Enable="0" Hide="0" UnHide="0"/>
  </Node>
  <Node Id="152" Class="entity:ArkSceneWindow" pos="956.09589,141.08141,0" EntityGUID="{10B4A190-3D9B-45E6-AED2-FEBCC10ADAD8}" EntityGUID_64="45E63D9B10B4A190">
   <Inputs entityId="0" Disable="0" Enable="0" Hide="0" UnHide="0"/>
  </Node>
  <Node Id="154" Class="entity:ArkSceneWindow" pos="956.09589,166.08141,0" EntityGUID="{D0AB1865-C2F1-48DC-8712-9943433A3198}" EntityGUID_64="48DCC2F1D0AB1865">
   <Inputs entityId="0" Disable="0" Enable="0" Hide="0" UnHide="0"/>
  </Node>
  <Node Id="156" Class="entity:ArkSceneWindow" pos="956.09589,191.08141,0" EntityGUID="{8960E796-ACC9-441E-A831-245E0F27C0A7}" EntityGUID_64="441EACC98960E796">
   <Inputs entityId="0" Disable="0" Enable="0" Hide="0" UnHide="0"/>
  </Node>
  <Node Id="158" Class="entity:ArkSceneWindow" pos="956.09589,216.08141,0" EntityGUID="{205CE915-003C-46A4-8AB8-32EBE63D14D3}" EntityGUID_64="46A4003C205CE915">
   <Inputs entityId="0" Disable="0" Enable="0" Hide="0" UnHide="0"/>
  </Node>
  <Node Id="160" Class="entity:ArkSceneWindow" pos="956.09589,241.08141,0" EntityGUID="{A8FB6329-C381-4F9F-A730-2470B7F86780}" EntityGUID_64="4F9FC381A8FB6329">
   <Inputs entityId="0" Disable="0" Enable="0" Hide="0" UnHide="0"/>
  </Node>
  <Node Id="162" Class="entity:ArkSceneWindow" pos="1418.3635,-209.78413,0" EntityGUID="{CF8A0E33-24CB-44FD-B158-7625DD77E817}" EntityGUID_64="44FD24CBCF8A0E33">
   <Inputs entityId="0" Disable="0" Enable="0" Hide="0" UnHide="0"/>
  </Node>
  <Node Id="164" Class="entity:ArkSceneWindow" pos="1418.3635,-184.78413,0" EntityGUID="{16AE53D8-8B10-4176-A508-009E513DE21D}" EntityGUID_64="41768B1016AE53D8">
   <Inputs entityId="0" Disable="0" Enable="0" Hide="0" UnHide="0"/>
  </Node>
  <Node Id="166" Class="entity:ArkSceneWindow" pos="1418.3635,-159.78413,0" EntityGUID="{522860FA-471E-497C-AAA5-19C8764A3595}" EntityGUID_64="497C471E522860FA">
   <Inputs entityId="0" Disable="0" Enable="0" Hide="0" UnHide="0"/>
  </Node>
  <Node Id="168" Class="entity:ArkSceneWindow" pos="1418.3635,-134.78413,0" EntityGUID="{BCB82FE4-FC72-459A-AD65-AA8D8F27C838}" EntityGUID_64="459AFC72BCB82FE4">
   <Inputs entityId="0" Disable="0" Enable="0" Hide="0" UnHide="0"/>
  </Node>
  <Node Id="170" Class="entity:ArkSceneWindow" pos="1418.3635,-109.78413,0" EntityGUID="{BAE912FB-EF13-4E14-A891-6B97C2FDB49E}" EntityGUID_64="4E14EF13BAE912FB">
   <Inputs entityId="0" Disable="0" Enable="0" Hide="0" UnHide="0"/>
  </Node>
  <Node Id="172" Class="entity:ArkSceneWindow" pos="1418.3635,-84.784134,0" EntityGUID="{E7CB6EFE-AD6B-4554-827E-0A69C64347D2}" EntityGUID_64="4554AD6BE7CB6EFE">
   <Inputs entityId="0" Disable="0" Enable="0" Hide="0" UnHide="0"/>
  </Node>
  <Node Id="174" Class="entity:ArkSceneWindow" pos="1418.3635,-59.784134,0" EntityGUID="{8371F2AD-8997-451E-A283-CB9856DF9A05}" EntityGUID_64="451E89978371F2AD">
   <Inputs entityId="0" Disable="0" Enable="0" Hide="0" UnHide="0"/>
  </Node>
  <Node Id="176" Class="entity:ArkSceneWindow" pos="1418.3635,-34.784134,0" EntityGUID="{B6359C91-C70A-4DFF-957F-328ACDF29F74}" EntityGUID_64="4DFFC70AB6359C91">
   <Inputs entityId="0" Disable="0" Enable="0" Hide="0" UnHide="0"/>
  </Node>
  <Node Id="178" Class="entity:ArkSceneWindow" pos="1418.3635,-9.7841339,0" EntityGUID="{05C17DF1-FACD-44B7-9382-E802E3E62E26}" EntityGUID_64="44B7FACD05C17DF1">
   <Inputs entityId="0" Disable="0" Enable="0" Hide="0" UnHide="0"/>
  </Node>
  <Node Id="180" Class="entity:ArkSceneWindow" pos="1418.3635,15.215866,0" EntityGUID="{69C04EFF-F825-4531-9E79-01E6BFB9E266}" EntityGUID_64="4531F82569C04EFF">
   <Inputs entityId="0" Disable="0" Enable="0" Hide="0" UnHide="0"/>
  </Node>
  <Node Id="182" Class="entity:ArkSceneWindow" pos="1418.3635,40.215866,0" EntityGUID="{E8436925-7CEC-4D51-9313-1FA5C66D0E55}" EntityGUID_64="4D517CECE8436925">
   <Inputs entityId="0" Disable="0" Enable="0" Hide="0" UnHide="0"/>
  </Node>
  <Node Id="184" Class="entity:ArkSceneWindow" pos="1418.3635,65.215866,0" EntityGUID="{73D20B75-15F1-4A15-827D-8A614BD3C662}" EntityGUID_64="4A1515F173D20B75">
   <Inputs entityId="0" Disable="0" Enable="0" Hide="0" UnHide="0"/>
  </Node>
  <Node Id="186" Class="entity:ArkSceneWindow" pos="1418.3635,90.215866,0" EntityGUID="{D3065297-22F9-4232-B6A3-5FDB830776EF}" EntityGUID_64="423222F9D3065297">
   <Inputs entityId="0" Disable="0" Enable="0" Hide="0" UnHide="0"/>
  </Node>
  <Node Id="192" Class="entity:ArkSceneWindow" pos="1418.3635,165.21587,0" EntityGUID="{25A41AB0-470F-4251-8DE5-EE4FF786659B}" EntityGUID_64="4251470F25A41AB0">
   <Inputs entityId="0" Disable="0" Enable="0" Hide="0" UnHide="0"/>
  </Node>
  <Node Id="194" Class="entity:ArkSceneWindow" pos="1418.3635,190.21587,0" EntityGUID="{94BBAB4C-3501-481C-BE8A-C400EC889E2F}" EntityGUID_64="481C350194BBAB4C">
   <Inputs entityId="0" Disable="0" Enable="0" Hide="0" UnHide="0"/>
  </Node>
  <Node Id="196" Class="entity:ArkSceneWindow" pos="1418.3635,215.21587,0" EntityGUID="{8E01FAAF-7CAF-4FA1-937D-CFD3ADFA499F}" EntityGUID_64="4FA17CAF8E01FAAF">
   <Inputs entityId="0" Disable="0" Enable="0" Hide="0" UnHide="0"/>
  </Node>
  <Node Id="198" Class="entity:ArkSceneWindow" pos="1418.3635,240.21587,0" EntityGUID="{553D0A6B-8E74-49BB-A9F7-064387F6D319}" EntityGUID_64="49BB8E74553D0A6B">
   <Inputs entityId="0" Disable="0" Enable="0" Hide="0" UnHide="0"/>
  </Node>
  <Node Id="200" Class="entity:ArkSceneWindow" pos="1418.3635,265.21588,0" EntityGUID="{C99F0260-CDBB-4EA1-81ED-50F34A83AD52}" EntityGUID_64="4EA1CDBBC99F0260">
   <Inputs entityId="0" Disable="0" Enable="0" Hide="0" UnHide="0"/>
  </Node>
  <Node Id="202" Class="entity:ArkSceneWindow" pos="1875.0618,-172.65421,0" EntityGUID="{240EF3EC-A8D7-4F95-AC39-2BA39ECABEFA}" EntityGUID_64="4F95A8D7240EF3EC">
   <Inputs entityId="0" Disable="0" Enable="0" Hide="0" UnHide="0"/>
  </Node>
  <Node Id="204" Class="entity:ArkSceneWindow" pos="1875.0618,-147.65421,0" EntityGUID="{C3DE6C1E-9E85-4299-9209-DC5000199251}" EntityGUID_64="42999E85C3DE6C1E">
   <Inputs entityId="0" Disable="0" Enable="0" Hide="0" UnHide="0"/>
  </Node>
  <Node Id="206" Class="entity:ArkSceneWindow" pos="1875.0618,-122.65421,0" EntityGUID="{0C740302-C78B-411B-AA05-6181A7CDF0BB}" EntityGUID_64="411BC78B0C740302">
   <Inputs entityId="0" Disable="0" Enable="0" Hide="0" UnHide="0"/>
  </Node>
  <Node Id="208" Class="entity:ArkSceneWindow" pos="1875.0618,-97.654205,0" EntityGUID="{74BF9EE8-3F50-4BA0-A89E-950C65DB49DD}" EntityGUID_64="4BA03F5074BF9EE8">
   <Inputs entityId="0" Disable="0" Enable="0" Hide="0" UnHide="0"/>
  </Node>
  <Node Id="210" Class="entity:ArkSceneWindow" pos="1875.0618,-72.654205,0" EntityGUID="{01206DB7-53E7-4AC4-84C4-95DAC53782A1}" EntityGUID_64="4AC453E701206DB7">
   <Inputs entityId="0" Disable="0" Enable="0" Hide="0" UnHide="0"/>
  </Node>
  <Node Id="212" Class="entity:ArkSceneWindow" pos="1875.0618,-47.654205,0" EntityGUID="{97FF52CE-2B31-4DE9-A469-DDEB09B1EEE3}" EntityGUID_64="4DE92B3197FF52CE">
   <Inputs entityId="0" Disable="0" Enable="0" Hide="0" UnHide="0"/>
  </Node>
  <Node Id="214" Class="entity:ArkSceneWindow" pos="1875.0618,-22.654205,0" EntityGUID="{5DEEC179-D280-451E-83E3-30B92A6280FD}" EntityGUID_64="451ED2805DEEC179">
   <Inputs entityId="0" Disable="0" Enable="0" Hide="0" UnHide="0"/>
  </Node>
  <Node Id="216" Class="entity:ArkSceneWindow" pos="1875.0618,2.3457947,0" EntityGUID="{56E6E0BA-4ACA-453E-A71E-3849067D792C}" EntityGUID_64="453E4ACA56E6E0BA">
   <Inputs entityId="0" Disable="0" Enable="0" Hide="0" UnHide="0"/>
  </Node>
  <Node Id="222" Class="entity:ArkSceneWindow" pos="1875.0618,77.345795,0" EntityGUID="{22865D3C-A50E-4824-A36B-EDEB220938CE}" EntityGUID_64="4824A50E22865D3C">
   <Inputs entityId="0" Disable="0" Enable="0" Hide="0" UnHide="0"/>
  </Node>
  <Node Id="224" Class="entity:ArkSceneWindow" pos="1875.0618,102.34579,0" EntityGUID="{A5088879-D973-4F16-91B9-4E23844F8438}" EntityGUID_64="4F16D973A5088879">
   <Inputs entityId="0" Disable="0" Enable="0" Hide="0" UnHide="0"/>
  </Node>
  <Node Id="226" Class="entity:ArkSceneWindow" pos="1875.0618,127.34579,0" EntityGUID="{323CBF58-CC25-44DC-88C2-CD6B576A1A4D}" EntityGUID_64="44DCCC25323CBF58">
   <Inputs entityId="0" Disable="0" Enable="0" Hide="0" UnHide="0"/>
  </Node>
  <Node Id="228" Class="entity:ArkSceneWindow" pos="1875.0618,152.34579,0" EntityGUID="{E3FFFE5A-18B3-4D22-884B-A99FAF9270CF}" EntityGUID_64="4D2218B3E3FFFE5A">
   <Inputs entityId="0" Disable="0" Enable="0" Hide="0" UnHide="0"/>
  </Node>
  <Node Id="230" Class="entity:ArkSceneWindow" pos="1875.0618,177.34579,0" EntityGUID="{E3A78A6E-5945-4514-9B68-6B49463D1160}" EntityGUID_64="45145945E3A78A6E">
   <Inputs entityId="0" Disable="0" Enable="0" Hide="0" UnHide="0"/>
  </Node>
  <Node Id="232" Class="entity:ArkSceneWindow" pos="1875.0618,202.34579,0" EntityGUID="{1DA1CA3A-3EA5-4CF0-893B-AC0234423268}" EntityGUID_64="4CF03EA51DA1CA3A">
   <Inputs entityId="0" Disable="0" Enable="0" Hide="0" UnHide="0"/>
  </Node>
  <Node Id="234" Class="entity:ArkSceneWindow" pos="1875.0618,227.34579,0" EntityGUID="{EA28097F-B4A4-446E-9D17-79B68BF8919B}" EntityGUID_64="446EB4A4EA28097F">
   <Inputs entityId="0" Disable="0" Enable="0" Hide="0" UnHide="0"/>
  </Node>
  <Node Id="236" Class="entity:ArkSceneWindow" pos="1875.0618,252.34579,0" EntityGUID="{EA45145D-A7F9-4CAF-A5CB-0023FBC774FF}" EntityGUID_64="4CAFA7F9EA45145D">
   <Inputs entityId="0" Disable="0" Enable="0" Hide="0" UnHide="0"/>
  </Node>
  <Node Id="238" Class="entity:ArkSceneWindow" pos="1875.0618,277.34579,0" EntityGUID="{A852F7ED-33E6-4806-B945-228161F3DEBB}" EntityGUID_64="480633E6A852F7ED">
   <Inputs entityId="0" Disable="0" Enable="0" Hide="0" UnHide="0"/>
  </Node>
  <Node Id="240" Class="entity:ArkSceneWindow" pos="1875.0618,302.34579,0" EntityGUID="{33F287EE-29D5-43C6-890E-D7E43B215047}" EntityGUID_64="43C629D533F287EE">
   <Inputs entityId="0" Disable="0" Enable="0" Hide="0" UnHide="0"/>
  </Node>
  <Node Id="242" Class="entity:ArkSceneWindow" pos="2298.343,-159.65872,0" EntityGUID="{9EC2EE90-6076-45B7-AD21-45F44AF8EC6A}" EntityGUID_64="45B760769EC2EE90">
   <Inputs entityId="0" Disable="0" Enable="0" Hide="0" UnHide="0"/>
  </Node>
  <Node Id="244" Class="entity:ArkSceneWindow" pos="2298.343,-134.65872,0" EntityGUID="{B00BA40C-EB09-404E-A409-271B184236B3}" EntityGUID_64="404EEB09B00BA40C">
   <Inputs entityId="0" Disable="0" Enable="0" Hide="0" UnHide="0"/>
  </Node>
  <Node Id="246" Class="entity:ArkSceneWindow" pos="2298.343,-109.65872,0" EntityGUID="{26708ED1-2E4E-4B76-A268-748EA550482C}" EntityGUID_64="4B762E4E26708ED1">
   <Inputs entityId="0" Disable="0" Enable="0" Hide="0" UnHide="0"/>
  </Node>
  <Node Id="248" Class="entity:ArkSceneWindow" pos="2298.343,-84.658722,0" EntityGUID="{B2691962-51EF-434F-B218-79C4D6F19726}" EntityGUID_64="434F51EFB2691962">
   <Inputs entityId="0" Disable="0" Enable="0" Hide="0" UnHide="0"/>
  </Node>
  <Node Id="250" Class="entity:ArkSceneWindow" pos="2298.343,-59.658722,0" EntityGUID="{977F7429-9BC9-4730-87AB-60306EBC97B9}" EntityGUID_64="47309BC9977F7429">
   <Inputs entityId="0" Disable="0" Enable="0" Hide="0" UnHide="0"/>
  </Node>
  <Node Id="252" Class="entity:ArkSceneWindow" pos="2298.343,-34.658722,0" EntityGUID="{6CB0F8CE-863B-4B31-8229-10BF8CD22234}" EntityGUID_64="4B31863B6CB0F8CE">
   <Inputs entityId="0" Disable="0" Enable="0" Hide="0" UnHide="0"/>
  </Node>
  <Node Id="254" Class="entity:ArkSceneWindow" pos="2298.343,-9.6587219,0" EntityGUID="{F112F904-70DA-48D0-8C88-0C7997DBD856}" EntityGUID_64="48D070DAF112F904">
   <Inputs entityId="0" Disable="0" Enable="0" Hide="0" UnHide="0"/>
  </Node>
  <Node Id="256" Class="entity:ArkSceneWindow" pos="2298.343,15.341278,0" EntityGUID="{F31E40B6-2406-4624-BAD9-6373494915B7}" EntityGUID_64="46242406F31E40B6">
   <Inputs entityId="0" Disable="0" Enable="0" Hide="0" UnHide="0"/>
  </Node>
  <Node Id="258" Class="entity:ArkSceneWindow" pos="2298.343,40.341278,0" EntityGUID="{58A13E7F-2239-4AF8-AE0D-504B3379729E}" EntityGUID_64="4AF8223958A13E7F">
   <Inputs entityId="0" Disable="0" Enable="0" Hide="0" UnHide="0"/>
  </Node>
  <Node Id="260" Class="entity:ArkSceneWindow" pos="2298.343,65.341278,0" EntityGUID="{BEBFD27B-341A-4FE0-9A57-BB6B3364A510}" EntityGUID_64="4FE0341ABEBFD27B">
   <Inputs entityId="0" Disable="0" Enable="0" Hide="0" UnHide="0"/>
  </Node>
  <Node Id="262" Class="entity:ArkSceneWindow" pos="2298.343,90.341278,0" EntityGUID="{3A3C8FE8-7965-4EE1-856D-CEFAABB034B8}" EntityGUID_64="4EE179653A3C8FE8">
   <Inputs entityId="0" Disable="0" Enable="0" Hide="0" UnHide="0"/>
  </Node>
  <Node Id="264" Class="entity:ArkSceneWindow" pos="2903.4849,-138.371,0" EntityGUID="{994C1748-5293-473A-BAFF-59DD91A9B133}" EntityGUID_64="473A5293994C1748">
   <Inputs entityId="0" Disable="0" Enable="0" Hide="0" UnHide="0"/>
  </Node>
  <Node Id="266" Class="entity:ArkSceneWindow" pos="2903.4849,-113.371,0" EntityGUID="{4E698EF8-EFFE-4920-8121-2A8C4FEAF7C2}" EntityGUID_64="4920EFFE4E698EF8">
   <Inputs entityId="0" Disable="0" Enable="0" Hide="0" UnHide="0"/>
  </Node>
  <Node Id="268" Class="entity:ArkSceneWindow" pos="2903.4849,-88.371002,0" EntityGUID="{88284483-0102-469E-A0AA-A28FE079B495}" EntityGUID_64="469E010288284483">
   <Inputs entityId="0" Disable="0" Enable="0" Hide="0" UnHide="0"/>
  </Node>
 </Nodes>
 <Edges />
 <GraphTokens />
</Graph>
