<Graph isModule="1" moduleName="ArkSceneWindows_Group8" isObjectList="1" objectListClass="ArkSceneWindow" Description="" Group="" enabled="1" MultiPlayer="ClientServer">
 <Nodes>
  <Node Id="2" Class="entity:ArkSceneWindow" pos="-423,-83,0" EntityGUID="{F112F904-70DA-48D0-8C88-0C7997DBD856}" EntityGUID_64="48D070DAF112F904">
   <Inputs entityId="0" Disable="0" Enable="0" Hide="0" UnHide="0"/>
  </Node>
  <Node Id="4" Class="entity:ArkSceneWindow" pos="-423,-58,0" EntityGUID="{6CB0F8CE-863B-4B31-8229-10BF8CD22234}" EntityGUID_64="4B31863B6CB0F8CE">
   <Inputs entityId="0" Disable="0" Enable="0" Hide="0" UnHide="0"/>
  </Node>
  <Node Id="6" Class="entity:ArkSceneWindow" pos="-423,-33,0" EntityGUID="{B2691962-51EF-434F-B218-79C4D6F19726}" EntityGUID_64="434F51EFB2691962">
   <Inputs entityId="0" Disable="0" Enable="0" Hide="0" UnHide="0"/>
  </Node>
  <Node Id="8" Class="entity:ArkSceneWindow" pos="-423,-8,0" EntityGUID="{977F7429-9BC9-4730-87AB-60306EBC97B9}" EntityGUID_64="47309BC9977F7429">
   <Inputs entityId="0" Disable="0" Enable="0" Hide="0" UnHide="0"/>
  </Node>
  <Node Id="10" Class="entity:ArkSceneWindow" pos="-423,17,0" EntityGUID="{B00BA40C-EB09-404E-A409-271B184236B3}" EntityGUID_64="404EEB09B00BA40C">
   <Inputs entityId="0" Disable="0" Enable="0" Hide="0" UnHide="0"/>
  </Node>
  <Node Id="12" Class="entity:ArkSceneWindow" pos="-423,42,0" EntityGUID="{26708ED1-2E4E-4B76-A268-748EA550482C}" EntityGUID_64="4B762E4E26708ED1">
   <Inputs entityId="0" Disable="0" Enable="0" Hide="0" UnHide="0"/>
  </Node>
  <Node Id="14" Class="entity:ArkSceneWindow" pos="-423,67,0" EntityGUID="{A1FFCA6A-058C-406D-941B-FBCA934C1B34}" EntityGUID_64="406D058CA1FFCA6A">
   <Inputs entityId="0" Disable="0" Enable="0" Hide="0" UnHide="0"/>
  </Node>
  <Node Id="16" Class="entity:ArkSceneWindow" pos="-423,92,0" EntityGUID="{CF8A0E33-24CB-44FD-B158-7625DD77E817}" EntityGUID_64="44FD24CBCF8A0E33">
   <Inputs entityId="0" Disable="0" Enable="0" Hide="0" UnHide="0"/>
  </Node>
  <Node Id="18" Class="entity:ArkSceneWindow" pos="-423,117,0" EntityGUID="{A8FB6329-C381-4F9F-A730-2470B7F86780}" EntityGUID_64="4F9FC381A8FB6329">
   <Inputs entityId="0" Disable="0" Enable="0" Hide="0" UnHide="0"/>
  </Node>
  <Node Id="20" Class="entity:ArkSceneWindow" pos="-423,142,0" EntityGUID="{205CE915-003C-46A4-8AB8-32EBE63D14D3}" EntityGUID_64="46A4003C205CE915">
   <Inputs entityId="0" Disable="0" Enable="0" Hide="0" UnHide="0"/>
  </Node>
  <Node Id="22" Class="entity:ArkSceneWindow" pos="-423,167,0" EntityGUID="{D0AB1865-C2F1-48DC-8712-9943433A3198}" EntityGUID_64="48DCC2F1D0AB1865">
   <Inputs entityId="0" Disable="0" Enable="0" Hide="0" UnHide="0"/>
  </Node>
  <Node Id="24" Class="entity:ArkSceneWindow" pos="-423,192,0" EntityGUID="{10B4A190-3D9B-45E6-AED2-FEBCC10ADAD8}" EntityGUID_64="45E63D9B10B4A190">
   <Inputs entityId="0" Disable="0" Enable="0" Hide="0" UnHide="0"/>
  </Node>
  <Node Id="26" Class="entity:ArkSceneWindow" pos="-35,26,0" EntityGUID="{8960E796-ACC9-441E-A831-245E0F27C0A7}" EntityGUID_64="441EACC98960E796">
   <Inputs entityId="0" Disable="0" Enable="0" Hide="0" UnHide="0"/>
  </Node>
 </Nodes>
 <Edges />
 <GraphTokens />
</Graph>
