<Graph isModule="1" moduleName="ArkSceneWindows_Group3" isObjectList="1" objectListClass="ArkSceneWindow" Description="" Group="" enabled="1" MultiPlayer="ClientServer">
 <Nodes>
  <Node Id="2" Class="entity:ArkSceneWindow" pos="-421,66,0" EntityGUID="{01206DB7-53E7-4AC4-84C4-95DAC53782A1}" EntityGUID_64="4AC453E701206DB7">
   <Inputs entityId="0" Disable="0" Enable="0" Hide="0" UnHide="0"/>
  </Node>
  <Node Id="4" Class="entity:ArkSceneWindow" pos="-421,91,0" EntityGUID="{74BF9EE8-3F50-4BA0-A89E-950C65DB49DD}" EntityGUID_64="4BA03F5074BF9EE8">
   <Inputs entityId="0" Disable="0" Enable="0" Hide="0" UnHide="0"/>
  </Node>
  <Node Id="6" Class="entity:ArkSceneWindow" pos="-421,116,0" EntityGUID="{65DE0152-BA26-44D8-B044-5663ECEF181E}" EntityGUID_64="44D8BA2665DE0152">
   <Inputs entityId="0" Disable="0" Enable="0" Hide="0" UnHide="0"/>
  </Node>
  <Node Id="8" Class="entity:ArkSceneWindow" pos="-421,141,0" EntityGUID="{29E70F65-A9DC-46A4-9A87-A0CEB9A7AAB7}" EntityGUID_64="46A4A9DC29E70F65">
   <Inputs entityId="0" Disable="0" Enable="0" Hide="0" UnHide="0"/>
  </Node>
  <Node Id="10" Class="entity:ArkSceneWindow" pos="-421,166,0" EntityGUID="{F394F741-E9BF-4AE8-83EE-239C51DF8987}" EntityGUID_64="4AE8E9BFF394F741">
   <Inputs entityId="0" Disable="0" Enable="0" Hide="0" UnHide="0"/>
  </Node>
  <Node Id="12" Class="entity:ArkSceneWindow" pos="-421,191,0" EntityGUID="{05C17DF1-FACD-44B7-9382-E802E3E62E26}" EntityGUID_64="44B7FACD05C17DF1">
   <Inputs entityId="0" Disable="0" Enable="0" Hide="0" UnHide="0"/>
  </Node>
  <Node Id="14" Class="entity:ArkSceneWindow" pos="-421,216,0" EntityGUID="{3AC230B4-A6CB-4A5B-AA22-E5AA1B97C4C5}" EntityGUID_64="4A5BA6CB3AC230B4">
   <Inputs entityId="0" Disable="0" Enable="0" Hide="0" UnHide="0"/>
  </Node>
  <Node Id="16" Class="entity:ArkSceneWindow" pos="-421,241,0" EntityGUID="{0C740302-C78B-411B-AA05-6181A7CDF0BB}" EntityGUID_64="411BC78B0C740302">
   <Inputs entityId="0" Disable="0" Enable="0" Hide="0" UnHide="0"/>
  </Node>
  <Node Id="18" Class="entity:ArkSceneWindow" pos="-421,266,0" EntityGUID="{C3DE6C1E-9E85-4299-9209-DC5000199251}" EntityGUID_64="42999E85C3DE6C1E">
   <Inputs entityId="0" Disable="0" Enable="0" Hide="0" UnHide="0"/>
  </Node>
  <Node Id="20" Class="entity:ArkSceneWindow" pos="-421,291,0" EntityGUID="{ED293BA5-B714-4EE3-81A7-21999CBCF56C}" EntityGUID_64="4EE3B714ED293BA5">
   <Inputs entityId="0" Disable="0" Enable="0" Hide="0" UnHide="0"/>
  </Node>
  <Node Id="22" Class="entity:ArkSceneWindow" pos="-421,316,0" EntityGUID="{C083FBCB-57AC-42A2-8D0E-9445F8FBAEF7}" EntityGUID_64="42A257ACC083FBCB">
   <Inputs entityId="0" Disable="0" Enable="0" Hide="0" UnHide="0"/>
  </Node>
  <Node Id="24" Class="entity:ArkSceneWindow" pos="-421,341,0" EntityGUID="{40A94BFF-AFBA-4926-98F5-6BBD9152CF32}" EntityGUID_64="4926AFBA40A94BFF">
   <Inputs entityId="0" Disable="0" Enable="0" Hide="0" UnHide="0"/>
  </Node>
 </Nodes>
 <Edges />
 <GraphTokens />
</Graph>
