<Graph isModule="1" moduleName="ArkSceneWindows_Group9" isObjectList="1" objectListClass="ArkSceneWindow" Description="" Group="" enabled="1" MultiPlayer="ClientServer">
 <Nodes>
  <Node Id="2" Class="entity:ArkSceneWindow" pos="-278,-49,0" EntityGUID="{33F287EE-29D5-43C6-890E-D7E43B215047}" EntityGUID_64="43C629D533F287EE">
   <Inputs entityId="0" Disable="0" Enable="0" Hide="0" UnHide="0"/>
  </Node>
  <Node Id="4" Class="entity:ArkSceneWindow" pos="-278,-24,0" EntityGUID="{EA45145D-A7F9-4CAF-A5CB-0023FBC774FF}" EntityGUID_64="4CAFA7F9EA45145D">
   <Inputs entityId="0" Disable="0" Enable="0" Hide="0" UnHide="0"/>
  </Node>
  <Node Id="6" Class="entity:ArkSceneWindow" pos="-278,1,0" EntityGUID="{1DA1CA3A-3EA5-4CF0-893B-AC0234423268}" EntityGUID_64="4CF03EA51DA1CA3A">
   <Inputs entityId="0" Disable="0" Enable="0" Hide="0" UnHide="0"/>
  </Node>
  <Node Id="8" Class="entity:ArkSceneWindow" pos="-278,26,0" EntityGUID="{E3FFFE5A-18B3-4D22-884B-A99FAF9270CF}" EntityGUID_64="4D2218B3E3FFFE5A">
   <Inputs entityId="0" Disable="0" Enable="0" Hide="0" UnHide="0"/>
  </Node>
  <Node Id="10" Class="entity:ArkSceneWindow" pos="-278,51,0" EntityGUID="{A5088879-D973-4F16-91B9-4E23844F8438}" EntityGUID_64="4F16D973A5088879">
   <Inputs entityId="0" Disable="0" Enable="0" Hide="0" UnHide="0"/>
  </Node>
  <Node Id="12" Class="entity:ArkSceneWindow" pos="-278,76,0" EntityGUID="{13046A34-3573-4F60-AAC1-C0A1816553C5}" EntityGUID_64="4F60357313046A34">
   <Inputs entityId="0" Disable="0" Enable="0" Hide="0" UnHide="0"/>
  </Node>
  <Node Id="14" Class="entity:ArkSceneWindow" pos="-278,101,0" EntityGUID="{5921B570-A613-4C76-81AB-3EDD538ED7A9}" EntityGUID_64="4C76A6135921B570">
   <Inputs entityId="0" Disable="0" Enable="0" Hide="0" UnHide="0"/>
  </Node>
  <Node Id="16" Class="entity:ArkSceneWindow" pos="-278,126,0" EntityGUID="{8A9716D9-32F6-4138-8885-5AAE8C4930E9}" EntityGUID_64="413832F68A9716D9">
   <Inputs entityId="0" Disable="0" Enable="0" Hide="0" UnHide="0"/>
  </Node>
  <Node Id="18" Class="entity:ArkSceneWindow" pos="-278,151,0" EntityGUID="{A852F7ED-33E6-4806-B945-228161F3DEBB}" EntityGUID_64="480633E6A852F7ED">
   <Inputs entityId="0" Disable="0" Enable="0" Hide="0" UnHide="0"/>
  </Node>
  <Node Id="20" Class="entity:ArkSceneWindow" pos="-278,176,0" EntityGUID="{EA28097F-B4A4-446E-9D17-79B68BF8919B}" EntityGUID_64="446EB4A4EA28097F">
   <Inputs entityId="0" Disable="0" Enable="0" Hide="0" UnHide="0"/>
  </Node>
  <Node Id="22" Class="entity:ArkSceneWindow" pos="-278,201,0" EntityGUID="{E3A78A6E-5945-4514-9B68-6B49463D1160}" EntityGUID_64="45145945E3A78A6E">
   <Inputs entityId="0" Disable="0" Enable="0" Hide="0" UnHide="0"/>
  </Node>
  <Node Id="24" Class="entity:ArkSceneWindow" pos="-278,226,0" EntityGUID="{323CBF58-CC25-44DC-88C2-CD6B576A1A4D}" EntityGUID_64="44DCCC25323CBF58">
   <Inputs entityId="0" Disable="0" Enable="0" Hide="0" UnHide="0"/>
  </Node>
  <Node Id="26" Class="entity:ArkSceneWindow" pos="-278,251,0" EntityGUID="{22865D3C-A50E-4824-A36B-EDEB220938CE}" EntityGUID_64="4824A50E22865D3C">
   <Inputs entityId="0" Disable="0" Enable="0" Hide="0" UnHide="0"/>
  </Node>
 </Nodes>
 <Edges />
 <GraphTokens />
</Graph>
