<Graph isModule="1" moduleName="ArkSurfaceHazard_VolunteerShowers" isObjectList="1" objectListClass="ArkSurfaceHazard" Description="" Group="" enabled="1" MultiPlayer="ClientServer">
 <Nodes>
  <Node Id="2" Class="entity:ArkSurfaceHazard" pos="-341,51,0" EntityGUID="{72F245A1-C2CB-40FB-AD76-394CD5D6955A}" EntityGUID_64="40FBC2CB72F245A1">
   <Inputs entityId="0" Activate="0" Activator="0" Deactivate="0"/>
  </Node>
  <Node Id="4" Class="entity:ArkSurfaceHazard" pos="-341,76,0" EntityGUID="{3E1D9BF9-901D-4B55-AE2E-1B7142BE15DC}" EntityGUID_64="4B55901D3E1D9BF9">
   <Inputs entityId="0" Activate="0" Activator="0" Deactivate="0"/>
  </Node>
  <Node Id="6" Class="entity:ArkSurfaceHazard" pos="-341,101,0" EntityGUID="{06C669F0-B3D2-4352-9D24-8DBF02EE500C}" EntityGUID_64="4352B3D206C669F0">
   <Inputs entityId="0" Activate="0" Activator="0" Deactivate="0"/>
  </Node>
  <Node Id="8" Class="entity:ArkSurfaceHazard" pos="-341,126,0" EntityGUID="{517EA0F8-A77B-4F99-B03F-516523AE06BD}" EntityGUID_64="4F99A77B517EA0F8">
   <Inputs entityId="0" Activate="0" Activator="0" Deactivate="0"/>
  </Node>
  <Node Id="10" Class="entity:ArkSurfaceHazard" pos="-341,151,0" EntityGUID="{7CE31A89-A7B2-4B26-A5D4-6D1A36C7FC0E}" EntityGUID_64="4B26A7B27CE31A89">
   <Inputs entityId="0" Activate="0" Activator="0" Deactivate="0"/>
  </Node>
  <Node Id="12" Class="entity:ArkSurfaceHazard" pos="-341,176,0" EntityGUID="{FD6D680A-C0C4-4890-B0FE-3AE61530EDDD}" EntityGUID_64="4890C0C4FD6D680A">
   <Inputs entityId="0" Activate="0" Activator="0" Deactivate="0"/>
  </Node>
  <Node Id="14" Class="entity:ArkSurfaceHazard" pos="-341,201,0" EntityGUID="{B73FAF44-D428-4BEA-A3D1-7F155BC4FE3C}" EntityGUID_64="4BEAD428B73FAF44">
   <Inputs entityId="0" Activate="0" Activator="0" Deactivate="0"/>
  </Node>
  <Node Id="16" Class="entity:ArkSurfaceHazard" pos="-341,226,0" EntityGUID="{B3F9C0B9-E4BC-4C93-ABE1-A0C2BBAB7B3E}" EntityGUID_64="4C93E4BCB3F9C0B9">
   <Inputs entityId="0" Activate="0" Activator="0" Deactivate="0"/>
  </Node>
  <Node Id="18" Class="entity:ArkSurfaceHazard" pos="-341,251,0" EntityGUID="{59CE3DDE-A679-40F7-944E-B76FF33582BA}" EntityGUID_64="40F7A67959CE3DDE">
   <Inputs entityId="0" Activate="0" Activator="0" Deactivate="0"/>
  </Node>
  <Node Id="20" Class="entity:ArkSurfaceHazard" pos="-341,276,0" EntityGUID="{261621D2-F5A8-4742-B1B8-FAA179CF915A}" EntityGUID_64="4742F5A8261621D2">
   <Inputs entityId="0" Activate="0" Activator="0" Deactivate="0"/>
  </Node>
  <Node Id="22" Class="entity:ArkSurfaceHazard" pos="-341,301,0" EntityGUID="{02CE4AC3-9D46-451A-9014-1872F44B154C}" EntityGUID_64="451A9D4602CE4AC3">
   <Inputs entityId="0" Activate="0" Activator="0" Deactivate="0"/>
  </Node>
  <Node Id="24" Class="entity:ArkSurfaceHazard" pos="-341,326,0" EntityGUID="{82C378AE-6F89-42A6-ACFD-DE89344B90CB}" EntityGUID_64="42A66F8982C378AE">
   <Inputs entityId="0" Activate="0" Activator="0" Deactivate="0"/>
  </Node>
 </Nodes>
 <Edges />
 <GraphTokens />
</Graph>
