<Graph isModule="1" moduleName="ArkSceneWindows_Group5" isObjectList="1" objectListClass="ArkSceneWindow" Description="" Group="" enabled="1" MultiPlayer="ClientServer">
 <Nodes>
  <Node Id="2" Class="entity:ArkSceneWindow" pos="-457,-8,0" EntityGUID="{25A41AB0-470F-4251-8DE5-EE4FF786659B}" EntityGUID_64="4251470F25A41AB0">
   <Inputs entityId="0" Disable="0" Enable="0" Hide="0" UnHide="0"/>
  </Node>
  <Node Id="4" Class="entity:ArkSceneWindow" pos="-457,17,0" EntityGUID="{A17FB55C-62BD-4533-B5C7-8A9E4CB395C9}" EntityGUID_64="453362BDA17FB55C">
   <Inputs entityId="0" Disable="0" Enable="0" Hide="0" UnHide="0"/>
  </Node>
  <Node Id="6" Class="entity:ArkSceneWindow" pos="-457,42,0" EntityGUID="{1706C7B9-9C44-4B0D-927C-C7F56BD2EB99}" EntityGUID_64="4B0D9C441706C7B9">
   <Inputs entityId="0" Disable="0" Enable="0" Hide="0" UnHide="0"/>
  </Node>
  <Node Id="8" Class="entity:ArkSceneWindow" pos="-457,67,0" EntityGUID="{568677DA-F5E1-4E58-AA87-86172DBDAF78}" EntityGUID_64="4E58F5E1568677DA">
   <Inputs entityId="0" Disable="0" Enable="0" Hide="0" UnHide="0"/>
  </Node>
  <Node Id="10" Class="entity:ArkSceneWindow" pos="-457,92,0" EntityGUID="{4C1B9239-6ADF-4FEF-9015-985F499863D2}" EntityGUID_64="4FEF6ADF4C1B9239">
   <Inputs entityId="0" Disable="0" Enable="0" Hide="0" UnHide="0"/>
  </Node>
  <Node Id="12" Class="entity:ArkSceneWindow" pos="-457,117,0" EntityGUID="{47BAEF2E-13B3-4E74-B685-606B3D0FBD24}" EntityGUID_64="4E7413B347BAEF2E">
   <Inputs entityId="0" Disable="0" Enable="0" Hide="0" UnHide="0"/>
  </Node>
  <Node Id="14" Class="entity:ArkSceneWindow" pos="-457,142,0" EntityGUID="{8BD8707D-E6BF-43A7-B0ED-5871D28EE890}" EntityGUID_64="43A7E6BF8BD8707D">
   <Inputs entityId="0" Disable="0" Enable="0" Hide="0" UnHide="0"/>
  </Node>
  <Node Id="16" Class="entity:ArkSceneWindow" pos="-457,167,0" EntityGUID="{0EC85A96-6EF6-4E1D-8FE8-4D5A9390D685}" EntityGUID_64="4E1D6EF60EC85A96">
   <Inputs entityId="0" Disable="0" Enable="0" Hide="0" UnHide="0"/>
  </Node>
  <Node Id="18" Class="entity:ArkSceneWindow" pos="-457,192,0" EntityGUID="{34A74A3E-97D5-421C-AEC7-AA0384E0D19D}" EntityGUID_64="421C97D534A74A3E">
   <Inputs entityId="0" Disable="0" Enable="0" Hide="0" UnHide="0"/>
  </Node>
  <Node Id="20" Class="entity:ArkSceneWindow" pos="-457,217,0" EntityGUID="{0FE97BF5-1937-41B7-9A6C-D8818F445E8D}" EntityGUID_64="41B719370FE97BF5">
   <Inputs entityId="0" Disable="0" Enable="0" Hide="0" UnHide="0"/>
  </Node>
  <Node Id="22" Class="entity:ArkSceneWindow" pos="-457,242,0" EntityGUID="{B01AEC54-DC5A-4238-9CDB-342B1B6182D4}" EntityGUID_64="4238DC5AB01AEC54">
   <Inputs entityId="0" Disable="0" Enable="0" Hide="0" UnHide="0"/>
  </Node>
  <Node Id="24" Class="entity:ArkSceneWindow" pos="-457,267,0" EntityGUID="{71DAFCFF-E6A7-4A12-8A55-F292D35C9A43}" EntityGUID_64="4A12E6A771DAFCFF">
   <Inputs entityId="0" Disable="0" Enable="0" Hide="0" UnHide="0"/>
  </Node>
  <Node Id="26" Class="entity:ArkSceneWindow" pos="-457,292,0" EntityGUID="{393AFA90-8BE5-47A2-AA59-DE865F9DEF82}" EntityGUID_64="47A28BE5393AFA90">
   <Inputs entityId="0" Disable="0" Enable="0" Hide="0" UnHide="0"/>
  </Node>
 </Nodes>
 <Edges />
 <GraphTokens />
</Graph>
