<Graph isModule="1" moduleName="ArkSceneWindows_Group6" isObjectList="1" objectListClass="ArkSceneWindow" Description="" Group="" enabled="1" MultiPlayer="ClientServer">
 <Nodes>
  <Node Id="2" Class="entity:ArkSceneWindow" pos="-198,-104,0" EntityGUID="{5E41F295-7DA8-400E-AC5B-53E0E248F7B7}" EntityGUID_64="400E7DA85E41F295">
   <Inputs entityId="0" Disable="0" Enable="0" Hide="0" UnHide="0"/>
  </Node>
  <Node Id="4" Class="entity:ArkSceneWindow" pos="-198,-79,0" EntityGUID="{A4A95C9F-13C2-473B-9480-79E8F8B4F4A5}" EntityGUID_64="473B13C2A4A95C9F">
   <Inputs entityId="0" Disable="0" Enable="0" Hide="0" UnHide="0"/>
  </Node>
  <Node Id="6" Class="entity:ArkSceneWindow" pos="-198,-54,0" EntityGUID="{8B36A043-F988-424C-99F3-20DC9A38DEE9}" EntityGUID_64="424CF9888B36A043">
   <Inputs entityId="0" Disable="0" Enable="0" Hide="0" UnHide="0"/>
  </Node>
  <Node Id="8" Class="entity:ArkSceneWindow" pos="-198,-29,0" EntityGUID="{35632867-9A60-4177-955E-34124EF191E7}" EntityGUID_64="41779A6035632867">
   <Inputs entityId="0" Disable="0" Enable="0" Hide="0" UnHide="0"/>
  </Node>
  <Node Id="10" Class="entity:ArkSceneWindow" pos="-198,-4,0" EntityGUID="{B14C2D02-2E99-4DD8-A77E-AF867E8006FA}" EntityGUID_64="4DD82E99B14C2D02">
   <Inputs entityId="0" Disable="0" Enable="0" Hide="0" UnHide="0"/>
  </Node>
  <Node Id="12" Class="entity:ArkSceneWindow" pos="-198,21,0" EntityGUID="{FB3325C7-571C-4AFA-B31A-18814C285394}" EntityGUID_64="4AFA571CFB3325C7">
   <Inputs entityId="0" Disable="0" Enable="0" Hide="0" UnHide="0"/>
  </Node>
  <Node Id="14" Class="entity:ArkSceneWindow" pos="-198,46,0" EntityGUID="{1EE2A6B3-E931-47A5-97F6-46713CEC9CC2}" EntityGUID_64="47A5E9311EE2A6B3">
   <Inputs entityId="0" Disable="0" Enable="0" Hide="0" UnHide="0"/>
  </Node>
  <Node Id="16" Class="entity:ArkSceneWindow" pos="-198,71,0" EntityGUID="{984A2F10-7800-4F7D-8218-6991266130EE}" EntityGUID_64="4F7D7800984A2F10">
   <Inputs entityId="0" Disable="0" Enable="0" Hide="0" UnHide="0"/>
  </Node>
  <Node Id="18" Class="entity:ArkSceneWindow" pos="-198,96,0" EntityGUID="{9840E5D9-2BD8-436C-93C9-299A4D301881}" EntityGUID_64="436C2BD89840E5D9">
   <Inputs entityId="0" Disable="0" Enable="0" Hide="0" UnHide="0"/>
  </Node>
  <Node Id="20" Class="entity:ArkSceneWindow" pos="-198,121,0" EntityGUID="{17C97926-9E7F-49D4-A1B6-CD51C71F2CD2}" EntityGUID_64="49D49E7F17C97926">
   <Inputs entityId="0" Disable="0" Enable="0" Hide="0" UnHide="0"/>
  </Node>
  <Node Id="22" Class="entity:ArkSceneWindow" pos="-198,146,0" EntityGUID="{6E55D026-4FF2-4980-B190-ABC9E8E4379D}" EntityGUID_64="49804FF26E55D026">
   <Inputs entityId="0" Disable="0" Enable="0" Hide="0" UnHide="0"/>
  </Node>
  <Node Id="24" Class="entity:ArkSceneWindow" pos="-198,171,0" EntityGUID="{134C68F7-97E4-4FCF-BC19-2778B26F1EEF}" EntityGUID_64="4FCF97E4134C68F7">
   <Inputs entityId="0" Disable="0" Enable="0" Hide="0" UnHide="0"/>
  </Node>
  <Node Id="26" Class="entity:ArkSceneWindow" pos="-198,196,0" EntityGUID="{6938794C-6A73-4938-96D6-3F44AF4CA4E6}" EntityGUID_64="49386A736938794C">
   <Inputs entityId="0" Disable="0" Enable="0" Hide="0" UnHide="0"/>
  </Node>
  <Node Id="28" Class="entity:ArkSceneWindow" pos="-198,221,0" EntityGUID="{77E03E31-CE34-46A0-BBF8-29FDD2E1279F}" EntityGUID_64="46A0CE3477E03E31">
   <Inputs entityId="0" Disable="0" Enable="0" Hide="0" UnHide="0"/>
  </Node>
  <Node Id="30" Class="entity:ArkSceneWindow" pos="-198,246,0" EntityGUID="{2FBC76F7-2D23-4B07-8465-CCED3BFC290A}" EntityGUID_64="4B072D232FBC76F7">
   <Inputs entityId="0" Disable="0" Enable="0" Hide="0" UnHide="0"/>
  </Node>
  <Node Id="32" Class="entity:ArkSceneWindow" pos="-198,271,0" EntityGUID="{81872E10-6FD3-447D-97B4-3D21C60BE31A}" EntityGUID_64="447D6FD381872E10">
   <Inputs entityId="0" Disable="0" Enable="0" Hide="0" UnHide="0"/>
  </Node>
  <Node Id="33" Class="entity:ArkSceneWindow" pos="120.32777,-74.837997,0" EntityGUID="{3A36EE14-8524-48F0-8EDF-8D213BE4F382}" EntityGUID_64="48F085243A36EE14">
   <Inputs entityId="0" Disable="0" Enable="0" Hide="0" UnHide="0"/>
  </Node>
  <Node Id="34" Class="entity:ArkSceneWindow" pos="-198,296,0" EntityGUID="{5F2B4CA0-4E83-4602-B0B3-CBE62D18F82C}" EntityGUID_64="46024E835F2B4CA0">
   <Inputs entityId="0" Disable="0" Enable="0" Hide="0" UnHide="0"/>
  </Node>
  <Node Id="36" Class="entity:ArkSceneWindow" pos="-198,321,0" EntityGUID="{0BAAA2FC-92EC-48AC-9E00-F0E2A5210EE2}" EntityGUID_64="48AC92EC0BAAA2FC">
   <Inputs entityId="0" Disable="0" Enable="0" Hide="0" UnHide="0"/>
  </Node>
  <Node Id="38" Class="entity:ArkSceneWindow" pos="-198,346,0" EntityGUID="{BEBFD27B-341A-4FE0-9A57-BB6B3364A510}" EntityGUID_64="4FE0341ABEBFD27B">
   <Inputs entityId="0" Disable="0" Enable="0" Hide="0" UnHide="0"/>
  </Node>
  <Node Id="40" Class="entity:ArkSceneWindow" pos="-198,371,0" EntityGUID="{40AF9897-C13A-47E4-B029-A2B0720E264A}" EntityGUID_64="47E4C13A40AF9897">
   <Inputs entityId="0" Disable="0" Enable="0" Hide="0" UnHide="0"/>
  </Node>
 </Nodes>
 <Edges />
 <GraphTokens />
</Graph>
