<Graph isModule="1" moduleName="ArkSceneWindows_Group4" isObjectList="1" objectListClass="ArkSceneWindow" Description="" Group="" enabled="1" MultiPlayer="ClientServer">
 <Nodes>
  <Node Id="2" Class="entity:ArkSceneWindow" pos="-334,-87,0" EntityGUID="{56E6E0BA-4ACA-453E-A71E-3849067D792C}" EntityGUID_64="453E4ACA56E6E0BA">
   <Inputs entityId="0" Disable="0" Enable="0" Hide="0" UnHide="0"/>
  </Node>
  <Node Id="4" Class="entity:ArkSceneWindow" pos="-334,-62,0" EntityGUID="{16AE53D8-8B10-4176-A508-009E513DE21D}" EntityGUID_64="41768B1016AE53D8">
   <Inputs entityId="0" Disable="0" Enable="0" Hide="0" UnHide="0"/>
  </Node>
  <Node Id="6" Class="entity:ArkSceneWindow" pos="-334,-37,0" EntityGUID="{A18E1093-BC42-4776-83A1-895660085131}" EntityGUID_64="4776BC42A18E1093">
   <Inputs entityId="0" Disable="0" Enable="0" Hide="0" UnHide="0"/>
  </Node>
  <Node Id="8" Class="entity:ArkSceneWindow" pos="-334,-12,0" EntityGUID="{F8FAB4B1-96D8-452D-9784-AC5B38F1A1B1}" EntityGUID_64="452D96D8F8FAB4B1">
   <Inputs entityId="0" Disable="0" Enable="0" Hide="0" UnHide="0"/>
  </Node>
  <Node Id="10" Class="entity:ArkSceneWindow" pos="-334,13,0" EntityGUID="{74EF8B6E-4A4D-48FC-84DF-4B517B9D4FA9}" EntityGUID_64="48FC4A4D74EF8B6E">
   <Inputs entityId="0" Disable="0" Enable="0" Hide="0" UnHide="0"/>
  </Node>
  <Node Id="12" Class="entity:ArkSceneWindow" pos="-334,38,0" EntityGUID="{605FCD22-FC56-413E-AC0C-1DE833A7F4FC}" EntityGUID_64="413EFC56605FCD22">
   <Inputs entityId="0" Disable="0" Enable="0" Hide="0" UnHide="0"/>
  </Node>
  <Node Id="14" Class="entity:ArkSceneWindow" pos="-334,63,0" EntityGUID="{261C2274-E7EB-48CB-B521-9EBCF7EAAC40}" EntityGUID_64="48CBE7EB261C2274">
   <Inputs entityId="0" Disable="0" Enable="0" Hide="0" UnHide="0"/>
  </Node>
  <Node Id="16" Class="entity:ArkSceneWindow" pos="-334,88,0" EntityGUID="{9D8C31A2-63B0-402D-80C2-C1C40E144EBC}" EntityGUID_64="402D63B09D8C31A2">
   <Inputs entityId="0" Disable="0" Enable="0" Hide="0" UnHide="0"/>
  </Node>
  <Node Id="18" Class="entity:ArkSceneWindow" pos="-334,113,0" EntityGUID="{553D0A6B-8E74-49BB-A9F7-064387F6D319}" EntityGUID_64="49BB8E74553D0A6B">
   <Inputs entityId="0" Disable="0" Enable="0" Hide="0" UnHide="0"/>
  </Node>
  <Node Id="20" Class="entity:ArkSceneWindow" pos="-334,138,0" EntityGUID="{240EF3EC-A8D7-4F95-AC39-2BA39ECABEFA}" EntityGUID_64="4F95A8D7240EF3EC">
   <Inputs entityId="0" Disable="0" Enable="0" Hide="0" UnHide="0"/>
  </Node>
  <Node Id="22" Class="entity:ArkSceneWindow" pos="-334,163,0" EntityGUID="{94BBAB4C-3501-481C-BE8A-C400EC889E2F}" EntityGUID_64="481C350194BBAB4C">
   <Inputs entityId="0" Disable="0" Enable="0" Hide="0" UnHide="0"/>
  </Node>
  <Node Id="24" Class="entity:ArkSceneWindow" pos="-334,188,0" EntityGUID="{8E01FAAF-7CAF-4FA1-937D-CFD3ADFA499F}" EntityGUID_64="4FA17CAF8E01FAAF">
   <Inputs entityId="0" Disable="0" Enable="0" Hide="0" UnHide="0"/>
  </Node>
  <Node Id="26" Class="entity:ArkSceneWindow" pos="-334,213,0" EntityGUID="{6D8BE199-93A1-4349-BA42-17E3A58AB78F}" EntityGUID_64="434993A16D8BE199">
   <Inputs entityId="0" Disable="0" Enable="0" Hide="0" UnHide="0"/>
  </Node>
  <Node Id="28" Class="entity:ArkSceneWindow" pos="-334,238,0" EntityGUID="{79EDC298-5118-4151-B70B-E22357089D05}" EntityGUID_64="4151511879EDC298">
   <Inputs entityId="0" Disable="0" Enable="0" Hide="0" UnHide="0"/>
  </Node>
  <Node Id="30" Class="entity:ArkSceneWindow" pos="-334,263,0" EntityGUID="{734CB2FE-3F90-414F-B190-67DCE2CCDADC}" EntityGUID_64="414F3F90734CB2FE">
   <Inputs entityId="0" Disable="0" Enable="0" Hide="0" UnHide="0"/>
  </Node>
  <Node Id="32" Class="entity:ArkSceneWindow" pos="-334,288,0" EntityGUID="{C08458DD-3214-495F-8180-E8E7A8BF48E7}" EntityGUID_64="495F3214C08458DD">
   <Inputs entityId="0" Disable="0" Enable="0" Hide="0" UnHide="0"/>
  </Node>
 </Nodes>
 <Edges />
 <GraphTokens />
</Graph>
