<Graph isModule="1" moduleName="ArkTrackingCamera_VolunteerRecCameras" isObjectList="1" objectListClass="ArkTrackingCamera" Description="" Group="" enabled="1" MultiPlayer="ClientServer">
 <Nodes>
  <Node Id="4" Class="entity:ArkTrackingCamera" pos="-118,17,0" EntityGUID="{5EC11A90-83EE-4E46-8308-B36606EDB564}" EntityGUID_64="4E4683EE5EC11A90">
   <Inputs entityId="0" Disable="0" Enable="0"/>
  </Node>
  <Node Id="6" Class="entity:ArkTrackingCamera" pos="-118,42,0" EntityGUID="{07BA39CB-F1A5-433E-B10B-98F4D272A3D7}" EntityGUID_64="433EF1A507BA39CB">
   <Inputs entityId="0" Disable="0" Enable="0"/>
  </Node>
  <Node Id="12" Class="entity:ArkTrackingCamera" pos="-118,117,0" EntityGUID="{E1DBABF0-A2D3-4F64-B2E9-045EFC7E2E83}" EntityGUID_64="4F64A2D3E1DBABF0">
   <Inputs entityId="0" Disable="0" Enable="0"/>
  </Node>
  <Node Id="14" Class="entity:ArkTrackingCamera" pos="-118,142,0" EntityGUID="{1CB05C1A-C06D-429E-9975-16077EFA5AA7}" EntityGUID_64="429EC06D1CB05C1A">
   <Inputs entityId="0" Disable="0" Enable="0"/>
  </Node>
  <Node Id="16" Class="entity:ArkTrackingCamera" pos="-118,167,0" EntityGUID="{400AC693-0F96-4AFF-B0FE-00EDFCCF7BB5}" EntityGUID_64="4AFF0F96400AC693">
   <Inputs entityId="0" Disable="0" Enable="0"/>
  </Node>
  <Node Id="18" Class="entity:ArkTrackingCamera" pos="-118,192,0" EntityGUID="{E78D9201-FE74-4D73-B33D-43821A362B5F}" EntityGUID_64="4D73FE74E78D9201">
   <Inputs entityId="0" Disable="0" Enable="0"/>
  </Node>
  <Node Id="24" Class="entity:ArkTrackingCamera" pos="-554.77185,-22.005566,0" EntityGUID="{825ACD0B-0292-4409-85C8-E384B239480B}" EntityGUID_64="44090292825ACD0B">
   <Inputs entityId="0" Disable="0" Enable="0"/>
  </Node>
  <Node Id="26" Class="entity:ArkTrackingCamera" pos="-554.77185,2.9944344,0" EntityGUID="{D26DC2B2-92C9-4E24-A842-2FF2140F0AAA}" EntityGUID_64="4E2492C9D26DC2B2">
   <Inputs entityId="0" Disable="0" Enable="0"/>
  </Node>
 </Nodes>
 <Edges />
 <GraphTokens />
</Graph>
