<Graph isModule="1" moduleName="EnvironmentLights_VolunteerProbes" isObjectList="1" objectListClass="EnvironmentLight" Description="" Group="" enabled="1" MultiPlayer="ClientServer">
 <Nodes>
  <Node Id="2" Class="entity:EnvironmentLight" pos="-15730.344,-15587.987,0" EntityGUID="{D7D7C7C5-14EB-4CBA-BEE7-4EBED6392142}" EntityGUID_64="4CBA14EBD7D7C7C5">
   <Inputs entityId="0" Active="0" Disable="0" Enable="0"/>
  </Node>
  <Node Id="4" Class="entity:EnvironmentLight" pos="-15730.344,-15562.987,0" EntityGUID="{86C0C2F4-7A8E-42C1-B5AF-F28F89CFD414}" EntityGUID_64="42C17A8E86C0C2F4">
   <Inputs entityId="0" Active="0" Disable="0" Enable="0"/>
  </Node>
  <Node Id="6" Class="entity:EnvironmentLight" pos="-15730.344,-15537.987,0" EntityGUID="{C1130152-92B5-45CF-B658-825E1D922C1D}" EntityGUID_64="45CF92B5C1130152">
   <Inputs entityId="0" Active="0" Disable="0" Enable="0"/>
  </Node>
  <Node Id="8" Class="entity:EnvironmentLight" pos="-15730.344,-15512.987,0" EntityGUID="{940A9B21-3AE0-4640-9EB8-F502D04E658E}" EntityGUID_64="46403AE0940A9B21">
   <Inputs entityId="0" Active="0" Disable="0" Enable="0"/>
  </Node>
  <Node Id="10" Class="entity:EnvironmentLight" pos="-15730.344,-15487.987,0" EntityGUID="{A3904809-4363-4DE4-889C-6FF4409F126B}" EntityGUID_64="4DE44363A3904809">
   <Inputs entityId="0" Active="0" Disable="0" Enable="0"/>
  </Node>
  <Node Id="12" Class="entity:EnvironmentLight" pos="-15730.344,-15462.987,0" EntityGUID="{390AF5B1-26CE-4E70-83E3-A973DDD27910}" EntityGUID_64="4E7026CE390AF5B1">
   <Inputs entityId="0" Active="0" Disable="0" Enable="0"/>
  </Node>
  <Node Id="14" Class="entity:EnvironmentLight" pos="-15730.344,-15437.987,0" EntityGUID="{4CF05B57-F491-4040-9305-A66CC9BB775A}" EntityGUID_64="4040F4914CF05B57">
   <Inputs entityId="0" Active="0" Disable="0" Enable="0"/>
  </Node>
  <Node Id="16" Class="entity:EnvironmentLight" pos="-15730,-15400,0" EntityGUID="{022868E6-4C11-4D44-9CD9-93DD619679E6}" EntityGUID_64="4D444C11022868E6">
   <Inputs entityId="0" Active="0" Disable="0" Enable="0"/>
  </Node>
  <Node Id="18" Class="entity:EnvironmentLight" pos="-15790,-15270,0" EntityGUID="{FE135FBB-631A-446F-964A-EDEB279962F6}" EntityGUID_64="446F631AFE135FBB">
   <Inputs entityId="0" Active="0" Disable="0" Enable="0"/>
  </Node>
 </Nodes>
 <Edges />
 <GraphTokens />
</Graph>
