<Graph isModule="1" moduleName="geomentities_hallwayobjects" isObjectList="1" objectListClass="GeomEntity" Description="" Group="" enabled="1" MultiPlayer="ClientServer">
 <Nodes>
  <Node Id="80" Class="entity:GeomEntity" pos="-416,421,0" EntityGUID="{56DFEB97-EABF-44F8-9E0C-B9A4A48DBF71}" EntityGUID_64="44F8EABF56DFEB97">
   <Inputs entityId="0" Hide="0" MakeInvulnerable="0" MakeVulnerable="0" Remove="0" ResetHealth="0" UnHide="0"/>
  </Node>
  <Node Id="84" Class="entity:GeomEntity" pos="-86,241,0" EntityGUID="{F52F4BAD-F88B-412F-90D1-158C6019DEB1}" EntityGUID_64="412FF88BF52F4BAD">
   <Inputs entityId="0" Hide="0" MakeInvulnerable="0" MakeVulnerable="0" Remove="0" ResetHealth="0" UnHide="0"/>
  </Node>
  <Node Id="88" Class="entity:GeomEntity" pos="454,71,0" EntityGUID="{11D50F02-A3B9-4873-B5F8-BE235327EFB5}" EntityGUID_64="4873A3B911D50F02">
   <Inputs entityId="0" Hide="0" MakeInvulnerable="0" MakeVulnerable="0" Remove="0" ResetHealth="0" UnHide="0"/>
  </Node>
 </Nodes>
 <Edges />
 <GraphTokens />
</Graph>
