<Graph isModule="1" moduleName="GeomEntities_FlyThroughObjects" isObjectList="1" objectListClass="GeomEntity" Description="" Group="" enabled="1" MultiPlayer="ClientServer">
 <Nodes>
  <Node Id="43" Class="entity:GeomEntity" pos="-180,-30,0" EntityGUID="{CF2A9EAF-1AB4-4AAE-B4E6-4F68CFB46161}" EntityGUID_64="4AAE1AB4CF2A9EAF">
   <Inputs entityId="0" Hide="0" MakeInvulnerable="0" MakeVulnerable="0" Remove="0" ResetHealth="0" UnHide="0"/>
  </Node>
  <Node Id="45" Class="entity:GeomEntity" pos="-172,-104,0" EntityGUID="{71407046-7132-4BB8-A81F-C82D761663E8}" EntityGUID_64="4BB8713271407046">
   <Inputs entityId="0" Hide="0" MakeInvulnerable="0" MakeVulnerable="0" Remove="0" ResetHealth="0" UnHide="0"/>
  </Node>
  <Node Id="47" Class="entity:GeomEntity" pos="-172,-79,0" EntityGUID="{B8E4D316-EB8B-40BF-A99B-7BE193C8ACFC}" EntityGUID_64="40BFEB8BB8E4D316">
   <Inputs entityId="0" Hide="0" MakeInvulnerable="0" MakeVulnerable="0" Remove="0" ResetHealth="0" UnHide="0"/>
  </Node>
  <Node Id="49" Class="entity:GeomEntity" pos="-150,-40,0" EntityGUID="{209BC63A-8E44-4F6E-8B7F-F89D741DCF72}" EntityGUID_64="4F6E8E44209BC63A">
   <Inputs entityId="0" Hide="0" MakeInvulnerable="0" MakeVulnerable="0" Remove="0" ResetHealth="0" UnHide="0"/>
  </Node>
  <Node Id="51" Class="entity:GeomEntity" pos="-323,-638,0">
   <Inputs entityId="0" Hide="0" MakeInvulnerable="0" MakeVulnerable="0" Remove="0" ResetHealth="0" UnHide="0"/>
  </Node>
  <Node Id="53" Class="entity:GeomEntity" pos="-323,-613,0">
   <Inputs entityId="0" Hide="0" MakeInvulnerable="0" MakeVulnerable="0" Remove="0" ResetHealth="0" UnHide="0"/>
  </Node>
  <Node Id="57" Class="entity:GeomEntity" pos="508.48877,-147.74956,0" EntityGUID="{DCC7E077-C2F9-4C8F-8C4A-687515D4C556}" EntityGUID_64="4C8FC2F9DCC7E077">
   <Inputs entityId="0" Hide="0" MakeInvulnerable="0" MakeVulnerable="0" Remove="0" ResetHealth="0" UnHide="0"/>
  </Node>
  <Node Id="59" Class="entity:GeomEntity" pos="560,160,0">
   <Inputs entityId="0" Hide="0" MakeInvulnerable="0" MakeVulnerable="0" Remove="0" ResetHealth="0" UnHide="0"/>
  </Node>
  <Node Id="61" Class="entity:GeomEntity" pos="-292.85007,370.06921,0" EntityGUID="{DBD07C0E-E832-4B9C-A2DB-F4F7AE5524D7}" EntityGUID_64="4B9CE832DBD07C0E">
   <Inputs entityId="0" Hide="0" MakeInvulnerable="0" MakeVulnerable="0" Remove="0" ResetHealth="0" UnHide="0"/>
  </Node>
  <Node Id="63" Class="entity:GeomEntity" pos="55.226776,-258.26639,0" EntityGUID="{C236AD03-C6A6-4769-8D21-9F2F3059054E}" EntityGUID_64="4769C6A6C236AD03">
   <Inputs entityId="0" Hide="0" MakeInvulnerable="0" MakeVulnerable="0" Remove="0" ResetHealth="0" UnHide="0"/>
  </Node>
  <Node Id="65" Class="entity:GeomEntity" pos="55.226776,-233.26639,0" EntityGUID="{9F9EAF0A-07E5-47F3-BEB6-B11493177852}" EntityGUID_64="47F307E59F9EAF0A">
   <Inputs entityId="0" Hide="0" MakeInvulnerable="0" MakeVulnerable="0" Remove="0" ResetHealth="0" UnHide="0"/>
  </Node>
  <Node Id="67" Class="entity:GeomEntity" pos="55.226776,-208.26639,0" EntityGUID="{BAE7940B-2C1E-4898-8E5F-68BE590DF1F7}" EntityGUID_64="48982C1EBAE7940B">
   <Inputs entityId="0" Hide="0" MakeInvulnerable="0" MakeVulnerable="0" Remove="0" ResetHealth="0" UnHide="0"/>
  </Node>
  <Node Id="69" Class="entity:GeomEntity" pos="55.226776,-183.26639,0" EntityGUID="{577E9F15-626E-46AE-8A0A-7EDED6F2ADA5}" EntityGUID_64="46AE626E577E9F15">
   <Inputs entityId="0" Hide="0" MakeInvulnerable="0" MakeVulnerable="0" Remove="0" ResetHealth="0" UnHide="0"/>
  </Node>
  <Node Id="71" Class="entity:GeomEntity" pos="55.226776,-158.26639,0" EntityGUID="{19A5E81D-CF8E-4B35-816A-B4E9314BBDBF}" EntityGUID_64="4B35CF8E19A5E81D">
   <Inputs entityId="0" Hide="0" MakeInvulnerable="0" MakeVulnerable="0" Remove="0" ResetHealth="0" UnHide="0"/>
  </Node>
  <Node Id="73" Class="entity:GeomEntity" pos="55.226776,-133.26639,0" EntityGUID="{E622042B-497B-4037-B1EF-190A42AB2941}" EntityGUID_64="4037497BE622042B">
   <Inputs entityId="0" Hide="0" MakeInvulnerable="0" MakeVulnerable="0" Remove="0" ResetHealth="0" UnHide="0"/>
  </Node>
  <Node Id="75" Class="entity:GeomEntity" pos="55.226776,-108.26639,0" EntityGUID="{8C17672E-603D-47B1-8772-1874C1C7DC93}" EntityGUID_64="47B1603D8C17672E">
   <Inputs entityId="0" Hide="0" MakeInvulnerable="0" MakeVulnerable="0" Remove="0" ResetHealth="0" UnHide="0"/>
  </Node>
  <Node Id="77" Class="entity:GeomEntity" pos="55.226776,-83.266388,0" EntityGUID="{26BC6030-0576-4AFE-9AF7-9D386E79D34B}" EntityGUID_64="4AFE057626BC6030">
   <Inputs entityId="0" Hide="0" MakeInvulnerable="0" MakeVulnerable="0" Remove="0" ResetHealth="0" UnHide="0"/>
  </Node>
  <Node Id="79" Class="entity:GeomEntity" pos="55.226776,-58.266388,0" EntityGUID="{8A1B3032-5161-4917-ACFC-529193FDCA79}" EntityGUID_64="491751618A1B3032">
   <Inputs entityId="0" Hide="0" MakeInvulnerable="0" MakeVulnerable="0" Remove="0" ResetHealth="0" UnHide="0"/>
  </Node>
  <Node Id="81" Class="entity:GeomEntity" pos="55.226776,-33.266388,0" EntityGUID="{25DCF935-88F3-460D-8498-BB9B198CD837}" EntityGUID_64="460D88F325DCF935">
   <Inputs entityId="0" Hide="0" MakeInvulnerable="0" MakeVulnerable="0" Remove="0" ResetHealth="0" UnHide="0"/>
  </Node>
  <Node Id="83" Class="entity:GeomEntity" pos="55.226776,-8.2663879,0" EntityGUID="{0559A937-8163-43B6-9FEB-C5566CFAD429}" EntityGUID_64="43B681630559A937">
   <Inputs entityId="0" Hide="0" MakeInvulnerable="0" MakeVulnerable="0" Remove="0" ResetHealth="0" UnHide="0"/>
  </Node>
  <Node Id="85" Class="entity:GeomEntity" pos="55.226776,16.733612,0" EntityGUID="{5DD34539-BE69-4E59-969C-76FBC71B0680}" EntityGUID_64="4E59BE695DD34539">
   <Inputs entityId="0" Hide="0" MakeInvulnerable="0" MakeVulnerable="0" Remove="0" ResetHealth="0" UnHide="0"/>
  </Node>
  <Node Id="87" Class="entity:GeomEntity" pos="55.226776,41.733612,0" EntityGUID="{D998D23B-6A86-4807-A96B-53309B685784}" EntityGUID_64="48076A86D998D23B">
   <Inputs entityId="0" Hide="0" MakeInvulnerable="0" MakeVulnerable="0" Remove="0" ResetHealth="0" UnHide="0"/>
  </Node>
  <Node Id="89" Class="entity:GeomEntity" pos="55.226776,66.733612,0" EntityGUID="{C6488B3E-11B1-49CF-8510-318DBEA017B5}" EntityGUID_64="49CF11B1C6488B3E">
   <Inputs entityId="0" Hide="0" MakeInvulnerable="0" MakeVulnerable="0" Remove="0" ResetHealth="0" UnHide="0"/>
  </Node>
  <Node Id="91" Class="entity:GeomEntity" pos="55.226776,91.733612,0" EntityGUID="{48EBB03E-7C9F-4623-A2A4-6AE3D5FA194B}" EntityGUID_64="46237C9F48EBB03E">
   <Inputs entityId="0" Hide="0" MakeInvulnerable="0" MakeVulnerable="0" Remove="0" ResetHealth="0" UnHide="0"/>
  </Node>
  <Node Id="93" Class="entity:GeomEntity" pos="55.226776,116.73361,0" EntityGUID="{E92EE03F-432C-4825-9F16-898B395C8A9A}" EntityGUID_64="4825432CE92EE03F">
   <Inputs entityId="0" Hide="0" MakeInvulnerable="0" MakeVulnerable="0" Remove="0" ResetHealth="0" UnHide="0"/>
  </Node>
  <Node Id="95" Class="entity:GeomEntity" pos="55.226776,141.73361,0" EntityGUID="{75AEB746-6D64-4584-B533-2B46CFAAB0E1}" EntityGUID_64="45846D6475AEB746">
   <Inputs entityId="0" Hide="0" MakeInvulnerable="0" MakeVulnerable="0" Remove="0" ResetHealth="0" UnHide="0"/>
  </Node>
  <Node Id="97" Class="entity:GeomEntity" pos="55.226776,166.73361,0" EntityGUID="{AF1C204F-DE66-4FC3-B85A-73C4B8B6E0E6}" EntityGUID_64="4FC3DE66AF1C204F">
   <Inputs entityId="0" Hide="0" MakeInvulnerable="0" MakeVulnerable="0" Remove="0" ResetHealth="0" UnHide="0"/>
  </Node>
  <Node Id="99" Class="entity:GeomEntity" pos="55.226776,191.73361,0" EntityGUID="{E8B7C04F-FC77-4065-BB5A-2DA77BB2992E}" EntityGUID_64="4065FC77E8B7C04F">
   <Inputs entityId="0" Hide="0" MakeInvulnerable="0" MakeVulnerable="0" Remove="0" ResetHealth="0" UnHide="0"/>
  </Node>
  <Node Id="101" Class="entity:GeomEntity" pos="55.226776,216.73361,0" EntityGUID="{B80AAC5F-E5F6-4B63-8900-2512039BFE3B}" EntityGUID_64="4B63E5F6B80AAC5F">
   <Inputs entityId="0" Hide="0" MakeInvulnerable="0" MakeVulnerable="0" Remove="0" ResetHealth="0" UnHide="0"/>
  </Node>
  <Node Id="103" Class="entity:GeomEntity" pos="55.226776,241.73361,0" EntityGUID="{B69AD85F-A6A1-4139-B088-CE289B94436C}" EntityGUID_64="4139A6A1B69AD85F">
   <Inputs entityId="0" Hide="0" MakeInvulnerable="0" MakeVulnerable="0" Remove="0" ResetHealth="0" UnHide="0"/>
  </Node>
  <Node Id="105" Class="entity:GeomEntity" pos="55.226776,266.73361,0" EntityGUID="{2B10F070-2D8D-4953-83A5-C77D365EF4DD}" EntityGUID_64="49532D8D2B10F070">
   <Inputs entityId="0" Hide="0" MakeInvulnerable="0" MakeVulnerable="0" Remove="0" ResetHealth="0" UnHide="0"/>
  </Node>
  <Node Id="107" Class="entity:GeomEntity" pos="55.226776,291.73361,0" EntityGUID="{DCA95274-9A89-412D-AF9B-62F06520A14C}" EntityGUID_64="412D9A89DCA95274">
   <Inputs entityId="0" Hide="0" MakeInvulnerable="0" MakeVulnerable="0" Remove="0" ResetHealth="0" UnHide="0"/>
  </Node>
  <Node Id="109" Class="entity:GeomEntity" pos="55.226776,316.73361,0" EntityGUID="{DF9CE47A-4A49-4771-9D27-9DBEC2412389}" EntityGUID_64="47714A49DF9CE47A">
   <Inputs entityId="0" Hide="0" MakeInvulnerable="0" MakeVulnerable="0" Remove="0" ResetHealth="0" UnHide="0"/>
  </Node>
  <Node Id="111" Class="entity:GeomEntity" pos="55.226776,341.73361,0" EntityGUID="{2EA99280-4D54-48BE-8F2C-6207A054A0B2}" EntityGUID_64="48BE4D542EA99280">
   <Inputs entityId="0" Hide="0" MakeInvulnerable="0" MakeVulnerable="0" Remove="0" ResetHealth="0" UnHide="0"/>
  </Node>
  <Node Id="113" Class="entity:GeomEntity" pos="55.226776,366.73361,0" EntityGUID="{CF9A6481-4834-48B3-AB34-EBD50839E4EC}" EntityGUID_64="48B34834CF9A6481">
   <Inputs entityId="0" Hide="0" MakeInvulnerable="0" MakeVulnerable="0" Remove="0" ResetHealth="0" UnHide="0"/>
  </Node>
  <Node Id="115" Class="entity:GeomEntity" pos="55.226776,391.73361,0" EntityGUID="{211CC585-4B93-46E3-89A2-C30B20DB10D6}" EntityGUID_64="46E34B93211CC585">
   <Inputs entityId="0" Hide="0" MakeInvulnerable="0" MakeVulnerable="0" Remove="0" ResetHealth="0" UnHide="0"/>
  </Node>
  <Node Id="117" Class="entity:GeomEntity" pos="55.226776,416.73361,0" EntityGUID="{DE725C8D-69F0-4193-88F3-119B2F7403FB}" EntityGUID_64="419369F0DE725C8D">
   <Inputs entityId="0" Hide="0" MakeInvulnerable="0" MakeVulnerable="0" Remove="0" ResetHealth="0" UnHide="0"/>
  </Node>
  <Node Id="119" Class="entity:GeomEntity" pos="55.226776,441.73361,0" EntityGUID="{C58E5B93-23FC-4992-BE2B-7F1DC7C9F53B}" EntityGUID_64="499223FCC58E5B93">
   <Inputs entityId="0" Hide="0" MakeInvulnerable="0" MakeVulnerable="0" Remove="0" ResetHealth="0" UnHide="0"/>
  </Node>
  <Node Id="121" Class="entity:GeomEntity" pos="55.226776,466.73361,0" EntityGUID="{A047D998-07B5-4ACC-A2ED-C9F1F7456A2E}" EntityGUID_64="4ACC07B5A047D998">
   <Inputs entityId="0" Hide="0" MakeInvulnerable="0" MakeVulnerable="0" Remove="0" ResetHealth="0" UnHide="0"/>
  </Node>
  <Node Id="123" Class="entity:GeomEntity" pos="55.226776,491.73361,0" EntityGUID="{4BF2269A-06F4-4B8B-BC2B-3FBB2E0A80D8}" EntityGUID_64="4B8B06F44BF2269A">
   <Inputs entityId="0" Hide="0" MakeInvulnerable="0" MakeVulnerable="0" Remove="0" ResetHealth="0" UnHide="0"/>
  </Node>
  <Node Id="125" Class="entity:GeomEntity" pos="55.226776,516.73364,0" EntityGUID="{745904A2-4639-4ADF-9E7C-206DDD34DE6F}" EntityGUID_64="4ADF4639745904A2">
   <Inputs entityId="0" Hide="0" MakeInvulnerable="0" MakeVulnerable="0" Remove="0" ResetHealth="0" UnHide="0"/>
  </Node>
  <Node Id="127" Class="entity:GeomEntity" pos="55.226776,541.73364,0" EntityGUID="{7AE344A2-80DE-4AF9-ACDA-C68902A052EF}" EntityGUID_64="4AF980DE7AE344A2">
   <Inputs entityId="0" Hide="0" MakeInvulnerable="0" MakeVulnerable="0" Remove="0" ResetHealth="0" UnHide="0"/>
  </Node>
  <Node Id="129" Class="entity:GeomEntity" pos="55.226776,566.73364,0" EntityGUID="{7754FCA4-F185-42A6-8A87-4766E9A15344}" EntityGUID_64="42A6F1857754FCA4">
   <Inputs entityId="0" Hide="0" MakeInvulnerable="0" MakeVulnerable="0" Remove="0" ResetHealth="0" UnHide="0"/>
  </Node>
  <Node Id="131" Class="entity:GeomEntity" pos="55.226776,591.73364,0" EntityGUID="{A7C588AF-490D-4FCB-BD0C-97ABBA038129}" EntityGUID_64="4FCB490DA7C588AF">
   <Inputs entityId="0" Hide="0" MakeInvulnerable="0" MakeVulnerable="0" Remove="0" ResetHealth="0" UnHide="0"/>
  </Node>
  <Node Id="133" Class="entity:GeomEntity" pos="55.226776,616.73364,0" EntityGUID="{2EC840B1-7922-45FF-B4D1-0A82B1833A2F}" EntityGUID_64="45FF79222EC840B1">
   <Inputs entityId="0" Hide="0" MakeInvulnerable="0" MakeVulnerable="0" Remove="0" ResetHealth="0" UnHide="0"/>
  </Node>
  <Node Id="135" Class="entity:GeomEntity" pos="55.226776,641.73364,0" EntityGUID="{30E19ABA-19C3-4780-8FD8-1AD871A85074}" EntityGUID_64="478019C330E19ABA">
   <Inputs entityId="0" Hide="0" MakeInvulnerable="0" MakeVulnerable="0" Remove="0" ResetHealth="0" UnHide="0"/>
  </Node>
  <Node Id="137" Class="entity:GeomEntity" pos="55.226776,666.73364,0" EntityGUID="{727B40BF-3D84-48AA-A324-83A34CBC46E6}" EntityGUID_64="48AA3D84727B40BF">
   <Inputs entityId="0" Hide="0" MakeInvulnerable="0" MakeVulnerable="0" Remove="0" ResetHealth="0" UnHide="0"/>
  </Node>
  <Node Id="139" Class="entity:GeomEntity" pos="55.226776,691.73364,0" EntityGUID="{0C8065BF-4C2D-4450-B913-FDE94085DB37}" EntityGUID_64="44504C2D0C8065BF">
   <Inputs entityId="0" Hide="0" MakeInvulnerable="0" MakeVulnerable="0" Remove="0" ResetHealth="0" UnHide="0"/>
  </Node>
  <Node Id="141" Class="entity:GeomEntity" pos="55.226776,716.73364,0" EntityGUID="{DEFC6FC6-D8E2-4771-9B8F-B466ECC3CB14}" EntityGUID_64="4771D8E2DEFC6FC6">
   <Inputs entityId="0" Hide="0" MakeInvulnerable="0" MakeVulnerable="0" Remove="0" ResetHealth="0" UnHide="0"/>
  </Node>
  <Node Id="143" Class="entity:GeomEntity" pos="55.226776,741.73364,0" EntityGUID="{209131C8-D6CA-4C41-B580-C7087469E9B5}" EntityGUID_64="4C41D6CA209131C8">
   <Inputs entityId="0" Hide="0" MakeInvulnerable="0" MakeVulnerable="0" Remove="0" ResetHealth="0" UnHide="0"/>
  </Node>
  <Node Id="145" Class="entity:GeomEntity" pos="55.226776,766.73364,0" EntityGUID="{506AF0CD-7103-411C-AC14-EBDD6C35F132}" EntityGUID_64="411C7103506AF0CD">
   <Inputs entityId="0" Hide="0" MakeInvulnerable="0" MakeVulnerable="0" Remove="0" ResetHealth="0" UnHide="0"/>
  </Node>
  <Node Id="147" Class="entity:GeomEntity" pos="55.226776,791.73364,0" EntityGUID="{76E79DD2-D072-4789-86C9-950558A68E44}" EntityGUID_64="4789D07276E79DD2">
   <Inputs entityId="0" Hide="0" MakeInvulnerable="0" MakeVulnerable="0" Remove="0" ResetHealth="0" UnHide="0"/>
  </Node>
  <Node Id="149" Class="entity:GeomEntity" pos="55.226776,816.73364,0" EntityGUID="{0064FCD8-6FEB-4E81-9F36-7B7765F40FE9}" EntityGUID_64="4E816FEB0064FCD8">
   <Inputs entityId="0" Hide="0" MakeInvulnerable="0" MakeVulnerable="0" Remove="0" ResetHealth="0" UnHide="0"/>
  </Node>
  <Node Id="151" Class="entity:GeomEntity" pos="55.226776,841.73364,0" EntityGUID="{00FC2ADF-05CF-42F3-AA73-7D68544CA350}" EntityGUID_64="42F305CF00FC2ADF">
   <Inputs entityId="0" Hide="0" MakeInvulnerable="0" MakeVulnerable="0" Remove="0" ResetHealth="0" UnHide="0"/>
  </Node>
  <Node Id="153" Class="entity:GeomEntity" pos="55.226776,866.73364,0" EntityGUID="{AC9723E2-87F9-4843-B451-2E9703294C55}" EntityGUID_64="484387F9AC9723E2">
   <Inputs entityId="0" Hide="0" MakeInvulnerable="0" MakeVulnerable="0" Remove="0" ResetHealth="0" UnHide="0"/>
  </Node>
  <Node Id="155" Class="entity:GeomEntity" pos="55.226776,891.73364,0" EntityGUID="{1F5059E2-6411-46D9-B239-9620C4239888}" EntityGUID_64="46D964111F5059E2">
   <Inputs entityId="0" Hide="0" MakeInvulnerable="0" MakeVulnerable="0" Remove="0" ResetHealth="0" UnHide="0"/>
  </Node>
  <Node Id="157" Class="entity:GeomEntity" pos="55.226776,916.73364,0" EntityGUID="{734A61E4-0046-4FD5-8DC0-A69ADD6BCF96}" EntityGUID_64="4FD50046734A61E4">
   <Inputs entityId="0" Hide="0" MakeInvulnerable="0" MakeVulnerable="0" Remove="0" ResetHealth="0" UnHide="0"/>
  </Node>
  <Node Id="159" Class="entity:GeomEntity" pos="55.226776,941.73364,0" EntityGUID="{A44C67E9-0301-48F8-A6C2-287C9B329522}" EntityGUID_64="48F80301A44C67E9">
   <Inputs entityId="0" Hide="0" MakeInvulnerable="0" MakeVulnerable="0" Remove="0" ResetHealth="0" UnHide="0"/>
  </Node>
  <Node Id="161" Class="entity:GeomEntity" pos="55.226776,966.73364,0" EntityGUID="{7CE46FEA-9434-4D97-BE8D-B95352D664CD}" EntityGUID_64="4D9794347CE46FEA">
   <Inputs entityId="0" Hide="0" MakeInvulnerable="0" MakeVulnerable="0" Remove="0" ResetHealth="0" UnHide="0"/>
  </Node>
  <Node Id="163" Class="entity:GeomEntity" pos="55.226776,991.73364,0" EntityGUID="{B1D06FF9-3630-422A-A215-6153E07C615E}" EntityGUID_64="422A3630B1D06FF9">
   <Inputs entityId="0" Hide="0" MakeInvulnerable="0" MakeVulnerable="0" Remove="0" ResetHealth="0" UnHide="0"/>
  </Node>
  <Node Id="165" Class="entity:GeomEntity" pos="55.226776,1016.7336,0" EntityGUID="{E5358C1F-2994-4433-B809-769A7776777A}" EntityGUID_64="44332994E5358C1F">
   <Inputs entityId="0" Hide="0" MakeInvulnerable="0" MakeVulnerable="0" Remove="0" ResetHealth="0" UnHide="0"/>
  </Node>
  <Node Id="167" Class="entity:GeomEntity" pos="55.226776,1041.7336,0" EntityGUID="{EA914D69-BC84-4EFA-9C26-927C48BB8E92}" EntityGUID_64="4EFABC84EA914D69">
   <Inputs entityId="0" Hide="0" MakeInvulnerable="0" MakeVulnerable="0" Remove="0" ResetHealth="0" UnHide="0"/>
  </Node>
  <Node Id="169" Class="entity:GeomEntity" pos="55.226776,1066.7336,0" EntityGUID="{485DCC7B-4AFF-4F22-A1E0-914A2C5E8A61}" EntityGUID_64="4F224AFF485DCC7B">
   <Inputs entityId="0" Hide="0" MakeInvulnerable="0" MakeVulnerable="0" Remove="0" ResetHealth="0" UnHide="0"/>
  </Node>
  <Node Id="171" Class="entity:GeomEntity" pos="55.226776,1091.7336,0" EntityGUID="{2BC7737F-EFC7-4AA5-B28C-8AFC35B98BD5}" EntityGUID_64="4AA5EFC72BC7737F">
   <Inputs entityId="0" Hide="0" MakeInvulnerable="0" MakeVulnerable="0" Remove="0" ResetHealth="0" UnHide="0"/>
  </Node>
  <Node Id="173" Class="entity:GeomEntity" pos="55.226776,1116.7336,0" EntityGUID="{13B54FBD-8284-4494-BB4B-97E27A009874}" EntityGUID_64="4494828413B54FBD">
   <Inputs entityId="0" Hide="0" MakeInvulnerable="0" MakeVulnerable="0" Remove="0" ResetHealth="0" UnHide="0"/>
  </Node>
  <Node Id="175" Class="entity:GeomEntity" pos="55.226776,1141.7336,0" EntityGUID="{CCFFE9BE-01AD-4561-B977-B2D5C07B8E70}" EntityGUID_64="456101ADCCFFE9BE">
   <Inputs entityId="0" Hide="0" MakeInvulnerable="0" MakeVulnerable="0" Remove="0" ResetHealth="0" UnHide="0"/>
  </Node>
  <Node Id="177" Class="entity:GeomEntity" pos="55.226776,1166.7336,0" EntityGUID="{D74C2820-6FAF-4EC7-B51E-8E3DBDA33005}" EntityGUID_64="4EC76FAFD74C2820">
   <Inputs entityId="0" Hide="0" MakeInvulnerable="0" MakeVulnerable="0" Remove="0" ResetHealth="0" UnHide="0"/>
  </Node>
  <Node Id="179" Class="entity:GeomEntity" pos="55.226776,1191.7336,0" EntityGUID="{400D5922-32B1-4F91-ADCB-A6D6E5F318F5}" EntityGUID_64="4F9132B1400D5922">
   <Inputs entityId="0" Hide="0" MakeInvulnerable="0" MakeVulnerable="0" Remove="0" ResetHealth="0" UnHide="0"/>
  </Node>
  <Node Id="181" Class="entity:GeomEntity" pos="55.226776,1216.7336,0" EntityGUID="{60AAEB28-81BA-4F27-AAA0-E2EDFFEA671F}" EntityGUID_64="4F2781BA60AAEB28">
   <Inputs entityId="0" Hide="0" MakeInvulnerable="0" MakeVulnerable="0" Remove="0" ResetHealth="0" UnHide="0"/>
  </Node>
  <Node Id="183" Class="entity:GeomEntity" pos="55.226776,1241.7336,0" EntityGUID="{1936CD49-A0D1-426E-8B01-4ED58BFF0E11}" EntityGUID_64="426EA0D11936CD49">
   <Inputs entityId="0" Hide="0" MakeInvulnerable="0" MakeVulnerable="0" Remove="0" ResetHealth="0" UnHide="0"/>
  </Node>
  <Node Id="185" Class="entity:GeomEntity" pos="55.226776,1266.7336,0" EntityGUID="{A1862ABC-AE19-4482-89D6-AD8F80AE7C76}" EntityGUID_64="4482AE19A1862ABC">
   <Inputs entityId="0" Hide="0" MakeInvulnerable="0" MakeVulnerable="0" Remove="0" ResetHealth="0" UnHide="0"/>
  </Node>
  <Node Id="187" Class="entity:GeomEntity" pos="55.226776,1291.7336,0" EntityGUID="{59A257E5-2968-47E4-A312-87DA55CF6A89}" EntityGUID_64="47E4296859A257E5">
   <Inputs entityId="0" Hide="0" MakeInvulnerable="0" MakeVulnerable="0" Remove="0" ResetHealth="0" UnHide="0"/>
  </Node>
  <Node Id="189" Class="entity:GeomEntity" pos="55.226776,1316.7336,0" EntityGUID="{72959EED-9557-49C8-80F9-BDB381FEA493}" EntityGUID_64="49C8955772959EED">
   <Inputs entityId="0" Hide="0" MakeInvulnerable="0" MakeVulnerable="0" Remove="0" ResetHealth="0" UnHide="0"/>
  </Node>
  <Node Id="191" Class="entity:GeomEntity" pos="55.226776,1341.7336,0" EntityGUID="{96915EDF-F54F-402A-83E2-9644B6F41BBF}" EntityGUID_64="402AF54F96915EDF">
   <Inputs entityId="0" Hide="0" MakeInvulnerable="0" MakeVulnerable="0" Remove="0" ResetHealth="0" UnHide="0"/>
  </Node>
 </Nodes>
 <Edges />
 <GraphTokens />
</Graph>
