<Graph isModule="1" moduleName="GeomEntities_EchelonRoofObjects" isObjectList="1" objectListClass="GeomEntity" Description="" Group="" enabled="1" MultiPlayer="ClientServer">
 <Nodes>
  <Node Id="14" Class="entity:GeomEntity" pos="440,-990,0" EntityGUID="{E3B58872-5747-4B41-877A-ED38F9E7349C}" EntityGUID_64="4B415747E3B58872">
   <Inputs entityId="0" Hide="0" MakeInvulnerable="0" MakeVulnerable="0" Remove="0" ResetHealth="0" UnHide="0"/>
  </Node>
  <Node Id="16" Class="entity:GeomEntity" pos="440,-1160,0" EntityGUID="{EA088078-86F2-4046-AE56-926C965B9C4D}" EntityGUID_64="404686F2EA088078">
   <Inputs entityId="0" Hide="0" MakeInvulnerable="0" MakeVulnerable="0" Remove="0" ResetHealth="0" UnHide="0"/>
  </Node>
  <Node Id="22" Class="entity:GeomEntity" pos="440,-820,0" EntityGUID="{654E7B35-B54E-4DA9-8620-919B28637117}" EntityGUID_64="4DA9B54E654E7B35">
   <Inputs entityId="0" Hide="0" MakeInvulnerable="0" MakeVulnerable="0" Remove="0" ResetHealth="0" UnHide="0"/>
  </Node>
  <Node Id="24" Class="entity:GeomEntity" pos="440,-1330,0" EntityGUID="{B07E9667-48D5-4507-9FB5-C526734A79FD}" EntityGUID_64="450748D5B07E9667">
   <Inputs entityId="0" Hide="0" MakeInvulnerable="0" MakeVulnerable="0" Remove="0" ResetHealth="0" UnHide="0"/>
  </Node>
  <Node Id="30" Class="entity:GeomEntity" pos="440,-650,0" EntityGUID="{71372610-EFC6-44C9-84B1-F27A4DF5EFB9}" EntityGUID_64="44C9EFC671372610">
   <Inputs entityId="0" Hide="0" MakeInvulnerable="0" MakeVulnerable="0" Remove="0" ResetHealth="0" UnHide="0"/>
  </Node>
 </Nodes>
 <Edges />
 <GraphTokens />
</Graph>
