<Graph isModule="1" moduleName="Lights_BedArea" isObjectList="1" objectListClass="Light" Description="" Group="" enabled="1" MultiPlayer="ClientServer">
 <Nodes>
  <Node Id="2" Class="entity:Light" pos="-253,-100,0" EntityGUID="{B96A08EA-FD34-4B69-9E5A-F661A9405CEF}" EntityGUID_64="4B69FD34B96A08EA">
   <Inputs entityId="0" Active="0" DiffuseColor="0,0,0" DiffuseMultiplier="0" Disable="0" Enable="0" Radius="0" SpecularMultiplier="0"/>
  </Node>
  <Node Id="4" Class="entity:Light" pos="-253,-75,0" EntityGUID="{02955B3D-93E1-41FF-90B8-12763FE17C08}" EntityGUID_64="41FF93E102955B3D">
   <Inputs entityId="0" Active="0" DiffuseColor="0,0,0" DiffuseMultiplier="0" Disable="0" Enable="0" Radius="0" SpecularMultiplier="0"/>
  </Node>
  <Node Id="6" Class="entity:Light" pos="-253,-50,0" EntityGUID="{004EB8DC-17DC-40CD-AC12-2F56F17DDD04}" EntityGUID_64="40CD17DC004EB8DC">
   <Inputs entityId="0" Active="0" DiffuseColor="0,0,0" DiffuseMultiplier="0" Disable="0" Enable="0" Radius="0" SpecularMultiplier="0"/>
  </Node>
  <Node Id="8" Class="entity:Light" pos="-253,-25,0" EntityGUID="{B8BED7DF-16E1-4843-979F-93B97A2E57A4}" EntityGUID_64="484316E1B8BED7DF">
   <Inputs entityId="0" Active="0" DiffuseColor="0,0,0" DiffuseMultiplier="0" Disable="0" Enable="0" Radius="0" SpecularMultiplier="0"/>
  </Node>
  <Node Id="10" Class="entity:Light" pos="-253,0,0" EntityGUID="{5EA2C24D-6CC4-44F9-B6FD-C762A04B8E60}" EntityGUID_64="44F96CC45EA2C24D">
   <Inputs entityId="0" Active="0" DiffuseColor="0,0,0" DiffuseMultiplier="0" Disable="0" Enable="0" Radius="0" SpecularMultiplier="0"/>
  </Node>
 </Nodes>
 <Edges />
 <GraphTokens />
</Graph>
