<Graph isModule="1" moduleName="Lights_Kitchen" isObjectList="1" objectListClass="Light" Description="" Group="" enabled="1" MultiPlayer="ClientServer">
 <Nodes>
  <Node Id="2" Class="entity:Light" pos="-160,-100,0" EntityGUID="{F54930D8-5748-4C2F-A910-2456D96FB123}" EntityGUID_64="4C2F5748F54930D8">
   <Inputs entityId="0" Active="0" DiffuseColor="0,0,0" DiffuseMultiplier="0" Disable="0" Enable="0" Radius="0" SpecularMultiplier="0"/>
  </Node>
  <Node Id="4" Class="entity:Light" pos="-260,160,0" EntityGUID="{D4E3E113-3ED0-4784-84D7-812044578672}" EntityGUID_64="47843ED0D4E3E113">
   <Inputs entityId="0" Active="0" DiffuseColor="0,0,0" DiffuseMultiplier="0" Disable="0" Enable="0" Radius="0" SpecularMultiplier="0"/>
  </Node>
  <Node Id="6" Class="entity:Light" pos="-450,-50,0" EntityGUID="{07271FDB-6246-4290-8B9A-1B14DDF3F087}" EntityGUID_64="4290624607271FDB">
   <Inputs entityId="0" Active="0" DiffuseColor="0,0,0" DiffuseMultiplier="0" Disable="0" Enable="0" Radius="0" SpecularMultiplier="0"/>
  </Node>
 </Nodes>
 <Edges />
 <GraphTokens />
</Graph>
