<Graph isModule="1" moduleName="Lights_GlassSceneFlares" isObjectList="1" objectListClass="Light" Description="" Group="" enabled="1" MultiPlayer="ClientServer">
 <Nodes>
  <Node Id="2" Class="entity:Light" pos="-235,-56,0" EntityGUID="{FC5EA2C0-D3F4-4592-AD00-39875B23F32F}" EntityGUID_64="4592D3F4FC5EA2C0">
   <Inputs entityId="0" Active="0" DiffuseColor="0,0,0" DiffuseMultiplier="0" Disable="0" Enable="0" Radius="0" SpecularMultiplier="0"/>
  </Node>
  <Node Id="4" Class="entity:Light" pos="-235,-31,0" EntityGUID="{52469308-7BD6-4E2D-BD46-21123D065C6D}" EntityGUID_64="4E2D7BD652469308">
   <Inputs entityId="0" Active="0" DiffuseColor="0,0,0" DiffuseMultiplier="0" Disable="0" Enable="0" Radius="0" SpecularMultiplier="0"/>
  </Node>
  <Node Id="6" Class="entity:Light" pos="-235,-6,0" EntityGUID="{644CECBE-6918-4DFC-A7DD-D6D8014DE866}" EntityGUID_64="4DFC6918644CECBE">
   <Inputs entityId="0" Active="0" DiffuseColor="0,0,0" DiffuseMultiplier="0" Disable="0" Enable="0" Radius="0" SpecularMultiplier="0"/>
  </Node>
  <Node Id="8" Class="entity:Light" pos="-235,19,0" EntityGUID="{FCB45A50-E735-49B6-9CE5-71CEE939C5F2}" EntityGUID_64="49B6E735FCB45A50">
   <Inputs entityId="0" Active="0" DiffuseColor="0,0,0" DiffuseMultiplier="0" Disable="0" Enable="0" Radius="0" SpecularMultiplier="0"/>
  </Node>
  <Node Id="10" Class="entity:Light" pos="-235,44,0" EntityGUID="{4FDC3DEB-D39C-4783-8C36-332E324FC441}" EntityGUID_64="4783D39C4FDC3DEB">
   <Inputs entityId="0" Active="0" DiffuseColor="0,0,0" DiffuseMultiplier="0" Disable="0" Enable="0" Radius="0" SpecularMultiplier="0"/>
  </Node>
  <Node Id="12" Class="entity:Light" pos="-235,69,0" EntityGUID="{9C40FC63-4B7F-4E3A-93C3-3A60BC253F01}" EntityGUID_64="4E3A4B7F9C40FC63">
   <Inputs entityId="0" Active="0" DiffuseColor="0,0,0" DiffuseMultiplier="0" Disable="0" Enable="0" Radius="0" SpecularMultiplier="0"/>
  </Node>
  <Node Id="14" Class="entity:Light" pos="-235,94,0" EntityGUID="{EF703EA1-A53F-4788-A64E-EBD4D15F430A}" EntityGUID_64="4788A53FEF703EA1">
   <Inputs entityId="0" Active="0" DiffuseColor="0,0,0" DiffuseMultiplier="0" Disable="0" Enable="0" Radius="0" SpecularMultiplier="0"/>
  </Node>
  <Node Id="16" Class="entity:Light" pos="-235,119,0" EntityGUID="{E435DDF0-A5EE-4237-99A4-159D1645AD0F}" EntityGUID_64="4237A5EEE435DDF0">
   <Inputs entityId="0" Active="0" DiffuseColor="0,0,0" DiffuseMultiplier="0" Disable="0" Enable="0" Radius="0" SpecularMultiplier="0"/>
  </Node>
  <Node Id="18" Class="entity:Light" pos="-235,144,0" EntityGUID="{9B13B998-353D-440B-8089-2E7066A1BD1E}" EntityGUID_64="440B353D9B13B998">
   <Inputs entityId="0" Active="0" DiffuseColor="0,0,0" DiffuseMultiplier="0" Disable="0" Enable="0" Radius="0" SpecularMultiplier="0"/>
  </Node>
  <Node Id="20" Class="entity:Light" pos="-235,169,0" EntityGUID="{995D20CC-097A-42C7-8BE3-0B4DD9B8EA3A}" EntityGUID_64="42C7097A995D20CC">
   <Inputs entityId="0" Active="0" DiffuseColor="0,0,0" DiffuseMultiplier="0" Disable="0" Enable="0" Radius="0" SpecularMultiplier="0"/>
  </Node>
  <Node Id="22" Class="entity:Light" pos="-235,194,0" EntityGUID="{AE3531CA-B3BE-4070-B383-3609DA9FFF62}" EntityGUID_64="4070B3BEAE3531CA">
   <Inputs entityId="0" Active="0" DiffuseColor="0,0,0" DiffuseMultiplier="0" Disable="0" Enable="0" Radius="0" SpecularMultiplier="0"/>
  </Node>
 </Nodes>
 <Edges />
 <GraphTokens />
</Graph>
