<Graph isModule="1" moduleName="Particles_DecontamSpray" isObjectList="1" objectListClass="ParticleEffect" Description="" Group="" enabled="1" MultiPlayer="ClientServer">
 <Nodes>
  <Node Id="2" Class="entity:ParticleEffect" pos="46.37756,-255.07657,0" EntityGUID="{BA3F2619-1D85-460D-BE6A-60D33A4E4584}" EntityGUID_64="460D1D85BA3F2619">
   <Inputs entityId="0" Disable="0" Enable="0" Kill="0" Restart="0" Spawn="0"/>
  </Node>
  <Node Id="4" Class="entity:ParticleEffect" pos="46.37756,-230.07657,0" EntityGUID="{D45E32B2-EF6B-4346-BEA6-F76AC4075EF1}" EntityGUID_64="4346EF6BD45E32B2">
   <Inputs entityId="0" Disable="0" Enable="0" Kill="0" Restart="0" Spawn="0"/>
  </Node>
  <Node Id="6" Class="entity:ParticleEffect" pos="46.37756,-205.07657,0" EntityGUID="{B06804F6-DDB6-4A99-BF1C-B6FE223EA894}" EntityGUID_64="4A99DDB6B06804F6">
   <Inputs entityId="0" Disable="0" Enable="0" Kill="0" Restart="0" Spawn="0"/>
  </Node>
  <Node Id="8" Class="entity:ParticleEffect" pos="46.37756,-180.07657,0" EntityGUID="{F1BE9756-8A8B-46C7-9297-E41896E601B2}" EntityGUID_64="46C78A8BF1BE9756">
   <Inputs entityId="0" Disable="0" Enable="0" Kill="0" Restart="0" Spawn="0"/>
  </Node>
  <Node Id="10" Class="entity:ParticleEffect" pos="46.37756,-155.07657,0" EntityGUID="{42D77CE8-DE74-44F7-AAF5-70BE301273F5}" EntityGUID_64="44F7DE7442D77CE8">
   <Inputs entityId="0" Disable="0" Enable="0" Kill="0" Restart="0" Spawn="0"/>
  </Node>
  <Node Id="12" Class="entity:ParticleEffect" pos="46.37756,-130.07657,0" EntityGUID="{6D0EA76B-4091-44D9-9EE1-DB34F1752B36}" EntityGUID_64="44D940916D0EA76B">
   <Inputs entityId="0" Disable="0" Enable="0" Kill="0" Restart="0" Spawn="0"/>
  </Node>
  <Node Id="14" Class="entity:ParticleEffect" pos="46.37756,-105.07657,0" EntityGUID="{585EBEBB-43B2-476E-9416-57DE97D5A46C}" EntityGUID_64="476E43B2585EBEBB">
   <Inputs entityId="0" Disable="0" Enable="0" Kill="0" Restart="0" Spawn="0"/>
  </Node>
  <Node Id="16" Class="entity:ParticleEffect" pos="46.37756,-80.076569,0" EntityGUID="{675DDEB5-3136-49F8-80F7-CC2EE2FE827E}" EntityGUID_64="49F83136675DDEB5">
   <Inputs entityId="0" Disable="0" Enable="0" Kill="0" Restart="0" Spawn="0"/>
  </Node>
 </Nodes>
 <Edges />
 <GraphTokens />
</Graph>
