<Graph isModule="1" moduleName="Particles_DecontamSpray_Fab" isObjectList="1" objectListClass="ParticleEffect" Description="" Group="" enabled="1" MultiPlayer="ClientServer">
 <Nodes>
  <Node Id="2" Class="entity:ParticleEffect" pos="-393,63,0" EntityGUID="{1C0EBE3C-056E-44FB-93D3-DB3F2481B35C}" EntityGUID_64="44FB056E1C0EBE3C">
   <Inputs entityId="0" Disable="0" Enable="0" Kill="0" Restart="0" Spawn="0"/>
  </Node>
  <Node Id="4" Class="entity:ParticleEffect" pos="-393,88,0" EntityGUID="{7295297D-77C6-4146-9A88-1093F33C35CA}" EntityGUID_64="414677C67295297D">
   <Inputs entityId="0" Disable="0" Enable="0" Kill="0" Restart="0" Spawn="0"/>
  </Node>
  <Node Id="6" Class="entity:ParticleEffect" pos="-393,113,0" EntityGUID="{3CA1874B-FCE7-4BA4-B145-6FC8721BED82}" EntityGUID_64="4BA4FCE73CA1874B">
   <Inputs entityId="0" Disable="0" Enable="0" Kill="0" Restart="0" Spawn="0"/>
  </Node>
  <Node Id="8" Class="entity:ParticleEffect" pos="-393,138,0" EntityGUID="{89A8BDDF-9816-4DDB-9FCA-FD2342739090}" EntityGUID_64="4DDB981689A8BDDF">
   <Inputs entityId="0" Disable="0" Enable="0" Kill="0" Restart="0" Spawn="0"/>
  </Node>
  <Node Id="10" Class="entity:ParticleEffect" pos="-393,163,0" EntityGUID="{47C0D729-A4EC-4150-8E55-9667FA081329}" EntityGUID_64="4150A4EC47C0D729">
   <Inputs entityId="0" Disable="0" Enable="0" Kill="0" Restart="0" Spawn="0"/>
  </Node>
  <Node Id="12" Class="entity:ParticleEffect" pos="-393,188,0" EntityGUID="{AF58877B-5717-4921-8A9B-0AAEA9189567}" EntityGUID_64="49215717AF58877B">
   <Inputs entityId="0" Disable="0" Enable="0" Kill="0" Restart="0" Spawn="0"/>
  </Node>
  <Node Id="14" Class="entity:ParticleEffect" pos="-393,213,0" EntityGUID="{AB10B207-F2CF-4F8B-94A4-FDE92D064C96}" EntityGUID_64="4F8BF2CFAB10B207">
   <Inputs entityId="0" Disable="0" Enable="0" Kill="0" Restart="0" Spawn="0"/>
  </Node>
  <Node Id="16" Class="entity:ParticleEffect" pos="-393,238,0" EntityGUID="{A9EDA3E5-F53C-4EEB-BF1D-36931A9A833F}" EntityGUID_64="4EEBF53CA9EDA3E5">
   <Inputs entityId="0" Disable="0" Enable="0" Kill="0" Restart="0" Spawn="0"/>
  </Node>
 </Nodes>
 <Edges />
 <GraphTokens />
</Graph>
