<Graph isModule="1" moduleName="Particles_VolunteerFloor" isObjectList="1" objectListClass="ParticleEffect" Description="" Group="" enabled="1" MultiPlayer="ClientServer">
 <Nodes>
  <Node Id="2" Class="entity:ParticleEffect" pos="-11,-14,0" EntityGUID="{D252459F-2E7A-40C3-82AE-D382EC589C85}" EntityGUID_64="40C32E7AD252459F">
   <Inputs entityId="0" Disable="0" Enable="0" Kill="0" Restart="0" Spawn="0"/>
  </Node>
  <Node Id="4" Class="entity:ParticleEffect" pos="-11,11,0" EntityGUID="{5841B47C-5521-4C24-82D7-8981FC066E03}" EntityGUID_64="4C2455215841B47C">
   <Inputs entityId="0" Disable="0" Enable="0" Kill="0" Restart="0" Spawn="0"/>
  </Node>
  <Node Id="6" Class="entity:ParticleEffect" pos="-11,36,0" EntityGUID="{CAF81916-5C31-436B-B756-C37FE1977203}" EntityGUID_64="436B5C31CAF81916">
   <Inputs entityId="0" Disable="0" Enable="0" Kill="0" Restart="0" Spawn="0"/>
  </Node>
  <Node Id="8" Class="entity:ParticleEffect" pos="-11,61,0" EntityGUID="{2F185CF3-3019-428C-A276-F8653E641104}" EntityGUID_64="428C30192F185CF3">
   <Inputs entityId="0" Disable="0" Enable="0" Kill="0" Restart="0" Spawn="0"/>
  </Node>
  <Node Id="10" Class="entity:ParticleEffect" pos="-11,86,0" EntityGUID="{A93963B9-2C26-4BD8-8B65-B12DE97C2BF8}" EntityGUID_64="4BD82C26A93963B9">
   <Inputs entityId="0" Disable="0" Enable="0" Kill="0" Restart="0" Spawn="0"/>
  </Node>
  <Node Id="12" Class="entity:ParticleEffect" pos="-11,111,0" EntityGUID="{7285A193-C430-4592-89A1-671AEBF01B13}" EntityGUID_64="4592C4307285A193">
   <Inputs entityId="0" Disable="0" Enable="0" Kill="0" Restart="0" Spawn="0"/>
  </Node>
  <Node Id="14" Class="entity:ParticleEffect" pos="-11,136,0" EntityGUID="{EC9D349B-927F-4EC5-AA38-6D87730EDDA1}" EntityGUID_64="4EC5927FEC9D349B">
   <Inputs entityId="0" Disable="0" Enable="0" Kill="0" Restart="0" Spawn="0"/>
  </Node>
  <Node Id="16" Class="entity:ParticleEffect" pos="-11,161,0" EntityGUID="{7B303D0A-9768-4D8D-AD97-F3F6FA1AB923}" EntityGUID_64="4D8D97687B303D0A">
   <Inputs entityId="0" Disable="0" Enable="0" Kill="0" Restart="0" Spawn="0"/>
  </Node>
  <Node Id="18" Class="entity:ParticleEffect" pos="-11,186,0" EntityGUID="{E93C4423-E5C9-457A-9CB6-4DB9B637F051}" EntityGUID_64="457AE5C9E93C4423">
   <Inputs entityId="0" Disable="0" Enable="0" Kill="0" Restart="0" Spawn="0"/>
  </Node>
 </Nodes>
 <Edges />
 <GraphTokens />
</Graph>
