
<ResponseRules description="Recording of the gaming group&apos;s play sessions. Provides character development, explores Abigail&apos;s back story with her courtship of Danielle, establishes some positions of characters when everything goes to hell on the station.">
 <WritebackKeys/>
 <ResponseRule id="844024417277871459" name="Crew_GamingSession01" cooldown="" conversation="1" response="844024417277874713" description="First recorded gaming session. Group begins awkwardly.">
  <Criteria>
   <Criterion id="15659330456318451386" value="13680621263353786218" comparison="0" type="guid"/>
   <Criterion id="15659330456318451410" comparison="0" value="onTranscribeTrigger" fromResponse="0" type="default"/>
   <Criterion comparison="0" passIfMissing="false" id="15659330456318451477" type="guid" keyType="default" value="844024417273151649"/>
  </Criteria>
 </ResponseRule>
 <ResponseSet id="844024417277874713">
  <Response dialog="844024417277874527" id="844024417277874714" cooldown="0" weight="1" oneshot="0" completeConversation="0"/>
 </ResponseSet>
 <ResponseRule id="844024417277876508" name="Crew_GamingSession02" cooldown="" conversation="1" description="A second gaming session, recorded some time after the first. This one is on Emma&apos;s transcribe since we can&apos;t fit them all on Elias&apos;. It&apos;s also an interesting twist that Emma was more hesitant at first but is now in on the idea of recording these things." response="844024417277878031">
  <Criteria>
   <Criterion id="15659330456318451386" value="13680621263353786228" comparison="0" type="guid"/>
   <Criterion id="15659330456318451410" comparison="0" value="onTranscribeTrigger" fromResponse="0" type="default"/>
   <Criterion comparison="0" passIfMissing="false" id="15659330456318451477" type="guid" keyType="default" value="4349723564911791736"/>
  </Criteria>
 </ResponseRule>
 <ResponseSet id="844024417277878031">
  <Response dialog="844024417294846698" id="844024417277878032" cooldown="0" weight="1" oneshot="0" completeConversation="0"/>
 </ResponseSet>
 <ResponseRule id="844024417277878067" name="" cooldown="" response="844024417277878068">
  <Criteria>
   <Criterion id="15659330456318451386" value="13680621263353786218" comparison="0" type="guid"/>
   <Criterion id="15659330456318451410" comparison="0" value="844024417277878032" fromResponse="1" type="guid"/>
   <Criterion comparison="0" passIfMissing="false" id="15659330456318451477" type="guid" keyType="default" value="844024417273151649"/>
  </Criteria>
 </ResponseRule>
 <ResponseSet id="844024417277878068">
  <Response dialog="844024417294846842" id="844024417277878069" cooldown="0" weight="1" oneshot="0" completeConversation="0" delay="0.25"/>
 </ResponseSet>
 <ResponseRule id="844024417277878102" name="" cooldown="" response="844024417277878103">
  <Criteria>
   <Criterion id="15659330456318451386" value="13680621263353094521" comparison="0" type="guid"/>
   <Criterion id="15659330456318451410" comparison="0" value="844024417277878069" fromResponse="1" type="guid"/>
   <Criterion comparison="0" passIfMissing="false" id="15659330456318451477" type="guid" keyType="default" value="844024417277875007"/>
  </Criteria>
 </ResponseRule>
 <ResponseSet id="844024417277878103">
  <Response dialog="844024417277878101" id="844024417277878104" cooldown="0" weight="1" oneshot="0" completeConversation="0" delay="0"/>
 </ResponseSet>
 <ResponseRule id="844024417277878179" name="" cooldown="" response="844024417277878180">
  <Criteria>
   <Criterion id="15659330456318451386" value="13680621263353786169" comparison="0" type="guid"/>
   <Criterion id="15659330456318451410" comparison="0" value="844024417277878104" fromResponse="1" type="guid"/>
   <Criterion id="15659330456318451477" value="4349723564911797141" comparison="0" type="guid"/>
  </Criteria>
 </ResponseRule>
 <ResponseSet id="844024417277878180">
  <Response dialog="844024417277878178" id="844024417277878181" cooldown="0" weight="1" oneshot="0" completeConversation="0" delay="0.5"/>
 </ResponseSet>
 <ResponseRule id="844024417277878293" name="" cooldown="" response="844024417287658545">
  <Criteria>
   <Criterion id="15659330456318451386" value="13680621263353786218" comparison="0" type="guid"/>
   <Criterion id="15659330456318451410" comparison="0" value="844024417277878181" fromResponse="1" type="guid"/>
   <Criterion comparison="0" passIfMissing="false" id="15659330456318451477" type="guid" keyType="default" value="844024417273151649"/>
  </Criteria>
 </ResponseRule>
 <ResponseSet id="844024417287658545">
  <Response dialog="844024417294847150" id="844024417287658546" cooldown="0" weight="1" oneshot="0" completeConversation="1" delay="0.25" targetType="2" targetId="844024417273151649" speakerTrackMethod="0" targetTrackMethod="0"/>
 </ResponseSet>
 <ResponseRule id="844024417294581443" name="" cooldown="" response="844024417294581444">
  <Criteria>
   <Criterion id="15659330456318451386" value="13680621263353786218" comparison="0" type="guid"/>
   <Criterion id="15659330456318451410" comparison="0" value="844024417277874714" fromResponse="1" type="guid"/>
   <Criterion id="15659330456318451477" value="844024417273151649" comparison="0" type="guid"/>
  </Criteria>
 </ResponseRule>
 <ResponseSet id="844024417294581444">
  <Response dialog="844024417294581442" id="844024417294581445" cooldown="0" weight="1" oneshot="0" completeConversation="0" delay="1"/>
 </ResponseSet>
 <ResponseRule id="844024417294582541" name="" cooldown="" response="844024417294582598">
  <Criteria>
   <Criterion id="15659330456318451386" value="13680621263353786228" comparison="0" type="guid"/>
   <Criterion id="15659330456318451410" comparison="0" value="844024417294581445" fromResponse="1" type="guid"/>
   <Criterion comparison="0" passIfMissing="false" id="15659330456318451477" type="guid" keyType="default" value="4349723564911791736"/>
  </Criteria>
 </ResponseRule>
 <ResponseSet id="844024417294582598">
  <Response dialog="844024417294582596" id="844024417294582599" cooldown="0" weight="1" oneshot="0" completeConversation="0" delay="0" targetType="2" targetId="844024417277875007" speakerTrackMethod="1" targetTrackMethod="0"/>
 </ResponseSet>
 <ResponseRule id="844024417294582956" name="" cooldown="" response="844024417294583016">
  <Criteria>
   <Criterion id="15659330456318451386" value="13680621263353786169" comparison="0" type="guid"/>
   <Criterion id="15659330456318451410" comparison="0" value="844024417294582599" fromResponse="1" type="guid"/>
   <Criterion id="15659330456318451477" value="4349723564911797141" comparison="0" type="guid"/>
  </Criteria>
 </ResponseRule>
 <ResponseSet id="844024417294583016">
  <Response dialog="844024417294583014" id="844024417294583017" cooldown="0" weight="1" oneshot="0" completeConversation="0" delay=".25" targetType="2" targetId="844024417277875007" speakerTrackMethod="1" targetTrackMethod="0"/>
 </ResponseSet>
 <ResponseRule id="844024417294586548" name="Crew_GamingSession3" cooldown="" response="844024417294586607" conversation="1">
  <Criteria>
   <Criterion id="15659330456318451386" value="13680621263353786218" comparison="0" type="guid"/>
   <Criterion id="15659330456318451410" comparison="0" value="onTranscribeTrigger" fromResponse="0" type="default"/>
   <Criterion comparison="0" passIfMissing="false" id="15659330456318451477" type="guid" keyType="default" value="844024417273151649"/>
  </Criteria>
 </ResponseRule>
 <ResponseSet id="844024417294586607">
  <Response dialog="844024417294586606" id="844024417294586608" cooldown="0" weight="1" oneshot="0" completeConversation="0" delay="0" cutoff="0.5"/>
 </ResponseSet>
 <ResponseRule id="844024417294586627" name="" cooldown="" response="844024417294586628">
  <Criteria>
   <Criterion id="15659330456318451386" value="13680621263353094521" comparison="0" type="guid"/>
   <Criterion id="15659330456318451410" comparison="0" value="844024417294586608" fromResponse="1" type="guid"/>
   <Criterion comparison="0" passIfMissing="false" id="15659330456318451477" type="guid" keyType="default" value="844024417277875007"/>
  </Criteria>
 </ResponseRule>
 <ResponseSet id="844024417294586628">
  <Response dialog="844024417294586626" id="844024417294586629" cooldown="0" weight="1" oneshot="0" completeConversation="0" delay="0" targetType="2" targetId="844024417273151649" speakerTrackMethod="0" targetTrackMethod="0"/>
 </ResponseSet>
 <ResponseRule id="844024417294586670" name="" cooldown="" response="844024417294586671">
  <Criteria>
   <Criterion id="15659330456318451386" value="13680621263353786218" comparison="0" type="guid"/>
   <Criterion id="15659330456318451410" comparison="0" value="844024417294586629" fromResponse="1" type="guid"/>
   <Criterion id="15659330456318451477" value="844024417273151649" comparison="0" type="guid"/>
  </Criteria>
 </ResponseRule>
 <ResponseSet id="844024417294586671">
  <Response dialog="844024417294586669" id="844024417294586672" cooldown="0" weight="1" oneshot="0" completeConversation="0" delay="0" cutoff="0.25"/>
 </ResponseSet>
 <ResponseRule id="844024417294586778" name="" cooldown="" response="844024417294586779">
  <Criteria>
   <Criterion id="15659330456318451386" value="13680621263353786169" comparison="0" type="guid"/>
   <Criterion id="15659330456318451410" comparison="0" value="844024417294586672" fromResponse="1" type="guid"/>
   <Criterion comparison="0" passIfMissing="false" id="15659330456318451477" type="guid" keyType="default" value="4349723564911797141"/>
  </Criteria>
 </ResponseRule>
 <ResponseSet id="844024417294586779">
  <Response dialog="844024417294586777" id="844024417294586780" cooldown="0" weight="1" oneshot="0" completeConversation="0" delay="0" targetType="2" targetId="844024417273151649" speakerTrackMethod="0" targetTrackMethod="0"/>
 </ResponseSet>
 <ResponseRule id="844024417294586959" name="" cooldown="" response="844024417294586960">
  <Criteria>
   <Criterion id="15659330456318451386" value="13680621263353786228" comparison="0" type="guid"/>
   <Criterion id="15659330456318451410" comparison="0" value="844024417294586780" fromResponse="1" type="guid"/>
   <Criterion comparison="0" passIfMissing="false" id="15659330456318451477" type="guid" keyType="default" value="4349723564911791736"/>
  </Criteria>
 </ResponseRule>
 <ResponseSet id="844024417294586960">
  <Response dialog="844024417294586958" id="844024417294586961" cooldown="0" weight="1" oneshot="0" completeConversation="0" delay="0" targetType="2" targetId="4349723564911797141" speakerTrackMethod="0" targetTrackMethod="0" cutoff="0.25"/>
 </ResponseSet>
 <ResponseRule id="844024417294586995" name="" cooldown="" response="844024417294586996">
  <Criteria>
   <Criterion id="15659330456318451386" value="13680621263353786169" comparison="0" type="guid"/>
   <Criterion id="15659330456318451410" comparison="0" value="844024417294586961" fromResponse="1" type="guid"/>
   <Criterion id="15659330456318451477" value="4349723564911797141" comparison="0" type="guid"/>
  </Criteria>
 </ResponseRule>
 <ResponseSet id="844024417294586996">
  <Response dialog="844024417294586994" id="844024417294586997" cooldown="0" weight="1" oneshot="0" completeConversation="0" delay="0" targetType="2" targetId="4349723564911791736" speakerTrackMethod="0" targetTrackMethod="0"/>
 </ResponseSet>
 <ResponseRule id="844024417294587035" name="" cooldown="" response="844024417294587036">
  <Criteria>
   <Criterion id="15659330456318451386" value="13680621263353786228" comparison="0" type="guid"/>
   <Criterion id="15659330456318451410" comparison="0" value="844024417294586997" fromResponse="1" type="guid"/>
   <Criterion id="15659330456318451477" value="4349723564911791736" comparison="0" type="guid"/>
  </Criteria>
 </ResponseRule>
 <ResponseSet id="844024417294587036">
  <Response dialog="844024417294587034" id="844024417294587037" cooldown="0" weight="1" oneshot="0" completeConversation="0" delay="0.25" targetType="2" targetId="4349723564911797141" speakerTrackMethod="0" targetTrackMethod="0"/>
 </ResponseSet>
 <ResponseRule id="844024417294587149" name="" cooldown="" response="844024417294587150">
  <Criteria>
   <Criterion id="15659330456318451386" value="13680621263353786228" comparison="0" type="guid"/>
   <Criterion id="15659330456318451410" comparison="0" value="844024417294587037" fromResponse="1" type="guid"/>
   <Criterion id="15659330456318451477" value="4349723564911791736" comparison="0" type="guid"/>
  </Criteria>
 </ResponseRule>
 <ResponseSet id="844024417294587150">
  <Response dialog="844024417294587148" id="844024417294587151" cooldown="0" weight="1" oneshot="0" completeConversation="0" delay="0.25" targetType="2" targetId="4349723564911797141" speakerTrackMethod="0" targetTrackMethod="0"/>
 </ResponseSet>
 <ResponseRule id="844024417294587217" name="" cooldown="" response="844024417294587218">
  <Criteria>
   <Criterion id="15659330456318451386" value="13680621263353094521" comparison="0" type="guid"/>
   <Criterion id="15659330456318451410" comparison="0" value="844024417294587151" fromResponse="1" type="guid"/>
   <Criterion id="15659330456318451477" value="844024417277875007" comparison="0" type="guid"/>
  </Criteria>
 </ResponseRule>
 <ResponseSet id="844024417294587218">
  <Response dialog="844024417294587216" id="844024417294587219" cooldown="0" weight="1" oneshot="0" completeConversation="0" delay="0" targetType="2" targetId="4349723564911791736" speakerTrackMethod="0" targetTrackMethod="0"/>
 </ResponseSet>
 <ResponseRule id="844024417294587320" name="" cooldown="" response="844024417294587321">
  <Criteria>
   <Criterion id="15659330456318451386" value="13680621263353786218" comparison="0" type="guid"/>
   <Criterion id="15659330456318451410" comparison="0" value="844024417294587219" fromResponse="1" type="guid"/>
   <Criterion id="15659330456318451477" value="844024417273151649" comparison="0" type="guid"/>
  </Criteria>
 </ResponseRule>
 <ResponseSet id="844024417294587321">
  <Response dialog="844024417294587319" id="844024417294587322" cooldown="0" weight="1" oneshot="0" completeConversation="0" delay="0.25" targetType="2" targetId="844024417277875007" speakerTrackMethod="1" targetTrackMethod="0"/>
 </ResponseSet>
 <ResponseRule id="844024417294587336" name="" cooldown="" response="844024417294587337">
  <Criteria>
   <Criterion id="15659330456318451386" value="13680621263353786218" comparison="0" type="guid"/>
   <Criterion id="15659330456318451410" comparison="0" value="844024417294587322" fromResponse="1" type="guid"/>
   <Criterion id="15659330456318451477" value="844024417273151649" comparison="0" type="guid"/>
  </Criteria>
 </ResponseRule>
 <ResponseSet id="844024417294587337">
  <Response dialog="844024417294587335" id="844024417294587338" cooldown="0" weight="1" oneshot="0" completeConversation="0" delay="0.25" targetType="2" targetId="844024417277875007" speakerTrackMethod="1" targetTrackMethod="0"/>
 </ResponseSet>
 <ResponseRule id="844024417294587359" name="" cooldown="" response="844024417294587360">
  <Criteria>
   <Criterion id="15659330456318451386" value="13680621263353786169" comparison="0" type="guid"/>
   <Criterion id="15659330456318451410" comparison="0" value="844024417294587338" fromResponse="1" type="guid"/>
   <Criterion id="15659330456318451477" value="4349723564911797141" comparison="0" type="guid"/>
  </Criteria>
 </ResponseRule>
 <ResponseSet id="844024417294587360">
  <Response dialog="844024417294587358" id="844024417294587361" cooldown="0" weight="1" oneshot="0" completeConversation="0" delay="0.6" targetType="2" targetId="844024417273151649" speakerTrackMethod="1" targetTrackMethod="0" cutoff="0.4"/>
 </ResponseSet>
 <ResponseRule id="844024417294587377" name="" cooldown="" response="844024417294587378">
  <Criteria>
   <Criterion id="15659330456318451386" value="13680621263377201655" comparison="0" type="guid"/>
   <Criterion id="15659330456318451410" comparison="0" value="844024417294587361" fromResponse="1" type="guid"/>
   <Criterion comparison="0" passIfMissing="false" id="15659330456318451477" type="guid" keyType="default" value="844024417273151090"/>
  </Criteria>
 </ResponseRule>
 <ResponseSet id="844024417294587378">
  <Response dialog="844024417294587376" id="844024417294587379" cooldown="0" weight="1" oneshot="0" completeConversation="0" delay="0" targetType="2" targetId="4349723564911797141" speakerTrackMethod="0" targetTrackMethod="0"/>
 </ResponseSet>
 <ResponseRule id="844024417294587424" name="" cooldown="" response="844024417294587425">
  <Criteria>
   <Criterion id="15659330456318451386" value="13680621263353786218" comparison="0" type="guid"/>
   <Criterion id="15659330456318451410" comparison="0" value="844024417294587379" fromResponse="1" type="guid"/>
   <Criterion id="15659330456318451477" value="844024417273151649" comparison="0" type="guid"/>
  </Criteria>
 </ResponseRule>
 <ResponseSet id="844024417294587425">
  <Response dialog="844024417294587423" id="844024417294587426" cooldown="0" weight="1" oneshot="0" completeConversation="1" delay="0.5" targetType="2" targetId="844024417273151090" speakerTrackMethod="1" targetTrackMethod="0"/>
 </ResponseSet>
 <ResponseRule id="844024417294918495" name="Crew_GamingSession04" cooldown="" description="Sesssion is interrupted by station emergency (relating to the same events which trigger Morgan&apos;s escape from the simulation).We learn that Fiona has been integrated into the group, but is currently indisposed." response="844024417294918531" conversation="1">
  <Criteria>
   <Criterion id="15659330456318451386" value="13680621263353786218" comparison="0" type="guid"/>
   <Criterion id="15659330456318451410" comparison="0" value="onTranscribeTrigger" fromResponse="0" type="default"/>
   <Criterion comparison="0" passIfMissing="false" id="15659330456318451477" type="guid" keyType="default" value="844024417273151649"/>
  </Criteria>
 </ResponseRule>
 <ResponseSet id="844024417294918531">
  <Response dialog="844024417294918530" id="844024417294918532" cooldown="0" weight="1" oneshot="0" completeConversation="0" delay="0"/>
 </ResponseSet>
 <ResponseRule id="844024417295022040" name="" cooldown="" response="844024417295022041">
  <Criteria>
   <Criterion id="15659330456318451386" value="13680621263353094521" comparison="0" type="guid"/>
   <Criterion id="15659330456318451410" comparison="0" value="844024417294918532" fromResponse="1" type="guid"/>
   <Criterion comparison="0" passIfMissing="false" id="15659330456318451477" type="guid" keyType="default" value="844024417277875007"/>
  </Criteria>
 </ResponseRule>
 <ResponseSet id="844024417295022041">
  <Response dialog="844024417295022039" id="844024417295022042" cooldown="0" weight="1" oneshot="0" completeConversation="0" delay="0.5" targetType="2" targetId="844024417273151649" speakerTrackMethod="1" targetTrackMethod="0"/>
 </ResponseSet>
 <ResponseRule id="844024417295022189" name="" cooldown="" response="844024417295022207">
  <Criteria>
   <Criterion id="15659330456318451386" value="13680621263353786169" comparison="0" type="guid"/>
   <Criterion id="15659330456318451410" comparison="0" value="844024417295022042" fromResponse="1" type="guid"/>
   <Criterion comparison="0" passIfMissing="false" id="15659330456318451477" type="guid" keyType="default" value="4349723564911797141"/>
  </Criteria>
 </ResponseRule>
 <ResponseSet id="844024417295022207">
  <Response dialog="844024417294918687" id="844024417295022208" cooldown="0" weight="1" oneshot="0" completeConversation="0" delay="0.25" targetType="2" targetId="844024417277875007" speakerTrackMethod="1" targetTrackMethod="0"/>
 </ResponseSet>
 <ResponseRule id="844024417295022471" name="" cooldown="" response="844024417295022472">
  <Criteria>
   <Criterion id="15659330456318451386" value="13680621263353786218" comparison="0" type="guid"/>
   <Criterion id="15659330456318451410" comparison="0" value="844024417295022208" fromResponse="1" type="guid"/>
   <Criterion id="15659330456318451477" value="844024417273151649" comparison="0" type="guid"/>
  </Criteria>
 </ResponseRule>
 <ResponseSet id="844024417295022472">
  <Response dialog="844024417295022470" id="844024417295022473" cooldown="0" weight="1" oneshot="0" completeConversation="0" delay="0.25" targetType="2" targetId="4349723564911797141" speakerTrackMethod="1" targetTrackMethod="0"/>
 </ResponseSet>
 <ResponseRule id="844024417295022510" name="" cooldown="" response="844024417295022511">
  <Criteria>
   <Criterion id="15659330456318451386" value="13680621263353786169" comparison="0" type="guid"/>
   <Criterion id="15659330456318451410" comparison="0" value="844024417295022473" fromResponse="1" type="guid"/>
   <Criterion id="15659330456318451477" value="4349723564911797141" comparison="0" type="guid"/>
  </Criteria>
 </ResponseRule>
 <ResponseSet id="844024417295022511">
  <Response dialog="844024417295022509" id="844024417295022512" cooldown="0" weight="1" oneshot="0" completeConversation="0" delay="0.25" targetType="2" targetId="844024417273151649" speakerTrackMethod="1" targetTrackMethod="0" cutoff="0.25"/>
 </ResponseSet>
 <ResponseRule id="844024417295022542" name="" cooldown="" response="844024417295022790">
  <Criteria>
   <Criterion id="15659330456318451386" value="13680621263353094521" comparison="0" type="guid"/>
   <Criterion id="15659330456318451410" comparison="0" value="844024417295022512" fromResponse="1" type="guid"/>
   <Criterion id="15659330456318451477" value="844024417277875007" comparison="0" type="guid"/>
  </Criteria>
 </ResponseRule>
 <ResponseSet id="844024417295022790">
  <Response dialog="844024417295022788" id="844024417295022791" cooldown="0" weight="1" oneshot="0" completeConversation="0" delay="0" targetType="2" targetId="4349723564911791736" speakerTrackMethod="1" targetTrackMethod="0"/>
 </ResponseSet>
 <ResponseRule id="844024417295022842" name="" cooldown="" response="844024417295022843">
  <Criteria>
   <Criterion id="15659330456318451386" value="13680621263353786218" comparison="0" type="guid"/>
   <Criterion id="15659330456318451410" comparison="0" value="844024417295022791" fromResponse="1" type="guid"/>
   <Criterion id="15659330456318451477" value="844024417273151649" comparison="0" type="guid"/>
  </Criteria>
 </ResponseRule>
 <ResponseSet id="844024417295022843">
  <Response dialog="844024417295022841" id="844024417295022844" cooldown="0" weight="1" oneshot="0" completeConversation="0" delay="0" targetType="2" targetId="844024417277875007" speakerTrackMethod="1" targetTrackMethod="0" cutoff="0.1"/>
 </ResponseSet>
 <ResponseRule id="844024417295022860" name="" cooldown="" response="844024417295022861">
  <Criteria>
   <Criterion id="15659330456318451386" value="13680621263353786169" comparison="0" type="guid"/>
   <Criterion id="15659330456318451410" comparison="0" value="844024417295022844" fromResponse="1" type="guid"/>
   <Criterion id="15659330456318451477" value="4349723564911797141" comparison="0" type="guid"/>
  </Criteria>
 </ResponseRule>
 <ResponseSet id="844024417295022861">
  <Response dialog="844024417295022859" id="844024417295022862" cooldown="0" weight="1" oneshot="0" completeConversation="0" delay="0" targetType="2" targetId="844024417273151649" speakerTrackMethod="1" targetTrackMethod="0"/>
 </ResponseSet>
 <ResponseRule id="844024417295022889" name="" cooldown="" response="844024417295023275">
  <Criteria>
   <Criterion id="15659330456318451386" value="13680621263353786228" comparison="0" type="guid"/>
   <Criterion id="15659330456318451410" comparison="0" value="844024417295022862" fromResponse="1" type="guid"/>
   <Criterion id="15659330456318451477" value="4349723564911791736" comparison="0" type="guid"/>
  </Criteria>
 </ResponseRule>
 <ResponseSet id="844024417295023275">
  <Response dialog="844024417295023273" id="844024417295023276" cooldown="0" weight="1" oneshot="0" completeConversation="1" delay="0.25" targetType="2" targetId="844024417273151649" speakerTrackMethod="1" targetTrackMethod="0"/>
 </ResponseSet>
 <ResponseRule id="14538910657199806827" name="" cooldown="" response="14538910657199806828">
  <Criteria>
   <Criterion id="15659330456318451386" value="13680621263353786218" comparison="0" type="guid"/>
   <Criterion id="15659330456318451410" comparison="0" value="844024417294583017" fromResponse="1" type="guid"/>
   <Criterion id="15659330456318451477" value="844024417273151649" comparison="0" type="guid"/>
  </Criteria>
 </ResponseRule>
 <ResponseSet id="14538910657199806828">
  <Response dialog="844024417294583093" id="14538910657199806829" cooldown="0" weight="1" oneshot="0" completeConversation="1" delay="0" cutoff="0" targetType="2" targetId="4349723564911797141" speakerTrackMethod="1" targetTrackMethod="0"/>
 </ResponseSet>
</ResponseRules>