
<ResponseRules description="After following a trail of obscure clues, the player comes into contact with Danielle Sho herself. She&apos;s drifting outside of the station. Her suit battery is all but dead and her propulsion system is shot. She only has 15 minutes or so of O2 left, and wants the player to enact vengeance on her behalf for the death of her girlfriend Abby.">
 <WritebackKeys/>
 <ResponseRule id="844024417285400939" name="Danielle: Morgan at Window, Cook Alive, Needs Sample" cooldown="" oneshot="1" conversation="1" description="The player encounters Danielle while searching for samples of her voice. To cause her to appear the player had to tap on the window with the wrench 3 times which Danielle established with Abby ahead of time.     She&apos;s drifting outseide the hull speaking to the player via transcribe (or an intercom of some kind), visible outside a window. She&apos;s tired, angry, hurt emotionally and physically." response="844024417285401030">
  <Criteria>
   <Criterion id="15659330456318451386" value="13680621263377201655" comparison="0" type="guid"/>
   <Criterion id="15659330456318451410" comparison="0" value="onTranscribeTrigger" fromResponse="0" type="default"/>
   <Criterion comparison="0" passIfMissing="false" id="15659330456318451477" type="guid" keyType="default" value="844024417273151090"/>
   <Criterion comparison="0" passIfMissing="false" id="10739735956111935346" type="guid" keyType="default" value="844024417252490146"/>
  </Criteria>
 </ResponseRule>
 <ResponseRule id="13680621263400342111" name="Morgan Knocks on Window, Cook Dead, Needs Sample" cooldown="" oneshot="1" conversation="1" description="The player encounters Danielle while searching for samples of her voice. To cause her to appear the player had to tap on the window with the wrench 3 times which Danielle established with Abby ahead of time.     She&apos;s drifting outseide the hull speaking to the player via transcribe (or an intercom of some kind), visible outside a window. She&apos;s tired, angry, hurt emotionally and physically." response="13680621263400342153">
  <Criteria>
   <Criterion id="15659330456318451386" value="13680621263377201655" comparison="0" type="guid"/>
   <Criterion id="15659330456318451410" comparison="0" value="onTranscribeTrigger" fromResponse="0" type="default"/>
   <Criterion comparison="0" passIfMissing="false" id="15659330456318451477" type="guid" keyType="default" value="844024417273151090"/>
   <Criterion comparison="0" passIfMissing="false" id="10739735956111935346" type="guid" keyType="default" value="844024417252490146"/>
  </Criteria>
 </ResponseRule>
 <ResponseRule id="13680621263400342422" name="Danielle: Morgan at Window, Cook Alive, Doesn&apos;t Need Sample" cooldown="" oneshot="1" conversation="1" description="The player encounters Danielle while searching for samples of her voice. To cause her to appear the player had to tap on the window with the wrench 3 times which Danielle established with Abby ahead of time.     She&apos;s drifting outseide the hull speaking to the player via transcribe (or an intercom of some kind), visible outside a window. She&apos;s tired, angry, hurt emotionally and physically." response="13680621263400342440">
  <Criteria>
   <Criterion id="15659330456318451386" value="13680621263377201655" comparison="0" type="guid"/>
   <Criterion id="15659330456318451410" comparison="0" value="onTranscribeTrigger" fromResponse="0" type="default"/>
   <Criterion comparison="0" passIfMissing="false" id="15659330456318451477" type="guid" keyType="default" value="844024417273151090"/>
   <Criterion comparison="0" passIfMissing="false" id="10739735956111935346" type="guid" keyType="default" value="844024417252490146"/>
  </Criteria>
 </ResponseRule>
 <ResponseRule id="13680621263400342827" name="Danielle: Morgan at Window, Cook Dead, Doesn&apos;t Need Sample" cooldown="" oneshot="1" conversation="1" description="The player encounters Danielle while searching for samples of her voice. To cause her to appear the player had to tap on the window with the wrench 3 times which Danielle established with Abby ahead of time.     She&apos;s drifting outseide the hull speaking to the player via transcribe (or an intercom of some kind), visible outside a window. She&apos;s tired, angry, hurt emotionally and physically." response="13680621263400342958">
  <Criteria>
   <Criterion id="15659330456318451386" value="13680621263377201655" comparison="0" type="guid"/>
   <Criterion id="15659330456318451410" comparison="0" value="onTranscribeTrigger" fromResponse="0" type="default"/>
   <Criterion comparison="0" passIfMissing="false" id="15659330456318451477" type="guid" keyType="default" value="844024417273151090"/>
   <Criterion comparison="0" passIfMissing="false" id="10739735956111935346" type="guid" keyType="default" value="844024417252490146"/>
  </Criteria>
 </ResponseRule>
 <ResponseSet id="844024417285401030">
  <Response dialog="844024417285401029" id="844024417285401031" cooldown="0" weight="1" oneshot="0" completeConversation="0" delay="0"/>
 </ResponseSet>
 <ResponseRule id="844024417285401178" name="" cooldown="" response="13680621263400341821">
  <Criteria>
   <Criterion id="15659330456318451386" value="13680621263377201655" comparison="0" type="guid"/>
   <Criterion id="15659330456318451410" comparison="0" value="844024417285401031" fromResponse="1" type="guid"/>
   <Criterion id="15659330456318451477" value="844024417273151090" comparison="0" type="guid"/>
   <Criterion comparison="0" passIfMissing="false" id="10739735956111935346" type="guid" keyType="default" value="844024417252490146"/>
  </Criteria>
 </ResponseRule>
 <ResponseRule id="844024417285404543" name="PlayerReturnsToFiona_NotFinished1" cooldown="" oneshot="1" conversation="1" description="The player returns to Fiona, but hasn&apos;t dealt with the Cook yet." response="844024417285404909">
  <Criteria>
   <Criterion id="15659330456318451386" value="13680621263377201655" comparison="0" type="guid"/>
   <Criterion id="15659330456318451410" comparison="0" value="onTranscribeTrigger" fromResponse="0" type="default"/>
   <Criterion comparison="0" passIfMissing="false" id="15659330456318451477" type="guid" keyType="default" value="844024417273151090"/>
   <Criterion comparison="0" passIfMissing="false" id="10739735956111935346" type="guid" keyType="default" value="844024417252490146"/>
  </Criteria>
 </ResponseRule>
 <ResponseRule id="844024417285404602" name="PlayerReturnsToFiona_NotFinished2" cooldown="" oneshot="1" conversation="1" description="The player returns to Fiona, but hasn&apos;t dealt with the Cook yet. Half of her time remaining has been expended." response="844024417285404920">
  <Criteria>
   <Criterion id="15659330456318451386" value="13680621263377201655" comparison="0" type="guid"/>
   <Criterion id="15659330456318451410" comparison="0" value="onTranscribeTrigger" fromResponse="0" type="default"/>
   <Criterion comparison="0" passIfMissing="false" id="15659330456318451477" type="guid" keyType="default" value="844024417273151090"/>
   <Criterion comparison="0" passIfMissing="false" id="10739735956111935346" type="guid" keyType="default" value="844024417252490146"/>
  </Criteria>
 </ResponseRule>
 <ResponseRule id="844024417285404646" name="PlayerReturnsToFiona_NotFinished3" cooldown="" oneshot="1" conversation="1" description="The player returns to Fiona, but hasn&apos;t dealt with the Cook yet.3/4ths of the time remaining has been expended." response="844024417285405861">
  <Criteria>
   <Criterion id="15659330456318451386" value="13680621263377201655" comparison="0" type="guid"/>
   <Criterion id="15659330456318451410" comparison="0" value="onTranscribeTrigger" fromResponse="0" type="default"/>
   <Criterion comparison="0" passIfMissing="false" id="15659330456318451477" type="guid" keyType="default" value="844024417273151090"/>
   <Criterion comparison="0" passIfMissing="false" id="10739735956111935346" type="guid" keyType="default" value="844024417252490146"/>
  </Criteria>
 </ResponseRule>
 <ResponseRule id="844024417285404665" name="PlayerReturnsToFiona_CookEscaped" cooldown="" oneshot="1" conversation="1" description="The player returns to Fiona, but the cook has gotten away. She&apos;s angry at first and then morose and resigned to her fate." response="844024417285405914">
  <Criteria>
   <Criterion id="15659330456318451386" value="13680621263377201655" comparison="0" type="guid"/>
   <Criterion id="15659330456318451410" comparison="0" value="onTranscribeTrigger" fromResponse="0" type="default"/>
   <Criterion comparison="0" passIfMissing="false" id="15659330456318451477" type="guid" keyType="default" value="844024417273151090"/>
   <Criterion comparison="0" passIfMissing="false" id="10739735956111935346" type="guid" keyType="default" value="844024417252490146"/>
  </Criteria>
 </ResponseRule>
 <ResponseRule id="844024417285404739" name="PlayerReturnsToDanielle_SheDies" cooldown="" oneshot="1" conversation="1" description="The player returns to Fiona, but she&apos;s run out of time. She&apos;s upset and moves out of the window to die in private. She does not give the player the passwords." response="844024417285406073">
  <Criteria>
   <Criterion id="15659330456318451386" value="13680621263377201655" comparison="0" type="guid"/>
   <Criterion id="15659330456318451410" comparison="0" value="onTranscribeTrigger" fromResponse="0" type="default"/>
   <Criterion comparison="0" passIfMissing="false" id="15659330456318451477" type="guid" keyType="default" value="844024417273151090"/>
   <Criterion comparison="0" passIfMissing="false" id="10739735956111935346" type="guid" keyType="default" value="844024417252490146"/>
  </Criteria>
 </ResponseRule>
 <ResponseRule id="844024417285404759" name="PlayerReturnsToDanielle_CookDead" cooldown="" oneshot="1" conversation="1" description="The player returns to Fiona having killed the fake Cook. She grants him a passphrase that will get him through the voice lock in Deep Storage, and additionally gives a crucial password or two." response="844024417285406155">
  <Criteria>
   <Criterion id="15659330456318451386" value="13680621263377201655" comparison="0" type="guid"/>
   <Criterion id="15659330456318451410" comparison="0" value="onTranscribeTrigger" fromResponse="0" type="default"/>
   <Criterion comparison="0" passIfMissing="false" id="15659330456318451477" type="guid" keyType="default" value="844024417273151090"/>
   <Criterion comparison="0" passIfMissing="false" id="10739735956111935346" type="guid" keyType="default" value="844024417252490146"/>
  </Criteria>
 </ResponseRule>
 <ResponseRule id="844024417285404781" name="PlayerReturnsToFiona_CookUnconscious" cooldown="" oneshot="1" conversation="1" description="The player returns to Fiona having knocked out the fake Cook." response="844024417285406893">
  <Criteria>
   <Criterion id="15659330456318451386" value="13680621263377201655" comparison="0" type="guid"/>
   <Criterion id="15659330456318451410" comparison="0" value="onTranscribeTrigger" fromResponse="0" type="default"/>
   <Criterion comparison="0" passIfMissing="false" id="15659330456318451477" type="guid" keyType="default" value="844024417273151090"/>
   <Criterion comparison="0" passIfMissing="false" id="10739735956111935346" type="guid" keyType="default" value="844024417252490146"/>
  </Criteria>
 </ResponseRule>
 <ResponseSet id="844024417285404909">
  <Response dialog="844024417285404908" id="844024417285404910" cooldown="0" weight="1" oneshot="0" completeConversation="1" delay="0"/>
 </ResponseSet>
 <ResponseSet id="844024417285404920">
  <Response dialog="844024417285404919" id="844024417285404921" cooldown="0" weight="1" oneshot="0" completeConversation="1" delay="0"/>
 </ResponseSet>
 <ResponseSet id="844024417285405861">
  <Response dialog="844024417285405860" id="844024417285405862" cooldown="0" weight="1" oneshot="0" completeConversation="1" delay="0"/>
 </ResponseSet>
 <ResponseSet id="844024417285405914">
  <Response dialog="844024417285405913" id="844024417285405915" cooldown="0" weight="1" oneshot="0" completeConversation="0" delay="0"/>
 </ResponseSet>
 <ResponseSet id="844024417285406073">
  <Response dialog="844024417285406072" id="844024417285406074" cooldown="0" weight="1" oneshot="0" completeConversation="1" delay="0"/>
 </ResponseSet>
 <ResponseSet id="844024417285406155">
  <Response dialog="844024417285406154" id="844024417285406156" cooldown="0" weight="1" oneshot="0" completeConversation="1" delay="0"/>
 </ResponseSet>
 <ResponseSet id="844024417285406893">
  <Response dialog="844024417285406892" id="844024417285406894" cooldown="0" weight="1" oneshot="0" completeConversation="0" delay="0"/>
 </ResponseSet>
 <ResponseRule id="844024417295769231" name="DanielleMeetsPlayer_Part2LukaIsThere" cooldown="" oneshot="1" conversation="1" description="Danielle sees Luka in the middle of asking the player to kill him." response="844024417295769559">
  <Criteria>
   <Criterion id="15659330456318451386" value="13680621263377201655" comparison="0" type="guid"/>
   <Criterion id="15659330456318451410" comparison="0" value="onTranscribeTrigger" fromResponse="0" type="default"/>
   <Criterion comparison="0" passIfMissing="false" id="15659330456318451477" type="guid" keyType="default" value="844024417273151090"/>
   <Criterion comparison="0" passIfMissing="false" id="10739735956111935346" type="guid" keyType="default" value="844024417252490146"/>
  </Criteria>
 </ResponseRule>
 <ResponseRule id="844024417295769380" name="DanielleMeetsPlayer_Part2LukaIsntThere" cooldown="" oneshot="1" conversation="1" description="Danielle finishes asking the player to kill Luka." response="844024417295769497">
  <Criteria>
   <Criterion id="15659330456318451386" value="13680621263377201655" comparison="0" type="guid"/>
   <Criterion id="15659330456318451410" comparison="0" value="onTranscribeTrigger" fromResponse="0" type="default"/>
   <Criterion comparison="0" passIfMissing="false" id="15659330456318451477" type="guid" keyType="default" value="844024417273151090"/>
   <Criterion comparison="0" passIfMissing="false" id="10739735956111935346" type="guid" keyType="default" value="844024417252490146"/>
  </Criteria>
 </ResponseRule>
 <ResponseSet id="844024417295769497">
  <Response dialog="844024417295767774" id="844024417295769498" cooldown="0" weight="1" oneshot="0" completeConversation="0" delay="0"/>
 </ResponseSet>
 <ResponseRule id="844024417295769520" name="" cooldown="" response="844024417295769521">
  <Criteria>
   <Criterion id="15659330456318451386" value="13680621263377201655" comparison="0" type="guid"/>
   <Criterion id="15659330456318451410" comparison="0" value="844024417295769498" fromResponse="1" type="guid"/>
   <Criterion id="15659330456318451477" value="844024417273151090" comparison="0" type="guid"/>
   <Criterion comparison="0" passIfMissing="false" id="10739735956111935346" type="guid" keyType="default" value="844024417252490146"/>
  </Criteria>
 </ResponseRule>
 <ResponseSet id="844024417295769521">
  <Response dialog="844024417295767946" id="844024417295769522" cooldown="0" weight="1" oneshot="0" completeConversation="1" delay="0"/>
 </ResponseSet>
 <ResponseSet id="844024417295769559">
  <Response dialog="844024417295769558" id="844024417295769560" cooldown="0" weight="1" oneshot="0" completeConversation="1" delay="0"/>
 </ResponseSet>
 <ResponseRule id="844024417295769634" name="DanielleDoesntWantToSeeTheBody" cooldown="" oneshot="1" conversation="1" description="Danielle doesn&apos;t want the player to bring her Luka&apos;s body." response="844024417295769678">
  <Criteria>
   <Criterion id="15659330456318451386" value="13680621263377201655" comparison="0" type="guid"/>
   <Criterion id="15659330456318451410" comparison="0" value="onTranscribeTrigger" fromResponse="0" type="default"/>
   <Criterion comparison="0" passIfMissing="false" id="15659330456318451477" type="guid" keyType="default" value="844024417273151090"/>
   <Criterion comparison="0" passIfMissing="false" id="10739735956111935346" type="guid" keyType="default" value="844024417252490146"/>
  </Criteria>
 </ResponseRule>
 <ResponseSet id="844024417295769678">
  <Response dialog="844024417295769677" id="844024417295769679" cooldown="0" weight="1" oneshot="0" completeConversation="1" delay="0"/>
 </ResponseSet>
 <ResponseRule id="844024417295771475" name="Danielle Sees Alien powers" cooldown="" oneshot="1" conversation="1" description="Danielle Sees Morgan use Alien powers" response="844024417295771508">
  <Criteria>
   <Criterion id="15659330456318451386" value="13680621263377201655" comparison="0" type="guid"/>
   <Criterion id="15659330456318451410" comparison="0" value="onTranscribeTrigger" fromResponse="0" type="default"/>
   <Criterion comparison="0" passIfMissing="false" id="15659330456318451477" type="guid" keyType="default" value="844024417273151090"/>
   <Criterion comparison="0" passIfMissing="false" id="10739735956111935346" type="guid" keyType="default" value="844024417252490146"/>
  </Criteria>
 </ResponseRule>
 <ResponseSet id="844024417295771508">
  <Response dialog="844024417295771507" id="844024417295771509" cooldown="0" weight="1" oneshot="0" completeConversation="0" delay="0"/>
 </ResponseSet>
 <ResponseRule id="844024417295771516" name="" cooldown="" response="844024417295771517">
  <Criteria>
   <Criterion id="15659330456318451386" value="13680621263377201655" comparison="0" type="guid"/>
   <Criterion id="15659330456318451410" comparison="0" value="844024417295771509" fromResponse="1" type="guid"/>
   <Criterion id="15659330456318451477" value="844024417273151090" comparison="0" type="guid"/>
   <Criterion comparison="0" passIfMissing="false" id="10739735956111935346" type="guid" keyType="default" value="844024417252490146"/>
  </Criteria>
 </ResponseRule>
 <ResponseSet id="844024417295771517">
  <Response dialog="844024417295771625" id="844024417295771518" cooldown="0" weight="1" oneshot="0" completeConversation="0" delay="0"/>
 </ResponseSet>
 <ResponseRule id="844024417295771616" name="" cooldown="" response="844024417295771617">
  <Criteria>
   <Criterion id="15659330456318451386" value="13680621263377201655" comparison="0" type="guid"/>
   <Criterion id="15659330456318451410" comparison="0" value="844024417295771518" fromResponse="1" type="guid"/>
   <Criterion id="15659330456318451477" value="844024417273151090" comparison="0" type="guid"/>
   <Criterion comparison="0" passIfMissing="false" id="10739735956111935346" type="guid" keyType="default" value="844024417252490146"/>
  </Criteria>
 </ResponseRule>
 <ResponseSet id="844024417295771617">
  <Response dialog="844024417295771515" id="844024417295771618" cooldown="0" weight="1" oneshot="0" completeConversation="1" delay="0"/>
 </ResponseSet>
 <ResponseRule id="844024417295772291" name="" cooldown="" response="844024417295772292">
  <Criteria>
   <Criterion id="15659330456318451386" value="13680621263377201655" comparison="0" type="guid"/>
   <Criterion id="15659330456318451410" comparison="0" value="844024417285406894" fromResponse="1" type="guid"/>
   <Criterion comparison="0" passIfMissing="false" id="10739735956111935346" type="guid" keyType="default" value="844024417252490146"/>
   <Criterion comparison="0" passIfMissing="false" id="15659330456318451477" type="guid" keyType="default" value="844024417273151090"/>
  </Criteria>
 </ResponseRule>
 <ResponseSet id="844024417295772292">
  <Response dialog="844024417285407001" id="844024417295772293" cooldown="0" weight="1" oneshot="0" completeConversation="1" delay="0" targetType="2" targetId="844024417273151090" speakerTrackMethod="0" targetTrackMethod="0"/>
 </ResponseSet>
 <ResponseRule id="844024417296985956" name="Danielle&apos;s Parting Words - Transcribe" cooldown="" oneshot="1" response="844024417296986001" description="Slow building beep in the background if possible, indicating O2 is running out, slowing down as she nears the end">
  <Criteria>
   <Criterion id="15659330456318451386" value="13680621263377201655" comparison="0" type="guid"/>
   <Criterion id="15659330456318451410" comparison="0" value="onTranscribeTrigger" fromResponse="0" type="default"/>
   <Criterion comparison="0" passIfMissing="false" id="15659330456318451477" type="guid" keyType="default" value="844024417273151090"/>
  </Criteria>
 </ResponseRule>
 <ResponseSet id="844024417296986001">
  <Response dialog="844024417296986000" id="844024417296986002" cooldown="0" weight="1" oneshot="0" completeConversation="0" delay="0"/>
 </ResponseSet>
 <ResponseRule id="844024417296986066" name="" cooldown="" response="844024417296986067">
  <Criteria>
   <Criterion id="15659330456318451386" value="13680621263377201655" comparison="0" type="guid"/>
   <Criterion id="15659330456318451410" comparison="0" value="844024417296986002" fromResponse="1" type="guid"/>
   <Criterion comparison="0" passIfMissing="false" id="15659330456318451477" type="guid" keyType="default" value="844024417273151090"/>
  </Criteria>
 </ResponseRule>
 <ResponseSet id="844024417296986067">
  <Response dialog="844024417296986065" id="844024417296986068" cooldown="0" weight="1" oneshot="0" completeConversation="0" delay="0"/>
 </ResponseSet>
 <ResponseRule id="844024417296986083" name="" cooldown="" response="844024417296986084">
  <Criteria>
   <Criterion id="15659330456318451386" value="13680621263377201655" comparison="0" type="guid"/>
   <Criterion id="15659330456318451410" comparison="0" value="844024417296986068" fromResponse="1" type="guid"/>
   <Criterion comparison="0" passIfMissing="false" id="15659330456318451477" type="guid" keyType="default" value="844024417273151090"/>
  </Criteria>
 </ResponseRule>
 <ResponseSet id="844024417296986084">
  <Response dialog="844024417296986082" id="844024417296986085" cooldown="0" weight="1" oneshot="0" completeConversation="0" delay="0"/>
 </ResponseSet>
 <ResponseRule id="844024417296986108" name="" cooldown="" response="844024417296986109">
  <Criteria>
   <Criterion id="15659330456318451386" value="13680621263377201655" comparison="0" type="guid"/>
   <Criterion id="15659330456318451410" comparison="0" value="844024417296986085" fromResponse="1" type="guid"/>
   <Criterion comparison="0" passIfMissing="false" id="15659330456318451477" type="guid" keyType="default" value="844024417273151090"/>
  </Criteria>
 </ResponseRule>
 <ResponseSet id="844024417296986109">
  <Response dialog="844024417296986107" id="844024417296986110" cooldown="0" weight="1" oneshot="0" completeConversation="0" delay="0"/>
 </ResponseSet>
 <ResponseRule id="13680621263392426460" name="Player is Female" cooldown="" response="13680621263392426559">
  <Criteria>
   <Criterion id="15659330456318451386" value="13680621263377201655" comparison="0" type="guid"/>
   <Criterion id="15659330456318451410" comparison="0" value="844024417296986110" fromResponse="1" type="guid"/>
   <Criterion comparison="0" passIfMissing="false" id="15659330456318451477" type="guid" keyType="default" value="844024417273151090"/>
   <Criterion comparison="0" passIfMissing="false" id="211598630" keyType="gameToken" value="1"/>
  </Criteria>
 </ResponseRule>
 <ResponseRule id="13680621263392426464" name="Player is Male" cooldown="" response="13680621263392426714">
  <Criteria>
   <Criterion id="15659330456318451386" value="13680621263377201655" comparison="0" type="guid"/>
   <Criterion id="15659330456318451410" comparison="0" value="844024417296986110" fromResponse="1" type="guid"/>
   <Criterion comparison="0" passIfMissing="false" id="15659330456318451477" type="guid" keyType="default" value="844024417273151090"/>
   <Criterion comparison="0" passIfMissing="false" id="211598630" keyType="gameToken" value="0"/>
  </Criteria>
 </ResponseRule>
 <ResponseSet id="13680621263392426559">
  <Response dialog="13680621263392426558" id="13680621263392426560" cooldown="0" weight="1" oneshot="0" completeConversation="0" delay="0" cutoff="0"/>
 </ResponseSet>
 <ResponseRule id="13680621263392426589" name="" cooldown="" response="13680621263392426590">
  <Criteria>
   <Criterion id="15659330456318451386" value="13680621263377201655" comparison="0" type="guid"/>
   <Criterion id="15659330456318451410" comparison="0" value="13680621263392426560" fromResponse="1" type="guid"/>
   <Criterion id="15659330456318451477" value="844024417273151090" comparison="0" type="guid"/>
  </Criteria>
 </ResponseRule>
 <ResponseSet id="13680621263392426590">
  <Response dialog="13680621263392426588" id="13680621263392426591" cooldown="0" weight="1" oneshot="0" completeConversation="0" delay="0" cutoff="0"/>
 </ResponseSet>
 <ResponseRule id="13680621263392426624" name="" cooldown="" response="13680621263392426625">
  <Criteria>
   <Criterion id="15659330456318451386" value="13680621263377201655" comparison="0" type="guid"/>
   <Criterion id="15659330456318451410" comparison="0" value="13680621263392426591" fromResponse="1" type="guid"/>
   <Criterion id="15659330456318451477" value="844024417273151090" comparison="0" type="guid"/>
  </Criteria>
 </ResponseRule>
 <ResponseSet id="13680621263392426625">
  <Response dialog="13680621263392426623" id="13680621263392426626" cooldown="0" weight="1" oneshot="0" completeConversation="0" delay="0" cutoff="0"/>
 </ResponseSet>
 <ResponseRule id="13680621263392426647" name="" cooldown="" response="13680621263392426648">
  <Criteria>
   <Criterion id="15659330456318451386" value="13680621263377201655" comparison="0" type="guid"/>
   <Criterion id="15659330456318451410" comparison="0" value="13680621263392426626" fromResponse="1" type="guid"/>
   <Criterion id="15659330456318451477" value="844024417273151090" comparison="0" type="guid"/>
  </Criteria>
 </ResponseRule>
 <ResponseSet id="13680621263392426648">
  <Response dialog="13680621263392426646" id="13680621263392426649" cooldown="0" weight="1" oneshot="0" completeConversation="0" delay="0" cutoff="0"/>
 </ResponseSet>
 <ResponseRule id="13680621263392426654" name="" cooldown="" response="13680621263392426655">
  <Criteria>
   <Criterion id="15659330456318451386" value="13680621263377201655" comparison="0" type="guid"/>
   <Criterion id="15659330456318451410" comparison="0" value="13680621263392426649" fromResponse="1" type="guid"/>
   <Criterion id="15659330456318451477" value="844024417273151090" comparison="0" type="guid"/>
  </Criteria>
 </ResponseRule>
 <ResponseSet id="13680621263392426655">
  <Response dialog="13680621263392426653" id="13680621263392426656" cooldown="0" weight="1" oneshot="0" completeConversation="1" delay="0" cutoff="0"/>
 </ResponseSet>
 <ResponseSet id="13680621263392426714">
  <Response dialog="13680621263392426713" id="13680621263392426715" cooldown="0" weight="1" oneshot="0" completeConversation="0" delay="0" cutoff="0"/>
 </ResponseSet>
 <ResponseRule id="13680621263392426739" name="" cooldown="" response="13680621263392426740">
  <Criteria>
   <Criterion id="15659330456318451386" value="13680621263377201655" comparison="0" type="guid"/>
   <Criterion id="15659330456318451410" comparison="0" value="13680621263392426715" fromResponse="1" type="guid"/>
   <Criterion id="15659330456318451477" value="844024417273151090" comparison="0" type="guid"/>
  </Criteria>
 </ResponseRule>
 <ResponseSet id="13680621263392426740">
  <Response dialog="13680621263392426738" id="13680621263392426741" cooldown="0" weight="1" oneshot="0" completeConversation="0" delay="0" cutoff="0"/>
 </ResponseSet>
 <ResponseRule id="13680621263392426758" name="" cooldown="" response="13680621263392426759">
  <Criteria>
   <Criterion id="15659330456318451386" value="13680621263377201655" comparison="0" type="guid"/>
   <Criterion id="15659330456318451410" comparison="0" value="13680621263392426741" fromResponse="1" type="guid"/>
   <Criterion id="15659330456318451477" value="844024417273151090" comparison="0" type="guid"/>
  </Criteria>
 </ResponseRule>
 <ResponseSet id="13680621263392426759">
  <Response dialog="13680621263392426757" id="13680621263392426760" cooldown="0" weight="1" oneshot="0" completeConversation="0" delay="0" cutoff="0"/>
 </ResponseSet>
 <ResponseRule id="13680621263392426796" name="" cooldown="" response="13680621263392426797">
  <Criteria>
   <Criterion id="15659330456318451386" value="13680621263377201655" comparison="0" type="guid"/>
   <Criterion id="15659330456318451410" comparison="0" value="13680621263392426760" fromResponse="1" type="guid"/>
   <Criterion id="15659330456318451477" value="844024417273151090" comparison="0" type="guid"/>
  </Criteria>
 </ResponseRule>
 <ResponseSet id="13680621263392426797">
  <Response dialog="13680621263392426795" id="13680621263392426798" cooldown="0" weight="1" oneshot="0" completeConversation="0" delay="0" cutoff="0"/>
 </ResponseSet>
 <ResponseRule id="13680621263392426817" name="" cooldown="" response="13680621263392426818">
  <Criteria>
   <Criterion id="15659330456318451386" value="13680621263377201655" comparison="0" type="guid"/>
   <Criterion id="15659330456318451410" comparison="0" value="13680621263392426798" fromResponse="1" type="guid"/>
   <Criterion id="15659330456318451477" value="844024417273151090" comparison="0" type="guid"/>
  </Criteria>
 </ResponseRule>
 <ResponseSet id="13680621263392426818">
  <Response dialog="13680621263392426816" id="13680621263392426819" cooldown="0" weight="1" oneshot="0" completeConversation="1" delay="0" cutoff="0"/>
 </ResponseSet>
 <ResponseRule id="14538910657199742273" name="" cooldown="" response="14538910657199742274">
  <Criteria>
   <Criterion id="15659330456318451386" value="13680621263377201655" comparison="0" type="guid"/>
   <Criterion id="15659330456318451410" comparison="0" value="844024417285405915" fromResponse="1" type="guid"/>
   <Criterion id="15659330456318451477" value="844024417273151090" comparison="0" type="guid"/>
  </Criteria>
 </ResponseRule>
 <ResponseSet id="14538910657199742274">
  <Response dialog="14538910657199742272" id="14538910657199742275" cooldown="0" weight="1" oneshot="0" completeConversation="1" delay="0" cutoff="0"/>
 </ResponseSet>
 <ResponseSet id="13680621263400341821">
  <Response dialog="13680621263400341819" id="13680621263400341822" cooldown="0" weight="1" oneshot="0" completeConversation="0" delay="0" cutoff="0"/>
 </ResponseSet>
 <ResponseRule id="13680621263400341847" name="" cooldown="" response="13680621263400341848">
  <Criteria>
   <Criterion id="15659330456318451386" value="13680621263377201655" comparison="0" type="guid"/>
   <Criterion id="15659330456318451410" comparison="0" value="13680621263400341822" fromResponse="1" type="guid"/>
   <Criterion id="15659330456318451477" value="844024417273151090" comparison="0" type="guid"/>
   <Criterion comparison="0" passIfMissing="false" id="10739735956111935346" type="guid" keyType="default" value="844024417252490146"/>
  </Criteria>
 </ResponseRule>
 <ResponseSet id="13680621263400341848">
  <Response dialog="13680621263400341846" id="13680621263400341849" cooldown="0" weight="1" oneshot="0" completeConversation="0" delay="0" cutoff="0"/>
 </ResponseSet>
 <ResponseRule id="13680621263400341862" name="" cooldown="" response="13680621263400341863">
  <Criteria>
   <Criterion id="15659330456318451386" value="13680621263377201655" comparison="0" type="guid"/>
   <Criterion id="15659330456318451410" comparison="0" value="13680621263400341849" fromResponse="1" type="guid"/>
   <Criterion id="15659330456318451477" value="844024417273151090" comparison="0" type="guid"/>
   <Criterion comparison="0" passIfMissing="false" id="10739735956111935346" type="guid" keyType="default" value="844024417252490146"/>
  </Criteria>
 </ResponseRule>
 <ResponseSet id="13680621263400341863">
  <Response dialog="844024417295769910" id="13680621263400341864" cooldown="0" weight="1" oneshot="0" completeConversation="0" delay="0" cutoff="0"/>
 </ResponseSet>
 <ResponseRule id="13680621263400341900" name="" cooldown="" response="13680621263400341901">
  <Criteria>
   <Criterion id="15659330456318451386" value="13680621263377201655" comparison="0" type="guid"/>
   <Criterion id="15659330456318451410" comparison="0" value="13680621263400341864" fromResponse="1" type="guid"/>
   <Criterion id="15659330456318451477" value="844024417273151090" comparison="0" type="guid"/>
   <Criterion comparison="0" passIfMissing="false" id="10739735956111935346" type="guid" keyType="default" value="844024417252490146"/>
  </Criteria>
 </ResponseRule>
 <ResponseSet id="13680621263400341901">
  <Response dialog="13680621263400341899" id="13680621263400341902" cooldown="0" weight="1" oneshot="0" completeConversation="0" delay="0" cutoff="0"/>
 </ResponseSet>
 <ResponseRule id="13680621263400341915" name="" cooldown="" response="13680621263400341916">
  <Criteria>
   <Criterion id="15659330456318451386" value="13680621263377201655" comparison="0" type="guid"/>
   <Criterion id="15659330456318451410" comparison="0" value="13680621263400341902" fromResponse="1" type="guid"/>
   <Criterion id="15659330456318451477" value="844024417273151090" comparison="0" type="guid"/>
   <Criterion comparison="0" passIfMissing="false" id="10739735956111935346" type="guid" keyType="default" value="844024417252490146"/>
  </Criteria>
 </ResponseRule>
 <ResponseSet id="13680621263400341916">
  <Response dialog="13680621263400341914" id="13680621263400341917" cooldown="0" weight="1" oneshot="0" completeConversation="0" delay="0" cutoff="0"/>
 </ResponseSet>
 <ResponseRule id="13680621263400341935" name="" cooldown="" response="13680621263400341936">
  <Criteria>
   <Criterion id="15659330456318451386" value="13680621263377201655" comparison="0" type="guid"/>
   <Criterion id="15659330456318451410" comparison="0" value="13680621263400341917" fromResponse="1" type="guid"/>
   <Criterion id="15659330456318451477" value="844024417273151090" comparison="0" type="guid"/>
   <Criterion comparison="0" passIfMissing="false" id="10739735956111935346" type="guid" keyType="default" value="844024417252490146"/>
  </Criteria>
 </ResponseRule>
 <ResponseSet id="13680621263400341936">
  <Response dialog="13680621263400341934" id="13680621263400341937" cooldown="0" weight="1" oneshot="0" completeConversation="0" delay="0" cutoff="0"/>
 </ResponseSet>
 <ResponseRule id="13680621263400342041" name="" cooldown="" response="13680621263400342042">
  <Criteria>
   <Criterion id="15659330456318451386" value="13680621263377201655" comparison="0" type="guid"/>
   <Criterion id="15659330456318451410" comparison="0" value="13680621263400341937" fromResponse="1" type="guid"/>
   <Criterion id="15659330456318451477" value="844024417273151090" comparison="0" type="guid"/>
   <Criterion comparison="0" passIfMissing="false" id="10739735956111935346" type="guid" keyType="default" value="844024417252490146"/>
  </Criteria>
 </ResponseRule>
 <ResponseSet id="13680621263400342042">
  <Response dialog="13680621263400342040" id="13680621263400342043" cooldown="0" weight="1" oneshot="0" completeConversation="0" delay="0" cutoff="0"/>
 </ResponseSet>
 <ResponseRule id="13680621263400342057" name="" cooldown="" response="13680621263400342058">
  <Criteria>
   <Criterion id="15659330456318451386" value="13680621263377201655" comparison="0" type="guid"/>
   <Criterion id="15659330456318451410" comparison="0" value="13680621263400342043" fromResponse="1" type="guid"/>
   <Criterion id="15659330456318451477" value="844024417273151090" comparison="0" type="guid"/>
   <Criterion comparison="0" passIfMissing="false" id="10739735956111935346" type="guid" keyType="default" value="844024417252490146"/>
  </Criteria>
 </ResponseRule>
 <ResponseSet id="13680621263400342058">
  <Response dialog="13680621263400342056" id="13680621263400342059" cooldown="0" weight="1" oneshot="0" completeConversation="0" delay="0" cutoff="0"/>
 </ResponseSet>
 <ResponseRule id="13680621263400342075" name="" cooldown="" response="13680621263400342076">
  <Criteria>
   <Criterion id="15659330456318451386" value="13680621263377201655" comparison="0" type="guid"/>
   <Criterion id="15659330456318451410" comparison="0" value="13680621263400342059" fromResponse="1" type="guid"/>
   <Criterion id="15659330456318451477" value="844024417273151090" comparison="0" type="guid"/>
   <Criterion comparison="0" passIfMissing="false" id="10739735956111935346" type="guid" keyType="default" value="844024417252490146"/>
  </Criteria>
 </ResponseRule>
 <ResponseSet id="13680621263400342076">
  <Response dialog="13680621263400342074" id="13680621263400342077" cooldown="0" weight="1" oneshot="0" completeConversation="0" delay="0" cutoff="0"/>
 </ResponseSet>
 <ResponseSet id="13680621263400342153">
  <Response dialog="844024417285401029" id="13680621263400342154" cooldown="0" weight="1" oneshot="0" completeConversation="0" delay="0" cutoff="0"/>
 </ResponseSet>
 <ResponseRule id="13680621263400342167" name="" cooldown="" response="13680621263400342190">
  <Criteria>
   <Criterion id="15659330456318451386" value="13680621263377201655" comparison="0" type="guid"/>
   <Criterion id="15659330456318451410" comparison="0" value="13680621263400342154" fromResponse="1" type="guid"/>
   <Criterion id="15659330456318451477" value="844024417273151090" comparison="0" type="guid"/>
   <Criterion comparison="0" passIfMissing="false" id="10739735956111935346" type="guid" keyType="default" value="844024417252490146"/>
  </Criteria>
 </ResponseRule>
 <ResponseSet id="13680621263400342190">
  <Response dialog="13680621263400341819" id="13680621263400342191" cooldown="0" weight="1" oneshot="0" completeConversation="0" delay="0" cutoff="0"/>
 </ResponseSet>
 <ResponseRule id="13680621263400342197" name="" cooldown="" response="13680621263400342198">
  <Criteria>
   <Criterion id="15659330456318451386" value="13680621263377201655" comparison="0" type="guid"/>
   <Criterion id="15659330456318451410" comparison="0" value="13680621263400342191" fromResponse="1" type="guid"/>
   <Criterion id="15659330456318451477" value="844024417273151090" comparison="0" type="guid"/>
   <Criterion comparison="0" passIfMissing="false" id="10739735956111935346" type="guid" keyType="default" value="844024417252490146"/>
  </Criteria>
 </ResponseRule>
 <ResponseSet id="13680621263400342198">
  <Response dialog="13680621263400341846" id="13680621263400342199" cooldown="0" weight="1" oneshot="0" completeConversation="0" delay="0" cutoff="0"/>
 </ResponseSet>
 <ResponseRule id="13680621263400342259" name="" cooldown="" response="13680621263400342260">
  <Criteria>
   <Criterion id="15659330456318451386" value="13680621263377201655" comparison="0" type="guid"/>
   <Criterion id="15659330456318451410" comparison="0" value="13680621263400342199" fromResponse="1" type="guid"/>
   <Criterion id="15659330456318451477" value="844024417273151090" comparison="0" type="guid"/>
   <Criterion comparison="0" passIfMissing="false" id="10739735956111935346" type="guid" keyType="default" value="844024417252490146"/>
  </Criteria>
 </ResponseRule>
 <ResponseSet id="13680621263400342260">
  <Response dialog="844024417295769910" id="13680621263400342261" cooldown="0" weight="1" oneshot="0" completeConversation="0" delay="0" cutoff="0"/>
 </ResponseSet>
 <ResponseRule id="13680621263400342271" name="" cooldown="" response="13680621263400342272">
  <Criteria>
   <Criterion id="15659330456318451386" value="13680621263377201655" comparison="0" type="guid"/>
   <Criterion id="15659330456318451410" comparison="0" value="13680621263400342261" fromResponse="1" type="guid"/>
   <Criterion id="15659330456318451477" value="844024417273151090" comparison="0" type="guid"/>
   <Criterion comparison="0" passIfMissing="false" id="10739735956111935346" type="guid" keyType="default" value="844024417252490146"/>
  </Criteria>
 </ResponseRule>
 <ResponseSet id="13680621263400342272">
  <Response dialog="13680621263400341899" id="13680621263400342273" cooldown="0" weight="1" oneshot="0" completeConversation="0" delay="0" cutoff="0"/>
 </ResponseSet>
 <ResponseRule id="13680621263400342279" name="" cooldown="" response="13680621263400342280">
  <Criteria>
   <Criterion id="15659330456318451386" value="13680621263377201655" comparison="0" type="guid"/>
   <Criterion id="15659330456318451410" comparison="0" value="13680621263400342273" fromResponse="1" type="guid"/>
   <Criterion id="15659330456318451477" value="844024417273151090" comparison="0" type="guid"/>
   <Criterion comparison="0" passIfMissing="false" id="10739735956111935346" type="guid" keyType="default" value="844024417252490146"/>
  </Criteria>
 </ResponseRule>
 <ResponseSet id="13680621263400342280">
  <Response dialog="13680621263400341914" id="13680621263400342281" cooldown="0" weight="1" oneshot="0" completeConversation="0" delay="0" cutoff="0"/>
 </ResponseSet>
 <ResponseRule id="13680621263400342309" name="" cooldown="" response="13680621263400342310">
  <Criteria>
   <Criterion id="15659330456318451386" value="13680621263377201655" comparison="0" type="guid"/>
   <Criterion id="15659330456318451410" comparison="0" value="13680621263400342281" fromResponse="1" type="guid"/>
   <Criterion id="15659330456318451477" value="844024417273151090" comparison="0" type="guid"/>
   <Criterion comparison="0" passIfMissing="false" id="10739735956111935346" type="guid" keyType="default" value="844024417252490146"/>
  </Criteria>
 </ResponseRule>
 <ResponseSet id="13680621263400342310">
  <Response dialog="13680621263400342308" id="13680621263400342311" cooldown="0" weight="1" oneshot="0" completeConversation="0" delay="0" cutoff="0"/>
 </ResponseSet>
 <ResponseRule id="13680621263400342348" name="" cooldown="" response="13680621263400342349">
  <Criteria>
   <Criterion id="15659330456318451386" value="13680621263377201655" comparison="0" type="guid"/>
   <Criterion id="15659330456318451410" comparison="0" value="13680621263400342311" fromResponse="1" type="guid"/>
   <Criterion id="15659330456318451477" value="844024417273151090" comparison="0" type="guid"/>
   <Criterion comparison="0" passIfMissing="false" id="10739735956111935346" type="guid" keyType="default" value="844024417252490146"/>
  </Criteria>
 </ResponseRule>
 <ResponseSet id="13680621263400342349">
  <Response dialog="13680621263400342347" id="13680621263400342350" cooldown="0" weight="1" oneshot="0" completeConversation="0" delay="0" cutoff="0"/>
 </ResponseSet>
 <ResponseRule id="13680621263400342368" name="" cooldown="" response="13680621263400342369">
  <Criteria>
   <Criterion id="15659330456318451386" value="13680621263377201655" comparison="0" type="guid"/>
   <Criterion id="15659330456318451410" comparison="0" value="13680621263400342350" fromResponse="1" type="guid"/>
   <Criterion id="15659330456318451477" value="844024417273151090" comparison="0" type="guid"/>
   <Criterion comparison="0" passIfMissing="false" id="10739735956111935346" type="guid" keyType="default" value="844024417252490146"/>
  </Criteria>
 </ResponseRule>
 <ResponseSet id="13680621263400342369">
  <Response dialog="13680621263400342367" id="13680621263400342370" cooldown="0" weight="1" oneshot="0" completeConversation="0" delay="0" cutoff="0"/>
 </ResponseSet>
 <ResponseRule id="13680621263400342387" name="" cooldown="" response="13680621263400342388">
  <Criteria>
   <Criterion id="15659330456318451386" value="13680621263377201655" comparison="0" type="guid"/>
   <Criterion id="15659330456318451410" comparison="0" value="13680621263400342370" fromResponse="1" type="guid"/>
   <Criterion id="15659330456318451477" value="844024417273151090" comparison="0" type="guid"/>
   <Criterion comparison="0" passIfMissing="false" id="10739735956111935346" type="guid" keyType="default" value="844024417252490146"/>
  </Criteria>
 </ResponseRule>
 <ResponseSet id="13680621263400342388">
  <Response dialog="13680621263400342074" id="13680621263400342389" cooldown="0" weight="1" oneshot="0" completeConversation="0" delay="0" cutoff="0"/>
 </ResponseSet>
 <ResponseSet id="13680621263400342440">
  <Response dialog="844024417285401029" id="13680621263400342441" cooldown="0" weight="1" oneshot="0" completeConversation="0" delay="0" cutoff="0"/>
 </ResponseSet>
 <ResponseRule id="13680621263400342449" name="" cooldown="" response="13680621263400342516">
  <Criteria>
   <Criterion id="15659330456318451386" value="13680621263377201655" comparison="0" type="guid"/>
   <Criterion id="15659330456318451410" comparison="0" value="13680621263400342441" fromResponse="1" type="guid"/>
   <Criterion id="15659330456318451477" value="844024417273151090" comparison="0" type="guid"/>
   <Criterion comparison="0" passIfMissing="false" id="10739735956111935346" type="guid" keyType="default" value="844024417252490146"/>
  </Criteria>
 </ResponseRule>
 <ResponseSet id="13680621263400342516">
  <Response dialog="13680621263400341819" id="13680621263400342517" cooldown="0" weight="1" oneshot="0" completeConversation="0" delay="0" cutoff="0"/>
 </ResponseSet>
 <ResponseRule id="13680621263400342537" name="" cooldown="" response="13680621263400342612">
  <Criteria>
   <Criterion id="15659330456318451386" value="13680621263377201655" comparison="0" type="guid"/>
   <Criterion id="15659330456318451410" comparison="0" value="13680621263400342517" fromResponse="1" type="guid"/>
   <Criterion id="15659330456318451477" value="844024417273151090" comparison="0" type="guid"/>
   <Criterion comparison="0" passIfMissing="false" id="10739735956111935346" type="guid" keyType="default" value="844024417252490146"/>
  </Criteria>
 </ResponseRule>
 <ResponseSet id="13680621263400342612">
  <Response dialog="13680621263400342610" id="13680621263400342613" cooldown="0" weight="1" oneshot="0" completeConversation="0" delay="0" cutoff="0"/>
 </ResponseSet>
 <ResponseRule id="13680621263400342649" name="" cooldown="" response="13680621263400342650">
  <Criteria>
   <Criterion id="15659330456318451386" value="13680621263377201655" comparison="0" type="guid"/>
   <Criterion id="15659330456318451410" comparison="0" value="13680621263400342613" fromResponse="1" type="guid"/>
   <Criterion id="15659330456318451477" value="844024417273151090" comparison="0" type="guid"/>
   <Criterion comparison="0" passIfMissing="false" id="10739735956111935346" type="guid" keyType="default" value="844024417252490146"/>
  </Criteria>
 </ResponseRule>
 <ResponseSet id="13680621263400342650">
  <Response dialog="13680621263400342648" id="13680621263400342651" cooldown="0" weight="1" oneshot="0" completeConversation="0" delay="0" cutoff="0"/>
 </ResponseSet>
 <ResponseRule id="13680621263400342674" name="" cooldown="" response="13680621263400342675">
  <Criteria>
   <Criterion id="15659330456318451386" value="13680621263377201655" comparison="0" type="guid"/>
   <Criterion id="15659330456318451410" comparison="0" value="13680621263400342651" fromResponse="1" type="guid"/>
   <Criterion id="15659330456318451477" value="844024417273151090" comparison="0" type="guid"/>
   <Criterion comparison="0" passIfMissing="false" id="10739735956111935346" type="guid" keyType="default" value="844024417252490146"/>
  </Criteria>
 </ResponseRule>
 <ResponseSet id="13680621263400342675">
  <Response dialog="13680621263400342040" id="13680621263400342676" cooldown="0" weight="1" oneshot="0" completeConversation="0" delay="0" cutoff="0"/>
 </ResponseSet>
 <ResponseRule id="13680621263400342689" name="" cooldown="" response="13680621263400342690">
  <Criteria>
   <Criterion id="15659330456318451386" value="13680621263377201655" comparison="0" type="guid"/>
   <Criterion id="15659330456318451410" comparison="0" value="13680621263400342676" fromResponse="1" type="guid"/>
   <Criterion id="15659330456318451477" value="844024417273151090" comparison="0" type="guid"/>
   <Criterion comparison="0" passIfMissing="false" id="10739735956111935346" type="guid" keyType="default" value="844024417252490146"/>
  </Criteria>
 </ResponseRule>
 <ResponseSet id="13680621263400342690">
  <Response dialog="13680621263400342056" id="13680621263400342691" cooldown="0" weight="1" oneshot="0" completeConversation="0" delay="0" cutoff="0"/>
 </ResponseSet>
 <ResponseRule id="13680621263400342704" name="" cooldown="" response="13680621263400342705">
  <Criteria>
   <Criterion id="15659330456318451386" value="13680621263377201655" comparison="0" type="guid"/>
   <Criterion id="15659330456318451410" comparison="0" value="13680621263400342691" fromResponse="1" type="guid"/>
   <Criterion id="15659330456318451477" value="844024417273151090" comparison="0" type="guid"/>
   <Criterion comparison="0" passIfMissing="false" id="10739735956111935346" type="guid" keyType="default" value="844024417252490146"/>
  </Criteria>
 </ResponseRule>
 <ResponseSet id="13680621263400342705">
  <Response dialog="13680621263400342074" id="13680621263400342706" cooldown="0" weight="1" oneshot="0" completeConversation="0" delay="0" cutoff="0"/>
 </ResponseSet>
 <ResponseSet id="13680621263400342958">
  <Response dialog="844024417285401029" id="13680621263400342959" cooldown="0" weight="1" oneshot="0" completeConversation="0" delay="0" cutoff="0"/>
 </ResponseSet>
 <ResponseRule id="13680621263400342971" name="" cooldown="" response="13680621263400343011">
  <Criteria>
   <Criterion id="15659330456318451386" value="13680621263377201655" comparison="0" type="guid"/>
   <Criterion id="15659330456318451410" comparison="0" value="13680621263400342959" fromResponse="1" type="guid"/>
   <Criterion id="15659330456318451477" value="844024417273151090" comparison="0" type="guid"/>
   <Criterion comparison="0" passIfMissing="false" id="10739735956111935346" type="guid" keyType="default" value="844024417252490146"/>
  </Criteria>
 </ResponseRule>
 <ResponseSet id="13680621263400343011">
  <Response dialog="13680621263400341819" id="13680621263400343012" cooldown="0" weight="1" oneshot="0" completeConversation="0" delay="0" cutoff="0"/>
 </ResponseSet>
 <ResponseRule id="13680621263400343023" name="" cooldown="" response="13680621263400343152">
  <Criteria>
   <Criterion id="15659330456318451386" value="13680621263377201655" comparison="0" type="guid"/>
   <Criterion id="15659330456318451410" comparison="0" value="13680621263400343012" fromResponse="1" type="guid"/>
   <Criterion id="15659330456318451477" value="844024417273151090" comparison="0" type="guid"/>
   <Criterion comparison="0" passIfMissing="false" id="10739735956111935346" type="guid" keyType="default" value="844024417252490146"/>
  </Criteria>
 </ResponseRule>
 <ResponseSet id="13680621263400343152">
  <Response dialog="13680621263400343150" id="13680621263400343153" cooldown="0" weight="1" oneshot="0" completeConversation="0" delay="0" cutoff="0"/>
 </ResponseSet>
 <ResponseRule id="13680621263400343241" name="" cooldown="" response="13680621263400343242">
  <Criteria>
   <Criterion id="15659330456318451386" value="13680621263377201655" comparison="0" type="guid"/>
   <Criterion id="15659330456318451410" comparison="0" value="13680621263400343153" fromResponse="1" type="guid"/>
   <Criterion id="15659330456318451477" value="844024417273151090" comparison="0" type="guid"/>
   <Criterion comparison="0" passIfMissing="false" id="10739735956111935346" type="guid" keyType="default" value="844024417252490146"/>
  </Criteria>
 </ResponseRule>
 <ResponseSet id="13680621263400343242">
  <Response dialog="13680621263400342040" id="13680621263400343243" cooldown="0" weight="1" oneshot="0" completeConversation="0" delay="0" cutoff="0"/>
 </ResponseSet>
 <ResponseRule id="13680621263400343280" name="" cooldown="" response="13680621263400343281">
  <Criteria>
   <Criterion id="15659330456318451386" value="13680621263377201655" comparison="0" type="guid"/>
   <Criterion id="15659330456318451410" comparison="0" value="13680621263400343243" fromResponse="1" type="guid"/>
   <Criterion id="15659330456318451477" value="844024417273151090" comparison="0" type="guid"/>
   <Criterion comparison="0" passIfMissing="false" id="10739735956111935346" type="guid" keyType="default" value="844024417252490146"/>
  </Criteria>
 </ResponseRule>
 <ResponseSet id="13680621263400343281">
  <Response dialog="13680621263400342367" id="13680621263400343282" cooldown="0" weight="1" oneshot="0" completeConversation="0" delay="0" cutoff="0"/>
 </ResponseSet>
 <ResponseRule id="13680621263400343295" name="" cooldown="" response="13680621263400343296">
  <Criteria>
   <Criterion id="15659330456318451386" value="13680621263377201655" comparison="0" type="guid"/>
   <Criterion id="15659330456318451410" comparison="0" value="13680621263401732104" fromResponse="1" type="guid"/>
   <Criterion id="15659330456318451477" value="844024417273151090" comparison="0" type="guid"/>
   <Criterion comparison="0" passIfMissing="false" id="10739735956111935346" type="guid" keyType="default" value="844024417252490146"/>
  </Criteria>
 </ResponseRule>
 <ResponseSet id="13680621263400343296">
  <Response dialog="13680621263400342074" id="13680621263400343297" cooldown="0" weight="1" oneshot="0" completeConversation="0" delay="0" cutoff="0"/>
 </ResponseSet>
 <ResponseRule id="13680621263401732040" name="" cooldown="" response="13680621263401732041">
  <Criteria>
   <Criterion id="15659330456318451386" value="13680621263377201655" comparison="0" type="guid"/>
   <Criterion id="15659330456318451410" comparison="0" value="13680621263400343282" fromResponse="1" type="guid"/>
   <Criterion id="15659330456318451477" value="844024417273151090" comparison="0" type="guid"/>
   <Criterion comparison="0" passIfMissing="false" id="10739735956111935346" type="guid" keyType="default" value="844024417252490146"/>
  </Criteria>
 </ResponseRule>
 <ResponseSet id="13680621263401732041">
  <Response dialog="13680621263400343124" id="13680621263401732042" cooldown="0" weight="1" oneshot="0" completeConversation="0" delay="0" cutoff="0"/>
 </ResponseSet>
 <ResponseRule id="13680621263401732102" name="" cooldown="" response="13680621263401732103">
  <Criteria>
   <Criterion id="15659330456318451386" value="13680621263377201655" comparison="0" type="guid"/>
   <Criterion id="15659330456318451410" comparison="0" value="13680621263401732042" fromResponse="1" type="guid"/>
   <Criterion id="15659330456318451477" value="844024417273151090" comparison="0" type="guid"/>
   <Criterion comparison="0" passIfMissing="false" id="10739735956111935346" type="guid" keyType="default" value="844024417252490146"/>
  </Criteria>
 </ResponseRule>
 <ResponseSet id="13680621263401732103">
  <Response dialog="13680621263401732101" id="13680621263401732104" cooldown="0" weight="1" oneshot="0" completeConversation="0" delay="0" cutoff="0"/>
 </ResponseSet>
 <ResponseRule id="13680621263401732192" name="" cooldown="" response="13680621263401732193">
  <Criteria>
   <Criterion id="15659330456318451386" value="13680621263377201655" comparison="0" type="guid"/>
   <Criterion id="15659330456318451410" comparison="0" value="13680621263400343297" fromResponse="1" type="guid"/>
   <Criterion id="15659330456318451477" value="844024417273151090" comparison="0" type="guid"/>
   <Criterion comparison="0" passIfMissing="false" id="10739735956111935346" type="guid" keyType="default" value="844024417252490146"/>
  </Criteria>
 </ResponseRule>
 <ResponseSet id="13680621263401732193">
  <Response dialog="844024417285406581" id="13680621263401732194" cooldown="0" weight="1" oneshot="0" completeConversation="1" delay="0" cutoff="0"/>
 </ResponseSet>
 <ResponseRule id="13680621263401993923" name="" cooldown="" response="13680621263401993924">
  <Criteria>
   <Criterion id="15659330456318451386" value="13680621263377201655" comparison="0" type="guid"/>
   <Criterion id="15659330456318451410" comparison="0" value="13680621263400342706" fromResponse="1" type="guid"/>
   <Criterion id="15659330456318451477" value="844024417273151090" comparison="0" type="guid"/>
   <Criterion comparison="0" passIfMissing="false" id="10739735956111935346" type="guid" keyType="default" value="844024417252490146"/>
  </Criteria>
 </ResponseRule>
 <ResponseSet id="13680621263401993924">
  <Response dialog="844024417285406581" id="13680621263401993925" cooldown="0" weight="1" oneshot="0" completeConversation="1" delay="0" cutoff="0"/>
 </ResponseSet>
 <ResponseRule id="13680621263401993956" name="" cooldown="" response="13680621263401993957">
  <Criteria>
   <Criterion id="15659330456318451386" value="13680621263377201655" comparison="0" type="guid"/>
   <Criterion id="15659330456318451410" comparison="0" value="13680621263400342389" fromResponse="1" type="guid"/>
   <Criterion id="15659330456318451477" value="844024417273151090" comparison="0" type="guid"/>
   <Criterion comparison="0" passIfMissing="false" id="10739735956111935346" type="guid" keyType="default" value="844024417252490146"/>
  </Criteria>
 </ResponseRule>
 <ResponseSet id="13680621263401993957">
  <Response dialog="844024417285406581" id="13680621263401993958" cooldown="0" weight="1" oneshot="0" completeConversation="1" delay="0" cutoff="0"/>
 </ResponseSet>
 <ResponseRule id="13680621263401993966" name="" cooldown="" response="13680621263401993967">
  <Criteria>
   <Criterion id="15659330456318451386" value="13680621263377201655" comparison="0" type="guid"/>
   <Criterion id="15659330456318451410" comparison="0" value="13680621263400342077" fromResponse="1" type="guid"/>
   <Criterion id="15659330456318451477" value="844024417273151090" comparison="0" type="guid"/>
   <Criterion comparison="0" passIfMissing="false" id="10739735956111935346" type="guid" keyType="default" value="844024417252490146"/>
  </Criteria>
 </ResponseRule>
 <ResponseSet id="13680621263401993967">
  <Response dialog="844024417285406581" id="13680621263401993968" cooldown="0" weight="1" oneshot="0" completeConversation="1" delay="0" cutoff="0"/>
 </ResponseSet>
 <ResponseRule id="13680621263414333511" name="PlayerDoesSomethingAwful" cooldown="" oneshot="1" conversation="1" description="Danielle Sees Morgan use Alien powers" response="13680621263414333575">
  <Criteria>
   <Criterion id="15659330456318451386" value="13680621263377201655" comparison="0" type="guid"/>
   <Criterion id="15659330456318451410" comparison="0" value="onTranscribeTrigger" fromResponse="0" type="default"/>
   <Criterion comparison="0" passIfMissing="false" id="15659330456318451477" type="guid" keyType="default" value="844024417273151090"/>
   <Criterion comparison="0" passIfMissing="false" id="10739735956111935346" type="guid" keyType="default" value="844024417252490146"/>
   <Criterion comparison="0" passIfMissing="false" id="15659330456340490455" type="default" keyType="default" value=""/>
  </Criteria>
 </ResponseRule>
 <ResponseSet id="13680621263414333575">
  <Response dialog="844024417295771625" id="13680621263414333576" cooldown="0" weight="1" oneshot="0" completeConversation="1" delay="0" cutoff="0"/>
 </ResponseSet>
</ResponseRules>