
<ResponseRules>
 <WritebackKeys/>
 <ResponseRule id="13680621263394233100" name="Happy Birthday Daddy" cooldown="" description="A kid sends her father a happy birthday message up to Talos I. " response="13680621263394233222">
  <Criteria>
   <Criterion id="15659330456318451386" value="13680621263394233038" comparison="0" type="guid"/>
   <Criterion id="15659330456318451410" comparison="0" value="onAnnouncementTrigger" fromResponse="0" type="default"/>
   <Criterion comparison="0" passIfMissing="false" id="10739735956111935346" type="guid" keyType="default" value="844024417252490146"/>
   <Criterion comparison="0" passIfMissing="false" id="15659330456318451477" type="guid" keyType="default" value="4349723564954732613"/>
  </Criteria>
 </ResponseRule>
 <ResponseSet id="13680621263394233222">
  <Response dialog="13680621263394233221" id="13680621263394233223" cooldown="0" weight="1" oneshot="0" completeConversation="0" delay="0" cutoff="0"/>
 </ResponseSet>
 <ResponseRule id="13680621263394233231" name="" cooldown="" response="13680621263394233232">
  <Criteria>
   <Criterion id="15659330456318451386" value="13680621263394233038" comparison="0" type="guid"/>
   <Criterion id="15659330456318451410" comparison="0" value="13680621263394233223" fromResponse="1" type="guid"/>
   <Criterion comparison="0" passIfMissing="false" id="15659330456318451477" type="guid" keyType="default" value="4349723564954732613"/>
  </Criteria>
 </ResponseRule>
 <ResponseSet id="13680621263394233232">
  <Response dialog="13680621263394233230" id="13680621263394233233" cooldown="0" weight="1" oneshot="0" completeConversation="0" delay=".5" cutoff="0"/>
 </ResponseSet>
 <ResponseRule id="13680621263394233245" name="" cooldown="" response="13680621263394233246">
  <Criteria>
   <Criterion id="15659330456318451386" value="13680621263394233038" comparison="0" type="guid"/>
   <Criterion id="15659330456318451410" comparison="0" value="13680621263394233233" fromResponse="1" type="guid"/>
   <Criterion comparison="0" passIfMissing="false" id="15659330456318451477" type="guid" keyType="default" value="4349723564954732613"/>
  </Criteria>
 </ResponseRule>
 <ResponseSet id="13680621263394233246">
  <Response dialog="13680621263394233244" id="13680621263394233247" cooldown="0" weight="1" oneshot="0" completeConversation="0" delay=".75" cutoff="0"/>
 </ResponseSet>
 <ResponseRule id="13680621263394233257" name="" cooldown="" response="13680621263394233258">
  <Criteria>
   <Criterion id="15659330456318451386" value="13680621263394233038" comparison="0" type="guid"/>
   <Criterion id="15659330456318451410" comparison="0" value="13680621263394233247" fromResponse="1" type="guid"/>
   <Criterion comparison="0" passIfMissing="false" id="15659330456318451477" type="guid" keyType="default" value="4349723564954732613"/>
  </Criteria>
 </ResponseRule>
 <ResponseSet id="13680621263394233258">
  <Response dialog="13680621263394233256" id="13680621263394233259" cooldown="0" weight="1" oneshot="0" completeConversation="0" delay=".75" cutoff="0"/>
 </ResponseSet>
 <ResponseRule id="13680621263394233268" name="" cooldown="" response="13680621263394233269">
  <Criteria>
   <Criterion id="15659330456318451386" value="13680621263394233038" comparison="0" type="guid"/>
   <Criterion id="15659330456318451410" comparison="0" value="13680621263394233259" fromResponse="1" type="guid"/>
   <Criterion comparison="0" passIfMissing="false" id="15659330456318451477" type="guid" keyType="default" value="4349723564954732613"/>
  </Criteria>
 </ResponseRule>
 <ResponseSet id="13680621263394233269">
  <Response dialog="13680621263394233267" id="13680621263394233270" cooldown="0" weight="1" oneshot="0" completeConversation="1" delay="1" cutoff="0"/>
 </ResponseSet>
</ResponseRules>