<GameTokensLibrary Name="Level" LevelName="gamesdk/levels/campaign/research/prototype">
 <GameToken Id="-1104965450" Name="EnvironmentState.ZeroGChamberLights-ON" Flags="4" Type="Bool" Value="true"/>
 <GameToken Id="-272077858" Name="EnvironmentState.FirstFloorIsPowered" Flags="4" Type="Bool" Value="true"/>
 <GameToken Id="-532024844" Name="EnvironmentState.SecondFloorIsPowered" Flags="4" Type="Bool" Value="true"/>
 <GameToken Id="-748043877" Name="ExteriorBreach.HasDirectorsKeycard" Flags="4" Type="Bool" Value="false"/>
 <GameToken Id="-1121191436" Name="StageSequence.Started" Flags="4" Type="Bool" Value="false"/>
 <GameToken Id="-415493888" Name="StageSequence.Finished" Flags="4" Type="Bool" Value="false"/>
 <GameToken Id="-1034640534" Name="Calvino.PlayerKnowsDoorIsLocked" Flags="4" Type="Bool" Value="false"/>
 <GameToken Id="-280050185" Name="Calvino.PlayerSpottedCalvino" Flags="4" Type="Bool" Value="false"/>
 <GameToken Id="-1938111497" Name="MachineShop.CargoSequenceStarted" Flags="4" Type="Bool" Value="false"/>
 <GameToken Id="-1027608863" Name="MachineShop.CargoSequenceFinished" Flags="4" Type="Bool" Value="false"/>
 <GameToken Id="-382568671" Name="MachineShop.ControlArmRepaired" Flags="4" Type="Bool" Value="false"/>
 <GameToken Id="-1922110593" Name="MachineShop.SatelliteSequenceStarted" Flags="4" Type="Bool" Value="false"/>
 <GameToken Id="-2142632922" Name="MachineShop.SatelliteSequenceFinished" Flags="4" Type="Bool" Value="false"/>
 <GameToken Id="-202324885" Name="MachineShop.PlayerHasSatelliteItem" Flags="4" Type="Bool" Value="false"/>
 <GameToken Id="-2094037909" Name="EnvironmentState.HubPowered" Flags="4" Type="Bool" Value="true"/>
 <GameToken Id="-720917304" Name="EnvironmentState.HubNotPowered" Flags="4" Type="Bool" Value="false"/>
 <GameToken Id="-1550417884" Name="Clues.FlashlightTutRead" Flags="4" Type="Bool" Value="false"/>
 <GameToken Id="-902827478" Name="EnvironmentState.ZeroGChamberOpen" Flags="4" Type="Bool" Value="false"/>
 <GameToken Id="-5888960" Name="EnvironmentState.ZeroGChamberSealed" Flags="4" Type="Bool" Value="false"/>
 <GameToken Id="-1005255307" Name="ZeroG.BeginChallenge" Flags="4" Type="Bool" Value="false"/>
 <GameToken Id="-296468934" Name="ZeroG.FinishChallenge" Flags="4" Type="Bool" Value="false"/>
 <GameToken Id="-1134204258" Name="ZeroG.Switch1" Flags="4" Type="Bool" Value="false"/>
 <GameToken Id="-1519633628" Name="ZeroG.Switch2" Flags="4" Type="Bool" Value="false"/>
 <GameToken Id="-764736590" Name="ZeroG.Switch3" Flags="4" Type="Bool" Value="false"/>
 <GameToken Id="-871391727" Name="ZeroG.Switch4" Flags="4" Type="Bool" Value="false"/>
 <GameToken Id="-396306024" Name="ZeroG.NewRecord" Flags="4" Type="Bool" Value="false"/>
 <GameToken Id="-1585596885" Name="ZeroG.AllSwitchesOn" Flags="4" Type="Bool" Value="false"/>
 <GameToken Id="-1159438411" Name="ZeroG.ClaimPrize" Flags="4" Type="Bool" Value="false"/>
 <GameToken Id="-364314555" Name="AI.DemoPhantomWander" Flags="4" Type="Bool" Value="false"/>
 <GameToken Id="-875160127" Name="AI.ThinkTankPhantomWander" Flags="4" Type="Bool" Value="false"/>
 <GameToken Id="-1591475362" Name="Progression.PlayerGooToSecondFloor" Flags="4" Type="Bool" Value="false"/>
 <GameToken Id="-1626762187" Name="AI.OperatorRevealZeroG" Flags="4" Type="Bool" Value="false"/>
 <GameToken Id="-1911894848" Name="AI.PhantomHubSpawn" Flags="4" Type="Bool" Value="false"/>
 <GameToken Id="-906919903" Name="ZeroG.Kiosk-StartChallenge" Flags="4" Type="Bool" Value="false"/>
 <GameToken Id="-1781670769" Name="ZeroG.Kiosk-FinishChallenge" Flags="4" Type="Bool" Value="false"/>
 <GameToken Id="-994558713" Name="BallisticsLab.GrenadeLoaded" Flags="4" Type="Bool" Value="false"/>
 <GameToken Id="-363771181" Name="BallisticsLab.DropGrenade" Flags="4" Type="Bool" Value="false"/>
 <GameToken Id="-658637375" Name="BallisticsLab.ChamberSealed" Flags="4" Type="Bool" Value="false"/>
 <GameToken Id="-1524228945" Name="BallisticsLab.GrenadeRelease" Flags="4" Type="Bool" Value="false"/>
 <GameToken Id="-1035832936" Name="BallisticsLab.IsEMP" Flags="4" Type="Bool" Value="false"/>
 <GameToken Id="-2067017262" Name="BallisticsLab.IsRecycler" Flags="4" Type="Bool" Value="false"/>
 <GameToken Id="-1924298014" Name="BallisticsLab.IsNullwave" Flags="4" Type="Bool" Value="false"/>
 <GameToken Id="-860345348" Name="EnvironmentState.ZeroGChamberLights-OFF" Flags="4" Type="Bool" Value="false"/>
 <GameToken Id="-767435373" Name="LookingGlass.Recording01Play" Flags="4" Type="Bool" Value="false"/>
 <GameToken Id="-1780373693" Name="LookingGlass.Recording02Play" Flags="4" Type="Bool" Value="false"/>
 <GameToken Id="-1385462915" Name="LookingGlass.LG_Power" Flags="4" Type="Bool" Value="false"/>
 <GameToken Id="-1394142586" Name="ZeroG.PlayerNeedsPropulsionSystem" Flags="4" Type="Bool" Value="false"/>
 <GameToken Id="-312942365" Name="ZeroG.PlayerHasFabPlan" Flags="4" Type="Bool" Value="false"/>
 <GameToken Id="-72699751" Name="LaserLab.RightLaserFire" Flags="4" Type="Bool" Value="false"/>
 <GameToken Id="-1453699382" Name="StageSequence.HatchOpened" Flags="4" Type="Bool" Value="false"/>
 <GameToken Id="-1659116126" Name="Calvino.PlayerTurnedOnDiagnostic" Flags="4" Type="Bool" Value="false"/>
 <GameToken Id="-1563141412" Name="LookingGlass.ConnectionRestored" Flags="4" Type="Bool" Value="false"/>
 <GameToken Id="-1765243458" Name="LookingGlass.Recording01Loaded" Flags="4" Type="Bool" Value="false"/>
 <GameToken Id="-1491034333" Name="LookingGlass.Recording02Loaded" Flags="4" Type="Bool" Value="false"/>
 <GameToken Id="-87473393" Name="ZeroGIntermediate.AllSwitchesOn" Flags="4" Type="Bool" Value="false"/>
 <GameToken Id="-120761007" Name="ZeroGIntermediate.BeginChallenge" Flags="4" Type="Bool" Value="false"/>
 <GameToken Id="-1306605679" Name="ZeroGIntermediate.ClaimPrize" Flags="4" Type="Bool" Value="false"/>
 <GameToken Id="-764738885" Name="ZeroGIntermediate.FinishChallenge" Flags="4" Type="Bool" Value="false"/>
 <GameToken Id="-1580615050" Name="ZeroGIntermediate.Kiosk-FinishChallenge" Flags="4" Type="Bool" Value="false"/>
 <GameToken Id="-1555135160" Name="ZeroGIntermediate.Kiosk-StartChallenge" Flags="4" Type="Bool" Value="false"/>
 <GameToken Id="-3813163" Name="ZeroGIntermediate.NewRecord" Flags="4" Type="Bool" Value="false"/>
 <GameToken Id="-342820961" Name="ZeroGIntermediate.Switch1" Flags="4" Type="Bool" Value="false"/>
 <GameToken Id="-224811483" Name="ZeroGIntermediate.Switch2" Flags="4" Type="Bool" Value="false"/>
 <GameToken Id="-2053204301" Name="ZeroGIntermediate.Switch3" Flags="4" Type="Bool" Value="false"/>
 <GameToken Id="-1678114032" Name="ZeroGIntermediate.Switch4" Flags="4" Type="Bool" Value="false"/>
 <GameToken Id="-318950522" Name="ZeroGIntermediate.Switch5" Flags="4" Type="Bool" Value="false"/>
 <GameToken Id="-1405270862" Name="ZeroGExpert.AllSwitchesOn" Flags="4" Type="Bool" Value="false"/>
 <GameToken Id="-850694553" Name="ZeroGExpert.BeginChallenge" Flags="4" Type="Bool" Value="false"/>
 <GameToken Id="-758013739" Name="ZeroGExpert.ClaimPrize" Flags="4" Type="Bool" Value="false"/>
 <GameToken Id="-1654386407" Name="ZeroGExpert.FinishChallenge" Flags="4" Type="Bool" Value="false"/>
 <GameToken Id="-1865603350" Name="ZeroGExpert.Kiosk-FinishChallenge" Flags="4" Type="Bool" Value="false"/>
 <GameToken Id="-1405403789" Name="ZeroGExpert.Kiosk-StartChallenge" Flags="4" Type="Bool" Value="false"/>
 <GameToken Id="-448034081" Name="ZeroGExpert.NewRecord" Flags="4" Type="Bool" Value="false"/>
 <GameToken Id="-1146041751" Name="ZeroGExpert.Switch1" Flags="4" Type="Bool" Value="false"/>
 <GameToken Id="-1564894253" Name="ZeroGExpert.Switch2" Flags="4" Type="Bool" Value="false"/>
 <GameToken Id="-708924603" Name="ZeroGExpert.Switch3" Flags="4" Type="Bool" Value="false"/>
 <GameToken Id="-874889498" Name="ZeroGExpert.Switch4" Flags="4" Type="Bool" Value="false"/>
 <GameToken Id="-1126363536" Name="ZeroGExpert.Switch5" Flags="4" Type="Bool" Value="false"/>
 <GameToken Id="-1512808502" Name="ZeroGExpert.Switch6" Flags="4" Type="Bool" Value="false"/>
 <GameToken Id="-37397294" Name="EnvironmentState.SecurityTriggered" Flags="4" Type="Bool" Value="false"/>
 <GameToken Id="-1240796282" Name="Progression.SecurityLockerOpen" Flags="4" Type="Bool" Value="false"/>
 <GameToken Id="-2088416481" Name="Progression.PlayerFailedToOpenAtriumDoor" Flags="4" Type="Bool" Value="false"/>
 <GameToken Id="-1329512412" Name="LookingGlass.LGProcessing" Flags="4" Type="Bool" Value="false"/>
 <GameToken Id="-2024387220" Name="Medical.PowerOn" Flags="4" Type="Bool" Value="false"/>
 <GameToken Id="-100017450" Name="Medical.PowerOff" Flags="4" Type="Bool" Value="false"/>
 <GameToken Id="-1368787889" Name="Progression.AccessedMachineCage" Flags="4" Type="Bool" Value="false"/>
 <GameToken Id="-1912288166" Name="LookingGlass.SR4BN-715_OFFLINE" Flags="4" Type="Bool" Value="false"/>
 <GameToken Id="-1964235721" Name="LookingGlass.SR4BN-864_OFFLINE" Flags="4" Type="Bool" Value="false"/>
 <GameToken Id="-233707632" Name="LookingGlass.SR4BN-988_OFFLINE" Flags="4" Type="Bool" Value="false"/>
 <GameToken Id="-327181930" Name="LookingGlass.SR4BN-1018_OFFLINE" Flags="4" Type="Bool" Value="false"/>
 <GameToken Id="-1193292600" Name="LookingGlass.SR4BN-1112_OFFLINE" Flags="4" Type="Bool" Value="false"/>
 <GameToken Id="-2018283150" Name="LookingGlass.SR4BN-1496_OFFLINE" Flags="4" Type="Bool" Value="false"/>
 <GameToken Id="-859308899" Name="BallisticsLab.IsLure" Flags="4" Type="Bool" Value="false"/>
 <GameToken Id="-1843926732" Name="AI.StairMimic" Flags="4" Type="Bool" Value="false"/>
 <GameToken Id="-1583309836" Name="Calvino.ThermosDocked" Flags="4" Type="Bool" Value="false"/>
 <GameToken Id="-986159959" Name="EnvironmentState.AirlockOpened" Flags="4" Type="Bool" Value="false"/>
 <GameToken Id="-598460831" Name="AI.Phase1MachineOpsDead" Flags="4" Type="Bool" Value="false"/>
 <GameToken Id="-1337271364" Name="LaserLab.PlayerUndockedLaser" Flags="4" Type="Bool" Value="false"/>
 <GameToken Id="-1158139684" Name="Calvino.PlayerCheckedRoster" Flags="4" Type="Bool" Value="false"/>
 <GameToken Id="-2077190507" Name="MachineShop.MoonDoorOpen" Flags="4" Type="Bool" Value="false"/>
 <GameToken Id="-1183406311" Name="Progression.PlayerGlidePlatformEarly" Flags="4" Type="Bool" Value="false"/>
 <GameToken Id="-782212045" Name="AI.ThermalSpawned" Flags="4" Type="Bool" Value="false"/>
 <GameToken Id="-729159132" Name="AI.ThermalDied" Flags="4" Type="Bool" Value="false"/>
 <GameToken Id="-207166276" Name="LookingGlass.Recording01Finished" Flags="4" Type="Bool" Value="false"/>
 <GameToken Id="-903096199" Name="LookingGlass.Recording02Finished" Flags="4" Type="Bool" Value="false"/>
 <GameToken Id="-2034377713" Name="AI.RepopVoltaicDead" Flags="4" Type="Bool" Value="false"/>
 <GameToken Id="-812462437" Name="AI.RepopVoltaicSpawned" Flags="4" Type="Bool" Value="false"/>
</GameTokensLibrary>
