
<ResponseRules description="">
 <WritebackKeys>
  <WritebackKey id="15659330456318447075" name="GreetedMorgan"/>
  <WritebackKey id="15659330456318447079" name="PatrickComment"/>
 </WritebackKeys>
 <ResponseRule response="13680621263389037479" id="13680621263389036202" name="Patricia Greats Morgan Male" cooldown="" conversation="0" oneshot="1">
  <Criteria>
   <Criterion id="15659330456318451386" value="13680621263353786238" comparison="0" type="guid"/>
   <Criterion id="15659330456318451410" comparison="0" value="onPlayerApproach" fromResponse="0" type="default"/>
   <Criterion comparison="0" passIfMissing="false" id="15659330456318451477" value="13680621263389037313" type="guid" keyType="default"/>
   <Criterion comparison="0" passIfMissing="false" id="211598630" keyType="gameToken" value="0"/>
   <Criterion comparison="0" passIfMissing="false" id="10739735956111935346" type="guid" keyType="default" value="12889009724983807463"/>
  </Criteria>
  <Writeback>
   <Fact id="15659330456318447075" value="1" time="0"/>
  </Writeback>
 </ResponseRule>
 <ResponseRule response="13680621263389037497" id="13680621263389037109" name="Patricia Greats Morgan Female" cooldown="" conversation="0" oneshot="1">
  <Criteria>
   <Criterion id="15659330456318451386" value="13680621263353786238" comparison="0" type="guid"/>
   <Criterion id="15659330456318451410" comparison="0" value="onPlayerApproach" fromResponse="0" type="default"/>
   <Criterion comparison="0" passIfMissing="false" id="15659330456318451477" value="13680621263389037313" type="guid" keyType="default"/>
   <Criterion comparison="0" passIfMissing="false" id="211598630" keyType="gameToken" value="1"/>
   <Criterion comparison="0" passIfMissing="false" id="10739735956111935346" type="guid" keyType="default" value="12889009724983807463"/>
  </Criteria>
  <Writeback>
   <Fact id="15659330456318447075" value="1" time="0"/>
  </Writeback>
 </ResponseRule>
 <ResponseSet id="13680621263389037479">
  <Response dialog="13680621263389037478" id="13680621263389037480" cooldown="0" weight="1" oneshot="0" completeConversation="1" delay="0" targetId="0" targetType="1" speakerTrackMethod="3" targetTrackMethod="0"/>
 </ResponseSet>
 <ResponseSet id="13680621263389037497">
  <Response dialog="13680621263389037496" id="13680621263389037498" cooldown="0" weight="1" oneshot="0" completeConversation="1" delay="0" targetId="0" targetType="1" speakerTrackMethod="3" targetTrackMethod="0"/>
 </ResponseSet>
 <ResponseRule response="13680621263389037564" id="13680621263389037532" name="Player Loitering around Patricia" cooldown="20">
  <Criteria>
   <Criterion id="15659330456318451386" value="13680621263353786238" comparison="0" type="guid"/>
   <Criterion id="15659330456318451410" comparison="0" value="onPlayerLoiter" fromResponse="0" type="default"/>
   <Criterion comparison="0" passIfMissing="false" id="15659330456318451420" value="15659330456312989347" type="guid" keyType="default"/>
   <Criterion comparison="2" passIfMissing="false" id="15659330456318451417" value="6" type="default"/>
   <Criterion comparison="0" passIfMissing="false" id="15659330456318447075" value="1" type="default" keyType="writeback"/>
   <Criterion comparison="0" passIfMissing="false" id="15659330456318451477" type="guid" keyType="default" value="13680621263389037313"/>
   <Criterion comparison="0" passIfMissing="false" id="10739735956111935346" type="guid" keyType="default" value="12889009724983807463"/>
  </Criteria>
 </ResponseRule>
 <ResponseSet id="13680621263389037564">
  <Response dialog="13680621263389037563" id="13680621263389037565" cooldown="0" weight="1" oneshot="0" completeConversation="1" delay="0"/>
  <Response dialog="13680621263389037572" id="13680621263389037573" cooldown="0" weight="1" oneshot="0" completeConversation="1" delay="0"/>
  <Response dialog="13680621263389037586" id="13680621263389037587" cooldown="0" weight="1" oneshot="true" completeConversation="1" delay="0" targetId="0" targetType="1" speakerTrackMethod="3" targetTrackMethod="0"/>
  <Response dialog="13680621263389037594" id="13680621263389037595" cooldown="0" weight="1" oneshot="0" completeConversation="1" delay="0"/>
 </ResponseSet>
 <ResponseRule response="13680621263389037803" id="13680621263389037688" name="Patricia Comment 1, Not Nervous. " cooldown="" oneshot="1" priority="2">
  <Criteria>
   <Criterion id="15659330456318451386" value="13680621263353786238" comparison="0" type="guid"/>
   <Criterion id="15659330456318451410" comparison="0" value="onUsed" fromResponse="0" type="default"/>
   <Criterion comparison="0" passIfMissing="false" id="15659330456318447075" value="1" type="default" keyType="writeback"/>
   <Criterion comparison="0" passIfMissing="false" id="15659330456318451477" type="guid" keyType="default" value="13680621263389037313"/>
   <Criterion comparison="0" passIfMissing="false" id="15659330456318451420" type="guid" keyType="default" value="15659330456312989347"/>
   <Criterion comparison="0" passIfMissing="false" id="10739735956111935346" type="guid" keyType="default" value="12889009724983807463"/>
  </Criteria>
  <Writeback>
   <Fact id="15659330456318447079" value="2" time="0"/>
  </Writeback>
 </ResponseRule>
 <ResponseSet id="13680621263389037803">
  <Response dialog="13680621263389037802" id="13680621263389037804" cooldown="0" weight="1" oneshot="0" completeConversation="1" delay="0" targetId="0" targetType="1" speakerTrackMethod="3" targetTrackMethod="0"/>
 </ResponseSet>
 <ResponseRule response="13680621263389037885" id="13680621263389037817" name="Patricia Comment 2, Not Nervous." cooldown="" oneshot="1">
  <Criteria>
   <Criterion id="15659330456318451386" value="13680621263353786238" comparison="0" type="guid"/>
   <Criterion id="15659330456318451410" comparison="0" value="onUsed" fromResponse="0" type="default"/>
   <Criterion comparison="0" passIfMissing="false" id="15659330456318447075" value="1" type="default" keyType="writeback"/>
   <Criterion comparison="0" passIfMissing="false" id="15659330456318451477" type="guid" keyType="default" value="13680621263389037313"/>
   <Criterion comparison="0" passIfMissing="false" id="15659330456318447079" type="default" keyType="writeback" value="2"/>
   <Criterion comparison="0" passIfMissing="false" id="10739735956111935346" type="guid" keyType="default" value="12889009724983807463"/>
  </Criteria>
  <Writeback>
   <Fact id="15659330456318447079" value="3" time="0"/>
  </Writeback>
 </ResponseRule>
 <ResponseSet id="13680621263389037885">
  <Response dialog="13680621263389037884" id="13680621263389037886" cooldown="0" weight="1" oneshot="0" completeConversation="1" delay="0" emotion="15659330456346423989" targetId="0" targetType="1" speakerTrackMethod="3" targetTrackMethod="0"/>
 </ResponseSet>
 <ResponseRule response="13680621263389037947" id="13680621263389037903" name="Patricia Comment 3, Not Nervous. " cooldown="" oneshot="1">
  <Criteria>
   <Criterion id="15659330456318451386" value="13680621263353786238" comparison="0" type="guid"/>
   <Criterion id="15659330456318451410" comparison="0" value="onUsed" fromResponse="0" type="default"/>
   <Criterion comparison="0" passIfMissing="false" id="15659330456318447075" value="1" type="default" keyType="writeback"/>
   <Criterion comparison="0" passIfMissing="false" id="15659330456318451477" type="guid" keyType="default" value="13680621263389037313"/>
   <Criterion comparison="0" passIfMissing="false" id="15659330456318447079" type="default" keyType="writeback" value="3"/>
   <Criterion comparison="0" passIfMissing="false" id="10739735956111935346" type="guid" keyType="default" value="12889009724983807463"/>
  </Criteria>
  <Writeback>
   <Fact id="15659330456318447079" value="4" time="0"/>
  </Writeback>
 </ResponseRule>
 <ResponseSet id="13680621263389037947">
  <Response dialog="13680621263389037946" id="13680621263389037948" cooldown="0" weight="1" oneshot="0" completeConversation="1" delay="0" targetId="0" targetType="1" speakerTrackMethod="3" targetTrackMethod="0"/>
 </ResponseSet>
 <ResponseRule response="13680621263389038021" id="13680621263389037963" name="Patricia Comment 4, Not Nervous." cooldown="" oneshot="1">
  <Criteria>
   <Criterion id="15659330456318451386" value="13680621263353786238" comparison="0" type="guid"/>
   <Criterion id="15659330456318451410" comparison="0" value="onUsed" fromResponse="0" type="default"/>
   <Criterion comparison="0" passIfMissing="false" id="15659330456318447075" value="1" type="default" keyType="writeback"/>
   <Criterion comparison="0" passIfMissing="false" id="15659330456318451477" type="guid" keyType="default" value="13680621263389037313"/>
   <Criterion comparison="0" passIfMissing="false" id="15659330456318447079" type="default" keyType="writeback" value="4"/>
   <Criterion comparison="0" passIfMissing="false" id="10739735956111935346" type="guid" keyType="default" value="12889009724983807463"/>
  </Criteria>
  <Writeback>
   <Fact id="15659330456318447079" value="5" time="0"/>
  </Writeback>
 </ResponseRule>
 <ResponseSet id="13680621263389038021">
  <Response dialog="13680621263389038020" id="13680621263389038022" cooldown="0" weight="1" oneshot="0" completeConversation="1" delay="0" targetId="0" targetType="1" speakerTrackMethod="3" targetTrackMethod="0"/>
 </ResponseSet>
 <ResponseRule response="13680621263389038168" id="13680621263389038121" name="Patricia Comment 5, Nervous. " cooldown="" oneshot="1">
  <Criteria>
   <Criterion id="15659330456318451386" value="13680621263353786238" comparison="0" type="guid"/>
   <Criterion id="15659330456318451410" comparison="0" value="onUsed" fromResponse="0" type="default"/>
   <Criterion comparison="0" passIfMissing="false" id="15659330456318447075" value="1" type="default" keyType="writeback"/>
   <Criterion comparison="0" passIfMissing="false" id="15659330456318451477" type="guid" keyType="default" value="13680621263389037313"/>
   <Criterion comparison="0" passIfMissing="false" id="15659330456318447079" type="default" keyType="writeback" value="5"/>
   <Criterion comparison="0" passIfMissing="false" id="10739735956111935346" type="guid" keyType="default" value="12889009724983807463"/>
  </Criteria>
  <Writeback>
   <Fact id="15659330456318447079" value="6" time="0"/>
  </Writeback>
 </ResponseRule>
 <ResponseSet id="13680621263389038168">
  <Response dialog="13680621263389038167" id="13680621263389038169" cooldown="0" weight="1" oneshot="0" completeConversation="1" delay="0"/>
 </ResponseSet>
 <ResponseRule response="13680621263389038251" id="13680621263389038203" name="Patricia Comment 6, Nervous." cooldown="" oneshot="1">
  <Criteria>
   <Criterion id="15659330456318451386" value="13680621263353786238" comparison="0" type="guid"/>
   <Criterion id="15659330456318451410" comparison="0" value="onUsed" fromResponse="0" type="default"/>
   <Criterion comparison="0" passIfMissing="false" id="15659330456318447075" value="1" type="default" keyType="writeback"/>
   <Criterion comparison="0" passIfMissing="false" id="15659330456318451477" type="guid" keyType="default" value="13680621263389037313"/>
   <Criterion comparison="0" passIfMissing="false" id="15659330456318447079" type="default" keyType="writeback" value="6"/>
   <Criterion comparison="0" passIfMissing="false" id="10739735956111935346" type="guid" keyType="default" value="12889009724983807463"/>
  </Criteria>
  <Writeback>
   <Fact id="15659330456318447079" value="7" time="0"/>
  </Writeback>
 </ResponseRule>
 <ResponseSet id="13680621263389038251">
  <Response dialog="13680621263389038250" id="13680621263389038252" cooldown="0" weight="1" oneshot="0" completeConversation="1" delay="0" targetId="140720308486144" targetType="0" speakerTrackMethod="0" targetTrackMethod="0"/>
 </ResponseSet>
 <ResponseRule response="13680621263389038322" id="13680621263389038270" name="Patricia Comment 7, Nervous." cooldown="" oneshot="1">
  <Criteria>
   <Criterion id="15659330456318451386" value="13680621263353786238" comparison="0" type="guid"/>
   <Criterion id="15659330456318451410" comparison="0" value="onUsed" fromResponse="0" type="default"/>
   <Criterion comparison="0" passIfMissing="false" id="15659330456318447075" value="1" type="default" keyType="writeback"/>
   <Criterion comparison="0" passIfMissing="false" id="15659330456318451477" type="guid" keyType="default" value="13680621263389037313"/>
   <Criterion comparison="0" passIfMissing="false" id="15659330456318447079" type="default" keyType="writeback" value="7"/>
   <Criterion comparison="0" passIfMissing="false" id="10739735956111935346" type="guid" keyType="default" value="12889009724983807463"/>
  </Criteria>
  <Writeback>
   <Fact id="15659330456318447079" value="8" time="0"/>
  </Writeback>
 </ResponseRule>
 <ResponseSet id="13680621263389038322">
  <Response dialog="13680621263389038321" id="13680621263389038323" cooldown="0" weight="1" oneshot="0" completeConversation="1" delay="0" targetId="0" targetType="1" speakerTrackMethod="3" targetTrackMethod="0"/>
 </ResponseSet>
</ResponseRules>