
<ResponseRules>
 <WritebackKeys>
  <WritebackKey id="13680621263390573721" name="ClickMe1stTime_Played"/>
  <WritebackKey id="13680621263390574413" name="NumClickMeFollowUps_Played"/>
 </WritebackKeys>
 <ResponseRule id="13680621263390572749" name="SimLabOperator: Greeting." cooldown="" oneshot="1" description="Operator greeing Morgan in the TranStar building furing the fake tests." response="13680621263390574393">
  <Criteria>
   <Criterion id="15659330456318451386" value="13680621263375711450" comparison="0" type="guid"/>
   <Criterion id="15659330456318451410" comparison="0" value="onPlayerApproachNear" fromResponse="0" type="default"/>
   <Criterion comparison="0" passIfMissing="false" id="10739735956111935346" type="guid" keyType="default" value="12889009724983807463"/>
   <Criterion comparison="0" passIfMissing="false" id="1304802513" keyType="gameToken" value="0"/>
  </Criteria>
 </ResponseRule>
 <ResponseRule id="13680621263390573669" name="SimLabOperator: ClickMe Lines, 1st Time" cooldown="" oneshot="1" description="Operator greeting Morgan in the TranStar building. Follow ups." response="13680621263390678356">
  <Criteria>
   <Criterion id="15659330456318451386" value="13680621263375711450" comparison="0" type="guid"/>
   <Criterion id="15659330456318451410" comparison="0" value="onUsed" fromResponse="0" type="default"/>
   <Criterion comparison="0" passIfMissing="false" id="10739735956111935346" type="guid" keyType="default" value="12889009724983807463"/>
   <Criterion comparison="0" passIfMissing="false" id="1304802513" keyType="gameToken" value="0"/>
  </Criteria>
  <Writeback>
   <Fact id="13680621263390573721" value="1" time="0"/>
  </Writeback>
 </ResponseRule>
 <ResponseRule id="13680621263390573616" name="SimLabOperator: ClickMe Lines" cooldown="" oneshot="0" description="Operator greeting Morgan in the TranStar building. Follow ups." response="13680621263390573798">
  <Criteria>
   <Criterion id="15659330456318451386" value="13680621263375711450" comparison="0" type="guid"/>
   <Criterion id="15659330456318451410" comparison="0" value="onUsed" fromResponse="0" type="default"/>
   <Criterion comparison="0" passIfMissing="false" id="10739735956111935346" type="guid" keyType="default" value="12889009724983807463"/>
   <Criterion comparison="0" passIfMissing="false" id="13680621263390573721" type="default" keyType="writeback" value="1"/>
   <Criterion comparison="0" passIfMissing="false" id="1304802513" keyType="gameToken" value="0"/>
  </Criteria>
  <Writeback>
   <Fact id="13680621263390574413" value="1" time="0" type="1"/>
  </Writeback>
 </ResponseRule>
 <ResponseSet id="13680621263390573798">
  <Response dialog="13680621263390573797" id="13680621263390573799" cooldown="0" weight="1" oneshot="true" completeConversation="0" delay="0" targetId="0" targetType="1" speakerTrackMethod="2" targetTrackMethod="0"/>
  <Response dialog="13680621263390573871" id="13680621263390573872" cooldown="0" weight="1" oneshot="true" completeConversation="0" delay="0" targetId="0" targetType="1" speakerTrackMethod="2" targetTrackMethod="0"/>
  <Response dialog="13680621263390575176" id="13680621263390575177" cooldown="0" weight="1" oneshot="true" completeConversation="0" delay="0" targetId="0" targetType="1" speakerTrackMethod="2" targetTrackMethod="0"/>
  <Response dialog="13680621263390679242" id="13680621263390679243" cooldown="0" weight="1" oneshot="true" completeConversation="0" delay="0" cutoff="0" targetId="0" targetType="1" speakerTrackMethod="2" targetTrackMethod="0"/>
  <Response dialog="13680621263391396409" id="13680621263391396410" cooldown="0" weight="1" oneshot="true" completeConversation="1" delay="0" cutoff="0" targetId="0" targetType="1" speakerTrackMethod="2" targetTrackMethod="0"/>
 </ResponseSet>
 <ResponseRule id="13680621263390573917" name="SimLabOperator: ClickMe Lines, Done." cooldown="" oneshot="0" description="Operator greeting Morgan in the TranStar building. Follow ups. Now move along to the test. " response="13680621263390573944">
  <Criteria>
   <Criterion id="15659330456318451386" value="13680621263375711450" comparison="0" type="guid"/>
   <Criterion id="15659330456318451410" comparison="0" value="onUsed" fromResponse="0" type="default"/>
   <Criterion comparison="0" passIfMissing="false" id="10739735956111935346" type="guid" keyType="default" value="12889009724983807463"/>
   <Criterion comparison="0" passIfMissing="false" id="13680621263390573721" type="default" keyType="writeback" value="1"/>
   <Criterion comparison="3" passIfMissing="false" id="13680621263390574413" type="default" keyType="writeback" value="5"/>
   <Criterion comparison="0" passIfMissing="false" id="1304802513" keyType="gameToken" value="0"/>
  </Criteria>
 </ResponseRule>
 <ResponseSet id="13680621263390573944">
  <Response dialog="13680621263390573943" id="13680621263390573945" cooldown="0" weight="1" oneshot="true" completeConversation="1" delay="0" targetId="0" targetType="1" speakerTrackMethod="2" targetTrackMethod="0"/>
  <Response dialog="13680621263390574838" id="13680621263390574839" cooldown="0" weight="1" oneshot="true" completeConversation="1" delay="0" targetId="0" targetType="1" speakerTrackMethod="2" targetTrackMethod="0"/>
  <Response dialog="13680621263390679247" id="13680621263390684838" cooldown="0" weight="1" oneshot="true" completeConversation="0" delay="0" cutoff="0" targetId="0" targetType="1" speakerTrackMethod="2" targetTrackMethod="0"/>
 </ResponseSet>
 <ResponseSet id="13680621263390574393">
  <Response dialog="13680621263385753336" id="13680621263390574394" cooldown="0" weight="1" oneshot="0" completeConversation="1" delay="0" targetId="0" targetType="1" speakerTrackMethod="2" targetTrackMethod="0"/>
 </ResponseSet>
 <ResponseRule id="13680621263390574888" name="" cooldown="" response="13680621263390574889">
  <Criteria>
   <Criterion id="15659330456318451386" value="13680621263375711450" comparison="0" type="guid"/>
   <Criterion id="15659330456318451410" comparison="0" value="13680621263390573799" fromResponse="1" type="guid"/>
   <Criterion comparison="0" passIfMissing="false" id="10739735956111935346" type="guid" keyType="default" value="12889009724983807463"/>
  </Criteria>
 </ResponseRule>
 <ResponseSet id="13680621263390574889">
  <Response dialog="13680621263390574887" id="13680621263390574890" cooldown="0" weight="1" oneshot="0" completeConversation="1" delay="0" targetId="0" targetType="1" speakerTrackMethod="2" targetTrackMethod="0"/>
 </ResponseSet>
 <ResponseRule id="13680621263390575007" name="" cooldown="" response="13680621263390575008">
  <Criteria>
   <Criterion id="15659330456318451386" value="13680621263375711450" comparison="0" type="guid"/>
   <Criterion id="15659330456318451410" comparison="0" value="13680621263390573872" fromResponse="1" type="guid"/>
   <Criterion comparison="0" passIfMissing="false" id="10739735956111935346" type="guid" keyType="default" value="12889009724983807463"/>
  </Criteria>
 </ResponseRule>
 <ResponseSet id="13680621263390575008">
  <Response dialog="13680621263390575006" id="13680621263390575009" cooldown="0" weight="1" oneshot="0" completeConversation="1" delay="0" targetId="0" targetType="1" speakerTrackMethod="2" targetTrackMethod="0"/>
 </ResponseSet>
 <ResponseRule id="13680621263390575322" name="" cooldown="" response="13680621263390575323">
  <Criteria>
   <Criterion id="15659330456318451386" value="13680621263375711450" comparison="0" type="guid"/>
   <Criterion id="15659330456318451410" comparison="0" value="13680621263390575177" fromResponse="1" type="guid"/>
   <Criterion comparison="0" passIfMissing="false" id="10739735956111935346" type="guid" keyType="default" value="12889009724983807463"/>
  </Criteria>
 </ResponseRule>
 <ResponseSet id="13680621263390575323">
  <Response dialog="13680621263390575321" id="13680621263390575324" cooldown="0" weight="1" oneshot="0" completeConversation="1" delay="0" targetId="0" targetType="1" speakerTrackMethod="2" targetTrackMethod="0"/>
 </ResponseSet>
 <ResponseSet id="13680621263390678356">
  <Response dialog="13680621263390573711" id="13680621263390678357" cooldown="0" weight="1" oneshot="0" completeConversation="1" delay="0" cutoff="0" targetId="0" targetType="1" speakerTrackMethod="2" targetTrackMethod="0"/>
 </ResponseSet>
 <ResponseRule id="13680621263390684325" name="" cooldown="" response="13680621263390684326">
  <Criteria>
   <Criterion id="15659330456318451386" value="13680621263375711450" comparison="0" type="guid"/>
   <Criterion id="15659330456318451410" comparison="0" value="13680621263390679243" fromResponse="1" type="guid"/>
   <Criterion comparison="0" passIfMissing="false" id="10739735956111935346" type="guid" keyType="default" value="12889009724983807463"/>
  </Criteria>
 </ResponseRule>
 <ResponseSet id="13680621263390684326">
  <Response dialog="13680621263390684324" id="13680621263390684327" cooldown="0" weight="1" oneshot="0" completeConversation="0" delay="0" cutoff="0" targetId="0" targetType="1" speakerTrackMethod="2" targetTrackMethod="0"/>
 </ResponseSet>
 <ResponseRule id="13680621263390684548" name="" cooldown="" response="13680621263390684549">
  <Criteria>
   <Criterion id="15659330456318451386" value="13680621263375711450" comparison="0" type="guid"/>
   <Criterion id="15659330456318451410" comparison="0" value="13680621263390684327" fromResponse="1" type="guid"/>
   <Criterion comparison="0" passIfMissing="false" id="10739735956111935346" type="guid" keyType="default" value="12889009724983807463"/>
  </Criteria>
 </ResponseRule>
 <ResponseSet id="13680621263390684549">
  <Response dialog="13680621263390684547" id="13680621263390684550" cooldown="0" weight="1" oneshot="0" completeConversation="1" delay="0" cutoff="0" targetId="0" targetType="1" speakerTrackMethod="2" targetTrackMethod="0"/>
 </ResponseSet>
 <ResponseRule id="13680621263390684864" name="" cooldown="" response="13680621263390684865">
  <Criteria>
   <Criterion id="15659330456318451386" value="13680621263375711450" comparison="0" type="guid"/>
   <Criterion id="15659330456318451410" comparison="0" value="13680621263390684838" fromResponse="1" type="guid"/>
   <Criterion comparison="0" passIfMissing="false" id="10739735956111935346" type="guid" keyType="default" value="12889009724983807463"/>
  </Criteria>
 </ResponseRule>
 <ResponseSet id="13680621263390684865">
  <Response dialog="13680621263390684724" id="13680621263390684866" cooldown="0" weight="1" oneshot="0" completeConversation="0" delay="0" cutoff="0" targetId="0" targetType="1" speakerTrackMethod="2" targetTrackMethod="0"/>
 </ResponseSet>
 <ResponseRule id="13680621263390684874" name="" cooldown="" response="13680621263390684875">
  <Criteria>
   <Criterion id="15659330456318451386" value="13680621263375711450" comparison="0" type="guid"/>
   <Criterion id="15659330456318451410" comparison="0" value="13680621263390684866" fromResponse="1" type="guid"/>
   <Criterion comparison="0" passIfMissing="false" id="10739735956111935346" type="guid" keyType="default" value="12889009724983807463"/>
  </Criteria>
 </ResponseRule>
 <ResponseSet id="13680621263390684875">
  <Response dialog="13680621263390684765" id="13680621263390684876" cooldown="0" weight="1" oneshot="0" completeConversation="0" delay="0" cutoff="0" targetId="0" targetType="1" speakerTrackMethod="2" targetTrackMethod="0"/>
 </ResponseSet>
 <ResponseRule id="13680621263390684901" name="" cooldown="" response="13680621263390684902">
  <Criteria>
   <Criterion id="15659330456318451386" value="13680621263375711450" comparison="0" type="guid"/>
   <Criterion id="15659330456318451410" comparison="0" value="13680621263390684876" fromResponse="1" type="guid"/>
   <Criterion comparison="0" passIfMissing="false" id="10739735956111935346" type="guid" keyType="default" value="12889009724983807463"/>
  </Criteria>
 </ResponseRule>
 <ResponseSet id="13680621263390684902">
  <Response dialog="13680621263390684775" id="13680621263390684903" cooldown="0" weight="1" oneshot="0" completeConversation="1" delay="0" cutoff="0" targetId="0" targetType="1" speakerTrackMethod="2" targetTrackMethod="0"/>
 </ResponseSet>
</ResponseRules>