<Graph isModule="1" moduleName="EmergencyLights" isObjectList="1" objectListClass="ArkLight" Description="" Group="" enabled="1" MultiPlayer="ClientServer">
 <Nodes>
  <Node Id="62" Class="entity:ArkLight" pos="-127.62119,63.810593,0" EntityGUID="{DD36A904-D3CC-4696-84A8-2E1B9049388C}" EntityGUID_64="4696D3CCDD36A904">
   <Inputs entityId="0" Brightness="0" DiffuseColor1="0,0,0" DiffuseColor2="0,0,0" LightStyle1="0" LightStyle2="0" Off="0" On="0" ResetBrightness="0"/>
  </Node>
  <Node Id="64" Class="entity:ArkLight" pos="-127.62119,88.810593,0" EntityGUID="{18878305-460D-46B6-81C8-EEBF9DAC680B}" EntityGUID_64="46B6460D18878305">
   <Inputs entityId="0" Brightness="0" DiffuseColor1="0,0,0" DiffuseColor2="0,0,0" LightStyle1="0" LightStyle2="0" Off="0" On="0" ResetBrightness="0"/>
  </Node>
  <Node Id="66" Class="entity:ArkLight" pos="-127.62119,113.81059,0" EntityGUID="{D4EBDF05-8539-4256-8E9E-D13E0B0A8336}" EntityGUID_64="42568539D4EBDF05">
   <Inputs entityId="0" Brightness="0" DiffuseColor1="0,0,0" DiffuseColor2="0,0,0" LightStyle1="0" LightStyle2="0" Off="0" On="0" ResetBrightness="0"/>
  </Node>
  <Node Id="68" Class="entity:ArkLight" pos="-127.62119,138.81059,0" EntityGUID="{F289DF06-CEE6-4CCF-9511-EDFC9239C08C}" EntityGUID_64="4CCFCEE6F289DF06">
   <Inputs entityId="0" Brightness="0" DiffuseColor1="0,0,0" DiffuseColor2="0,0,0" LightStyle1="0" LightStyle2="0" Off="0" On="0" ResetBrightness="0"/>
  </Node>
  <Node Id="70" Class="entity:ArkLight" pos="-127.62119,163.81059,0" EntityGUID="{A8EA2407-4C15-4A5E-8391-B36F62BE62E5}" EntityGUID_64="4A5E4C15A8EA2407">
   <Inputs entityId="0" Brightness="0" DiffuseColor1="0,0,0" DiffuseColor2="0,0,0" LightStyle1="0" LightStyle2="0" Off="0" On="0" ResetBrightness="0"/>
  </Node>
  <Node Id="72" Class="entity:ArkLight" pos="-127.62119,188.81059,0" EntityGUID="{977E3A09-95A2-41A6-9AEE-53A5770A50D3}" EntityGUID_64="41A695A2977E3A09">
   <Inputs entityId="0" Brightness="0" DiffuseColor1="0,0,0" DiffuseColor2="0,0,0" LightStyle1="0" LightStyle2="0" Off="0" On="0" ResetBrightness="0"/>
  </Node>
  <Node Id="74" Class="entity:ArkLight" pos="-127.62119,213.81059,0" EntityGUID="{E8F08910-2F9C-4612-908D-83C4908EAB5B}" EntityGUID_64="46122F9CE8F08910">
   <Inputs entityId="0" Brightness="0" DiffuseColor1="0,0,0" DiffuseColor2="0,0,0" LightStyle1="0" LightStyle2="0" Off="0" On="0" ResetBrightness="0"/>
  </Node>
  <Node Id="76" Class="entity:ArkLight" pos="-127.62119,238.81059,0" EntityGUID="{E0D68B1A-003B-473F-B671-6AE35ECAFD25}" EntityGUID_64="473F003BE0D68B1A">
   <Inputs entityId="0" Brightness="0" DiffuseColor1="0,0,0" DiffuseColor2="0,0,0" LightStyle1="0" LightStyle2="0" Off="0" On="0" ResetBrightness="0"/>
  </Node>
  <Node Id="78" Class="entity:ArkLight" pos="-127.62119,263.81061,0" EntityGUID="{FE592B1B-AE1A-4E5F-8A8E-1CAA654E2D57}" EntityGUID_64="4E5FAE1AFE592B1B">
   <Inputs entityId="0" Brightness="0" DiffuseColor1="0,0,0" DiffuseColor2="0,0,0" LightStyle1="0" LightStyle2="0" Off="0" On="0" ResetBrightness="0"/>
  </Node>
  <Node Id="80" Class="entity:ArkLight" pos="-127.62119,288.81061,0" EntityGUID="{B186D61C-6F5C-4809-A9ED-EC1294754750}" EntityGUID_64="48096F5CB186D61C">
   <Inputs entityId="0" Brightness="0" DiffuseColor1="0,0,0" DiffuseColor2="0,0,0" LightStyle1="0" LightStyle2="0" Off="0" On="0" ResetBrightness="0"/>
  </Node>
  <Node Id="82" Class="entity:ArkLight" pos="-127.62119,313.81061,0" EntityGUID="{3F00491E-572F-410B-B45A-8F23CDB393EF}" EntityGUID_64="410B572F3F00491E">
   <Inputs entityId="0" Brightness="0" DiffuseColor1="0,0,0" DiffuseColor2="0,0,0" LightStyle1="0" LightStyle2="0" Off="0" On="0" ResetBrightness="0"/>
  </Node>
  <Node Id="84" Class="entity:ArkLight" pos="-127.62119,338.81061,0" EntityGUID="{876ABB1F-68E8-4A56-ADE8-36EC7BF2A451}" EntityGUID_64="4A5668E8876ABB1F">
   <Inputs entityId="0" Brightness="0" DiffuseColor1="0,0,0" DiffuseColor2="0,0,0" LightStyle1="0" LightStyle2="0" Off="0" On="0" ResetBrightness="0"/>
  </Node>
  <Node Id="86" Class="entity:ArkLight" pos="-127.62119,363.81061,0" EntityGUID="{F258FB21-FD1E-4EEF-ACD1-C3D8166E10EE}" EntityGUID_64="4EEFFD1EF258FB21">
   <Inputs entityId="0" Brightness="0" DiffuseColor1="0,0,0" DiffuseColor2="0,0,0" LightStyle1="0" LightStyle2="0" Off="0" On="0" ResetBrightness="0"/>
  </Node>
  <Node Id="88" Class="entity:ArkLight" pos="-127.62119,388.81061,0" EntityGUID="{CAB1E523-3943-4A35-AE27-3569588DA402}" EntityGUID_64="4A353943CAB1E523">
   <Inputs entityId="0" Brightness="0" DiffuseColor1="0,0,0" DiffuseColor2="0,0,0" LightStyle1="0" LightStyle2="0" Off="0" On="0" ResetBrightness="0"/>
  </Node>
  <Node Id="90" Class="entity:ArkLight" pos="-127.62119,413.81061,0" EntityGUID="{D92B1524-20EA-428A-82AE-3EB2BB29E7B5}" EntityGUID_64="428A20EAD92B1524">
   <Inputs entityId="0" Brightness="0" DiffuseColor1="0,0,0" DiffuseColor2="0,0,0" LightStyle1="0" LightStyle2="0" Off="0" On="0" ResetBrightness="0"/>
  </Node>
  <Node Id="92" Class="entity:ArkLight" pos="-127.62119,438.81061,0" EntityGUID="{CF691028-7E2E-4791-A334-076A37C26F20}" EntityGUID_64="47917E2ECF691028">
   <Inputs entityId="0" Brightness="0" DiffuseColor1="0,0,0" DiffuseColor2="0,0,0" LightStyle1="0" LightStyle2="0" Off="0" On="0" ResetBrightness="0"/>
  </Node>
  <Node Id="94" Class="entity:ArkLight" pos="-127.62119,463.81061,0" EntityGUID="{E306F628-ABB4-4111-ABC9-1F4D0C03F6E7}" EntityGUID_64="4111ABB4E306F628">
   <Inputs entityId="0" Brightness="0" DiffuseColor1="0,0,0" DiffuseColor2="0,0,0" LightStyle1="0" LightStyle2="0" Off="0" On="0" ResetBrightness="0"/>
  </Node>
  <Node Id="96" Class="entity:ArkLight" pos="-127.62119,488.81061,0" EntityGUID="{B5779C2B-6F3C-4EC5-8CFB-EC72908F9AA5}" EntityGUID_64="4EC56F3CB5779C2B">
   <Inputs entityId="0" Brightness="0" DiffuseColor1="0,0,0" DiffuseColor2="0,0,0" LightStyle1="0" LightStyle2="0" Off="0" On="0" ResetBrightness="0"/>
  </Node>
  <Node Id="98" Class="entity:ArkLight" pos="-127.62119,513.81061,0" EntityGUID="{4F76AE2D-9F29-40D3-98C8-F2E8207E91B2}" EntityGUID_64="40D39F294F76AE2D">
   <Inputs entityId="0" Brightness="0" DiffuseColor1="0,0,0" DiffuseColor2="0,0,0" LightStyle1="0" LightStyle2="0" Off="0" On="0" ResetBrightness="0"/>
  </Node>
  <Node Id="100" Class="entity:ArkLight" pos="-127.62119,538.81061,0" EntityGUID="{6FCE922E-CAD5-47FD-A238-8BD5A7DB665A}" EntityGUID_64="47FDCAD56FCE922E">
   <Inputs entityId="0" Brightness="0" DiffuseColor1="0,0,0" DiffuseColor2="0,0,0" LightStyle1="0" LightStyle2="0" Off="0" On="0" ResetBrightness="0"/>
  </Node>
  <Node Id="102" Class="entity:ArkLight" pos="-127.62119,563.81061,0" EntityGUID="{CBEFDF34-415C-4D65-A52F-3E1F003A80A2}" EntityGUID_64="4D65415CCBEFDF34">
   <Inputs entityId="0" Brightness="0" DiffuseColor1="0,0,0" DiffuseColor2="0,0,0" LightStyle1="0" LightStyle2="0" Off="0" On="0" ResetBrightness="0"/>
  </Node>
  <Node Id="104" Class="entity:ArkLight" pos="-127.62119,588.81061,0" EntityGUID="{1F411B38-4241-4037-9281-C7CA9B6046E4}" EntityGUID_64="403742411F411B38">
   <Inputs entityId="0" Brightness="0" DiffuseColor1="0,0,0" DiffuseColor2="0,0,0" LightStyle1="0" LightStyle2="0" Off="0" On="0" ResetBrightness="0"/>
  </Node>
  <Node Id="106" Class="entity:ArkLight" pos="-127.62119,613.81061,0" EntityGUID="{DE8A9A39-3BA7-46F2-A669-3D6FA404533F}" EntityGUID_64="46F23BA7DE8A9A39">
   <Inputs entityId="0" Brightness="0" DiffuseColor1="0,0,0" DiffuseColor2="0,0,0" LightStyle1="0" LightStyle2="0" Off="0" On="0" ResetBrightness="0"/>
  </Node>
  <Node Id="108" Class="entity:ArkLight" pos="-127.62119,638.81061,0" EntityGUID="{D1D9DF39-9506-4743-A4F0-C273F9051DF6}" EntityGUID_64="47439506D1D9DF39">
   <Inputs entityId="0" Brightness="0" DiffuseColor1="0,0,0" DiffuseColor2="0,0,0" LightStyle1="0" LightStyle2="0" Off="0" On="0" ResetBrightness="0"/>
  </Node>
  <Node Id="110" Class="entity:ArkLight" pos="-127.62119,663.81061,0" EntityGUID="{812E093A-B4AC-4F18-93E0-E69325284D48}" EntityGUID_64="4F18B4AC812E093A">
   <Inputs entityId="0" Brightness="0" DiffuseColor1="0,0,0" DiffuseColor2="0,0,0" LightStyle1="0" LightStyle2="0" Off="0" On="0" ResetBrightness="0"/>
  </Node>
  <Node Id="112" Class="entity:ArkLight" pos="-127.62119,688.81061,0" EntityGUID="{D4D3DC3A-41D5-4607-81B4-509C00021227}" EntityGUID_64="460741D5D4D3DC3A">
   <Inputs entityId="0" Brightness="0" DiffuseColor1="0,0,0" DiffuseColor2="0,0,0" LightStyle1="0" LightStyle2="0" Off="0" On="0" ResetBrightness="0"/>
  </Node>
  <Node Id="114" Class="entity:ArkLight" pos="-127.62119,713.81061,0" EntityGUID="{3B04C441-12FB-4E4D-98BE-843AC51168DB}" EntityGUID_64="4E4D12FB3B04C441">
   <Inputs entityId="0" Brightness="0" DiffuseColor1="0,0,0" DiffuseColor2="0,0,0" LightStyle1="0" LightStyle2="0" Off="0" On="0" ResetBrightness="0"/>
  </Node>
  <Node Id="116" Class="entity:ArkLight" pos="-127.62119,738.81061,0" EntityGUID="{725CC044-7065-4AB2-A9AD-86E8A7A73B6D}" EntityGUID_64="4AB27065725CC044">
   <Inputs entityId="0" Brightness="0" DiffuseColor1="0,0,0" DiffuseColor2="0,0,0" LightStyle1="0" LightStyle2="0" Off="0" On="0" ResetBrightness="0"/>
  </Node>
  <Node Id="118" Class="entity:ArkLight" pos="-127.62119,763.81061,0" EntityGUID="{7B433F46-C91F-43E0-B1C5-16331487DB6E}" EntityGUID_64="43E0C91F7B433F46">
   <Inputs entityId="0" Brightness="0" DiffuseColor1="0,0,0" DiffuseColor2="0,0,0" LightStyle1="0" LightStyle2="0" Off="0" On="0" ResetBrightness="0"/>
  </Node>
  <Node Id="120" Class="entity:ArkLight" pos="-127.62119,788.81061,0" EntityGUID="{DF5CD646-9F3D-4CBD-ABEF-48F4C8043A8E}" EntityGUID_64="4CBD9F3DDF5CD646">
   <Inputs entityId="0" Brightness="0" DiffuseColor1="0,0,0" DiffuseColor2="0,0,0" LightStyle1="0" LightStyle2="0" Off="0" On="0" ResetBrightness="0"/>
  </Node>
  <Node Id="122" Class="entity:ArkLight" pos="-127.62119,813.81061,0" EntityGUID="{8BDD2948-BD5F-4CF1-ADD0-17D642B7D213}" EntityGUID_64="4CF1BD5F8BDD2948">
   <Inputs entityId="0" Brightness="0" DiffuseColor1="0,0,0" DiffuseColor2="0,0,0" LightStyle1="0" LightStyle2="0" Off="0" On="0" ResetBrightness="0"/>
  </Node>
  <Node Id="124" Class="entity:ArkLight" pos="-127.62119,838.81061,0" EntityGUID="{6EBD294A-FE59-47C9-B4D8-9B4D43D6EE50}" EntityGUID_64="47C9FE596EBD294A">
   <Inputs entityId="0" Brightness="0" DiffuseColor1="0,0,0" DiffuseColor2="0,0,0" LightStyle1="0" LightStyle2="0" Off="0" On="0" ResetBrightness="0"/>
  </Node>
  <Node Id="126" Class="entity:ArkLight" pos="-127.62119,863.81061,0" EntityGUID="{3DE8AA4B-FCFD-424C-AB72-EB6856478764}" EntityGUID_64="424CFCFD3DE8AA4B">
   <Inputs entityId="0" Brightness="0" DiffuseColor1="0,0,0" DiffuseColor2="0,0,0" LightStyle1="0" LightStyle2="0" Off="0" On="0" ResetBrightness="0"/>
  </Node>
  <Node Id="128" Class="entity:ArkLight" pos="-127.62119,888.81061,0" EntityGUID="{2E9A2D50-BEB2-40C0-AAFB-B064413DB96F}" EntityGUID_64="40C0BEB22E9A2D50">
   <Inputs entityId="0" Brightness="0" DiffuseColor1="0,0,0" DiffuseColor2="0,0,0" LightStyle1="0" LightStyle2="0" Off="0" On="0" ResetBrightness="0"/>
  </Node>
  <Node Id="130" Class="entity:ArkLight" pos="-127.62119,913.81061,0" EntityGUID="{C3ECD450-320F-40F9-BEBF-D65548A07C98}" EntityGUID_64="40F9320FC3ECD450">
   <Inputs entityId="0" Brightness="0" DiffuseColor1="0,0,0" DiffuseColor2="0,0,0" LightStyle1="0" LightStyle2="0" Off="0" On="0" ResetBrightness="0"/>
  </Node>
  <Node Id="132" Class="entity:ArkLight" pos="-127.62119,938.81061,0" EntityGUID="{28FC3655-8D52-4644-A600-F0F2035AA04D}" EntityGUID_64="46448D5228FC3655">
   <Inputs entityId="0" Brightness="0" DiffuseColor1="0,0,0" DiffuseColor2="0,0,0" LightStyle1="0" LightStyle2="0" Off="0" On="0" ResetBrightness="0"/>
  </Node>
  <Node Id="134" Class="entity:ArkLight" pos="-127.62119,963.81061,0" EntityGUID="{7DCF0656-5302-4329-9D8C-7E17ECFF4949}" EntityGUID_64="432953027DCF0656">
   <Inputs entityId="0" Brightness="0" DiffuseColor1="0,0,0" DiffuseColor2="0,0,0" LightStyle1="0" LightStyle2="0" Off="0" On="0" ResetBrightness="0"/>
  </Node>
  <Node Id="136" Class="entity:ArkLight" pos="-127.62119,988.81061,0" EntityGUID="{4885AF56-8FC2-4B47-95B3-09D912D317DA}" EntityGUID_64="4B478FC24885AF56">
   <Inputs entityId="0" Brightness="0" DiffuseColor1="0,0,0" DiffuseColor2="0,0,0" LightStyle1="0" LightStyle2="0" Off="0" On="0" ResetBrightness="0"/>
  </Node>
  <Node Id="138" Class="entity:ArkLight" pos="-127.62119,1013.8106,0" EntityGUID="{40192F58-F049-43DA-A194-13CF65C3C8FC}" EntityGUID_64="43DAF04940192F58">
   <Inputs entityId="0" Brightness="0" DiffuseColor1="0,0,0" DiffuseColor2="0,0,0" LightStyle1="0" LightStyle2="0" Off="0" On="0" ResetBrightness="0"/>
  </Node>
  <Node Id="140" Class="entity:ArkLight" pos="-127.62119,1038.8105,0" EntityGUID="{9D8F8758-3E27-462E-A014-C22F2B00DAE1}" EntityGUID_64="462E3E279D8F8758">
   <Inputs entityId="0" Brightness="0" DiffuseColor1="0,0,0" DiffuseColor2="0,0,0" LightStyle1="0" LightStyle2="0" Off="0" On="0" ResetBrightness="0"/>
  </Node>
  <Node Id="142" Class="entity:ArkLight" pos="-127.62119,1063.8105,0" EntityGUID="{833FCD59-C1D9-45A2-BDA6-194FDB68EBBD}" EntityGUID_64="45A2C1D9833FCD59">
   <Inputs entityId="0" Brightness="0" DiffuseColor1="0,0,0" DiffuseColor2="0,0,0" LightStyle1="0" LightStyle2="0" Off="0" On="0" ResetBrightness="0"/>
  </Node>
  <Node Id="144" Class="entity:ArkLight" pos="-127.62119,1088.8105,0" EntityGUID="{2E01EA59-294B-44E0-93FD-8BB2DB8245AC}" EntityGUID_64="44E0294B2E01EA59">
   <Inputs entityId="0" Brightness="0" DiffuseColor1="0,0,0" DiffuseColor2="0,0,0" LightStyle1="0" LightStyle2="0" Off="0" On="0" ResetBrightness="0"/>
  </Node>
  <Node Id="146" Class="entity:ArkLight" pos="-127.62119,1113.8105,0" EntityGUID="{A1ECD85C-2567-4EB7-9A4C-BCE982EFA57D}" EntityGUID_64="4EB72567A1ECD85C">
   <Inputs entityId="0" Brightness="0" DiffuseColor1="0,0,0" DiffuseColor2="0,0,0" LightStyle1="0" LightStyle2="0" Off="0" On="0" ResetBrightness="0"/>
  </Node>
  <Node Id="148" Class="entity:ArkLight" pos="-127.62119,1138.8105,0" EntityGUID="{5FE6FB5C-4943-45D1-A38F-6622BF058282}" EntityGUID_64="45D149435FE6FB5C">
   <Inputs entityId="0" Brightness="0" DiffuseColor1="0,0,0" DiffuseColor2="0,0,0" LightStyle1="0" LightStyle2="0" Off="0" On="0" ResetBrightness="0"/>
  </Node>
  <Node Id="150" Class="entity:ArkLight" pos="-127.62119,1163.8105,0" EntityGUID="{B38C835D-4419-484C-A219-8A1D02B2C008}" EntityGUID_64="484C4419B38C835D">
   <Inputs entityId="0" Brightness="0" DiffuseColor1="0,0,0" DiffuseColor2="0,0,0" LightStyle1="0" LightStyle2="0" Off="0" On="0" ResetBrightness="0"/>
  </Node>
  <Node Id="152" Class="entity:ArkLight" pos="-127.62119,1188.8105,0" EntityGUID="{12DDB060-48B4-4099-8ACE-292923679447}" EntityGUID_64="409948B412DDB060">
   <Inputs entityId="0" Brightness="0" DiffuseColor1="0,0,0" DiffuseColor2="0,0,0" LightStyle1="0" LightStyle2="0" Off="0" On="0" ResetBrightness="0"/>
  </Node>
  <Node Id="154" Class="entity:ArkLight" pos="-127.62119,1213.8105,0" EntityGUID="{6A5A4161-156D-4DF6-BB46-715BFBB36A1A}" EntityGUID_64="4DF6156D6A5A4161">
   <Inputs entityId="0" Brightness="0" DiffuseColor1="0,0,0" DiffuseColor2="0,0,0" LightStyle1="0" LightStyle2="0" Off="0" On="0" ResetBrightness="0"/>
  </Node>
  <Node Id="156" Class="entity:ArkLight" pos="-127.62119,1238.8105,0" EntityGUID="{87DCEC66-2D9E-49DA-9BA8-FEFB73E2A1E2}" EntityGUID_64="49DA2D9E87DCEC66">
   <Inputs entityId="0" Brightness="0" DiffuseColor1="0,0,0" DiffuseColor2="0,0,0" LightStyle1="0" LightStyle2="0" Off="0" On="0" ResetBrightness="0"/>
  </Node>
  <Node Id="158" Class="entity:ArkLight" pos="-127.62119,1263.8105,0" EntityGUID="{61E54767-FF8E-4306-B2C9-9A2BBABA3D3E}" EntityGUID_64="4306FF8E61E54767">
   <Inputs entityId="0" Brightness="0" DiffuseColor1="0,0,0" DiffuseColor2="0,0,0" LightStyle1="0" LightStyle2="0" Off="0" On="0" ResetBrightness="0"/>
  </Node>
  <Node Id="160" Class="entity:ArkLight" pos="-127.62119,1288.8105,0" EntityGUID="{D8822669-5E8C-4450-86C4-E3E51086BC59}" EntityGUID_64="44505E8CD8822669">
   <Inputs entityId="0" Brightness="0" DiffuseColor1="0,0,0" DiffuseColor2="0,0,0" LightStyle1="0" LightStyle2="0" Off="0" On="0" ResetBrightness="0"/>
  </Node>
  <Node Id="162" Class="entity:ArkLight" pos="-127.62119,1313.8105,0" EntityGUID="{56D5106B-BF83-4261-97DD-2DBC52131915}" EntityGUID_64="4261BF8356D5106B">
   <Inputs entityId="0" Brightness="0" DiffuseColor1="0,0,0" DiffuseColor2="0,0,0" LightStyle1="0" LightStyle2="0" Off="0" On="0" ResetBrightness="0"/>
  </Node>
  <Node Id="164" Class="entity:ArkLight" pos="-127.62119,1338.8105,0" EntityGUID="{CE9C286C-20BF-40DC-945C-1D0722F4E3A9}" EntityGUID_64="40DC20BFCE9C286C">
   <Inputs entityId="0" Brightness="0" DiffuseColor1="0,0,0" DiffuseColor2="0,0,0" LightStyle1="0" LightStyle2="0" Off="0" On="0" ResetBrightness="0"/>
  </Node>
  <Node Id="166" Class="entity:ArkLight" pos="-127.62119,1363.8105,0" EntityGUID="{7400906C-FFAD-4E64-A013-E60BA8D4F288}" EntityGUID_64="4E64FFAD7400906C">
   <Inputs entityId="0" Brightness="0" DiffuseColor1="0,0,0" DiffuseColor2="0,0,0" LightStyle1="0" LightStyle2="0" Off="0" On="0" ResetBrightness="0"/>
  </Node>
  <Node Id="168" Class="entity:ArkLight" pos="-127.62119,1388.8105,0" EntityGUID="{6D760B6E-5CF0-44D3-9D35-31E6DA0888D9}" EntityGUID_64="44D35CF06D760B6E">
   <Inputs entityId="0" Brightness="0" DiffuseColor1="0,0,0" DiffuseColor2="0,0,0" LightStyle1="0" LightStyle2="0" Off="0" On="0" ResetBrightness="0"/>
  </Node>
  <Node Id="170" Class="entity:ArkLight" pos="-127.62119,1413.8105,0" EntityGUID="{168F2971-9AA7-46B0-93BA-A99113C2BA87}" EntityGUID_64="46B09AA7168F2971">
   <Inputs entityId="0" Brightness="0" DiffuseColor1="0,0,0" DiffuseColor2="0,0,0" LightStyle1="0" LightStyle2="0" Off="0" On="0" ResetBrightness="0"/>
  </Node>
  <Node Id="172" Class="entity:ArkLight" pos="-127.62119,1438.8105,0" EntityGUID="{4E7A9D71-5FE8-4FDB-B1BF-3D36F80E949F}" EntityGUID_64="4FDB5FE84E7A9D71">
   <Inputs entityId="0" Brightness="0" DiffuseColor1="0,0,0" DiffuseColor2="0,0,0" LightStyle1="0" LightStyle2="0" Off="0" On="0" ResetBrightness="0"/>
  </Node>
  <Node Id="174" Class="entity:ArkLight" pos="-127.62119,1463.8105,0" EntityGUID="{D37A9676-0CCB-4E85-8AB8-C85242151594}" EntityGUID_64="4E850CCBD37A9676">
   <Inputs entityId="0" Brightness="0" DiffuseColor1="0,0,0" DiffuseColor2="0,0,0" LightStyle1="0" LightStyle2="0" Off="0" On="0" ResetBrightness="0"/>
  </Node>
  <Node Id="176" Class="entity:ArkLight" pos="-127.62119,1488.8105,0" EntityGUID="{547BD876-0E3F-40EF-88AC-1781D1D0C9DE}" EntityGUID_64="40EF0E3F547BD876">
   <Inputs entityId="0" Brightness="0" DiffuseColor1="0,0,0" DiffuseColor2="0,0,0" LightStyle1="0" LightStyle2="0" Off="0" On="0" ResetBrightness="0"/>
  </Node>
  <Node Id="178" Class="entity:ArkLight" pos="-127.62119,1513.8105,0" EntityGUID="{502CF076-78F0-475D-8BFC-0FDE50C92FA0}" EntityGUID_64="475D78F0502CF076">
   <Inputs entityId="0" Brightness="0" DiffuseColor1="0,0,0" DiffuseColor2="0,0,0" LightStyle1="0" LightStyle2="0" Off="0" On="0" ResetBrightness="0"/>
  </Node>
  <Node Id="180" Class="entity:ArkLight" pos="-127.62119,1538.8105,0" EntityGUID="{D7144E7B-065D-4652-AE55-C0DFF0666224}" EntityGUID_64="4652065DD7144E7B">
   <Inputs entityId="0" Brightness="0" DiffuseColor1="0,0,0" DiffuseColor2="0,0,0" LightStyle1="0" LightStyle2="0" Off="0" On="0" ResetBrightness="0"/>
  </Node>
  <Node Id="182" Class="entity:ArkLight" pos="-127.62119,1563.8105,0" EntityGUID="{E8F42C81-AC3D-4E73-A9D1-95E7EE9EA342}" EntityGUID_64="4E73AC3DE8F42C81">
   <Inputs entityId="0" Brightness="0" DiffuseColor1="0,0,0" DiffuseColor2="0,0,0" LightStyle1="0" LightStyle2="0" Off="0" On="0" ResetBrightness="0"/>
  </Node>
  <Node Id="184" Class="entity:ArkLight" pos="-127.62119,1588.8105,0" EntityGUID="{69506681-D86D-4383-935E-91F97BD8D497}" EntityGUID_64="4383D86D69506681">
   <Inputs entityId="0" Brightness="0" DiffuseColor1="0,0,0" DiffuseColor2="0,0,0" LightStyle1="0" LightStyle2="0" Off="0" On="0" ResetBrightness="0"/>
  </Node>
  <Node Id="186" Class="entity:ArkLight" pos="-127.62119,1613.8105,0" EntityGUID="{1067A283-8B5A-4F8B-A290-508C9D84E53D}" EntityGUID_64="4F8B8B5A1067A283">
   <Inputs entityId="0" Brightness="0" DiffuseColor1="0,0,0" DiffuseColor2="0,0,0" LightStyle1="0" LightStyle2="0" Off="0" On="0" ResetBrightness="0"/>
  </Node>
  <Node Id="188" Class="entity:ArkLight" pos="-127.62119,1638.8105,0" EntityGUID="{5A089987-0844-42EC-A5C1-F971969A5178}" EntityGUID_64="42EC08445A089987">
   <Inputs entityId="0" Brightness="0" DiffuseColor1="0,0,0" DiffuseColor2="0,0,0" LightStyle1="0" LightStyle2="0" Off="0" On="0" ResetBrightness="0"/>
  </Node>
  <Node Id="190" Class="entity:ArkLight" pos="-127.62119,1663.8105,0" EntityGUID="{8082A18A-AA2C-462E-AE96-B33DFEB503A4}" EntityGUID_64="462EAA2C8082A18A">
   <Inputs entityId="0" Brightness="0" DiffuseColor1="0,0,0" DiffuseColor2="0,0,0" LightStyle1="0" LightStyle2="0" Off="0" On="0" ResetBrightness="0"/>
  </Node>
  <Node Id="192" Class="entity:ArkLight" pos="-127.62119,1688.8105,0" EntityGUID="{5AED5C8E-63C0-4848-A99B-FBBFCB57A6C6}" EntityGUID_64="484863C05AED5C8E">
   <Inputs entityId="0" Brightness="0" DiffuseColor1="0,0,0" DiffuseColor2="0,0,0" LightStyle1="0" LightStyle2="0" Off="0" On="0" ResetBrightness="0"/>
  </Node>
  <Node Id="194" Class="entity:ArkLight" pos="-127.62119,1713.8105,0" EntityGUID="{88716994-0104-4F71-B764-CE911F038D85}" EntityGUID_64="4F71010488716994">
   <Inputs entityId="0" Brightness="0" DiffuseColor1="0,0,0" DiffuseColor2="0,0,0" LightStyle1="0" LightStyle2="0" Off="0" On="0" ResetBrightness="0"/>
  </Node>
  <Node Id="196" Class="entity:ArkLight" pos="-127.62119,1738.8105,0" EntityGUID="{1A8F5D95-0593-4FF8-A5EF-3012B692C546}" EntityGUID_64="4FF805931A8F5D95">
   <Inputs entityId="0" Brightness="0" DiffuseColor1="0,0,0" DiffuseColor2="0,0,0" LightStyle1="0" LightStyle2="0" Off="0" On="0" ResetBrightness="0"/>
  </Node>
  <Node Id="198" Class="entity:ArkLight" pos="-127.62119,1763.8105,0" EntityGUID="{B2755396-8087-434F-8585-9C6F549333F3}" EntityGUID_64="434F8087B2755396">
   <Inputs entityId="0" Brightness="0" DiffuseColor1="0,0,0" DiffuseColor2="0,0,0" LightStyle1="0" LightStyle2="0" Off="0" On="0" ResetBrightness="0"/>
  </Node>
  <Node Id="200" Class="entity:ArkLight" pos="-127.62119,1788.8105,0" EntityGUID="{0B61C297-211B-4C39-B4DA-77E452E658DA}" EntityGUID_64="4C39211B0B61C297">
   <Inputs entityId="0" Brightness="0" DiffuseColor1="0,0,0" DiffuseColor2="0,0,0" LightStyle1="0" LightStyle2="0" Off="0" On="0" ResetBrightness="0"/>
  </Node>
  <Node Id="202" Class="entity:ArkLight" pos="-127.62119,1813.8105,0" EntityGUID="{EE0AB199-17A3-419F-B980-2FCA8EF480E1}" EntityGUID_64="419F17A3EE0AB199">
   <Inputs entityId="0" Brightness="0" DiffuseColor1="0,0,0" DiffuseColor2="0,0,0" LightStyle1="0" LightStyle2="0" Off="0" On="0" ResetBrightness="0"/>
  </Node>
  <Node Id="204" Class="entity:ArkLight" pos="-127.62119,1838.8105,0" EntityGUID="{89BACB9B-DEE5-431A-A21B-57E9DB8B08EA}" EntityGUID_64="431ADEE589BACB9B">
   <Inputs entityId="0" Brightness="0" DiffuseColor1="0,0,0" DiffuseColor2="0,0,0" LightStyle1="0" LightStyle2="0" Off="0" On="0" ResetBrightness="0"/>
  </Node>
  <Node Id="206" Class="entity:ArkLight" pos="-127.62119,1863.8105,0" EntityGUID="{AF895A9E-46E7-4D5C-9EA0-F56E389E82B1}" EntityGUID_64="4D5C46E7AF895A9E">
   <Inputs entityId="0" Brightness="0" DiffuseColor1="0,0,0" DiffuseColor2="0,0,0" LightStyle1="0" LightStyle2="0" Off="0" On="0" ResetBrightness="0"/>
  </Node>
  <Node Id="208" Class="entity:ArkLight" pos="-127.62119,1888.8105,0" EntityGUID="{53586CA5-E8F9-46CC-AF81-B44015EB03B1}" EntityGUID_64="46CCE8F953586CA5">
   <Inputs entityId="0" Brightness="0" DiffuseColor1="0,0,0" DiffuseColor2="0,0,0" LightStyle1="0" LightStyle2="0" Off="0" On="0" ResetBrightness="0"/>
  </Node>
  <Node Id="210" Class="entity:ArkLight" pos="-127.62119,1913.8105,0" EntityGUID="{1BE56BA7-9F94-4595-8FF5-10DB7407E9EE}" EntityGUID_64="45959F941BE56BA7">
   <Inputs entityId="0" Brightness="0" DiffuseColor1="0,0,0" DiffuseColor2="0,0,0" LightStyle1="0" LightStyle2="0" Off="0" On="0" ResetBrightness="0"/>
  </Node>
  <Node Id="212" Class="entity:ArkLight" pos="-127.62119,1938.8105,0" EntityGUID="{67A86EA7-4201-4F0E-9E7C-5F1D365399BA}" EntityGUID_64="4F0E420167A86EA7">
   <Inputs entityId="0" Brightness="0" DiffuseColor1="0,0,0" DiffuseColor2="0,0,0" LightStyle1="0" LightStyle2="0" Off="0" On="0" ResetBrightness="0"/>
  </Node>
  <Node Id="214" Class="entity:ArkLight" pos="-127.62119,1963.8105,0" EntityGUID="{C83ADAAC-9C8D-49E3-8D49-BC6C4C15A554}" EntityGUID_64="49E39C8DC83ADAAC">
   <Inputs entityId="0" Brightness="0" DiffuseColor1="0,0,0" DiffuseColor2="0,0,0" LightStyle1="0" LightStyle2="0" Off="0" On="0" ResetBrightness="0"/>
  </Node>
  <Node Id="216" Class="entity:ArkLight" pos="-127.62119,1988.8105,0" EntityGUID="{3FF6AAAD-A41D-4CCF-942E-819B4D704A6E}" EntityGUID_64="4CCFA41D3FF6AAAD">
   <Inputs entityId="0" Brightness="0" DiffuseColor1="0,0,0" DiffuseColor2="0,0,0" LightStyle1="0" LightStyle2="0" Off="0" On="0" ResetBrightness="0"/>
  </Node>
  <Node Id="218" Class="entity:ArkLight" pos="-127.62119,2013.8105,0" EntityGUID="{B0D8AEB2-1555-45A6-B535-60D0A4254793}" EntityGUID_64="45A61555B0D8AEB2">
   <Inputs entityId="0" Brightness="0" DiffuseColor1="0,0,0" DiffuseColor2="0,0,0" LightStyle1="0" LightStyle2="0" Off="0" On="0" ResetBrightness="0"/>
  </Node>
  <Node Id="220" Class="entity:ArkLight" pos="-127.62119,2038.8105,0" EntityGUID="{1285B5B3-2741-4891-909C-A0335BEFB40E}" EntityGUID_64="489127411285B5B3">
   <Inputs entityId="0" Brightness="0" DiffuseColor1="0,0,0" DiffuseColor2="0,0,0" LightStyle1="0" LightStyle2="0" Off="0" On="0" ResetBrightness="0"/>
  </Node>
  <Node Id="222" Class="entity:ArkLight" pos="-127.62119,2063.8105,0" EntityGUID="{AE3E92B4-C0C9-4D54-89EB-FC166903250D}" EntityGUID_64="4D54C0C9AE3E92B4">
   <Inputs entityId="0" Brightness="0" DiffuseColor1="0,0,0" DiffuseColor2="0,0,0" LightStyle1="0" LightStyle2="0" Off="0" On="0" ResetBrightness="0"/>
  </Node>
  <Node Id="224" Class="entity:ArkLight" pos="-127.62119,2088.8105,0" EntityGUID="{BC8AA5B4-5CE9-42A6-BEC3-D158DBCE5ACE}" EntityGUID_64="42A65CE9BC8AA5B4">
   <Inputs entityId="0" Brightness="0" DiffuseColor1="0,0,0" DiffuseColor2="0,0,0" LightStyle1="0" LightStyle2="0" Off="0" On="0" ResetBrightness="0"/>
  </Node>
  <Node Id="226" Class="entity:ArkLight" pos="-127.62119,2113.8105,0" EntityGUID="{6D9694B5-1701-4982-9003-4F5999311D01}" EntityGUID_64="498217016D9694B5">
   <Inputs entityId="0" Brightness="0" DiffuseColor1="0,0,0" DiffuseColor2="0,0,0" LightStyle1="0" LightStyle2="0" Off="0" On="0" ResetBrightness="0"/>
  </Node>
  <Node Id="228" Class="entity:ArkLight" pos="-127.62119,2138.8105,0" EntityGUID="{306D0ABA-06C7-444E-A5A4-2C970A2BB97B}" EntityGUID_64="444E06C7306D0ABA">
   <Inputs entityId="0" Brightness="0" DiffuseColor1="0,0,0" DiffuseColor2="0,0,0" LightStyle1="0" LightStyle2="0" Off="0" On="0" ResetBrightness="0"/>
  </Node>
  <Node Id="230" Class="entity:ArkLight" pos="-127.62119,2163.8105,0" EntityGUID="{CA5E22BD-D89E-40BC-B25F-395ECA0D4A4D}" EntityGUID_64="40BCD89ECA5E22BD">
   <Inputs entityId="0" Brightness="0" DiffuseColor1="0,0,0" DiffuseColor2="0,0,0" LightStyle1="0" LightStyle2="0" Off="0" On="0" ResetBrightness="0"/>
  </Node>
  <Node Id="232" Class="entity:ArkLight" pos="-127.62119,2188.8105,0" EntityGUID="{642C40C1-0EFA-4811-B101-0A4F4802C136}" EntityGUID_64="48110EFA642C40C1">
   <Inputs entityId="0" Brightness="0" DiffuseColor1="0,0,0" DiffuseColor2="0,0,0" LightStyle1="0" LightStyle2="0" Off="0" On="0" ResetBrightness="0"/>
  </Node>
  <Node Id="234" Class="entity:ArkLight" pos="-127.62119,2213.8105,0" EntityGUID="{85F978C1-068E-49D5-BC66-50D09D6D9715}" EntityGUID_64="49D5068E85F978C1">
   <Inputs entityId="0" Brightness="0" DiffuseColor1="0,0,0" DiffuseColor2="0,0,0" LightStyle1="0" LightStyle2="0" Off="0" On="0" ResetBrightness="0"/>
  </Node>
  <Node Id="236" Class="entity:ArkLight" pos="-127.62119,2238.8105,0" EntityGUID="{F3453CC2-3722-4538-ACF0-FED2D202DD98}" EntityGUID_64="45383722F3453CC2">
   <Inputs entityId="0" Brightness="0" DiffuseColor1="0,0,0" DiffuseColor2="0,0,0" LightStyle1="0" LightStyle2="0" Off="0" On="0" ResetBrightness="0"/>
  </Node>
  <Node Id="238" Class="entity:ArkLight" pos="-127.62119,2263.8105,0" EntityGUID="{AC2247C4-7BF6-4125-ADD1-2C16BC6F4041}" EntityGUID_64="41257BF6AC2247C4">
   <Inputs entityId="0" Brightness="0" DiffuseColor1="0,0,0" DiffuseColor2="0,0,0" LightStyle1="0" LightStyle2="0" Off="0" On="0" ResetBrightness="0"/>
  </Node>
  <Node Id="240" Class="entity:ArkLight" pos="-127.62119,2288.8105,0" EntityGUID="{5C22FEC4-147A-4084-9EC2-3A8E5B3BD16A}" EntityGUID_64="4084147A5C22FEC4">
   <Inputs entityId="0" Brightness="0" DiffuseColor1="0,0,0" DiffuseColor2="0,0,0" LightStyle1="0" LightStyle2="0" Off="0" On="0" ResetBrightness="0"/>
  </Node>
  <Node Id="242" Class="entity:ArkLight" pos="-127.62119,2313.8105,0" EntityGUID="{3EBDE5C5-80B3-4455-8ACB-7F7C093BB3FC}" EntityGUID_64="445580B33EBDE5C5">
   <Inputs entityId="0" Brightness="0" DiffuseColor1="0,0,0" DiffuseColor2="0,0,0" LightStyle1="0" LightStyle2="0" Off="0" On="0" ResetBrightness="0"/>
  </Node>
  <Node Id="244" Class="entity:ArkLight" pos="-127.62119,2338.8105,0" EntityGUID="{6BF454C9-F8E6-4BAA-8459-D20A305B4012}" EntityGUID_64="4BAAF8E66BF454C9">
   <Inputs entityId="0" Brightness="0" DiffuseColor1="0,0,0" DiffuseColor2="0,0,0" LightStyle1="0" LightStyle2="0" Off="0" On="0" ResetBrightness="0"/>
  </Node>
  <Node Id="246" Class="entity:ArkLight" pos="-127.62119,2363.8105,0" EntityGUID="{832D42CD-C0F4-416D-8A00-F1DC13909ADB}" EntityGUID_64="416DC0F4832D42CD">
   <Inputs entityId="0" Brightness="0" DiffuseColor1="0,0,0" DiffuseColor2="0,0,0" LightStyle1="0" LightStyle2="0" Off="0" On="0" ResetBrightness="0"/>
  </Node>
  <Node Id="248" Class="entity:ArkLight" pos="-127.62119,2388.8105,0" EntityGUID="{B3802BCE-E42A-4DB0-B6E5-2CDE50E61780}" EntityGUID_64="4DB0E42AB3802BCE">
   <Inputs entityId="0" Brightness="0" DiffuseColor1="0,0,0" DiffuseColor2="0,0,0" LightStyle1="0" LightStyle2="0" Off="0" On="0" ResetBrightness="0"/>
  </Node>
  <Node Id="250" Class="entity:ArkLight" pos="-127.62119,2413.8105,0" EntityGUID="{E22070CF-0710-4472-91D1-F00A0E275D99}" EntityGUID_64="44720710E22070CF">
   <Inputs entityId="0" Brightness="0" DiffuseColor1="0,0,0" DiffuseColor2="0,0,0" LightStyle1="0" LightStyle2="0" Off="0" On="0" ResetBrightness="0"/>
  </Node>
  <Node Id="252" Class="entity:ArkLight" pos="-127.62119,2438.8105,0" EntityGUID="{9A6DF7D1-4259-4032-8A0E-EB21E9252F0D}" EntityGUID_64="403242599A6DF7D1">
   <Inputs entityId="0" Brightness="0" DiffuseColor1="0,0,0" DiffuseColor2="0,0,0" LightStyle1="0" LightStyle2="0" Off="0" On="0" ResetBrightness="0"/>
  </Node>
  <Node Id="254" Class="entity:ArkLight" pos="-127.62119,2463.8105,0" EntityGUID="{F59B20D4-4AF8-469A-BD7C-64C9D9C25504}" EntityGUID_64="469A4AF8F59B20D4">
   <Inputs entityId="0" Brightness="0" DiffuseColor1="0,0,0" DiffuseColor2="0,0,0" LightStyle1="0" LightStyle2="0" Off="0" On="0" ResetBrightness="0"/>
  </Node>
  <Node Id="256" Class="entity:ArkLight" pos="-127.62119,2488.8105,0" EntityGUID="{1588C6D5-3F9D-42ED-8453-A16C00183DF1}" EntityGUID_64="42ED3F9D1588C6D5">
   <Inputs entityId="0" Brightness="0" DiffuseColor1="0,0,0" DiffuseColor2="0,0,0" LightStyle1="0" LightStyle2="0" Off="0" On="0" ResetBrightness="0"/>
  </Node>
  <Node Id="258" Class="entity:ArkLight" pos="-127.62119,2513.8105,0" EntityGUID="{EDB49DD7-1CB2-42EF-B77A-31120A8D9084}" EntityGUID_64="42EF1CB2EDB49DD7">
   <Inputs entityId="0" Brightness="0" DiffuseColor1="0,0,0" DiffuseColor2="0,0,0" LightStyle1="0" LightStyle2="0" Off="0" On="0" ResetBrightness="0"/>
  </Node>
  <Node Id="260" Class="entity:ArkLight" pos="-127.62119,2538.8105,0" EntityGUID="{AF71EBDE-7C43-46F4-B9D1-1A36FFA06F05}" EntityGUID_64="46F47C43AF71EBDE">
   <Inputs entityId="0" Brightness="0" DiffuseColor1="0,0,0" DiffuseColor2="0,0,0" LightStyle1="0" LightStyle2="0" Off="0" On="0" ResetBrightness="0"/>
  </Node>
  <Node Id="262" Class="entity:ArkLight" pos="-127.62119,2563.8105,0" EntityGUID="{813423E1-14F7-4000-974B-60C8B74AA4BE}" EntityGUID_64="400014F7813423E1">
   <Inputs entityId="0" Brightness="0" DiffuseColor1="0,0,0" DiffuseColor2="0,0,0" LightStyle1="0" LightStyle2="0" Off="0" On="0" ResetBrightness="0"/>
  </Node>
  <Node Id="264" Class="entity:ArkLight" pos="-127.62119,2588.8105,0" EntityGUID="{B7FBF5E6-6480-4679-BF99-E5097FA6F7BA}" EntityGUID_64="46796480B7FBF5E6">
   <Inputs entityId="0" Brightness="0" DiffuseColor1="0,0,0" DiffuseColor2="0,0,0" LightStyle1="0" LightStyle2="0" Off="0" On="0" ResetBrightness="0"/>
  </Node>
  <Node Id="266" Class="entity:ArkLight" pos="-127.62119,2613.8105,0" EntityGUID="{614831EA-4246-41E1-928B-867223BE18E6}" EntityGUID_64="41E14246614831EA">
   <Inputs entityId="0" Brightness="0" DiffuseColor1="0,0,0" DiffuseColor2="0,0,0" LightStyle1="0" LightStyle2="0" Off="0" On="0" ResetBrightness="0"/>
  </Node>
  <Node Id="268" Class="entity:ArkLight" pos="-127.62119,2638.8105,0" EntityGUID="{0647FBEA-6C5C-43DC-8C76-54757DCF6EA0}" EntityGUID_64="43DC6C5C0647FBEA">
   <Inputs entityId="0" Brightness="0" DiffuseColor1="0,0,0" DiffuseColor2="0,0,0" LightStyle1="0" LightStyle2="0" Off="0" On="0" ResetBrightness="0"/>
  </Node>
  <Node Id="270" Class="entity:ArkLight" pos="-127.62119,2663.8105,0" EntityGUID="{4BC062EC-4892-42B3-B168-227A5D7258F8}" EntityGUID_64="42B348924BC062EC">
   <Inputs entityId="0" Brightness="0" DiffuseColor1="0,0,0" DiffuseColor2="0,0,0" LightStyle1="0" LightStyle2="0" Off="0" On="0" ResetBrightness="0"/>
  </Node>
  <Node Id="272" Class="entity:ArkLight" pos="-127.62119,2688.8105,0" EntityGUID="{E79A79EC-2701-4FE2-BCA1-45445C875F61}" EntityGUID_64="4FE22701E79A79EC">
   <Inputs entityId="0" Brightness="0" DiffuseColor1="0,0,0" DiffuseColor2="0,0,0" LightStyle1="0" LightStyle2="0" Off="0" On="0" ResetBrightness="0"/>
  </Node>
  <Node Id="274" Class="entity:ArkLight" pos="-127.62119,2713.8105,0" EntityGUID="{C0E45FED-AB4D-4FAA-9C8C-B732BC45B585}" EntityGUID_64="4FAAAB4DC0E45FED">
   <Inputs entityId="0" Brightness="0" DiffuseColor1="0,0,0" DiffuseColor2="0,0,0" LightStyle1="0" LightStyle2="0" Off="0" On="0" ResetBrightness="0"/>
  </Node>
  <Node Id="276" Class="entity:ArkLight" pos="-127.62119,2738.8105,0" EntityGUID="{FB7567EE-AA67-4E5F-98C8-9015D5758221}" EntityGUID_64="4E5FAA67FB7567EE">
   <Inputs entityId="0" Brightness="0" DiffuseColor1="0,0,0" DiffuseColor2="0,0,0" LightStyle1="0" LightStyle2="0" Off="0" On="0" ResetBrightness="0"/>
  </Node>
  <Node Id="278" Class="entity:ArkLight" pos="-127.62119,2763.8105,0" EntityGUID="{BEEF7DEF-C8FF-449B-89E2-32D5C4AC4DCA}" EntityGUID_64="449BC8FFBEEF7DEF">
   <Inputs entityId="0" Brightness="0" DiffuseColor1="0,0,0" DiffuseColor2="0,0,0" LightStyle1="0" LightStyle2="0" Off="0" On="0" ResetBrightness="0"/>
  </Node>
  <Node Id="280" Class="entity:ArkLight" pos="-127.62119,2788.8105,0" EntityGUID="{02CA4BF0-9B61-45F5-9A9F-7161F5D4ED6A}" EntityGUID_64="45F59B6102CA4BF0">
   <Inputs entityId="0" Brightness="0" DiffuseColor1="0,0,0" DiffuseColor2="0,0,0" LightStyle1="0" LightStyle2="0" Off="0" On="0" ResetBrightness="0"/>
  </Node>
  <Node Id="282" Class="entity:ArkLight" pos="-127.62119,2813.8105,0" EntityGUID="{773F88F4-B081-49B9-A710-452EA6F5D38B}" EntityGUID_64="49B9B081773F88F4">
   <Inputs entityId="0" Brightness="0" DiffuseColor1="0,0,0" DiffuseColor2="0,0,0" LightStyle1="0" LightStyle2="0" Off="0" On="0" ResetBrightness="0"/>
  </Node>
  <Node Id="284" Class="entity:ArkLight" pos="-127.62119,2838.8105,0" EntityGUID="{1AE29AF6-7B4C-493C-915F-79690DDA813A}" EntityGUID_64="493C7B4C1AE29AF6">
   <Inputs entityId="0" Brightness="0" DiffuseColor1="0,0,0" DiffuseColor2="0,0,0" LightStyle1="0" LightStyle2="0" Off="0" On="0" ResetBrightness="0"/>
  </Node>
  <Node Id="286" Class="entity:ArkLight" pos="-127.62119,2863.8105,0" EntityGUID="{4CC7A8FA-4B8A-4E89-9F55-1C42CD0FE62D}" EntityGUID_64="4E894B8A4CC7A8FA">
   <Inputs entityId="0" Brightness="0" DiffuseColor1="0,0,0" DiffuseColor2="0,0,0" LightStyle1="0" LightStyle2="0" Off="0" On="0" ResetBrightness="0"/>
  </Node>
  <Node Id="288" Class="entity:ArkLight" pos="-358.03659,1813.2821,0" EntityGUID="{48F71BB8-C410-4A7D-A4B6-81B1B5CE4820}" EntityGUID_64="4A7DC41048F71BB8">
   <Inputs entityId="0" Brightness="0" DiffuseColor1="0,0,0" DiffuseColor2="0,0,0" LightStyle1="0" LightStyle2="0" Off="0" On="0" ResetBrightness="0"/>
  </Node>
  <Node Id="290" Class="entity:ArkLight" pos="-528.3927,1888.3542,0" EntityGUID="{6F854434-B7E4-48CF-B819-4C08F1FCC39B}" EntityGUID_64="48CFB7E46F854434">
   <Inputs entityId="0" Brightness="0" DiffuseColor1="0,0,0" DiffuseColor2="0,0,0" LightStyle1="0" LightStyle2="0" Off="0" On="0" ResetBrightness="0"/>
  </Node>
  <Node Id="292" Class="entity:ArkLight" pos="-664.1001,1827.719,0" EntityGUID="{93AEF1FC-E909-4FC4-9ADE-E14292002BA4}" EntityGUID_64="4FC4E90993AEF1FC">
   <Inputs entityId="0" Brightness="0" DiffuseColor1="0,0,0" DiffuseColor2="0,0,0" LightStyle1="0" LightStyle2="0" Off="0" On="0" ResetBrightness="0"/>
  </Node>
  <Node Id="294" Class="entity:ArkLight" pos="-450.43314,2269.49,0" EntityGUID="{5861BEA7-CFF5-481F-A395-E24532256398}" EntityGUID_64="481FCFF55861BEA7">
   <Inputs entityId="0" Brightness="0" DiffuseColor1="0,0,0" DiffuseColor2="0,0,0" LightStyle1="0" LightStyle2="0" Off="0" On="0" ResetBrightness="0"/>
  </Node>
  <Node Id="296" Class="entity:ArkLight" pos="-450.43314,2294.49,0" EntityGUID="{3A0CEACE-069A-48CC-98E2-06988A4F0D3E}" EntityGUID_64="48CC069A3A0CEACE">
   <Inputs entityId="0" Brightness="0" DiffuseColor1="0,0,0" DiffuseColor2="0,0,0" LightStyle1="0" LightStyle2="0" Off="0" On="0" ResetBrightness="0"/>
  </Node>
  <Node Id="298" Class="entity:ArkLight" pos="-450.43314,2319.49,0" EntityGUID="{FAE41C2B-EDC7-4732-BEA4-03BAC70A2829}" EntityGUID_64="4732EDC7FAE41C2B">
   <Inputs entityId="0" Brightness="0" DiffuseColor1="0,0,0" DiffuseColor2="0,0,0" LightStyle1="0" LightStyle2="0" Off="0" On="0" ResetBrightness="0"/>
  </Node>
  <Node Id="300" Class="entity:ArkLight" pos="-450.43314,2344.49,0" EntityGUID="{95646A0B-C1EB-468C-9083-F06E67E546A0}" EntityGUID_64="468CC1EB95646A0B">
   <Inputs entityId="0" Brightness="0" DiffuseColor1="0,0,0" DiffuseColor2="0,0,0" LightStyle1="0" LightStyle2="0" Off="0" On="0" ResetBrightness="0"/>
  </Node>
  <Node Id="302" Class="entity:ArkLight" pos="-563.04138,2205.9673,0" EntityGUID="{5F08F47C-BD47-497A-B1A7-58AAA432EE11}" EntityGUID_64="497ABD475F08F47C">
   <Inputs entityId="0" Brightness="0" DiffuseColor1="0,0,0" DiffuseColor2="0,0,0" LightStyle1="0" LightStyle2="0" Off="0" On="0" ResetBrightness="0"/>
  </Node>
  <Node Id="304" Class="entity:ArkLight" pos="-563.04138,2230.9673,0" EntityGUID="{6F854434-B7E4-48CF-B819-4C08F1FCC39B}" EntityGUID_64="48CFB7E46F854434">
   <Inputs entityId="0" Brightness="0" DiffuseColor1="0,0,0" DiffuseColor2="0,0,0" LightStyle1="0" LightStyle2="0" Off="0" On="0" ResetBrightness="0"/>
  </Node>
  <Node Id="306" Class="entity:ArkLight" pos="-563.04138,2255.9673,0" EntityGUID="{5B3FC79D-ED31-4BC0-A843-9AC47872A2BC}" EntityGUID_64="4BC0ED315B3FC79D">
   <Inputs entityId="0" Brightness="0" DiffuseColor1="0,0,0" DiffuseColor2="0,0,0" LightStyle1="0" LightStyle2="0" Off="0" On="0" ResetBrightness="0"/>
  </Node>
  <Node Id="310" Class="entity:ArkLight" pos="-635.45654,2166.4282,0" EntityGUID="{56B06C15-C200-49A3-9E25-1D1C7BC91CF8}" EntityGUID_64="49A3C20056B06C15">
   <Inputs entityId="0" Brightness="0" DiffuseColor1="0,0,0" DiffuseColor2="0,0,0" LightStyle1="0" LightStyle2="0" Off="0" On="0" ResetBrightness="0"/>
  </Node>
  <Node Id="312" Class="entity:ArkLight" pos="-708.35999,2117.4631,0" EntityGUID="{16A71152-B16C-446D-95BF-3EDE0D0E8FA3}" EntityGUID_64="446DB16C16A71152">
   <Inputs entityId="0" Brightness="0" DiffuseColor1="0,0,0" DiffuseColor2="0,0,0" LightStyle1="0" LightStyle2="0" Off="0" On="0" ResetBrightness="0"/>
  </Node>
  <Node Id="314" Class="entity:ArkLight" pos="-838.93323,2035.8549,0" EntityGUID="{06F12FD7-F560-4510-B5C3-C752277E0C0E}" EntityGUID_64="4510F56006F12FD7">
   <Inputs entityId="0" Brightness="0" DiffuseColor1="0,0,0" DiffuseColor2="0,0,0" LightStyle1="0" LightStyle2="0" Off="0" On="0" ResetBrightness="0"/>
  </Node>
  <Node Id="316" Class="entity:ArkLight" pos="-838.93323,2060.855,0" EntityGUID="{02491223-E774-4109-B238-1ECAB24AFF96}" EntityGUID_64="4109E77402491223">
   <Inputs entityId="0" Brightness="0" DiffuseColor1="0,0,0" DiffuseColor2="0,0,0" LightStyle1="0" LightStyle2="0" Off="0" On="0" ResetBrightness="0"/>
  </Node>
  <Node Id="318" Class="entity:ArkLight" pos="-838.93323,2085.855,0" EntityGUID="{C9260110-EF3D-4F9F-80A8-E21CF62A3E7C}" EntityGUID_64="4F9FEF3DC9260110">
   <Inputs entityId="0" Brightness="0" DiffuseColor1="0,0,0" DiffuseColor2="0,0,0" LightStyle1="0" LightStyle2="0" Off="0" On="0" ResetBrightness="0"/>
  </Node>
 </Nodes>
 <Edges />
 <GraphTokens />
</Graph>
