
<ResponseRules description="All the TS messages that belong to Clive Lawrence. ">
 <ResponseRule id="13680621263360968421" name="Psychotronics Foyer Keypad Fixed" cooldown="" response="13680621263360968473" oneshot="1" description="Clive leaves a message on Garfield&apos;s TS, letting him know the keypad which leads into the psychotronics foyers has been fixed. " conversation="1">
  <Criteria>
   <Criterion id="15659330456318451386" value="13680621263353094521" comparison="0" type="guid"/>
   <Criterion id="15659330456318451410" comparison="0" value="onTranscribeTrigger" fromResponse="0" type="default"/>
   <Criterion comparison="0" passIfMissing="false" id="15659330456318451477" type="guid" keyType="default" value="13680621263360508503"/>
  </Criteria>
 </ResponseRule>
 <ResponseSet id="13680621263360968473">
  <Response dialog="13680621263360968472" id="13680621263360968474" cooldown="0" weight="1" oneshot="0" completeConversation="1"/>
 </ResponseSet>
 <WritebackKeys/>
</ResponseRules>