
<ResponseRules>
 <WritebackKeys/>
 <ResponseRule id="13680621263370534165" name="Why Aren&apos;t the Escape Pods Working" cooldown="" description="Drew, along with various other people, is trapped in the escape pod room, but the pods don&apos;t work. Meanwhile Franklin is already in pod (the only one that works) but it&apos;s half-launched, stuck in the tube." response="13680621263370534462">
  <Criteria>
   <Criterion id="15659330456318451386" value="13680621263353094521" comparison="0" type="guid"/>
   <Criterion id="15659330456318451410" comparison="0" value="onTranscribeTrigger" fromResponse="0" type="default"/>
   <Criterion comparison="0" passIfMissing="false" id="15659330456318451477" type="guid" keyType="default" value="4349723564911797495"/>
  </Criteria>
 </ResponseRule>
 <ResponseSet id="13680621263370534462">
  <Response dialog="13680621263370534461" id="13680621263370534463" cooldown="0" weight="1" oneshot="0" completeConversation="0" delay="0"/>
 </ResponseSet>
 <ResponseRule id="13680621263370534530" name="" cooldown="" response="13680621263370534531">
  <Criteria>
   <Criterion id="15659330456318451386" value="13680621263365953228" comparison="0" type="guid"/>
   <Criterion id="15659330456318451410" comparison="0" value="13680621263370534463" fromResponse="1" type="guid"/>
   <Criterion comparison="0" passIfMissing="false" id="15659330456318451477" type="guid" keyType="default" value="4349723564911797398"/>
  </Criteria>
 </ResponseRule>
 <ResponseSet id="13680621263370534531">
  <Response dialog="13680621263370534529" id="13680621263370534532" cooldown="0" weight="1" oneshot="0" completeConversation="0" delay="0.5" targetType="2" targetId="4349723564911797495" speakerTrackMethod="1" targetTrackMethod="0"/>
 </ResponseSet>
 <ResponseRule id="13680621263370534606" name="" cooldown="" response="13680621263370534607">
  <Criteria>
   <Criterion id="15659330456318451386" value="13680621263353094521" comparison="0" type="guid"/>
   <Criterion id="15659330456318451410" comparison="0" value="13680621263370534532" fromResponse="1" type="guid"/>
   <Criterion id="15659330456318451477" value="4349723564911797495" comparison="0" type="guid"/>
  </Criteria>
 </ResponseRule>
 <ResponseSet id="13680621263370534607">
  <Response dialog="13680621263370534605" id="13680621263370534608" cooldown="0" weight="1" oneshot="0" completeConversation="0" delay="0" targetType="2" targetId="4349723564911797398" speakerTrackMethod="1" targetTrackMethod="0"/>
 </ResponseSet>
 <ResponseRule id="13680621263370534627" name="" cooldown="" response="13680621263370534628">
  <Criteria>
   <Criterion id="15659330456318451386" value="13680621263365953228" comparison="0" type="guid"/>
   <Criterion id="15659330456318451410" comparison="0" value="13680621263370534608" fromResponse="1" type="guid"/>
   <Criterion id="15659330456318451477" value="4349723564911797398" comparison="0" type="guid"/>
  </Criteria>
 </ResponseRule>
 <ResponseSet id="13680621263370534628">
  <Response dialog="13680621263370534626" id="13680621263370534629" cooldown="0" weight="1" oneshot="0" completeConversation="0" delay="0" targetType="2" targetId="4349723564911797495" speakerTrackMethod="1" targetTrackMethod="0"/>
 </ResponseSet>
 <ResponseRule id="13680621263370534666" name="" cooldown="" response="13680621263370534667">
  <Criteria>
   <Criterion id="15659330456318451386" value="13680621263353094521" comparison="0" type="guid"/>
   <Criterion id="15659330456318451410" comparison="0" value="13680621263370534629" fromResponse="1" type="guid"/>
   <Criterion id="15659330456318451477" value="4349723564911797495" comparison="0" type="guid"/>
  </Criteria>
 </ResponseRule>
 <ResponseSet id="13680621263370534667">
  <Response dialog="13680621263370534665" id="13680621263370534668" cooldown="0" weight="1" oneshot="0" completeConversation="0" delay="0" targetType="2" targetId="4349723564911797398" speakerTrackMethod="1" targetTrackMethod="0"/>
 </ResponseSet>
 <ResponseRule id="13680621263370534675" name="" cooldown="" response="13680621263370534676">
  <Criteria>
   <Criterion id="15659330456318451386" value="13680621263365953228" comparison="0" type="guid"/>
   <Criterion id="15659330456318451410" comparison="0" value="13680621263370534668" fromResponse="1" type="guid"/>
   <Criterion id="15659330456318451477" value="4349723564911797398" comparison="0" type="guid"/>
  </Criteria>
 </ResponseRule>
 <ResponseSet id="13680621263370534676">
  <Response dialog="13680621263370534674" id="13680621263370534677" cooldown="0" weight="1" oneshot="0" completeConversation="0" delay="0" targetType="2" targetId="4349723564911797495" speakerTrackMethod="1" targetTrackMethod="0"/>
 </ResponseSet>
 <ResponseRule id="13680621263370534715" name="" cooldown="" response="13680621263370534716">
  <Criteria>
   <Criterion id="15659330456318451386" value="13680621263353094521" comparison="0" type="guid"/>
   <Criterion id="15659330456318451410" comparison="0" value="13680621263370534677" fromResponse="1" type="guid"/>
   <Criterion id="15659330456318451477" value="4349723564911797495" comparison="0" type="guid"/>
  </Criteria>
 </ResponseRule>
 <ResponseSet id="13680621263370534716">
  <Response dialog="13680621263370534714" id="13680621263370534717" cooldown="0" weight="1" oneshot="0" completeConversation="0" delay="0" targetType="2" targetId="4349723564911797398" speakerTrackMethod="1" targetTrackMethod="0"/>
 </ResponseSet>
 <ResponseRule id="13680621263370534893" name="" cooldown="" response="13680621263370534894">
  <Criteria>
   <Criterion id="15659330456318451386" value="13680621263365953228" comparison="0" type="guid"/>
   <Criterion id="15659330456318451410" comparison="0" value="13680621263370534717" fromResponse="1" type="guid"/>
   <Criterion id="15659330456318451477" value="4349723564911797398" comparison="0" type="guid"/>
  </Criteria>
 </ResponseRule>
 <ResponseSet id="13680621263370534894">
  <Response dialog="13680621263370534892" id="13680621263370534895" cooldown="0" weight="1" oneshot="0" completeConversation="0" delay="0" targetType="2" targetId="4349723564911797495" speakerTrackMethod="1" targetTrackMethod="0"/>
 </ResponseSet>
 <ResponseRule id="13680621263370535756" name="" cooldown="" response="13680621263370535757">
  <Criteria>
   <Criterion id="15659330456318451386" value="13680621263353094521" comparison="0" type="guid"/>
   <Criterion id="15659330456318451410" comparison="0" value="13680621263370534895" fromResponse="1" type="guid"/>
   <Criterion id="15659330456318451477" value="4349723564911797495" comparison="0" type="guid"/>
  </Criteria>
 </ResponseRule>
 <ResponseSet id="13680621263370535757">
  <Response dialog="13680621263370535755" id="13680621263370535758" cooldown="0" weight="1" oneshot="0" completeConversation="0" delay="0" targetType="2" targetId="4349723564911797398" speakerTrackMethod="1" targetTrackMethod="0"/>
 </ResponseSet>
 <ResponseRule id="13680621263370535761" name="" cooldown="" response="13680621263370535762">
  <Criteria>
   <Criterion id="15659330456318451386" value="13680621263365953228" comparison="0" type="guid"/>
   <Criterion id="15659330456318451410" comparison="0" value="13680621263370535758" fromResponse="1" type="guid"/>
   <Criterion id="15659330456318451477" value="4349723564911797398" comparison="0" type="guid"/>
  </Criteria>
 </ResponseRule>
 <ResponseSet id="13680621263370535762">
  <Response dialog="13680621263370535760" id="13680621263370535763" cooldown="0" weight="1" oneshot="0" completeConversation="0" delay="0" targetType="2" targetId="4349723564911797495" speakerTrackMethod="1" targetTrackMethod="0"/>
 </ResponseSet>
 <ResponseRule id="13680621263370535799" name="" cooldown="" response="13680621263370535800">
  <Criteria>
   <Criterion id="15659330456318451386" value="13680621263353094521" comparison="0" type="guid"/>
   <Criterion id="15659330456318451410" comparison="0" value="13680621263370535763" fromResponse="1" type="guid"/>
   <Criterion id="15659330456318451477" value="4349723564911797495" comparison="0" type="guid"/>
  </Criteria>
 </ResponseRule>
 <ResponseSet id="13680621263370535800">
  <Response dialog="13680621263370535798" id="13680621263370535801" cooldown="0" weight="1" oneshot="0" completeConversation="1" delay="0.75" targetType="2" targetId="4349723564911797398" speakerTrackMethod="1" targetTrackMethod="0"/>
 </ResponseSet>
</ResponseRules>