
<ResponseRules description="Eddie Voss from Cargo Bay leaves a confession that he has been stealing from TranStar and he outs his co-conspirators.">
 <WritebackKeys/>
 <ResponseRule id="4349723564925882142" name="EddieVoss_Confession" cooldown="" oneshot="1" conversation="1" description="Eddie Voss from Cargo Bay leaves a confession that he has been stealing from TranStar and he outs his co-conspirators. He&apos;s nervous, hoping for mercy." response="13680621263385135662">
  <Criteria>
   <Criterion id="15659330456318451386" value="13680621263365953228" comparison="0" type="guid"/>
   <Criterion id="15659330456318451410" comparison="0" value="onTranscribeTrigger" fromResponse="0" type="default"/>
   <Criterion comparison="0" passIfMissing="false" id="15659330456318451477" type="guid" keyType="default" value="4349723564911798574"/>
  </Criteria>
 </ResponseRule>
 <ResponseSet id="13680621263385135662">
  <Response dialog="13680621263385135660" id="13680621263385135663" cooldown="0" weight="1" oneshot="0" completeConversation="0" delay="0"/>
 </ResponseSet>
 <ResponseRule id="13680621263385135670" name="" cooldown="" response="13680621263385135671">
  <Criteria>
   <Criterion id="15659330456318451386" value="13680621263365953228" comparison="0" type="guid"/>
   <Criterion id="15659330456318451410" comparison="0" value="13680621263385135663" fromResponse="1" type="guid"/>
   <Criterion id="15659330456318451477" value="4349723564911798574" comparison="0" type="guid"/>
  </Criteria>
 </ResponseRule>
 <ResponseSet id="13680621263385135671">
  <Response dialog="13680621263385135669" id="13680621263385135672" cooldown="0" weight="1" oneshot="0" completeConversation="0" delay="0.25"/>
 </ResponseSet>
 <ResponseRule id="13680621263385135684" name="" cooldown="" response="13680621263385135685">
  <Criteria>
   <Criterion id="15659330456318451386" value="13680621263365953228" comparison="0" type="guid"/>
   <Criterion id="15659330456318451410" comparison="0" value="13680621263385135672" fromResponse="1" type="guid"/>
   <Criterion id="15659330456318451477" value="4349723564911798574" comparison="0" type="guid"/>
  </Criteria>
 </ResponseRule>
 <ResponseSet id="13680621263385135685">
  <Response dialog="13680621263385135683" id="13680621263385135686" cooldown="0" weight="1" oneshot="0" completeConversation="0" delay="0.25"/>
 </ResponseSet>
 <ResponseRule id="13680621263385135691" name="" cooldown="" response="13680621263385135698">
  <Criteria>
   <Criterion id="15659330456318451386" value="13680621263365953228" comparison="0" type="guid"/>
   <Criterion id="15659330456318451410" comparison="0" value="13680621263385135686" fromResponse="1" type="guid"/>
   <Criterion id="15659330456318451477" value="4349723564911798574" comparison="0" type="guid"/>
  </Criteria>
 </ResponseRule>
 <ResponseSet id="13680621263385135698">
  <Response dialog="13680621263385135696" id="13680621263385135699" cooldown="0" weight="1" oneshot="0" completeConversation="0" delay="0.5"/>
 </ResponseSet>
 <ResponseRule id="13680621263385135720" name="" cooldown="" response="13680621263385135721">
  <Criteria>
   <Criterion id="15659330456318451386" value="13680621263365953228" comparison="0" type="guid"/>
   <Criterion id="15659330456318451410" comparison="0" value="13680621263385135699" fromResponse="1" type="guid"/>
   <Criterion id="15659330456318451477" value="4349723564911798574" comparison="0" type="guid"/>
  </Criteria>
 </ResponseRule>
 <ResponseSet id="13680621263385135721">
  <Response dialog="13680621263385135719" id="13680621263385135722" cooldown="0" weight="1" oneshot="0" completeConversation="0" delay="0.25"/>
 </ResponseSet>
 <ResponseRule id="13680621263385135729" name="" cooldown="" response="13680621263385135730">
  <Criteria>
   <Criterion id="15659330456318451386" value="13680621263365953228" comparison="0" type="guid"/>
   <Criterion id="15659330456318451410" comparison="0" value="13680621263385135722" fromResponse="1" type="guid"/>
   <Criterion id="15659330456318451477" value="4349723564911798574" comparison="0" type="guid"/>
  </Criteria>
 </ResponseRule>
 <ResponseSet id="13680621263385135730">
  <Response dialog="13680621263385135728" id="13680621263385135731" cooldown="0" weight="1" oneshot="0" completeConversation="0" delay="0.6"/>
 </ResponseSet>
 <ResponseRule id="13680621263385135741" name="" cooldown="" response="13680621263385135742">
  <Criteria>
   <Criterion id="15659330456318451386" value="13680621263365953228" comparison="0" type="guid"/>
   <Criterion id="15659330456318451410" comparison="0" value="13680621263385135731" fromResponse="1" type="guid"/>
   <Criterion id="15659330456318451477" value="4349723564911798574" comparison="0" type="guid"/>
  </Criteria>
 </ResponseRule>
 <ResponseSet id="13680621263385135742">
  <Response dialog="13680621263385135740" id="13680621263385135743" cooldown="0" weight="1" oneshot="0" completeConversation="0" delay="0.6"/>
 </ResponseSet>
 <ResponseRule id="13680621263385135747" name="" cooldown="" response="13680621263385135748">
  <Criteria>
   <Criterion id="15659330456318451386" value="13680621263365953228" comparison="0" type="guid"/>
   <Criterion id="15659330456318451410" comparison="0" value="13680621263385135743" fromResponse="1" type="guid"/>
   <Criterion id="15659330456318451477" value="4349723564911798574" comparison="0" type="guid"/>
  </Criteria>
 </ResponseRule>
 <ResponseSet id="13680621263385135748">
  <Response dialog="13680621263385135746" id="13680621263385135749" cooldown="0" weight="1" oneshot="0" completeConversation="0" delay="0.25"/>
 </ResponseSet>
 <ResponseRule id="13680621263385135753" name="" cooldown="" response="13680621263385135754">
  <Criteria>
   <Criterion id="15659330456318451386" value="13680621263365953228" comparison="0" type="guid"/>
   <Criterion id="15659330456318451410" comparison="0" value="13680621263385135749" fromResponse="1" type="guid"/>
   <Criterion id="15659330456318451477" value="4349723564911798574" comparison="0" type="guid"/>
  </Criteria>
 </ResponseRule>
 <ResponseSet id="13680621263385135754">
  <Response dialog="13680621263385135752" id="13680621263385135755" cooldown="0" weight="1" oneshot="0" completeConversation="0" delay="0.6"/>
 </ResponseSet>
 <ResponseRule id="13680621263401328075" name="" cooldown="" response="13680621263401328076">
  <Criteria>
   <Criterion id="15659330456318451386" value="13680621263365953228" comparison="0" type="guid"/>
   <Criterion id="15659330456318451410" comparison="0" value="13680621263385135755" fromResponse="1" type="guid"/>
   <Criterion id="15659330456318451477" value="4349723564911798574" comparison="0" type="guid"/>
  </Criteria>
 </ResponseRule>
 <ResponseSet id="13680621263401328076">
  <Response dialog="13680621263401328074" id="13680621263401328077" cooldown="0" weight="1" oneshot="0" completeConversation="1" delay="0.25" cutoff="0"/>
 </ResponseSet>
</ResponseRules>