
<ResponseRules>
 <WritebackKeys/>
 <ResponseRule id="4349723564915148077" name="Container Docking Training" cooldown="" oneshot="1" conversation="1" response="4349723564915148195">
  <Criteria>
   <Criterion id="15659330456318451386" value="13680621263353094521" comparison="0" type="guid"/>
   <Criterion id="15659330456318451410" comparison="0" value="onTranscribeTrigger" fromResponse="0" type="default"/>
   <Criterion comparison="0" passIfMissing="false" id="15659330456318451477" type="guid" keyType="default" value="6732635291189008580"/>
  </Criteria>
 </ResponseRule>
 <ResponseSet id="4349723564915148195">
  <Response dialog="4349723564915148194" id="4349723564915148196" cooldown="0" weight="1" oneshot="0" completeConversation="0" delay="0"/>
 </ResponseSet>
 <ResponseRule id="4349723564915148342" name="" cooldown="" response="4349723564915148343">
  <Criteria>
   <Criterion id="15659330456318451386" value="13680621263353786218" comparison="0" type="guid"/>
   <Criterion id="15659330456318451410" comparison="0" value="4349723564915148196" fromResponse="1" type="guid"/>
   <Criterion comparison="0" passIfMissing="false" id="15659330456318451477" type="guid" keyType="default" value="4349723564911798529"/>
  </Criteria>
 </ResponseRule>
 <ResponseSet id="4349723564915148343">
  <Response dialog="4349723564915148341" id="4349723564915148344" cooldown="0" weight="1" oneshot="0" completeConversation="0" delay="0.25" targetType="2" targetId="6732635291189008580" speakerTrackMethod="1" targetTrackMethod="0"/>
 </ResponseSet>
 <ResponseRule id="4349723564915148820" name="" cooldown="" response="4349723564915148821">
  <Criteria>
   <Criterion id="15659330456318451386" value="13680621263353094521" comparison="0" type="guid"/>
   <Criterion id="15659330456318451410" comparison="0" value="4349723564915148344" fromResponse="1" type="guid"/>
   <Criterion id="15659330456318451477" value="6732635291189008580" comparison="0" type="guid"/>
  </Criteria>
 </ResponseRule>
 <ResponseSet id="4349723564915148821">
  <Response dialog="4349723564915148819" id="4349723564915148822" cooldown="0" weight="1" oneshot="0" completeConversation="0" delay="0" targetType="2" targetId="4349723564911798529" speakerTrackMethod="1" targetTrackMethod="0"/>
 </ResponseSet>
 <ResponseRule id="4349723564915148831" name="" cooldown="" response="4349723564915148832">
  <Criteria>
   <Criterion id="15659330456318451386" value="13680621263353786218" comparison="0" type="guid"/>
   <Criterion id="15659330456318451410" comparison="0" value="4349723564915148822" fromResponse="1" type="guid"/>
   <Criterion id="15659330456318451477" value="4349723564911798529" comparison="0" type="guid"/>
  </Criteria>
 </ResponseRule>
 <ResponseSet id="4349723564915148832">
  <Response dialog="4349723564915148830" id="4349723564915148833" cooldown="0" weight="1" oneshot="0" completeConversation="0" delay="0" targetType="2" targetId="6732635291189008580" speakerTrackMethod="1" targetTrackMethod="0"/>
 </ResponseSet>
 <ResponseRule id="4349723564915148840" name="" cooldown="" response="4349723564915148841">
  <Criteria>
   <Criterion id="15659330456318451386" value="13680621263353094521" comparison="0" type="guid"/>
   <Criterion id="15659330456318451410" comparison="0" value="4349723564915148833" fromResponse="1" type="guid"/>
   <Criterion id="15659330456318451477" value="6732635291189008580" comparison="0" type="guid"/>
  </Criteria>
 </ResponseRule>
 <ResponseSet id="4349723564915148841">
  <Response dialog="4349723564915148839" id="4349723564915148842" cooldown="0" weight="1" oneshot="0" completeConversation="0" delay="0" targetType="2" targetId="4349723564911798529" speakerTrackMethod="1" targetTrackMethod="0"/>
 </ResponseSet>
 <ResponseRule id="4349723564915148856" name="" cooldown="" response="4349723564915148857">
  <Criteria>
   <Criterion id="15659330456318451386" value="13680621263353786218" comparison="0" type="guid"/>
   <Criterion id="15659330456318451410" comparison="0" value="4349723564915148842" fromResponse="1" type="guid"/>
   <Criterion id="15659330456318451477" value="4349723564911798529" comparison="0" type="guid"/>
  </Criteria>
 </ResponseRule>
 <ResponseSet id="4349723564915148857">
  <Response dialog="4349723564915148855" id="4349723564915148858" cooldown="0" weight="1" oneshot="0" completeConversation="0" delay="1.5" targetType="2" targetId="6732635291189008580" speakerTrackMethod="1" targetTrackMethod="0"/>
 </ResponseSet>
 <ResponseRule id="4349723564915148863" name="" cooldown="" response="4349723564915148864">
  <Criteria>
   <Criterion id="15659330456318451386" value="13680621263353094521" comparison="0" type="guid"/>
   <Criterion id="15659330456318451410" comparison="0" value="4349723564915148858" fromResponse="1" type="guid"/>
   <Criterion id="15659330456318451477" value="6732635291189008580" comparison="0" type="guid"/>
  </Criteria>
 </ResponseRule>
 <ResponseSet id="4349723564915148864">
  <Response dialog="4349723564915148862" id="4349723564915148865" cooldown="0" weight="1" oneshot="0" completeConversation="0" delay="0" targetType="2" targetId="4349723564911798529" speakerTrackMethod="1" targetTrackMethod="0"/>
 </ResponseSet>
 <ResponseRule id="4349723564915148871" name="" cooldown="" response="4349723564915148872">
  <Criteria>
   <Criterion id="15659330456318451386" value="13680621263353786218" comparison="0" type="guid"/>
   <Criterion id="15659330456318451410" comparison="0" value="4349723564915148865" fromResponse="1" type="guid"/>
   <Criterion id="15659330456318451477" value="4349723564911798529" comparison="0" type="guid"/>
  </Criteria>
 </ResponseRule>
 <ResponseSet id="4349723564915148872">
  <Response dialog="4349723564915148870" id="4349723564915148873" cooldown="0" weight="1" oneshot="0" completeConversation="0" delay="0" targetType="2" targetId="6732635291189008580" speakerTrackMethod="1" targetTrackMethod="0"/>
 </ResponseSet>
 <ResponseRule id="4349723564915156711" name="" cooldown="" response="4349723564915156712">
  <Criteria>
   <Criterion id="15659330456318451386" value="13680621263353094521" comparison="0" type="guid"/>
   <Criterion id="15659330456318451410" comparison="0" value="4349723564915148873" fromResponse="1" type="guid"/>
   <Criterion id="15659330456318451477" value="6732635291189008580" comparison="0" type="guid"/>
  </Criteria>
 </ResponseRule>
 <ResponseSet id="4349723564915156712">
  <Response dialog="4349723564915156710" id="4349723564915156713" cooldown="0" weight="1" oneshot="0" completeConversation="0" delay="0.25" targetType="2" targetId="4349723564911798529" speakerTrackMethod="1" targetTrackMethod="0"/>
 </ResponseSet>
 <ResponseRule id="4349723564915156725" name="" cooldown="" response="4349723564915156726">
  <Criteria>
   <Criterion id="15659330456318451386" value="13680621263353786218" comparison="0" type="guid"/>
   <Criterion id="15659330456318451410" comparison="0" value="4349723564915156713" fromResponse="1" type="guid"/>
   <Criterion id="15659330456318451477" value="4349723564911798529" comparison="0" type="guid"/>
  </Criteria>
 </ResponseRule>
 <ResponseSet id="4349723564915156726">
  <Response dialog="4349723564915156724" id="4349723564915156727" cooldown="0" weight="1" oneshot="0" completeConversation="0" delay="0" targetType="2" targetId="6732635291189008580" speakerTrackMethod="1" targetTrackMethod="0"/>
 </ResponseSet>
 <ResponseRule id="4349723564915156819" name="" cooldown="" response="4349723564915156820">
  <Criteria>
   <Criterion id="15659330456318451386" value="13680621263353094521" comparison="0" type="guid"/>
   <Criterion id="15659330456318451410" comparison="0" value="4349723564915156727" fromResponse="1" type="guid"/>
   <Criterion id="15659330456318451477" value="6732635291189008580" comparison="0" type="guid"/>
  </Criteria>
 </ResponseRule>
 <ResponseSet id="4349723564915156820">
  <Response dialog="4349723564915156818" id="4349723564915156821" cooldown="0" weight="1" oneshot="0" completeConversation="0" delay="0.25" targetType="2" targetId="4349723564911798529" speakerTrackMethod="1" targetTrackMethod="0"/>
 </ResponseSet>
 <ResponseRule id="4349723564915156830" name="" cooldown="" response="4349723564915156831">
  <Criteria>
   <Criterion id="15659330456318451386" value="13680621263353786218" comparison="0" type="guid"/>
   <Criterion id="15659330456318451410" comparison="0" value="4349723564915156821" fromResponse="1" type="guid"/>
   <Criterion id="15659330456318451477" value="4349723564911798529" comparison="0" type="guid"/>
  </Criteria>
 </ResponseRule>
 <ResponseSet id="4349723564915156831">
  <Response dialog="4349723564915156829" id="4349723564915156832" cooldown="0" weight="1" oneshot="0" completeConversation="0" delay="0" targetType="2" targetId="6732635291189008580" speakerTrackMethod="1" targetTrackMethod="0"/>
 </ResponseSet>
 <ResponseRule id="4349723564915156843" name="" cooldown="" response="4349723564915156844">
  <Criteria>
   <Criterion id="15659330456318451386" value="13680621263353094521" comparison="0" type="guid"/>
   <Criterion id="15659330456318451410" comparison="0" value="4349723564915156832" fromResponse="1" type="guid"/>
   <Criterion id="15659330456318451477" value="6732635291189008580" comparison="0" type="guid"/>
  </Criteria>
 </ResponseRule>
 <ResponseSet id="4349723564915156844">
  <Response dialog="4349723564915156842" id="4349723564915156845" cooldown="0" weight="1" oneshot="0" completeConversation="0" delay="0.25" targetType="2" targetId="4349723564911798529" speakerTrackMethod="1" targetTrackMethod="0"/>
 </ResponseSet>
 <ResponseRule id="4349723564915156856" name="" cooldown="" response="4349723564915156857">
  <Criteria>
   <Criterion id="15659330456318451386" value="13680621263353786218" comparison="0" type="guid"/>
   <Criterion id="15659330456318451410" comparison="0" value="4349723564915156845" fromResponse="1" type="guid"/>
   <Criterion id="15659330456318451477" value="4349723564911798529" comparison="0" type="guid"/>
  </Criteria>
 </ResponseRule>
 <ResponseSet id="4349723564915156857">
  <Response dialog="4349723564915156855" id="4349723564915156858" cooldown="0" weight="1" oneshot="0" completeConversation="0" delay="0" targetType="2" targetId="6732635291189008580" speakerTrackMethod="1" targetTrackMethod="0"/>
 </ResponseSet>
 <ResponseRule id="4349723564915156880" name="" cooldown="" response="4349723564915156881">
  <Criteria>
   <Criterion id="15659330456318451386" value="13680621263353094521" comparison="0" type="guid"/>
   <Criterion id="15659330456318451410" comparison="0" value="4349723564915156858" fromResponse="1" type="guid"/>
   <Criterion id="15659330456318451477" value="6732635291189008580" comparison="0" type="guid"/>
  </Criteria>
 </ResponseRule>
 <ResponseSet id="4349723564915156881">
  <Response dialog="4349723564915156879" id="4349723564915156882" cooldown="0" weight="1" oneshot="0" completeConversation="1" delay="0.25" targetType="2" targetId="4349723564911798529" speakerTrackMethod="1" targetTrackMethod="0"/>
 </ResponseSet>
</ResponseRules>