
<ResponseRules>
 <WritebackKeys/>
 <ResponseRule id="13680621263369494600" name="Anders Kline Is Dead" cooldown="" response="13680621263369494667" description="Laurel Calls Garfield to explain that she&apos;s trapped in the GUT because Anders died in the magnetosphere discharge chamber with the key. " conversation="1">
  <Criteria>
   <Criterion id="15659330456318451386" value="13680621263353786228" comparison="0" type="guid"/>
   <Criterion id="15659330456318451410" comparison="0" value="onTranscribeTrigger" fromResponse="0" type="default"/>
   <Criterion comparison="0" passIfMissing="false" id="15659330456318451477" type="guid" keyType="default" value="761057047956314385"/>
  </Criteria>
 </ResponseRule>
 <ResponseSet id="13680621263369494667">
  <Response dialog="13680621263369494666" id="13680621263369494668" cooldown="0" weight="1" oneshot="0" completeConversation="0" delay="0"/>
 </ResponseSet>
 <ResponseRule id="13680621263375461857" name="" cooldown="" response="13680621263375461858">
  <Criteria>
   <Criterion id="15659330456318451386" value="13680621263353786198" comparison="0" type="guid"/>
   <Criterion id="15659330456318451410" comparison="0" value="13680621263369494668" fromResponse="1" type="guid"/>
   <Criterion comparison="0" passIfMissing="false" id="15659330456318451477" type="guid" keyType="default" value="13680621263360967214"/>
  </Criteria>
 </ResponseRule>
 <ResponseSet id="13680621263375461858">
  <Response dialog="13680621263375461856" id="13680621263375461859" cooldown="0" weight="1" oneshot="0" completeConversation="0" delay="0.25" targetType="2" targetId="761057047956314385" speakerTrackMethod="1" targetTrackMethod="0"/>
 </ResponseSet>
 <ResponseRule id="13680621263375461982" name="" cooldown="" response="13680621263375461983">
  <Criteria>
   <Criterion id="15659330456318451386" value="13680621263353786228" comparison="0" type="guid"/>
   <Criterion id="15659330456318451410" comparison="0" value="13680621263375461859" fromResponse="1" type="guid"/>
   <Criterion id="15659330456318451477" value="761057047956314385" comparison="0" type="guid"/>
  </Criteria>
 </ResponseRule>
 <ResponseSet id="13680621263375461983">
  <Response dialog="13680621263375461981" id="13680621263375461984" cooldown="0" weight="1" oneshot="0" completeConversation="0" delay="0" targetType="2" targetId="13680621263360967214" speakerTrackMethod="1" targetTrackMethod="0"/>
 </ResponseSet>
 <ResponseRule id="13680621263375461996" name="" cooldown="" response="13680621263375461997">
  <Criteria>
   <Criterion id="15659330456318451386" value="13680621263353786198" comparison="0" type="guid"/>
   <Criterion id="15659330456318451410" comparison="0" value="13680621263375461984" fromResponse="1" type="guid"/>
   <Criterion id="15659330456318451477" value="13680621263360967214" comparison="0" type="guid"/>
  </Criteria>
 </ResponseRule>
 <ResponseSet id="13680621263375461997">
  <Response dialog="13680621263375461995" id="13680621263375461998" cooldown="0" weight="1" oneshot="0" completeConversation="0" delay="0.25" targetType="2" targetId="761057047956314385" speakerTrackMethod="1" targetTrackMethod="0"/>
 </ResponseSet>
 <ResponseRule id="13680621263375462018" name="" cooldown="" response="13680621263375462019">
  <Criteria>
   <Criterion id="15659330456318451386" value="13680621263353786228" comparison="0" type="guid"/>
   <Criterion id="15659330456318451410" comparison="0" value="13680621263375461998" fromResponse="1" type="guid"/>
   <Criterion id="15659330456318451477" value="761057047956314385" comparison="0" type="guid"/>
  </Criteria>
 </ResponseRule>
 <ResponseSet id="13680621263375462019">
  <Response dialog="13680621263375462017" id="13680621263375462020" cooldown="0" weight="1" oneshot="0" completeConversation="0" delay="0" targetType="2" targetId="13680621263360967214" speakerTrackMethod="1" targetTrackMethod="0" cutoff="0.1"/>
 </ResponseSet>
 <ResponseRule id="13680621263375462046" name="" cooldown="" response="13680621263375462047">
  <Criteria>
   <Criterion id="15659330456318451386" value="13680621263353786198" comparison="0" type="guid"/>
   <Criterion id="15659330456318451410" comparison="0" value="13680621263375462020" fromResponse="1" type="guid"/>
   <Criterion id="15659330456318451477" value="13680621263360967214" comparison="0" type="guid"/>
  </Criteria>
 </ResponseRule>
 <ResponseSet id="13680621263375462047">
  <Response dialog="13680621263375462045" id="13680621263375462048" cooldown="0" weight="1" oneshot="0" completeConversation="0" delay="0" targetType="2" targetId="761057047956314385" speakerTrackMethod="1" targetTrackMethod="0"/>
 </ResponseSet>
 <ResponseRule id="13680621263375462081" name="" cooldown="" response="13680621263375462082">
  <Criteria>
   <Criterion id="15659330456318451386" value="13680621263353786228" comparison="0" type="guid"/>
   <Criterion id="15659330456318451410" comparison="0" value="13680621263375462048" fromResponse="1" type="guid"/>
   <Criterion id="15659330456318451477" value="761057047956314385" comparison="0" type="guid"/>
  </Criteria>
 </ResponseRule>
 <ResponseSet id="13680621263375462082">
  <Response dialog="13680621263375462080" id="13680621263375462083" cooldown="0" weight="1" oneshot="0" completeConversation="0" delay="0" targetType="2" targetId="13680621263360967214" speakerTrackMethod="1" targetTrackMethod="0"/>
 </ResponseSet>
 <ResponseRule id="13680621263375462204" name="" cooldown="" response="13680621263375462205">
  <Criteria>
   <Criterion id="15659330456318451386" value="13680621263353786198" comparison="0" type="guid"/>
   <Criterion id="15659330456318451410" comparison="0" value="13680621263375462083" fromResponse="1" type="guid"/>
   <Criterion id="15659330456318451477" value="13680621263360967214" comparison="0" type="guid"/>
  </Criteria>
 </ResponseRule>
 <ResponseSet id="13680621263375462205">
  <Response dialog="13680621263375462203" id="13680621263375462206" cooldown="0" weight="1" oneshot="0" completeConversation="0" delay="0" targetType="2" targetId="761057047956314385" speakerTrackMethod="1" targetTrackMethod="0"/>
 </ResponseSet>
 <ResponseRule id="13680621263375462220" name="" cooldown="" response="13680621263375462221">
  <Criteria>
   <Criterion id="15659330456318451386" value="13680621263353786228" comparison="0" type="guid"/>
   <Criterion id="15659330456318451410" comparison="0" value="13680621263375462206" fromResponse="1" type="guid"/>
   <Criterion id="15659330456318451477" value="761057047956314385" comparison="0" type="guid"/>
  </Criteria>
 </ResponseRule>
 <ResponseSet id="13680621263375462221">
  <Response dialog="13680621263375462219" id="13680621263375462222" cooldown="0" weight="1" oneshot="0" completeConversation="0" delay="0" targetType="2" targetId="13680621263360967214" speakerTrackMethod="1" targetTrackMethod="0"/>
 </ResponseSet>
 <ResponseRule id="13680621263375462268" name="" cooldown="" response="13680621263375462269">
  <Criteria>
   <Criterion id="15659330456318451386" value="13680621263353786228" comparison="0" type="guid"/>
   <Criterion id="15659330456318451410" comparison="0" value="13680621263375462222" fromResponse="1" type="guid"/>
   <Criterion id="15659330456318451477" value="761057047956314385" comparison="0" type="guid"/>
  </Criteria>
 </ResponseRule>
 <ResponseSet id="13680621263375462269">
  <Response dialog="13680621263375462267" id="13680621263375462270" cooldown="0" weight="1" oneshot="0" completeConversation="0" delay="0" targetType="2" targetId="13680621263360967214" speakerTrackMethod="1" targetTrackMethod="0"/>
 </ResponseSet>
 <ResponseRule id="13680621263375467515" name="" cooldown="" response="13680621263375467516">
  <Criteria>
   <Criterion id="15659330456318451386" value="13680621263353786198" comparison="0" type="guid"/>
   <Criterion id="15659330456318451410" comparison="0" value="13680621263375462270" fromResponse="1" type="guid"/>
   <Criterion id="15659330456318451477" value="13680621263360967214" comparison="0" type="guid"/>
  </Criteria>
 </ResponseRule>
 <ResponseSet id="13680621263375467516">
  <Response dialog="13680621263375467514" id="13680621263375467517" cooldown="0" weight="1" oneshot="0" completeConversation="0" delay="0.5" targetType="2" targetId="761057047956314385" speakerTrackMethod="1" targetTrackMethod="0"/>
 </ResponseSet>
 <ResponseRule id="13680621263375467599" name="" cooldown="" response="13680621263375467600">
  <Criteria>
   <Criterion id="15659330456318451386" value="13680621263353786228" comparison="0" type="guid"/>
   <Criterion id="15659330456318451410" comparison="0" value="13680621263375467517" fromResponse="1" type="guid"/>
   <Criterion id="15659330456318451477" value="761057047956314385" comparison="0" type="guid"/>
  </Criteria>
 </ResponseRule>
 <ResponseSet id="13680621263375467600">
  <Response dialog="13680621263375467598" id="13680621263375467601" cooldown="0" weight="1" oneshot="0" completeConversation="0" delay="0.25" targetType="2" targetId="13680621263360967214" speakerTrackMethod="1" targetTrackMethod="0"/>
 </ResponseSet>
 <ResponseRule id="13680621263375467741" name="" cooldown="" response="13680621263375467742">
  <Criteria>
   <Criterion id="15659330456318451386" value="13680621263353786198" comparison="0" type="guid"/>
   <Criterion id="15659330456318451410" comparison="0" value="13680621263375467601" fromResponse="1" type="guid"/>
   <Criterion id="15659330456318451477" value="13680621263360967214" comparison="0" type="guid"/>
  </Criteria>
 </ResponseRule>
 <ResponseSet id="13680621263375467742">
  <Response dialog="13680621263375467740" id="13680621263375467743" cooldown="0" weight="1" oneshot="0" completeConversation="1" delay="0.25" targetType="2" targetId="761057047956314385" speakerTrackMethod="1" targetTrackMethod="0"/>
 </ResponseSet>
</ResponseRules>