
<ResponseRules>
 <WritebackKeys/>
 <ResponseRule id="4349723564923554623" name="LillyMorris_Smuggler" cooldown="" conversation="1" response="4349723564923554782" description="Lilly Morris heads up a smuggling operation w/ Eiddie Voss. They steal company property and sell it to coompetitors. Voss recently modified some old alarm bells to contain a secret panel in the all behind them that they use for dead drops. ">
  <Criteria>
   <Criterion id="15659330456318451386" value="4349723564911543122" comparison="0" type="guid"/>
   <Criterion id="15659330456318451410" comparison="0" value="onTranscribeTrigger" fromResponse="0" type="default"/>
   <Criterion comparison="0" passIfMissing="false" id="15659330456318451477" type="guid" keyType="default" value="761057047964793306"/>
  </Criteria>
 </ResponseRule>
 <ResponseSet id="4349723564923554782">
  <Response dialog="4349723564923554781" id="4349723564923554783" cooldown="0" weight="1" oneshot="0" completeConversation="0" delay="0"/>
 </ResponseSet>
 <ResponseRule id="4349723564923554848" name="" cooldown="" response="4349723564923554849">
  <Criteria>
   <Criterion id="15659330456318451386" value="13680621263365953228" comparison="0" type="guid"/>
   <Criterion id="15659330456318451410" comparison="0" value="4349723564923554783" fromResponse="1" type="guid"/>
   <Criterion comparison="0" passIfMissing="false" id="15659330456318451477" type="guid" keyType="default" value="4349723564911798574"/>
  </Criteria>
 </ResponseRule>
 <ResponseSet id="4349723564923554849">
  <Response dialog="4349723564923554847" id="4349723564923554850" cooldown="0" weight="1" oneshot="0" completeConversation="0" delay="0.5" targetType="2" targetId="761057047964793306" speakerTrackMethod="1" targetTrackMethod="0"/>
 </ResponseSet>
 <ResponseRule id="4349723564923555073" name="" cooldown="" response="4349723564923555074">
  <Criteria>
   <Criterion id="15659330456318451386" value="4349723564911543122" comparison="0" type="guid"/>
   <Criterion id="15659330456318451410" comparison="0" value="4349723564923554850" fromResponse="1" type="guid"/>
   <Criterion id="15659330456318451477" value="761057047964793306" comparison="0" type="guid"/>
  </Criteria>
 </ResponseRule>
 <ResponseSet id="4349723564923555074">
  <Response dialog="4349723564923555072" id="4349723564923555075" cooldown="0" weight="1" oneshot="0" completeConversation="0" delay="0.25" targetType="2" targetId="4349723564911798574" speakerTrackMethod="1" targetTrackMethod="0"/>
 </ResponseSet>
 <ResponseRule id="4349723564923555174" name="" cooldown="" response="4349723564923555175">
  <Criteria>
   <Criterion id="15659330456318451386" value="13680621263365953228" comparison="0" type="guid"/>
   <Criterion id="15659330456318451410" comparison="0" value="4349723564923555075" fromResponse="1" type="guid"/>
   <Criterion id="15659330456318451477" value="4349723564911798574" comparison="0" type="guid"/>
  </Criteria>
 </ResponseRule>
 <ResponseSet id="4349723564923555175">
  <Response dialog="4349723564923555173" id="4349723564923555176" cooldown="0" weight="1" oneshot="0" completeConversation="0" delay="0.5" targetType="2" targetId="761057047964793306" speakerTrackMethod="1" targetTrackMethod="0"/>
 </ResponseSet>
 <ResponseRule id="4349723564923555274" name="" cooldown="" response="4349723564923555275">
  <Criteria>
   <Criterion id="15659330456318451386" value="4349723564911543122" comparison="0" type="guid"/>
   <Criterion id="15659330456318451410" comparison="0" value="4349723564923555176" fromResponse="1" type="guid"/>
   <Criterion id="15659330456318451477" value="761057047964793306" comparison="0" type="guid"/>
  </Criteria>
 </ResponseRule>
 <ResponseSet id="4349723564923555275">
  <Response dialog="4349723564923555273" id="4349723564923555276" cooldown="0" weight="1" oneshot="0" completeConversation="0" delay="0.25" targetType="2" targetId="4349723564911798574" speakerTrackMethod="1" targetTrackMethod="0"/>
 </ResponseSet>
 <ResponseRule id="4349723564923555318" name="" cooldown="" response="4349723564923555319">
  <Criteria>
   <Criterion id="15659330456318451386" value="13680621263365953228" comparison="0" type="guid"/>
   <Criterion id="15659330456318451410" comparison="0" value="4349723564923555276" fromResponse="1" type="guid"/>
   <Criterion id="15659330456318451477" value="4349723564911798574" comparison="0" type="guid"/>
  </Criteria>
 </ResponseRule>
 <ResponseSet id="4349723564923555319">
  <Response dialog="4349723564923555317" id="4349723564923555320" cooldown="0" weight="1" oneshot="0" completeConversation="0" delay="0.25" targetType="2" targetId="761057047964793306" speakerTrackMethod="1" targetTrackMethod="0"/>
 </ResponseSet>
 <ResponseRule id="4349723564923555346" name="" cooldown="" response="4349723564923555347">
  <Criteria>
   <Criterion id="15659330456318451386" value="4349723564911543122" comparison="0" type="guid"/>
   <Criterion id="15659330456318451410" comparison="0" value="4349723564923555320" fromResponse="1" type="guid"/>
   <Criterion id="15659330456318451477" value="761057047964793306" comparison="0" type="guid"/>
  </Criteria>
 </ResponseRule>
 <ResponseSet id="4349723564923555347">
  <Response dialog="4349723564923555345" id="4349723564923555348" cooldown="0" weight="1" oneshot="0" completeConversation="0" delay="0.25" targetType="2" targetId="4349723564911798574" speakerTrackMethod="1" targetTrackMethod="0"/>
 </ResponseSet>
 <ResponseRule id="4349723564923555379" name="" cooldown="" response="4349723564923555380">
  <Criteria>
   <Criterion id="15659330456318451386" value="13680621263365953228" comparison="0" type="guid"/>
   <Criterion id="15659330456318451410" comparison="0" value="4349723564923555348" fromResponse="1" type="guid"/>
   <Criterion id="15659330456318451477" value="4349723564911798574" comparison="0" type="guid"/>
  </Criteria>
 </ResponseRule>
 <ResponseSet id="4349723564923555380">
  <Response dialog="4349723564923555378" id="4349723564923555381" cooldown="0" weight="1" oneshot="0" completeConversation="0" delay="0.25" targetType="2" targetId="761057047964793306" speakerTrackMethod="1" targetTrackMethod="0"/>
 </ResponseSet>
 <ResponseRule id="4349723564925967327" name="" cooldown="" response="4349723564925967328">
  <Criteria>
   <Criterion id="15659330456318451386" value="4349723564911543122" comparison="0" type="guid"/>
   <Criterion id="15659330456318451410" comparison="0" value="4349723564923555381" fromResponse="1" type="guid"/>
   <Criterion id="15659330456318451477" value="761057047964793306" comparison="0" type="guid"/>
  </Criteria>
 </ResponseRule>
 <ResponseSet id="4349723564925967328">
  <Response dialog="4349723564925967326" id="4349723564925967329" cooldown="0" weight="1" oneshot="0" completeConversation="0" delay="0.25" targetType="2" targetId="4349723564911798574" speakerTrackMethod="1" targetTrackMethod="0"/>
 </ResponseSet>
 <ResponseRule id="13680621263385173416" name="" cooldown="" response="13680621263385173417">
  <Criteria>
   <Criterion id="15659330456318451386" value="13680621263365953228" comparison="0" type="guid"/>
   <Criterion id="15659330456318451410" comparison="0" value="4349723564925967329" fromResponse="1" type="guid"/>
   <Criterion id="15659330456318451477" value="4349723564911798574" comparison="0" type="guid"/>
  </Criteria>
 </ResponseRule>
 <ResponseSet id="13680621263385173417">
  <Response dialog="13680621263385173415" id="13680621263385173418" cooldown="0" weight="1" oneshot="0" completeConversation="1" delay="0.6" targetType="2" targetId="761057047964793306" speakerTrackMethod="1" targetTrackMethod="0"/>
 </ResponseSet>
</ResponseRules>