
<ResponseRules>
 <WritebackKeys/>
 <ResponseRule id="13856881013196023913" name="Mariana&apos;s last words" cooldown="" conversation="1" description="Mariana says her goodbyes realizing she&apos;s probably going to die." response="13856881013196024009">
  <Criteria>
   <Criterion id="15659330456318451386" value="13680621263353786218" comparison="0" type="guid"/>
   <Criterion id="15659330456318451410" comparison="0" value="onTranscribeTrigger" fromResponse="0" type="default"/>
   <Criterion comparison="0" passIfMissing="false" id="15659330456318451477" type="guid" keyType="default" value="4349723564911797727"/>
  </Criteria>
 </ResponseRule>
 <ResponseSet id="13856881013196024009">
  <Response dialog="13856881013196024008" id="13856881013196024010" cooldown="0" weight="1" oneshot="0" completeConversation="0" delay="0"/>
 </ResponseSet>
 <ResponseRule id="13856881013196025549" name="Mariana requests help" cooldown="" conversation="1" description="Mariana is stranded outside the space station. She was doing a maintenance run on all the external o2 supplies, but the disaster happened and all the airlocks are sealed. Now so she can&apos;t get back. " response="13856881013196025662">
  <Criteria>
   <Criterion id="15659330456318451386" value="13680621263353786218" comparison="0" type="guid"/>
   <Criterion id="15659330456318451410" comparison="0" value="onTranscribeTrigger" fromResponse="0" type="default"/>
   <Criterion comparison="0" passIfMissing="false" id="15659330456318451477" type="guid" keyType="default" value="4349723564911797727"/>
  </Criteria>
 </ResponseRule>
 <ResponseSet id="13856881013196025662">
  <Response dialog="13856881013196025661" id="13856881013196025663" cooldown="0" weight="1" oneshot="0" completeConversation="0" delay="0"/>
 </ResponseSet>
 <ResponseRule id="13680621263385327259" name="" cooldown="" response="13680621263385327260">
  <Criteria>
   <Criterion id="15659330456318451386" value="13680621263353786218" comparison="0" type="guid"/>
   <Criterion id="15659330456318451410" comparison="0" value="13856881013196025663" fromResponse="1" type="guid"/>
   <Criterion id="15659330456318451477" value="4349723564911797727" comparison="0" type="guid"/>
  </Criteria>
 </ResponseRule>
 <ResponseSet id="13680621263385327260">
  <Response dialog="13680621263385327258" id="13680621263385327261" cooldown="0" weight="1" oneshot="0" completeConversation="0" delay="0.5"/>
 </ResponseSet>
 <ResponseRule id="13680621263385327327" name="" cooldown="" response="13680621263385327328">
  <Criteria>
   <Criterion id="15659330456318451386" value="13680621263353786218" comparison="0" type="guid"/>
   <Criterion id="15659330456318451410" comparison="0" value="13680621263385327261" fromResponse="1" type="guid"/>
   <Criterion id="15659330456318451477" value="4349723564911797727" comparison="0" type="guid"/>
  </Criteria>
 </ResponseRule>
 <ResponseSet id="13680621263385327328">
  <Response dialog="13680621263385327326" id="13680621263385327329" cooldown="0" weight="1" oneshot="0" completeConversation="0" delay="0"/>
 </ResponseSet>
 <ResponseRule id="13680621263385327351" name="" cooldown="" response="13680621263385327352">
  <Criteria>
   <Criterion id="15659330456318451386" value="13680621263353786218" comparison="0" type="guid"/>
   <Criterion id="15659330456318451410" comparison="0" value="13680621263385327329" fromResponse="1" type="guid"/>
   <Criterion id="15659330456318451477" value="4349723564911797727" comparison="0" type="guid"/>
  </Criteria>
 </ResponseRule>
 <ResponseSet id="13680621263385327352">
  <Response dialog="13680621263385327350" id="13680621263385327353" cooldown="0" weight="1" oneshot="0" completeConversation="0" delay="0.5"/>
 </ResponseSet>
 <ResponseRule id="13680621263385327807" name="" cooldown="" response="13680621263385327808">
  <Criteria>
   <Criterion id="15659330456318451386" value="13680621263353786218" comparison="0" type="guid"/>
   <Criterion id="15659330456318451410" comparison="0" value="13680621263385327353" fromResponse="1" type="guid"/>
   <Criterion id="15659330456318451477" value="4349723564911797727" comparison="0" type="guid"/>
  </Criteria>
 </ResponseRule>
 <ResponseSet id="13680621263385327808">
  <Response dialog="13680621263385327806" id="13680621263385327809" cooldown="0" weight="1" oneshot="0" completeConversation="0" delay="0"/>
 </ResponseSet>
 <ResponseRule id="13680621263385327827" name="" cooldown="" response="13680621263385327828">
  <Criteria>
   <Criterion id="15659330456318451386" value="13680621263353786218" comparison="0" type="guid"/>
   <Criterion id="15659330456318451410" comparison="0" value="13680621263385327809" fromResponse="1" type="guid"/>
   <Criterion id="15659330456318451477" value="4349723564911797727" comparison="0" type="guid"/>
  </Criteria>
 </ResponseRule>
 <ResponseSet id="13680621263385327828">
  <Response dialog="13680621263385327826" id="13680621263385327829" cooldown="0" weight="1" oneshot="0" completeConversation="0" delay="0"/>
 </ResponseSet>
 <ResponseRule id="13680621263385327867" name="" cooldown="" response="13680621263385327868">
  <Criteria>
   <Criterion id="15659330456318451386" value="13680621263353786218" comparison="0" type="guid"/>
   <Criterion id="15659330456318451410" comparison="0" value="13680621263385327829" fromResponse="1" type="guid"/>
   <Criterion id="15659330456318451477" value="4349723564911797727" comparison="0" type="guid"/>
  </Criteria>
 </ResponseRule>
 <ResponseSet id="13680621263385327868">
  <Response dialog="13680621263385327866" id="13680621263385327869" cooldown="0" weight="1" oneshot="0" completeConversation="0" delay="0"/>
 </ResponseSet>
 <ResponseRule id="13680621263385327887" name="" cooldown="" response="13680621263385327888">
  <Criteria>
   <Criterion id="15659330456318451386" value="13680621263353786218" comparison="0" type="guid"/>
   <Criterion id="15659330456318451410" comparison="0" value="13680621263385327869" fromResponse="1" type="guid"/>
   <Criterion id="15659330456318451477" value="4349723564911797727" comparison="0" type="guid"/>
  </Criteria>
 </ResponseRule>
 <ResponseSet id="13680621263385327888">
  <Response dialog="13680621263385327886" id="13680621263385327889" cooldown="0" weight="1" oneshot="0" completeConversation="0" delay="0"/>
 </ResponseSet>
 <ResponseRule id="13680621263385327997" name="" cooldown="" response="13680621263385327998">
  <Criteria>
   <Criterion id="15659330456318451386" value="13680621263353786218" comparison="0" type="guid"/>
   <Criterion id="15659330456318451410" comparison="0" value="13680621263385327889" fromResponse="1" type="guid"/>
   <Criterion id="15659330456318451477" value="4349723564911797727" comparison="0" type="guid"/>
  </Criteria>
 </ResponseRule>
 <ResponseSet id="13680621263385327998">
  <Response dialog="13680621263385327996" id="13680621263385327999" cooldown="0" weight="1" oneshot="0" completeConversation="1" delay="1"/>
 </ResponseSet>
 <ResponseRule id="13680621263385328712" name="" cooldown="" response="13680621263385328713">
  <Criteria>
   <Criterion id="15659330456318451386" value="13680621263353786218" comparison="0" type="guid"/>
   <Criterion id="15659330456318451410" comparison="0" value="13856881013196024010" fromResponse="1" type="guid"/>
   <Criterion id="15659330456318451477" value="4349723564911797727" comparison="0" type="guid"/>
  </Criteria>
 </ResponseRule>
 <ResponseSet id="13680621263385328713">
  <Response dialog="13680621263385328711" id="13680621263385328714" cooldown="0" weight="1" oneshot="0" completeConversation="0" delay="0"/>
 </ResponseSet>
 <ResponseRule id="13680621263385328769" name="" cooldown="" response="13680621263385328770">
  <Criteria>
   <Criterion id="15659330456318451386" value="13680621263353786218" comparison="0" type="guid"/>
   <Criterion id="15659330456318451410" comparison="0" value="13680621263385328714" fromResponse="1" type="guid"/>
   <Criterion id="15659330456318451477" value="4349723564911797727" comparison="0" type="guid"/>
  </Criteria>
 </ResponseRule>
 <ResponseSet id="13680621263385328770">
  <Response dialog="13680621263385328768" id="13680621263385328771" cooldown="0" weight="1" oneshot="0" completeConversation="0" delay="0"/>
 </ResponseSet>
 <ResponseRule id="13680621263385328824" name="" cooldown="" response="13680621263385328825">
  <Criteria>
   <Criterion id="15659330456318451386" value="13680621263353786218" comparison="0" type="guid"/>
   <Criterion id="15659330456318451410" comparison="0" value="13680621263385328771" fromResponse="1" type="guid"/>
   <Criterion id="15659330456318451477" value="4349723564911797727" comparison="0" type="guid"/>
  </Criteria>
 </ResponseRule>
 <ResponseSet id="13680621263385328825">
  <Response dialog="13680621263385328823" id="13680621263385328826" cooldown="0" weight="1" oneshot="0" completeConversation="0" delay="0.5"/>
 </ResponseSet>
 <ResponseRule id="13680621263385329192" name="" cooldown="" response="13680621263385329193">
  <Criteria>
   <Criterion id="15659330456318451386" value="13680621263353786218" comparison="0" type="guid"/>
   <Criterion id="15659330456318451410" comparison="0" value="13680621263385328826" fromResponse="1" type="guid"/>
   <Criterion id="15659330456318451477" value="4349723564911797727" comparison="0" type="guid"/>
  </Criteria>
 </ResponseRule>
 <ResponseSet id="13680621263385329193">
  <Response dialog="13680621263385329191" id="13680621263385329194" cooldown="0" weight="1" oneshot="0" completeConversation="0" delay="0"/>
 </ResponseSet>
 <ResponseRule id="13680621263385329201" name="" cooldown="" response="13680621263385329202">
  <Criteria>
   <Criterion id="15659330456318451386" value="13680621263353786218" comparison="0" type="guid"/>
   <Criterion id="15659330456318451410" comparison="0" value="13680621263385329194" fromResponse="1" type="guid"/>
   <Criterion id="15659330456318451477" value="4349723564911797727" comparison="0" type="guid"/>
  </Criteria>
 </ResponseRule>
 <ResponseSet id="13680621263385329202">
  <Response dialog="13680621263385329200" id="13680621263385329203" cooldown="0" weight="1" oneshot="0" completeConversation="0" delay="0"/>
 </ResponseSet>
 <ResponseRule id="13680621263385329220" name="" cooldown="" response="13680621263385329221">
  <Criteria>
   <Criterion id="15659330456318451386" value="13680621263353786218" comparison="0" type="guid"/>
   <Criterion id="15659330456318451410" comparison="0" value="13680621263385329203" fromResponse="1" type="guid"/>
   <Criterion id="15659330456318451477" value="4349723564911797727" comparison="0" type="guid"/>
  </Criteria>
 </ResponseRule>
 <ResponseSet id="13680621263385329221">
  <Response dialog="13680621263385329219" id="13680621263385329222" cooldown="0" weight="1" oneshot="0" completeConversation="1" delay="0"/>
 </ResponseSet>
</ResponseRules>