
<ResponseRules>
 <WritebackKeys/>
 <ResponseRule id="13680621263369603262" name="Trapped and Cut Off" cooldown="" description="Nils calls Mia shortly after the outbreak, trying to find who else is still alive and what&apos;s going on. Nils is trapped with a few people in the escape POD room. Mia is in the Shuttle Bay Control room. " response="13680621263369603488">
  <Criteria>
   <Criterion id="15659330456318451386" value="13680621263353786218" comparison="0" type="guid"/>
   <Criterion id="15659330456318451410" comparison="0" value="onTranscribeTrigger" fromResponse="0" type="default"/>
   <Criterion comparison="0" passIfMissing="false" id="15659330456318451477" type="guid" keyType="default" value="14667999412526072954"/>
  </Criteria>
 </ResponseRule>
 <ResponseSet id="13680621263369603488">
  <Response dialog="13680621263369603487" id="13680621263369603489" cooldown="0" weight="1" oneshot="0" completeConversation="0" delay="0"/>
 </ResponseSet>
 <ResponseRule id="13680621263369603531" name="" cooldown="" response="13680621263369603532">
  <Criteria>
   <Criterion id="15659330456318451386" value="13680621263365953228" comparison="0" type="guid"/>
   <Criterion id="15659330456318451410" comparison="0" value="13680621263369603489" fromResponse="1" type="guid"/>
   <Criterion comparison="0" passIfMissing="false" id="15659330456318451477" type="guid" keyType="default" value="4349723564911788241"/>
  </Criteria>
 </ResponseRule>
 <ResponseSet id="13680621263369603532">
  <Response dialog="13680621263369603530" id="13680621263369603533" cooldown="0" weight="1" oneshot="0" completeConversation="0" delay="0" targetType="2" targetId="14667999412526072954" speakerTrackMethod="1" targetTrackMethod="0"/>
 </ResponseSet>
 <ResponseRule id="13680621263369603665" name="" cooldown="" response="13680621263369603666">
  <Criteria>
   <Criterion id="15659330456318451386" value="13680621263353786218" comparison="0" type="guid"/>
   <Criterion id="15659330456318451410" comparison="0" value="13680621263369603533" fromResponse="1" type="guid"/>
   <Criterion id="15659330456318451477" value="14667999412526072954" comparison="0" type="guid"/>
  </Criteria>
 </ResponseRule>
 <ResponseSet id="13680621263369603666">
  <Response dialog="13680621263369603664" id="13680621263369603667" cooldown="0" weight="1" oneshot="0" completeConversation="0" delay="0" targetType="2" targetId="4349723564911788241" speakerTrackMethod="1" targetTrackMethod="0"/>
 </ResponseSet>
 <ResponseRule id="13680621263369603799" name="" cooldown="" response="13680621263369603800">
  <Criteria>
   <Criterion id="15659330456318451386" value="13680621263365953228" comparison="0" type="guid"/>
   <Criterion id="15659330456318451410" comparison="0" value="13680621263369603667" fromResponse="1" type="guid"/>
   <Criterion id="15659330456318451477" value="4349723564911788241" comparison="0" type="guid"/>
  </Criteria>
 </ResponseRule>
 <ResponseSet id="13680621263369603800">
  <Response dialog="13680621263369603798" id="13680621263369603801" cooldown="0" weight="1" oneshot="0" completeConversation="0" delay="0" targetType="2" targetId="14667999412526072954" speakerTrackMethod="1" targetTrackMethod="0"/>
 </ResponseSet>
 <ResponseRule id="13680621263369603838" name="" cooldown="" response="13680621263369603839">
  <Criteria>
   <Criterion id="15659330456318451386" value="13680621263353786218" comparison="0" type="guid"/>
   <Criterion id="15659330456318451410" comparison="0" value="13680621263369603801" fromResponse="1" type="guid"/>
   <Criterion id="15659330456318451477" value="14667999412526072954" comparison="0" type="guid"/>
  </Criteria>
 </ResponseRule>
 <ResponseSet id="13680621263369603839">
  <Response dialog="13680621263369603837" id="13680621263369603840" cooldown="0" weight="1" oneshot="0" completeConversation="0" delay="0.5" targetType="2" targetId="4349723564911788241" speakerTrackMethod="1" targetTrackMethod="0"/>
 </ResponseSet>
 <ResponseRule id="13680621263369603967" name="But They&apos;re Just Animals" cooldown="" description="A telepath reversed the air filtration system and took over the repair bots. Everyone will suffocate now.  " response="13680621263369604217">
  <Criteria>
   <Criterion id="15659330456318451386" value="13680621263365953228" comparison="0" type="guid"/>
   <Criterion id="15659330456318451410" comparison="0" value="onTranscribeTrigger" fromResponse="0" type="default"/>
   <Criterion comparison="0" passIfMissing="false" id="15659330456318451477" type="guid" keyType="default" value="4349723564911788241"/>
  </Criteria>
 </ResponseRule>
 <ResponseSet id="13680621263369604217">
  <Response dialog="13680621263369604216" id="13680621263369604218" cooldown="0" weight="1" oneshot="0" completeConversation="0" delay="0"/>
 </ResponseSet>
 <ResponseRule id="13680621263369604243" name="" cooldown="" response="13680621263369604244">
  <Criteria>
   <Criterion id="15659330456318451386" value="13680621263353786218" comparison="0" type="guid"/>
   <Criterion id="15659330456318451410" comparison="0" value="13680621263369604218" fromResponse="1" type="guid"/>
   <Criterion comparison="0" passIfMissing="false" id="15659330456318451477" type="guid" keyType="default" value="14667999412526072954"/>
  </Criteria>
 </ResponseRule>
 <ResponseSet id="13680621263369604244">
  <Response dialog="13680621263369604242" id="13680621263369604245" cooldown="0" weight="1" oneshot="0" completeConversation="0" delay="0" targetType="2" targetId="4349723564911788241" speakerTrackMethod="1" targetTrackMethod="0"/>
 </ResponseSet>
 <ResponseRule id="13680621263369604370" name="" cooldown="" response="13680621263369604371">
  <Criteria>
   <Criterion id="15659330456318451386" value="13680621263365953228" comparison="0" type="guid"/>
   <Criterion id="15659330456318451410" comparison="0" value="13680621263369604245" fromResponse="1" type="guid"/>
   <Criterion id="15659330456318451477" value="4349723564911788241" comparison="0" type="guid"/>
  </Criteria>
 </ResponseRule>
 <ResponseSet id="13680621263369604371">
  <Response dialog="13680621263369604369" id="13680621263369604372" cooldown="0" weight="1" oneshot="0" completeConversation="0" delay="0.25" targetType="2" targetId="14667999412526072954" speakerTrackMethod="1" targetTrackMethod="0"/>
 </ResponseSet>
 <ResponseRule id="13680621263369604386" name="" cooldown="" response="13680621263369604387">
  <Criteria>
   <Criterion id="15659330456318451386" value="13680621263353786218" comparison="0" type="guid"/>
   <Criterion id="15659330456318451410" comparison="0" value="13680621263369604372" fromResponse="1" type="guid"/>
   <Criterion id="15659330456318451477" value="14667999412526072954" comparison="0" type="guid"/>
  </Criteria>
 </ResponseRule>
 <ResponseSet id="13680621263369604387">
  <Response dialog="13680621263369604385" id="13680621263369604388" cooldown="0" weight="1" oneshot="0" completeConversation="0" delay="0" targetType="2" targetId="4349723564911788241" speakerTrackMethod="1" targetTrackMethod="0"/>
 </ResponseSet>
 <ResponseRule id="13680621263369604426" name="" cooldown="" response="13680621263369604427">
  <Criteria>
   <Criterion id="15659330456318451386" value="13680621263365953228" comparison="0" type="guid"/>
   <Criterion id="15659330456318451410" comparison="0" value="13680621263369604388" fromResponse="1" type="guid"/>
   <Criterion id="15659330456318451477" value="4349723564911788241" comparison="0" type="guid"/>
  </Criteria>
 </ResponseRule>
 <ResponseSet id="13680621263369604427">
  <Response dialog="13680621263369604425" id="13680621263369604428" cooldown="0" weight="1" oneshot="0" completeConversation="0" delay="0" targetType="2" targetId="14667999412526072954" speakerTrackMethod="1" targetTrackMethod="0"/>
 </ResponseSet>
 <ResponseRule id="13680621263369604444" name="" cooldown="" response="13680621263369604445">
  <Criteria>
   <Criterion id="15659330456318451386" value="13680621263353786218" comparison="0" type="guid"/>
   <Criterion id="15659330456318451410" comparison="0" value="13680621263369604428" fromResponse="1" type="guid"/>
   <Criterion id="15659330456318451477" value="14667999412526072954" comparison="0" type="guid"/>
  </Criteria>
 </ResponseRule>
 <ResponseSet id="13680621263369604445">
  <Response dialog="13680621263369604443" id="13680621263369604446" cooldown="0" weight="1" oneshot="0" completeConversation="0" delay="0" targetType="2" targetId="4349723564911788241" speakerTrackMethod="1" targetTrackMethod="0"/>
 </ResponseSet>
 <ResponseRule id="13680621263369604469" name="" cooldown="" response="13680621263369604470">
  <Criteria>
   <Criterion id="15659330456318451386" value="13680621263365953228" comparison="0" type="guid"/>
   <Criterion id="15659330456318451410" comparison="0" value="13680621263369604446" fromResponse="1" type="guid"/>
   <Criterion id="15659330456318451477" value="4349723564911788241" comparison="0" type="guid"/>
  </Criteria>
 </ResponseRule>
 <ResponseSet id="13680621263369604470">
  <Response dialog="13680621263369604468" id="13680621263369604471" cooldown="0" weight="1" oneshot="0" completeConversation="0" delay="0" targetType="2" targetId="14667999412526072954" speakerTrackMethod="1" targetTrackMethod="0"/>
 </ResponseSet>
 <ResponseRule id="13680621263369604512" name="" cooldown="" response="13680621263369604513">
  <Criteria>
   <Criterion id="15659330456318451386" value="13680621263353786218" comparison="0" type="guid"/>
   <Criterion id="15659330456318451410" comparison="0" value="13680621263369604471" fromResponse="1" type="guid"/>
   <Criterion id="15659330456318451477" value="14667999412526072954" comparison="0" type="guid"/>
  </Criteria>
 </ResponseRule>
 <ResponseSet id="13680621263369604513">
  <Response dialog="13680621263369604511" id="13680621263369604514" cooldown="0" weight="1" oneshot="0" completeConversation="0" delay="0" targetType="2" targetId="4349723564911788241" speakerTrackMethod="1" targetTrackMethod="0"/>
 </ResponseSet>
 <ResponseRule id="13680621263369604524" name="" cooldown="" response="13680621263369604525">
  <Criteria>
   <Criterion id="15659330456318451386" value="13680621263365953228" comparison="0" type="guid"/>
   <Criterion id="15659330456318451410" comparison="0" value="13680621263369604514" fromResponse="1" type="guid"/>
   <Criterion id="15659330456318451477" value="4349723564911788241" comparison="0" type="guid"/>
  </Criteria>
 </ResponseRule>
 <ResponseSet id="13680621263369604525">
  <Response dialog="13680621263369604523" id="13680621263369604526" cooldown="0" weight="1" oneshot="0" completeConversation="1" delay="0" targetType="2" targetId="14667999412526072954" speakerTrackMethod="1" targetTrackMethod="0"/>
 </ResponseSet>
 <ResponseRule id="13680621263385325622" name="" cooldown="" response="13680621263385325623">
  <Criteria>
   <Criterion id="15659330456318451386" value="13680621263365953228" comparison="0" type="guid"/>
   <Criterion id="15659330456318451410" comparison="0" value="13680621263369603840" fromResponse="1" type="guid"/>
   <Criterion id="15659330456318451477" value="4349723564911788241" comparison="0" type="guid"/>
  </Criteria>
 </ResponseRule>
 <ResponseSet id="13680621263385325623">
  <Response dialog="13680621263385325621" id="13680621263385325624" cooldown="0" weight="1" oneshot="0" completeConversation="0" delay="0" targetType="2" targetId="14667999412526072954" speakerTrackMethod="1" targetTrackMethod="0"/>
 </ResponseSet>
 <ResponseRule id="13680621263385325638" name="" cooldown="" response="13680621263393784846">
  <Criteria>
   <Criterion id="15659330456318451386" value="13680621263353786218" comparison="0" type="guid"/>
   <Criterion id="15659330456318451410" comparison="0" value="13680621263385325624" fromResponse="1" type="guid"/>
   <Criterion id="15659330456318451477" value="14667999412526072954" comparison="0" type="guid"/>
  </Criteria>
 </ResponseRule>
 <ResponseSet id="13680621263393784846">
  <Response dialog="13680621263393784845" id="13680621263393784847" cooldown="0" weight="1" oneshot="0" completeConversation="1" delay="0.75" cutoff="0" targetType="2" targetId="4349723564911788241" speakerTrackMethod="1" targetTrackMethod="0"/>
 </ResponseSet>
</ResponseRules>