
<ResponseRules>
 <WritebackKeys/>
 <ResponseRule id="844024417278843642" name="PlaceholderDialogue" cooldown="" conversation="1" description="Placeholder conversation for use in dummy audiologs" response="844024417278843713">
  <Criteria>
   <Criterion id="15659330456318451386" value="13680621263353091230" comparison="0" type="guid"/>
   <Criterion id="15659330456318451410" comparison="0" value="onTranscribeTrigger" fromResponse="0" type="default"/>
  </Criteria>
 </ResponseRule>
 <ResponseSet id="844024417278843713">
  <Response dialog="13680621263365111117" id="844024417278843714" cooldown="0" weight="1" oneshot="0" completeConversation="1"/>
 </ResponseSet>
</ResponseRules>