
<ResponseRules>
 <WritebackKeys/>
 <ResponseRule id="13680621263372616254" name="Leaks Plugged" cooldown="" response="13680621263372616395" description="Talia reminding Matthew to fix leaks the right way and make sure the supply closet always has plenty of spare parts. ">
  <Criteria>
   <Criterion id="15659330456318451386" value="13680621263353786238" comparison="0" type="guid"/>
   <Criterion id="15659330456318451410" comparison="0" value="onTranscribeTrigger" fromResponse="0" type="default"/>
   <Criterion comparison="0" passIfMissing="false" id="15659330456318451477" type="guid" keyType="default" value="11824555372641671002"/>
  </Criteria>
 </ResponseRule>
 <ResponseSet id="13680621263372616395">
  <Response dialog="13680621263372616394" id="13680621263372616396" cooldown="0" weight="1" oneshot="0" completeConversation="0" delay="0"/>
 </ResponseSet>
 <ResponseRule id="13680621263372616403" name="" cooldown="" response="13680621263372616450">
  <Criteria>
   <Criterion id="15659330456318451386" value="13680621263353786169" comparison="0" type="guid"/>
   <Criterion id="15659330456318451410" comparison="0" value="13680621263372616396" fromResponse="1" type="guid"/>
   <Criterion comparison="0" passIfMissing="false" id="15659330456318451477" type="guid" keyType="default" value="6732635291182868408"/>
  </Criteria>
 </ResponseRule>
 <ResponseSet id="13680621263372616450">
  <Response dialog="13680621263372616449" id="13680621263372616451" cooldown="0" weight="1" oneshot="0" completeConversation="0" delay="0.25" targetType="2" targetId="11824555372641671002" speakerTrackMethod="1" targetTrackMethod="0"/>
 </ResponseSet>
 <ResponseRule id="13680621263372616845" name="" cooldown="" response="13680621263372616846">
  <Criteria>
   <Criterion id="15659330456318451386" value="13680621263353786238" comparison="0" type="guid"/>
   <Criterion id="15659330456318451410" comparison="0" value="13680621263372616451" fromResponse="1" type="guid"/>
   <Criterion id="15659330456318451477" value="11824555372641671002" comparison="0" type="guid"/>
  </Criteria>
 </ResponseRule>
 <ResponseSet id="13680621263372616846">
  <Response dialog="13680621263372616844" id="13680621263372616847" cooldown="0" weight="1" oneshot="0" completeConversation="0" delay="0.25" targetType="2" targetId="6732635291182868408" speakerTrackMethod="1" targetTrackMethod="0"/>
 </ResponseSet>
 <ResponseRule id="13680621263372616862" name="" cooldown="" response="13680621263372616863">
  <Criteria>
   <Criterion id="15659330456318451386" value="13680621263353786169" comparison="0" type="guid"/>
   <Criterion id="15659330456318451410" comparison="0" value="13680621263372616847" fromResponse="1" type="guid"/>
   <Criterion id="15659330456318451477" value="6732635291182868408" comparison="0" type="guid"/>
  </Criteria>
 </ResponseRule>
 <ResponseSet id="13680621263372616863">
  <Response dialog="13680621263372616861" id="13680621263372616864" cooldown="0" weight="1" oneshot="0" completeConversation="0" delay="0.5" targetType="2" targetId="11824555372641671002" speakerTrackMethod="1" targetTrackMethod="0"/>
 </ResponseSet>
 <ResponseRule id="13680621263372616896" name="" cooldown="" response="13680621263372616897">
  <Criteria>
   <Criterion id="15659330456318451386" value="13680621263353786238" comparison="0" type="guid"/>
   <Criterion id="15659330456318451410" comparison="0" value="13680621263372616864" fromResponse="1" type="guid"/>
   <Criterion id="15659330456318451477" value="11824555372641671002" comparison="0" type="guid"/>
  </Criteria>
 </ResponseRule>
 <ResponseSet id="13680621263372616897">
  <Response dialog="13680621263372616895" id="13680621263372616898" cooldown="0" weight="1" oneshot="0" completeConversation="0" delay="0.25" targetType="2" targetId="6732635291182868408" speakerTrackMethod="1" targetTrackMethod="0"/>
 </ResponseSet>
 <ResponseRule id="13680621263372616955" name="" cooldown="" response="13680621263372616956">
  <Criteria>
   <Criterion id="15659330456318451386" value="13680621263353786169" comparison="0" type="guid"/>
   <Criterion id="15659330456318451410" comparison="0" value="13680621263372616898" fromResponse="1" type="guid"/>
   <Criterion id="15659330456318451477" value="6732635291182868408" comparison="0" type="guid"/>
  </Criteria>
 </ResponseRule>
 <ResponseSet id="13680621263372616956">
  <Response dialog="13680621263372616954" id="13680621263372616957" cooldown="0" weight="1" oneshot="0" completeConversation="0" delay="0.5" targetType="2" targetId="11824555372641671002" speakerTrackMethod="1" targetTrackMethod="0"/>
 </ResponseSet>
 <ResponseRule id="13680621263372617303" name="" cooldown="" response="13680621263372617304" oneshot="1" description="">
  <Criteria>
   <Criterion id="15659330456318451386" value="13680621263353786238" comparison="0" type="guid"/>
   <Criterion id="15659330456318451410" comparison="0" value="13680621263372616957" fromResponse="1" type="guid"/>
   <Criterion id="15659330456318451477" value="11824555372641671002" comparison="0" type="guid"/>
  </Criteria>
 </ResponseRule>
 <ResponseSet id="13680621263372617304">
  <Response dialog="13680621263372617302" id="13680621263372617305" cooldown="0" weight="1" oneshot="0" completeConversation="0" delay="0.25" targetType="2" targetId="6732635291182868408" speakerTrackMethod="1" targetTrackMethod="0"/>
 </ResponseSet>
 <ResponseRule id="13680621263372617335" name="" cooldown="" response="13680621263372617336">
  <Criteria>
   <Criterion id="15659330456318451386" value="13680621263353786169" comparison="0" type="guid"/>
   <Criterion id="15659330456318451410" comparison="0" value="13680621263372617305" fromResponse="1" type="guid"/>
   <Criterion id="15659330456318451477" value="6732635291182868408" comparison="0" type="guid"/>
  </Criteria>
 </ResponseRule>
 <ResponseSet id="13680621263372617336">
  <Response dialog="13680621263372617334" id="13680621263372617337" cooldown="0" weight="1" oneshot="0" completeConversation="1" delay="0.5" targetType="2" targetId="11824555372641671002" speakerTrackMethod="1" targetTrackMethod="0"/>
 </ResponseSet>
</ResponseRules>