
<ResponseRules description="">
 <ResponseRule response="13680621263353104858" name="Alex Sees Morgan" cooldown="" oneshot="1" description="Alex spots Morgan arriving for his/her first day of training. " id="13680621263358631096" conversation="1" trackView="1">
  <Criteria>
   <Criterion id="15659330456318451386" value="13680621263353091230" comparison="0" type="guid"/>
   <Criterion id="15659330456318451410" comparison="0" value="onConversationTrigger" fromResponse="0" type="default"/>
   <Criterion comparison="0" passIfMissing="false" id="15659330456318451477" type="guid" keyType="default" value="1713490239389130908"/>
  </Criteria>
 </ResponseRule>
 <ResponseSet id="13680621263353104858">
  <Response dialog="13680621263353091258" id="15659330456317401284" cooldown="0" weight="1" oneshot="0" completeConversation="1"/>
 </ResponseSet>
 <ResponseRule response="13680621263355506912" name="Alex Explains Tests" cooldown="" oneshot="1" description="Alex greets Morgan and ushers into the test rooms. " id="13680621263355506822" conversation="1" trackView="1">
  <Criteria>
   <Criterion id="15659330456318451386" value="13680621263353091230" comparison="0" type="guid"/>
   <Criterion id="15659330456318451410" comparison="0" value="onConversationTrigger" fromResponse="0" type="default"/>
   <Criterion comparison="0" passIfMissing="false" id="15659330456318451477" type="guid" keyType="default" value="1713490239389130908"/>
  </Criteria>
 </ResponseRule>
 <ResponseSet id="13680621263355506912">
  <Response dialog="13680621263355506909" id="13680621263355506913" cooldown="0" weight="1" oneshot="0"/>
 </ResponseSet>
 <ResponseRule id="13680621263355506945" name="" cooldown="" response="13680621263360957469" trackView="1">
  <Criteria>
   <Criterion id="15659330456318451386" value="13680621263353091230" comparison="0" type="guid"/>
   <Criterion id="15659330456318451410" comparison="0" value="13680621263355506913" fromResponse="1" type="guid"/>
   <Criterion comparison="0" passIfMissing="false" id="15659330456318451477" type="guid" keyType="default" value="1713490239389130908"/>
  </Criteria>
 </ResponseRule>
 <ResponseSet id="13680621263355515260">
  <Response dialog="13680621263355515257" id="13680621263355515261" cooldown="0" weight="1" oneshot="0"/>
 </ResponseSet>
 <ResponseRule id="13680621263355515360" name="" cooldown="" response="13680621263355515361" trackView="1">
  <Criteria>
   <Criterion id="15659330456318451386" value="13680621263353091230" comparison="0" type="guid"/>
   <Criterion id="15659330456318451410" comparison="0" value="13680621263355515261" fromResponse="1" type="guid"/>
   <Criterion comparison="0" passIfMissing="false" id="15659330456318451477" type="guid" keyType="default" value="1713490239389130908"/>
  </Criteria>
 </ResponseRule>
 <ResponseSet id="13680621263355515361">
  <Response dialog="13680621263355515358" id="13680621263355515362" cooldown="0" weight="1" oneshot="0"/>
 </ResponseSet>
 <ResponseRule id="13680621263355515370" name="" cooldown="" response="13680621263355515371" trackView="1">
  <Criteria>
   <Criterion id="15659330456318451386" value="13680621263353091230" comparison="0" type="guid"/>
   <Criterion id="15659330456318451410" comparison="0" value="13680621263355515362" fromResponse="1" type="guid"/>
   <Criterion comparison="0" passIfMissing="false" id="15659330456318451477" type="guid" keyType="default" value="1713490239389130908"/>
  </Criteria>
 </ResponseRule>
 <ResponseSet id="13680621263355515371">
  <Response dialog="13680621263355515368" id="15659330456317402158" cooldown="0" weight="1" oneshot="0" completeConversation="1"/>
 </ResponseSet>
 <ResponseSet id="13680621263360957469">
  <Response dialog="13680621263359122389" id="13680621263360957470" cooldown="0" weight="1" oneshot="0" completeConversation="0"/>
 </ResponseSet>
 <ResponseRule id="13680621263360957474" name="" cooldown="" response="13680621263360957523" trackView="1">
  <Criteria>
   <Criterion id="15659330456318451386" value="13680621263353091230" comparison="0" type="guid"/>
   <Criterion id="15659330456318451410" comparison="0" value="13680621263360957470" fromResponse="1" type="guid"/>
   <Criterion comparison="0" passIfMissing="false" id="15659330456318451477" type="guid" keyType="default" value="1713490239389130908"/>
  </Criteria>
 </ResponseRule>
 <ResponseSet id="13680621263360957523">
  <Response dialog="13680621263365979552" id="13680621263360957524" cooldown="0" weight="1" oneshot="0" completeConversation="0"/>
 </ResponseSet>
 <ResponseRule id="13680621263360957526" name="" cooldown="" response="13680621263360957553" trackView="1">
  <Criteria>
   <Criterion id="15659330456318451386" value="13680621263353091230" comparison="0" type="guid"/>
   <Criterion id="15659330456318451410" comparison="0" value="13680621263360957524" fromResponse="1" type="guid"/>
   <Criterion comparison="0" passIfMissing="false" id="15659330456318451477" type="guid" keyType="default" value="1713490239389130908"/>
  </Criteria>
 </ResponseRule>
 <ResponseSet id="13680621263360957553">
  <Response dialog="13680621263359122593" id="13680621263360957554" cooldown="0" weight="1" oneshot="0" completeConversation="0"/>
 </ResponseSet>
 <ResponseRule id="13680621263360957555" name="" cooldown="" response="13680621263360957571" trackView="1">
  <Criteria>
   <Criterion id="15659330456318451386" value="13680621263353091230" comparison="0" type="guid"/>
   <Criterion id="15659330456318451410" comparison="0" value="13680621263360957554" fromResponse="1" type="guid"/>
   <Criterion comparison="0" passIfMissing="false" id="15659330456318451477" type="guid" keyType="default" value="1713490239389130908"/>
  </Criteria>
 </ResponseRule>
 <ResponseSet id="13680621263360957571">
  <Response dialog="13680621263359122609" id="13680621263360957572" cooldown="0" weight="1" oneshot="0" completeConversation="0"/>
 </ResponseSet>
 <ResponseRule id="13680621263360957574" name="" cooldown="" response="13680621263355515260" trackView="1">
  <Criteria>
   <Criterion id="15659330456318451386" value="13680621263353094521" comparison="0" type="guid"/>
   <Criterion id="15659330456318451410" comparison="0" value="13680621263360957572" fromResponse="1" type="guid"/>
   <Criterion comparison="0" passIfMissing="false" id="15659330456318451477" type="guid" keyType="default" value="13680621263355514849"/>
  </Criteria>
 </ResponseRule>
 <ResponseRule id="13680621263360974634" name="" cooldown="" response="13680621263360974728" trackView="1">
  <Criteria>
   <Criterion id="15659330456318451386" value="13680621263353094521" comparison="0" type="guid"/>
   <Criterion id="15659330456318451410" comparison="0" value="13680621263360957572" fromResponse="1" type="guid"/>
   <Criterion comparison="0" passIfMissing="false" id="211598630" keyType="gameToken" value="1" type="default"/>
   <Criterion comparison="0" passIfMissing="false" id="15659330456318451477" type="guid" keyType="default" value="13680621263355514849"/>
  </Criteria>
 </ResponseRule>
 <ResponseSet id="13680621263360974728">
  <Response dialog="13680621263359122860" id="13680621263360974729" cooldown="0" weight="1" oneshot="0" completeConversation="0"/>
 </ResponseSet>
 <ResponseRule id="13680621263360974734" name="" cooldown="" response="13680621263355515361" trackView="1">
  <Criteria>
   <Criterion id="15659330456318451386" value="13680621263353091230" comparison="0" type="guid"/>
   <Criterion id="15659330456318451410" comparison="0" value="13680621263360974729" fromResponse="1" type="guid"/>
   <Criterion comparison="0" passIfMissing="false" id="15659330456318451477" type="guid" keyType="default" value="1713490239389130908"/>
  </Criteria>
 </ResponseRule>
 <WritebackKeys>
  <WritebackKey id="13680621263365183553" name="AlexSaidTestComment"/>
 </WritebackKeys>
 <ResponseRule response="13680621263365111855" name="Alex Test Wiating Room Comment 1" cooldown="5" oneshot="1" description="Alex makes some remarks while waiting for Morgan to go into the Simulation Test" id="13680621263365111608" conversation="1">
  <Criteria>
   <Criterion id="15659330456318451386" value="13680621263353091230" comparison="0" type="guid"/>
   <Criterion id="15659330456318451410" comparison="0" value="onUsed" fromResponse="0" type="default"/>
   <Criterion comparison="0" passIfMissing="false" id="15659330456318451477" type="guid" keyType="default" value="1713490239389130908"/>
   <Criterion comparison="0" passIfMissing="false" id="429963292" keyType="gameToken" value="1"/>
   <Criterion comparison="0" passIfMissing="false" id="1304802513" keyType="gameToken" value="0"/>
   <Criterion comparison="0" passIfMissing="false" id="10739735956111935346" type="guid" keyType="default" value="12889009724983807463"/>
  </Criteria>
  <Writeback>
   <Fact id="13680621263365183553" value="1" time="0"/>
  </Writeback>
 </ResponseRule>
 <ResponseSet id="13680621263365111855">
  <Response dialog="13680621263365137171" id="13680621263365183945" cooldown="0" weight="1" oneshot="0" completeConversation="1" targetId="0" targetType="1" speakerTrackMethod="1" targetTrackMethod="0"/>
 </ResponseSet>
 <ResponseRule response="13680621263365184014" name="Alex Test Wiating Room Comment 2" cooldown="5" oneshot="1" description="Alex makes some remarks while waiting for Morgan to go into the Simulation Test" id="13680621263365183963" conversation="1">
  <Criteria>
   <Criterion id="15659330456318451386" value="13680621263353091230" comparison="0" type="guid"/>
   <Criterion id="15659330456318451410" comparison="0" value="onUsed" fromResponse="0" type="default"/>
   <Criterion comparison="0" passIfMissing="false" id="15659330456318451477" type="guid" keyType="default" value="1713490239389130908"/>
   <Criterion comparison="0" passIfMissing="false" id="1304802513" keyType="gameToken" value="0" type="default"/>
   <Criterion comparison="0" passIfMissing="false" id="13680621263365183553" type="default" keyType="writeback" value="1"/>
   <Criterion comparison="0" passIfMissing="false" id="10739735956111935346" type="guid" keyType="default" value="12889009724983807463"/>
  </Criteria>
  <Writeback>
   <Fact id="13680621263365183553" value="2" time="0"/>
  </Writeback>
 </ResponseRule>
 <ResponseSet id="13680621263365184014">
  <Response dialog="13680621263365111854" id="13680621263365184015" cooldown="0" weight="1" oneshot="0" completeConversation="1" targetId="0" targetType="1" speakerTrackMethod="1" targetTrackMethod="0"/>
 </ResponseSet>
 <ResponseRule response="13680621263365184040" name="Alex Test Wiating Room Comment 3" cooldown="5" oneshot="1" description="Alex makes some remarks while waiting for Morgan to go into the Simulation Test" id="13680621263365184022" conversation="1">
  <Criteria>
   <Criterion id="15659330456318451386" value="13680621263353091230" comparison="0" type="guid"/>
   <Criterion id="15659330456318451410" comparison="0" value="onUsed" fromResponse="0" type="default"/>
   <Criterion comparison="0" passIfMissing="false" id="15659330456318451477" type="guid" keyType="default" value="1713490239389130908"/>
   <Criterion comparison="0" passIfMissing="false" id="1304802513" keyType="gameToken" value="0" type="default"/>
   <Criterion comparison="0" passIfMissing="false" id="13680621263365183553" type="default" keyType="writeback" value="2"/>
   <Criterion comparison="0" passIfMissing="false" id="10739735956111935346" type="guid" keyType="default" value="12889009724983807463"/>
  </Criteria>
  <Writeback>
   <Fact id="13680621263365183553" value="3" time="0"/>
  </Writeback>
 </ResponseRule>
 <ResponseSet id="13680621263365184040">
  <Response dialog="13680621263365111117" id="13680621263365184041" cooldown="0" weight="1" oneshot="0" completeConversation="1" targetId="0" targetType="1" speakerTrackMethod="1" targetTrackMethod="0"/>
 </ResponseSet>
</ResponseRules>