
<ResponseRules>
 <WritebackKeys/>
 <ResponseRule id="13680621263386271372" name="Mikhaila Noticed Something" cooldown="" description="Heard or saw something suspicious." response="13680621263386272474">
  <Criteria>
   <Criterion id="15659330456318451386" value="13680621263361472617" comparison="0" type="guid"/>
   <Criterion id="15659330456318451410" comparison="0" value="onGainedAttentionOnTarget" fromResponse="0" type="default"/>
   <Criterion comparison="0" passIfMissing="false" id="15659330456318451477" type="guid" keyType="default" value="6732635291182789988"/>
   <Criterion comparison="0" passIfMissing="false" id="10850392949532183293" type="default" keyType="default" value="1"/>
   <Criterion comparison="0" passIfMissing="false" id="5310807215636213157" type="default" keyType="default" value="0"/>
   <Criterion comparison="0" passIfMissing="false" id="10850392949532183294" type="default" keyType="default" value=""/>
   <Criterion comparison="0" passIfMissing="false" id="5310807215636213159" type="default" keyType="default" value="0"/>
  </Criteria>
 </ResponseRule>
 <ResponseRule id="13680621263386271375" name="Mikhaila Saw Player Use Power" cooldown="20" description="This can play anywhere. Mikhaila sees the player use one of the alien powers. " response="13680621263386272409">
  <Criteria>
   <Criterion id="15659330456318451386" value="13680621263361472617" comparison="0" type="guid"/>
   <Criterion id="15659330456318451410" comparison="0" value="onPlayerUsePower" fromResponse="0" type="default"/>
   <Criterion comparison="0" passIfMissing="false" id="15659330456318451477" type="guid" keyType="default" value="6732635291182789988"/>
   <Criterion comparison="0" passIfMissing="false" id="5310807215636213157" type="default" keyType="default" value="0"/>
   <Criterion comparison="0" passIfMissing="false" id="10850392949532183294" type="default" keyType="default" value=""/>
   <Criterion comparison="3" passIfMissing="false" id="5310807215636213148" type="default" keyType="default" value="0"/>
   <Criterion comparison="0" passIfMissing="false" id="5310807215636213159" type="default" keyType="default" value="0"/>
  </Criteria>
 </ResponseRule>
 <ResponseRule id="13680621263386271377" name="Mikhaila Hit With Toy Gun / Phys Obj" cooldown="10" description="Player and player chucked a coffee cup at her or pinged her with the toy dart gun." response="13680621263386272013">
  <Criteria>
   <Criterion id="15659330456318451386" value="13680621263361472617" comparison="0" type="guid"/>
   <Criterion id="15659330456318451410" comparison="0" value="onBumpedPlayerRanged" fromResponse="0" type="default"/>
   <Criterion comparison="0" passIfMissing="false" id="15659330456318451477" type="guid" keyType="default" value="6732635291182789988"/>
   <Criterion comparison="0" passIfMissing="false" id="10850392949532183294" type="default" keyType="default" value=""/>
   <Criterion comparison="0" passIfMissing="false" id="5310807215636213157" type="default" keyType="default" value="0"/>
   <Criterion comparison="0" passIfMissing="false" id="5310807215636213159" type="default" keyType="default" value="0"/>
  </Criteria>
 </ResponseRule>
 <ResponseRule id="13680621263386271379" name="Mikhaila Attacking an Alien" cooldown="" description="Attacking an alien." response="13680621263386272574">
  <Criteria>
   <Criterion id="15659330456318451386" value="13680621263361472617" comparison="0" type="guid"/>
   <Criterion id="15659330456318451410" comparison="0" value="onAttack" fromResponse="0" type="default"/>
   <Criterion comparison="0" passIfMissing="false" id="15659330456318451477" type="guid" keyType="default" value="6732635291182789988"/>
   <Criterion comparison="0" passIfMissing="false" id="9469288860498988665" value="1" keyType="metatag"/>
   <Criterion comparison="0" passIfMissing="false" id="5310807215636213159" type="default" keyType="default" value="0"/>
  </Criteria>
 </ResponseRule>
 <ResponseRule id="13680621263386271381" name="Mikhaila React to Nightmare Arrival" cooldown="" description="Reacting to the Nightmare arrival. " response="13680621263386272649">
  <Criteria>
   <Criterion id="15659330456318451386" value="13680621263361472617" comparison="0" type="guid"/>
   <Criterion id="15659330456318451410" comparison="0" value="onNightmareArrived" fromResponse="0" type="default"/>
   <Criterion comparison="0" passIfMissing="false" id="15659330456318451477" type="guid" keyType="default" value="6732635291182789988"/>
   <Criterion comparison="0" passIfMissing="false" id="5310807215636213159" type="default" keyType="default" value="0"/>
  </Criteria>
 </ResponseRule>
 <ResponseRule id="13680621263386271383" name="Mikhaila Combat Lost Target" cooldown="" description="Fighting aliens/bots and they vanished." response="13680621263386272824">
  <Criteria>
   <Criterion id="15659330456318451386" value="13680621263361472617" comparison="0" type="guid"/>
   <Criterion id="15659330456318451410" comparison="0" value="onLostTarget" fromResponse="0" type="default"/>
   <Criterion comparison="0" passIfMissing="false" id="15659330456318451477" type="guid" keyType="default" value="6732635291182789988"/>
   <Criterion comparison="0" passIfMissing="false" id="5310807215636213157" type="default" keyType="default" value="0"/>
   <Criterion comparison="0" passIfMissing="false" id="10850392949532183294" type="default" keyType="default" value=""/>
   <Criterion comparison="0" passIfMissing="false" id="5310807215636213159" type="default" keyType="default" value="0"/>
  </Criteria>
 </ResponseRule>
 <ResponseRule id="13680621263386271384" name="Mikhaila Combat Over" cooldown="" description="Defeated aliens." response="13680621263386272751">
  <Criteria>
   <Criterion id="15659330456318451386" value="13680621263361472617" comparison="0" type="guid"/>
   <Criterion id="15659330456318451410" comparison="0" value="onTargetDead" fromResponse="0" type="default"/>
   <Criterion comparison="0" passIfMissing="false" id="15659330456318451477" type="guid" keyType="default" value="6732635291182789988"/>
   <Criterion comparison="0" passIfMissing="false" id="5310807215636213157" type="default" keyType="default" value="0"/>
   <Criterion comparison="0" passIfMissing="false" id="5310807215636213159" type="default" keyType="default" value="0"/>
  </Criteria>
 </ResponseRule>
 <ResponseSet id="13680621263386272013">
  <Response dialog="13680621263386272012" id="13680621263386272014" cooldown="120" weight="1" oneshot="false" completeConversation="1" delay="0"/>
  <Response dialog="13680621263386272031" id="13680621263386272032" cooldown="0" weight="1" oneshot="true" completeConversation="1" delay="0"/>
  <Response dialog="13680621263386272156" id="13680621263386272157" cooldown="0" weight="1" oneshot="true" completeConversation="1" delay="0"/>
 </ResponseSet>
 <ResponseSet id="13680621263386272409">
  <Response dialog="13680621263384460915" id="13680621263386272410" cooldown="120" weight="1" oneshot="0" completeConversation="1" delay="0"/>
  <Response dialog="13680621263384460959" id="13680621263386272430" cooldown="0" weight="1" oneshot="true" completeConversation="1" delay="0"/>
  <Response dialog="13680621263384460973" id="13680621263386272439" cooldown="0" weight="1" oneshot="true" completeConversation="1" delay="0"/>
  <Response dialog="13680621263384460985" id="13680621263386272447" cooldown="120" weight="1" oneshot="0" completeConversation="1" delay="0"/>
 </ResponseSet>
 <ResponseSet id="13680621263386272474">
  <Response dialog="13680621263386272473" id="13680621263386272475" cooldown="0" weight="1" oneshot="0" completeConversation="1" delay="0" emotion="3152439162748318053"/>
  <Response dialog="13680621263386272496" id="13680621263386272497" cooldown="0" weight="1" oneshot="0" completeConversation="1" delay="0" emotion="3152439162748318053"/>
  <Response dialog="13680621263386272503" id="13680621263386272504" cooldown="0" weight="1" oneshot="0" completeConversation="1" delay="0" emotion="3152439162748318053"/>
  <Response dialog="13680621263386272515" id="13680621263386272516" cooldown="0" weight="1" oneshot="0" completeConversation="1" delay="0" emotion="3152439162748318060"/>
 </ResponseSet>
 <ResponseSet id="13680621263386272574">
  <Response dialog="13680621263386272573" id="13680621263386272575" cooldown="30" weight="1" oneshot="0" completeConversation="1" delay="0"/>
  <Response dialog="13680621263386272601" id="13680621263386272602" cooldown="30" weight="1" oneshot="0" completeConversation="1" delay="0"/>
  <Response dialog="13680621263386272616" id="13680621263386272617" cooldown="30" weight="1" oneshot="0" completeConversation="1" delay="0"/>
  <Response dialog="13680621263386272623" id="13680621263386272624" cooldown="30" weight="1" oneshot="0" completeConversation="1" delay="0"/>
 </ResponseSet>
 <ResponseSet id="13680621263386272649">
  <Response dialog="13680621263386272648" id="13680621263386272650" cooldown="0" weight="1" oneshot="0" completeConversation="1" delay="2" targetId="0" targetType="1" speakerTrackMethod="2" targetTrackMethod="0" emotion="3152439162748318053"/>
  <Response dialog="13680621263386272710" id="13680621263386272711" cooldown="0" weight="1" oneshot="0" completeConversation="0" delay="2" targetId="0" targetType="1" speakerTrackMethod="2" targetTrackMethod="0" emotion="3152439162748318060"/>
 </ResponseSet>
 <ResponseRule id="13680621263386272717" name="" cooldown="" response="13680621263386272718">
  <Criteria>
   <Criterion id="15659330456318451386" value="13680621263361472617" comparison="0" type="guid"/>
   <Criterion id="15659330456318451410" comparison="0" value="13680621263386272711" fromResponse="1" type="guid"/>
   <Criterion id="15659330456318451477" value="6732635291182789988" comparison="0" type="guid"/>
  </Criteria>
 </ResponseRule>
 <ResponseSet id="13680621263386272718">
  <Response dialog="13680621263386272716" id="13680621263386272719" cooldown="0" weight="1" oneshot="0" completeConversation="1" delay="0" emotion="15659330456346423977" targetId="0" targetType="1" speakerTrackMethod="2" targetTrackMethod="0"/>
 </ResponseSet>
 <ResponseSet id="13680621263386272751">
  <Response dialog="13680621263386272750" id="13680621263386272752" cooldown="0" weight="1" oneshot="0" completeConversation="1" delay="0" emotion="3152439162748318087"/>
  <Response dialog="13680621263386272760" id="13680621263386272761" cooldown="0" weight="1" oneshot="0" completeConversation="1" delay="0" emotion="15659330456346423977"/>
  <Response dialog="13680621263386272778" id="13680621263386272779" cooldown="0" weight="1" oneshot="0" completeConversation="1" delay="0" emotion="3152439162748318087"/>
 </ResponseSet>
 <ResponseSet id="13680621263386272824">
  <Response dialog="13680621263386272823" id="13680621263386272825" cooldown="0" weight="1" oneshot="0" completeConversation="1" delay="0" emotion="3152439162748318087"/>
  <Response dialog="13680621263386272832" id="13680621263386272833" cooldown="0" weight="1" oneshot="0" completeConversation="1" delay="0" emotion="15659330456346424008"/>
 </ResponseSet>
</ResponseRules>