
<ResponseRules description="">
 <WritebackKeys>
  <WritebackKey id="333529079830372903" name="LoiterCommentPreMed"/>
  <WritebackKey id="13680621263398623296" name="PlyrMetMikhaila"/>
 </WritebackKeys>
 <ResponseRule id="333529079830370493" name="Mikhaila Sees Plyr -- Greeting" cooldown="" oneshot="1" description="Player reaches Mikhaila where she&apos;s trapped. Mikhaila can&apos;t move. Parts of her body (motor control) are shutting down as her condition worsens over time." conversation="1" response="333529079830370603">
  <Criteria>
   <Criterion id="15659330456318451386" value="13680621263361472617" comparison="0" type="guid"/>
   <Criterion id="15659330456318451410" comparison="0" value="onPlayerApproach" fromResponse="0" type="default"/>
   <Criterion comparison="0" passIfMissing="false" id="15659330456318451477" type="guid" keyType="default" value="6732635291182789988"/>
   <Criterion comparison="0" passIfMissing="false" id="10739735956111935346" type="guid" keyType="default" value="6732635291182790112"/>
   <Criterion comparison="0" passIfMissing="false" id="10850392949532183301" type="default" keyType="default" value=""/>
  </Criteria>
  <Writeback/>
 </ResponseRule>
 <ResponseRule id="13680621263398389992" name="Plyr Finds Mikhaila -- Early Visit" cooldown="" oneshot="1" description="Player reaches Mikhaila where she&apos;s trapped. Mikhaila can&apos;t move. The player is here early, before on a mission to reboot the space station. Parts of her body (motor control) are shutting down as her condition worsens over time. " conversation="1" response="14538910657199564041">
  <Criteria>
   <Criterion id="15659330456318451386" value="13680621263361472617" comparison="0" type="guid"/>
   <Criterion id="15659330456318451410" comparison="0" value="onUsed" fromResponse="0" type="default"/>
   <Criterion comparison="0" passIfMissing="false" id="15659330456318451477" type="guid" keyType="default" value="6732635291182789988"/>
   <Criterion comparison="0" passIfMissing="false" id="10739735956111935346" type="guid" keyType="default" value="6732635291182790112"/>
   <Criterion comparison="0" passIfMissing="false" id="1781841433" keyType="gameToken"/>
   <Criterion comparison="0" passIfMissing="false" id="1753726108" keyType="gameToken"/>
   <Criterion comparison="5" passIfMissing="false" id="844024417256800234" keyType="objective" value="1"/>
   <Criterion comparison="5" passIfMissing="true" id="13680621263398623296" type="default" keyType="writeback" value="1"/>
   <Criterion comparison="0" passIfMissing="false" id="10850392949532183294" type="default" keyType="default" value="0"/>
  </Criteria>
  <Writeback>
   <Fact id="13680621263398623296" value="1" time="0"/>
  </Writeback>
 </ResponseRule>
 <ResponseRule id="333529079830370034" name="Plyr Finds Mikhaila -- Need to Reboot, Phantom" cooldown="" oneshot="1" description="Player reaches Mikhaila where she&apos;s trapped. Mikhaila can&apos;t move. Parts of her body (motor control) are shutting down as her condition worsens over time. Phantom (deadly alien) was present, banging on door (?)." conversation="1" response="333529079830370484" priority="1">
  <Criteria>
   <Criterion id="15659330456318451386" value="13680621263361472617" comparison="0" type="guid"/>
   <Criterion id="15659330456318451410" comparison="0" value="onUsed" fromResponse="0" type="default"/>
   <Criterion comparison="0" passIfMissing="false" id="15659330456318451477" type="guid" keyType="default" value="6732635291182789988"/>
   <Criterion comparison="0" passIfMissing="false" id="10739735956111935346" type="guid" keyType="default" value="6732635291182790112"/>
   <Criterion comparison="0" passIfMissing="false" id="1781841433" keyType="gameToken" value="0"/>
   <Criterion comparison="0" passIfMissing="false" id="1753726108" keyType="gameToken" value="0"/>
   <Criterion comparison="0" passIfMissing="false" id="844024417256800234" keyType="objective" value="1"/>
   <Criterion comparison="5" passIfMissing="true" id="13680621263398623296" type="default" keyType="writeback" value="1"/>
   <Criterion comparison="0" passIfMissing="false" id="10850392949532183294" type="default" keyType="default" value="0"/>
  </Criteria>
  <Writeback>
   <Fact id="13680621263398623296" value="1" time="0"/>
  </Writeback>
 </ResponseRule>
 <ResponseRule id="13680621263398390186" name="Plyr Finds Mikhaila -- Already Met, Need to Reboot, All Better" cooldown="" oneshot="1" description="Player has already met Mikhaila once, has gotten the quest to get her meds, has recovered her meds, and is now showing up needing to reboot the station AND give Mikhaila her meds all at once. " conversation="1" response="14538910657199566954" priority="1">
  <Criteria>
   <Criterion id="15659330456318451386" value="13680621263361472617" comparison="0" type="guid"/>
   <Criterion id="15659330456318451410" comparison="0" value="onUsed" fromResponse="0" type="default"/>
   <Criterion comparison="0" passIfMissing="false" id="15659330456318451477" type="guid" keyType="default" value="6732635291182789988"/>
   <Criterion comparison="0" passIfMissing="false" id="10739735956111935346" type="guid" keyType="default" value="6732635291182790112"/>
   <Criterion comparison="0" passIfMissing="false" id="1781841433" keyType="gameToken"/>
   <Criterion comparison="0" passIfMissing="false" id="1753726108" keyType="gameToken" value="1"/>
   <Criterion comparison="0" passIfMissing="false" id="496257776" keyType="gameToken" value="1"/>
   <Criterion comparison="0" passIfMissing="false" id="844024417256800234" keyType="objective" value="1"/>
   <Criterion comparison="0" passIfMissing="false" id="13680621263398623296" type="default" keyType="writeback" value="1"/>
   <Criterion comparison="0" passIfMissing="false" id="10850392949532183294" type="default" keyType="default" value="0"/>
  </Criteria>
 </ResponseRule>
 <ResponseRule id="13680621263398390333" name="Plyr Finds Mikhaila -- Already Met, Need to Reboot, No Meds" cooldown="" oneshot="1" description="Player has already met Mikhaila once, has gotten the quest to get her meds, has NOT recovered her meds, and is now showing up needing to reboot the station. Followup convo. " conversation="1" response="14538910657199566436" priority="1">
  <Criteria>
   <Criterion id="15659330456318451386" value="13680621263361472617" comparison="0" type="guid"/>
   <Criterion id="15659330456318451410" comparison="0" value="onUsed" fromResponse="0" type="default"/>
   <Criterion comparison="0" passIfMissing="false" id="15659330456318451477" type="guid" keyType="default" value="6732635291182789988"/>
   <Criterion comparison="0" passIfMissing="false" id="10739735956111935346" type="guid" keyType="default" value="6732635291182790112"/>
   <Criterion comparison="0" passIfMissing="false" id="1781841433" keyType="gameToken"/>
   <Criterion comparison="0" passIfMissing="false" id="1753726108" keyType="gameToken"/>
   <Criterion comparison="0" passIfMissing="false" id="844024417256800234" keyType="objective" value="1"/>
   <Criterion comparison="0" passIfMissing="false" id="13680621263398623296" type="default" keyType="writeback" value="1"/>
   <Criterion comparison="0" passIfMissing="false" id="496257776" keyType="gameToken"/>
   <Criterion comparison="0" passIfMissing="false" id="333529079830370034" keyType="conversation"/>
   <Criterion comparison="0" passIfMissing="false" id="10850392949532183294" type="default" keyType="default" value="0"/>
  </Criteria>
 </ResponseRule>
 <ResponseSet id="333529079830370484">
  <Response dialog="333529079830370483" id="333529079830370485" cooldown="0" weight="1" oneshot="0" completeConversation="0" targetId="0" targetType="1" speakerTrackMethod="3" targetTrackMethod="0" emotion="3152439162748318060"/>
 </ResponseSet>
 <ResponseSet id="333529079830370603">
  <Response dialog="333529079830370602" id="333529079830370604" cooldown="0" weight="1" oneshot="0" completeConversation="1" targetId="0" targetType="1" speakerTrackMethod="3" targetTrackMethod="0" emotion="3152439162748318060"/>
 </ResponseSet>
 <ResponseRule id="13680621263386370176" name="Plyr Finds Mikhaila -- Power Rebooted, Plyr Has Meds" cooldown="" oneshot="1" description="Player reaches Mikhaila where she&apos;s trapped. Player hasn&apos;t seen her in person yet, but already has her meds and has already rebooted the Power Plant." conversation="1" response="13680621263386370328" priority="1">
  <Criteria>
   <Criterion id="15659330456318451386" value="13680621263361472617" comparison="0" type="guid"/>
   <Criterion id="15659330456318451410" comparison="0" value="onUsed" fromResponse="0" type="default"/>
   <Criterion comparison="0" passIfMissing="false" id="15659330456318451477" type="guid" keyType="default" value="6732635291182789988"/>
   <Criterion comparison="0" passIfMissing="false" id="1753726108" keyType="gameToken"/>
   <Criterion comparison="0" passIfMissing="false" id="1781841433" keyType="gameToken" value="1"/>
   <Criterion comparison="0" passIfMissing="false" id="10739735956111935346" type="guid" keyType="default" value="6732635291182790112"/>
   <Criterion comparison="0" passIfMissing="false" id="496257776" keyType="gameToken" value="1"/>
   <Criterion comparison="0" passIfMissing="false" id="333529079830370034" keyType="conversation"/>
   <Criterion comparison="5" passIfMissing="true" id="13680621263398623296" type="default" keyType="writeback" value="1"/>
  </Criteria>
  <Writeback>
   <Fact id="13680621263398623296" value="1" time="0"/>
  </Writeback>
 </ResponseRule>
 <ResponseRule id="13680621263386371517" name="Plyr Finds Mikhaila -- Power Rebooted, No Meds" cooldown="" oneshot="1" description="Player reaches Mikhaila where she&apos;s trapped. Player hasn&apos;t seen her in person yet, but has already rebooted the Power Plant. Player does not have her medications." conversation="1" response="13680621263386371595" priority="1">
  <Criteria>
   <Criterion id="15659330456318451386" value="13680621263361472617" comparison="0" type="guid"/>
   <Criterion id="15659330456318451410" comparison="0" value="onUsed" fromResponse="0" type="default"/>
   <Criterion comparison="0" passIfMissing="false" id="15659330456318451477" type="guid" keyType="default" value="6732635291182789988"/>
   <Criterion comparison="0" passIfMissing="false" id="1753726108" keyType="gameToken"/>
   <Criterion comparison="0" passIfMissing="false" id="1781841433" keyType="gameToken" value="1"/>
   <Criterion comparison="0" passIfMissing="false" id="10739735956111935346" type="guid" keyType="default" value="6732635291182790112"/>
   <Criterion comparison="0" passIfMissing="false" id="496257776" keyType="gameToken" value="0"/>
   <Criterion comparison="0" passIfMissing="false" id="333529079830370034" keyType="conversation"/>
   <Criterion comparison="5" passIfMissing="true" id="13680621263398623296" type="default" keyType="writeback" value="1"/>
   <Criterion comparison="0" passIfMissing="false" id="10850392949532183294" type="default" keyType="default" value="0"/>
  </Criteria>
  <Writeback>
   <Fact id="13680621263398623296" value="1" time="0"/>
  </Writeback>
 </ResponseRule>
 <ResponseRule id="333529079830370646" name="Mikhaila Followup Comments -- Sec Chief?" cooldown="" oneshot="1" description="Mikhaila wonder about the fate of the sec chief. She&apos;d only play this line because the player either killed the sec chief or she perished in a fight w/ the aliens." conversation="1" response="333529079830370875" priority="3">
  <Criteria>
   <Criterion id="15659330456318451386" value="13680621263361472617" comparison="0" type="guid"/>
   <Criterion id="15659330456318451410" comparison="0" value="onUsed" fromResponse="0" type="default"/>
   <Criterion comparison="0" passIfMissing="false" id="15659330456318451477" type="guid" keyType="default" value="6732635291182789988"/>
   <Criterion comparison="0" passIfMissing="false" id="333529079830370034" keyType="conversation" value="3"/>
   <Criterion comparison="0" passIfMissing="false" id="845010755" keyType="gameToken"/>
   <Criterion comparison="0" passIfMissing="false" id="10739735956111935346" type="guid" keyType="default" value="6732635291182790112"/>
  </Criteria>
 </ResponseRule>
 <ResponseSet id="333529079830370875">
  <Response dialog="333529079830370874" id="333529079830370876" cooldown="0" weight="1" oneshot="0" completeConversation="1" targetId="0" targetType="1" speakerTrackMethod="3" targetTrackMethod="0" emotion="15659330456346424008"/>
 </ResponseSet>
 <ResponseRule id="333529079830371537" name="" cooldown="" response="333529079830371538">
  <Criteria>
   <Criterion id="15659330456318451386" value="13680621263361472617" comparison="0" type="guid"/>
   <Criterion id="15659330456318451410" comparison="0" value="333529079830370485" fromResponse="1" type="guid"/>
   <Criterion id="15659330456318451477" value="6732635291182789988" comparison="0" type="guid"/>
  </Criteria>
 </ResponseRule>
 <ResponseSet id="333529079830371538">
  <Response dialog="333529079830371536" id="333529079830371539" cooldown="0" weight="1" oneshot="0" completeConversation="0" targetId="0" targetType="1" speakerTrackMethod="3" targetTrackMethod="0" emotion="3152439162748317787"/>
 </ResponseSet>
 <ResponseRule id="333529079830371556" name="" cooldown="" response="333529079830371557">
  <Criteria>
   <Criterion id="15659330456318451386" value="13680621263361472617" comparison="0" type="guid"/>
   <Criterion id="15659330456318451410" comparison="0" value="333529079830371539" fromResponse="1" type="guid"/>
   <Criterion id="15659330456318451477" value="6732635291182789988" comparison="0" type="guid"/>
  </Criteria>
 </ResponseRule>
 <ResponseSet id="333529079830371557">
  <Response dialog="333529079830371555" id="333529079830371558" cooldown="0" weight="1" oneshot="0" completeConversation="0" delay="1.5" targetId="0" targetType="1" speakerTrackMethod="3" targetTrackMethod="0" emotion="3152439162748318053"/>
 </ResponseSet>
 <ResponseRule id="333529079830371570" name="" cooldown="" response="333529079830371571">
  <Criteria>
   <Criterion id="15659330456318451386" value="13680621263361472617" comparison="0" type="guid"/>
   <Criterion id="15659330456318451410" comparison="0" value="333529079830371558" fromResponse="1" type="guid"/>
   <Criterion id="15659330456318451477" value="6732635291182789988" comparison="0" type="guid"/>
  </Criteria>
 </ResponseRule>
 <ResponseSet id="333529079830371571">
  <Response dialog="333529079830371569" id="333529079830371572" cooldown="0" weight="1" oneshot="0" completeConversation="0" targetId="0" targetType="1" speakerTrackMethod="3" targetTrackMethod="0" emotion="3152439162748317787"/>
 </ResponseSet>
 <ResponseRule id="333529079830371588" name="" cooldown="" response="333529079830371589">
  <Criteria>
   <Criterion id="15659330456318451386" value="13680621263361472617" comparison="0" type="guid"/>
   <Criterion id="15659330456318451410" comparison="0" value="333529079830371572" fromResponse="1" type="guid"/>
   <Criterion id="15659330456318451477" value="6732635291182789988" comparison="0" type="guid"/>
  </Criteria>
 </ResponseRule>
 <ResponseSet id="333529079830371589">
  <Response dialog="333529079830371587" id="333529079830371590" cooldown="0" weight="1" oneshot="0" completeConversation="0" targetId="0" targetType="1" speakerTrackMethod="3" targetTrackMethod="0" emotion="3152439162748317994"/>
 </ResponseSet>
 <ResponseRule id="333529079830371649" name="" cooldown="" response="333529079830371772">
  <Criteria>
   <Criterion id="15659330456318451386" value="13680621263361472617" comparison="0" type="guid"/>
   <Criterion id="15659330456318451410" comparison="0" value="333529079830371590" fromResponse="1" type="guid"/>
   <Criterion comparison="0" passIfMissing="false" id="1781841433" keyType="gameToken" value="0"/>
   <Criterion comparison="0" passIfMissing="false" id="15659330456318451477" type="guid" keyType="default" value="6732635291182789988"/>
  </Criteria>
 </ResponseRule>
 <ResponseSet id="333529079830371772">
  <Response dialog="333529079830371771" id="333529079830371773" cooldown="0" weight="1" oneshot="0" completeConversation="0" targetId="0" targetType="1" speakerTrackMethod="3" targetTrackMethod="0" emotion="15659330456346423977"/>
 </ResponseSet>
 <ResponseRule id="333529079830371812" name="" cooldown="" response="333529079830371813">
  <Criteria>
   <Criterion id="15659330456318451386" value="13680621263361472617" comparison="0" type="guid"/>
   <Criterion id="15659330456318451410" comparison="0" value="333529079830371773" fromResponse="1" type="guid"/>
   <Criterion id="15659330456318451477" value="6732635291182789988" comparison="0" type="guid"/>
  </Criteria>
 </ResponseRule>
 <ResponseSet id="333529079830371813">
  <Response dialog="333529079830371811" id="333529079830371814" cooldown="0" weight="1" oneshot="0" completeConversation="0" targetId="0" targetType="1" speakerTrackMethod="3" targetTrackMethod="0" emotion="15659330456346423977"/>
 </ResponseSet>
 <ResponseRule id="333529079830371912" name="" cooldown="" response="333529079830371913">
  <Criteria>
   <Criterion id="15659330456318451386" value="13680621263361472617" comparison="0" type="guid"/>
   <Criterion id="15659330456318451410" comparison="0" value="333529079830371814" fromResponse="1" type="guid"/>
   <Criterion id="15659330456318451477" value="6732635291182789988" comparison="0" type="guid"/>
  </Criteria>
 </ResponseRule>
 <ResponseSet id="333529079830371913">
  <Response dialog="333529079830371911" id="333529079830371914" cooldown="0" weight="1" oneshot="0" completeConversation="0" targetId="0" targetType="1" speakerTrackMethod="3" targetTrackMethod="0" emotion="3152439162748318087"/>
 </ResponseSet>
 <ResponseRule id="333529079830372148" name="Mikhaila ClickMe Comments -- Pre Medicine 1" cooldown="15" oneshot="1" description="Mikhaila comments before player has returned w/ meds for her." conversation="0" response="333529079830372964" priority="3">
  <Criteria>
   <Criterion id="15659330456318451386" value="13680621263361472617" comparison="0" type="guid"/>
   <Criterion id="15659330456318451410" comparison="0" value="onUsed" fromResponse="0" type="default"/>
   <Criterion comparison="0" passIfMissing="false" id="15659330456318451477" type="guid" keyType="default" value="6732635291182789988"/>
   <Criterion comparison="0" passIfMissing="false" id="10739735956111935346" type="guid" keyType="default" value="6732635291182790112"/>
   <Criterion comparison="0" passIfMissing="false" id="13680621263398623296" type="default" keyType="writeback" value="1"/>
   <Criterion comparison="0" passIfMissing="false" id="1781841433" keyType="gameToken"/>
   <Criterion comparison="0" passIfMissing="false" id="1753726108" keyType="gameToken"/>
   <Criterion comparison="0" passIfMissing="false" id="496257776" keyType="gameToken"/>
  </Criteria>
  <Writeback>
   <Fact id="333529079830372903" value="2" time="0"/>
  </Writeback>
 </ResponseRule>
 <ResponseSet id="333529079830372964">
  <Response dialog="333529079830372963" id="333529079830372965" cooldown="0" weight="1" oneshot="0" completeConversation="0" targetId="0" targetType="1" speakerTrackMethod="3" targetTrackMethod="0" emotion="3152439162748317984"/>
 </ResponseSet>
 <ResponseRule id="333529079830372966" name="Mikhaila ClickMe Comments -- Pre Medicine 2" cooldown="15" oneshot="1" description="Mikhaila comments before player has returned w/ meds for her." conversation="0" response="333529079830373046" priority="3">
  <Criteria>
   <Criterion id="15659330456318451386" value="13680621263361472617" comparison="0" type="guid"/>
   <Criterion id="15659330456318451410" comparison="0" value="onUsed" fromResponse="0" type="default"/>
   <Criterion comparison="0" passIfMissing="false" id="15659330456318451477" type="guid" keyType="default" value="6732635291182789988"/>
   <Criterion comparison="0" passIfMissing="false" id="333529079830372903" type="default" keyType="writeback" value="2"/>
   <Criterion comparison="0" passIfMissing="false" id="10739735956111935346" type="guid" keyType="default" value="6732635291182790112"/>
   <Criterion comparison="0" passIfMissing="false" id="13680621263398623296" type="default" keyType="writeback" value="1"/>
   <Criterion comparison="0" passIfMissing="false" id="1781841433" keyType="gameToken"/>
  </Criteria>
  <Writeback>
   <Fact id="333529079830372903" value="3" time="0"/>
  </Writeback>
 </ResponseRule>
 <ResponseSet id="333529079830373046">
  <Response dialog="333529079830373045" id="333529079830373047" cooldown="0" weight="1" oneshot="0" completeConversation="1" emotion="3152439162748318066" targetId="0" targetType="1" speakerTrackMethod="3" targetTrackMethod="0"/>
 </ResponseSet>
 <ResponseRule id="333529079830373057" name="Mikhaila ClickMe Comments -- Pre Medicine 3" cooldown="15" oneshot="1" description="Mikhaila comments before player has returned w/ meds for her." conversation="0" response="333529079830373081" priority="3">
  <Criteria>
   <Criterion id="15659330456318451386" value="13680621263361472617" comparison="0" type="guid"/>
   <Criterion id="15659330456318451410" comparison="0" value="onUsed" fromResponse="0" type="default"/>
   <Criterion comparison="0" passIfMissing="false" id="15659330456318451477" type="guid" keyType="default" value="6732635291182789988"/>
   <Criterion comparison="0" passIfMissing="false" id="333529079830372903" type="default" keyType="writeback" value="3"/>
   <Criterion comparison="0" passIfMissing="false" id="10739735956111935346" type="guid" keyType="default" value="6732635291182790112"/>
   <Criterion comparison="0" passIfMissing="false" id="13680621263398623296" type="default" keyType="writeback" value="1"/>
   <Criterion comparison="0" passIfMissing="false" id="1781841433" keyType="gameToken"/>
  </Criteria>
  <Writeback>
   <Fact id="333529079830372903" value="4" time="0"/>
  </Writeback>
 </ResponseRule>
 <ResponseSet id="333529079830373081">
  <Response dialog="333529079830373080" id="333529079830373082" cooldown="0" weight="1" oneshot="0" completeConversation="1" emotion="15659330456346423977" targetId="0" targetType="1" speakerTrackMethod="3" targetTrackMethod="0"/>
 </ResponseSet>
 <ResponseRule id="333529079830373090" name="Mikhaila ClickMe Comments -- Pre Medicine 4" cooldown="15" oneshot="1" description="Mikhaila comments before player has returned w/ meds for her." conversation="0" response="333529079830373114" priority="3">
  <Criteria>
   <Criterion id="15659330456318451386" value="13680621263361472617" comparison="0" type="guid"/>
   <Criterion id="15659330456318451410" comparison="0" value="onUsed" fromResponse="0" type="default"/>
   <Criterion comparison="0" passIfMissing="false" id="15659330456318451477" type="guid" keyType="default" value="6732635291182789988"/>
   <Criterion comparison="0" passIfMissing="false" id="333529079830372903" type="default" keyType="writeback" value="4"/>
   <Criterion comparison="0" passIfMissing="false" id="10739735956111935346" type="guid" keyType="default" value="6732635291182790112"/>
   <Criterion comparison="0" passIfMissing="false" id="13680621263398623296" type="default" keyType="writeback" value="1"/>
   <Criterion comparison="0" passIfMissing="false" id="1781841433" keyType="gameToken"/>
  </Criteria>
  <Writeback>
   <Fact id="333529079830372903" value="5" time="0"/>
  </Writeback>
 </ResponseRule>
 <ResponseSet id="333529079830373114">
  <Response dialog="333529079830373113" id="333529079830373115" cooldown="0" weight="1" oneshot="0" completeConversation="1" emotion="3152439162748318087" targetId="0" targetType="1" speakerTrackMethod="3" targetTrackMethod="0"/>
 </ResponseSet>
 <ResponseRule id="333529079830373171" name="Mikhaila Loiter Comments -- Pre Medicine, General" cooldown="20" oneshot="0" description="Mikhaila comments before player has returned w/ meds for her." conversation="0" response="333529079830373261" priority="3">
  <Criteria>
   <Criterion id="15659330456318451386" value="13680621263361472617" comparison="0" type="guid"/>
   <Criterion id="15659330456318451410" comparison="0" value="onPlayerLoiter" fromResponse="0" type="default"/>
   <Criterion comparison="0" passIfMissing="false" id="15659330456318451477" type="guid" keyType="default" value="6732635291182789988"/>
   <Criterion comparison="0" passIfMissing="false" id="10739735956111935346" type="guid" keyType="default" value="6732635291182790112"/>
   <Criterion comparison="0" passIfMissing="false" id="1753726108" keyType="gameToken"/>
  </Criteria>
  <Writeback/>
 </ResponseRule>
 <ResponseSet id="333529079830373261">
  <Response dialog="333529079830373284" id="333529079830373285" cooldown="0" weight="1" oneshot="0" completeConversation="1" emotion="3152439162748318046"/>
  <Response dialog="333529079830373307" id="333529079830373308" cooldown="0" weight="1" oneshot="0" completeConversation="1" emotion="3152439162748318087"/>
  <Response dialog="333529079830373341" id="333529079830373342" cooldown="0" weight="2" oneshot="true" completeConversation="0" emotion="3152439162748318087"/>
  <Response dialog="333529079830373364" id="333529079830373365" cooldown="0" weight="1" oneshot="0" completeConversation="1" emotion="15659330456346424000"/>
  <Response dialog="13680621263384532657" id="13680621263384532658" cooldown="0" weight="1" oneshot="0" completeConversation="1" delay="0" emotion="15659330456346424000"/>
  <Response dialog="14538910657199564410" id="13680621263410665334" cooldown="0" weight="1" oneshot="true" completeConversation="1" delay="0" cutoff="0" emotion="3152439162748318087" targetId="0" targetType="1" speakerTrackMethod="3" targetTrackMethod="0"/>
 </ResponseSet>
 <ResponseRule id="333529079830373453" name="Mikhaila Sees Plyr -- Plyr Has Meds" cooldown="" oneshot="1" description="Player reaches Mikhaila. This time plyr has meds." conversation="1" response="333529079830373561">
  <Criteria>
   <Criterion id="15659330456318451386" value="13680621263361472617" comparison="0" type="guid"/>
   <Criterion id="15659330456318451410" comparison="0" value="onPlayerApproach" fromResponse="0" type="default"/>
   <Criterion comparison="0" passIfMissing="false" id="15659330456318451477" type="guid" keyType="default" value="6732635291182789988"/>
   <Criterion comparison="0" passIfMissing="false" id="496257776" keyType="gameToken" value="1"/>
   <Criterion comparison="0" passIfMissing="false" id="1753726108" keyType="gameToken"/>
   <Criterion comparison="0" passIfMissing="false" id="10739735956111935346" type="guid" keyType="default" value="6732635291182790112"/>
   <Criterion comparison="0" passIfMissing="false" id="575336119" keyType="gameToken" value="1"/>
   <Criterion comparison="5" passIfMissing="false" id="13680621263386370176" keyType="conversation"/>
   <Criterion comparison="0" passIfMissing="false" id="10850392949532183301" type="default" keyType="default" value=""/>
  </Criteria>
 </ResponseRule>
 <ResponseSet id="333529079830373561">
  <Response dialog="333529079830373560" id="333529079830373562" cooldown="0" weight="1" oneshot="0" completeConversation="1" emotion="3152439162748318060" targetId="0" targetType="1" speakerTrackMethod="3" targetTrackMethod="0"/>
 </ResponseSet>
 <ResponseRule id="333529079830373811" name="Player Gives Mikhaila Her Meds" cooldown="" oneshot="1" description="Player gives Mikhaila her booster shots to deal with her Paraplexia condition. " conversation="1" response="333529079830373900" priority="2" trackView="1">
  <Criteria>
   <Criterion id="15659330456318451386" value="13680621263361472617" comparison="0" type="guid"/>
   <Criterion id="15659330456318451410" comparison="0" value="onConversationTrigger" fromResponse="0" type="default"/>
   <Criterion comparison="0" passIfMissing="false" id="15659330456318451477" type="guid" keyType="default" value="6732635291182789988"/>
   <Criterion comparison="0" passIfMissing="false" id="496257776" keyType="gameToken" value="1"/>
   <Criterion comparison="0" passIfMissing="false" id="1753726108" keyType="gameToken"/>
   <Criterion comparison="0" passIfMissing="false" id="10739735956111935346" type="guid" keyType="default" value="6732635291182790112"/>
   <Criterion comparison="0" passIfMissing="false" id="13680621263398623296" type="default" keyType="writeback" value="1"/>
  </Criteria>
 </ResponseRule>
 <ResponseRule id="333529079830374896" name="Plyr Returns to Mik, Power Rebooted, No Meds" cooldown="" oneshot="1" description="Player reaches Mikhaila where she&apos;s trapped. Player hasn&apos;t seen her in person yet, but has already rebooted the station. Player does not have her meds." conversation="1" response="333529079830374966">
  <Criteria>
   <Criterion id="15659330456318451386" value="13680621263361472617" comparison="0" type="guid"/>
   <Criterion id="15659330456318451410" comparison="0" value="onUsed" fromResponse="0" type="default"/>
   <Criterion comparison="0" passIfMissing="false" id="15659330456318451477" type="guid" keyType="default" value="6732635291182789988"/>
   <Criterion comparison="0" passIfMissing="false" id="1753726108" keyType="gameToken"/>
   <Criterion comparison="0" passIfMissing="false" id="1781841433" keyType="gameToken" value="1"/>
   <Criterion comparison="0" passIfMissing="false" id="10739735956111935346" type="guid" keyType="default" value="6732635291182790112"/>
   <Criterion comparison="0" passIfMissing="false" id="13680621263398623296" type="default" keyType="writeback" value="1"/>
  </Criteria>
 </ResponseRule>
 <ResponseSet id="333529079830373900">
  <Response dialog="333529079830373899" id="333529079830373901" cooldown="0" weight="1" oneshot="0" completeConversation="0"/>
 </ResponseSet>
 <ResponseSet id="333529079830374609">
  <Response dialog="333529079830374608" id="333529079830374610" cooldown="0" weight="1" oneshot="0" completeConversation="0"/>
 </ResponseSet>
 <ResponseRule id="333529079830374634" name="" cooldown="" response="333529079830374609" trackView="1">
  <Criteria>
   <Criterion id="15659330456318451386" value="13680621263361472617" comparison="0" type="guid"/>
   <Criterion id="15659330456318451410" comparison="0" value="333529079830373901" fromResponse="1" type="guid"/>
   <Criterion id="15659330456318451477" value="6732635291182789988" comparison="0" type="guid"/>
  </Criteria>
 </ResponseRule>
 <ResponseRule id="333529079830374677" name="" cooldown="" response="333529079830374678" trackView="1">
  <Criteria>
   <Criterion id="15659330456318451386" value="13680621263361472617" comparison="0" type="guid"/>
   <Criterion id="15659330456318451410" comparison="0" value="333529079830374610" fromResponse="1" type="guid"/>
   <Criterion id="15659330456318451477" value="6732635291182789988" comparison="0" type="guid"/>
   <Criterion comparison="0" passIfMissing="false" id="1781841433" keyType="gameToken"/>
  </Criteria>
 </ResponseRule>
 <ResponseSet id="333529079830374678">
  <Response dialog="333529079830374676" id="333529079830374679" cooldown="0" weight="1" oneshot="0" completeConversation="0"/>
 </ResponseSet>
 <ResponseSet id="333529079830374827">
  <Response dialog="333529079830374826" id="333529079830374828" cooldown="0" weight="1" oneshot="true" completeConversation="1" targetId="0" targetType="1" speakerTrackMethod="3" targetTrackMethod="0" emotion="3152439162748318010"/>
  <Response dialog="13680621263384486169" id="13680621263384486170" cooldown="0" weight="1" oneshot="true" completeConversation="1" delay="0" targetId="0" targetType="1" speakerTrackMethod="3" targetTrackMethod="0" emotion="3152439162748318081"/>
  <Response dialog="13680621263384486175" id="13680621263384486176" cooldown="0" weight="1" oneshot="true" completeConversation="1" delay="0" emotion="3152439162748318081" targetId="0" targetType="1" speakerTrackMethod="3" targetTrackMethod="0"/>
 </ResponseSet>
 <ResponseRule id="13680621263384486098" name="Plyr Returns to Mik, Power Rebooted, All Better" cooldown="" oneshot="1" description="Player reaches Mikhaila where she&apos;s trapped. Mikhaila can&apos;t move. Parts of her body (motor control) are shutting down as her condition worsens over time." conversation="1" response="13680621263384486300">
  <Criteria>
   <Criterion id="15659330456318451386" value="13680621263361472617" comparison="0" type="guid"/>
   <Criterion id="15659330456318451410" comparison="0" value="onUsed" fromResponse="0" type="default"/>
   <Criterion comparison="0" passIfMissing="false" id="15659330456318451477" type="guid" keyType="default" value="6732635291182789988"/>
   <Criterion comparison="0" passIfMissing="false" id="1753726108" keyType="gameToken" value="1"/>
   <Criterion comparison="0" passIfMissing="false" id="1781841433" keyType="gameToken" value="1"/>
   <Criterion comparison="0" passIfMissing="false" id="10739735956111935346" type="guid" keyType="default" value="6732635291182790112"/>
   <Criterion comparison="0" passIfMissing="false" id="13680621263398623296" type="default" keyType="writeback" value="1"/>
  </Criteria>
 </ResponseRule>
 <ResponseRule id="333529079830374749" name="I&apos;m Okay Now" cooldown="" oneshot="0" description="Player clicks Mikhaila. She&apos;s all better. (She&apos;ll show up in the player&apos;s office later)." conversation="1" response="333529079830374827">
  <Criteria>
   <Criterion id="15659330456318451386" value="13680621263361472617" comparison="0" type="guid"/>
   <Criterion id="15659330456318451410" comparison="0" value="onUsed" fromResponse="0" type="default"/>
   <Criterion comparison="0" passIfMissing="false" id="15659330456318451477" type="guid" keyType="default" value="6732635291182789988"/>
   <Criterion comparison="0" passIfMissing="false" id="1753726108" keyType="gameToken" value="1"/>
   <Criterion comparison="0" passIfMissing="false" id="10739735956111935346" type="guid" keyType="default" value="6732635291182790112"/>
  </Criteria>
 </ResponseRule>
 <ResponseRule id="13680621263384486497" name="Mikhaila: ClickMe Comments, Power Rebooted, All Better" cooldown="" oneshot="0" description="Follow-up lines after she&apos;s told the player she&apos;ll meet him back up in the office. " conversation="1" response="13680621263384535831">
  <Criteria>
   <Criterion id="15659330456318451386" value="13680621263361472617" comparison="0" type="guid"/>
   <Criterion id="15659330456318451410" comparison="0" value="onUsed" fromResponse="0" type="default"/>
   <Criterion comparison="0" passIfMissing="false" id="15659330456318451477" type="guid" keyType="default" value="6732635291182789988"/>
   <Criterion comparison="0" passIfMissing="false" id="1753726108" keyType="gameToken" value="1"/>
   <Criterion comparison="0" passIfMissing="false" id="1781841433" keyType="gameToken" value="1"/>
   <Criterion comparison="0" passIfMissing="false" id="10739735956111935346" type="guid" keyType="default" value="6732635291182790112"/>
  </Criteria>
 </ResponseRule>
 <ResponseRule id="13680621263384486533" name="Mikhaila: ClickMe Comments, Power Rebooted, No Meds" cooldown="" oneshot="0" description="Sad comments. Followup to congrats about the reactor, but she&apos;s still sick. Follow up comments. " conversation="1" response="13680621263384486687">
  <Criteria>
   <Criterion id="15659330456318451386" value="13680621263361472617" comparison="0" type="guid"/>
   <Criterion id="15659330456318451410" comparison="0" value="onUsed" fromResponse="0" type="default"/>
   <Criterion comparison="0" passIfMissing="false" id="15659330456318451477" type="guid" keyType="default" value="6732635291182789988"/>
   <Criterion comparison="0" passIfMissing="false" id="1753726108" keyType="gameToken"/>
   <Criterion comparison="0" passIfMissing="false" id="1781841433" keyType="gameToken" value="1"/>
   <Criterion comparison="0" passIfMissing="false" id="10739735956111935346" type="guid" keyType="default" value="6732635291182790112"/>
  </Criteria>
 </ResponseRule>
 <ResponseSet id="333529079830374966">
  <Response dialog="333529079830374965" id="333529079830374967" cooldown="0" weight="1" oneshot="0" completeConversation="0" emotion="3152439162748317787" targetId="0" targetType="1" speakerTrackMethod="3" targetTrackMethod="0"/>
 </ResponseSet>
 <ResponseRule id="13680621263366578375" name="Hydrogen Leak -- Conversation Trigger" cooldown="" oneshot="1" description="Mikhaila warns player about hydrogen leak in the coolant chamber." conversation="1" response="13680621263366578889">
  <Criteria>
   <Criterion id="15659330456318451386" value="13680621263361472617" comparison="0" type="guid"/>
   <Criterion id="15659330456318451410" comparison="0" value="onConversationTrigger" fromResponse="0" type="default"/>
   <Criterion comparison="0" passIfMissing="false" id="15659330456318451477" type="guid" keyType="default" value="6732635291182789988"/>
   <Criterion comparison="0" passIfMissing="false" id="10739735956111935346" type="guid" keyType="default" value="6732635291182790112"/>
  </Criteria>
 </ResponseRule>
 <ResponseSet id="13680621263366578889">
  <Response dialog="13680621263366577456" id="13680621263366578890" cooldown="0" weight="1" oneshot="0" completeConversation="0" emotion="3152439162748318087" targetId="0" targetType="1" speakerTrackMethod="3" targetTrackMethod="0"/>
 </ResponseSet>
 <ResponseRule id="13680621263366578904" name="" cooldown="" response="13680621263366578905">
  <Criteria>
   <Criterion id="15659330456318451386" value="13680621263361472617" comparison="0" type="guid"/>
   <Criterion id="15659330456318451410" comparison="0" value="13680621263366578890" fromResponse="1" type="guid"/>
   <Criterion id="15659330456318451477" value="6732635291182789988" comparison="0" type="guid"/>
  </Criteria>
 </ResponseRule>
 <ResponseSet id="13680621263366578905">
  <Response dialog="13680621263366577897" id="13680621263366578906" cooldown="0" weight="1" oneshot="0" completeConversation="0" emotion="3152439162748318087" targetId="0" targetType="1" speakerTrackMethod="3" targetTrackMethod="0"/>
 </ResponseSet>
 <ResponseRule id="13680621263366578941" name="" cooldown="" response="13680621263366578942">
  <Criteria>
   <Criterion id="15659330456318451386" value="13680621263361472617" comparison="0" type="guid"/>
   <Criterion id="15659330456318451410" comparison="0" value="13680621263366578906" fromResponse="1" type="guid"/>
   <Criterion id="15659330456318451477" value="6732635291182789988" comparison="0" type="guid"/>
  </Criteria>
 </ResponseRule>
 <ResponseSet id="13680621263366578942">
  <Response dialog="13680621263366577484" id="13680621263366578943" cooldown="0" weight="1" oneshot="0" completeConversation="1" targetId="0" targetType="1" speakerTrackMethod="3" targetTrackMethod="0" emotion="3152439162748318087"/>
 </ResponseSet>
 <ResponseSet id="13680621263384095225">
  <Response dialog="13680621263384095224" id="13680621263384095226" cooldown="0" weight="1" oneshot="0" completeConversation="0" delay="0"/>
 </ResponseSet>
 <ResponseRule id="13680621263384095240" name="" cooldown="" response="13680621263384095241">
  <Criteria>
   <Criterion id="15659330456318451386" value="13680621263361472617" comparison="0" type="guid"/>
   <Criterion id="15659330456318451410" comparison="0" value="13680621263384095226" fromResponse="1" type="guid"/>
   <Criterion id="15659330456318451477" value="6732635291182789988" comparison="0" type="guid"/>
  </Criteria>
 </ResponseRule>
 <ResponseSet id="13680621263384095241">
  <Response dialog="13680621263384095239" id="13680621263384095242" cooldown="0" weight="1" oneshot="0" completeConversation="0" delay="0"/>
 </ResponseSet>
 <ResponseRule id="13680621263384095255" name="" cooldown="" response="13680621263384095256">
  <Criteria>
   <Criterion id="15659330456318451386" value="13680621263361472617" comparison="0" type="guid"/>
   <Criterion id="15659330456318451410" comparison="0" value="13680621263384095242" fromResponse="1" type="guid"/>
   <Criterion id="15659330456318451477" value="6732635291182789988" comparison="0" type="guid"/>
  </Criteria>
 </ResponseRule>
 <ResponseSet id="13680621263384095256">
  <Response dialog="13680621263384095254" id="13680621263384095257" cooldown="0" weight="1" oneshot="0" completeConversation="0" delay="0"/>
 </ResponseSet>
 <ResponseRule id="13680621263384095265" name="" cooldown="" response="13680621263384095266">
  <Criteria>
   <Criterion id="15659330456318451386" value="13680621263361472617" comparison="0" type="guid"/>
   <Criterion id="15659330456318451410" comparison="0" value="13680621263384095257" fromResponse="1" type="guid"/>
   <Criterion id="15659330456318451477" value="6732635291182789988" comparison="0" type="guid"/>
  </Criteria>
 </ResponseRule>
 <ResponseSet id="13680621263384095266">
  <Response dialog="13680621263384095264" id="13680621263384095267" cooldown="0" weight="1" oneshot="0" completeConversation="1" delay="0"/>
 </ResponseSet>
 <ResponseSet id="13680621263384095722">
  <Response dialog="13680621263384095721" id="13680621263384095723" cooldown="0" weight="1" oneshot="0" completeConversation="0" delay="0"/>
 </ResponseSet>
 <ResponseRule id="13680621263384095744" name="" cooldown="" response="13680621263384095745">
  <Criteria>
   <Criterion id="15659330456318451386" value="13680621263361472617" comparison="0" type="guid"/>
   <Criterion id="15659330456318451410" comparison="0" value="13680621263384095723" fromResponse="1" type="guid"/>
   <Criterion id="15659330456318451477" value="6732635291182789988" comparison="0" type="guid"/>
  </Criteria>
 </ResponseRule>
 <ResponseSet id="13680621263384095745">
  <Response dialog="13680621263384095743" id="13680621263384095746" cooldown="0" weight="1" oneshot="0" completeConversation="0" delay="2"/>
 </ResponseSet>
 <ResponseRule id="13680621263384095795" name="" cooldown="" response="13680621263384095796">
  <Criteria>
   <Criterion id="15659330456318451386" value="13680621263361472472" comparison="0" type="guid"/>
   <Criterion id="15659330456318451410" comparison="0" value="13680621263384095746" fromResponse="1" type="guid"/>
   <Criterion comparison="0" passIfMissing="false" id="15659330456318451477" type="guid" keyType="default" value="4349723564897456793"/>
  </Criteria>
 </ResponseRule>
 <ResponseSet id="13680621263384095796">
  <Response dialog="13680621263384095794" id="13680621263384095797" cooldown="0" weight="1" oneshot="0" completeConversation="0" delay="0" targetType="2" targetId="6732635291182789988" speakerTrackMethod="1" targetTrackMethod="0"/>
 </ResponseSet>
 <ResponseRule id="13680621263384095926" name="" cooldown="" response="13680621263384095927">
  <Criteria>
   <Criterion id="15659330456318451386" value="13680621263365953228" comparison="0" type="guid"/>
   <Criterion id="15659330456318451410" comparison="0" value="13680621263384095797" fromResponse="1" type="guid"/>
   <Criterion comparison="0" passIfMissing="false" id="15659330456318451477" type="guid" keyType="default" value="4349723564907034854"/>
  </Criteria>
 </ResponseRule>
 <ResponseSet id="13680621263384095927">
  <Response dialog="13680621263384543080" id="13680621263384095928" cooldown="0" weight="1" oneshot="0" completeConversation="0" delay="0"/>
 </ResponseSet>
 <ResponseRule id="13680621263384095991" name="" cooldown="" response="13680621263384095992">
  <Criteria>
   <Criterion id="15659330456318451386" value="13680621263361472472" comparison="0" type="guid"/>
   <Criterion id="15659330456318451410" comparison="0" value="13680621263384095928" fromResponse="1" type="guid"/>
   <Criterion comparison="0" passIfMissing="false" id="15659330456318451477" type="guid" keyType="default" value="4349723564897456793"/>
  </Criteria>
 </ResponseRule>
 <ResponseSet id="13680621263384095992">
  <Response dialog="13680621263384095990" id="13680621263384095993" cooldown="0" weight="1" oneshot="0" completeConversation="0" delay="1" targetType="2" targetId="4349723564907034688" speakerTrackMethod="1" targetTrackMethod="0"/>
 </ResponseSet>
 <ResponseRule id="13680621263384096028" name="" cooldown="" response="13680621263384096029">
  <Criteria>
   <Criterion id="15659330456318451386" value="13680621263361472617" comparison="0" type="guid"/>
   <Criterion id="15659330456318451410" comparison="0" value="13680621263384095993" fromResponse="1" type="guid"/>
   <Criterion id="15659330456318451477" value="6732635291182789988" comparison="0" type="guid"/>
  </Criteria>
 </ResponseRule>
 <ResponseSet id="13680621263384096029">
  <Response dialog="13680621263384096027" id="13680621263384096030" cooldown="0" weight="1" oneshot="0" completeConversation="0" delay="0"/>
 </ResponseSet>
 <ResponseRule id="13680621263384096093" name="" cooldown="" response="13680621263384096094">
  <Criteria>
   <Criterion id="15659330456318451386" value="13680621263361472472" comparison="0" type="guid"/>
   <Criterion id="15659330456318451410" comparison="0" value="13680621263384096030" fromResponse="1" type="guid"/>
   <Criterion comparison="0" passIfMissing="false" id="15659330456318451477" type="guid" keyType="default" value="4349723564897456793"/>
  </Criteria>
 </ResponseRule>
 <ResponseSet id="13680621263384096094">
  <Response dialog="13680621263384096092" id="13680621263384096095" cooldown="0" weight="1" oneshot="0" completeConversation="0" delay="0" targetType="2" targetId="6732635291182789988" speakerTrackMethod="1" targetTrackMethod="0"/>
 </ResponseSet>
 <ResponseRule id="13680621263384096206" name="" cooldown="" response="13680621263384096207">
  <Criteria>
   <Criterion id="15659330456318451386" value="13680621263361472472" comparison="0" type="guid"/>
   <Criterion id="15659330456318451410" comparison="0" value="13680621263384096095" fromResponse="1" type="guid"/>
   <Criterion comparison="0" passIfMissing="false" id="15659330456318451477" type="guid" keyType="default" value="4349723564897456793"/>
  </Criteria>
 </ResponseRule>
 <ResponseSet id="13680621263384096207">
  <Response dialog="13680621263384096205" id="13680621263384096208" cooldown="0" weight="1" oneshot="0" completeConversation="0" delay="0" targetType="2" targetId="6732635291182789988" speakerTrackMethod="1" targetTrackMethod="0"/>
 </ResponseSet>
 <ResponseRule id="13680621263384096229" name="" cooldown="" response="13680621263384096230">
  <Criteria>
   <Criterion id="15659330456318451386" value="13680621263365953228" comparison="0" type="guid"/>
   <Criterion id="15659330456318451410" comparison="0" value="13680621263384096208" fromResponse="1" type="guid"/>
   <Criterion id="15659330456318451477" value="4349723564907034854" comparison="0" type="guid"/>
  </Criteria>
 </ResponseRule>
 <ResponseSet id="13680621263384096230">
  <Response dialog="13680621263384543145" id="13680621263384096231" cooldown="0" weight="1" oneshot="0" completeConversation="0" delay="0"/>
 </ResponseSet>
 <ResponseRule id="13680621263384096294" name="" cooldown="" response="13680621263384096295">
  <Criteria>
   <Criterion id="15659330456318451386" value="13680621263361472472" comparison="0" type="guid"/>
   <Criterion id="15659330456318451410" comparison="0" value="13680621263384096231" fromResponse="1" type="guid"/>
   <Criterion id="15659330456318451477" value="4349723564897456793" comparison="0" type="guid"/>
  </Criteria>
 </ResponseRule>
 <ResponseSet id="13680621263384096295">
  <Response dialog="13680621263384096293" id="13680621263384096296" cooldown="0" weight="1" oneshot="0" completeConversation="0" delay="0" targetType="2" targetId="4349723564907034688" speakerTrackMethod="1" targetTrackMethod="0"/>
 </ResponseSet>
 <ResponseRule id="13680621263384096478" name="" cooldown="" response="13680621263384096479">
  <Criteria>
   <Criterion id="15659330456318451386" value="13680621263361472472" comparison="0" type="guid"/>
   <Criterion id="15659330456318451410" comparison="0" value="13680621263384096296" fromResponse="1" type="guid"/>
   <Criterion id="15659330456318451477" value="4349723564897456793" comparison="0" type="guid"/>
  </Criteria>
 </ResponseRule>
 <ResponseSet id="13680621263384096479">
  <Response dialog="13680621263384096477" id="13680621263384096480" cooldown="0" weight="1" oneshot="0" completeConversation="0" delay="0" targetType="2" targetId="4349723564907034688" speakerTrackMethod="1" targetTrackMethod="0"/>
 </ResponseSet>
 <ResponseRule id="13680621263384096494" name="" cooldown="" response="13680621263384096495">
  <Criteria>
   <Criterion id="15659330456318451386" value="13680621263361472617" comparison="0" type="guid"/>
   <Criterion id="15659330456318451410" comparison="0" value="13680621263384096480" fromResponse="1" type="guid"/>
   <Criterion id="15659330456318451477" value="6732635291182789988" comparison="0" type="guid"/>
  </Criteria>
 </ResponseRule>
 <ResponseSet id="13680621263384096495">
  <Response dialog="13680621263384096493" id="13680621263384096496" cooldown="0" weight="1" oneshot="0" completeConversation="0" delay="0" targetType="2" targetId="4349723564897456793" speakerTrackMethod="1" targetTrackMethod="0"/>
 </ResponseSet>
 <ResponseRule id="13680621263384096594" name="" cooldown="" response="13680621263384096595">
  <Criteria>
   <Criterion id="15659330456318451386" value="13680621263361472617" comparison="0" type="guid"/>
   <Criterion id="15659330456318451410" comparison="0" value="13680621263384096496" fromResponse="1" type="guid"/>
   <Criterion id="15659330456318451477" value="6732635291182789988" comparison="0" type="guid"/>
  </Criteria>
 </ResponseRule>
 <ResponseSet id="13680621263384096595">
  <Response dialog="13680621263384096593" id="13680621263384096596" cooldown="0" weight="1" oneshot="0" completeConversation="0" delay="1.5" targetType="2" targetId="4349723564897456793" speakerTrackMethod="1" targetTrackMethod="0"/>
 </ResponseSet>
 <ResponseRule id="13680621263384096616" name="" cooldown="" response="13680621263384096617">
  <Criteria>
   <Criterion id="15659330456318451386" value="13680621263361472617" comparison="0" type="guid"/>
   <Criterion id="15659330456318451410" comparison="0" value="13680621263384096596" fromResponse="1" type="guid"/>
   <Criterion id="15659330456318451477" value="6732635291182789988" comparison="0" type="guid"/>
  </Criteria>
 </ResponseRule>
 <ResponseSet id="13680621263384096617">
  <Response dialog="13680621263384096615" id="13680621263384096618" cooldown="0" weight="1" oneshot="0" completeConversation="0" delay="2" targetType="2" targetId="4349723564897456793" speakerTrackMethod="1" targetTrackMethod="0"/>
 </ResponseSet>
 <ResponseRule id="13680621263384096655" name="" cooldown="" response="13680621263384096656">
  <Criteria>
   <Criterion id="15659330456318451386" value="13680621263361472472" comparison="0" type="guid"/>
   <Criterion id="15659330456318451410" comparison="0" value="13680621263384096618" fromResponse="1" type="guid"/>
   <Criterion id="15659330456318451477" value="4349723564897456793" comparison="0" type="guid"/>
  </Criteria>
 </ResponseRule>
 <ResponseSet id="13680621263384096656">
  <Response dialog="13680621263384096654" id="13680621263384096657" cooldown="0" weight="1" oneshot="0" completeConversation="0" delay="0" targetType="2" targetId="6732635291182789988" speakerTrackMethod="1" targetTrackMethod="0"/>
 </ResponseSet>
 <ResponseRule id="13680621263384096734" name="" cooldown="" response="13680621263384096735">
  <Criteria>
   <Criterion id="15659330456318451386" value="13680621263361472617" comparison="0" type="guid"/>
   <Criterion id="15659330456318451410" comparison="0" value="13680621263384096657" fromResponse="1" type="guid"/>
   <Criterion id="15659330456318451477" value="6732635291182789988" comparison="0" type="guid"/>
  </Criteria>
 </ResponseRule>
 <ResponseSet id="13680621263384096735">
  <Response dialog="13680621263384096733" id="13680621263384096736" cooldown="0" weight="1" oneshot="0" completeConversation="0" delay="0" targetType="2" targetId="4349723564897456793" speakerTrackMethod="1" targetTrackMethod="0"/>
 </ResponseSet>
 <ResponseRule id="13680621263384096772" name="" cooldown="" response="13680621263384096773">
  <Criteria>
   <Criterion id="15659330456318451386" value="13680621263361472472" comparison="0" type="guid"/>
   <Criterion id="15659330456318451410" comparison="0" value="13680621263384096736" fromResponse="1" type="guid"/>
   <Criterion id="15659330456318451477" value="4349723564897456793" comparison="0" type="guid"/>
  </Criteria>
 </ResponseRule>
 <ResponseSet id="13680621263384096773">
  <Response dialog="13680621263384096771" id="13680621263384096774" cooldown="0" weight="1" oneshot="0" completeConversation="1" delay="0" targetType="2" targetId="6732635291182789988" speakerTrackMethod="1" targetTrackMethod="0"/>
 </ResponseSet>
 <ResponseRule id="13680621263384460435" name="" cooldown="" response="13680621263384460703">
  <Criteria>
   <Criterion id="15659330456318451386" value="13680621263361472617" comparison="0" type="guid"/>
   <Criterion id="15659330456318451410" comparison="0" value="333529079830373342" fromResponse="1" type="guid"/>
   <Criterion comparison="0" passIfMissing="false" id="15659330456318451477" type="guid" keyType="default" value="6732635291182789988"/>
   <Criterion comparison="0" passIfMissing="false" id="1230984417" keyType="gameToken" value="1"/>
   <Criterion comparison="0" passIfMissing="false" id="1861551678" keyType="gameToken" value="1"/>
  </Criteria>
 </ResponseRule>
 <ResponseSet id="13680621263384460703">
  <Response dialog="13680621263384460702" id="13680621263384460704" cooldown="0" weight="1" oneshot="true" completeConversation="1" delay="0" emotion="3152439162748318087" targetId="0" targetType="1" speakerTrackMethod="3" targetTrackMethod="0"/>
 </ResponseSet>
 <ResponseRule id="13680621263384483413" name="" cooldown="" response="13680621263384483414">
  <Criteria>
   <Criterion id="15659330456318451386" value="13680621263361472617" comparison="0" type="guid"/>
   <Criterion id="15659330456318451410" comparison="0" value="333529079830371914" fromResponse="1" type="guid"/>
   <Criterion id="15659330456318451477" value="6732635291182789988" comparison="0" type="guid"/>
  </Criteria>
 </ResponseRule>
 <ResponseSet id="13680621263384483414">
  <Response dialog="13680621263384483412" id="13680621263384483415" cooldown="0" weight="1" oneshot="0" completeConversation="1" delay="0" targetId="0" targetType="1" speakerTrackMethod="3" targetTrackMethod="0" emotion="15659330456346423977"/>
 </ResponseSet>
 <ResponseRule id="13680621263384484118" name="" cooldown="" response="13680621263384484119" trackView="1">
  <Criteria>
   <Criterion id="15659330456318451386" value="13680621263361472617" comparison="0" type="guid"/>
   <Criterion id="15659330456318451410" comparison="0" value="333529079830374679" fromResponse="1" type="guid"/>
   <Criterion id="15659330456318451477" value="6732635291182789988" comparison="0" type="guid"/>
  </Criteria>
 </ResponseRule>
 <ResponseSet id="13680621263384484119">
  <Response dialog="13680621263384484117" id="13680621263384484120" cooldown="0" weight="1" oneshot="0" completeConversation="0" delay="0"/>
 </ResponseSet>
 <ResponseRule id="13680621263384485781" name="" cooldown="" response="13680621263384485782" trackView="1">
  <Criteria>
   <Criterion id="15659330456318451386" value="13680621263361472617" comparison="0" type="guid"/>
   <Criterion id="15659330456318451410" comparison="0" value="13680621263384484120" fromResponse="1" type="guid"/>
   <Criterion id="15659330456318451477" value="6732635291182789988" comparison="0" type="guid"/>
  </Criteria>
 </ResponseRule>
 <ResponseSet id="13680621263384485782">
  <Response dialog="13680621263384485780" id="13680621263384485783" cooldown="0" weight="1" oneshot="0" completeConversation="0" delay="0"/>
 </ResponseSet>
 <ResponseRule id="13680621263384485819" name="" cooldown="" response="13680621263384485820" trackView="1">
  <Criteria>
   <Criterion id="15659330456318451386" value="13680621263361472617" comparison="0" type="guid"/>
   <Criterion id="15659330456318451410" comparison="0" value="13680621263384485783" fromResponse="1" type="guid"/>
   <Criterion id="15659330456318451477" value="6732635291182789988" comparison="0" type="guid"/>
  </Criteria>
 </ResponseRule>
 <ResponseSet id="13680621263384485820">
  <Response dialog="13680621263384485818" id="13680621263384485821" cooldown="0" weight="1" oneshot="0" completeConversation="0" delay="0"/>
 </ResponseSet>
 <ResponseRule id="13680621263384485845" name="" cooldown="" response="13680621263384485846" trackView="1">
  <Criteria>
   <Criterion id="15659330456318451386" value="13680621263361472617" comparison="0" type="guid"/>
   <Criterion id="15659330456318451410" comparison="0" value="13680621263384485821" fromResponse="1" type="guid"/>
   <Criterion id="15659330456318451477" value="6732635291182789988" comparison="0" type="guid"/>
  </Criteria>
 </ResponseRule>
 <ResponseSet id="13680621263384485846">
  <Response dialog="13680621263384485844" id="13680621263384485847" cooldown="0" weight="1" oneshot="0" completeConversation="0" delay="0"/>
 </ResponseSet>
 <ResponseRule id="13680621263384485869" name="" cooldown="" response="13680621263384485870" trackView="1">
  <Criteria>
   <Criterion id="15659330456318451386" value="13680621263361472617" comparison="0" type="guid"/>
   <Criterion id="15659330456318451410" comparison="0" value="13680621263384485847" fromResponse="1" type="guid"/>
   <Criterion id="15659330456318451477" value="6732635291182789988" comparison="0" type="guid"/>
  </Criteria>
 </ResponseRule>
 <ResponseSet id="13680621263384485870">
  <Response dialog="13680621263384485868" id="13680621263384485871" cooldown="0" weight="1" oneshot="0" completeConversation="0" delay="0" targetId="0" targetType="1" speakerTrackMethod="3" targetTrackMethod="0"/>
 </ResponseSet>
 <ResponseSet id="13680621263384486300">
  <Response dialog="13680621263384486299" id="13680621263384486301" cooldown="0" weight="1" oneshot="true" completeConversation="0" delay="0" emotion="3152439162748318081"/>
 </ResponseSet>
 <ResponseRule id="13680621263384486314" name="" cooldown="" response="13680621263384486315">
  <Criteria>
   <Criterion id="15659330456318451386" value="13680621263361472617" comparison="0" type="guid"/>
   <Criterion id="15659330456318451410" comparison="0" value="13680621263384486301" fromResponse="1" type="guid"/>
   <Criterion id="15659330456318451477" value="6732635291182789988" comparison="0" type="guid"/>
  </Criteria>
 </ResponseRule>
 <ResponseSet id="13680621263384486315">
  <Response dialog="13680621263384486313" id="13680621263384486316" cooldown="0" weight="1" oneshot="0" completeConversation="0" delay="0" emotion="15659330456346423977"/>
 </ResponseSet>
 <ResponseRule id="13680621263384486336" name="" cooldown="" response="13680621263384486337">
  <Criteria>
   <Criterion id="15659330456318451386" value="13680621263361472617" comparison="0" type="guid"/>
   <Criterion id="15659330456318451410" comparison="0" value="13680621263384486316" fromResponse="1" type="guid"/>
   <Criterion id="15659330456318451477" value="6732635291182789988" comparison="0" type="guid"/>
  </Criteria>
 </ResponseRule>
 <ResponseSet id="13680621263384486337">
  <Response dialog="13680621263384486335" id="13680621263384486338" cooldown="0" weight="1" oneshot="0" completeConversation="1" delay="0" emotion="15659330456346423989"/>
 </ResponseSet>
 <ResponseRule id="13680621263384095639" name="MikhailaPA: Mik and Sara. Get to Safety." cooldown="" oneshot="1" description="Broadcast in an empty stretch (space) or navigating corridors, etc., etc., but needs to be before the Cargo Bay. Foreshadows Mik and Sara and situation in Cargo." conversation="1" response="13680621263384095722">
  <Criteria>
   <Criterion id="15659330456318451386" value="13680621263361472617" comparison="0" type="guid"/>
   <Criterion id="15659330456318451410" comparison="0" value="onAnnouncementTrigger" fromResponse="0" type="default"/>
   <Criterion comparison="0" passIfMissing="false" id="15659330456318451477" type="guid" keyType="default" value="6732635291182789988"/>
  </Criteria>
 </ResponseRule>
 <ResponseRule id="13680621263384094721" name="MikhailaPA: Help in The Power Plant" cooldown="" oneshot="1" description="Before Mikhaila is physically disabled, she tries a station-wide broadcast call for help." conversation="1" response="13680621263384095225">
  <Criteria>
   <Criterion id="15659330456318451386" value="13680621263361472617" comparison="0" type="guid"/>
   <Criterion id="15659330456318451410" comparison="0" value="onAnnouncementTrigger" fromResponse="0" type="default"/>
   <Criterion comparison="0" passIfMissing="false" id="15659330456318451477" type="guid" keyType="default" value="6732635291182789988"/>
  </Criteria>
 </ResponseRule>
 <ResponseRule id="13680621263384486629" name="" cooldown="" response="13680621263384486630">
  <Criteria>
   <Criterion id="15659330456318451386" value="13680621263361472617" comparison="0" type="guid"/>
   <Criterion id="15659330456318451410" comparison="0" value="333529079830374967" fromResponse="1" type="guid"/>
   <Criterion id="15659330456318451477" value="6732635291182789988" comparison="0" type="guid"/>
  </Criteria>
 </ResponseRule>
 <ResponseSet id="13680621263384486630">
  <Response dialog="13680621263384486628" id="13680621263384486631" cooldown="0" weight="1" oneshot="0" completeConversation="0" delay="0" emotion="15659330456346423977" targetId="0" targetType="1" speakerTrackMethod="3" targetTrackMethod="0"/>
 </ResponseSet>
 <ResponseRule id="13680621263384486643" name="" cooldown="" response="13680621263384486644">
  <Criteria>
   <Criterion id="15659330456318451386" value="13680621263361472617" comparison="0" type="guid"/>
   <Criterion id="15659330456318451410" comparison="0" value="13680621263384486631" fromResponse="1" type="guid"/>
   <Criterion id="15659330456318451477" value="6732635291182789988" comparison="0" type="guid"/>
  </Criteria>
 </ResponseRule>
 <ResponseSet id="13680621263384486644">
  <Response dialog="13680621263384486642" id="13680621263384486645" cooldown="0" weight="1" oneshot="0" completeConversation="1" delay="0" emotion="15659330456346423977" targetId="0" targetType="1" speakerTrackMethod="3" targetTrackMethod="0"/>
 </ResponseSet>
 <ResponseSet id="13680621263384486687">
  <Response dialog="13680621263384486686" id="13680621263384486688" cooldown="0" weight="1" oneshot="true" completeConversation="1" delay="0" targetId="0" targetType="1" speakerTrackMethod="3" targetTrackMethod="0" emotion="3152439162748317994"/>
  <Response dialog="13680621263384486704" id="13680621263384486705" cooldown="0" weight="1" oneshot="true" completeConversation="1" delay="0" emotion="3152439162748318010" targetId="0" targetType="1" speakerTrackMethod="3" targetTrackMethod="0"/>
  <Response dialog="13680621263384486716" id="13680621263384486717" cooldown="0" weight="1" oneshot="true" completeConversation="1" delay="0" emotion="15659330456346423977" targetId="0" targetType="1" speakerTrackMethod="3" targetTrackMethod="0"/>
 </ResponseSet>
 <ResponseSet id="13680621263384535831">
  <Response dialog="13680621263384486348" id="13680621263384535832" cooldown="0" weight="1" oneshot="true" completeConversation="0" delay="0" emotion="15659330456346423989" targetId="0" targetType="1" speakerTrackMethod="3" targetTrackMethod="0"/>
  <Response dialog="13680621263384535917" id="13680621263384535963" cooldown="0" weight="1" oneshot="true" completeConversation="1" delay="0" targetId="0" targetType="1" speakerTrackMethod="3" targetTrackMethod="0" emotion="15659330456346423989"/>
 </ResponseSet>
 <ResponseRule id="13680621263384535855" name="" cooldown="" response="13680621263384535856">
  <Criteria>
   <Criterion id="15659330456318451386" value="13680621263361472617" comparison="0" type="guid"/>
   <Criterion id="15659330456318451410" comparison="0" value="13680621263384535832" fromResponse="1" type="guid"/>
   <Criterion id="15659330456318451477" value="6732635291182789988" comparison="0" type="guid"/>
  </Criteria>
 </ResponseRule>
 <ResponseSet id="13680621263384535856">
  <Response dialog="13680621263384486442" id="13680621263384535857" cooldown="0" weight="1" oneshot="0" completeConversation="1" delay="0" emotion="15659330456346424000" targetId="0" targetType="1" speakerTrackMethod="3" targetTrackMethod="0"/>
 </ResponseSet>
 <ResponseSet id="13680621263386370328">
  <Response dialog="333529079830374965" id="13680621263386370329" cooldown="0" weight="1" oneshot="0" completeConversation="0" delay="0" targetId="0" targetType="1" speakerTrackMethod="3" targetTrackMethod="0" emotion="3152439162748317787"/>
 </ResponseSet>
 <ResponseRule id="13680621263386370361" name="" cooldown="" response="13680621263386370362">
  <Criteria>
   <Criterion id="15659330456318451386" value="13680621263361472617" comparison="0" type="guid"/>
   <Criterion id="15659330456318451410" comparison="0" value="13680621263386370329" fromResponse="1" type="guid"/>
   <Criterion id="15659330456318451477" value="6732635291182789988" comparison="0" type="guid"/>
  </Criteria>
 </ResponseRule>
 <ResponseSet id="13680621263386370362">
  <Response dialog="13680621263384486628" id="13680621263386370363" cooldown="0" weight="1" oneshot="0" completeConversation="0" delay="0" targetId="0" targetType="1" speakerTrackMethod="3" targetTrackMethod="0" emotion="15659330456346423977"/>
 </ResponseSet>
 <ResponseRule id="13680621263386370374" name="" cooldown="" response="13680621263386370375">
  <Criteria>
   <Criterion id="15659330456318451386" value="13680621263361472617" comparison="0" type="guid"/>
   <Criterion id="15659330456318451410" comparison="0" value="13680621263386370363" fromResponse="1" type="guid"/>
   <Criterion id="15659330456318451477" value="6732635291182789988" comparison="0" type="guid"/>
  </Criteria>
 </ResponseRule>
 <ResponseSet id="13680621263386370375">
  <Response dialog="13680621263384486642" id="13680621263386370376" cooldown="0" weight="1" oneshot="0" completeConversation="0" delay="0" targetId="0" targetType="1" speakerTrackMethod="3" targetTrackMethod="0" emotion="15659330456346423977"/>
 </ResponseSet>
 <ResponseRule id="13680621263386370488" name="" cooldown="" response="13680621263386370489">
  <Criteria>
   <Criterion id="15659330456318451386" value="13680621263361472617" comparison="0" type="guid"/>
   <Criterion id="15659330456318451410" comparison="0" value="13680621263386370376" fromResponse="1" type="guid"/>
   <Criterion id="15659330456318451477" value="6732635291182789988" comparison="0" type="guid"/>
  </Criteria>
 </ResponseRule>
 <ResponseSet id="13680621263386370489">
  <Response dialog="333529079830371569" id="13680621263386370490" cooldown="0" weight="1" oneshot="0" completeConversation="0" delay="0" targetId="0" targetType="1" speakerTrackMethod="3" targetTrackMethod="0" emotion="3152439162748318026"/>
 </ResponseSet>
 <ResponseRule id="13680621263386370504" name="" cooldown="" response="13680621263386370505">
  <Criteria>
   <Criterion id="15659330456318451386" value="13680621263361472617" comparison="0" type="guid"/>
   <Criterion id="15659330456318451410" comparison="0" value="13680621263386370490" fromResponse="1" type="guid"/>
   <Criterion id="15659330456318451477" value="6732635291182789988" comparison="0" type="guid"/>
  </Criteria>
 </ResponseRule>
 <ResponseSet id="13680621263386370505">
  <Response dialog="333529079830371587" id="13680621263386370506" cooldown="0" weight="1" oneshot="0" completeConversation="0" delay="0" targetId="0" targetType="1" speakerTrackMethod="3" targetTrackMethod="0" emotion="3152439162748317994"/>
 </ResponseSet>
 <ResponseRule id="13680621263386370516" name="" cooldown="" response="13680621263386370517">
  <Criteria>
   <Criterion id="15659330456318451386" value="13680621263361472617" comparison="0" type="guid"/>
   <Criterion id="15659330456318451410" comparison="0" value="13680621263386370506" fromResponse="1" type="guid"/>
   <Criterion id="15659330456318451477" value="6732635291182789988" comparison="0" type="guid"/>
  </Criteria>
 </ResponseRule>
 <ResponseSet id="13680621263386370517">
  <Response dialog="333529079830373560" id="13680621263386370518" cooldown="0" weight="1" oneshot="0" completeConversation="1" delay="0" targetId="0" targetType="1" speakerTrackMethod="3" targetTrackMethod="0" emotion="3152439162748318060"/>
 </ResponseSet>
 <ResponseSet id="13680621263386371595">
  <Response dialog="333529079830374965" id="13680621263386371596" cooldown="0" weight="1" oneshot="0" completeConversation="0" delay="0" targetId="0" targetType="1" speakerTrackMethod="3" targetTrackMethod="0" emotion="3152439162748317787"/>
 </ResponseSet>
 <ResponseRule id="13680621263386371619" name="" cooldown="" response="13680621263386371620">
  <Criteria>
   <Criterion id="15659330456318451386" value="13680621263361472617" comparison="0" type="guid"/>
   <Criterion id="15659330456318451410" comparison="0" value="13680621263386371596" fromResponse="1" type="guid"/>
   <Criterion id="15659330456318451477" value="6732635291182789988" comparison="0" type="guid"/>
  </Criteria>
 </ResponseRule>
 <ResponseSet id="13680621263386371620">
  <Response dialog="13680621263384486628" id="13680621263386371621" cooldown="0" weight="1" oneshot="0" completeConversation="0" delay="0" targetId="0" targetType="1" speakerTrackMethod="3" targetTrackMethod="0" emotion="15659330456346423977"/>
 </ResponseSet>
 <ResponseRule id="13680621263386371633" name="" cooldown="" response="13680621263386371634">
  <Criteria>
   <Criterion id="15659330456318451386" value="13680621263361472617" comparison="0" type="guid"/>
   <Criterion id="15659330456318451410" comparison="0" value="13680621263386371621" fromResponse="1" type="guid"/>
   <Criterion id="15659330456318451477" value="6732635291182789988" comparison="0" type="guid"/>
  </Criteria>
 </ResponseRule>
 <ResponseSet id="13680621263386371634">
  <Response dialog="13680621263384486642" id="13680621263386371635" cooldown="0" weight="1" oneshot="0" completeConversation="0" delay="0" targetId="0" targetType="1" speakerTrackMethod="3" targetTrackMethod="0" emotion="15659330456346423977"/>
 </ResponseSet>
 <ResponseRule id="13680621263386371650" name="" cooldown="" response="13680621263386371651">
  <Criteria>
   <Criterion id="15659330456318451386" value="13680621263361472617" comparison="0" type="guid"/>
   <Criterion id="15659330456318451410" comparison="0" value="13680621263386371635" fromResponse="1" type="guid"/>
   <Criterion id="15659330456318451477" value="6732635291182789988" comparison="0" type="guid"/>
  </Criteria>
 </ResponseRule>
 <ResponseSet id="13680621263386371651">
  <Response dialog="333529079830371569" id="13680621263386371652" cooldown="0" weight="1" oneshot="0" completeConversation="0" delay="0" targetId="0" targetType="1" speakerTrackMethod="3" targetTrackMethod="0" emotion="3152439162748318026"/>
 </ResponseSet>
 <ResponseRule id="13680621263386371660" name="" cooldown="" response="13680621263386371661">
  <Criteria>
   <Criterion id="15659330456318451386" value="13680621263361472617" comparison="0" type="guid"/>
   <Criterion id="15659330456318451410" comparison="0" value="13680621263386371652" fromResponse="1" type="guid"/>
   <Criterion id="15659330456318451477" value="6732635291182789988" comparison="0" type="guid"/>
  </Criteria>
 </ResponseRule>
 <ResponseSet id="13680621263386371661">
  <Response dialog="333529079830371587" id="13680621263386371662" cooldown="0" weight="1" oneshot="0" completeConversation="1" delay="0" targetId="0" targetType="1" speakerTrackMethod="3" targetTrackMethod="0" emotion="3152439162748317994"/>
 </ResponseSet>
 <ResponseRule id="14538910657199563932" name="" cooldown="" response="14538910657199563933">
  <Criteria>
   <Criterion id="15659330456318451386" value="13680621263361472617" comparison="0" type="guid"/>
   <Criterion id="15659330456318451410" comparison="0" value="333529079830372965" fromResponse="1" type="guid"/>
   <Criterion id="15659330456318451477" value="6732635291182789988" comparison="0" type="guid"/>
  </Criteria>
 </ResponseRule>
 <ResponseSet id="14538910657199563933">
  <Response dialog="14538910657199563931" id="14538910657199563934" cooldown="0" weight="1" oneshot="0" completeConversation="1" delay="0" cutoff="0" targetId="0" targetType="1" speakerTrackMethod="3" targetTrackMethod="0" emotion="15659330456346424008"/>
 </ResponseSet>
 <ResponseSet id="14538910657199564041">
  <Response dialog="14538910657199564040" id="14538910657199564042" cooldown="0" weight="1" oneshot="0" completeConversation="0" delay="0" cutoff="0" targetId="0" targetType="1" speakerTrackMethod="3" targetTrackMethod="0" emotion="3152439162748318060"/>
 </ResponseSet>
 <ResponseRule id="14538910657199564205" name="" cooldown="" response="14538910657199564206">
  <Criteria>
   <Criterion id="15659330456318451386" value="13680621263361472617" comparison="0" type="guid"/>
   <Criterion id="15659330456318451410" comparison="0" value="14538910657199564042" fromResponse="1" type="guid"/>
   <Criterion id="15659330456318451477" value="6732635291182789988" comparison="0" type="guid"/>
  </Criteria>
 </ResponseRule>
 <ResponseSet id="14538910657199564206">
  <Response dialog="333529079830371569" id="14538910657199564207" cooldown="0" weight="1" oneshot="0" completeConversation="0" delay="0" cutoff="0" targetId="0" targetType="1" speakerTrackMethod="3" targetTrackMethod="0" emotion="3152439162748317787"/>
 </ResponseSet>
 <ResponseRule id="14538910657199564241" name="" cooldown="" response="14538910657199564242">
  <Criteria>
   <Criterion id="15659330456318451386" value="13680621263361472617" comparison="0" type="guid"/>
   <Criterion id="15659330456318451410" comparison="0" value="14538910657199564207" fromResponse="1" type="guid"/>
   <Criterion id="15659330456318451477" value="6732635291182789988" comparison="0" type="guid"/>
  </Criteria>
 </ResponseRule>
 <ResponseSet id="14538910657199564242">
  <Response dialog="333529079830371587" id="14538910657199564243" cooldown="0" weight="1" oneshot="0" completeConversation="0" delay="0" cutoff="0" targetId="0" targetType="1" speakerTrackMethod="3" targetTrackMethod="0" emotion="3152439162748317994"/>
 </ResponseSet>
 <ResponseRule id="14538910657199564411" name="" cooldown="" response="14538910657199564412">
  <Criteria>
   <Criterion id="15659330456318451386" value="13680621263361472617" comparison="0" type="guid"/>
   <Criterion id="15659330456318451410" comparison="0" value="14538910657199564243" fromResponse="1" type="guid"/>
   <Criterion id="15659330456318451477" value="6732635291182789988" comparison="0" type="guid"/>
  </Criteria>
 </ResponseRule>
 <ResponseSet id="14538910657199564412">
  <Response dialog="14538910657199565747" id="14538910657199565748" cooldown="0" weight="1" oneshot="0" completeConversation="0" delay="0" cutoff="0" targetId="0" targetType="1" speakerTrackMethod="3" targetTrackMethod="0" emotion="3152439162748318010"/>
 </ResponseSet>
 <ResponseRule id="14538910657199565887" name="" cooldown="" response="14538910657199565888">
  <Criteria>
   <Criterion id="15659330456318451386" value="13680621263361472617" comparison="0" type="guid"/>
   <Criterion id="15659330456318451410" comparison="0" value="14538910657199565748" fromResponse="1" type="guid"/>
   <Criterion id="15659330456318451477" value="6732635291182789988" comparison="0" type="guid"/>
  </Criteria>
 </ResponseRule>
 <ResponseSet id="14538910657199565888">
  <Response dialog="14538910657199564707" id="14538910657199565889" cooldown="0" weight="1" oneshot="0" completeConversation="1" delay="0" cutoff="0" targetId="0" targetType="1" speakerTrackMethod="3" targetTrackMethod="0" emotion="15659330456346423977"/>
 </ResponseSet>
 <ResponseSet id="14538910657199566436">
  <Response dialog="14538910657199566435" id="14538910657199566437" cooldown="0" weight="1" oneshot="0" completeConversation="0" delay="0" cutoff="0" targetId="0" targetType="1" speakerTrackMethod="3" targetTrackMethod="0" emotion="3152439162748317787"/>
 </ResponseSet>
 <ResponseRule id="14538910657199566953" name="" cooldown="" response="14538910657199566954">
  <Criteria>
   <Criterion id="15659330456318451386" value="13680621263361472617" comparison="0" type="guid"/>
   <Criterion id="15659330456318451410" comparison="0" value="14538910657199566437" fromResponse="1" type="guid"/>
   <Criterion id="15659330456318451477" value="6732635291182789988" comparison="0" type="guid"/>
  </Criteria>
 </ResponseRule>
 <ResponseSet id="14538910657199566954">
  <Response dialog="14538910657199566952" id="14538910657199566955" cooldown="0" weight="1" oneshot="0" completeConversation="0" delay="0" cutoff="0" targetType="1" targetId="0" speakerTrackMethod="3" targetTrackMethod="0"/>
 </ResponseSet>
 <ResponseRule id="14538910657199567001" name="" cooldown="" response="333529079830371813">
  <Criteria>
   <Criterion id="15659330456318451386" value="13680621263361472617" comparison="0" type="guid"/>
   <Criterion id="15659330456318451410" comparison="0" value="14538910657199566955" fromResponse="1" type="guid"/>
   <Criterion comparison="0" passIfMissing="false" id="15659330456318451477" type="guid" keyType="default" value="6732635291182789988"/>
  </Criteria>
 </ResponseRule>
 <ResponseRule id="13680621263398633668" name="" cooldown="" response="13680621263398633669" trackView="1">
  <Criteria>
   <Criterion id="15659330456318451386" value="13680621263361472617" comparison="0" type="guid"/>
   <Criterion id="15659330456318451410" comparison="0" value="13680621263384485871" fromResponse="1" type="guid"/>
   <Criterion id="15659330456318451477" value="6732635291182789988" comparison="0" type="guid"/>
  </Criteria>
 </ResponseRule>
 <ResponseSet id="13680621263398633669">
  <Response dialog="13680621263398633667" id="13680621263398633670" cooldown="0" weight="1" oneshot="0" completeConversation="1" delay="1.5" cutoff="0" targetType="1" targetId="0" speakerTrackMethod="3" targetTrackMethod="0"/>
 </ResponseSet>
</ResponseRules>