<Graph isModule="1" moduleName="Bridge_StationLights_L2" isObjectList="1" objectListClass="ArkLight" Description="" Group="" enabled="1" MultiPlayer="ClientServer">
 <Nodes>
  <Node Id="2" Class="entity:ArkLight" pos="-299,-17,0" EntityGUID="{A856679A-26A6-4F5F-834D-D798752D75F7}" EntityGUID_64="4F5F26A6A856679A">
   <Inputs entityId="0" Brightness="0" DiffuseColor1="0,0,0" DiffuseColor2="0,0,0" LightStyle1="0" LightStyle2="0" Off="0" On="0" ResetBrightness="0"/>
  </Node>
  <Node Id="4" Class="entity:ArkLight" pos="-299,8,0" EntityGUID="{2465CE17-B629-4539-94D2-C4D01CFCFB3D}" EntityGUID_64="4539B6292465CE17">
   <Inputs entityId="0" Brightness="0" DiffuseColor1="0,0,0" DiffuseColor2="0,0,0" LightStyle1="0" LightStyle2="0" Off="0" On="0" ResetBrightness="0"/>
  </Node>
  <Node Id="6" Class="entity:ArkLight" pos="-299,33,0" EntityGUID="{6DFF08D8-0268-4D39-8F3A-94660A7461E4}" EntityGUID_64="4D3902686DFF08D8">
   <Inputs entityId="0" Brightness="0" DiffuseColor1="0,0,0" DiffuseColor2="0,0,0" LightStyle1="0" LightStyle2="0" Off="0" On="0" ResetBrightness="0"/>
  </Node>
  <Node Id="8" Class="entity:ArkLight" pos="-299,58,0" EntityGUID="{32619619-BE78-4FFE-90B9-89C10154A725}" EntityGUID_64="4FFEBE7832619619">
   <Inputs entityId="0" Brightness="0" DiffuseColor1="0,0,0" DiffuseColor2="0,0,0" LightStyle1="0" LightStyle2="0" Off="0" On="0" ResetBrightness="0"/>
  </Node>
  <Node Id="10" Class="entity:ArkLight" pos="-299,83,0" EntityGUID="{7E87A0F9-C12F-49A1-BE24-82C5800EC9D7}" EntityGUID_64="49A1C12F7E87A0F9">
   <Inputs entityId="0" Brightness="0" DiffuseColor1="0,0,0" DiffuseColor2="0,0,0" LightStyle1="0" LightStyle2="0" Off="0" On="0" ResetBrightness="0"/>
  </Node>
  <Node Id="12" Class="entity:ArkLight" pos="-299,108,0" EntityGUID="{D07AD9D2-AB78-4FB1-81B7-51F6907C8BC9}" EntityGUID_64="4FB1AB78D07AD9D2">
   <Inputs entityId="0" Brightness="0" DiffuseColor1="0,0,0" DiffuseColor2="0,0,0" LightStyle1="0" LightStyle2="0" Off="0" On="0" ResetBrightness="0"/>
  </Node>
  <Node Id="14" Class="entity:ArkLight" pos="-299,133,0" EntityGUID="{3B7F9A4B-2332-4817-BD10-359BCE64E331}" EntityGUID_64="481723323B7F9A4B">
   <Inputs entityId="0" Brightness="0" DiffuseColor1="0,0,0" DiffuseColor2="0,0,0" LightStyle1="0" LightStyle2="0" Off="0" On="0" ResetBrightness="0"/>
  </Node>
  <Node Id="16" Class="entity:ArkLight" pos="-299,158,0" EntityGUID="{7B1CD028-5E6F-4F8F-AA3C-4A78E6D55ECD}" EntityGUID_64="4F8F5E6F7B1CD028">
   <Inputs entityId="0" Brightness="0" DiffuseColor1="0,0,0" DiffuseColor2="0,0,0" LightStyle1="0" LightStyle2="0" Off="0" On="0" ResetBrightness="0"/>
  </Node>
  <Node Id="18" Class="entity:ArkLight" pos="-299,183,0" EntityGUID="{7B1FB181-2375-4872-BA83-79DA3DE55481}" EntityGUID_64="487223757B1FB181">
   <Inputs entityId="0" Brightness="0" DiffuseColor1="0,0,0" DiffuseColor2="0,0,0" LightStyle1="0" LightStyle2="0" Off="0" On="0" ResetBrightness="0"/>
  </Node>
  <Node Id="20" Class="entity:ArkLight" pos="-299,208,0" EntityGUID="{C9F61A01-5F3C-4AFA-8F61-382F4553DC10}" EntityGUID_64="4AFA5F3CC9F61A01">
   <Inputs entityId="0" Brightness="0" DiffuseColor1="0,0,0" DiffuseColor2="0,0,0" LightStyle1="0" LightStyle2="0" Off="0" On="0" ResetBrightness="0"/>
  </Node>
  <Node Id="22" Class="entity:ArkLight" pos="-299,233,0" EntityGUID="{9982C6E2-4913-42EB-B99B-3B8B4524F0EF}" EntityGUID_64="42EB49139982C6E2">
   <Inputs entityId="0" Brightness="0" DiffuseColor1="0,0,0" DiffuseColor2="0,0,0" LightStyle1="0" LightStyle2="0" Off="0" On="0" ResetBrightness="0"/>
  </Node>
  <Node Id="24" Class="entity:ArkLight" pos="-299,258,0" EntityGUID="{EF92CD4A-B774-4CB5-B449-6BE74D0CF1B8}" EntityGUID_64="4CB5B774EF92CD4A">
   <Inputs entityId="0" Brightness="0" DiffuseColor1="0,0,0" DiffuseColor2="0,0,0" LightStyle1="0" LightStyle2="0" Off="0" On="0" ResetBrightness="0"/>
  </Node>
  <Node Id="26" Class="entity:ArkLight" pos="-299,283,0" EntityGUID="{487995E4-177B-469B-A350-4878B56BCD6C}" EntityGUID_64="469B177B487995E4">
   <Inputs entityId="0" Brightness="0" DiffuseColor1="0,0,0" DiffuseColor2="0,0,0" LightStyle1="0" LightStyle2="0" Off="0" On="0" ResetBrightness="0"/>
  </Node>
  <Node Id="28" Class="entity:ArkLight" pos="-299,308,0" EntityGUID="{21A787B3-A4B9-4F5A-A28C-B3536C0C9E8E}" EntityGUID_64="4F5AA4B921A787B3">
   <Inputs entityId="0" Brightness="0" DiffuseColor1="0,0,0" DiffuseColor2="0,0,0" LightStyle1="0" LightStyle2="0" Off="0" On="0" ResetBrightness="0"/>
  </Node>
  <Node Id="30" Class="entity:ArkLight" pos="-299,333,0" EntityGUID="{C4EBD14E-B6E4-41E7-9A36-D3A8045FE7A8}" EntityGUID_64="41E7B6E4C4EBD14E">
   <Inputs entityId="0" Brightness="0" DiffuseColor1="0,0,0" DiffuseColor2="0,0,0" LightStyle1="0" LightStyle2="0" Off="0" On="0" ResetBrightness="0"/>
  </Node>
  <Node Id="32" Class="entity:ArkLight" pos="-299,358,0" EntityGUID="{4A0F6228-F937-41B4-B431-D89CC638889E}" EntityGUID_64="41B4F9374A0F6228">
   <Inputs entityId="0" Brightness="0" DiffuseColor1="0,0,0" DiffuseColor2="0,0,0" LightStyle1="0" LightStyle2="0" Off="0" On="0" ResetBrightness="0"/>
  </Node>
  <Node Id="34" Class="entity:ArkLight" pos="-299,383,0" EntityGUID="{14F5A26D-01AC-4F5C-86FF-47F8E08B9D27}" EntityGUID_64="4F5C01AC14F5A26D">
   <Inputs entityId="0" Brightness="0" DiffuseColor1="0,0,0" DiffuseColor2="0,0,0" LightStyle1="0" LightStyle2="0" Off="0" On="0" ResetBrightness="0"/>
  </Node>
  <Node Id="36" Class="entity:ArkLight" pos="-299,408,0" EntityGUID="{876AFC09-669F-430B-9310-D6BE19DE9223}" EntityGUID_64="430B669F876AFC09">
   <Inputs entityId="0" Brightness="0" DiffuseColor1="0,0,0" DiffuseColor2="0,0,0" LightStyle1="0" LightStyle2="0" Off="0" On="0" ResetBrightness="0"/>
  </Node>
  <Node Id="38" Class="entity:ArkLight" pos="-299,433,0" EntityGUID="{431DBD3C-A81F-4630-A4C0-C231BFB0C9FD}" EntityGUID_64="4630A81F431DBD3C">
   <Inputs entityId="0" Brightness="0" DiffuseColor1="0,0,0" DiffuseColor2="0,0,0" LightStyle1="0" LightStyle2="0" Off="0" On="0" ResetBrightness="0"/>
  </Node>
  <Node Id="40" Class="entity:ArkLight" pos="-299,458,0" EntityGUID="{25D58274-A17F-4C41-94E6-781296ACB66E}" EntityGUID_64="4C41A17F25D58274">
   <Inputs entityId="0" Brightness="0" DiffuseColor1="0,0,0" DiffuseColor2="0,0,0" LightStyle1="0" LightStyle2="0" Off="0" On="0" ResetBrightness="0"/>
  </Node>
 </Nodes>
 <Edges />
 <GraphTokens />
</Graph>
