<Graph isModule="1" moduleName="Bridge_StationLights_L3" isObjectList="1" objectListClass="ArkLight" Description="" Group="" enabled="1" MultiPlayer="ClientServer">
 <Nodes>
  <Node Id="2" Class="entity:ArkLight" pos="-333,31,0" EntityGUID="{A5315FBE-4E93-4EFF-AFE9-BF552FE281FE}" EntityGUID_64="4EFF4E93A5315FBE">
   <Inputs entityId="0" Brightness="0" DiffuseColor1="0,0,0" DiffuseColor2="0,0,0" LightStyle1="0" LightStyle2="0" Off="0" On="0" ResetBrightness="0"/>
  </Node>
  <Node Id="4" Class="entity:ArkLight" pos="-333,56,0" EntityGUID="{358B9893-C5DA-45E5-9C38-B09FB09CC30E}" EntityGUID_64="45E5C5DA358B9893">
   <Inputs entityId="0" Brightness="0" DiffuseColor1="0,0,0" DiffuseColor2="0,0,0" LightStyle1="0" LightStyle2="0" Off="0" On="0" ResetBrightness="0"/>
  </Node>
  <Node Id="6" Class="entity:ArkLight" pos="-333,81,0" EntityGUID="{B4CD992E-2CF4-4AB6-B421-FFFE835E956B}" EntityGUID_64="4AB62CF4B4CD992E">
   <Inputs entityId="0" Brightness="0" DiffuseColor1="0,0,0" DiffuseColor2="0,0,0" LightStyle1="0" LightStyle2="0" Off="0" On="0" ResetBrightness="0"/>
  </Node>
  <Node Id="8" Class="entity:ArkLight" pos="-333,106,0" EntityGUID="{78458D12-C845-4B02-B193-85B399BBECB1}" EntityGUID_64="4B02C84578458D12">
   <Inputs entityId="0" Brightness="0" DiffuseColor1="0,0,0" DiffuseColor2="0,0,0" LightStyle1="0" LightStyle2="0" Off="0" On="0" ResetBrightness="0"/>
  </Node>
  <Node Id="10" Class="entity:ArkLight" pos="-333,131,0" EntityGUID="{1E18EF68-EC15-46D7-8D94-54D643B15715}" EntityGUID_64="46D7EC151E18EF68">
   <Inputs entityId="0" Brightness="0" DiffuseColor1="0,0,0" DiffuseColor2="0,0,0" LightStyle1="0" LightStyle2="0" Off="0" On="0" ResetBrightness="0"/>
  </Node>
  <Node Id="12" Class="entity:ArkLight" pos="-333,156,0" EntityGUID="{0FE0A82D-F834-4259-B9B2-6631B23FA916}" EntityGUID_64="4259F8340FE0A82D">
   <Inputs entityId="0" Brightness="0" DiffuseColor1="0,0,0" DiffuseColor2="0,0,0" LightStyle1="0" LightStyle2="0" Off="0" On="0" ResetBrightness="0"/>
  </Node>
  <Node Id="14" Class="entity:ArkLight" pos="-333,181,0" EntityGUID="{901A3BF5-687D-47EF-AA50-F5E4070434AA}" EntityGUID_64="47EF687D901A3BF5">
   <Inputs entityId="0" Brightness="0" DiffuseColor1="0,0,0" DiffuseColor2="0,0,0" LightStyle1="0" LightStyle2="0" Off="0" On="0" ResetBrightness="0"/>
  </Node>
  <Node Id="16" Class="entity:ArkLight" pos="-333,206,0" EntityGUID="{34F3733B-2451-4393-9198-9E5CCC16AE17}" EntityGUID_64="4393245134F3733B">
   <Inputs entityId="0" Brightness="0" DiffuseColor1="0,0,0" DiffuseColor2="0,0,0" LightStyle1="0" LightStyle2="0" Off="0" On="0" ResetBrightness="0"/>
  </Node>
  <Node Id="18" Class="entity:ArkLight" pos="-333,231,0" EntityGUID="{D868B59A-C79E-492F-85DA-8DB10E411224}" EntityGUID_64="492FC79ED868B59A">
   <Inputs entityId="0" Brightness="0" DiffuseColor1="0,0,0" DiffuseColor2="0,0,0" LightStyle1="0" LightStyle2="0" Off="0" On="0" ResetBrightness="0"/>
  </Node>
  <Node Id="20" Class="entity:ArkLight" pos="-333,256,0" EntityGUID="{E956EA2F-BFBE-4B80-B756-6CF0E9444486}" EntityGUID_64="4B80BFBEE956EA2F">
   <Inputs entityId="0" Brightness="0" DiffuseColor1="0,0,0" DiffuseColor2="0,0,0" LightStyle1="0" LightStyle2="0" Off="0" On="0" ResetBrightness="0"/>
  </Node>
  <Node Id="22" Class="entity:ArkLight" pos="-333,281,0" EntityGUID="{C639ECE1-6C04-49AE-9E17-1677C8ABB532}" EntityGUID_64="49AE6C04C639ECE1">
   <Inputs entityId="0" Brightness="0" DiffuseColor1="0,0,0" DiffuseColor2="0,0,0" LightStyle1="0" LightStyle2="0" Off="0" On="0" ResetBrightness="0"/>
  </Node>
  <Node Id="24" Class="entity:ArkLight" pos="-333,306,0" EntityGUID="{9986A960-7281-4F2F-9809-CE4B7B30658D}" EntityGUID_64="4F2F72819986A960">
   <Inputs entityId="0" Brightness="0" DiffuseColor1="0,0,0" DiffuseColor2="0,0,0" LightStyle1="0" LightStyle2="0" Off="0" On="0" ResetBrightness="0"/>
  </Node>
  <Node Id="26" Class="entity:ArkLight" pos="-333,331,0" EntityGUID="{7A2AF095-DF1B-47C3-AA1A-1B78179EE58C}" EntityGUID_64="47C3DF1B7A2AF095">
   <Inputs entityId="0" Brightness="0" DiffuseColor1="0,0,0" DiffuseColor2="0,0,0" LightStyle1="0" LightStyle2="0" Off="0" On="0" ResetBrightness="0"/>
  </Node>
  <Node Id="28" Class="entity:ArkLight" pos="-333,356,0" EntityGUID="{377C49EA-59F0-4190-89E3-61B9D12FEC2F}" EntityGUID_64="419059F0377C49EA">
   <Inputs entityId="0" Brightness="0" DiffuseColor1="0,0,0" DiffuseColor2="0,0,0" LightStyle1="0" LightStyle2="0" Off="0" On="0" ResetBrightness="0"/>
  </Node>
  <Node Id="30" Class="entity:ArkLight" pos="-333,381,0" EntityGUID="{AE51D33C-FA3F-4462-8167-664B50548F1A}" EntityGUID_64="4462FA3FAE51D33C">
   <Inputs entityId="0" Brightness="0" DiffuseColor1="0,0,0" DiffuseColor2="0,0,0" LightStyle1="0" LightStyle2="0" Off="0" On="0" ResetBrightness="0"/>
  </Node>
  <Node Id="32" Class="entity:ArkLight" pos="-333,406,0" EntityGUID="{19C75B25-09E9-4DA4-9066-6357A04AF87C}" EntityGUID_64="4DA409E919C75B25">
   <Inputs entityId="0" Brightness="0" DiffuseColor1="0,0,0" DiffuseColor2="0,0,0" LightStyle1="0" LightStyle2="0" Off="0" On="0" ResetBrightness="0"/>
  </Node>
  <Node Id="34" Class="entity:ArkLight" pos="-333,431,0" EntityGUID="{9169063A-AEAE-43BB-A62E-9AF1EB1B2080}" EntityGUID_64="43BBAEAE9169063A">
   <Inputs entityId="0" Brightness="0" DiffuseColor1="0,0,0" DiffuseColor2="0,0,0" LightStyle1="0" LightStyle2="0" Off="0" On="0" ResetBrightness="0"/>
  </Node>
  <Node Id="36" Class="entity:ArkLight" pos="-333,456,0" EntityGUID="{4028F696-314F-4E31-9441-AD7A87BB08D1}" EntityGUID_64="4E31314F4028F696">
   <Inputs entityId="0" Brightness="0" DiffuseColor1="0,0,0" DiffuseColor2="0,0,0" LightStyle1="0" LightStyle2="0" Off="0" On="0" ResetBrightness="0"/>
  </Node>
  <Node Id="38" Class="entity:ArkLight" pos="-333,481,0" EntityGUID="{D3E59478-1AE6-4D49-B2C1-1C00FE95E7A7}" EntityGUID_64="4D491AE6D3E59478">
   <Inputs entityId="0" Brightness="0" DiffuseColor1="0,0,0" DiffuseColor2="0,0,0" LightStyle1="0" LightStyle2="0" Off="0" On="0" ResetBrightness="0"/>
  </Node>
  <Node Id="40" Class="entity:ArkLight" pos="-333,506,0" EntityGUID="{317C2876-EBD6-4DED-B83B-66AFEC6371C4}" EntityGUID_64="4DEDEBD6317C2876">
   <Inputs entityId="0" Brightness="0" DiffuseColor1="0,0,0" DiffuseColor2="0,0,0" LightStyle1="0" LightStyle2="0" Off="0" On="0" ResetBrightness="0"/>
  </Node>
 </Nodes>
 <Edges />
 <GraphTokens />
</Graph>
