<Graph isModule="1" moduleName="Bridge_StationLights_L1" isObjectList="1" objectListClass="ArkLight" Description="" Group="" enabled="1" MultiPlayer="ClientServer">
 <Nodes>
  <Node Id="2" Class="entity:ArkLight" pos="-605.72607,-171.81653,0" EntityGUID="{8A9DCB80-B721-4452-9B54-05D05FE22FC2}" EntityGUID_64="4452B7218A9DCB80">
   <Inputs entityId="0" Brightness="0" DiffuseColor1="0,0,0" DiffuseColor2="0,0,0" LightStyle1="0" LightStyle2="0" Off="0" On="0" ResetBrightness="0"/>
  </Node>
  <Node Id="4" Class="entity:ArkLight" pos="-605.72607,-146.81653,0" EntityGUID="{FCBB049B-C4B4-4D35-9755-9152A5B75D83}" EntityGUID_64="4D35C4B4FCBB049B">
   <Inputs entityId="0" Brightness="0" DiffuseColor1="0,0,0" DiffuseColor2="0,0,0" LightStyle1="0" LightStyle2="0" Off="0" On="0" ResetBrightness="0"/>
  </Node>
  <Node Id="6" Class="entity:ArkLight" pos="-605.72607,-121.81653,0" EntityGUID="{E0010748-7EC8-4407-AD91-B4A95AF085A4}" EntityGUID_64="44077EC8E0010748">
   <Inputs entityId="0" Brightness="0" DiffuseColor1="0,0,0" DiffuseColor2="0,0,0" LightStyle1="0" LightStyle2="0" Off="0" On="0" ResetBrightness="0"/>
  </Node>
  <Node Id="8" Class="entity:ArkLight" pos="-605.72607,-96.816528,0" EntityGUID="{0661340A-2FDC-4117-8526-AEFA355648D9}" EntityGUID_64="41172FDC0661340A">
   <Inputs entityId="0" Brightness="0" DiffuseColor1="0,0,0" DiffuseColor2="0,0,0" LightStyle1="0" LightStyle2="0" Off="0" On="0" ResetBrightness="0"/>
  </Node>
  <Node Id="10" Class="entity:ArkLight" pos="-605.72607,-71.816528,0" EntityGUID="{D48FFF88-AC11-4260-A750-3B4E526D8716}" EntityGUID_64="4260AC11D48FFF88">
   <Inputs entityId="0" Brightness="0" DiffuseColor1="0,0,0" DiffuseColor2="0,0,0" LightStyle1="0" LightStyle2="0" Off="0" On="0" ResetBrightness="0"/>
  </Node>
  <Node Id="12" Class="entity:ArkLight" pos="-605.72607,-46.816528,0" EntityGUID="{48841C54-9938-4A64-BCAB-D631C1DD18A0}" EntityGUID_64="4A64993848841C54">
   <Inputs entityId="0" Brightness="0" DiffuseColor1="0,0,0" DiffuseColor2="0,0,0" LightStyle1="0" LightStyle2="0" Off="0" On="0" ResetBrightness="0"/>
  </Node>
  <Node Id="14" Class="entity:ArkLight" pos="-605.72607,-21.816528,0" EntityGUID="{D0D798B0-EFAE-49F5-AB67-EF0302B113AE}" EntityGUID_64="49F5EFAED0D798B0">
   <Inputs entityId="0" Brightness="0" DiffuseColor1="0,0,0" DiffuseColor2="0,0,0" LightStyle1="0" LightStyle2="0" Off="0" On="0" ResetBrightness="0"/>
  </Node>
  <Node Id="16" Class="entity:ArkLight" pos="-605.72607,3.1834717,0" EntityGUID="{5452D5E7-BFE9-4036-ACFE-57C7D58D65B9}" EntityGUID_64="4036BFE95452D5E7">
   <Inputs entityId="0" Brightness="0" DiffuseColor1="0,0,0" DiffuseColor2="0,0,0" LightStyle1="0" LightStyle2="0" Off="0" On="0" ResetBrightness="0"/>
  </Node>
  <Node Id="18" Class="entity:ArkLight" pos="-605.72607,28.183472,0" EntityGUID="{23FFC349-6B5A-4916-9E35-F31DCFE4FC8A}" EntityGUID_64="49166B5A23FFC349">
   <Inputs entityId="0" Brightness="0" DiffuseColor1="0,0,0" DiffuseColor2="0,0,0" LightStyle1="0" LightStyle2="0" Off="0" On="0" ResetBrightness="0"/>
  </Node>
  <Node Id="20" Class="entity:ArkLight" pos="-605.72607,53.183472,0" EntityGUID="{75C2B8A0-B996-4915-B9A2-02D451FBAB8F}" EntityGUID_64="4915B99675C2B8A0">
   <Inputs entityId="0" Brightness="0" DiffuseColor1="0,0,0" DiffuseColor2="0,0,0" LightStyle1="0" LightStyle2="0" Off="0" On="0" ResetBrightness="0"/>
  </Node>
  <Node Id="22" Class="entity:ArkLight" pos="-605.72607,78.183472,0" EntityGUID="{339F355F-3FB3-41A5-B95B-9B4061F20FEA}" EntityGUID_64="41A53FB3339F355F">
   <Inputs entityId="0" Brightness="0" DiffuseColor1="0,0,0" DiffuseColor2="0,0,0" LightStyle1="0" LightStyle2="0" Off="0" On="0" ResetBrightness="0"/>
  </Node>
  <Node Id="24" Class="entity:ArkLight" pos="-605.72607,103.18347,0" EntityGUID="{A5DAB202-894C-42D1-B162-CBE90A7B4E41}" EntityGUID_64="42D1894CA5DAB202">
   <Inputs entityId="0" Brightness="0" DiffuseColor1="0,0,0" DiffuseColor2="0,0,0" LightStyle1="0" LightStyle2="0" Off="0" On="0" ResetBrightness="0"/>
  </Node>
  <Node Id="26" Class="entity:ArkLight" pos="-605.72607,128.18347,0" EntityGUID="{69208800-C872-4758-A3F4-1434F115F58B}" EntityGUID_64="4758C87269208800">
   <Inputs entityId="0" Brightness="0" DiffuseColor1="0,0,0" DiffuseColor2="0,0,0" LightStyle1="0" LightStyle2="0" Off="0" On="0" ResetBrightness="0"/>
  </Node>
  <Node Id="28" Class="entity:ArkLight" pos="-605.72607,153.18347,0" EntityGUID="{2D3AA31C-57CB-42FC-BD59-0C55FB380311}" EntityGUID_64="42FC57CB2D3AA31C">
   <Inputs entityId="0" Brightness="0" DiffuseColor1="0,0,0" DiffuseColor2="0,0,0" LightStyle1="0" LightStyle2="0" Off="0" On="0" ResetBrightness="0"/>
  </Node>
  <Node Id="30" Class="entity:ArkLight" pos="-605.72607,178.18347,0" EntityGUID="{776603CE-015F-40A9-AA5C-4CDD51C3C3CC}" EntityGUID_64="40A9015F776603CE">
   <Inputs entityId="0" Brightness="0" DiffuseColor1="0,0,0" DiffuseColor2="0,0,0" LightStyle1="0" LightStyle2="0" Off="0" On="0" ResetBrightness="0"/>
  </Node>
  <Node Id="32" Class="entity:ArkLight" pos="-605.72607,203.18347,0" EntityGUID="{E8163C5D-34DD-406A-9F3C-6C076ABBC628}" EntityGUID_64="406A34DDE8163C5D">
   <Inputs entityId="0" Brightness="0" DiffuseColor1="0,0,0" DiffuseColor2="0,0,0" LightStyle1="0" LightStyle2="0" Off="0" On="0" ResetBrightness="0"/>
  </Node>
  <Node Id="34" Class="entity:ArkLight" pos="-605.72607,228.18347,0" EntityGUID="{A86B4C5E-DC6F-411D-801E-57FB2E2456CF}" EntityGUID_64="411DDC6FA86B4C5E">
   <Inputs entityId="0" Brightness="0" DiffuseColor1="0,0,0" DiffuseColor2="0,0,0" LightStyle1="0" LightStyle2="0" Off="0" On="0" ResetBrightness="0"/>
  </Node>
  <Node Id="36" Class="entity:ArkLight" pos="-605.72607,253.18347,0" EntityGUID="{688CA05A-8D9D-4D30-9B66-52B05D58342E}" EntityGUID_64="4D308D9D688CA05A">
   <Inputs entityId="0" Brightness="0" DiffuseColor1="0,0,0" DiffuseColor2="0,0,0" LightStyle1="0" LightStyle2="0" Off="0" On="0" ResetBrightness="0"/>
  </Node>
  <Node Id="38" Class="entity:ArkLight" pos="-605.72607,278.18347,0" EntityGUID="{141AB24E-9996-4C51-9831-E012E3F37131}" EntityGUID_64="4C519996141AB24E">
   <Inputs entityId="0" Brightness="0" DiffuseColor1="0,0,0" DiffuseColor2="0,0,0" LightStyle1="0" LightStyle2="0" Off="0" On="0" ResetBrightness="0"/>
  </Node>
  <Node Id="40" Class="entity:ArkLight" pos="-605.72607,303.18347,0" EntityGUID="{FBECF183-51CA-484B-85F4-BF2D38B0D311}" EntityGUID_64="484B51CAFBECF183">
   <Inputs entityId="0" Brightness="0" DiffuseColor1="0,0,0" DiffuseColor2="0,0,0" LightStyle1="0" LightStyle2="0" Off="0" On="0" ResetBrightness="0"/>
  </Node>
 </Nodes>
 <Edges />
 <GraphTokens />
</Graph>
