<Graph isModule="1" moduleName="CargoBay_0_EmergencyLighting" isObjectList="1" objectListClass="ArkLight" Description="" Group="" enabled="1" MultiPlayer="ClientServer">
 <Nodes>
  <Node Id="3" Class="entity:ArkLight" pos="-250,-420,0" EntityGUID="{7A1DFF6B-F502-4772-B6CD-17047F7F09A6}" EntityGUID_64="4772F5027A1DFF6B">
   <Inputs entityId="0" Brightness="0" DiffuseColor1="0,0,0" DiffuseColor2="0,0,0" LightStyle1="0" LightStyle2="0" Off="0" On="0" ResetBrightness="0"/>
  </Node>
  <Node Id="5" Class="entity:ArkLight" pos="-70,-420,0" EntityGUID="{2AF4E982-26B8-4D7B-BF8A-6EDD3B30F2BF}" EntityGUID_64="4D7B26B82AF4E982">
   <Inputs entityId="0" Brightness="0" DiffuseColor1="0,0,0" DiffuseColor2="0,0,0" LightStyle1="0" LightStyle2="0" Off="0" On="0" ResetBrightness="0"/>
  </Node>
  <Node Id="8" Class="entity:ArkLight" pos="-250,-220,0" EntityGUID="{21A6B58B-869B-4F37-B555-22234C27D954}" EntityGUID_64="4F37869B21A6B58B">
   <Inputs entityId="0" Brightness="0" DiffuseColor1="0,0,0" DiffuseColor2="0,0,0" LightStyle1="0" LightStyle2="0" Off="0" On="0" ResetBrightness="0"/>
  </Node>
  <Node Id="11" Class="entity:ArkLight" pos="-30,-220,0" EntityGUID="{78EEA8A2-E3E9-4323-92CB-3628C8EC1DD1}" EntityGUID_64="4323E3E978EEA8A2">
   <Inputs entityId="0" Brightness="0" DiffuseColor1="0,0,0" DiffuseColor2="0,0,0" LightStyle1="0" LightStyle2="0" Off="0" On="0" ResetBrightness="0"/>
  </Node>
  <Node Id="14" Class="entity:ArkLight" pos="-250,-30,0" EntityGUID="{20AF66AA-EFD8-4847-8074-204025C994B3}" EntityGUID_64="4847EFD820AF66AA">
   <Inputs entityId="0" Brightness="0" DiffuseColor1="0,0,0" DiffuseColor2="0,0,0" LightStyle1="0" LightStyle2="0" Off="0" On="0" ResetBrightness="0"/>
  </Node>
  <Node Id="16" Class="entity:ArkLight" pos="-30,-30,0" EntityGUID="{CDB922D5-0314-4981-84D7-942FBE79CC97}" EntityGUID_64="49810314CDB922D5">
   <Inputs entityId="0" Brightness="0" DiffuseColor1="0,0,0" DiffuseColor2="0,0,0" LightStyle1="0" LightStyle2="0" Off="0" On="0" ResetBrightness="0"/>
  </Node>
  <Node Id="18" Class="entity:ArkLight" pos="-250,250,0" EntityGUID="{4281406A-A1AA-467F-8A1E-8EBA8CDF5FC6}" EntityGUID_64="467FA1AA4281406A">
   <Inputs entityId="0" Brightness="0" DiffuseColor1="0,0,0" DiffuseColor2="0,0,0" LightStyle1="0" LightStyle2="0" Off="0" On="0" ResetBrightness="0"/>
  </Node>
 </Nodes>
 <Edges />
 <GraphTokens />
</Graph>
