<Graph isModule="1" moduleName="CargoBay_1_StandardLighting" isObjectList="1" objectListClass="ArkLight" Description="" Group="" enabled="1" MultiPlayer="ClientServer">
 <Nodes>
  <Node Id="4" Class="entity:ArkLight" pos="-175,-101,0" EntityGUID="{FA70BD27-C6AE-44CB-9A6D-B05926E91274}" EntityGUID_64="44CBC6AEFA70BD27">
   <Inputs entityId="0" Brightness="0" DiffuseColor1="0,0,0" DiffuseColor2="0,0,0" LightStyle1="0" LightStyle2="0" Off="0" On="0" ResetBrightness="0"/>
  </Node>
  <Node Id="6" Class="entity:ArkLight" pos="-175,-76,0" EntityGUID="{687B532F-2FDE-4353-BF63-549CAD558F8A}" EntityGUID_64="43532FDE687B532F">
   <Inputs entityId="0" Brightness="0" DiffuseColor1="0,0,0" DiffuseColor2="0,0,0" LightStyle1="0" LightStyle2="0" Off="0" On="0" ResetBrightness="0"/>
  </Node>
  <Node Id="8" Class="entity:ArkLight" pos="-175,-51,0" EntityGUID="{F73F572F-1840-4166-BE10-800D2C90858D}" EntityGUID_64="41661840F73F572F">
   <Inputs entityId="0" Brightness="0" DiffuseColor1="0,0,0" DiffuseColor2="0,0,0" LightStyle1="0" LightStyle2="0" Off="0" On="0" ResetBrightness="0"/>
  </Node>
  <Node Id="10" Class="entity:ArkLight" pos="-175,-26,0" EntityGUID="{1F839E34-ADD2-4EF3-8BD0-128D380BC00A}" EntityGUID_64="4EF3ADD21F839E34">
   <Inputs entityId="0" Brightness="0" DiffuseColor1="0,0,0" DiffuseColor2="0,0,0" LightStyle1="0" LightStyle2="0" Off="0" On="0" ResetBrightness="0"/>
  </Node>
  <Node Id="12" Class="entity:ArkLight" pos="-175,-1,0" EntityGUID="{46300D37-CF7E-41BA-A375-AF0EABD72F1D}" EntityGUID_64="41BACF7E46300D37">
   <Inputs entityId="0" Brightness="0" DiffuseColor1="0,0,0" DiffuseColor2="0,0,0" LightStyle1="0" LightStyle2="0" Off="0" On="0" ResetBrightness="0"/>
  </Node>
  <Node Id="14" Class="entity:ArkLight" pos="-175,24,0" EntityGUID="{06A7E937-6723-4DA7-91E3-AE8ACEC6DA90}" EntityGUID_64="4DA7672306A7E937">
   <Inputs entityId="0" Brightness="0" DiffuseColor1="0,0,0" DiffuseColor2="0,0,0" LightStyle1="0" LightStyle2="0" Off="0" On="0" ResetBrightness="0"/>
  </Node>
  <Node Id="16" Class="entity:ArkLight" pos="-175,49,0" EntityGUID="{BA8EBE3A-99DD-4FB1-91FC-B02882851468}" EntityGUID_64="4FB199DDBA8EBE3A">
   <Inputs entityId="0" Brightness="0" DiffuseColor1="0,0,0" DiffuseColor2="0,0,0" LightStyle1="0" LightStyle2="0" Off="0" On="0" ResetBrightness="0"/>
  </Node>
  <Node Id="18" Class="entity:ArkLight" pos="-175,74,0" EntityGUID="{6B420C3B-1B5D-403C-8B7C-37C6B27B0989}" EntityGUID_64="403C1B5D6B420C3B">
   <Inputs entityId="0" Brightness="0" DiffuseColor1="0,0,0" DiffuseColor2="0,0,0" LightStyle1="0" LightStyle2="0" Off="0" On="0" ResetBrightness="0"/>
  </Node>
  <Node Id="20" Class="entity:ArkLight" pos="-175,99,0" EntityGUID="{97A90A3D-DF12-4C73-A767-37EBEF64F9EF}" EntityGUID_64="4C73DF1297A90A3D">
   <Inputs entityId="0" Brightness="0" DiffuseColor1="0,0,0" DiffuseColor2="0,0,0" LightStyle1="0" LightStyle2="0" Off="0" On="0" ResetBrightness="0"/>
  </Node>
  <Node Id="22" Class="entity:ArkLight" pos="-175,124,0" EntityGUID="{C1A68641-2637-483D-ADD0-2FEA7054F55C}" EntityGUID_64="483D2637C1A68641">
   <Inputs entityId="0" Brightness="0" DiffuseColor1="0,0,0" DiffuseColor2="0,0,0" LightStyle1="0" LightStyle2="0" Off="0" On="0" ResetBrightness="0"/>
  </Node>
  <Node Id="24" Class="entity:ArkLight" pos="-175,149,0" EntityGUID="{10D9E246-38F6-4FAD-A016-A25FE20877E6}" EntityGUID_64="4FAD38F610D9E246">
   <Inputs entityId="0" Brightness="0" DiffuseColor1="0,0,0" DiffuseColor2="0,0,0" LightStyle1="0" LightStyle2="0" Off="0" On="0" ResetBrightness="0"/>
  </Node>
  <Node Id="26" Class="entity:ArkLight" pos="-175,174,0" EntityGUID="{98AA6850-9D54-4603-91CC-ABEA32CE901A}" EntityGUID_64="46039D5498AA6850">
   <Inputs entityId="0" Brightness="0" DiffuseColor1="0,0,0" DiffuseColor2="0,0,0" LightStyle1="0" LightStyle2="0" Off="0" On="0" ResetBrightness="0"/>
  </Node>
  <Node Id="28" Class="entity:ArkLight" pos="-175,199,0" EntityGUID="{DC6F0A55-2531-4FD9-86CF-92968FDACD5A}" EntityGUID_64="4FD92531DC6F0A55">
   <Inputs entityId="0" Brightness="0" DiffuseColor1="0,0,0" DiffuseColor2="0,0,0" LightStyle1="0" LightStyle2="0" Off="0" On="0" ResetBrightness="0"/>
  </Node>
  <Node Id="30" Class="entity:ArkLight" pos="-175,224,0" EntityGUID="{772F4A59-D916-43AC-B48A-4D09F4ED4B4B}" EntityGUID_64="43ACD916772F4A59">
   <Inputs entityId="0" Brightness="0" DiffuseColor1="0,0,0" DiffuseColor2="0,0,0" LightStyle1="0" LightStyle2="0" Off="0" On="0" ResetBrightness="0"/>
  </Node>
  <Node Id="32" Class="entity:ArkLight" pos="-175,249,0" EntityGUID="{3800B55C-1E11-4C38-8213-3F234B86A1B2}" EntityGUID_64="4C381E113800B55C">
   <Inputs entityId="0" Brightness="0" DiffuseColor1="0,0,0" DiffuseColor2="0,0,0" LightStyle1="0" LightStyle2="0" Off="0" On="0" ResetBrightness="0"/>
  </Node>
  <Node Id="34" Class="entity:ArkLight" pos="-175,274,0" EntityGUID="{D67C0C5D-D220-40AE-B229-4D8869B28CF1}" EntityGUID_64="40AED220D67C0C5D">
   <Inputs entityId="0" Brightness="0" DiffuseColor1="0,0,0" DiffuseColor2="0,0,0" LightStyle1="0" LightStyle2="0" Off="0" On="0" ResetBrightness="0"/>
  </Node>
  <Node Id="36" Class="entity:ArkLight" pos="-175,299,0" EntityGUID="{7446D775-F0E6-46EC-B1EB-BEFDC4EEBC79}" EntityGUID_64="46ECF0E67446D775">
   <Inputs entityId="0" Brightness="0" DiffuseColor1="0,0,0" DiffuseColor2="0,0,0" LightStyle1="0" LightStyle2="0" Off="0" On="0" ResetBrightness="0"/>
  </Node>
  <Node Id="38" Class="entity:ArkLight" pos="-175,324,0" EntityGUID="{860F2C80-B874-4610-AF89-0D32DCE5BF88}" EntityGUID_64="4610B874860F2C80">
   <Inputs entityId="0" Brightness="0" DiffuseColor1="0,0,0" DiffuseColor2="0,0,0" LightStyle1="0" LightStyle2="0" Off="0" On="0" ResetBrightness="0"/>
  </Node>
  <Node Id="40" Class="entity:ArkLight" pos="-175,349,0" EntityGUID="{55437285-B2DD-430B-9A24-84AC5196ED13}" EntityGUID_64="430BB2DD55437285">
   <Inputs entityId="0" Brightness="0" DiffuseColor1="0,0,0" DiffuseColor2="0,0,0" LightStyle1="0" LightStyle2="0" Off="0" On="0" ResetBrightness="0"/>
  </Node>
  <Node Id="43" Class="entity:ArkLight" pos="-175,374,0" EntityGUID="{FD3FC392-1167-4440-9162-ED4646E6D79C}" EntityGUID_64="44401167FD3FC392">
   <Inputs entityId="0" Brightness="0" DiffuseColor1="0,0,0" DiffuseColor2="0,0,0" LightStyle1="0" LightStyle2="0" Off="0" On="0" ResetBrightness="0"/>
  </Node>
  <Node Id="45" Class="entity:ArkLight" pos="-175,399,0" EntityGUID="{F316E693-BC7B-4C09-87EF-E1841F3BB7FC}" EntityGUID_64="4C09BC7BF316E693">
   <Inputs entityId="0" Brightness="0" DiffuseColor1="0,0,0" DiffuseColor2="0,0,0" LightStyle1="0" LightStyle2="0" Off="0" On="0" ResetBrightness="0"/>
  </Node>
  <Node Id="47" Class="entity:ArkLight" pos="-175,424,0" EntityGUID="{D127B998-4448-4ACA-A351-0FF0893BA672}" EntityGUID_64="4ACA4448D127B998">
   <Inputs entityId="0" Brightness="0" DiffuseColor1="0,0,0" DiffuseColor2="0,0,0" LightStyle1="0" LightStyle2="0" Off="0" On="0" ResetBrightness="0"/>
  </Node>
  <Node Id="49" Class="entity:ArkLight" pos="-175,449,0" EntityGUID="{CF7EFB9C-746E-4C75-A327-A5924036666E}" EntityGUID_64="4C75746ECF7EFB9C">
   <Inputs entityId="0" Brightness="0" DiffuseColor1="0,0,0" DiffuseColor2="0,0,0" LightStyle1="0" LightStyle2="0" Off="0" On="0" ResetBrightness="0"/>
  </Node>
  <Node Id="51" Class="entity:ArkLight" pos="-175,474,0" EntityGUID="{C84F3EA0-0CAE-45F0-B660-B583B76CE315}" EntityGUID_64="45F00CAEC84F3EA0">
   <Inputs entityId="0" Brightness="0" DiffuseColor1="0,0,0" DiffuseColor2="0,0,0" LightStyle1="0" LightStyle2="0" Off="0" On="0" ResetBrightness="0"/>
  </Node>
  <Node Id="53" Class="entity:ArkLight" pos="-175,499,0" EntityGUID="{9898A8A0-DB7B-4DD9-BAEB-A11452A85C63}" EntityGUID_64="4DD9DB7B9898A8A0">
   <Inputs entityId="0" Brightness="0" DiffuseColor1="0,0,0" DiffuseColor2="0,0,0" LightStyle1="0" LightStyle2="0" Off="0" On="0" ResetBrightness="0"/>
  </Node>
  <Node Id="55" Class="entity:ArkLight" pos="-175,524,0" EntityGUID="{96DDCCA8-608F-4B38-9053-72636D22C826}" EntityGUID_64="4B38608F96DDCCA8">
   <Inputs entityId="0" Brightness="0" DiffuseColor1="0,0,0" DiffuseColor2="0,0,0" LightStyle1="0" LightStyle2="0" Off="0" On="0" ResetBrightness="0"/>
  </Node>
  <Node Id="57" Class="entity:ArkLight" pos="-175,549,0" EntityGUID="{1AD2C0AB-C6C9-4419-879A-A66935F361EF}" EntityGUID_64="4419C6C91AD2C0AB">
   <Inputs entityId="0" Brightness="0" DiffuseColor1="0,0,0" DiffuseColor2="0,0,0" LightStyle1="0" LightStyle2="0" Off="0" On="0" ResetBrightness="0"/>
  </Node>
  <Node Id="59" Class="entity:ArkLight" pos="-175,574,0" EntityGUID="{45B7E3AE-E970-4FD9-9288-2CD51C417CBD}" EntityGUID_64="4FD9E97045B7E3AE">
   <Inputs entityId="0" Brightness="0" DiffuseColor1="0,0,0" DiffuseColor2="0,0,0" LightStyle1="0" LightStyle2="0" Off="0" On="0" ResetBrightness="0"/>
  </Node>
  <Node Id="61" Class="entity:ArkLight" pos="-175,599,0" EntityGUID="{981D2AB1-C534-4DB3-B7F5-6F1F6C790356}" EntityGUID_64="4DB3C534981D2AB1">
   <Inputs entityId="0" Brightness="0" DiffuseColor1="0,0,0" DiffuseColor2="0,0,0" LightStyle1="0" LightStyle2="0" Off="0" On="0" ResetBrightness="0"/>
  </Node>
  <Node Id="63" Class="entity:ArkLight" pos="-175,624,0" EntityGUID="{E6ABE3BE-67AB-4F3E-AFAD-7CF5DF7075D1}" EntityGUID_64="4F3E67ABE6ABE3BE">
   <Inputs entityId="0" Brightness="0" DiffuseColor1="0,0,0" DiffuseColor2="0,0,0" LightStyle1="0" LightStyle2="0" Off="0" On="0" ResetBrightness="0"/>
  </Node>
  <Node Id="65" Class="entity:ArkLight" pos="-175,649,0" EntityGUID="{9DD41EC5-E778-4725-826A-BB35BD9334D5}" EntityGUID_64="4725E7789DD41EC5">
   <Inputs entityId="0" Brightness="0" DiffuseColor1="0,0,0" DiffuseColor2="0,0,0" LightStyle1="0" LightStyle2="0" Off="0" On="0" ResetBrightness="0"/>
  </Node>
  <Node Id="67" Class="entity:ArkLight" pos="-175,674,0" EntityGUID="{B4CC1EC8-74FE-48D8-B65A-D396D2C2C876}" EntityGUID_64="48D874FEB4CC1EC8">
   <Inputs entityId="0" Brightness="0" DiffuseColor1="0,0,0" DiffuseColor2="0,0,0" LightStyle1="0" LightStyle2="0" Off="0" On="0" ResetBrightness="0"/>
  </Node>
  <Node Id="69" Class="entity:ArkLight" pos="-175,699,0" EntityGUID="{D276C5E2-51DE-41B7-89D5-98E45F0BE5BD}" EntityGUID_64="41B751DED276C5E2">
   <Inputs entityId="0" Brightness="0" DiffuseColor1="0,0,0" DiffuseColor2="0,0,0" LightStyle1="0" LightStyle2="0" Off="0" On="0" ResetBrightness="0"/>
  </Node>
  <Node Id="71" Class="entity:ArkLight" pos="-175,724,0" EntityGUID="{E90E60EB-6F9F-49C5-9DD6-0E781424F1F3}" EntityGUID_64="49C56F9FE90E60EB">
   <Inputs entityId="0" Brightness="0" DiffuseColor1="0,0,0" DiffuseColor2="0,0,0" LightStyle1="0" LightStyle2="0" Off="0" On="0" ResetBrightness="0"/>
  </Node>
  <Node Id="73" Class="entity:ArkLight" pos="-175,749,0" EntityGUID="{D275DEEF-3487-4304-B70F-832E09ABF679}" EntityGUID_64="43043487D275DEEF">
   <Inputs entityId="0" Brightness="0" DiffuseColor1="0,0,0" DiffuseColor2="0,0,0" LightStyle1="0" LightStyle2="0" Off="0" On="0" ResetBrightness="0"/>
  </Node>
  <Node Id="75" Class="entity:ArkLight" pos="-175,774,0" EntityGUID="{A54367FF-CCFE-4B63-B708-0A624F42E2D7}" EntityGUID_64="4B63CCFEA54367FF">
   <Inputs entityId="0" Brightness="0" DiffuseColor1="0,0,0" DiffuseColor2="0,0,0" LightStyle1="0" LightStyle2="0" Off="0" On="0" ResetBrightness="0"/>
  </Node>
 </Nodes>
 <Edges />
 <GraphTokens />
</Graph>
