<EntityPrototypeLibrary Name="Level">
 <EntityPrototype Name="Buttons.Button_SuttleSeat" Id="{C28F471A-1A9F-4E7B-8251-92844FB2270E}" Library="Level" Class="ArkInteractiveObject" Description="" ArchetypeId="14667999412582509262">
  <Properties textActiveUseMessage="" carryForwardOffset="0" carryHeightOffset="0" ability_CarryRequirement="" bCollisionInteraction="1" material_DisabledMaterial="Materials/User/astifter/Invisible_Collision" bDisableOnUse="0" bDisallowGrenades="0" textDisplayName="" fDuration="1" material_EnabledMaterial="Materials/User/astifter/Invisible_Collision" glintconfig_GlintConfig="13856881013222815427" bInteractLOSToParent="1" bIsMimicable="0" object_Model="objects/environment/props/gameplay/cabinet_file_a/cabinet_file_a.cga" textUseMessage="@use_sitdown" bUseSafeCarry="0" sVfxBoneName="" vector_vfxDirInDegrees="0,0,0" vector_vfxOffset="0,0,0" fVfxPulsePeriod="1" fVfxScale="1">
   <Animation anim_Activated="" anim_Deactivated=""/>
   <Disrupt disruptionProfile_Profile="10739735956140212131" audioTrigger_SparkSFX="" particleeffect_SparkVFX=""/>
   <Effects particleeffect_Activated=""/>
   <GameNoise gameNoiseLoudness_GameNoiseLoudness="" gameNoiseType_GameNoiseType=""/>
   <Glow color_DisabledColor="1,1,1" fDisabledGlowAmount="0" color_EnabledColor="0.982251,0.291771,0.291771" fEnabledGlowAmount="2" nGlowSubmatIdA="0" sSkinAttachmentName="" bUseGlow="1"/>
   <MissionReward signalPackage_HealthOnUse="" gametokenid_IsPsiAddedToWater="" bIsWaterSource="0" signalPackage_PsiRewardOnUse=""/>
   <Physics Density="-1" Mass="-1" bPhysicalize="1" bPushableByAI="0" bPushableByPlayers="0" bRigidBody="0">
    <CollisionFiltering>
     <collisionIgnore bT_collision_class_articulated="0" bT_collision_class_living="0" bT_collision_class_particle="0" bT_collision_class_soft="0" bT_collision_class_terrain="0" bT_collision_class_wheeled="0" bT_gcc_ai="0" bT_gcc_breakable="0" bT_gcc_coral="0" bT_gcc_goo="0" bT_gcc_permeable="0" bT_gcc_permeable_to_AOE="0" bT_gcc_player_body="0" bT_gcc_player_capsule="0" bT_gcc_projectile="0" bT_gcc_ragdoll="0" bT_gcc_rigid="0" bT_gcc_smokeform="0" bT_gcc_transparent="0" bT_gcc_unclimbable="0" bT_gcc_vehicle="0"/>
     <collisionType bT_collision_class_articulated="0" bT_collision_class_living="0" bT_collision_class_particle="0" bT_collision_class_soft="0" bT_collision_class_terrain="0" bT_collision_class_wheeled="0" bT_gcc_ai="0" bT_gcc_breakable="0" bT_gcc_coral="0" bT_gcc_goo="0" bT_gcc_permeable="0" bT_gcc_permeable_to_AOE="0" bT_gcc_player_body="0" bT_gcc_player_capsule="0" bT_gcc_projectile="0" bT_gcc_ragdoll="0" bT_gcc_rigid="0" bT_gcc_smokeform="0" bT_gcc_transparent="0" bT_gcc_unclimbable="1" bT_gcc_vehicle="0"/>
    </CollisionFiltering>
   </Physics>
   <RecycleData exotic="0" mineral="0" organic="0" synthetic="0"/>
   <Silhouette fAlpha="0.25" color_RGB="1,1,1"/>
   <Sound audioTrigger_Carry="" audioTrigger_HoldCarryCancel="" audioTrigger_HoldCarryStart="" audioTrigger_Start="" audioTrigger_Stop=""/>
   <AdditionalArchetypeProperties PrototypeMaterial=""/>
  </Properties>
  <ObjectVars OutdoorOnly="0" CastShadow="1" CastShadowMinspec="1" DynamicDistanceShadows="0" ShadowCasterType="2" CastSunShadowMinSpec="8" LodRatio="100" ViewDistRatio="100" CastShadowViewDistRatio="0" HiddenInGame="0" GlobalInSegmentedWorld="0" RecvWind="0" RenderNearest="0" NoStaticDecals="0" CreatedThroughPool="0" SceneIndex="0" HiddenInProbes="0"/>
 </EntityPrototype>
</EntityPrototypeLibrary>
