<MovieData>
 <Mission Name="Mission0">
  <SequenceData>
   <Sequence SequenceVersion="3" Name="ShuttleBay_Sq_01_Bridge_Retract" Flags="0" StartTime="0" EndTime="16.700001" ID="0" ConversationID="DEDEDEDEDEDEDEDE">
    <Nodes>
     <Node Id="1" Type="Entity" Name="AnimObject1" Flags="0" paramIdVersion="9" EntityGUID="4FE06E7A10FBBFCA">
      <Track paramType="Position" Type="4" Flags="0" HasCustomColor="0" ValueType="1">
       <NewSubTrack Flags="0" defaultValue="0,947.20001" HasCustomColor="0"/>
       <NewSubTrack Flags="0" defaultValue="0,1312.2" HasCustomColor="0"/>
       <NewSubTrack Flags="0" defaultValue="0,112.7" HasCustomColor="0"/>
      </Track>
      <Track paramType="Rotation" Type="4" Flags="0" HasCustomColor="0" ValueType="2">
       <NewSubTrack Flags="0" defaultValue="0,0" HasCustomColor="0"/>
       <NewSubTrack Flags="0" defaultValue="0,0" HasCustomColor="0"/>
       <NewSubTrack Flags="0" defaultValue="0,-179.99998" HasCustomColor="0"/>
      </Track>
      <Track paramType="Event" Type="-1" Flags="0" StartTime="0" EndTime="16.700001" HasCustomColor="0" ValueType="-1"/>
      <Track paramType="Animation" Type="-1" AnimationLayer="-1" Flags="0" StartTime="0" EndTime="16.700001" HasCustomColor="0" ValueType="21">
       <Key time="0" anim="Shuttle_Bridge_A_Lower" length="16.666668" charSlot="0" admotion="0" stopAll="0"/>
      </Track>
     </Node>
    </Nodes>
    <Events />
   </Sequence>
   <Sequence SequenceVersion="3" Name="ShuttleBay_Sq_05_DahlAttack" Flags="0" StartTime="0" EndTime="8.5299997" ID="0" ConversationID="BDDB548E569EF3D1">
    <Nodes>
     <Node Id="1" Type="DynamicEntity" Name="CommanderDahl" Flags="4" paramIdVersion="9" EntityGUID="0" debugArchetypeName="ArkHumans.Main.Commander Dahl">
      <Track paramType="Event" Type="-1" Flags="0" StartTime="0" EndTime="8.5299997" HasCustomColor="0" ValueType="-1"/>
      <Track paramType="Mannequin" Type="-1" Flags="0" StartTime="0" EndTime="8.5299997" HasCustomColor="0" ValueType="-1">
       <Key time="0" fragName="Cs_ShuttleBay_Sq05_DahlAttack_Dahl" duration="8.5333338" priority="10" blendIn="0.2" blendOut="0.2" loop="1"/>
      </Track>
      <Track paramType="Dialog" Type="-1" Voice="BDDB548E5550F706" PAChannel="-1" Flags="0" StartTime="0" EndTime="8.5299997" HasCustomColor="0" ValueType="-1">
       <Key time="0" dialogId="BDDB548E56A035CC" channelId="3" duration="4.1224489" animTime="0.82261771" dialogBrief="There&apos;s bad news. You won&apos;t be flying back with me."/>
       <Key time="4.7885551" dialogId="BDDB548E56A035EA" channelId="3" duration="2.0476191" animTime="0.39660922" dialogBrief="But you already knew that, right?"/>
      </Track>
      <Track paramType="ArkPositioning" Type="-1" Flags="0" StartTime="0" EndTime="8.5299997" HasCustomColor="0" ValueType="-1">
       <Key time="0" m="" q="1,0,0,0" t="915.65002,1308.7,130" eo="1" b="0.75"/>
      </Track>
     </Node>
    </Nodes>
    <Events />
   </Sequence>
   <Sequence SequenceVersion="3" Name="ShuttleBay_Sq_03_PodSuccessfulLaunch" Flags="0" StartTime="0" EndTime="13.333334" ID="0" ConversationID="DEDEDEDEDEDEDEDE">
    <Nodes>
     <Node Id="1" Type="Entity" Name="podbay_door_hatch4" Flags="0" paramIdVersion="9" EntityGUID="4BC2E588AC940A08">
      <Track paramType="Position" Type="4" Flags="0" HasCustomColor="0" ValueType="1">
       <NewSubTrack Flags="0" defaultValue="0,1030.3752" HasCustomColor="0">
        <Key time="0" value="0,1030.3752" flags="64" ds="0,0" dd="0.27777779,0"/>
        <Key time="0.83333337" value="0.83333337,1030.3752" flags="64" ds="0.27777779,0" dd="0.05615541,0"/>
        <Key time="1.0017996" value="1.0017996,1030.3752" flags="64" ds="0.056155406,0" dd="1.8882891,0"/>
        <Key time="6.666667" value="6.666667,1030.3752" flags="73" ds="1.8882892,0" dd="1.8882892,0"/>
        <Key time="8.6671228" value="8.6671228,1030.3752" flags="73" ds="0.66681862,0" dd="0.66681862,0"/>
       </NewSubTrack>
       <NewSubTrack Flags="0" defaultValue="0,1369.6001" HasCustomColor="0">
        <Key time="0" value="0,1369.6001" flags="64" ds="0,0" dd="0.27777779,0"/>
        <Key time="0.83333337" value="0.83333337,1369.6001" flags="64" ds="0.27777779,0" dd="0.05615541,0"/>
        <Key time="1.0017996" value="1.0017996,1369.6001" flags="64" ds="0.056155406,0" dd="1.8882891,0"/>
        <Key time="6.666667" value="6.666667,1369.6001" flags="73" ds="1.8882892,0" dd="1.8882892,0"/>
        <Key time="8.6671228" value="8.6671228,1369.6001" flags="73" ds="0.66681862,0" dd="0.66681862,0"/>
       </NewSubTrack>
       <NewSubTrack Flags="0" defaultValue="0,98.000008" HasCustomColor="0">
        <Key time="0" value="0,98.000008" flags="72" ds="0,0" dd="0.33276951,0.05014801"/>
        <Key time="1.0017996" value="1.0017996,105.73197" flags="65" ds="0.33538777,-0.24240112" dd="1.8882891,2.1900277"/>
        <Key time="6.666667" value="6.666667,105.73197" flags="73" ds="1.8882892,0" dd="1.8882892,0"/>
        <Key time="8.6671228" value="8.6671228,97.989014" flags="73" ds="0.66681862,0" dd="0.66681862,0"/>
       </NewSubTrack>
      </Track>
      <Track paramType="Rotation" Type="4" Flags="0" HasCustomColor="0" ValueType="2">
       <NewSubTrack Flags="0" defaultValue="0,0" HasCustomColor="0">
        <Key time="0" value="0,0" flags="73" ds="1,0" dd="1,0"/>
       </NewSubTrack>
       <NewSubTrack Flags="0" defaultValue="0,0" HasCustomColor="0">
        <Key time="0" value="0,0" flags="73" ds="1,0" dd="1,0"/>
       </NewSubTrack>
       <NewSubTrack Flags="0" defaultValue="0,-89.999977" HasCustomColor="0">
        <Key time="0" value="0,-89.999977" flags="73" ds="1,0" dd="1,0"/>
       </NewSubTrack>
      </Track>
      <Track paramType="Event" Type="-1" Flags="0" StartTime="0" EndTime="13.333334" HasCustomColor="0" ValueType="-1"/>
     </Node>
     <Node Id="2" Type="Entity" Name="EscapePod_A_Body5" Flags="0" paramIdVersion="9" EntityGUID="44ED2D125A3D01DA">
      <Track paramType="Position" Type="4" Flags="0" HasCustomColor="0" ValueType="1">
       <NewSubTrack Flags="0" defaultValue="0,1004.3502" HasCustomColor="0">
        <Key time="0" value="0,1004.1385" flags="72" ds="0,0" dd="1.0938723,-0.10461426"/>
        <Key time="3.3337522" value="3.3337522,1169.7625" flags="64" ds="1.1112508,56.058884" dd="0.23965964,12.090027"/>
        <Key time="4.052731" value="4.052731,1208.5852" flags="64" ds="0.23965964,11.860334" dd="0.39876276,19.734068"/>
        <Key time="5.2490191" value="5.2490191,1264.5457" flags="64" ds="0.39876273,16.076202" dd="0.47418004,19.116667"/>
        <Key time="6.6715593" value="6.6715593,1314.1638" flags="64" ds="0.47418007,15.833528" dd="0.53289801,17.794201"/>
        <Key time="8.2702532" value="8.2702532,1365.4288" flags="73" ds="0.53289795,6.5934415" dd="0.57169664,7.0734897"/>
        <Key time="9.985343" value="9.985343,1361.6565" flags="64" ds="0.57169658,-18.184034" dd="1.1159971,-35.496674"/>
        <Key time="13.333334" value="13.333334,1204.3867" flags="76" ds="1.1159971,-52.42326" dd="1.1159971,0"/>
       </NewSubTrack>
       <NewSubTrack Flags="0" defaultValue="0,1369.4996" HasCustomColor="0">
        <Key time="0" value="0,1369.4996" flags="64" ds="0,0" dd="0.44437861,0"/>
        <Key time="1.3331358" value="1.3331358,1369.4996" flags="76" ds="0.44437861,0" dd="0.44437861,0"/>
        <Key time="3.3337522" value="3.3337522,1369.4996" flags="64" ds="0.66687208,0.31321752" dd="0.23965965,0.11256372"/>
        <Key time="4.052731" value="4.052731,1370.777" flags="64" ds="0.23965964,0.95350879" dd="0.87294281,3.4730864"/>
        <Key time="6.6715593" value="6.6715593,1382.7794" flags="64" ds="0.87294281,9.0259151" dd="0.53289795,5.5099735"/>
        <Key time="8.2702532" value="8.2702532,1414.3846" flags="73" ds="0.53289795,13.500302" dd="0.57169664,14.483218"/>
        <Key time="9.985343" value="9.985343,1491.5155" flags="64" ds="0.57169658,50.353222" dd="1.1159971,98.29348"/>
        <Key time="13.333334" value="13.333334,1860.3247" flags="76" ds="1.1159971,122.9364" dd="1.1159971,0"/>
       </NewSubTrack>
       <NewSubTrack Flags="0" defaultValue="0,95.950012" HasCustomColor="0">
        <Key time="0" value="0,95.950012" flags="64" ds="0,0" dd="0.44437861,0"/>
        <Key time="1.3331358" value="1.3331358,95.950012" flags="76" ds="0.44437861,0" dd="0.44437861,0"/>
        <Key time="3.3337522" value="3.3337522,95.950012" flags="64" ds="0.66687208,0.2243562" dd="0.23965965,0.08062885"/>
        <Key time="4.052731" value="4.052731,96.864967" flags="64" ds="0.23965964,1.0814246" dd="0.78872341,3.5589845"/>
        <Key time="6.418901" value="6.418901,109.87124" flags="64" ds="0.78872335,9.390624" dd="0.6171174,7.347466"/>
        <Key time="8.2702532" value="8.2702532,147.07924" flags="73" ds="0.61711735,14.678069" dd="0.57169658,13.597741"/>
        <Key time="9.985343" value="9.985343,193.20665" flags="64" ds="0.57169658,19.110216" dd="1.1159971,37.304657"/>
        <Key time="13.333334" value="13.333334,316.32385" flags="76" ds="1.1159971,41.03907" dd="1.1159971,0"/>
       </NewSubTrack>
      </Track>
      <Track paramType="Rotation" Type="4" Flags="0" HasCustomColor="0" ValueType="2">
       <NewSubTrack Flags="0" defaultValue="0,0" HasCustomColor="0">
        <Key time="0" value="0,0" flags="73" ds="1,0" dd="1,0"/>
        <Key time="2.6666667" value="2.6666667,0" flags="73" ds="1.1111112,0" dd="0.72003794,0"/>
        <Key time="5.666667" value="5.666667,83.397461" flags="64" ds="1.0000001,14.040609" dd="0.85841709,12.052698"/>
        <Key time="8.2419186" value="8.2419186,78.279922" flags="64" ds="0.85841721,-0.61348718" dd="1.6971387,-1.2128984"/>
        <Key time="13.333334" value="13.333334,77.918304" flags="64" ds="1.6971385,-0.12053935" dd="0,0"/>
       </NewSubTrack>
       <NewSubTrack Flags="0" defaultValue="0,-0" HasCustomColor="0">
        <Key time="0" value="0,-0" flags="73" ds="1,0" dd="1,0"/>
        <Key time="3.3333335" value="3.3333335,-0" flags="73" ds="1.1111112,0" dd="0.72003794,0"/>
        <Key time="4.3333335" value="4.3333335,1.7075472e-06" flags="73" ds="0.24001265,0" dd="0.24001265,0"/>
        <Key time="5.2333336" value="5.2333336,1.7075472e-06" flags="64" ds="0.30000004,0.59597331" dd="0.47560486,0.94482583"/>
        <Key time="6.6601481" value="6.6601481,4.6223993" flags="64" ds="0.47560486,0.81089872" dd="2.2243953,3.7925587"/>
        <Key time="13.333334" value="13.333334,13.810374" flags="64" ds="2.2243953,3.0626583" dd="0,0"/>
       </NewSubTrack>
       <NewSubTrack Flags="0" defaultValue="0,89.999992" HasCustomColor="0">
        <Key time="0" value="0,89.999985" flags="73" ds="1,0" dd="1,0"/>
        <Key time="3.3333335" value="3.3333335,89.999985" flags="73" ds="1.1111112,0" dd="0.72003794,0"/>
        <Key time="4.3333335" value="4.3333335,89.999977" flags="73" ds="0.24001265,0" dd="0.24001265,0"/>
        <Key time="5.2333336" value="5.2333336,89.999977" flags="64" ds="0.30000004,2.1115646" dd="0.47560486,3.3475676"/>
        <Key time="6.6601481" value="6.6601481,106.37737" flags="64" ds="0.47560486,7.1041126" dd="2.2243953,33.225803"/>
        <Key time="13.333334" value="13.333334,210.98973" flags="64" ds="2.2243953,34.870789" dd="0,0"/>
       </NewSubTrack>
      </Track>
      <Track paramType="Event" Type="-1" Flags="0" StartTime="0" EndTime="13.333334" HasCustomColor="0" ValueType="-1"/>
     </Node>
     <Node Id="3" Type="Entity" Name="back_booster_01" Flags="0" paramIdVersion="9" EntityGUID="45BC0289768DB062">
      <Track paramType="Position" Type="4" Flags="0" HasCustomColor="0" ValueType="1">
       <NewSubTrack Flags="0" defaultValue="0.0099999998,-0.68078613" HasCustomColor="0"/>
       <NewSubTrack Flags="0" defaultValue="0.0099999998,2.651001" HasCustomColor="0"/>
       <NewSubTrack Flags="0" defaultValue="0.0099999998,2.2902451" HasCustomColor="0"/>
      </Track>
      <Track paramType="Rotation" Type="4" Flags="0" HasCustomColor="0" ValueType="2">
       <NewSubTrack Flags="0" defaultValue="0.0099999998,89.999992" HasCustomColor="0"/>
       <NewSubTrack Flags="0" defaultValue="0.0099999998,-0" HasCustomColor="0"/>
       <NewSubTrack Flags="0" defaultValue="0.0099999998,179.99998" HasCustomColor="0"/>
      </Track>
      <Track paramType="Event" Type="-1" Flags="0" StartTime="0" EndTime="13.333334" HasCustomColor="0" ValueType="-1">
       <Key time="0" event="Enable"/>
       <Key time="3" event="Disable"/>
      </Track>
     </Node>
     <Node Id="4" Type="Entity" Name="back_booster_02" Flags="0" paramIdVersion="9" EntityGUID="4D0006AD61A9164C">
      <Track paramType="Position" Type="4" Flags="0" HasCustomColor="0" ValueType="1">
       <NewSubTrack Flags="0" defaultValue="0.0099999998,-0.68615723" HasCustomColor="0"/>
       <NewSubTrack Flags="0" defaultValue="0.0099999998,2.6306152" HasCustomColor="0"/>
       <NewSubTrack Flags="0" defaultValue="0.0099999998,2.0258865" HasCustomColor="0"/>
      </Track>
      <Track paramType="Rotation" Type="4" Flags="0" HasCustomColor="0" ValueType="2">
       <NewSubTrack Flags="0" defaultValue="0.0099999998,89.999992" HasCustomColor="0"/>
       <NewSubTrack Flags="0" defaultValue="0.0099999998,-0" HasCustomColor="0"/>
       <NewSubTrack Flags="0" defaultValue="0.0099999998,179.99998" HasCustomColor="0"/>
      </Track>
      <Track paramType="Event" Type="-1" Flags="0" StartTime="0" EndTime="13.333334" HasCustomColor="0" ValueType="-1">
       <Key time="0" event="Enable"/>
       <Key time="3" event="Disable"/>
      </Track>
     </Node>
     <Node Id="5" Type="Entity" Name="back_booster_04" Flags="0" paramIdVersion="9" EntityGUID="4942D45C11665476">
      <Track paramType="Position" Type="4" Flags="0" HasCustomColor="0" ValueType="1">
       <NewSubTrack Flags="0" defaultValue="0.0099999998,0.68737793" HasCustomColor="0"/>
       <NewSubTrack Flags="0" defaultValue="0.0099999998,2.6538696" HasCustomColor="0"/>
       <NewSubTrack Flags="0" defaultValue="0.0099999998,2.2780457" HasCustomColor="0"/>
      </Track>
      <Track paramType="Rotation" Type="4" Flags="0" HasCustomColor="0" ValueType="2">
       <NewSubTrack Flags="0" defaultValue="0.0099999998,89.999992" HasCustomColor="0"/>
       <NewSubTrack Flags="0" defaultValue="0.0099999998,-0" HasCustomColor="0"/>
       <NewSubTrack Flags="0" defaultValue="0.0099999998,179.99998" HasCustomColor="0"/>
      </Track>
      <Track paramType="Event" Type="-1" Flags="0" StartTime="0" EndTime="13.333334" HasCustomColor="0" ValueType="-1">
       <Key time="0" event="Enable"/>
       <Key time="3" event="Disable"/>
      </Track>
     </Node>
     <Node Id="6" Type="Entity" Name="back_booster_03" Flags="0" paramIdVersion="9" EntityGUID="448DC36A7F2D9F19">
      <Track paramType="Position" Type="4" Flags="0" HasCustomColor="0" ValueType="1">
       <NewSubTrack Flags="0" defaultValue="0.0099999998,0.68762207" HasCustomColor="0"/>
       <NewSubTrack Flags="0" defaultValue="0.0099999998,2.6321411" HasCustomColor="0"/>
       <NewSubTrack Flags="0" defaultValue="0.0099999998,2.0380783" HasCustomColor="0"/>
      </Track>
      <Track paramType="Rotation" Type="4" Flags="0" HasCustomColor="0" ValueType="2">
       <NewSubTrack Flags="0" defaultValue="0.0099999998,89.999992" HasCustomColor="0"/>
       <NewSubTrack Flags="0" defaultValue="0.0099999998,-0" HasCustomColor="0"/>
       <NewSubTrack Flags="0" defaultValue="0.0099999998,179.99998" HasCustomColor="0"/>
      </Track>
      <Track paramType="Event" Type="-1" Flags="0" StartTime="0" EndTime="13.333334" HasCustomColor="0" ValueType="-1">
       <Key time="0" event="Enable"/>
       <Key time="3" event="Disable"/>
      </Track>
     </Node>
     <Node Id="7" Type="Entity" Name="bottom_booster_04" Flags="0" paramIdVersion="9" EntityGUID="44A099E3C2535336">
      <Track paramType="Position" Type="4" Flags="0" HasCustomColor="0" ValueType="1">
       <NewSubTrack Flags="0" defaultValue="0.0099999998,-1.0506592" HasCustomColor="0"/>
       <NewSubTrack Flags="0" defaultValue="0.0099999998,0.87634277" HasCustomColor="0"/>
       <NewSubTrack Flags="0" defaultValue="0.0099999998,0.30168152" HasCustomColor="0"/>
      </Track>
      <Track paramType="Rotation" Type="4" Flags="0" HasCustomColor="0" ValueType="2">
       <NewSubTrack Flags="0" defaultValue="0.0099999998,179.99998" HasCustomColor="0"/>
       <NewSubTrack Flags="0" defaultValue="0.0099999998,0" HasCustomColor="0"/>
       <NewSubTrack Flags="0" defaultValue="0.0099999998,0" HasCustomColor="0"/>
      </Track>
      <Track paramType="Event" Type="-1" Flags="0" StartTime="0" EndTime="13.333334" HasCustomColor="0" ValueType="-1">
       <Key time="0" event="Disable"/>
       <Key time="3.2" event="Enable"/>
      </Track>
     </Node>
     <Node Id="8" Type="Entity" Name="bottom_booster_05" Flags="0" paramIdVersion="9" EntityGUID="4FE06BB93D09F265">
      <Track paramType="Position" Type="4" Flags="0" HasCustomColor="0" ValueType="1">
       <NewSubTrack Flags="0" defaultValue="0.0099999998,-1.052002" HasCustomColor="0"/>
       <NewSubTrack Flags="0" defaultValue="0.0099999998,0.017822266" HasCustomColor="0"/>
       <NewSubTrack Flags="0" defaultValue="0.0099999998,0.30168152" HasCustomColor="0"/>
      </Track>
      <Track paramType="Rotation" Type="4" Flags="0" HasCustomColor="0" ValueType="2">
       <NewSubTrack Flags="0" defaultValue="0.0099999998,179.99998" HasCustomColor="0"/>
       <NewSubTrack Flags="0" defaultValue="0.0099999998,0" HasCustomColor="0"/>
       <NewSubTrack Flags="0" defaultValue="0.0099999998,0" HasCustomColor="0"/>
      </Track>
      <Track paramType="Event" Type="-1" Flags="0" StartTime="0" EndTime="13.333334" HasCustomColor="0" ValueType="-1">
       <Key time="0" event="Disable"/>
       <Key time="5.2800002" event="Enable"/>
      </Track>
     </Node>
     <Node Id="9" Type="Entity" Name="bottom_booster_06" Flags="0" paramIdVersion="9" EntityGUID="465E3ADFB36422D6">
      <Track paramType="Position" Type="4" Flags="0" HasCustomColor="0" ValueType="1">
       <NewSubTrack Flags="0" defaultValue="0.0099999998,-1.0682373" HasCustomColor="0"/>
       <NewSubTrack Flags="0" defaultValue="0.0099999998,-0.86968994" HasCustomColor="0"/>
       <NewSubTrack Flags="0" defaultValue="0.0099999998,0.30168152" HasCustomColor="0"/>
      </Track>
      <Track paramType="Rotation" Type="4" Flags="0" HasCustomColor="0" ValueType="2">
       <NewSubTrack Flags="0" defaultValue="0.0099999998,179.99998" HasCustomColor="0"/>
       <NewSubTrack Flags="0" defaultValue="0.0099999998,0" HasCustomColor="0"/>
       <NewSubTrack Flags="0" defaultValue="0.0099999998,0" HasCustomColor="0"/>
      </Track>
      <Track paramType="Event" Type="-1" Flags="0" StartTime="0" EndTime="13.333334" HasCustomColor="0" ValueType="-1">
       <Key time="0" event="Disable"/>
       <Key time="5.6199999" event="Enable"/>
      </Track>
     </Node>
     <Node Id="10" Type="Entity" Name="bottom_booster_03" Flags="0" paramIdVersion="9" EntityGUID="4ECD1D4D302B131B">
      <Track paramType="Position" Type="4" Flags="0" HasCustomColor="0" ValueType="1">
       <NewSubTrack Flags="0" defaultValue="0.0099999998,1.0698242" HasCustomColor="0"/>
       <NewSubTrack Flags="0" defaultValue="0.0099999998,0.8515625" HasCustomColor="0"/>
       <NewSubTrack Flags="0" defaultValue="0.0099999998,0.30168152" HasCustomColor="0"/>
      </Track>
      <Track paramType="Rotation" Type="4" Flags="0" HasCustomColor="0" ValueType="2">
       <NewSubTrack Flags="0" defaultValue="0.0099999998,179.99998" HasCustomColor="0"/>
       <NewSubTrack Flags="0" defaultValue="0.0099999998,0" HasCustomColor="0"/>
       <NewSubTrack Flags="0" defaultValue="0.0099999998,0" HasCustomColor="0"/>
      </Track>
      <Track paramType="Event" Type="-1" Flags="0" StartTime="0" EndTime="13.333334" HasCustomColor="0" ValueType="-1">
       <Key time="0" event="Disable"/>
       <Key time="3.2" event="Enable"/>
      </Track>
     </Node>
     <Node Id="11" Type="Entity" Name="bottom_booster_02" Flags="0" paramIdVersion="9" EntityGUID="49F4B6EEFC1EE5E8">
      <Track paramType="Position" Type="4" Flags="0" HasCustomColor="0" ValueType="1">
       <NewSubTrack Flags="0" defaultValue="0.0099999998,1.0469971" HasCustomColor="0"/>
       <NewSubTrack Flags="0" defaultValue="0.0099999998,-0.012878418" HasCustomColor="0"/>
       <NewSubTrack Flags="0" defaultValue="0.0099999998,0.30168152" HasCustomColor="0"/>
      </Track>
      <Track paramType="Rotation" Type="4" Flags="0" HasCustomColor="0" ValueType="2">
       <NewSubTrack Flags="0" defaultValue="0.0099999998,179.99998" HasCustomColor="0"/>
       <NewSubTrack Flags="0" defaultValue="0.0099999998,0" HasCustomColor="0"/>
       <NewSubTrack Flags="0" defaultValue="0.0099999998,0" HasCustomColor="0"/>
      </Track>
      <Track paramType="Event" Type="-1" Flags="0" StartTime="0" EndTime="13.333334" HasCustomColor="0" ValueType="-1">
       <Key time="0" event="Disable"/>
       <Key time="5.2800002" event="Enable"/>
      </Track>
     </Node>
     <Node Id="12" Type="Entity" Name="bottom_booster_01" Flags="0" paramIdVersion="9" EntityGUID="40BC6F4BC90FAC4A">
      <Track paramType="Position" Type="4" Flags="0" HasCustomColor="0" ValueType="1">
       <NewSubTrack Flags="0" defaultValue="0.0099999998,1.0679932" HasCustomColor="0"/>
       <NewSubTrack Flags="0" defaultValue="0.0099999998,-0.85681152" HasCustomColor="0"/>
       <NewSubTrack Flags="0" defaultValue="0.0099999998,0.30168152" HasCustomColor="0"/>
      </Track>
      <Track paramType="Rotation" Type="4" Flags="0" HasCustomColor="0" ValueType="2">
       <NewSubTrack Flags="0" defaultValue="0.0099999998,179.99998" HasCustomColor="0"/>
       <NewSubTrack Flags="0" defaultValue="0.0099999998,0" HasCustomColor="0"/>
       <NewSubTrack Flags="0" defaultValue="0.0099999998,0" HasCustomColor="0"/>
      </Track>
      <Track paramType="Event" Type="-1" Flags="0" StartTime="0" EndTime="13.333334" HasCustomColor="0" ValueType="-1">
       <Key time="0" event="Disable"/>
       <Key time="5.6199999" event="Enable"/>
      </Track>
     </Node>
    </Nodes>
    <Events />
   </Sequence>
   <Sequence SequenceVersion="3" Name="ShuttleBay_Sq_04_ShuttleEscape_StartLoop" Flags="4" StartTime="0" EndTime="25.6" ID="0" ConversationID="DEDEDEDEDEDEDEDE">
    <Nodes>
     <Node Id="1" Type="DynamicEntity" Name="Commander_Dahl_Shuttle" Flags="4" paramIdVersion="9" EntityGUID="0" debugArchetypeName="ArkHumans.Main.Commander Dahl_Unarmed">
      <Track paramType="Event" Type="-1" Flags="0" StartTime="0" EndTime="25.6" HasCustomColor="0" ValueType="-1"/>
      <Track paramType="Mannequin" Type="-1" Flags="0" StartTime="0" EndTime="25.6" HasCustomColor="0" ValueType="-1">
       <Key time="0" fragName="Cs_ShuttleBay_ShuttleEscape_StartLoop_Dahl" duration="70.400002" priority="10" blendIn="0.2" blendOut="0.2" loop="1"/>
      </Track>
      <Track paramType="ArkPositioning" Type="-1" Flags="0" StartTime="0" EndTime="25.6" HasCustomColor="0" ValueType="-1">
       <Key time="0" m="" q="0.70710683,0,-0,0.70710671" t="940.80133,1288.2374,117.82483" eo="0" b="0.2"/>
      </Track>
      <Track paramType="ArkCollider" Type="-1" Flags="0" StartTime="0" EndTime="25.6" HasCustomColor="0" ValueType="-1">
       <Key time="0" mode="5" resetOnExit="0" resetOnAbort="1"/>
      </Track>
      <Track paramType="ArkHideAttachment" Type="-1" Flags="0" StartTime="0" EndTime="25.6" HasCustomColor="0" ValueType="-1">
       <Key time="0" m_attachmentName="weapon" hide="1"/>
      </Track>
      <Track paramType="ArkHideAttachment" Type="-1" Flags="0" StartTime="0" EndTime="25.6" HasCustomColor="0" ValueType="-1">
       <Key time="0" m_attachmentName="backpack_sim" hide="1"/>
      </Track>
     </Node>
     <Node Id="3" Type="Entity" Name="Shuttle_Transtar_A_ChairSetup1" Flags="0" paramIdVersion="9" EntityGUID="47C9897349E1AAC3">
      <Track paramType="Position" Type="4" Flags="0" HasCustomColor="0" ValueType="1">
       <NewSubTrack Flags="0" defaultValue="0,941.00299" HasCustomColor="0">
        <Key time="0" value="0,941.00299" flags="73" ds="1,0" dd="1,0"/>
       </NewSubTrack>
       <NewSubTrack Flags="0" defaultValue="0,1288.98" HasCustomColor="0">
        <Key time="0" value="0,1288.98" flags="73" ds="1,0" dd="1,0"/>
       </NewSubTrack>
       <NewSubTrack Flags="0" defaultValue="0,117.837" HasCustomColor="0">
        <Key time="0" value="0,117.837" flags="73" ds="1,0" dd="1,0"/>
       </NewSubTrack>
      </Track>
      <Track paramType="Rotation" Type="4" Flags="0" HasCustomColor="0" ValueType="2">
       <NewSubTrack Flags="0" defaultValue="0,0" HasCustomColor="0">
        <Key time="0" value="0,0" flags="73" ds="1,0" dd="1,0"/>
       </NewSubTrack>
       <NewSubTrack Flags="0" defaultValue="0,-0" HasCustomColor="0">
        <Key time="0" value="0,0" flags="73" ds="1,0" dd="1,0"/>
       </NewSubTrack>
       <NewSubTrack Flags="0" defaultValue="0,89.999992" HasCustomColor="0">
        <Key time="0" value="0,89.999985" flags="73" ds="1,0" dd="1,0"/>
       </NewSubTrack>
      </Track>
      <Track paramType="Event" Type="-1" Flags="0" StartTime="0" EndTime="25.6" HasCustomColor="0" ValueType="-1"/>
      <Track paramType="Animation" Type="-1" AnimationLayer="-1" Flags="0" StartTime="0" EndTime="25.6" HasCustomColor="0" ValueType="21">
       <Key time="0" anim="ShuttleBay_Sq_04_ShuttleEscape_Idle_Cockpit" length="0.033333335" loop="1" charSlot="0" admotion="0" stopAll="0"/>
      </Track>
     </Node>
    </Nodes>
    <Events />
   </Sequence>
   <Sequence SequenceVersion="3" Name="ShuttleBay_Sq_04_ShuttleEscape" Flags="0" StartTime="0" EndTime="24.000002" ID="0" ConversationID="BDDB548E55CCC153">
    <Nodes>
     <Node Id="1" Type="DynamicEntity" Name="Commander_Dahl_Shuttle" Flags="4" paramIdVersion="9" EntityGUID="0" debugArchetypeName="ArkHumans.Main.Commander Dahl_Unarmed">
      <Track paramType="Event" Type="-1" Flags="0" StartTime="0" EndTime="24.000002" HasCustomColor="0" ValueType="-1"/>
      <Track paramType="Mannequin" Type="-1" Flags="0" StartTime="0" EndTime="24.000002" HasCustomColor="0" ValueType="-1">
       <Key time="0" fragName="Cs_ShuttleBay_ShuttleEscape_Dahl" duration="24.000002" priority="10" blendIn="0.2" blendOut="0.2" loop="1"/>
      </Track>
      <Track paramType="Dialog" Type="-1" Voice="BDDB548E5550F706" PAChannel="-1" Flags="0" StartTime="0" EndTime="24.000002" HasCustomColor="0" ValueType="-1">
       <Key time="5.7666669" dialogId="BDDB548E55CCC1A2" channelId="0" duration="5.6609979" animTime="0.32463539" dialogBrief="Ready or not, starting debark operations. Pre-flight check i..."/>
       <Key time="14.300001" dialogId="BDDB548E56A17A8C" channelId="-1" duration="2.3441041" animTime="0.34159088" dialogBrief="Hang on to your seat. This will be a rough ride."/>
      </Track>
      <Track paramType="ArkPositioning" Type="-1" Flags="0" StartTime="0" EndTime="24.000002" HasCustomColor="0" ValueType="-1">
       <Key time="0" m="" q="-0.70710677,0,0,-0.70710677" t="940.80133,1288.2374,117.82483" eo="0" b="0.2"/>
      </Track>
      <Track paramType="ArkCollider" Type="-1" Flags="0" StartTime="0" EndTime="24.000002" HasCustomColor="0" ValueType="-1">
       <Key time="0" mode="5" resetOnExit="0" resetOnAbort="1"/>
      </Track>
      <Track paramType="ArkHideAttachment" Type="-1" Flags="0" StartTime="0" EndTime="24.000002" HasCustomColor="0" ValueType="-1">
       <Key time="0" m_attachmentName="weapon" hide="1"/>
      </Track>
      <Track paramType="ArkHideAttachment" Type="-1" Flags="0" StartTime="0" EndTime="24.000002" HasCustomColor="0" ValueType="-1">
       <Key time="0" m_attachmentName="backpack_sim" hide="1"/>
      </Track>
     </Node>
     <Node Id="2" Type="PlayerEntity" Name="ArkPlayer" Flags="0" paramIdVersion="9" EntityGUID="0" debugClassName="ArkTrackviewDumbyPlayer">
      <Track paramType="Event" Type="-1" Flags="0" StartTime="0" EndTime="24.000002" HasCustomColor="0" ValueType="-1"/>
      <Track paramType="Sound" Type="-1" Flags="0" StartTime="0" EndTime="24.000002" HasCustomColor="0" ValueType="-1">
       <Key time="0.021295842" StartTrigger="Play_Evnt_Sq_04_ShuttleEscape" StopTrigger="" Duration="0" CustomColor="0.18782079,0.18782079,1"/>
      </Track>
      <Track paramType="Mannequin" Type="-1" Flags="0" StartTime="0" EndTime="24.000002" HasCustomColor="0" ValueType="-1">
       <Key time="0" fragName="Cs_ShuttleBay_Sq04_ShuttleEscape_Player" duration="15.000001" priority="10" blendIn="0.2" blendOut="0.2" loop="1"/>
      </Track>
      <Track paramType="CameraLock" Type="-1" Flags="0" StartTime="0" EndTime="24.000002" HasCustomColor="0" ValueType="-1">
       <Key time="0" lock="1" interp="-1"/>
       <Key time="5.666667" lock="0" interp="-1"/>
      </Track>
      <Track paramType="ArkPositioning" Type="-1" Flags="0" StartTime="0" EndTime="24.000002" HasCustomColor="0" ValueType="-1">
       <Key time="0" m="" q="0.70710814,0,0,0.7071054" t="942.56726,1289,117.90199" eo="0" b="0.2"/>
      </Track>
      <Track paramType="ArkCollider" Type="-1" Flags="0" StartTime="0" EndTime="24.000002" HasCustomColor="0" ValueType="-1">
       <Key time="0" mode="5" resetOnExit="0" resetOnAbort="1"/>
      </Track>
     </Node>
     <Node Id="3" Type="Entity" Name="Shuttle_Transtar_A_ChairSetup1" Flags="0" paramIdVersion="9" EntityGUID="47C9897349E1AAC3">
      <Track paramType="Position" Type="4" Flags="0" HasCustomColor="0" ValueType="1">
       <NewSubTrack Flags="0" defaultValue="0,941.00299" HasCustomColor="0">
        <Key time="0" value="0,941.00299" flags="73" ds="1,0" dd="1,0"/>
       </NewSubTrack>
       <NewSubTrack Flags="0" defaultValue="0,1288.98" HasCustomColor="0">
        <Key time="0" value="0,1288.98" flags="73" ds="1,0" dd="1,0"/>
       </NewSubTrack>
       <NewSubTrack Flags="0" defaultValue="0,117.837" HasCustomColor="0">
        <Key time="0" value="0,117.837" flags="73" ds="1,0" dd="1,0"/>
       </NewSubTrack>
      </Track>
      <Track paramType="Rotation" Type="4" Flags="0" HasCustomColor="0" ValueType="2">
       <NewSubTrack Flags="0" defaultValue="0,0" HasCustomColor="0">
        <Key time="0" value="0,0" flags="73" ds="1,0" dd="1,0"/>
       </NewSubTrack>
       <NewSubTrack Flags="0" defaultValue="0,-0" HasCustomColor="0">
        <Key time="0" value="0,0" flags="73" ds="1,0" dd="1,0"/>
       </NewSubTrack>
       <NewSubTrack Flags="0" defaultValue="0,89.999992" HasCustomColor="0">
        <Key time="0" value="0,89.999985" flags="73" ds="1,0" dd="1,0"/>
       </NewSubTrack>
      </Track>
      <Track paramType="Event" Type="-1" Flags="0" StartTime="0" EndTime="24.000002" HasCustomColor="0" ValueType="-1"/>
      <Track paramType="Animation" Type="-1" AnimationLayer="-1" Flags="0" StartTime="0" EndTime="24.000002" HasCustomColor="0" ValueType="21">
       <Key time="0" anim="ShuttleBay_Sq_04_ShuttleEscape_Cockpit" length="24.000002" charSlot="0" admotion="0" stopAll="0"/>
      </Track>
     </Node>
     <Node Id="4" Type="Event" Name="ShuttleEndgame" Flags="4" paramIdVersion="9">
      <Track paramType="TrackEvent" Type="-1" Flags="0" StartTime="0" EndTime="24.000002" HasCustomColor="0" ValueType="-1">
       <Key time="21.9375" event="FadeOut"/>
      </Track>
     </Node>
    </Nodes>
    <Events>
     <Event Name="FadeOut"/>
    </Events>
   </Sequence>
   <Sequence SequenceVersion="3" Name="ShuttleDoor" Flags="0" StartTime="0" EndTime="2.25" ID="0" ConversationID="DEDEDEDEDEDEDEDE">
    <Nodes>
     <Node Id="2" Type="Entity" Name="shuttle_transtar_a_ext_door2" Flags="0" paramIdVersion="9" EntityGUID="4270C12C6FF41F86">
      <Track paramType="Position" Type="4" Flags="0" HasCustomColor="0" ValueType="1">
       <NewSubTrack Flags="0" defaultValue="0,953.66272" HasCustomColor="0">
        <Key time="0" value="0,953.66272" flags="73" ds="1,0" dd="1,0"/>
        <Key time="1.9998442" value="1.9998442,952.30243" flags="73" ds="0.66666669,0" dd="0.12415135,0"/>
        <Key time="2.2498248" value="2.2498248,952.30249" flags="73" ds="0.041718602,0" dd="0.041718602,0"/>
       </NewSubTrack>
       <NewSubTrack Flags="0" defaultValue="0,1292.6663" HasCustomColor="0">
        <Key time="0" value="0,1292.6663" flags="73" ds="1,0" dd="1,0"/>
        <Key time="1.9998442" value="1.9998442,1292.6088" flags="73" ds="0.66666669,0" dd="0.12415135,0"/>
        <Key time="2.2498248" value="2.2498248,1292.5" flags="73" ds="0.041718602,0" dd="0.041718602,0"/>
       </NewSubTrack>
       <NewSubTrack Flags="0" defaultValue="0,117.21767" HasCustomColor="0">
        <Key time="0" value="0,117.2" flags="73" ds="1,0" dd="1,0"/>
        <Key time="1.9998442" value="1.9998442,117.2" flags="73" ds="0.66666669,0" dd="0.12415135,0"/>
        <Key time="2.2498248" value="2.2498248,117.2" flags="73" ds="0.041718602,0" dd="0.041718602,0"/>
       </NewSubTrack>
      </Track>
      <Track paramType="Rotation" Type="4" Flags="0" HasCustomColor="0" ValueType="2">
       <NewSubTrack Flags="0" defaultValue="0,0" HasCustomColor="0"/>
       <NewSubTrack Flags="0" defaultValue="0,-0" HasCustomColor="0"/>
       <NewSubTrack Flags="0" defaultValue="0,89.999992" HasCustomColor="0"/>
      </Track>
      <Track paramType="Event" Type="-1" Flags="0" StartTime="0" EndTime="2.25" HasCustomColor="0" ValueType="-1"/>
     </Node>
    </Nodes>
    <Events />
   </Sequence>
   <Sequence SequenceVersion="3" Name="ShuttleBay_Sq_04_ShuttleEscape_AaronIngram" Flags="4" StartTime="0" EndTime="10" ID="0" ConversationID="DEDEDEDEDEDEDEDE">
    <Nodes>
     <Node Id="4" Type="DynamicEntity" Name="AaronIngram" Flags="4" paramIdVersion="9" EntityGUID="0" debugArchetypeName="ArkHumans.Volunteer.Aaron Ingram (Unarmed)">
      <Track paramType="Event" Type="-1" Flags="0" StartTime="0" EndTime="10" HasCustomColor="0" ValueType="-1"/>
      <Track paramType="Mannequin" Type="-1" Flags="0" StartTime="0" EndTime="10" HasCustomColor="0" ValueType="-1">
       <Key time="0" fragName="Cs_ShuttleBay_Sq04_ShuttleEscape_ChairIdle_AaronIngram" priority="10" blendIn="0.2" blendOut="0.2" loop="1"/>
      </Track>
      <Track paramType="ArkPositioning" Type="-1" Flags="0" StartTime="0" EndTime="10" HasCustomColor="0" ValueType="-1">
       <Key time="0" m="" q="0.34202051,0,0,0.9396925" t="947.55505,1290.634,118.52556" eo="0" b="0.2"/>
      </Track>
      <Track paramType="ArkCollider" Type="-1" Flags="0" StartTime="0" EndTime="10" HasCustomColor="0" ValueType="-1">
       <Key time="0" mode="5" resetOnExit="0" resetOnAbort="1"/>
      </Track>
     </Node>
    </Nodes>
    <Events />
   </Sequence>
   <Sequence SequenceVersion="3" Name="Shuttle_BridgeRailing" Flags="0" StartTime="0" EndTime="4" ID="0" ConversationID="DEDEDEDEDEDEDEDE">
    <Nodes>
     <Node Id="1" Type="Entity" Name="stairs_neodeco_a_0_5m114" Flags="0" paramIdVersion="9" EntityGUID="404E9ADA2B97F7C3">
      <Track paramType="Position" Type="4" Flags="0" HasCustomColor="0" ValueType="1">
       <NewSubTrack Flags="0" defaultValue="0,940.72974" HasCustomColor="0">
        <Key time="0" value="0,945.12976" flags="73" ds="1,0" dd="1,0"/>
        <Key time="4" value="4,940.72974" flags="73" ds="1.3333334,0" dd="1.3333334,0"/>
       </NewSubTrack>
       <NewSubTrack Flags="0" defaultValue="0,1312.23" HasCustomColor="0">
        <Key time="0" value="0,1312.23" flags="73" ds="1,0" dd="1,0"/>
        <Key time="4" value="4,1312.23" flags="73" ds="1.3333334,0" dd="1.3333334,0"/>
       </NewSubTrack>
       <NewSubTrack Flags="0" defaultValue="0,113" HasCustomColor="0">
        <Key time="0" value="0,113" flags="73" ds="1,0" dd="1,0"/>
        <Key time="4" value="4,113" flags="73" ds="1.3333334,0" dd="1.3333334,0"/>
       </NewSubTrack>
      </Track>
      <Track paramType="Rotation" Type="4" Flags="0" HasCustomColor="0" ValueType="2">
       <NewSubTrack Flags="0" defaultValue="0,0" HasCustomColor="0"/>
       <NewSubTrack Flags="0" defaultValue="0,-0" HasCustomColor="0"/>
       <NewSubTrack Flags="0" defaultValue="0,5.9195727e-06" HasCustomColor="0"/>
      </Track>
      <Track paramType="Event" Type="-1" Flags="0" StartTime="0" EndTime="4" HasCustomColor="0" ValueType="-1"/>
      <Track paramType="Sound" Type="-1" Flags="0" StartTime="0" EndTime="4" HasCustomColor="0" ValueType="-1">
       <Key time="0.050000001" StartTrigger="Play_OBJ_ShuttleBay_Shuttle_BridgeRailing" StopTrigger="null" Duration="0" CustomColor="0.18782079,0.18782079,1"/>
      </Track>
     </Node>
     <Node Id="2" Type="Entity" Name="AudioTriggerSpot47" Flags="0" paramIdVersion="9" EntityGUID="4D5B7C9E9E10A851">
      <Track paramType="Position" Type="4" Flags="0" HasCustomColor="0" ValueType="1">
       <NewSubTrack Flags="0" defaultValue="0,945.117" HasCustomColor="0"/>
       <NewSubTrack Flags="0" defaultValue="0,1312.6576" HasCustomColor="0"/>
       <NewSubTrack Flags="0" defaultValue="0,113.50549" HasCustomColor="0"/>
      </Track>
      <Track paramType="Rotation" Type="4" Flags="0" HasCustomColor="0" ValueType="2">
       <NewSubTrack Flags="0" defaultValue="0,0" HasCustomColor="0"/>
       <NewSubTrack Flags="0" defaultValue="0,-0" HasCustomColor="0"/>
       <NewSubTrack Flags="0" defaultValue="0,0" HasCustomColor="0"/>
      </Track>
      <Track paramType="Event" Type="-1" Flags="0" StartTime="0" EndTime="4" HasCustomColor="0" ValueType="-1"/>
      <Track paramType="Sound" Type="-1" Flags="0" StartTime="0" EndTime="4" HasCustomColor="0" ValueType="-1">
       <Key time="0.050000001" StartTrigger="Play_OBJ_ShuttleBay_Shuttle_BridgeRailing" StopTrigger="null" Duration="0" CustomColor="0.18782079,0.18782079,1"/>
      </Track>
     </Node>
    </Nodes>
    <Events />
   </Sequence>
   <Sequence SequenceVersion="3" Name="ShuttleBay_Sq_04_ShuttleEscape_Sarah" Flags="4" StartTime="0" EndTime="10" ID="0" ConversationID="DEDEDEDEDEDEDEDE">
    <Nodes>
     <Node Id="2" Type="DynamicEntity" Name="SarahElazar" Flags="4" paramIdVersion="9" EntityGUID="0" debugArchetypeName="ArkHumans.Security.Sarah Elazar">
      <Track paramType="Event" Type="-1" Flags="0" StartTime="0" EndTime="10" HasCustomColor="0" ValueType="-1"/>
      <Track paramType="Mannequin" Type="-1" Flags="0" StartTime="0" EndTime="10" HasCustomColor="0" ValueType="-1">
       <Key time="0" fragName="Cs_ShuttleBay_Sq04_ShuttleEscape_ChairIdle_SarahElazar" priority="10" blendIn="0.2" blendOut="0.2" loop="1"/>
      </Track>
      <Track paramType="ArkPositioning" Type="-1" Flags="0" StartTime="0" EndTime="10" HasCustomColor="0" ValueType="-1">
       <Key time="0" m="" q="0.92387956,0,0,0.38268331" t="947.72717,1287.3329,118.52405" eo="0" b="0.2"/>
      </Track>
      <Track paramType="ArkCollider" Type="-1" Flags="0" StartTime="0" EndTime="10" HasCustomColor="0" ValueType="-1">
       <Key time="0" mode="5" resetOnExit="0" resetOnAbort="1"/>
      </Track>
     </Node>
    </Nodes>
    <Events />
   </Sequence>
   <Sequence SequenceVersion="3" Name="ShuttleBay_Sq_02_PodFailedLaunch" Flags="0" StartTime="0" EndTime="86.666672" ID="0" ConversationID="DEDEDEDEDEDEDEDE">
    <Nodes>
     <Node Id="13" Type="Entity" Name="shuttle_fail_glass_01" Flags="0" paramIdVersion="9" EntityGUID="4A2AB6783E7429D0">
      <Track paramType="Position" Type="4" Flags="0" HasCustomColor="0" ValueType="1">
       <NewSubTrack Flags="0" defaultValue="0,2.9755859" HasCustomColor="0"/>
       <NewSubTrack Flags="0" defaultValue="0,-0.01171875" HasCustomColor="0"/>
       <NewSubTrack Flags="0" defaultValue="0,-2.8517227" HasCustomColor="0"/>
      </Track>
      <Track paramType="Rotation" Type="4" Flags="0" HasCustomColor="0" ValueType="2">
       <NewSubTrack Flags="0" defaultValue="0,-165.86728" HasCustomColor="0"/>
       <NewSubTrack Flags="0" defaultValue="0,-5.0785418" HasCustomColor="0"/>
       <NewSubTrack Flags="0" defaultValue="0,109.37004" HasCustomColor="0"/>
      </Track>
      <Track paramType="Event" Type="-1" Flags="0" StartTime="0" EndTime="86.666672" HasCustomColor="0" ValueType="-1">
       <Key time="0.67000002" event="Restart"/>
      </Track>
     </Node>
     <Node Id="14" Type="Entity" Name="shuttle_fail_glass_02" Flags="0" paramIdVersion="9" EntityGUID="4B36C9A8E5172DED">
      <Track paramType="Position" Type="4" Flags="0" HasCustomColor="0" ValueType="1">
       <NewSubTrack Flags="0" defaultValue="0,4.3354492" HasCustomColor="0"/>
       <NewSubTrack Flags="0" defaultValue="0,0.46569824" HasCustomColor="0"/>
       <NewSubTrack Flags="0" defaultValue="0,-0.32171631" HasCustomColor="0"/>
      </Track>
      <Track paramType="Rotation" Type="4" Flags="0" HasCustomColor="0" ValueType="2">
       <NewSubTrack Flags="0" defaultValue="0,-166.35027" HasCustomColor="0"/>
       <NewSubTrack Flags="0" defaultValue="0,-6.2796688" HasCustomColor="0"/>
       <NewSubTrack Flags="0" defaultValue="0,114.24767" HasCustomColor="0"/>
      </Track>
      <Track paramType="Event" Type="-1" Flags="0" StartTime="0" EndTime="86.666672" HasCustomColor="0" ValueType="-1">
       <Key time="0.67000002" event="Restart"/>
      </Track>
     </Node>
     <Node Id="15" Type="Entity" Name="shuttle_fail_glass_03" Flags="0" paramIdVersion="9" EntityGUID="420F0B98C433E02E">
      <Track paramType="Position" Type="4" Flags="0" HasCustomColor="0" ValueType="1">
       <NewSubTrack Flags="0" defaultValue="0,3.5334473" HasCustomColor="0"/>
       <NewSubTrack Flags="0" defaultValue="0,-0.029663086" HasCustomColor="0"/>
       <NewSubTrack Flags="0" defaultValue="0,1.9051285" HasCustomColor="0"/>
      </Track>
      <Track paramType="Rotation" Type="4" Flags="0" HasCustomColor="0" ValueType="2">
       <NewSubTrack Flags="0" defaultValue="0,161.11826" HasCustomColor="0"/>
       <NewSubTrack Flags="0" defaultValue="0,6.7177176" HasCustomColor="0"/>
       <NewSubTrack Flags="0" defaultValue="0,108.88169" HasCustomColor="0"/>
      </Track>
      <Track paramType="Event" Type="-1" Flags="0" StartTime="0" EndTime="86.666672" HasCustomColor="0" ValueType="-1">
       <Key time="0.68000001" event="Restart"/>
      </Track>
     </Node>
     <Node Id="16" Type="Entity" Name="shuttle_fail_debris_02" Flags="0" paramIdVersion="9" EntityGUID="4D326BEA9F358C93">
      <Track paramType="Position" Type="4" Flags="0" HasCustomColor="0" ValueType="1">
       <NewSubTrack Flags="0" defaultValue="0,2.0612793" HasCustomColor="0"/>
       <NewSubTrack Flags="0" defaultValue="0,0.20031738" HasCustomColor="0"/>
       <NewSubTrack Flags="0" defaultValue="0,0.60405731" HasCustomColor="0"/>
      </Track>
      <Track paramType="Rotation" Type="4" Flags="0" HasCustomColor="0" ValueType="2">
       <NewSubTrack Flags="0" defaultValue="0,168.40051" HasCustomColor="0"/>
       <NewSubTrack Flags="0" defaultValue="0,9.5765905" HasCustomColor="0"/>
       <NewSubTrack Flags="0" defaultValue="0,129.02502" HasCustomColor="0"/>
      </Track>
      <Track paramType="Event" Type="-1" Flags="0" StartTime="0" EndTime="86.666672" HasCustomColor="0" ValueType="-1">
       <Key time="0.63" event="Restart"/>
      </Track>
     </Node>
     <Node Id="17" Type="Entity" Name="shuttle_fail_debris_01" Flags="0" paramIdVersion="9" EntityGUID="4233A2748167C6EF">
      <Track paramType="Position" Type="4" Flags="0" HasCustomColor="0" ValueType="1">
       <NewSubTrack Flags="0" defaultValue="0,2.4890137" HasCustomColor="0"/>
       <NewSubTrack Flags="0" defaultValue="0,0.20031738" HasCustomColor="0"/>
       <NewSubTrack Flags="0" defaultValue="0,-0.99252319" HasCustomColor="0"/>
      </Track>
      <Track paramType="Rotation" Type="4" Flags="0" HasCustomColor="0" ValueType="2">
       <NewSubTrack Flags="0" defaultValue="0,-156.6012" HasCustomColor="0"/>
       <NewSubTrack Flags="0" defaultValue="0,-10.014233" HasCustomColor="0"/>
       <NewSubTrack Flags="0" defaultValue="0,127.01067" HasCustomColor="0"/>
      </Track>
      <Track paramType="Event" Type="-1" Flags="0" StartTime="0" EndTime="86.666672" HasCustomColor="0" ValueType="-1">
       <Key time="0.65000004" event="Restart"/>
      </Track>
     </Node>
     <Node Id="18" Type="Entity" Name="EscapePod_Failed" Flags="0" paramIdVersion="9" EntityGUID="4C7A7353E11B813E">
      <Track paramType="Position" Type="4" Flags="0" HasCustomColor="0" ValueType="1">
       <NewSubTrack Flags="0" defaultValue="0,997.87195" HasCustomColor="0">
        <Key time="0" value="0,998.20001" flags="73" ds="1,0" dd="1,0"/>
        <Key time="86.666672" value="86.666672,998.20001" flags="73" ds="28.888891,0" dd="28.888891,0"/>
       </NewSubTrack>
       <NewSubTrack Flags="0" defaultValue="0,1349.0002" HasCustomColor="0">
        <Key time="0" value="0,1369.7844" flags="73" ds="1,0" dd="1,0"/>
        <Key time="86.666672" value="86.666672,1369.7844" flags="73" ds="28.888891,0" dd="28.888891,0"/>
       </NewSubTrack>
       <NewSubTrack Flags="0" defaultValue="0,72.684891" HasCustomColor="0">
        <Key time="0" value="0,95.400002" flags="73" ds="1,0" dd="1,0"/>
        <Key time="86.666672" value="86.666672,95.400002" flags="73" ds="28.888891,0" dd="28.888891,0"/>
       </NewSubTrack>
      </Track>
      <Track paramType="Rotation" Type="4" Flags="0" HasCustomColor="0" ValueType="2">
       <NewSubTrack Flags="0" defaultValue="0,0" HasCustomColor="0">
        <Key time="0" value="0,0" flags="73" ds="1,0" dd="1,0"/>
        <Key time="86.666672" value="86.666672,0" flags="73" ds="28.888891,0" dd="28.888891,0"/>
       </NewSubTrack>
       <NewSubTrack Flags="0" defaultValue="0,0" HasCustomColor="0">
        <Key time="0" value="0,0" flags="73" ds="1,0" dd="1,0"/>
        <Key time="86.666672" value="86.666672,0" flags="73" ds="28.888891,0" dd="28.888891,0"/>
       </NewSubTrack>
       <NewSubTrack Flags="0" defaultValue="0,180" HasCustomColor="0">
        <Key time="0" value="0,-180" flags="73" ds="1,0" dd="1,0"/>
        <Key time="86.666672" value="86.666672,-180" flags="73" ds="28.888891,0" dd="28.888891,0"/>
       </NewSubTrack>
      </Track>
      <Track paramType="Event" Type="-1" Flags="0" StartTime="0" EndTime="86.666672" HasCustomColor="0" ValueType="-1"/>
      <Track paramType="Animation" Type="-1" AnimationLayer="-1" Flags="0" StartTime="0" EndTime="86.666672" HasCustomColor="0" ValueType="21">
       <Key time="0" anim="ShuttleBay_Sq02_ExcapePodFail_Escape_Pod_A" length="86.666672" charSlot="0" admotion="0" stopAll="0"/>
      </Track>
     </Node>
     <Node Id="19" Type="Entity" Name="FrankJones" Flags="0" paramIdVersion="9" EntityGUID="4B84FD0568CC92AA">
      <Track paramType="Event" Type="-1" Flags="0" StartTime="0" EndTime="86.666672" HasCustomColor="0" ValueType="-1"/>
      <Track paramType="Animation" Type="-1" AnimationLayer="-1" Flags="0" StartTime="0" EndTime="86.666672" HasCustomColor="0" ValueType="21">
       <Key time="0" anim="ShuttleBay_Sq02_EscapePodFail_Ejected_FrankJones" length="86.666672" charSlot="0" admotion="0" stopAll="0"/>
      </Track>
      <Track paramType="ArkPositioning" Type="-1" Flags="0" StartTime="0" EndTime="86.666672" HasCustomColor="0" ValueType="-1">
       <Key time="0" m="" q="0.23380844,-0,0,-0.97228271" t="997.49023,1371.3225,96.752762" eo="0" b="0.2"/>
      </Track>
     </Node>
     <Node Id="20" Type="Entity" Name="CIB_VFX_PodFailed_Dust" Flags="0" paramIdVersion="9" EntityGUID="46A091EBE11B39F0">
      <Track paramType="Position" Type="4" Flags="0" HasCustomColor="0" ValueType="1">
       <NewSubTrack Flags="0" defaultValue="0,1030.5005" HasCustomColor="0"/>
       <NewSubTrack Flags="0" defaultValue="0,1369.5725" HasCustomColor="0"/>
       <NewSubTrack Flags="0" defaultValue="0,97.708931" HasCustomColor="0"/>
      </Track>
      <Track paramType="Rotation" Type="4" Flags="0" HasCustomColor="0" ValueType="2">
       <NewSubTrack Flags="0" defaultValue="0,90" HasCustomColor="0"/>
       <NewSubTrack Flags="0" defaultValue="0,-0" HasCustomColor="0"/>
       <NewSubTrack Flags="0" defaultValue="0,90" HasCustomColor="0"/>
      </Track>
      <Track paramType="Event" Type="-1" Flags="0" StartTime="0" EndTime="86.666672" HasCustomColor="0" ValueType="-1">
       <Key time="0.69999999" event="Restart"/>
      </Track>
     </Node>
     <Node Id="21" Type="Entity" Name="CIN_VFX_PodOpen" Flags="0" paramIdVersion="9" EntityGUID="4970DF0CF3D9D744">
      <Track paramType="Position" Type="4" Flags="0" HasCustomColor="0" ValueType="1">
       <NewSubTrack Flags="0" defaultValue="0,1155.9277" HasCustomColor="0">
        <Key time="42.400002" value="42.400002,1155.9277" flags="73" ds="1,0" dd="1,0"/>
        <Key time="44.136044" value="44.136044,1160.3575" flags="73" ds="0.57868069,0" dd="0.57868069,0"/>
       </NewSubTrack>
       <NewSubTrack Flags="0" defaultValue="0,1371.3879" HasCustomColor="0">
        <Key time="42.400002" value="42.400002,1371.3879" flags="73" ds="1,0" dd="1,0"/>
        <Key time="44.136044" value="44.136044,1371.1611" flags="73" ds="0.57868069,0" dd="0.57868069,0"/>
       </NewSubTrack>
       <NewSubTrack Flags="0" defaultValue="0,106.79206" HasCustomColor="0">
        <Key time="42.400002" value="42.400002,106.79206" flags="73" ds="1,0" dd="1,0"/>
        <Key time="44.136044" value="44.136044,104.80609" flags="73" ds="0.57868069,0" dd="0.57868069,0"/>
       </NewSubTrack>
      </Track>
      <Track paramType="Rotation" Type="4" Flags="0" HasCustomColor="0" ValueType="2">
       <NewSubTrack Flags="0" defaultValue="0,90" HasCustomColor="0">
        <Key time="0" value="0,270" flags="73" ds="1,0" dd="1,0"/>
        <Key time="42.400002" value="42.400002,270" flags="73" ds="14.133334,0" dd="1.736042,0"/>
        <Key time="44.136044" value="44.136044,242.37886" flags="73" ds="0.57868069,0" dd="0.57868069,0"/>
       </NewSubTrack>
       <NewSubTrack Flags="0" defaultValue="0,-0" HasCustomColor="0">
        <Key time="0" value="0,0" flags="73" ds="1,0" dd="0.40000001,0"/>
        <Key time="42.400002" value="42.400002,0" flags="73" ds="14.133334,0" dd="1.736042,0"/>
        <Key time="44.136044" value="44.136044,-12.199086" flags="73" ds="0.57868069,0" dd="0.57868069,0"/>
       </NewSubTrack>
       <NewSubTrack Flags="0" defaultValue="0,0" HasCustomColor="0">
        <Key time="0" value="0,15" flags="73" ds="1,0" dd="1,0"/>
        <Key time="42.400002" value="42.400002,15" flags="73" ds="14.133334,0" dd="1.736042,0"/>
        <Key time="44.136044" value="44.136044,-6.990541" flags="73" ds="0.57868069,0" dd="0.57868069,0"/>
       </NewSubTrack>
      </Track>
      <Track paramType="Event" Type="-1" Flags="0" StartTime="0" EndTime="86.666672" HasCustomColor="0" ValueType="-1">
       <Key time="42.504002" event="Restart"/>
      </Track>
      <Track paramType="Attachment" Type="-1" Flags="0" StartTime="0" EndTime="86.666672" HasCustomColor="0" ValueType="-1">
       <Key time="0" parentName="FrankJones" boneAttachName="player_seat" tOffset="0,0,0" rOffset="1,0,0,0" type="2" AutoHide="1"/>
      </Track>
     </Node>
    </Nodes>
    <Events />
   </Sequence>
   <Sequence SequenceVersion="3" Name="ShuttleBay_Sq_04_ShuttleEscape_Mikhaila" Flags="4" StartTime="0" EndTime="10" ID="0" ConversationID="DEDEDEDEDEDEDEDE">
    <Nodes>
     <Node Id="3" Type="DynamicEntity" Name="MikhailaIlyushin" Flags="4" paramIdVersion="9" EntityGUID="0" debugArchetypeName="ArkHumans.Engineers.Mikhaila Ilyushin (healthy)">
      <Track paramType="Event" Type="-1" Flags="0" StartTime="0" EndTime="10" HasCustomColor="0" ValueType="-1"/>
      <Track paramType="Mannequin" Type="-1" Flags="0" StartTime="0" EndTime="10" HasCustomColor="0" ValueType="-1">
       <Key time="0" fragName="Cs_ShuttleBay_Sq04_ShuttleEscape_ChairIdle_MikhailaIlyushin" priority="10" blendIn="0.2" blendOut="0.2" loop="1"/>
      </Track>
      <Track paramType="ArkPositioning" Type="-1" Flags="0" StartTime="0" EndTime="10" HasCustomColor="0" ValueType="-1">
       <Key time="0" m="" q="0.73727757,0,0,-0.67558998" t="945.11908,1290.511,118.50582" eo="0" b="0.2"/>
      </Track>
      <Track paramType="ArkCollider" Type="-1" Flags="0" StartTime="0" EndTime="10" HasCustomColor="0" ValueType="-1">
       <Key time="0" mode="5" resetOnExit="0" resetOnAbort="1"/>
      </Track>
     </Node>
    </Nodes>
    <Events />
   </Sequence>
   <Sequence SequenceVersion="3" Name="ShuttleBay_Sq_04_ShuttleEscape_Igwe" Flags="4" StartTime="0" EndTime="10" ID="0" ConversationID="DEDEDEDEDEDEDEDE">
    <Nodes>
     <Node Id="1" Type="DynamicEntity" Name="DayoIgwe" Flags="4" paramIdVersion="9" EntityGUID="0" debugArchetypeName="ArkHumans.Scientists.Dayo Igwe">
      <Track paramType="Event" Type="-1" Flags="0" StartTime="0" EndTime="10" HasCustomColor="0" ValueType="-1"/>
      <Track paramType="Mannequin" Type="-1" Flags="0" StartTime="0" EndTime="10" HasCustomColor="0" ValueType="-1">
       <Key time="0" fragName="Cs_ShuttleBay_Sq04_ShuttleEscape_ChairIdle_Igwe" priority="10" blendIn="0.2" blendOut="0.2" loop="1"/>
      </Track>
      <Track paramType="ArkPositioning" Type="-1" Flags="0" StartTime="0" EndTime="10" HasCustomColor="0" ValueType="-1">
       <Key time="0" m="" q="0.70711344,0,0,-0.70710009" t="945.29181,1287.4496,118.50763" eo="0" b="0.2"/>
      </Track>
      <Track paramType="ArkCollider" Type="-1" Flags="0" StartTime="0" EndTime="10" HasCustomColor="0" ValueType="-1">
       <Key time="0" mode="5" resetOnExit="0" resetOnAbort="1"/>
      </Track>
     </Node>
    </Nodes>
    <Events />
   </Sequence>
   <Sequence SequenceVersion="3" Name="ShuttleBay_Sq_05_DahlWaitingLoop" Flags="4" StartTime="0" EndTime="18.866667" ID="0" ConversationID="DEDEDEDEDEDEDEDE">
    <Nodes>
     <Node Id="1" Type="DynamicEntity" Name="CommanderDahl" Flags="4" paramIdVersion="9" EntityGUID="0" debugArchetypeName="ArkHumans.Main.Commander Dahl">
      <Track paramType="Event" Type="-1" Flags="0" StartTime="0" EndTime="18.866667" HasCustomColor="0" ValueType="-1"/>
      <Track paramType="Mannequin" Type="-1" Flags="0" StartTime="0" EndTime="18.866667" HasCustomColor="0" ValueType="-1">
       <Key time="0.0099999998" fragName="Cs_ShuttleBay_Sq06_DahlWaiting_Dahl" duration="18.866667" priority="10" blendIn="0.2" blendOut="0.2" loop="1"/>
      </Track>
      <Track paramType="ArkPositioning" Type="-1" Flags="0" StartTime="0" EndTime="18.866667" HasCustomColor="0" ValueType="-1">
       <Key time="0" m="" q="1,0,0,0" t="915.6499,1308.7,129.99998" eo="0" b="0.75"/>
      </Track>
     </Node>
    </Nodes>
    <Events />
   </Sequence>
   <Sequence SequenceVersion="3" Name="ShuttleBay_Sq02A_PodFailedLaunch_Loop" Flags="4" StartTime="0" EndTime="46.666668" ID="0" ConversationID="DEDEDEDEDEDEDEDE">
    <Nodes>
     <Node Id="1" Type="Entity" Name="EscapePod_Failed" Flags="0" paramIdVersion="9" EntityGUID="4C7A7353E11B813E">
      <Track paramType="Position" Type="4" Flags="0" HasCustomColor="0" ValueType="1">
       <NewSubTrack Flags="0" defaultValue="0,997.87195" HasCustomColor="0">
        <Key time="0" value="0,1219.9719" flags="73" ds="1,0" dd="1,0"/>
       </NewSubTrack>
       <NewSubTrack Flags="0" defaultValue="0,1349.0002" HasCustomColor="0">
        <Key time="0" value="0,1349.0002" flags="73" ds="1,0" dd="1,0"/>
       </NewSubTrack>
       <NewSubTrack Flags="0" defaultValue="0,72.684891" HasCustomColor="0">
        <Key time="0" value="0,83.484894" flags="73" ds="1,0" dd="1,0"/>
       </NewSubTrack>
      </Track>
      <Track paramType="Rotation" Type="4" Flags="0" HasCustomColor="0" ValueType="2">
       <NewSubTrack Flags="0" defaultValue="0,0" HasCustomColor="0">
        <Key time="0" value="0,0" flags="73" ds="1,0" dd="1,0"/>
       </NewSubTrack>
       <NewSubTrack Flags="0" defaultValue="0,0" HasCustomColor="0">
        <Key time="0" value="0,0" flags="73" ds="1,0" dd="1,0"/>
       </NewSubTrack>
       <NewSubTrack Flags="0" defaultValue="0,180" HasCustomColor="0">
        <Key time="0" value="0,-180.00002" flags="73" ds="1,0" dd="1,0"/>
       </NewSubTrack>
      </Track>
      <Track paramType="Event" Type="-1" Flags="0" StartTime="0" EndTime="46.666668" HasCustomColor="0" ValueType="-1"/>
      <Track paramType="Animation" Type="-1" AnimationLayer="-1" Flags="0" StartTime="0" EndTime="46.666668" HasCustomColor="0" ValueType="21">
       <Key time="0" anim="ShuttleBay_Sq02_EscapePodFail_Loop_Escape_Pod_A" length="46.666668" charSlot="0" admotion="0" stopAll="0"/>
      </Track>
     </Node>
    </Nodes>
    <Events />
   </Sequence>
   <Sequence SequenceVersion="3" Name="ShuttleBay_Sq_01_Bridge" Flags="0" StartTime="0" EndTime="16.700001" ID="0" ConversationID="DEDEDEDEDEDEDEDE">
    <Nodes>
     <Node Id="2" Type="Entity" Name="AnimObject1" Flags="0" paramIdVersion="9" EntityGUID="4FE06E7A10FBBFCA">
      <Track paramType="Position" Type="4" Flags="0" HasCustomColor="0" ValueType="1">
       <NewSubTrack Flags="0" defaultValue="0,947.20001" HasCustomColor="0"/>
       <NewSubTrack Flags="0" defaultValue="0,1312.2" HasCustomColor="0"/>
       <NewSubTrack Flags="0" defaultValue="0,112.7" HasCustomColor="0"/>
      </Track>
      <Track paramType="Rotation" Type="4" Flags="0" HasCustomColor="0" ValueType="2">
       <NewSubTrack Flags="0" defaultValue="0,0" HasCustomColor="0"/>
       <NewSubTrack Flags="0" defaultValue="0,0" HasCustomColor="0"/>
       <NewSubTrack Flags="0" defaultValue="0,-179.99998" HasCustomColor="0"/>
      </Track>
      <Track paramType="Event" Type="-1" Flags="0" StartTime="0" EndTime="16.700001" HasCustomColor="0" ValueType="-1"/>
      <Track paramType="Animation" Type="-1" AnimationLayer="-1" Flags="0" StartTime="0" EndTime="16.700001" HasCustomColor="0" ValueType="21">
       <Key time="0" anim="Shuttle_Bridge_A_Raise" length="16.666668" charSlot="0" admotion="0" stopAll="0"/>
      </Track>
     </Node>
    </Nodes>
    <Events />
   </Sequence>
  </SequenceData>
 </Mission>
</MovieData>
