<EntitySerialization>
 <Entity id="1"/>
 <Entity id="2"/>
 <Entity id="3"/>
 <Entity id="4"/>
 <Entity id="5"/>
 <Entity id="6"/>
 <Entity id="7"/>
 <Entity id="8"/>
 <Entity id="9"/>
 <Entity id="10"/>
 <Entity id="11"/>
 <Entity id="12"/>
 <Entity id="13"/>
 <Entity id="14"/>
 <Entity id="15"/>
 <Entity id="16"/>
 <Entity id="17"/>
 <Entity id="18"/>
 <Entity id="19"/>
 <Entity id="20"/>
 <Entity id="21"/>
 <Entity id="22"/>
 <Entity id="23"/>
 <Entity id="24"/>
 <Entity id="25"/>
 <Entity id="26"/>
 <Entity id="27"/>
 <Entity id="28"/>
 <Entity id="29"/>
 <Entity id="30"/>
 <Entity id="31"/>
 <Entity id="32"/>
 <Entity id="33"/>
 <Entity id="34"/>
 <Entity id="35"/>
 <Entity id="36"/>
 <Entity id="37"/>
 <Entity id="38"/>
 <Entity id="39"/>
 <Entity id="40"/>
 <Entity id="41"/>
 <Entity id="42"/>
 <Entity id="43"/>
 <Entity id="44"/>
 <Entity id="45"/>
 <Entity id="46"/>
 <Entity id="47"/>
 <Entity id="48"/>
 <Entity id="49"/>
 <Entity id="50"/>
 <Entity id="51"/>
 <Entity id="52"/>
 <Entity id="53"/>
 <Entity id="54"/>
 <Entity id="55"/>
 <Entity id="56"/>
 <Entity id="57"/>
 <Entity id="58"/>
 <Entity id="59"/>
 <Entity id="60"/>
 <Entity id="61"/>
 <Entity id="62"/>
 <Entity id="63"/>
 <Entity id="64"/>
 <Entity id="65"/>
 <Entity id="66"/>
 <Entity id="67"/>
 <Entity id="68"/>
 <Entity id="69"/>
 <Entity id="70"/>
 <Entity id="71"/>
 <Entity id="72"/>
 <Entity id="73"/>
 <Entity id="74"/>
 <Entity id="75"/>
 <Entity id="76"/>
 <Entity id="77"/>
 <Entity id="78"/>
 <Entity id="79"/>
 <Entity id="80"/>
 <Entity id="81"/>
 <Entity id="82"/>
 <Entity id="83"/>
 <Entity id="84"/>
 <Entity id="85"/>
 <Entity id="86"/>
 <Entity id="87"/>
 <Entity id="88"/>
 <Entity id="89"/>
 <Entity id="90"/>
 <Entity id="91"/>
 <Entity id="92"/>
 <Entity id="93"/>
 <Entity id="94"/>
 <Entity id="95"/>
 <Entity id="96"/>
 <Entity id="97"/>
 <Entity id="98"/>
 <Entity id="99"/>
 <Entity id="100"/>
 <Entity id="101"/>
 <Entity id="102"/>
 <Entity id="103"/>
 <Entity id="104"/>
 <Entity id="105"/>
 <Entity id="106"/>
 <Entity id="107"/>
 <Entity id="108"/>
 <Entity id="109"/>
 <Entity id="110"/>
 <Entity id="111"/>
 <Entity id="112"/>
 <Entity id="113"/>
 <Entity id="114"/>
 <Entity id="115"/>
 <Entity id="116"/>
 <Entity id="117"/>
 <Entity id="118"/>
 <Entity id="119"/>
 <Entity id="120"/>
 <Entity id="121"/>
 <Entity id="122"/>
 <Entity id="123"/>
 <Entity id="124"/>
 <Entity id="125"/>
 <Entity id="126"/>
 <Entity id="127"/>
 <Entity id="128"/>
 <Entity id="129"/>
 <Entity id="130"/>
 <Entity id="131"/>
 <Entity id="132"/>
 <Entity id="133"/>
 <Entity id="134"/>
 <Entity id="135"/>
 <Entity id="136"/>
 <Entity id="137"/>
 <Entity id="138"/>
 <Entity id="139"/>
 <Entity id="140"/>
 <Entity id="141"/>
 <Entity id="142"/>
 <Entity id="143"/>
 <Entity id="144"/>
 <Entity id="145"/>
 <Entity id="146"/>
 <Entity id="147"/>
 <Entity id="148"/>
 <Entity id="149"/>
 <Entity id="150"/>
 <Entity id="151"/>
 <Entity id="152"/>
 <Entity id="153"/>
 <Entity id="154"/>
 <Entity id="155"/>
 <Entity id="156"/>
 <Entity id="157"/>
 <Entity id="158"/>
 <Entity id="159"/>
 <Entity id="160"/>
 <Entity id="161"/>
 <Entity id="162"/>
 <Entity id="163"/>
 <Entity id="164"/>
 <Entity id="165"/>
 <Entity id="166"/>
 <Entity id="167"/>
 <Entity id="168"/>
 <Entity id="169"/>
 <Entity id="170"/>
 <Entity id="171"/>
 <Entity id="172"/>
 <Entity id="173"/>
 <Entity id="174"/>
 <Entity id="175"/>
 <Entity id="176"/>
 <Entity id="177"/>
 <Entity id="178"/>
 <Entity id="179"/>
 <Entity id="180"/>
 <Entity id="181"/>
 <Entity id="182"/>
 <Entity id="183"/>
 <Entity id="184"/>
 <Entity id="185"/>
 <Entity id="186"/>
 <Entity id="187"/>
 <Entity id="188"/>
 <Entity id="189"/>
 <Entity id="190"/>
 <Entity id="191"/>
 <Entity id="192"/>
 <Entity id="193"/>
 <Entity id="194"/>
 <Entity id="195"/>
 <Entity id="196"/>
 <Entity id="197"/>
 <Entity id="198"/>
 <Entity id="199"/>
 <Entity id="200"/>
 <Entity id="201"/>
 <Entity id="202"/>
 <Entity id="203"/>
 <Entity id="204"/>
 <Entity id="205"/>
 <Entity id="206"/>
 <Entity id="207"/>
 <Entity id="208"/>
 <Entity id="209"/>
 <Entity id="210"/>
 <Entity id="211"/>
 <Entity id="212"/>
 <Entity id="213"/>
 <Entity id="214"/>
 <Entity id="215"/>
 <Entity id="216"/>
 <Entity id="217"/>
 <Entity id="218"/>
 <Entity id="219"/>
 <Entity id="220"/>
 <Entity id="221"/>
 <Entity id="222"/>
 <Entity id="223"/>
 <Entity id="224"/>
 <Entity id="225"/>
 <Entity id="226"/>
 <Entity id="227"/>
 <Entity id="228"/>
 <Entity id="229"/>
 <Entity id="230"/>
 <Entity id="231"/>
 <Entity id="232"/>
 <Entity id="233"/>
 <Entity id="234"/>
 <Entity id="235"/>
 <Entity id="236"/>
 <Entity id="237"/>
 <Entity id="238"/>
 <Entity id="239"/>
 <Entity id="240"/>
 <Entity id="241"/>
 <Entity id="242"/>
 <Entity id="243"/>
 <Entity id="244"/>
 <Entity id="245"/>
 <Entity id="246"/>
 <Entity id="247"/>
 <Entity id="248"/>
 <Entity id="249"/>
 <Entity id="250"/>
 <Entity id="251"/>
 <Entity id="252"/>
 <Entity id="253"/>
 <Entity id="254"/>
 <Entity id="255"/>
 <Entity id="256"/>
 <Entity id="257"/>
 <Entity id="258"/>
 <Entity id="259"/>
 <Entity id="260"/>
 <Entity id="261"/>
 <Entity id="262"/>
 <Entity id="263"/>
 <Entity id="264"/>
 <Entity id="265"/>
 <Entity id="266"/>
 <Entity id="267"/>
 <Entity id="268"/>
 <Entity id="269"/>
 <Entity id="270"/>
 <Entity id="271"/>
 <Entity id="272"/>
 <Entity id="273"/>
 <Entity id="274"/>
 <Entity id="275"/>
 <Entity id="276"/>
 <Entity id="277"/>
 <Entity id="278"/>
 <Entity id="279"/>
 <Entity id="280"/>
 <Entity id="281"/>
 <Entity id="282"/>
 <Entity id="283"/>
 <Entity id="284"/>
 <Entity id="285"/>
 <Entity id="286"/>
 <Entity id="287"/>
 <Entity id="288"/>
 <Entity id="289"/>
 <Entity id="290"/>
 <Entity id="291"/>
 <Entity id="292"/>
 <Entity id="293"/>
 <Entity id="294"/>
 <Entity id="295"/>
 <Entity id="296"/>
 <Entity id="297"/>
 <Entity id="298"/>
 <Entity id="299"/>
 <Entity id="300"/>
 <Entity id="301"/>
 <Entity id="302"/>
 <Entity id="303"/>
 <Entity id="304"/>
 <Entity id="305"/>
 <Entity id="306"/>
 <Entity id="307"/>
 <Entity id="308"/>
 <Entity id="309"/>
 <Entity id="310"/>
 <Entity id="311"/>
 <Entity id="312"/>
 <Entity id="313"/>
 <Entity id="314"/>
 <Entity id="315"/>
 <Entity id="316"/>
 <Entity id="317"/>
 <Entity id="318"/>
 <Entity id="319"/>
 <Entity id="320"/>
 <Entity id="321"/>
 <Entity id="322"/>
 <Entity id="323"/>
 <Entity id="324"/>
 <Entity id="325"/>
 <Entity id="326"/>
 <Entity id="327"/>
 <Entity id="328"/>
 <Entity id="329"/>
 <Entity id="330"/>
 <Entity id="331"/>
 <Entity id="332"/>
 <Entity id="333"/>
 <Entity id="334"/>
 <Entity id="335"/>
 <Entity id="336"/>
 <Entity id="337"/>
 <Entity id="338"/>
 <Entity id="339"/>
 <Entity id="340"/>
 <Entity id="341"/>
 <Entity id="342"/>
 <Entity id="343"/>
 <Entity id="344"/>
 <Entity id="345"/>
 <Entity id="346"/>
 <Entity id="347"/>
 <Entity id="348"/>
 <Entity id="349"/>
 <Entity id="350"/>
 <Entity id="351"/>
 <Entity id="352"/>
 <Entity id="353"/>
 <Entity id="354"/>
 <Entity id="355"/>
 <Entity id="356"/>
 <Entity id="357"/>
 <Entity id="358"/>
 <Entity id="359"/>
 <Entity id="360"/>
 <Entity id="361"/>
 <Entity id="362"/>
 <Entity id="363"/>
 <Entity id="364"/>
 <Entity id="365"/>
 <Entity id="366"/>
 <Entity id="367"/>
 <Entity id="368"/>
 <Entity id="369"/>
 <Entity id="370"/>
 <Entity id="371"/>
 <Entity id="372"/>
 <Entity id="373"/>
 <Entity id="374"/>
 <Entity id="375"/>
 <Entity id="376"/>
 <Entity id="377"/>
 <Entity id="378"/>
 <Entity id="381"/>
 <Entity id="384"/>
 <Entity id="385"/>
 <Entity id="387"/>
 <Entity id="388"/>
 <Entity id="389"/>
 <Entity id="390"/>
 <Entity id="391"/>
 <Entity id="394"/>
 <Entity id="395"/>
 <Entity id="397"/>
 <Entity id="398"/>
 <Entity id="399"/>
 <Entity id="400"/>
 <Entity id="402"/>
 <Entity id="403"/>
 <Entity id="405"/>
 <Entity id="406"/>
 <Entity id="407"/>
 <Entity id="409"/>
 <Entity id="411"/>
 <Entity id="412"/>
 <Entity id="413"/>
 <Entity id="414"/>
 <Entity id="416"/>
 <Entity id="418"/>
 <Entity id="420"/>
 <Entity id="421"/>
 <Entity id="422"/>
 <Entity id="423"/>
 <Entity id="427"/>
 <Entity id="430"/>
 <Entity id="433"/>
 <Entity id="434"/>
 <Entity id="443"/>
 <Entity id="467"/>
 <Entity id="472"/>
 <Entity id="474"/>
 <Entity id="475"/>
 <Entity id="476"/>
 <Entity id="477"/>
 <Entity id="501"/>
 <Entity id="537"/>
 <Entity id="538"/>
 <Entity id="549"/>
 <Entity id="570"/>
 <Entity id="572"/>
 <Entity id="574"/>
 <Entity id="577"/>
 <Entity id="582"/>
 <Entity id="586"/>
 <Entity id="587"/>
 <Entity id="588"/>
 <Entity id="592"/>
 <Entity id="599"/>
 <Entity id="605"/>
 <Entity id="606"/>
 <Entity id="612"/>
 <Entity id="613"/>
 <Entity id="616"/>
 <Entity id="617"/>
 <Entity id="624"/>
 <Entity id="627"/>
 <Entity id="637"/>
 <Entity id="642"/>
 <Entity id="645"/>
 <Entity id="646"/>
 <Entity id="654"/>
 <Entity id="661"/>
 <Entity id="668"/>
 <Entity id="678"/>
 <Entity id="681"/>
 <Entity id="682"/>
 <Entity id="687"/>
 <Entity id="699"/>
 <Entity id="705"/>
 <Entity id="708"/>
 <Entity id="713"/>
 <Entity id="720"/>
 <Entity id="724"/>
 <Entity id="729"/>
 <Entity id="730"/>
 <Entity id="732"/>
 <Entity id="733"/>
 <Entity id="734"/>
 <Entity id="736"/>
 <Entity id="737"/>
 <Entity id="738"/>
 <Entity id="742"/>
 <Entity id="750"/>
 <Entity id="752"/>
 <Entity id="755"/>
 <Entity id="758"/>
 <Entity id="759"/>
 <Entity id="762"/>
 <Entity id="764"/>
 <Entity id="765"/>
 <Entity id="766"/>
 <Entity id="767"/>
 <Entity id="773"/>
 <Entity id="776"/>
 <Entity id="779"/>
 <Entity id="781"/>
 <Entity id="785"/>
 <Entity id="788"/>
 <Entity id="791"/>
 <Entity id="794"/>
 <Entity id="798"/>
 <Entity id="822"/>
 <Entity id="838"/>
 <Entity id="839"/>
 <Entity id="840"/>
 <Entity id="841"/>
 <Entity id="843"/>
 <Entity id="844"/>
 <Entity id="845"/>
 <Entity id="846"/>
 <Entity id="847"/>
 <Entity id="848"/>
 <Entity id="849"/>
 <Entity id="850"/>
 <Entity id="851"/>
 <Entity id="852"/>
 <Entity id="853"/>
 <Entity id="854"/>
 <Entity id="855"/>
 <Entity id="856"/>
 <Entity id="857"/>
 <Entity id="858"/>
 <Entity id="859"/>
 <Entity id="860"/>
 <Entity id="861"/>
 <Entity id="862"/>
 <Entity id="863"/>
 <Entity id="864"/>
 <Entity id="865"/>
 <Entity id="866"/>
 <Entity id="867"/>
 <Entity id="868"/>
 <Entity id="869"/>
 <Entity id="870"/>
 <Entity id="871"/>
 <Entity id="873"/>
 <Entity id="874"/>
 <Entity id="875"/>
 <Entity id="876"/>
 <Entity id="877"/>
 <Entity id="878"/>
 <Entity id="879"/>
 <Entity id="880"/>
 <Entity id="881"/>
 <Entity id="882"/>
 <Entity id="883"/>
 <Entity id="884"/>
 <Entity id="885"/>
 <Entity id="886"/>
 <Entity id="887"/>
 <Entity id="888"/>
 <Entity id="889"/>
 <Entity id="890"/>
 <Entity id="891"/>
 <Entity id="892"/>
 <Entity id="893"/>
 <Entity id="894"/>
 <Entity id="895"/>
 <Entity id="896"/>
 <Entity id="897"/>
 <Entity id="898"/>
 <Entity id="899"/>
 <Entity id="900"/>
 <Entity id="901"/>
 <Entity id="902"/>
 <Entity id="903"/>
 <Entity id="904"/>
 <Entity id="905"/>
 <Entity id="906"/>
 <Entity id="907"/>
 <Entity id="908"/>
 <Entity id="909"/>
 <Entity id="910"/>
 <Entity id="911"/>
 <Entity id="912"/>
 <Entity id="913"/>
 <Entity id="914"/>
 <Entity id="915"/>
 <Entity id="916"/>
 <Entity id="917"/>
 <Entity id="918"/>
 <Entity id="919"/>
 <Entity id="920"/>
 <Entity id="921"/>
 <Entity id="922"/>
 <Entity id="923"/>
 <Entity id="924"/>
 <Entity id="925"/>
 <Entity id="926"/>
 <Entity id="927"/>
 <Entity id="928"/>
 <Entity id="929"/>
 <Entity id="930"/>
 <Entity id="931"/>
 <Entity id="932"/>
 <Entity id="933"/>
 <Entity id="934"/>
 <Entity id="935"/>
 <Entity id="936"/>
 <Entity id="937"/>
 <Entity id="938"/>
 <Entity id="939"/>
 <Entity id="940"/>
 <Entity id="941"/>
 <Entity id="942"/>
 <Entity id="943"/>
 <Entity id="944"/>
 <Entity id="945"/>
 <Entity id="946"/>
 <Entity id="947"/>
 <Entity id="948"/>
 <Entity id="949"/>
 <Entity id="950"/>
 <Entity id="951"/>
 <Entity id="952"/>
 <Entity id="953"/>
 <Entity id="954"/>
 <Entity id="955"/>
 <Entity id="956"/>
 <Entity id="957"/>
 <Entity id="958"/>
 <Entity id="959"/>
 <Entity id="960"/>
 <Entity id="961"/>
 <Entity id="962"/>
 <Entity id="963"/>
 <Entity id="964"/>
 <Entity id="965"/>
 <Entity id="966"/>
 <Entity id="967"/>
 <Entity id="968"/>
 <Entity id="969"/>
 <Entity id="970"/>
 <Entity id="971"/>
 <Entity id="972"/>
 <Entity id="973"/>
 <Entity id="974"/>
 <Entity id="975"/>
 <Entity id="976"/>
 <Entity id="977"/>
 <Entity id="978"/>
 <Entity id="979"/>
 <Entity id="980"/>
 <Entity id="981"/>
 <Entity id="982"/>
 <Entity id="983"/>
 <Entity id="984"/>
 <Entity id="985"/>
 <Entity id="986"/>
 <Entity id="987"/>
 <Entity id="988"/>
 <Entity id="989"/>
 <Entity id="990"/>
 <Entity id="991"/>
 <Entity id="992"/>
 <Entity id="993"/>
 <Entity id="994"/>
 <Entity id="995"/>
 <Entity id="996"/>
 <Entity id="997"/>
 <Entity id="998"/>
 <Entity id="999"/>
 <Entity id="1000"/>
 <Entity id="1001"/>
 <Entity id="1002"/>
 <Entity id="1003"/>
 <Entity id="1004"/>
 <Entity id="1005"/>
 <Entity id="1006"/>
 <Entity id="1007"/>
 <Entity id="1008"/>
 <Entity id="1009"/>
 <Entity id="1010"/>
 <Entity id="1011"/>
 <Entity id="1012"/>
 <Entity id="1013"/>
 <Entity id="1014"/>
 <Entity id="1015"/>
 <Entity id="1016"/>
 <Entity id="1017"/>
 <Entity id="1018"/>
 <Entity id="1019"/>
 <Entity id="1020"/>
 <Entity id="1021"/>
 <Entity id="1022"/>
 <Entity id="1023"/>
 <Entity id="1024"/>
 <Entity id="1025"/>
 <Entity id="1026"/>
 <Entity id="1027"/>
 <Entity id="1028"/>
 <Entity id="1029"/>
 <Entity id="1030"/>
 <Entity id="1031"/>
 <Entity id="1032"/>
 <Entity id="1033"/>
 <Entity id="1034"/>
 <Entity id="1035"/>
 <Entity id="1036"/>
 <Entity id="1037"/>
 <Entity id="1038"/>
 <Entity id="1039"/>
 <Entity id="1040"/>
 <Entity id="1041"/>
 <Entity id="1042"/>
 <Entity id="1043"/>
 <Entity id="1044"/>
 <Entity id="1045"/>
 <Entity id="1046"/>
 <Entity id="1047"/>
 <Entity id="1048"/>
 <Entity id="1049"/>
 <Entity id="1050"/>
 <Entity id="1051"/>
 <Entity id="1052"/>
 <Entity id="1053"/>
 <Entity id="1054"/>
 <Entity id="1055"/>
 <Entity id="1056"/>
 <Entity id="1057"/>
 <Entity id="1058"/>
 <Entity id="1059"/>
 <Entity id="1060"/>
 <Entity id="1061"/>
 <Entity id="1062"/>
 <Entity id="1063"/>
 <Entity id="1064"/>
 <Entity id="1065"/>
 <Entity id="1066"/>
 <Entity id="1067"/>
 <Entity id="1068"/>
 <Entity id="1069"/>
 <Entity id="1070"/>
 <Entity id="1071"/>
 <Entity id="1072"/>
 <Entity id="1073"/>
 <Entity id="1074"/>
 <Entity id="1075"/>
 <Entity id="1076"/>
 <Entity id="1077"/>
 <Entity id="1078"/>
 <Entity id="1079"/>
 <Entity id="1080"/>
 <Entity id="1081"/>
 <Entity id="1082"/>
 <Entity id="1083"/>
 <Entity id="1084"/>
 <Entity id="1085"/>
 <Entity id="1086"/>
 <Entity id="1087"/>
 <Entity id="1095"/>
 <Entity id="1105"/>
 <Entity id="1110"/>
 <Entity id="1111"/>
 <Entity id="1112"/>
 <Entity id="1113"/>
 <Entity id="1114"/>
 <Entity id="1115"/>
 <Entity id="1116"/>
 <Entity id="1117"/>
 <Entity id="1118"/>
 <Entity id="1119"/>
 <Entity id="1120"/>
 <Entity id="1121"/>
 <Entity id="1122"/>
 <Entity id="1123"/>
 <Entity id="1125"/>
 <Entity id="1126"/>
 <Entity id="1127"/>
 <Entity id="1128"/>
 <Entity id="1129"/>
 <Entity id="1130"/>
 <Entity id="1131"/>
 <Entity id="1132"/>
 <Entity id="1133"/>
 <Entity id="1134"/>
 <Entity id="1135"/>
 <Entity id="1136"/>
 <Entity id="1137"/>
 <Entity id="1138"/>
 <Entity id="1139"/>
 <Entity id="1140"/>
 <Entity id="1141"/>
 <Entity id="1142"/>
 <Entity id="1143"/>
 <Entity id="1144"/>
 <Entity id="1147"/>
 <Entity id="1148"/>
 <Entity id="1149"/>
 <Entity id="1151"/>
 <Entity id="1152"/>
 <Entity id="1153"/>
 <Entity id="1154"/>
 <Entity id="1155"/>
 <Entity id="1156"/>
 <Entity id="1157"/>
 <Entity id="1158"/>
 <Entity id="1159"/>
 <Entity id="1160"/>
 <Entity id="1161"/>
 <Entity id="1162"/>
 <Entity id="1163"/>
 <Entity id="1164"/>
 <Entity id="1165"/>
 <Entity id="1166"/>
 <Entity id="1167"/>
 <Entity id="1168"/>
 <Entity id="1169"/>
 <Entity id="1170"/>
 <Entity id="1171"/>
 <Entity id="1172"/>
 <Entity id="1173"/>
 <Entity id="1174"/>
 <Entity id="1175"/>
 <Entity id="1176"/>
 <Entity id="1177"/>
 <Entity id="1178"/>
 <Entity id="1179"/>
 <Entity id="1180"/>
 <Entity id="1182"/>
 <Entity id="1183"/>
 <Entity id="1184"/>
 <Entity id="1185"/>
 <Entity id="1186"/>
 <Entity id="1187"/>
 <Entity id="1188"/>
 <Entity id="1189"/>
 <Entity id="1190"/>
 <Entity id="1191"/>
 <Entity id="1192"/>
 <Entity id="1193"/>
 <Entity id="1194"/>
 <Entity id="1195"/>
 <Entity id="1196"/>
 <Entity id="1197"/>
 <Entity id="1198"/>
 <Entity id="1199"/>
 <Entity id="1200"/>
 <Entity id="1201"/>
 <Entity id="1202"/>
 <Entity id="1203"/>
 <Entity id="1204"/>
 <Entity id="1205"/>
 <Entity id="1206"/>
 <Entity id="1207"/>
 <Entity id="1208"/>
 <Entity id="1209"/>
 <Entity id="1210"/>
 <Entity id="1211"/>
 <Entity id="1212"/>
 <Entity id="1213"/>
 <Entity id="1214"/>
 <Entity id="1215"/>
 <Entity id="1216"/>
 <Entity id="1217"/>
 <Entity id="1240"/>
 <Entity id="1241"/>
 <Entity id="1242"/>
 <Entity id="1243"/>
 <Entity id="1244"/>
 <Entity id="1245"/>
 <Entity id="1246"/>
 <Entity id="1247"/>
 <Entity id="1248"/>
 <Entity id="1249"/>
 <Entity id="1250"/>
 <Entity id="1251"/>
 <Entity id="1252"/>
 <Entity id="1253"/>
 <Entity id="1254"/>
 <Entity id="1258"/>
 <Entity id="1259"/>
 <Entity id="1260"/>
 <Entity id="1261"/>
 <Entity id="1262"/>
 <Entity id="1263"/>
 <Entity id="1264"/>
 <Entity id="1265"/>
 <Entity id="1274"/>
 <Entity id="1278"/>
 <Entity id="1282"/>
 <Entity id="1285"/>
 <Entity id="1289"/>
 <Entity id="1292"/>
 <Entity id="1294"/>
 <Entity id="1297"/>
 <Entity id="1298"/>
 <Entity id="1299"/>
 <Entity id="1300"/>
 <Entity id="1301"/>
 <Entity id="1302"/>
 <Entity id="1304"/>
 <Entity id="1306"/>
 <Entity id="1307"/>
 <Entity id="1309"/>
 <Entity id="1310"/>
 <Entity id="1311"/>
 <Entity id="1312"/>
 <Entity id="1316"/>
 <Entity id="1317"/>
 <Entity id="1318"/>
 <Entity id="1319"/>
 <Entity id="1321"/>
 <Entity id="1322"/>
 <Entity id="1323"/>
 <Entity id="1324"/>
 <Entity id="1325"/>
 <Entity id="1326"/>
 <Entity id="1327"/>
 <Entity id="1328"/>
 <Entity id="1329"/>
 <Entity id="1330"/>
 <Entity id="1331"/>
 <Entity id="1332"/>
 <Entity id="1333"/>
 <Entity id="1334"/>
 <Entity id="1335"/>
 <Entity id="1336"/>
 <Entity id="1337"/>
 <Entity id="1338"/>
 <Entity id="1339"/>
 <Entity id="1340"/>
 <Entity id="1341"/>
 <Entity id="1342"/>
 <Entity id="1343"/>
 <Entity id="1344"/>
 <Entity id="1345"/>
 <Entity id="1346"/>
 <Entity id="1347"/>
 <Entity id="1348"/>
 <Entity id="1349"/>
 <Entity id="1350"/>
 <Entity id="1351"/>
 <Entity id="1352"/>
 <Entity id="1353"/>
 <Entity id="1354"/>
 <Entity id="1355"/>
 <Entity id="1356"/>
 <Entity id="1357"/>
 <Entity id="1358"/>
 <Entity id="1359"/>
 <Entity id="1360"/>
 <Entity id="1361"/>
 <Entity id="1362"/>
 <Entity id="1363"/>
 <Entity id="1364"/>
 <Entity id="1365"/>
 <Entity id="1366"/>
 <Entity id="1367"/>
 <Entity id="1368"/>
 <Entity id="1369"/>
 <Entity id="1370"/>
 <Entity id="1371"/>
 <Entity id="1372"/>
 <Entity id="1373"/>
 <Entity id="1374"/>
 <Entity id="1375"/>
 <Entity id="1376"/>
 <Entity id="1377"/>
 <Entity id="1378"/>
 <Entity id="1379"/>
 <Entity id="1380"/>
 <Entity id="1381"/>
 <Entity id="1382"/>
 <Entity id="1383"/>
 <Entity id="1384"/>
 <Entity id="1385"/>
 <Entity id="1386"/>
 <Entity id="1387"/>
 <Entity id="1388"/>
 <Entity id="1389"/>
 <Entity id="1390"/>
 <Entity id="1391"/>
 <Entity id="1392"/>
 <Entity id="1393"/>
 <Entity id="1394"/>
 <Entity id="1395"/>
 <Entity id="1396"/>
 <Entity id="1397"/>
 <Entity id="1398"/>
 <Entity id="1399"/>
 <Entity id="1400"/>
 <Entity id="1401"/>
 <Entity id="1402"/>
 <Entity id="1403"/>
 <Entity id="1404"/>
 <Entity id="1405"/>
 <Entity id="1407"/>
 <Entity id="1408"/>
 <Entity id="1410"/>
 <Entity id="1412"/>
 <Entity id="1413"/>
 <Entity id="1416"/>
 <Entity id="1417"/>
 <Entity id="1418"/>
 <Entity id="1419"/>
 <Entity id="1423"/>
 <Entity id="1424"/>
 <Entity id="1508"/>
 <Entity id="1514"/>
 <Entity id="1519"/>
 <Entity id="1523"/>
 <Entity id="1526"/>
 <Entity id="1527"/>
 <Entity id="1529"/>
 <Entity id="1530"/>
 <Entity id="1532"/>
 <Entity id="1533"/>
 <Entity id="1534"/>
 <Entity id="1537"/>
 <Entity id="1538"/>
 <Entity id="1542"/>
 <Entity id="1544"/>
 <Entity id="1545"/>
 <Entity id="1549"/>
 <Entity id="1552"/>
 <Entity id="1554"/>
 <Entity id="1555"/>
 <Entity id="1556"/>
 <Entity id="1565"/>
 <Entity id="1566"/>
 <Entity id="1567"/>
 <Entity id="1569"/>
 <Entity id="1574"/>
 <Entity id="1580"/>
 <Entity id="1582"/>
 <Entity id="1583"/>
 <Entity id="1585"/>
 <Entity id="1587"/>
 <Entity id="1589"/>
 <Entity id="1602"/>
 <Entity id="1605"/>
 <Entity id="1617"/>
 <Entity id="1621"/>
 <Entity id="1622"/>
 <Entity id="1623"/>
 <Entity id="1625"/>
 <Entity id="1627"/>
 <Entity id="1628"/>
 <Entity id="1631"/>
 <Entity id="1632"/>
 <Entity id="1633"/>
 <Entity id="1634"/>
 <Entity id="1635"/>
 <Entity id="1637"/>
 <Entity id="1638"/>
 <Entity id="1641"/>
 <Entity id="1646"/>
 <Entity id="1647"/>
 <Entity id="1648"/>
 <Entity id="1650"/>
 <Entity id="1653"/>
 <Entity id="1655"/>
 <Entity id="1657"/>
 <Entity id="1658"/>
 <Entity id="1659"/>
 <Entity id="1660"/>
 <Entity id="1662"/>
 <Entity id="1663"/>
 <Entity id="1665"/>
 <Entity id="1667"/>
 <Entity id="1692"/>
 <Entity id="1735"/>
 <Entity id="1736"/>
 <Entity id="1737"/>
 <Entity id="1738"/>
 <Entity id="1739"/>
 <Entity id="1740"/>
 <Entity id="1741"/>
 <Entity id="1742"/>
 <Entity id="1743"/>
 <Entity id="1744"/>
 <Entity id="1745"/>
 <Entity id="1746"/>
 <Entity id="1747"/>
 <Entity id="1748"/>
 <Entity id="1749"/>
 <Entity id="1750"/>
 <Entity id="1751"/>
 <Entity id="1752"/>
 <Entity id="1753"/>
 <Entity id="1754"/>
 <Entity id="1755"/>
 <Entity id="1756"/>
 <Entity id="1757"/>
 <Entity id="1758"/>
 <Entity id="1759"/>
 <Entity id="1760"/>
 <Entity id="1761"/>
 <Entity id="1762"/>
 <Entity id="1763"/>
 <Entity id="1764"/>
 <Entity id="1765"/>
 <Entity id="1766"/>
 <Entity id="1767"/>
 <Entity id="1768"/>
 <Entity id="1769"/>
 <Entity id="1770"/>
 <Entity id="1771"/>
 <Entity id="1772"/>
 <Entity id="1773"/>
 <Entity id="1774"/>
 <Entity id="1775"/>
 <Entity id="1776"/>
 <Entity id="1777"/>
 <Entity id="1778"/>
 <Entity id="1779"/>
 <Entity id="1780"/>
 <Entity id="1781"/>
 <Entity id="1782"/>
 <Entity id="1783"/>
 <Entity id="1784"/>
 <Entity id="1785"/>
 <Entity id="1786"/>
 <Entity id="1787"/>
 <Entity id="1788"/>
 <Entity id="1789"/>
 <Entity id="1790"/>
 <Entity id="1791"/>
 <Entity id="1792"/>
 <Entity id="1793"/>
 <Entity id="1794"/>
 <Entity id="1795"/>
 <Entity id="1796"/>
 <Entity id="1797"/>
 <Entity id="1798"/>
 <Entity id="1799"/>
 <Entity id="1800"/>
 <Entity id="1801"/>
 <Entity id="1802"/>
 <Entity id="1803"/>
 <Entity id="1804"/>
 <Entity id="1805"/>
 <Entity id="1806"/>
 <Entity id="1807"/>
 <Entity id="1808"/>
 <Entity id="1809"/>
 <Entity id="1810"/>
 <Entity id="1811"/>
 <Entity id="1812"/>
 <Entity id="1813"/>
 <Entity id="1814"/>
 <Entity id="1815"/>
 <Entity id="1816"/>
 <Entity id="1817"/>
 <Entity id="1818"/>
 <Entity id="1819"/>
 <Entity id="1820"/>
 <Entity id="1821"/>
 <Entity id="1822"/>
 <Entity id="1823"/>
 <Entity id="1824"/>
 <Entity id="1825"/>
 <Entity id="1826"/>
 <Entity id="1827"/>
 <Entity id="1828"/>
 <Entity id="1829"/>
 <Entity id="1830"/>
 <Entity id="1831"/>
 <Entity id="1832"/>
 <Entity id="1833"/>
 <Entity id="1834"/>
 <Entity id="1835"/>
 <Entity id="1836"/>
 <Entity id="1837"/>
 <Entity id="1838"/>
 <Entity id="1839"/>
 <Entity id="1840"/>
 <Entity id="1841"/>
 <Entity id="1842"/>
 <Entity id="1843"/>
 <Entity id="1844"/>
 <Entity id="1845"/>
 <Entity id="1846"/>
 <Entity id="1847"/>
 <Entity id="1848"/>
 <Entity id="1849"/>
 <Entity id="1850"/>
 <Entity id="1851"/>
 <Entity id="1852"/>
 <Entity id="1853"/>
 <Entity id="1854"/>
 <Entity id="1855"/>
 <Entity id="1856"/>
 <Entity id="1857"/>
 <Entity id="1858"/>
 <Entity id="1859"/>
 <Entity id="1860"/>
 <Entity id="1861"/>
 <Entity id="1862"/>
 <Entity id="1863"/>
 <Entity id="1864"/>
 <Entity id="1865"/>
 <Entity id="1866"/>
 <Entity id="1867"/>
 <Entity id="1868"/>
 <Entity id="1869"/>
 <Entity id="1872"/>
 <Entity id="1877"/>
 <Entity id="1879"/>
 <Entity id="1880"/>
 <Entity id="1882"/>
 <Entity id="1883"/>
 <Entity id="1886"/>
 <Entity id="1887"/>
 <Entity id="1888"/>
 <Entity id="1889"/>
 <Entity id="1891"/>
 <Entity id="1892"/>
 <Entity id="1894"/>
 <Entity id="1895"/>
 <Entity id="1896"/>
 <Entity id="1898"/>
 <Entity id="1899"/>
 <Entity id="1900"/>
 <Entity id="1901"/>
 <Entity id="1903"/>
 <Entity id="1904"/>
 <Entity id="1907"/>
 <Entity id="1908"/>
 <Entity id="1910"/>
 <Entity id="1912"/>
 <Entity id="1913"/>
 <Entity id="1914"/>
 <Entity id="1917"/>
 <Entity id="1918"/>
 <Entity id="1920"/>
 <Entity id="1921"/>
 <Entity id="1922"/>
 <Entity id="1923"/>
 <Entity id="1925"/>
 <Entity id="1927"/>
 <Entity id="1928"/>
 <Entity id="1929"/>
 <Entity id="1930"/>
 <Entity id="1934"/>
 <Entity id="1938"/>
 <Entity id="1939"/>
 <Entity id="1940"/>
 <Entity id="1942"/>
 <Entity id="1943"/>
 <Entity id="1944"/>
 <Entity id="1945"/>
 <Entity id="1947"/>
 <Entity id="1948"/>
 <Entity id="1949"/>
 <Entity id="1950"/>
 <Entity id="1951"/>
 <Entity id="1953"/>
 <Entity id="1955"/>
 <Entity id="1956"/>
 <Entity id="1958"/>
 <Entity id="1964"/>
 <Entity id="1965"/>
 <Entity id="1967"/>
 <Entity id="1970"/>
 <Entity id="1971"/>
 <Entity id="1972"/>
 <Entity id="1973"/>
 <Entity id="1975"/>
 <Entity id="1976"/>
 <Entity id="1977"/>
 <Entity id="1978"/>
 <Entity id="1980"/>
 <Entity id="1981"/>
 <Entity id="1985"/>
 <Entity id="1987"/>
 <Entity id="1988"/>
 <Entity id="1995"/>
 <Entity id="1996"/>
 <Entity id="1998"/>
 <Entity id="1999"/>
 <Entity id="2001"/>
 <Entity id="2002"/>
 <Entity id="2003"/>
 <Entity id="2004"/>
 <Entity id="2005"/>
 <Entity id="2007"/>
 <Entity id="2009"/>
 <Entity id="2012"/>
 <Entity id="2014"/>
 <Entity id="2015"/>
 <Entity id="2017"/>
 <Entity id="2018"/>
 <Entity id="2019"/>
 <Entity id="2020"/>
 <Entity id="2022"/>
 <Entity id="2023"/>
 <Entity id="2024"/>
 <Entity id="2025"/>
 <Entity id="2027"/>
 <Entity id="2028"/>
 <Entity id="2030"/>
 <Entity id="2031"/>
 <Entity id="2036"/>
 <Entity id="2037"/>
 <Entity id="2040"/>
 <Entity id="2041"/>
 <Entity id="2043"/>
 <Entity id="2044"/>
 <Entity id="2045"/>
 <Entity id="2047"/>
 <Entity id="2049"/>
 <Entity id="2050"/>
 <Entity id="2051"/>
 <Entity id="2052"/>
 <Entity id="2053"/>
 <Entity id="2054"/>
 <Entity id="2055"/>
 <Entity id="2059"/>
 <Entity id="2060"/>
 <Entity id="2062"/>
 <Entity id="2063"/>
 <Entity id="2064"/>
 <Entity id="2065"/>
 <Entity id="2067"/>
 <Entity id="2068"/>
 <Entity id="2071"/>
 <Entity id="2073"/>
 <Entity id="2076"/>
 <Entity id="2077"/>
 <Entity id="2079"/>
 <Entity id="2082"/>
 <Entity id="2083"/>
 <Entity id="2084"/>
 <Entity id="2087"/>
 <Entity id="2089"/>
 <Entity id="2090"/>
 <Entity id="2091"/>
 <Entity id="2092"/>
 <Entity id="2093"/>
 <Entity id="2094"/>
 <Entity id="2098"/>
 <Entity id="2100"/>
 <Entity id="2102"/>
 <Entity id="2103"/>
 <Entity id="2105"/>
 <Entity id="2109"/>
 <Entity id="2110"/>
 <Entity id="2111"/>
 <Entity id="2112"/>
 <Entity id="2113"/>
 <Entity id="2114"/>
 <Entity id="2115"/>
 <Entity id="2116"/>
 <Entity id="2117"/>
 <Entity id="2118"/>
 <Entity id="2119"/>
 <Entity id="2121"/>
 <Entity id="2122"/>
 <Entity id="2124"/>
 <Entity id="2125"/>
 <Entity id="2126"/>
 <Entity id="2127"/>
 <Entity id="2130"/>
 <Entity id="2131"/>
 <Entity id="2132"/>
 <Entity id="2133"/>
 <Entity id="2134"/>
 <Entity id="2135"/>
 <Entity id="2137"/>
 <Entity id="2138"/>
 <Entity id="2140"/>
 <Entity id="2141"/>
 <Entity id="2144"/>
 <Entity id="2146"/>
 <Entity id="2148"/>
 <Entity id="2149"/>
 <Entity id="2151"/>
 <Entity id="2152"/>
 <Entity id="2154"/>
 <Entity id="2155"/>
 <Entity id="2156"/>
 <Entity id="2157"/>
 <Entity id="2158"/>
 <Entity id="2161"/>
 <Entity id="2163"/>
 <Entity id="2165"/>
 <Entity id="2166"/>
 <Entity id="2167"/>
 <Entity id="2168"/>
 <Entity id="2169"/>
 <Entity id="2171"/>
 <Entity id="2172"/>
 <Entity id="2173"/>
 <Entity id="2175"/>
 <Entity id="2176"/>
 <Entity id="2177"/>
 <Entity id="2180"/>
 <Entity id="2181"/>
 <Entity id="2182"/>
 <Entity id="2184"/>
 <Entity id="2188"/>
 <Entity id="2190"/>
 <Entity id="2191"/>
 <Entity id="2192"/>
 <Entity id="2193"/>
 <Entity id="2195"/>
 <Entity id="2199"/>
 <Entity id="2200"/>
 <Entity id="2202"/>
 <Entity id="2203"/>
 <Entity id="2204"/>
 <Entity id="2208"/>
 <Entity id="2210"/>
 <Entity id="2211"/>
 <Entity id="2212"/>
 <Entity id="2213"/>
 <Entity id="2214"/>
 <Entity id="2216"/>
 <Entity id="2217"/>
 <Entity id="2218"/>
 <Entity id="2219"/>
 <Entity id="2220"/>
 <Entity id="2223"/>
 <Entity id="2226"/>
 <Entity id="2227"/>
 <Entity id="2233"/>
 <Entity id="2234"/>
 <Entity id="2235"/>
 <Entity id="2236"/>
 <Entity id="2237"/>
 <Entity id="2238"/>
 <Entity id="2242"/>
 <Entity id="2243"/>
 <Entity id="2244"/>
 <Entity id="2245"/>
 <Entity id="2246"/>
 <Entity id="2247"/>
 <Entity id="2248"/>
 <Entity id="2249"/>
 <Entity id="2250"/>
 <Entity id="2251"/>
 <Entity id="2252"/>
 <Entity id="2253"/>
 <Entity id="2254"/>
 <Entity id="2255"/>
 <Entity id="2256"/>
 <Entity id="2257"/>
 <Entity id="2258"/>
 <Entity id="2259"/>
 <Entity id="2261"/>
 <Entity id="2262"/>
 <Entity id="2263"/>
 <Entity id="2264"/>
 <Entity id="2265"/>
 <Entity id="2266"/>
 <Entity id="2267"/>
 <Entity id="2268"/>
 <Entity id="2269"/>
 <Entity id="2270"/>
 <Entity id="2271"/>
 <Entity id="2272"/>
 <Entity id="2273"/>
 <Entity id="2274"/>
 <Entity id="2275"/>
 <Entity id="2276"/>
 <Entity id="2278"/>
 <Entity id="2279"/>
 <Entity id="2280"/>
 <Entity id="2281"/>
 <Entity id="2282"/>
 <Entity id="2283"/>
 <Entity id="2284"/>
 <Entity id="2287"/>
 <Entity id="2340"/>
 <Entity id="2349"/>
 <Entity id="2358"/>
 <Entity id="2362"/>
 <Entity id="2364"/>
 <Entity id="2365"/>
 <Entity id="2366"/>
 <Entity id="2367"/>
 <Entity id="2370"/>
 <Entity id="2372"/>
 <Entity id="2374"/>
 <Entity id="2377"/>
 <Entity id="2378"/>
 <Entity id="2379"/>
 <Entity id="2381"/>
 <Entity id="2383"/>
 <Entity id="2384"/>
 <Entity id="2387"/>
 <Entity id="2388"/>
 <Entity id="2389"/>
 <Entity id="2393"/>
 <Entity id="2395"/>
 <Entity id="2398"/>
 <Entity id="2402"/>
 <Entity id="2423"/>
 <Entity id="2426"/>
 <Entity id="2441"/>
 <Entity id="2442"/>
 <Entity id="2479"/>
 <Entity id="2481"/>
 <Entity id="2486"/>
 <Entity id="2488"/>
 <Entity id="2493"/>
 <Entity id="2506"/>
 <Entity id="2511"/>
 <Entity id="2512"/>
 <Entity id="2513"/>
 <Entity id="2514"/>
 <Entity id="2518"/>
 <Entity id="2519"/>
 <Entity id="2520"/>
 <Entity id="2522"/>
 <Entity id="2525"/>
 <Entity id="2526"/>
 <Entity id="2528"/>
 <Entity id="2530"/>
 <Entity id="2534"/>
 <Entity id="2537"/>
 <Entity id="2541"/>
 <Entity id="2542"/>
 <Entity id="2543"/>
 <Entity id="2546"/>
 <Entity id="2550"/>
 <Entity id="2556"/>
 <Entity id="2557"/>
 <Entity id="2558"/>
 <Entity id="2562"/>
 <Entity id="2563"/>
 <Entity id="2564"/>
 <Entity id="2565"/>
 <Entity id="2569"/>
 <Entity id="2570"/>
 <Entity id="2573"/>
 <Entity id="2574"/>
 <Entity id="2575"/>
 <Entity id="2578"/>
 <Entity id="2579"/>
 <Entity id="2581"/>
 <Entity id="2582"/>
 <Entity id="2588"/>
 <Entity id="2589"/>
 <Entity id="2595"/>
 <Entity id="2596"/>
 <Entity id="2597"/>
 <Entity id="2600"/>
 <Entity id="2601"/>
 <Entity id="2602"/>
 <Entity id="2605"/>
 <Entity id="2606"/>
 <Entity id="2608"/>
 <Entity id="2609"/>
 <Entity id="2610"/>
 <Entity id="2611"/>
 <Entity id="2613"/>
 <Entity id="2614"/>
 <Entity id="2617"/>
 <Entity id="2619"/>
 <Entity id="2620"/>
 <Entity id="2621"/>
 <Entity id="2622"/>
 <Entity id="2623"/>
 <Entity id="2624"/>
 <Entity id="2625"/>
 <Entity id="2627"/>
 <Entity id="2628"/>
 <Entity id="2629"/>
 <Entity id="2631"/>
 <Entity id="2632"/>
 <Entity id="2635"/>
 <Entity id="2640"/>
 <Entity id="2642"/>
 <Entity id="2643"/>
 <Entity id="2644"/>
 <Entity id="2646"/>
 <Entity id="2647"/>
 <Entity id="2649"/>
 <Entity id="2650"/>
 <Entity id="2651"/>
 <Entity id="2652"/>
 <Entity id="2653"/>
 <Entity id="2656"/>
 <Entity id="2657"/>
 <Entity id="2659"/>
 <Entity id="2662"/>
 <Entity id="2668"/>
 <Entity id="2669"/>
 <Entity id="2671"/>
 <Entity id="2672"/>
 <Entity id="2673"/>
 <Entity id="2674"/>
 <Entity id="2675"/>
 <Entity id="2678"/>
 <Entity id="2680"/>
 <Entity id="2681"/>
 <Entity id="2682"/>
 <Entity id="2683"/>
 <Entity id="2685"/>
 <Entity id="2686"/>
 <Entity id="2688"/>
 <Entity id="2689"/>
 <Entity id="2692"/>
 <Entity id="2693"/>
 <Entity id="2694"/>
 <Entity id="2695"/>
 <Entity id="2696"/>
 <Entity id="2698"/>
 <Entity id="2700"/>
 <Entity id="2701"/>
 <Entity id="2703"/>
 <Entity id="2704"/>
 <Entity id="2706"/>
 <Entity id="2708"/>
 <Entity id="2709"/>
 <Entity id="2710"/>
 <Entity id="2712"/>
 <Entity id="2717"/>
 <Entity id="2722"/>
 <Entity id="2723"/>
 <Entity id="2724"/>
 <Entity id="2726"/>
 <Entity id="2727"/>
 <Entity id="2728"/>
 <Entity id="2730"/>
 <Entity id="2731"/>
 <Entity id="2733"/>
 <Entity id="2735"/>
 <Entity id="2736"/>
 <Entity id="2737"/>
 <Entity id="2738"/>
 <Entity id="2739"/>
 <Entity id="2742"/>
 <Entity id="2743"/>
 <Entity id="2744"/>
 <Entity id="2745"/>
 <Entity id="2746"/>
 <Entity id="2748"/>
 <Entity id="2750"/>
 <Entity id="2751"/>
 <Entity id="2752"/>
 <Entity id="2753"/>
 <Entity id="2755"/>
 <Entity id="2756"/>
 <Entity id="2757"/>
 <Entity id="2758"/>
 <Entity id="2760"/>
 <Entity id="2762"/>
 <Entity id="2763"/>
 <Entity id="2768"/>
 <Entity id="2778"/>
 <Entity id="2785"/>
 <Entity id="2794"/>
 <Entity id="2805"/>
 <Entity id="2807"/>
 <Entity id="2809"/>
 <Entity id="2812"/>
 <Entity id="2813"/>
 <Entity id="2814"/>
 <Entity id="2816"/>
 <Entity id="2821"/>
 <Entity id="2823"/>
 <Entity id="2825"/>
 <Entity id="2827"/>
 <Entity id="2829"/>
 <Entity id="2831"/>
 <Entity id="2832"/>
 <Entity id="2836"/>
 <Entity id="2838"/>
 <Entity id="2843"/>
 <Entity id="2846"/>
 <Entity id="2847"/>
 <Entity id="2850"/>
 <Entity id="2851"/>
 <Entity id="2852"/>
 <Entity id="2859"/>
 <Entity id="2864"/>
 <Entity id="2865"/>
 <Entity id="2867"/>
 <Entity id="2873"/>
 <Entity id="2878"/>
 <Entity id="2880"/>
 <Entity id="2882"/>
 <Entity id="2885"/>
 <Entity id="2892"/>
 <Entity id="2893"/>
 <Entity id="2895"/>
 <Entity id="2897"/>
 <Entity id="2901"/>
 <Entity id="2903"/>
 <Entity id="2904"/>
 <Entity id="2908"/>
 <Entity id="2909"/>
 <Entity id="2910"/>
 <Entity id="2913"/>
 <Entity id="2917"/>
 <Entity id="2918"/>
 <Entity id="2919"/>
 <Entity id="2920"/>
 <Entity id="2924"/>
 <Entity id="2925"/>
 <Entity id="2929"/>
 <Entity id="2937"/>
 <Entity id="2938"/>
 <Entity id="2939"/>
 <Entity id="2941"/>
 <Entity id="2945"/>
 <Entity id="2949"/>
 <Entity id="2951"/>
 <Entity id="2953"/>
 <Entity id="2954"/>
 <Entity id="2955"/>
 <Entity id="2959"/>
 <Entity id="2960"/>
 <Entity id="2963"/>
 <Entity id="2966"/>
 <Entity id="2967"/>
 <Entity id="2970"/>
 <Entity id="2972"/>
 <Entity id="2975"/>
 <Entity id="2979"/>
 <Entity id="2983"/>
 <Entity id="2989"/>
 <Entity id="2990"/>
 <Entity id="2991"/>
 <Entity id="2993"/>
 <Entity id="2994"/>
 <Entity id="2995"/>
 <Entity id="2998"/>
 <Entity id="3001"/>
 <Entity id="3005"/>
 <Entity id="3007"/>
 <Entity id="3009"/>
 <Entity id="3011"/>
 <Entity id="3012"/>
 <Entity id="3015"/>
 <Entity id="3021"/>
 <Entity id="3022"/>
 <Entity id="3023"/>
 <Entity id="3025"/>
 <Entity id="3026"/>
 <Entity id="3028"/>
 <Entity id="3030"/>
 <Entity id="3031"/>
 <Entity id="3034"/>
 <Entity id="3036"/>
 <Entity id="3038"/>
 <Entity id="3042"/>
 <Entity id="3044"/>
 <Entity id="3050"/>
 <Entity id="3051"/>
 <Entity id="3052"/>
 <Entity id="3054"/>
 <Entity id="3057"/>
 <Entity id="3058"/>
 <Entity id="3059"/>
 <Entity id="3062"/>
 <Entity id="3063"/>
 <Entity id="3064"/>
 <Entity id="3065"/>
 <Entity id="3066"/>
 <Entity id="3067"/>
 <Entity id="3069"/>
 <Entity id="3073"/>
 <Entity id="3074"/>
 <Entity id="3075"/>
 <Entity id="3078"/>
 <Entity id="3079"/>
 <Entity id="3080"/>
 <Entity id="3081"/>
 <Entity id="3082"/>
 <Entity id="3084"/>
 <Entity id="3088"/>
 <Entity id="3090"/>
 <Entity id="3091"/>
 <Entity id="3093"/>
 <Entity id="3094"/>
 <Entity id="3097"/>
 <Entity id="3103"/>
 <Entity id="3107"/>
 <Entity id="3112"/>
 <Entity id="3114"/>
 <Entity id="3117"/>
 <Entity id="3121"/>
 <Entity id="3122"/>
 <Entity id="3123"/>
 <Entity id="3124"/>
 <Entity id="3127"/>
 <Entity id="3131"/>
 <Entity id="3132"/>
 <Entity id="3133"/>
 <Entity id="3134"/>
 <Entity id="3135"/>
 <Entity id="3137"/>
 <Entity id="3139"/>
 <Entity id="3141"/>
 <Entity id="3142"/>
 <Entity id="3144"/>
 <Entity id="3145"/>
 <Entity id="3146"/>
 <Entity id="3147"/>
 <Entity id="3148"/>
 <Entity id="3153"/>
 <Entity id="3154"/>
 <Entity id="3155"/>
 <Entity id="3157"/>
 <Entity id="3160"/>
 <Entity id="3161"/>
 <Entity id="3162"/>
 <Entity id="3164"/>
 <Entity id="3165"/>
 <Entity id="3167"/>
 <Entity id="3168"/>
 <Entity id="3169"/>
 <Entity id="3170"/>
 <Entity id="3172"/>
 <Entity id="3173"/>
 <Entity id="3174"/>
 <Entity id="3175"/>
 <Entity id="3176"/>
 <Entity id="3177"/>
 <Entity id="3178"/>
 <Entity id="3179"/>
 <Entity id="3180"/>
 <Entity id="3181"/>
 <Entity id="3182"/>
 <Entity id="3183"/>
 <Entity id="3184"/>
 <Entity id="3185"/>
 <Entity id="3186"/>
 <Entity id="3187"/>
 <Entity id="3188"/>
 <Entity id="3189"/>
 <Entity id="3190"/>
 <Entity id="3191"/>
 <Entity id="3192"/>
 <Entity id="3193"/>
 <Entity id="3194"/>
 <Entity id="3195"/>
 <Entity id="3196"/>
 <Entity id="3197"/>
 <Entity id="3198"/>
 <Entity id="3199"/>
 <Entity id="3200"/>
 <Entity id="3201"/>
 <Entity id="3202"/>
 <Entity id="3203"/>
 <Entity id="3204"/>
 <Entity id="3205"/>
 <Entity id="3206"/>
 <Entity id="3207"/>
 <Entity id="3208"/>
 <Entity id="3210"/>
 <Entity id="3211"/>
 <Entity id="3212"/>
 <Entity id="3213"/>
 <Entity id="3214"/>
 <Entity id="3215"/>
 <Entity id="3216"/>
 <Entity id="3217"/>
 <Entity id="3218"/>
 <Entity id="3219"/>
 <Entity id="3220"/>
 <Entity id="3221"/>
 <Entity id="3222"/>
 <Entity id="3223"/>
 <Entity id="3224"/>
 <Entity id="3225"/>
 <Entity id="3226"/>
 <Entity id="3227"/>
 <Entity id="3228"/>
 <Entity id="3229"/>
 <Entity id="3230"/>
 <Entity id="3231"/>
 <Entity id="3232"/>
 <Entity id="3233"/>
 <Entity id="3234"/>
 <Entity id="3235"/>
 <Entity id="3236"/>
 <Entity id="3237"/>
 <Entity id="3238"/>
 <Entity id="3239"/>
 <Entity id="3240"/>
 <Entity id="3241"/>
 <Entity id="3242"/>
 <Entity id="3243"/>
 <Entity id="3244"/>
 <Entity id="3245"/>
 <Entity id="3246"/>
 <Entity id="3247"/>
 <Entity id="3248"/>
 <Entity id="3249"/>
 <Entity id="3250"/>
 <Entity id="3251"/>
 <Entity id="3252"/>
 <Entity id="3254"/>
 <Entity id="3255"/>
 <Entity id="3256"/>
 <Entity id="3257"/>
 <Entity id="3258"/>
 <Entity id="3259"/>
 <Entity id="3260"/>
 <Entity id="3262"/>
 <Entity id="3264"/>
 <Entity id="3266"/>
 <Entity id="3267"/>
 <Entity id="3268"/>
 <Entity id="3269"/>
 <Entity id="3270"/>
 <Entity id="3271"/>
 <Entity id="3272"/>
 <Entity id="3273"/>
 <Entity id="3274"/>
 <Entity id="3275"/>
 <Entity id="3276"/>
 <Entity id="3277"/>
 <Entity id="3278"/>
 <Entity id="3279"/>
 <Entity id="3280"/>
 <Entity id="3281"/>
 <Entity id="3282"/>
 <Entity id="3283"/>
 <Entity id="3284"/>
 <Entity id="3285"/>
 <Entity id="3286"/>
 <Entity id="3287"/>
 <Entity id="3288"/>
 <Entity id="3289"/>
 <Entity id="3290"/>
 <Entity id="3291"/>
 <Entity id="3292"/>
 <Entity id="3293"/>
 <Entity id="3294"/>
 <Entity id="3295"/>
 <Entity id="3296"/>
 <Entity id="3297"/>
 <Entity id="3298"/>
 <Entity id="3299"/>
 <Entity id="3300"/>
 <Entity id="3301"/>
 <Entity id="3302"/>
 <Entity id="3303"/>
 <Entity id="3304"/>
 <Entity id="3306"/>
 <Entity id="3308"/>
 <Entity id="3310"/>
 <Entity id="3311"/>
 <Entity id="3312"/>
 <Entity id="3314"/>
 <Entity id="3315"/>
</EntitySerialization>
