<MovieData>
 <Mission Name="Mission0">
  <SequenceData>
   <Sequence SequenceVersion="3" Name="DeepStorage_sq_03" Flags="0" StartTime="0" EndTime="10" ID="0" ConversationID="DEDEDEDEDEDEDEDE">
    <Nodes />
    <Events />
   </Sequence>
   <Sequence SequenceVersion="3" Name="Cs_DeepStorage_Sq03_PlayerJettisoned_Player" Flags="0" StartTime="0" EndTime="21.6" ID="0" ConversationID="DEDEDEDEDEDEDEDE">
    <Nodes>
     <Node Id="2" Type="PlayerEntity" Name="ArkPlayer" Flags="0" paramIdVersion="9" EntityGUID="0" debugClassName="ArkTrackviewDumbyPlayer">
      <Track paramType="Event" Type="-1" Flags="0" StartTime="0" EndTime="21.6" HasCustomColor="0" ValueType="-1">
       <Key time="22.633335" event="Dead"/>
      </Track>
      <Track paramType="Mannequin" Type="-1" Flags="0" StartTime="0" EndTime="21.6" HasCustomColor="0" ValueType="-1">
       <Key time="0" fragName="Cs_DeepStorage_Sq03_PlayerJettisoned_Player" duration="22.966667" priority="10" blendIn="0.2" blendOut="0.2" loop="1"/>
      </Track>
      <Track paramType="CameraLock" Type="-1" Flags="0" StartTime="0" EndTime="21.6" HasCustomColor="0" ValueType="-1">
       <Key time="0" lock="1" interp="-1"/>
      </Track>
      <Track paramType="ArkPositioning" Type="-1" Flags="0" StartTime="0" EndTime="21.6" HasCustomColor="0" ValueType="-1">
       <Key time="0" m="" q="0.99970454,-0,0,-0.02430678" t="1311.0485,734.89978,313.57462" eo="0" b="0.2"/>
      </Track>
      <Track paramType="ArkCollider" Type="-1" Flags="0" StartTime="0" EndTime="21.6" HasCustomColor="0" ValueType="-1">
       <Key time="0" mode="5" resetOnExit="0" resetOnAbort="1"/>
       <Key time="21.6" mode="1" resetOnExit="0" resetOnAbort="1"/>
      </Track>
     </Node>
     <Node Id="3" Type="Event" Name="Blackout" Flags="4" paramIdVersion="9">
      <Track paramType="TrackEvent" Type="-1" Flags="0" StartTime="0" EndTime="21.6" HasCustomColor="0" ValueType="-1">
       <Key time="21.5" event="FadetoBlack"/>
       <Key time="24.200001" event="FIN1"/>
      </Track>
     </Node>
     <Node Id="4" Type="Entity" Name="AudioTriggerSpot84" Flags="0" paramIdVersion="9" EntityGUID="4200E3F04900D62E">
      <Track paramType="Position" Type="4" Flags="0" HasCustomColor="0" ValueType="1">
       <NewSubTrack Flags="0" defaultValue="0,1311.2953" HasCustomColor="0"/>
       <NewSubTrack Flags="0" defaultValue="0,735.97455" HasCustomColor="0"/>
       <NewSubTrack Flags="0" defaultValue="0,314.55765" HasCustomColor="0"/>
      </Track>
      <Track paramType="Rotation" Type="4" Flags="0" HasCustomColor="0" ValueType="2">
       <NewSubTrack Flags="0" defaultValue="0,0" HasCustomColor="0"/>
       <NewSubTrack Flags="0" defaultValue="0,-0" HasCustomColor="0"/>
       <NewSubTrack Flags="0" defaultValue="0,0" HasCustomColor="0"/>
      </Track>
      <Track paramType="Event" Type="-1" Flags="0" StartTime="0" EndTime="21.6" HasCustomColor="0" ValueType="-1"/>
      <Track paramType="Sound" Type="-1" Flags="0" StartTime="0" EndTime="21.6" HasCustomColor="0" ValueType="-1">
       <Key time="0.125" StartTrigger="Play_IGC_Ejection_Computer_Error" StopTrigger="null" Duration="0" CustomColor="0.18782079,0.18782079,1"/>
       <Key time="1.1" StartTrigger="Trigger_Scare_Hit" StopTrigger="" Duration="0" CustomColor="0.18782079,0.18782079,1"/>
       <Key time="3.2480001" StartTrigger="Play_Evnt_CorporateIT_Eject_1_Player_Shake" StopTrigger="null" Duration="0" CustomColor="0.18782079,0.18782079,1"/>
       <Key time="3.7536387" StartTrigger="Play_Evnt_CorporateIT_Eject_2_Drama_Fall" StopTrigger="null" Duration="0" CustomColor="0.18782079,0.18782079,1"/>
       <Key time="5.3000002" StartTrigger="Trigger_Scare_Hit" StopTrigger="" Duration="0" CustomColor="0.18782079,0.18782079,1"/>
       <Key time="5.5978794" StartTrigger="Play_Evnt_CorporateIT_Eject_3_Pod_Unlock" StopTrigger="null" Duration="0" CustomColor="0.18782079,0.18782079,1"/>
       <Key time="7.1593504" StartTrigger="Play_Evnt_CorporateIT_Eject_4_Mega_Metal_Slam" StopTrigger="null" Duration="0" CustomColor="0.18782079,0.18782079,1"/>
       <Key time="9.3906231" StartTrigger="Play_Evnt_CorporateIT_Eject_5_Lose_Gravity" StopTrigger="null" Duration="0" CustomColor="0.18782079,0.18782079,1"/>
       <Key time="19.979189" StartTrigger="Play_Evnt_CorporateIT_Eject_6_Player_Flies_Back" StopTrigger="null" Duration="0" CustomColor="0.18782079,0.18782079,1"/>
       <Key time="20.525" StartTrigger="Play_Evnt_CorporateIT_Eject_6_5_Player_Flies_Impact" StopTrigger="null" Duration="0" CustomColor="0.18782079,0.18782079,1"/>
       <Key time="20.85" StartTrigger="Play_Evnt_CorporateIT_Eject_7_HardDrive_Flies_Back" StopTrigger="null" Duration="0" CustomColor="0.18782079,0.18782079,1"/>
       <Key time="21.5" StartTrigger="Play_Evnt_CorporateIT_Eject_8_End_Hit" StopTrigger="null" Duration="0" CustomColor="0.18782079,0.18782079,1"/>
      </Track>
     </Node>
     <Node Id="5" Type="Entity" Name="datablock_Front_Left" Flags="0" paramIdVersion="9" EntityGUID="46D937ACDF98F38C">
      <Track paramType="Position" Type="4" Flags="0" HasCustomColor="0" ValueType="1">
       <NewSubTrack Flags="0" defaultValue="0,1312.551" HasCustomColor="0">
        <Key time="3.5590849" value="3.5590849,1310.8989" flags="100" ds="0,0" dd="0.013638417,0.0021565757"/>
        <Key time="3.6000001" value="3.6000001,1310.9054" flags="73" ds="0.030149382,0.0022109714" dd="0.046421412,0.0034042629"/>
        <Key time="3.7666669" value="3.7666669,1310.9155" flags="100" ds="0.055555582,0.0033772788" dd="0.055555582,-0.00040690106"/>
        <Key time="3.9333336" value="3.9333336,1310.9143" flags="100" ds="0.055555582,-0.00040690106" dd="0.0836467,-0.0036621094"/>
        <Key time="4.1842737" value="4.1842737,1310.9033" flags="100" ds="0.0836467,-0.0036621094" dd="0.02746439,0.0029296875"/>
        <Key time="4.2666669" value="4.2666669,1310.9121" flags="73" ds="0.01607489,0.00030170043" dd="0.028369276,0.00053244672"/>
        <Key time="4.3333282" value="4.3333282,1310.9137" flags="100" ds="0.022220453,0.00052897137" dd="0.033335052,0"/>
        <Key time="4.4333334" value="4.4333334,1310.9137" flags="100" ds="0.033335052,0" dd="0.088888966,4.0690105e-05"/>
        <Key time="4.7000003" value="4.7000003,1310.9138" flags="73" ds="0.077774234,4.961802e-06" dd="0.88889283,5.6709141e-05"/>
        <Key time="7.2333336" value="7.2333336,1310.9138" flags="36" ds="0.84444445,0" dd="0.022217592,-4.0690105e-05"/>
        <Key time="7.2999864" value="7.2999864,1310.9137" flags="100" ds="0.022217592,-4.0690105e-05" dd="0.043348789,0"/>
        <Key time="7.4300327" value="7.4300327,1310.9137" flags="100" ds="0.043348789,0" dd="0.045544785,0.000773112"/>
        <Key time="7.5666671" value="7.5666671,1310.916" flags="36" ds="0.045544785,0.000773112" dd="0.34444445,0"/>
        <Key time="8.6000004" value="8.6000004,1310.916" flags="36" ds="0.34444445,0" dd="0.28162831,-4.0690105e-05"/>
        <Key time="9.4448853" value="9.4448853,1310.9159" flags="36" ds="0.28162831,-4.0690105e-05" dd="0.67392731,-0.000773112"/>
        <Key time="11.466667" value="11.466667,1310.9136" flags="64" ds="0.67392731,0.00020011597" dd="2.8888893,0.00085782679"/>
        <Key time="20.133335" value="20.133335,1310.9191" flags="100" ds="2.8888893,0.0018310547" dd="0.037325542,-0.17093913"/>
        <Key time="20.245312" value="20.245312,1310.4063" flags="100" ds="0.037325542,-0.17093913" dd="0.22934088,-0.99654138"/>
        <Key time="20.933334" value="20.933334,1307.4166" flags="100" ds="0.22934088,-0.99654138" dd="0.066666923,-0.52530926"/>
        <Key time="21.133335" value="21.133335,1305.8407" flags="100" ds="0.066666923,-0.52530926" dd="0,0"/>
       </NewSubTrack>
       <NewSubTrack Flags="0" defaultValue="0,734.74329" HasCustomColor="0">
        <Key time="3.5590849" value="3.5590849,731.93549" flags="100" ds="0,0" dd="0.25808114,0.74420166"/>
        <Key time="4.3333282" value="4.3333282,734.16809" flags="100" ds="0.25808114,0.74420166" dd="0.033335052,-0.00046793622"/>
        <Key time="4.4333334" value="4.4333334,734.16669" flags="100" ds="0.033335052,-0.00046793622" dd="0.088888966,0.0057576499"/>
        <Key time="4.7000003" value="4.7000003,734.18396" flags="73" ds="0.077774234,2.5576298e-07" dd="0.88889283,2.9231514e-06"/>
        <Key time="7.2333336" value="7.2333336,734.18396" flags="36" ds="0.84444445,0" dd="0.11111116,0.005859375"/>
        <Key time="7.5666671" value="7.5666671,734.20154" flags="84" ds="0.11111116,0.005859375" dd="0.34444445,0"/>
        <Key time="8.6000004" value="8.6000004,734.20154" flags="20" ds="0.34444445,0" dd="0.28162831,0"/>
        <Key time="9.4448853" value="9.4448853,734.20593" flags="9" ds="0.096940771,-0.00032434976" dd="0.50618076,-0.0016936074"/>
        <Key time="11.466667" value="11.466667,734.18811" flags="65" ds="0.49414444,0.015808105" dd="2.8888893,0.12662843"/>
        <Key time="20.133335" value="20.133335,734.67444" flags="100" ds="2.8888893,0.16210938" dd="0.037325542,-2.0345053e-05"/>
        <Key time="20.245312" value="20.245312,734.67438" flags="100" ds="0.037325542,-2.0345053e-05" dd="0.22934088,2.0345053e-05"/>
        <Key time="20.933334" value="20.933334,734.67444" flags="100" ds="0.22934088,2.0345053e-05" dd="0.066666923,0"/>
        <Key time="21.133335" value="21.133335,734.67444" flags="100" ds="0.066666923,0" dd="0,0"/>
       </NewSubTrack>
       <NewSubTrack Flags="0" defaultValue="0,313.85019" HasCustomColor="0">
        <Key time="3.5590849" value="3.5590849,315.07397" flags="100" ds="0,0" dd="0.013638417,0.00047810873"/>
        <Key time="3.6000001" value="3.6000001,315.07541" flags="100" ds="0.013638417,0.00047810873" dd="0.055555582,-0.13136801"/>
        <Key time="3.7666669" value="3.7666669,314.6813" flags="100" ds="0.055555582,-0.13136801" dd="0.055555582,-0.082387291"/>
        <Key time="3.9333336" value="3.9333336,314.43414" flags="100" ds="0.055555582,-0.082387291" dd="0.0836467,-0.15304565"/>
        <Key time="4.1842737" value="4.1842737,313.97501" flags="100" ds="0.0836467,-0.15304565" dd="0.02746439,-0.0045979819"/>
        <Key time="4.2666669" value="4.2666669,313.96121" flags="100" ds="0.02746439,-0.0045979819" dd="0.022220453,-0.014038086"/>
        <Key time="4.3333282" value="4.3333282,313.9191" flags="100" ds="0.022220453,-0.014038086" dd="0.033335052,-0.011881511"/>
        <Key time="4.4333334" value="4.4333334,313.88345" flags="100" ds="0.033335052,-0.011881511" dd="0.088888966,0"/>
        <Key time="4.7000003" value="4.7000003,313.88345" flags="73" ds="0.077774234,1.5601541e-06" dd="0.88889283,1.7831224e-05"/>
        <Key time="7.2333336" value="7.2333336,313.88345" flags="36" ds="0.84444445,0" dd="0.022217592,0.0039571128"/>
        <Key time="7.2999864" value="7.2999864,313.89532" flags="100" ds="0.022217592,0.0039571128" dd="0.043348789,0.0040588379"/>
        <Key time="7.4300327" value="7.4300327,313.9075" flags="100" ds="0.043348789,0.0040588379" dd="0.045544785,-0.0083719892"/>
        <Key time="7.5666671" value="7.5666671,313.88239" flags="36" ds="0.045544785,-0.0083719892" dd="0.34444445,0"/>
        <Key time="8.6000004" value="8.6000004,313.88239" flags="36" ds="0.34444445,0" dd="0.28162831,0.0034281414"/>
        <Key time="9.4448853" value="9.4448853,313.89267" ds="0.28162828,0.0081129149" dd="0.67392731,0.019413941"/>
        <Key time="11.466667" value="11.466667,313.96497" flags="65" ds="0.51866722,0.041900635" dd="2.8888893,0.43510792"/>
        <Key time="20.133335" value="20.133335,315.5025" flags="100" ds="2.8888893,0.51251221" dd="0.037325542,0"/>
        <Key time="20.245312" value="20.245312,315.5025" flags="100" ds="0.037325542,0" dd="0.22934088,0"/>
        <Key time="20.933334" value="20.933334,315.5025" flags="100" ds="0.22934088,0" dd="0.066666923,0"/>
        <Key time="21.133335" value="21.133335,315.5025" flags="100" ds="0.066666923,0" dd="0,0"/>
       </NewSubTrack>
      </Track>
      <Track paramType="Rotation" Type="4" Flags="0" HasCustomColor="0" ValueType="2">
       <NewSubTrack Flags="0" defaultValue="0,175.00002" HasCustomColor="0">
        <Key time="3.5590849" value="3.5590849,0.3356134" flags="100" ds="0,0" dd="0.013638417,0.26114398"/>
        <Key time="3.6000001" value="3.6000001,1.1190453" flags="100" ds="0.013638417,0.26114398" dd="0.036444347,-8.1009941"/>
        <Key time="3.7093332" value="3.7093332,-23.183937" flags="100" ds="0.036444347,-8.1009941" dd="0.019111237,-1.2836177"/>
        <Key time="3.7666669" value="3.7666669,-27.03479" flags="100" ds="0.019111237,-1.2836177" dd="0.055555582,-15.796217"/>
        <Key time="3.9333336" value="3.9333336,-74.423439" flags="100" ds="0.055555582,-15.796217" dd="0.0836467,-20.982054"/>
        <Key time="4.1842737" value="4.1842737,-137.3696" flags="100" ds="0.0836467,-20.982054" dd="0.0083532333,-3.5368552"/>
        <Key time="4.2093334" value="4.2093334,-147.98016" flags="73" ds="0.0083532101,-3.53686" dd="0.041331492,-17.500303"/>
        <Key time="4.3333282" value="4.3333282,-200.48108" flags="100" ds="0.041331612,-17.500305" dd="0.033635139,5.7336884"/>
        <Key time="4.4342337" value="4.4342337,-183.28001" flags="100" ds="0.033635139,5.7336884" dd="0.055255573,0.019882202"/>
        <Key time="4.6000004" value="4.6000004,-183.22037" flags="73" ds="0.077474132,-2.2929851e-07" dd="0.035272412,-1.0439499e-07"/>
        <Key time="4.7093334" value="4.7093334,-183.22046" flags="73" ds="0.037571453,1.859988e-07" dd="0.15227552,7.5384526e-07"/>
        <Key time="5.2093334" value="5.2093334,-183.22046" flags="73" ds="0.17777961,4.6300747e-06" dd="0.16262029,4.2352663e-06"/>
        <Key time="5.7093334" value="5.7093334,-183.22046" flags="73" ds="0.16820364,7.9519004e-06" dd="0.74629313,3.5281337e-05"/>
        <Key time="7.2333336" value="7.2333336,-183.22037" flags="9" ds="0.050551601,-1.4961648e-07" dd="0.066652775,-1.9727077e-07"/>
        <Key time="7.2999864" value="7.2999864,-180.28004" flags="73" ds="0.022217609,2.1900171e-08" dd="0.062278748,6.1388931e-08"/>
        <Key time="7.4300327" value="7.4300327,-185.61719" flags="73" ds="0.027277386,-0.20778033" dd="0.076679431,-0.58409107"/>
        <Key time="7.5666671" value="7.5666671,-183.09802" flags="36" ds="0.045544785,0.83972168" dd="0.34444445,0"/>
        <Key time="8.6000004" value="8.6000004,-183.09802" flags="36" ds="0.34444445,0" dd="0.28181428,0"/>
        <Key time="9.4454432" value="9.4454432,-183.09802" flags="20" ds="0.28181428,0" dd="2.3977003,0"/>
        <Key time="16.638544" value="16.638544,-59.838436" flags="64" ds="2.3977003,9.9799767" dd="1.1649303,4.848804"/>
        <Key time="20.133335" value="20.133335,-138.61168" flags="100" ds="1.1649303,-26.257748" dd="0.26666641,18.267675"/>
        <Key time="20.933334" value="20.933334,-83.808655" flags="73" ds="0.20311737,0" dd="0.062662125,0"/>
        <Key time="21.133335" value="21.133335,-44.402794" flags="73" ds="0.062662125,0" dd="0.22888184,0"/>
       </NewSubTrack>
       <NewSubTrack Flags="0" defaultValue="0,-4.8024767e-06" HasCustomColor="0">
        <Key time="3.5590849" value="3.5590849,-0.54724073" flags="100" ds="0,0" dd="0.013638417,-0.16016607"/>
        <Key time="3.6000001" value="3.6000001,-1.0277389" flags="100" ds="0.013638417,-0.16016607" dd="0.036444347,-0.16972825"/>
        <Key time="3.7093332" value="3.7093332,-1.5369236" flags="100" ds="0.036444347,-0.16972825" dd="0.019111237,-0.32231665"/>
        <Key time="3.7666669" value="3.7666669,-2.5038736" flags="100" ds="0.019111237,-0.32231665" dd="0.055555582,-0.23464394"/>
        <Key time="3.9333336" value="3.9333336,-3.2078054" flags="100" ds="0.055555582,-0.23464394" dd="0.0836467,-0.0028859775"/>
        <Key time="4.1842737" value="4.1842737,-3.2164633" flags="100" ds="0.0836467,-0.0028859775" dd="0.0083532333,-2.940496e-06"/>
        <Key time="4.2093334" value="4.2093334,-3.2164721" flags="73" ds="0.0083532101,-2.3682949e-06" dd="0.041331492,-1.171827e-05"/>
        <Key time="4.3333282" value="4.3333282,-3.2165058" flags="100" ds="0.041331612,-1.1205673e-05" dd="0.033635139,-0.058736406"/>
        <Key time="4.4342337" value="4.4342337,-3.392715" flags="100" ds="0.033635139,-0.058736406" dd="0.055255573,-0.018899441"/>
        <Key time="4.6000004" value="4.6000004,-3.4494133" flags="73" ds="0.077474132,1.4928288e-08" dd="0.035272412,6.7965491e-09"/>
        <Key time="4.7093334" value="4.7093334,-3.4494145" flags="73" ds="0.037571453,7.0439161e-09" dd="0.15227552,2.8548694e-08"/>
        <Key time="5.2093334" value="5.2093334,-3.4494145" flags="73" ds="0.17777961,9.9786092e-08" dd="0.16262029,9.1277293e-08"/>
        <Key time="5.7093334" value="5.7093334,-3.4494145" flags="73" ds="0.16820364,9.1359155e-08" dd="0.74629313,4.0534624e-07"/>
        <Key time="7.2333336" value="7.2333336,-3.4494133" flags="9" ds="0.050551601,9.7406554e-09" dd="0.066652775,1.2843149e-08"/>
        <Key time="7.2999864" value="7.2999864,-3.3927155" flags="73" ds="0.022217609,-1.2947736e-10" dd="0.062278748,-3.6294134e-10"/>
        <Key time="7.4300327" value="7.4300327,-3.4126861" flags="73" ds="0.027277386,-0.012308251" dd="0.076679431,-0.03459971"/>
        <Key time="7.5666671" value="7.5666671,-3.559644" flags="36" ds="0.045544785,-0.048985958" dd="0.34444445,0"/>
        <Key time="8.6000004" value="8.6000004,-3.559644" flags="36" ds="0.34444445,0" dd="0.28181428,0"/>
        <Key time="9.4454432" value="9.4454432,-3.559644" flags="20" ds="0.28181428,0" dd="0.67374134,0"/>
        <Key time="11.466667" value="11.466667,-0.35311836" flags="64" ds="0.67374134,-0.24513532" dd="1.7239591,-0.62724853"/>
        <Key time="16.638544" value="16.638544,-6.1767955" flags="64" ds="1.7239591,-5.1946306" dd="1.1649302,-3.5101662"/>
        <Key time="20.133335" value="20.133335,-26.467508" flags="100" ds="1.1649303,-6.7635708" dd="0.26666641,-8.9987011"/>
        <Key time="20.933334" value="20.933334,-53.463612" flags="73" ds="0.20311737,0" dd="0.062662125,0"/>
        <Key time="21.133335" value="21.133335,-32.233635" flags="73" ds="0.062662125,0" dd="0.22888184,0"/>
       </NewSubTrack>
       <NewSubTrack Flags="0" defaultValue="0,45" HasCustomColor="0">
        <Key time="3.5590849" value="3.5590849,2.1306024" flags="100" ds="0,0" dd="0.013638417,-0.73717403"/>
        <Key time="3.6000001" value="3.6000001,-0.08091975" flags="100" ds="0.013638417,-0.73717403" dd="0.036444347,-0.57163376"/>
        <Key time="3.7093332" value="3.7093332,-1.795821" flags="100" ds="0.036444347,-0.57163376" dd="0.019111237,-0.19616818"/>
        <Key time="3.7666669" value="3.7666669,-2.3843255" flags="100" ds="0.019111237,-0.19616818" dd="0.055555582,0.37290776"/>
        <Key time="3.9333336" value="3.9333336,-1.2656022" flags="100" ds="0.055555582,0.37290776" dd="0.0836467,0.0045871735"/>
        <Key time="4.1842737" value="4.1842737,-1.2518407" flags="100" ds="0.0836467,0.0045871735" dd="0.0083532333,3.139178e-06"/>
        <Key time="4.2093334" value="4.2093334,-1.2518313" flags="73" ds="0.0083532101,3.9098582e-06" dd="0.041331492,1.9345889e-05"/>
        <Key time="4.3333282" value="4.3333282,-1.2517711" flags="100" ds="0.041331612,2.0066898e-05" dd="0.033635139,-0.99993646"/>
        <Key time="4.4342337" value="4.4342337,-4.2515802" flags="100" ds="0.033635139,-0.99993646" dd="0.055255573,-0.33339137"/>
        <Key time="4.6000004" value="4.6000004,-5.2517543" flags="73" ds="0.077474132,5.1751399e-09" dd="0.035272412,2.3561371e-09"/>
        <Key time="4.7093334" value="4.7093334,-5.2517447" flags="73" ds="0.037571453,3.4234418e-09" dd="0.15227552,1.3875065e-08"/>
        <Key time="5.2093334" value="5.2093334,-5.2517447" flags="73" ds="0.17777961,-4.25754e-07" dd="0.16262029,-3.8944981e-07"/>
        <Key time="5.7093334" value="5.7093334,-5.2517447" flags="73" ds="0.16820364,-6.5413155e-07" dd="0.74629313,-2.902279e-06"/>
        <Key time="7.2333336" value="7.2333336,-5.2517543" flags="9" ds="0.050551601,3.3767606e-09" dd="0.066652775,4.4522919e-09"/>
        <Key time="7.2999864" value="7.2999864,-4.2515807" flags="73" ds="0.022217609,-3.7918368e-10" dd="0.062278748,-1.0628995e-09"/>
        <Key time="7.4300327" value="7.4300327,-4.6105862" flags="73" ds="0.027277386,-0.22126544" dd="0.076679431,-0.62199903"/>
        <Key time="7.5666671" value="7.5666671,-7.2524567" flags="36" ds="0.045544785,-0.88062352" dd="0.34444445,0"/>
        <Key time="8.6000004" value="8.6000004,-7.2524567" flags="36" ds="0.34444445,0" dd="0.28181428,0"/>
        <Key time="9.4454432" value="9.4454432,-7.2524567" flags="20" ds="0.28181428,0" dd="0.67374134,0"/>
        <Key time="11.466667" value="11.466667,-2.1750071" flags="73" ds="0.41629857,0.50909126" dd="1.7810456,2.1780393"/>
        <Key time="16.638544" value="16.638544,-10.37323" flags="64" ds="1.7239591,-4.2020712" dd="1.1649302,-2.8394642"/>
        <Key time="20.133335" value="20.133335,-23.299612" flags="100" ds="1.1649303,-4.308794" dd="0.26666641,-25.415344"/>
        <Key time="20.933334" value="20.933334,-99.545647" flags="73" ds="0.20311737,0" dd="0.062662125,0"/>
        <Key time="21.133335" value="21.133335,-154.27516" flags="73" ds="0.062662125,0" dd="0.22888184,0"/>
       </NewSubTrack>
      </Track>
      <Track paramType="Event" Type="-1" Flags="0" StartTime="0" EndTime="21.6" HasCustomColor="0" ValueType="-1"/>
      <Track paramType="ArkCollider" Type="-1" Flags="0" StartTime="0" EndTime="21.6" HasCustomColor="0" ValueType="-1">
       <Key time="0" mode="1" resetOnExit="0" resetOnAbort="1"/>
      </Track>
     </Node>
     <Node Id="6" Type="Entity" Name="datablock_Middle" Flags="0" paramIdVersion="9" EntityGUID="40F565BA3844618E">
      <Track paramType="Position" Type="4" Flags="0" HasCustomColor="0" ValueType="1">
       <NewSubTrack Flags="0" defaultValue="0,1312.1401" HasCustomColor="0">
        <Key time="0" value="0,1312.7235" flags="73" ds="1.3759999,0" dd="1.3759999,0"/>
        <Key time="4.1000004" value="4.1000004,1312.7235" flags="100" ds="1.3666668,0" dd="0.082666717,-0.0054931641"/>
        <Key time="4.3480005" value="4.3480005,1312.707" flags="100" ds="0.082666717,-0.0054931641" dd="0.039999962,-0.0026855469"/>
        <Key time="4.4680004" value="4.4680004,1312.699" flags="100" ds="0.039999962,-0.0026855469" dd="0.058666706,-0.0038655601"/>
        <Key time="4.6440005" value="4.6440005,1312.6874" flags="100" ds="0.058666706,-0.0038655601" dd="0.066666767,-0.0052490234"/>
        <Key time="4.8440008" value="4.8440008,1312.6716" flags="100" ds="0.066666767,-0.0052490234" dd="0.044055622,-0.0055745444"/>
        <Key time="4.9761677" value="4.9761677,1312.6549" flags="100" ds="0.044055622,-0.0055745444" dd="0.043055534,-0.016927084"/>
        <Key time="5.1053343" value="5.1053343,1312.6041" flags="100" ds="0.043055534,-0.016927084" dd="0.053064823,-0.052001953"/>
        <Key time="5.2645288" value="5.2645288,1312.4481" flags="100" ds="0.053064823,-0.052001953" dd="0.04723978,-0.032430016"/>
        <Key time="5.4062481" value="5.4062481,1312.3508" flags="100" ds="0.04723978,-0.032430016" dd="0.044139706,-0.026570639"/>
        <Key time="5.5386672" value="5.5386672,1312.2711" flags="100" ds="0.044139706,-0.026570639" dd="0.022140503,0.00020345053"/>
        <Key time="5.6050887" value="5.6050887,1312.2717" flags="100" ds="0.022140503,0.00020345053" dd="0.0223039,0"/>
        <Key time="5.6720004" value="5.6720004,1312.2717" flags="100" ds="0.0223039,0" dd="0.032877605,-4.0690105e-05"/>
        <Key time="5.7706332" value="5.7706332,1312.2716" flags="100" ds="0.032877605,-4.0690105e-05" dd="0.44266671,0"/>
        <Key time="7.0986333" value="7.0986333,1312.2716" flags="36" ds="0.44266671,0" dd="0.033789001,-0.00032552084"/>
        <Key time="7.2000003" value="7.2000003,1312.2706" flags="100" ds="0.033789001,-0.00032552084" dd="0.066666767,4.0690105e-05"/>
        <Key time="7.4000006" value="7.4000006,1312.2708" flags="100" ds="0.066666767,4.0690105e-05" dd="0.059911251,-4.0690105e-05"/>
        <Key time="7.5797343" value="7.5797343,1312.2706" flags="36" ds="0.059911251,-4.0690105e-05" dd="0.44008875,0"/>
        <Key time="8.9000006" value="8.9000006,1312.2706" flags="100" ds="0.44008875,0" dd="0.21388881,0.00085449219"/>
        <Key time="9.541667" value="9.541667,1312.2732" flags="36" ds="0.21388881,0.00085449219" dd="0.41527748,-0.0043945313"/>
        <Key time="10.787499" value="10.787499,1312.26" flags="36" ds="0.41527748,-0.0043945313" dd="1.481945,0"/>
        <Key time="15.233335" value="15.233335,1312.26" flags="100" ds="1.481945,0" dd="1.6302698,-0.0078531904"/>
        <Key time="20.124144" value="20.124144,1312.2365" flags="100" ds="1.6302698,-0.0078531904" dd="0.42456436,-1.2292888"/>
        <Key time="21.397837" value="21.397837,1308.5486" flags="100" ds="0.42456436,-1.2292888" dd="0.067387901,-0.42549643"/>
        <Key time="21.6" value="21.6,1307.2721" flags="100" ds="0.067387901,-0.42549643" dd="0,0"/>
       </NewSubTrack>
       <NewSubTrack Flags="0" defaultValue="0,733.93274" HasCustomColor="0">
        <Key time="0" value="0,735.25885" flags="73" ds="1.3759999,0" dd="1.3759999,0"/>
        <Key time="4.1000004" value="4.1000004,735.25885" flags="100" ds="1.3666668,0" dd="0.082666717,-0.021728516"/>
        <Key time="4.3480005" value="4.3480005,735.19366" flags="100" ds="0.082666717,-0.021728516" dd="0.039999962,-0.0027872722"/>
        <Key time="4.4680004" value="4.4680004,735.1853" flags="100" ds="0.039999962,-0.0027872722" dd="0.058666706,-0.0096435547"/>
        <Key time="4.6440005" value="4.6440005,735.15637" flags="100" ds="0.058666706,-0.0096435547" dd="0.066666767,-0.0093383789"/>
        <Key time="4.8440008" value="4.8440008,735.12836" flags="100" ds="0.066666767,-0.0093383789" dd="0.044055622,-0.01739502"/>
        <Key time="4.9761677" value="4.9761677,735.07617" flags="100" ds="0.044055622,-0.01739502" dd="0.14336014,-0.073038742"/>
        <Key time="5.4062481" value="5.4062481,734.85706" flags="100" ds="0.14336014,-0.073038742" dd="0.066280209,-0.15167236"/>
        <Key time="5.6050887" value="5.6050887,734.40204" flags="100" ds="0.066280209,-0.15167236" dd="0.055181503,-0.011535645"/>
        <Key time="5.7706332" value="5.7706332,734.36743" flags="100" ds="0.055181503,-0.011535645" dd="0.44266671,0"/>
        <Key time="7.0986333" value="7.0986333,734.36743" flags="36" ds="0.44266671,0" dd="0.033789001,0.00091552734"/>
        <Key time="7.2000003" value="7.2000003,734.37018" flags="100" ds="0.033789001,0.00091552734" dd="0.066666767,0.0054321289"/>
        <Key time="7.4000006" value="7.4000006,734.38647" flags="100" ds="0.066666767,0.0054321289" dd="0.059911251,0"/>
        <Key time="7.5797343" value="7.5797343,734.38647" flags="36" ds="0.059911251,0" dd="0.44008875,0"/>
        <Key time="8.9000006" value="8.9000006,734.38647" flags="100" ds="0.44008875,0" dd="0.21388881,2.0345053e-05"/>
        <Key time="9.541667" value="9.541667,734.38654" flags="36" ds="0.21388881,2.0345053e-05" dd="0.41527748,-2.0345053e-05"/>
        <Key time="10.787499" value="10.787499,734.38647" flags="12" ds="0.41527748,-2.0345053e-05" dd="2.0773659,-0.023254395"/>
        <Key time="16" value="16,734.21466" flags="100" ds="1.7375002,-0.057271324" dd="1.3747146,-0.050821941"/>
        <Key time="20.124144" value="20.124144,734.06219" flags="100" ds="1.3747146,-0.050821941" dd="0.42456436,-0.042114258"/>
        <Key time="21.397837" value="21.397837,733.93585" flags="100" ds="0.42456436,-0.042114258" dd="0.067387901,-0.01131185"/>
        <Key time="21.6" value="21.6,733.90192" flags="100" ds="0.067387901,-0.01131185" dd="0,0"/>
       </NewSubTrack>
       <NewSubTrack Flags="0" defaultValue="0,313.84503" HasCustomColor="0">
        <Key time="0" value="0,316.52319" flags="73" ds="1.3759999,0" dd="1.3759999,0"/>
        <Key time="4.1000004" value="4.1000004,316.52319" flags="100" ds="1.3666668,0" dd="0.082666717,-0.023946127"/>
        <Key time="4.3480005" value="4.3480005,316.45135" flags="100" ds="0.082666717,-0.023946127" dd="0.039999962,-0.018157959"/>
        <Key time="4.4680004" value="4.4680004,316.39688" flags="100" ds="0.039999962,-0.018157959" dd="0.058666706,-0.0087178554"/>
        <Key time="4.6440005" value="4.6440005,316.37073" flags="100" ds="0.058666706,-0.0087178554" dd="0.066666767,-0.015838623"/>
        <Key time="4.8440008" value="4.8440008,316.32321" flags="100" ds="0.066666767,-0.015838623" dd="0.044055622,-0.058817547"/>
        <Key time="4.9761677" value="4.9761677,316.14676" flags="100" ds="0.044055622,-0.058817547" dd="0.043055534,-0.11681112"/>
        <Key time="5.1053343" value="5.1053343,315.79633" flags="100" ds="0.043055534,-0.11681112" dd="0.053064823,-0.36064658"/>
        <Key time="5.2645288" value="5.2645288,314.71439" flags="100" ds="0.053064823,-0.36064658" dd="0.04723978,-0.28068036"/>
        <Key time="5.4062481" value="5.4062481,313.87234" flags="100" ds="0.04723978,-0.28068036" dd="0.044139706,0.039072674"/>
        <Key time="5.5386672" value="5.5386672,313.98956" flags="100" ds="0.044139706,0.039072674" dd="0.022140503,-0.032562256"/>
        <Key time="5.6050887" value="5.6050887,313.89188" flags="100" ds="0.022140503,-0.032562256" dd="0.53163719,-0.00029500326"/>
        <Key time="7.2000003" value="7.2000003,313.89099" flags="100" ds="0.53163719,-0.00029500326" dd="0.066666767,0.00061035156"/>
        <Key time="7.4000006" value="7.4000006,313.89282" flags="100" ds="0.066666767,0.00061035156" dd="0.059911251,-0.00074259442"/>
        <Key time="7.5797343" value="7.5797343,313.89059" flags="36" ds="0.059911251,-0.00074259442" dd="0.44008875,0"/>
        <Key time="8.9000006" value="8.9000006,313.89059" flags="100" ds="0.44008875,0" dd="0.21388881,0"/>
        <Key time="9.541667" value="9.541667,313.89059" flags="12" ds="0.21388881,0" dd="0.34910393,0.0036010742"/>
        <Key time="10.787499" value="10.787499,313.93707" ds="0.41527748,0.071564578" dd="1.6152782,0.27836016"/>
        <Key time="15.633334" value="15.633334,314.94037" flags="100" ds="1.6152782,0.33443198" dd="1.4969366,0.24492392"/>
        <Key time="20.124144" value="20.124144,315.67514" flags="100" ds="1.4969366,0.24492392" dd="0.42456436,-0.074371338"/>
        <Key time="21.397837" value="21.397837,315.45203" flags="100" ds="0.42456436,-0.074371338" dd="0.067387901,-0.019927979"/>
        <Key time="21.6" value="21.6,315.39224" flags="100" ds="0.067387901,-0.019927979" dd="0,0"/>
       </NewSubTrack>
      </Track>
      <Track paramType="Rotation" Type="4" Flags="0" HasCustomColor="0" ValueType="2">
       <NewSubTrack Flags="0" defaultValue="0,175.00002" HasCustomColor="0">
        <Key time="0" value="0,321.64703" flags="73" ds="1.3759999,0" dd="1.3759999,0"/>
        <Key time="4.1000004" value="4.1000004,321.64703" flags="100" ds="1.3666668,0" dd="0.24800014,-6.8192549"/>
        <Key time="4.8440008" value="4.8440008,301.18927" flags="73" ds="0.20877536,-9.7687492" dd="0.10617176,-4.9678531"/>
        <Key time="5.1053343" value="5.1053343,277.65503" flags="73" ds="0.013109276,-1.6846533" dd="0.042703237,-5.4877286"/>
        <Key time="5.2720008" value="5.2720008,278.1918" flags="100" ds="0.055555504,0.17892456" dd="0.044749103,-2.961853"/>
        <Key time="5.4062481" value="5.4062481,269.30624" flags="100" ds="0.044749103,-2.961853" dd="0.044139706,-14.685446"/>
        <Key time="5.5386672" value="5.5386672,225.24991" flags="73" ds="0.032247845,-21.226875" dd="0.025390007,-16.712761"/>
        <Key time="5.6053338" value="5.6053338,174.31776" flags="100" ds="0.022222202,-16.977383" dd="0.022222202,-1.6922252"/>
        <Key time="5.6720004" value="5.6720004,169.24109" flags="73" ds="0.011718038,-0.025563402" dd="0.010522123,-0.022954462"/>
        <Key time="5.7720003" value="5.7720003,174.17223" flags="100" ds="0.033333302,1.6437124" dd="0.44266671,0"/>
        <Key time="7.1000004" value="7.1000004,174.17223" flags="36" ds="0.44266671,0" dd="0.033333302,-1.0000051"/>
        <Key time="7.2000003" value="7.2000003,171.17221" flags="73" ds="0.041295175,0" dd="0.082281865,0"/>
        <Key time="7.4000006" value="7.4000006,179.561" flags="73" ds="0.026142452,0.23627456" dd="0.089795738,0.8115707"/>
        <Key time="7.5797343" value="7.5797343,173.9673" flags="9" ds="0.17973375,-2.6036841e-07" dd="0.31231928,-4.524363e-07"/>
        <Key time="8.1054659" value="8.1054659,174.17221" flags="73" ds="0.31231928,-4.524363e-07" dd="1.0092894,-1.4620908e-06"/>
        <Key time="9.1166677" value="9.1166677,174.17223" flags="36" ds="0.33706731,5.0862632e-06" dd="0.41666636,0"/>
        <Key time="10.366667" value="10.366667,174.17223" flags="20" ds="0.41666636,0" dd="1.3444443,0"/>
        <Key time="14.4" value="14.4,216.2939" flags="73" ds="1.8166046,16.77774" dd="1.8166033,16.77774"/>
        <Key time="20.129425" value="20.129425,221.83109" flags="73" ds="1.9100857,0" dd="0.039564133,0"/>
        <Key time="21.027861" value="21.027861,247.4711" flags="73" ds="0.1763531,-1.4871224" dd="0.57213974,-4.8246493"/>
        <Key time="21.6" value="21.6,295.20551" flags="73" ds="0.26576108,0" dd="0.26576108,0"/>
       </NewSubTrack>
       <NewSubTrack Flags="0" defaultValue="0,-4.8024767e-06" HasCustomColor="0">
        <Key time="0" value="0,-0.29618675" flags="73" ds="1.3759999,0" dd="1.3759999,0"/>
        <Key time="4.1000004" value="4.1000004,-0.29618675" flags="100" ds="1.3666668,0" dd="0.24800014,0.20831084"/>
        <Key time="4.8440008" value="4.8440008,0.32874575" flags="73" ds="0.20877536,0.20831084" dd="0.10617176,0.10593554"/>
        <Key time="5.1053343" value="5.1053343,0.64655244" flags="73" ds="0.013109276,0.10593554" dd="0.042703237,0.34508315"/>
        <Key time="5.2720008" value="5.2720008,1.681802" flags="100" ds="0.055555504,0.34508321" dd="0.044749103,-0.16933092"/>
        <Key time="5.4062481" value="5.4062481,1.1738093" flags="100" ds="0.044749103,-0.16933092" dd="0.044139706,-0.28829002"/>
        <Key time="5.5386672" value="5.5386672,0.30893922" flags="73" ds="0.032247845,0.26059583" dd="0.025390007,0.20517744"/>
        <Key time="5.6053338" value="5.6053338,4.283042" flags="100" ds="0.022222202,1.324701" dd="0.022222202,-0.035225868"/>
        <Key time="5.6720004" value="5.6720004,4.1773643" flags="73" ds="0.011718038,-0.035225887" dd="0.010522123,-0.031630818"/>
        <Key time="5.7720003" value="5.7720003,4.0824714" flags="100" ds="0.033333302,-0.031630993" dd="0.44266671,0"/>
        <Key time="7.1000004" value="7.1000004,4.0824714" flags="36" ds="0.44266671,0" dd="0.033333302,3.1789145e-07"/>
        <Key time="7.2000003" value="7.2000003,4.0824723" flags="73" ds="0.041295175,-2.0703219e-08" dd="0.082281865,-4.1251777e-08"/>
        <Key time="7.4000006" value="7.4000006,4.0824714" flags="73" ds="0.026142452,-4.4800066e-09" dd="0.089795738,-1.538821e-08"/>
        <Key time="7.5797343" value="7.5797343,3.7724495" flags="9" ds="0.17973375,0" dd="0.31231928,0"/>
        <Key time="8.1054659" value="8.1054659,4.0824723" flags="73" ds="0.31231928,0" dd="1.0092894,0"/>
        <Key time="9.1166677" value="9.1166677,4.0824714" flags="36" ds="0.33706731,-3.1789145e-07" dd="0.41666636,0"/>
        <Key time="10.366667" value="10.366667,4.0824714" flags="20" ds="0.41666636,0" dd="1.6000001,0"/>
        <Key time="15.166667" value="15.166667,-64.569855" flags="73" ds="0.99305999,0.65703583" dd="0.99306011,0.65703583"/>
        <Key time="20.129425" value="20.129425,-33.47176" flags="73" ds="1.6545299,0" dd="0.039581858,0"/>
        <Key time="21.027861" value="21.027861,46.238651" flags="73" ds="0.17510445,0.72959095" dd="0.56149971,2.3395472"/>
        <Key time="21.6" value="21.6,47.736652" flags="73" ds="0.26576108,0" dd="0.26576108,0"/>
       </NewSubTrack>
       <NewSubTrack Flags="0" defaultValue="0,45" HasCustomColor="0">
        <Key time="0" value="0,180.41383" flags="73" ds="1.3759999,0" dd="1.3759999,0"/>
        <Key time="4.1000004" value="4.1000004,180.4138" flags="100" ds="1.3666668,-1.0172526e-05" dd="0.24800014,0.53069055"/>
        <Key time="4.8440008" value="4.8440008,182.00587" flags="73" ds="0.20877536,0.53068173" dd="0.10617176,0.26987579"/>
        <Key time="5.1053343" value="5.1053343,182.81549" flags="73" ds="0.013109276,0.2698777" dd="0.042703237,0.87912184"/>
        <Key time="5.2720008" value="5.2720008,185.45282" flags="100" ds="0.055555504,0.87910974" dd="0.044749103,-2.6484733"/>
        <Key time="5.4062481" value="5.4062481,177.5074" flags="100" ds="0.044749103,-2.6484733" dd="0.044139706,-0.15324402"/>
        <Key time="5.5386672" value="5.5386672,177.04767" flags="73" ds="0.032247845,0.66386592" dd="0.025390007,0.52268803"/>
        <Key time="5.6053338" value="5.6053338,192.07945" flags="100" ds="0.022222202,5.0105948" dd="0.022222202,-0.35041809"/>
        <Key time="5.6720004" value="5.6720004,191.0282" flags="73" ds="0.011718038,-0.35041881" dd="0.010522123,-0.3146559"/>
        <Key time="5.7720003" value="5.7720003,190.08423" flags="100" ds="0.033333302,-0.31465659" dd="0.44266671,0"/>
        <Key time="7.1000004" value="7.1000004,190.08423" flags="36" ds="0.44266671,0" dd="0.033333302,1.5258789e-05"/>
        <Key time="7.2000003" value="7.2000003,190.08427" flags="100" ds="0.033333302,1.5258789e-05" dd="0.066666767,1.0172526e-05"/>
        <Key time="7.4000006" value="7.4000006,190.0843" flags="100" ds="0.066666767,1.0172526e-05" dd="0.059911251,-0.99699914"/>
        <Key time="7.5797343" value="7.5797343,187.09331" flags="36" ds="0.059911251,-0.99699914" dd="0.17524385,-0.012685141"/>
        <Key time="8.1054659" value="8.1054659,187.05525" flags="100" ds="0.17524385,-0.012685141" dd="0.33706731,-1.0172526e-05"/>
        <Key time="9.1166677" value="9.1166677,187.05522" flags="36" ds="0.33706731,-1.0172526e-05" dd="0.41666636,0"/>
        <Key time="10.366667" value="10.366667,187.05522" flags="20" ds="0.41666636,0" dd="1.4333334,0"/>
        <Key time="14.666667" value="14.666667,176.66708" flags="73" ds="2.0501585,-4.7608795" dd="2.050159,-4.7608795"/>
        <Key time="20.129425" value="20.129425,206.62505" flags="73" ds="1.8211966,0" dd="0.039564133,0"/>
        <Key time="21.027861" value="21.027861,204.48328" flags="73" ds="0.1763531,2.2662299" dd="0.57213974,7.3522959"/>
        <Key time="21.6" value="21.6,258.31461" flags="73" ds="0.26576108,0" dd="0.26576108,0"/>
       </NewSubTrack>
      </Track>
      <Track paramType="Event" Type="-1" Flags="0" StartTime="0" EndTime="21.6" HasCustomColor="0" ValueType="-1"/>
      <Track paramType="ArkCollider" Type="-1" Flags="0" StartTime="0" EndTime="21.6" HasCustomColor="0" ValueType="-1">
       <Key time="0" mode="1" resetOnExit="0" resetOnAbort="1"/>
      </Track>
     </Node>
     <Node Id="7" Type="Entity" Name="datablock_Front_Right" Flags="0" paramIdVersion="9" EntityGUID="42105708D4E56FFA">
      <Track paramType="Position" Type="4" Flags="0" HasCustomColor="0" ValueType="1">
       <NewSubTrack Flags="0" defaultValue="0,1311.4336" HasCustomColor="0">
        <Key time="0" value="0,1311.5018" flags="73" ds="2.0777779,0" dd="2.0777779,0"/>
        <Key time="6.2333336" value="6.2333336,1311.5018" flags="100" ds="2.0777779,0" dd="0.30079937,0"/>
        <Key time="7.1357317" value="7.1357317,1311.5018" flags="36" ds="0.30079937,0" dd="0.021422863,-0.00044759116"/>
        <Key time="7.2000003" value="7.2000003,1311.5005" flags="100" ds="0.021422863,-0.00044759116" dd="0.050755501,0.012980144"/>
        <Key time="7.3522668" value="7.3522668,1311.5394" flags="100" ds="0.050755501,0.012980144" dd="0.027022362,-0.0043945313"/>
        <Key time="7.4333339" value="7.4333339,1311.5262" flags="36" ds="0.027022362,-0.0043945313" dd="0.67300308,-0.00012207031"/>
        <Key time="9.452343" value="9.452343,1311.5259" flags="9" ds="1,0" dd="1,0"/>
        <Key time="20.017389" value="20.017389,1311.5018" flags="36" ds="3.5216823,-0.0080159511" dd="0.28309315,-0.89278162"/>
        <Key time="20.866669" value="20.866669,1308.8235" flags="100" ds="0.28309315,-0.89278162" dd="0.1555551,-0.86800134"/>
        <Key time="21.333334" value="21.333334,1306.2195" flags="36" ds="0.1555551,-0.86800134" dd="0,0"/>
       </NewSubTrack>
       <NewSubTrack Flags="0" defaultValue="0,733.07501" HasCustomColor="0">
        <Key time="0" value="0,733.02802" flags="73" ds="2.0777779,0" dd="2.0777779,0"/>
        <Key time="6.2333336" value="6.2333336,733.02802" flags="100" ds="2.0777779,0" dd="0.30079937,0"/>
        <Key time="7.1357317" value="7.1357317,733.02802" flags="36" ds="0.30079937,0" dd="0.021422863,-0.0048421226"/>
        <Key time="7.2000003" value="7.2000003,733.01349" flags="100" ds="0.021422863,-0.0048421226" dd="0.050755501,-0.0072224936"/>
        <Key time="7.3522668" value="7.3522668,732.99182" flags="100" ds="0.050755501,-0.0072224936" dd="0.027022362,6.1035156e-05"/>
        <Key time="7.4333339" value="7.4333339,732.992" flags="36" ds="0.027022362,6.1035156e-05" dd="0.67300308,8.1380211e-05"/>
        <Key time="9.452343" value="9.452343,732.99225" flags="36" ds="0.67300308,8.1380211e-05" dd="3.5216823,0.050231934"/>
        <Key time="20.017389" value="20.017389,733.14294" flags="36" ds="3.5216823,0.050231934" dd="0.28309315,0.04774984"/>
        <Key time="20.866669" value="20.866669,733.28619" flags="100" ds="0.28309315,0.04774984" dd="0.1555551,0.04396566"/>
        <Key time="21.333334" value="21.333334,733.41809" flags="36" ds="0.1555551,0.04396566" dd="0,0"/>
       </NewSubTrack>
       <NewSubTrack Flags="0" defaultValue="0,313.82007" HasCustomColor="0">
        <Key time="0" value="0,313.82007" flags="73" ds="2.0777779,0" dd="2.0777779,0"/>
        <Key time="6.2333336" value="6.2333336,313.82007" flags="73" ds="1,0" dd="0.90239811,0"/>
        <Key time="7.1357317" value="7.1357317,313.82007" flags="36" ds="0.30079937,0" dd="0.021422863,0.0097452803"/>
        <Key time="7.2000003" value="7.2000003,313.8493" flags="100" ds="0.021422863,0.0097452803" dd="0.050755501,-0.005605062"/>
        <Key time="7.3522668" value="7.3522668,313.83249" flags="100" ds="0.050755501,-0.005605062" dd="0.027022362,-0.003092448"/>
        <Key time="7.4333339" value="7.4333339,313.82321" flags="36" ds="0.027022362,-0.003092448" dd="0.67300308,-0.0010477703"/>
        <Key time="9.452343" value="9.452343,313.82007" flags="9" ds="1,0" dd="1,0"/>
        <Key time="20.017389" value="20.017389,315.57162" flags="36" ds="3.5216823,0.58385217" dd="0.28309315,-0.12738037"/>
        <Key time="20.866669" value="20.866669,315.18948" flags="100" ds="0.28309315,-0.12738037" dd="0.1555551,0"/>
        <Key time="21.333334" value="21.333334,315.18948" flags="36" ds="0.1555551,0" dd="0,0"/>
       </NewSubTrack>
      </Track>
      <Track paramType="Rotation" Type="4" Flags="0" HasCustomColor="0" ValueType="2">
       <NewSubTrack Flags="0" defaultValue="0,175.00002" HasCustomColor="0">
        <Key time="0" value="0,175.00304" flags="73" ds="2.0777779,0" dd="2.0777779,0"/>
        <Key time="6.2333336" value="6.2333336,175.00304" flags="73" ds="1,0" dd="0.90239811,0"/>
        <Key time="7.1357317" value="7.1357317,175.00304" flags="36" ds="0.30079937,0" dd="0.021422863,-2.5942028"/>
        <Key time="7.2000003" value="7.2000003,167.22043" flags="100" ds="0.021422863,-2.5942028" dd="0.050755501,4.1658683"/>
        <Key time="7.3522668" value="7.3522668,179.71803" flags="100" ds="0.050755501,4.1658683" dd="0.027022362,-0.90463769"/>
        <Key time="7.4333339" value="7.4333339,177.00412" flags="36" ds="0.027022362,-0.90463769" dd="0.67300308,-0.038263958"/>
        <Key time="9.452343" value="9.452343,176.88933" flags="36" ds="0.67300308,-0.038263958" dd="3.5216823,-16.113211"/>
        <Key time="20.017389" value="20.017389,128.5497" flags="36" ds="3.5216823,-16.113211" dd="0.28309315,29.512753"/>
        <Key time="20.866669" value="20.866669,217.08795" flags="100" ds="0.28309315,29.512753" dd="0.1555551,10.90531"/>
        <Key time="21.333334" value="21.333334,249.80388" flags="36" ds="0.1555551,10.90531" dd="0,0"/>
       </NewSubTrack>
       <NewSubTrack Flags="0" defaultValue="0,-4.8024767e-06" HasCustomColor="0">
        <Key time="0" value="0,-0.17428128" flags="73" ds="2.0777779,0" dd="2.0777779,0"/>
        <Key time="6.2333336" value="6.2333336,-0.17428097" flags="73" ds="1,0" dd="0.90239811,0"/>
        <Key time="7.1357317" value="7.1357317,-0.17428097" flags="36" ds="0.30079937,0" dd="0.021422863,0.0037678282"/>
        <Key time="7.2000003" value="7.2000003,-0.16297749" flags="100" ds="0.021422863,0.0037678282" dd="0.050755501,0.10089689"/>
        <Key time="7.3522668" value="7.3522668,0.13971321" flags="100" ds="0.050755501,0.10089689" dd="0.027022362,0.017458122"/>
        <Key time="7.4333339" value="7.4333339,0.19208758" flags="36" ds="0.027022362,0.017458122" dd="0.67300308,0.015665924"/>
        <Key time="9.452343" value="9.452343,0.23908535" flags="36" ds="0.67300308,0.015665924" dd="3.5216823,-9.0366936"/>
        <Key time="20.017389" value="20.017389,-26.870995" flags="36" ds="3.5216823,-9.0366936" dd="0.28309315,-5.9021263"/>
        <Key time="20.866669" value="20.866669,-44.577374" flags="100" ds="0.28309315,-5.9021263" dd="0.1555551,-3.5295551"/>
        <Key time="21.333334" value="21.333334,-55.166039" flags="36" ds="0.1555551,-3.5295551" dd="0,0"/>
       </NewSubTrack>
       <NewSubTrack Flags="0" defaultValue="0,45" HasCustomColor="0">
        <Key time="0" value="0,43.007591" flags="73" ds="2.0777779,0" dd="2.0777779,0"/>
        <Key time="6.2333336" value="6.2333336,43.007603" flags="100" ds="2.0777779,3.8146973e-06" dd="0.30079937,0"/>
        <Key time="7.1357317" value="7.1357317,43.007603" flags="36" ds="0.30079937,0" dd="0.021422863,0.071890518"/>
        <Key time="7.2000003" value="7.2000003,43.223274" flags="100" ds="0.021422863,0.071890518" dd="0.050755501,1.9251392"/>
        <Key time="7.3522668" value="7.3522668,48.998692" flags="100" ds="0.050755501,1.9251392" dd="0.027022362,0.33310446"/>
        <Key time="7.4333339" value="7.4333339,49.998005" flags="36" ds="0.027022362,0.33310446" dd="0.67300308,-0.011408488"/>
        <Key time="9.452343" value="9.452343,49.963779" flags="36" ds="0.67300308,-0.011408488" dd="3.5216823,-17.517315"/>
        <Key time="20.017389" value="20.017389,-2.5881634" flags="36" ds="3.5216823,-17.517315" dd="0.28309315,-37.256866"/>
        <Key time="20.866669" value="20.866669,-114.35876" flags="100" ds="0.28309315,-37.256866" dd="0.1555551,-21.32317"/>
        <Key time="21.333334" value="21.333334,-178.32826" flags="36" ds="0.1555551,-21.32317" dd="0,0"/>
       </NewSubTrack>
      </Track>
      <Track paramType="Event" Type="-1" Flags="0" StartTime="0" EndTime="21.6" HasCustomColor="0" ValueType="-1"/>
      <Track paramType="ArkCollider" Type="-1" Flags="0" StartTime="0" EndTime="21.6" HasCustomColor="0" ValueType="-1">
       <Key time="0" mode="1" resetOnExit="0" resetOnAbort="1"/>
      </Track>
     </Node>
     <Node Id="8" Type="Entity" Name="CIN_VFX_DeepStorage_Blink" Flags="0" paramIdVersion="9" EntityGUID="49CD72B7470355F3">
      <Track paramType="Position" Type="4" Flags="0" HasCustomColor="0" ValueType="1">
       <NewSubTrack Flags="0" defaultValue="0,1310" HasCustomColor="0"/>
       <NewSubTrack Flags="0" defaultValue="0,734" HasCustomColor="0"/>
       <NewSubTrack Flags="0" defaultValue="0,314.67514" HasCustomColor="0"/>
      </Track>
      <Track paramType="Rotation" Type="4" Flags="0" HasCustomColor="0" ValueType="2">
       <NewSubTrack Flags="0" defaultValue="0,90" HasCustomColor="0"/>
       <NewSubTrack Flags="0" defaultValue="0,-0" HasCustomColor="0"/>
       <NewSubTrack Flags="0" defaultValue="0,0" HasCustomColor="0"/>
      </Track>
      <Track paramType="Event" Type="-1" Flags="0" StartTime="0" EndTime="21.6" HasCustomColor="0" ValueType="-1">
       <Key time="3.7737889" event="Spawn"/>
       <Key time="20.65" event="Spawn"/>
      </Track>
     </Node>
     <Node Id="9" Type="Entity" Name="CIN_VFX_DeepStorage_Fade" Flags="0" paramIdVersion="9" EntityGUID="4529AC47A7D65E33">
      <Track paramType="Position" Type="4" Flags="0" HasCustomColor="0" ValueType="1">
       <NewSubTrack Flags="0" defaultValue="0,1310" HasCustomColor="0"/>
       <NewSubTrack Flags="0" defaultValue="0,734" HasCustomColor="0"/>
       <NewSubTrack Flags="0" defaultValue="0,314.77246" HasCustomColor="0"/>
      </Track>
      <Track paramType="Rotation" Type="4" Flags="0" HasCustomColor="0" ValueType="2">
       <NewSubTrack Flags="0" defaultValue="0,90" HasCustomColor="0"/>
       <NewSubTrack Flags="0" defaultValue="0,-0" HasCustomColor="0"/>
       <NewSubTrack Flags="0" defaultValue="0,0" HasCustomColor="0"/>
      </Track>
      <Track paramType="Event" Type="-1" Flags="0" StartTime="0" EndTime="21.6" HasCustomColor="0" ValueType="-1">
       <Key time="21.453686" event="Spawn"/>
      </Track>
     </Node>
     <Node Id="10" Type="RadialBlur" Name="RadialBlur" Flags="0" paramIdVersion="9">
      <Track paramUserValue="100000" paramType="User" Type="4" Flags="0" defaultValue="0,0" HasCustomColor="0" ValueType="0">
       <Key time="3.2685544" value="3.2685544,0" flags="73" ds="0.066666685,0" dd="0.066666685,0"/>
       <Key time="3.6638672" value="3.6638672,1" flags="73" ds="0.20000005,0" dd="0.036741227,0"/>
       <Key time="4.9953127" value="4.9953127,1" flags="73" ds="0.31235468,-0.27490297" dd="0.24836428,-0.2185851"/>
       <Key time="6.1832018" value="6.1832018,0" flags="73" ds="0.029840749,0" dd="5.8223085,0"/>
       <Key time="20.60808" value="20.60808,0" flags="73" ds="0.26361677,0" dd="0.079652786,0"/>
       <Key time="20.687733" value="20.687733,4" flags="73" ds="0.079652786,0" dd="0.64632416,0"/>
       <Key time="21.334057" value="21.334057,0" flags="73" ds="0.53333282,0" dd="0.53333282,0"/>
      </Track>
      <Track paramUserValue="100001" paramType="User" Type="4" Flags="0" defaultValue="0,0.5" HasCustomColor="0" ValueType="0"/>
      <Track paramUserValue="100002" paramType="User" Type="4" Flags="0" defaultValue="0,0.5" HasCustomColor="0" ValueType="0"/>
      <Track paramUserValue="100003" paramType="User" Type="4" Flags="0" defaultValue="0,1" HasCustomColor="0" ValueType="0"/>
     </Node>
     <Node Id="11" Type="Entity" Name="CIN_VFX_DeepStorage_Eject_FallingDust_2" Flags="0" paramIdVersion="9" EntityGUID="44A2ACB397FA33AA">
      <Track paramType="Position" Type="4" Flags="0" HasCustomColor="0" ValueType="1">
       <NewSubTrack Flags="0" defaultValue="0,1312.1582" HasCustomColor="0"/>
       <NewSubTrack Flags="0" defaultValue="0,735.43866" HasCustomColor="0"/>
       <NewSubTrack Flags="0" defaultValue="0,317.04456" HasCustomColor="0"/>
      </Track>
      <Track paramType="Rotation" Type="4" Flags="0" HasCustomColor="0" ValueType="2">
       <NewSubTrack Flags="0" defaultValue="0,90" HasCustomColor="0"/>
       <NewSubTrack Flags="0" defaultValue="0,-0" HasCustomColor="0"/>
       <NewSubTrack Flags="0" defaultValue="0,0" HasCustomColor="0"/>
      </Track>
      <Track paramType="Event" Type="-1" Flags="0" StartTime="0" EndTime="21.6" HasCustomColor="0" ValueType="-1">
       <Key time="0.87031394" event="Spawn"/>
      </Track>
     </Node>
     <Node Id="12" Type="Entity" Name="CIN_VFX_DeepStorage_Eject_FallingDust_00" Flags="0" paramIdVersion="9" EntityGUID="47E4DB1854EBCE60">
      <Track paramType="Position" Type="4" Flags="0" HasCustomColor="0" ValueType="1">
       <NewSubTrack Flags="0" defaultValue="0,1310.1874" HasCustomColor="0"/>
       <NewSubTrack Flags="0" defaultValue="0,735.7215" HasCustomColor="0"/>
       <NewSubTrack Flags="0" defaultValue="0,317.04456" HasCustomColor="0"/>
      </Track>
      <Track paramType="Rotation" Type="4" Flags="0" HasCustomColor="0" ValueType="2">
       <NewSubTrack Flags="0" defaultValue="0,90" HasCustomColor="0"/>
       <NewSubTrack Flags="0" defaultValue="0,-0" HasCustomColor="0"/>
       <NewSubTrack Flags="0" defaultValue="0,0" HasCustomColor="0"/>
      </Track>
      <Track paramType="Event" Type="-1" Flags="0" StartTime="0" EndTime="21.6" HasCustomColor="0" ValueType="-1">
       <Key time="1.3755859" event="Spawn"/>
      </Track>
     </Node>
     <Node Id="14" Type="Entity" Name="CIN_VFX_DeepStorage_Eject_Sparks" Flags="0" paramIdVersion="9" EntityGUID="4909B3D0F88AA471">
      <Track paramType="Position" Type="4" Flags="0" HasCustomColor="0" ValueType="1">
       <NewSubTrack Flags="0" defaultValue="0,1310.0251" HasCustomColor="0"/>
       <NewSubTrack Flags="0" defaultValue="0,736.23383" HasCustomColor="0"/>
       <NewSubTrack Flags="0" defaultValue="0,316.16397" HasCustomColor="0"/>
      </Track>
      <Track paramType="Rotation" Type="4" Flags="0" HasCustomColor="0" ValueType="2">
       <NewSubTrack Flags="0" defaultValue="0,-160.00002" HasCustomColor="0"/>
       <NewSubTrack Flags="0" defaultValue="0,-0" HasCustomColor="0"/>
       <NewSubTrack Flags="0" defaultValue="0,0" HasCustomColor="0"/>
      </Track>
      <Track paramType="Event" Type="-1" Flags="0" StartTime="0" EndTime="21.6" HasCustomColor="0" ValueType="-1">
       <Key time="2.0648429" event="Spawn"/>
      </Track>
     </Node>
     <Node Id="15" Type="Entity" Name="CIN_VFX_DeepStorage_Impact_Spark" Flags="0" paramIdVersion="9" EntityGUID="4165AD5603D3F35C">
      <Track paramType="Position" Type="4" Flags="0" HasCustomColor="0" ValueType="1">
       <NewSubTrack Flags="0" defaultValue="0,1312.0601" HasCustomColor="0"/>
       <NewSubTrack Flags="0" defaultValue="0,734.11609" HasCustomColor="0"/>
       <NewSubTrack Flags="0" defaultValue="0,313.61584" HasCustomColor="0"/>
      </Track>
      <Track paramType="Rotation" Type="4" Flags="0" HasCustomColor="0" ValueType="2">
       <NewSubTrack Flags="0" defaultValue="0,160.3342" HasCustomColor="0"/>
       <NewSubTrack Flags="0" defaultValue="0,2.5759377" HasCustomColor="0"/>
       <NewSubTrack Flags="0" defaultValue="0,14.782166" HasCustomColor="0"/>
      </Track>
      <Track paramType="Event" Type="-1" Flags="0" StartTime="0" EndTime="21.6" HasCustomColor="0" ValueType="-1">
       <Key time="5.5999999" event="Spawn"/>
      </Track>
     </Node>
     <Node Id="16" Type="Entity" Name="CIN_VFX_DeepStorage_Dust" Flags="0" paramIdVersion="9" EntityGUID="4E8FB1CADAD0BA6A">
      <Track paramType="Position" Type="4" Flags="0" HasCustomColor="0" ValueType="1">
       <NewSubTrack Flags="0" defaultValue="0,1311.7983" HasCustomColor="0"/>
       <NewSubTrack Flags="0" defaultValue="0,733.86389" HasCustomColor="0"/>
       <NewSubTrack Flags="0" defaultValue="0,313.68402" HasCustomColor="0"/>
      </Track>
      <Track paramType="Rotation" Type="4" Flags="0" HasCustomColor="0" ValueType="2">
       <NewSubTrack Flags="0" defaultValue="0,90" HasCustomColor="0"/>
       <NewSubTrack Flags="0" defaultValue="0,-0" HasCustomColor="0"/>
       <NewSubTrack Flags="0" defaultValue="0,0" HasCustomColor="0"/>
      </Track>
      <Track paramType="Event" Type="-1" Flags="0" StartTime="0" EndTime="21.6" HasCustomColor="0" ValueType="-1">
       <Key time="4.7200007" event="Spawn"/>
      </Track>
     </Node>
     <Node Id="17" Type="Entity" Name="CIN_VFX_ZeroGSparks_00" Flags="0" paramIdVersion="9" EntityGUID="47BB614B28F05C1A">
      <Track paramType="Position" Type="4" Flags="0" HasCustomColor="0" ValueType="1">
       <NewSubTrack Flags="0" defaultValue="0,1310.2489" HasCustomColor="0"/>
       <NewSubTrack Flags="0" defaultValue="0,731.93384" HasCustomColor="0"/>
       <NewSubTrack Flags="0" defaultValue="0,316.33029" HasCustomColor="0"/>
      </Track>
      <Track paramType="Rotation" Type="4" Flags="0" HasCustomColor="0" ValueType="2">
       <NewSubTrack Flags="0" defaultValue="0,-14.999999" HasCustomColor="0"/>
       <NewSubTrack Flags="0" defaultValue="0,0" HasCustomColor="0"/>
       <NewSubTrack Flags="0" defaultValue="0,0" HasCustomColor="0"/>
      </Track>
      <Track paramType="Event" Type="-1" Flags="0" StartTime="0" EndTime="21.6" HasCustomColor="0" ValueType="-1">
       <Key time="20" event="Spawn"/>
      </Track>
     </Node>
    </Nodes>
    <Events>
     <Event Name="FadetoBlack"/>
    </Events>
   </Sequence>
   <Sequence SequenceVersion="3" Name="DeepStorage_sq_03_female" Flags="0" StartTime="0" EndTime="10" ID="0" ConversationID="DEDEDEDEDEDEDEDE">
    <Nodes />
    <Events />
   </Sequence>
   <Sequence SequenceVersion="3" Name="DeepStorage_sq_04_NightmareReveal" Flags="0" StartTime="0" EndTime="2" ID="0" ConversationID="DEDEDEDEDEDEDEDE">
    <Nodes />
    <Events />
   </Sequence>
  </SequenceData>
 </Mission>
</MovieData>
