<EntitySerialization>
 <Entity id="1"/>
 <Entity id="2"/>
 <Entity id="3"/>
 <Entity id="4"/>
 <Entity id="5"/>
 <Entity id="6"/>
 <Entity id="7"/>
 <Entity id="8"/>
 <Entity id="9"/>
 <Entity id="10"/>
 <Entity id="11"/>
 <Entity id="12"/>
 <Entity id="13"/>
 <Entity id="14"/>
 <Entity id="15"/>
 <Entity id="16"/>
 <Entity id="17"/>
 <Entity id="18"/>
 <Entity id="19"/>
 <Entity id="20"/>
 <Entity id="21"/>
 <Entity id="22"/>
 <Entity id="23"/>
 <Entity id="24"/>
 <Entity id="25"/>
 <Entity id="26"/>
 <Entity id="27"/>
 <Entity id="28"/>
 <Entity id="29"/>
 <Entity id="30"/>
 <Entity id="31"/>
 <Entity id="32"/>
 <Entity id="33"/>
 <Entity id="34"/>
 <Entity id="35"/>
 <Entity id="36"/>
 <Entity id="37"/>
 <Entity id="38"/>
 <Entity id="39"/>
 <Entity id="40"/>
 <Entity id="41"/>
 <Entity id="42"/>
 <Entity id="43"/>
 <Entity id="44"/>
 <Entity id="45"/>
 <Entity id="46"/>
 <Entity id="47"/>
 <Entity id="48"/>
 <Entity id="49"/>
 <Entity id="50"/>
 <Entity id="51"/>
 <Entity id="52"/>
 <Entity id="53"/>
 <Entity id="54"/>
 <Entity id="55"/>
 <Entity id="56"/>
 <Entity id="57"/>
 <Entity id="58"/>
 <Entity id="59"/>
 <Entity id="60"/>
 <Entity id="61"/>
 <Entity id="62"/>
 <Entity id="63"/>
 <Entity id="64"/>
 <Entity id="65"/>
 <Entity id="66"/>
 <Entity id="67"/>
 <Entity id="68"/>
 <Entity id="69"/>
 <Entity id="70"/>
 <Entity id="71"/>
 <Entity id="72"/>
 <Entity id="73"/>
 <Entity id="74"/>
 <Entity id="75"/>
 <Entity id="76"/>
 <Entity id="77"/>
 <Entity id="78"/>
 <Entity id="79"/>
 <Entity id="80"/>
 <Entity id="81"/>
 <Entity id="82"/>
 <Entity id="129"/>
 <Entity id="130"/>
 <Entity id="131"/>
 <Entity id="132"/>
 <Entity id="133"/>
 <Entity id="136"/>
 <Entity id="138"/>
 <Entity id="139"/>
 <Entity id="140"/>
 <Entity id="143"/>
 <Entity id="147"/>
 <Entity id="149"/>
 <Entity id="153"/>
 <Entity id="164"/>
 <Entity id="165"/>
 <Entity id="166"/>
 <Entity id="173"/>
 <Entity id="174"/>
 <Entity id="176"/>
 <Entity id="179"/>
 <Entity id="180"/>
 <Entity id="181"/>
 <Entity id="182"/>
 <Entity id="184"/>
 <Entity id="185"/>
 <Entity id="186"/>
 <Entity id="187"/>
 <Entity id="189"/>
 <Entity id="190"/>
 <Entity id="191"/>
 <Entity id="193"/>
 <Entity id="195"/>
 <Entity id="196"/>
 <Entity id="198"/>
 <Entity id="199"/>
 <Entity id="200"/>
 <Entity id="201"/>
 <Entity id="202"/>
 <Entity id="203"/>
 <Entity id="204"/>
 <Entity id="205"/>
 <Entity id="206"/>
 <Entity id="211"/>
 <Entity id="222"/>
 <Entity id="226"/>
 <Entity id="229"/>
 <Entity id="230"/>
 <Entity id="235"/>
 <Entity id="237"/>
 <Entity id="240"/>
 <Entity id="241"/>
 <Entity id="249"/>
 <Entity id="251"/>
 <Entity id="253"/>
 <Entity id="258"/>
 <Entity id="260"/>
 <Entity id="265"/>
 <Entity id="266"/>
 <Entity id="270"/>
 <Entity id="273"/>
 <Entity id="275"/>
 <Entity id="278"/>
 <Entity id="279"/>
 <Entity id="285"/>
 <Entity id="286"/>
 <Entity id="289"/>
 <Entity id="290"/>
 <Entity id="297"/>
 <Entity id="300"/>
 <Entity id="303"/>
 <Entity id="306"/>
 <Entity id="308"/>
 <Entity id="309"/>
 <Entity id="310"/>
 <Entity id="316"/>
 <Entity id="318"/>
 <Entity id="322"/>
 <Entity id="325"/>
 <Entity id="326"/>
 <Entity id="328"/>
 <Entity id="331"/>
 <Entity id="333"/>
 <Entity id="336"/>
 <Entity id="345"/>
 <Entity id="349"/>
 <Entity id="351"/>
 <Entity id="353"/>
 <Entity id="355"/>
 <Entity id="367"/>
 <Entity id="369"/>
 <Entity id="376"/>
 <Entity id="378"/>
 <Entity id="379"/>
 <Entity id="383"/>
 <Entity id="390"/>
 <Entity id="392"/>
 <Entity id="396"/>
 <Entity id="402"/>
 <Entity id="404"/>
 <Entity id="406"/>
 <Entity id="407"/>
 <Entity id="416"/>
 <Entity id="417"/>
 <Entity id="418"/>
 <Entity id="419"/>
 <Entity id="425"/>
 <Entity id="428"/>
 <Entity id="430"/>
 <Entity id="435"/>
 <Entity id="437"/>
 <Entity id="438"/>
 <Entity id="439"/>
 <Entity id="441"/>
 <Entity id="442"/>
 <Entity id="444"/>
 <Entity id="445"/>
 <Entity id="452"/>
 <Entity id="454"/>
 <Entity id="460"/>
 <Entity id="461"/>
 <Entity id="465"/>
 <Entity id="468"/>
 <Entity id="470"/>
 <Entity id="471"/>
 <Entity id="473"/>
 <Entity id="474"/>
 <Entity id="475"/>
 <Entity id="478"/>
 <Entity id="479"/>
 <Entity id="480"/>
 <Entity id="492"/>
 <Entity id="493"/>
 <Entity id="494"/>
 <Entity id="496"/>
 <Entity id="498"/>
 <Entity id="499"/>
 <Entity id="501"/>
 <Entity id="503"/>
 <Entity id="505"/>
 <Entity id="507"/>
 <Entity id="509"/>
 <Entity id="510"/>
 <Entity id="516"/>
 <Entity id="517"/>
 <Entity id="521"/>
 <Entity id="525"/>
 <Entity id="527"/>
 <Entity id="531"/>
 <Entity id="536"/>
 <Entity id="537"/>
 <Entity id="539"/>
 <Entity id="542"/>
 <Entity id="544"/>
 <Entity id="545"/>
 <Entity id="546"/>
 <Entity id="547"/>
 <Entity id="550"/>
 <Entity id="559"/>
 <Entity id="560"/>
 <Entity id="561"/>
 <Entity id="570"/>
 <Entity id="574"/>
 <Entity id="577"/>
 <Entity id="578"/>
 <Entity id="580"/>
 <Entity id="581"/>
 <Entity id="582"/>
 <Entity id="583"/>
 <Entity id="586"/>
 <Entity id="587"/>
 <Entity id="588"/>
 <Entity id="589"/>
 <Entity id="590"/>
 <Entity id="592"/>
 <Entity id="594"/>
 <Entity id="595"/>
 <Entity id="599"/>
 <Entity id="600"/>
 <Entity id="601"/>
 <Entity id="602"/>
 <Entity id="603"/>
 <Entity id="605"/>
 <Entity id="608"/>
 <Entity id="609"/>
 <Entity id="612"/>
 <Entity id="617"/>
 <Entity id="620"/>
 <Entity id="622"/>
 <Entity id="626"/>
 <Entity id="628"/>
 <Entity id="630"/>
 <Entity id="631"/>
 <Entity id="632"/>
 <Entity id="635"/>
 <Entity id="640"/>
 <Entity id="646"/>
 <Entity id="652"/>
 <Entity id="654"/>
 <Entity id="660"/>
 <Entity id="661"/>
 <Entity id="664"/>
 <Entity id="668"/>
 <Entity id="669"/>
 <Entity id="670"/>
 <Entity id="672"/>
 <Entity id="674"/>
 <Entity id="676"/>
 <Entity id="678"/>
 <Entity id="684"/>
 <Entity id="688"/>
 <Entity id="690"/>
 <Entity id="768"/>
 <Entity id="769"/>
 <Entity id="770"/>
 <Entity id="771"/>
 <Entity id="772"/>
 <Entity id="773"/>
 <Entity id="774"/>
 <Entity id="775"/>
 <Entity id="776"/>
 <Entity id="777"/>
 <Entity id="778"/>
 <Entity id="779"/>
 <Entity id="781"/>
 <Entity id="782"/>
 <Entity id="783"/>
 <Entity id="784"/>
 <Entity id="785"/>
 <Entity id="786"/>
 <Entity id="787"/>
 <Entity id="788"/>
 <Entity id="789"/>
 <Entity id="790"/>
 <Entity id="791"/>
 <Entity id="792"/>
 <Entity id="793"/>
 <Entity id="795"/>
 <Entity id="796"/>
 <Entity id="797"/>
 <Entity id="798"/>
 <Entity id="799"/>
 <Entity id="800"/>
 <Entity id="801"/>
 <Entity id="802"/>
 <Entity id="803"/>
 <Entity id="804"/>
 <Entity id="805"/>
 <Entity id="806"/>
 <Entity id="807"/>
 <Entity id="808"/>
 <Entity id="809"/>
 <Entity id="810"/>
 <Entity id="811"/>
 <Entity id="812"/>
 <Entity id="813"/>
 <Entity id="814"/>
 <Entity id="815"/>
 <Entity id="816"/>
 <Entity id="817"/>
 <Entity id="818"/>
 <Entity id="819"/>
 <Entity id="820"/>
 <Entity id="821"/>
 <Entity id="822"/>
 <Entity id="823"/>
 <Entity id="824"/>
 <Entity id="825"/>
 <Entity id="826"/>
 <Entity id="827"/>
 <Entity id="828"/>
 <Entity id="829"/>
 <Entity id="830"/>
 <Entity id="831"/>
 <Entity id="832"/>
 <Entity id="833"/>
 <Entity id="834"/>
 <Entity id="835"/>
 <Entity id="836"/>
 <Entity id="837"/>
 <Entity id="838"/>
 <Entity id="839"/>
 <Entity id="840"/>
 <Entity id="841"/>
 <Entity id="842"/>
 <Entity id="843"/>
 <Entity id="844"/>
 <Entity id="845"/>
 <Entity id="846"/>
 <Entity id="847"/>
 <Entity id="848"/>
 <Entity id="849"/>
 <Entity id="850"/>
 <Entity id="851"/>
 <Entity id="852"/>
 <Entity id="854"/>
 <Entity id="855"/>
 <Entity id="856"/>
 <Entity id="857"/>
 <Entity id="858"/>
 <Entity id="859"/>
 <Entity id="860"/>
 <Entity id="861"/>
 <Entity id="862"/>
 <Entity id="863"/>
 <Entity id="864"/>
 <Entity id="865"/>
 <Entity id="866"/>
 <Entity id="867"/>
 <Entity id="868"/>
 <Entity id="869"/>
 <Entity id="870"/>
 <Entity id="871"/>
 <Entity id="872"/>
 <Entity id="873"/>
 <Entity id="874"/>
 <Entity id="875"/>
 <Entity id="876"/>
 <Entity id="877"/>
 <Entity id="878"/>
 <Entity id="879"/>
 <Entity id="880"/>
 <Entity id="881"/>
 <Entity id="882"/>
 <Entity id="883"/>
 <Entity id="884"/>
 <Entity id="885"/>
 <Entity id="886"/>
 <Entity id="887"/>
 <Entity id="888"/>
 <Entity id="889"/>
 <Entity id="890"/>
 <Entity id="891"/>
 <Entity id="892"/>
 <Entity id="893"/>
 <Entity id="894"/>
 <Entity id="895"/>
 <Entity id="896"/>
 <Entity id="897"/>
 <Entity id="898"/>
 <Entity id="899"/>
 <Entity id="900"/>
 <Entity id="901"/>
 <Entity id="902"/>
 <Entity id="903"/>
 <Entity id="904"/>
 <Entity id="905"/>
 <Entity id="906"/>
 <Entity id="907"/>
 <Entity id="908"/>
 <Entity id="937"/>
 <Entity id="938"/>
 <Entity id="939"/>
 <Entity id="944"/>
 <Entity id="948"/>
 <Entity id="949"/>
 <Entity id="950"/>
 <Entity id="951"/>
 <Entity id="952"/>
 <Entity id="953"/>
 <Entity id="954"/>
 <Entity id="955"/>
 <Entity id="956"/>
 <Entity id="957"/>
 <Entity id="958"/>
 <Entity id="959"/>
 <Entity id="960"/>
 <Entity id="961"/>
 <Entity id="962"/>
 <Entity id="963"/>
 <Entity id="964"/>
 <Entity id="965"/>
 <Entity id="966"/>
 <Entity id="967"/>
 <Entity id="968"/>
 <Entity id="969"/>
 <Entity id="970"/>
 <Entity id="971"/>
 <Entity id="972"/>
 <Entity id="973"/>
 <Entity id="974"/>
 <Entity id="975"/>
 <Entity id="976"/>
 <Entity id="977"/>
 <Entity id="978"/>
 <Entity id="979"/>
 <Entity id="980"/>
 <Entity id="981"/>
 <Entity id="982"/>
 <Entity id="986"/>
 <Entity id="988"/>
 <Entity id="989"/>
 <Entity id="990"/>
 <Entity id="991"/>
 <Entity id="994"/>
 <Entity id="995"/>
 <Entity id="996"/>
 <Entity id="998"/>
 <Entity id="999"/>
 <Entity id="1001"/>
 <Entity id="1003"/>
 <Entity id="1004"/>
 <Entity id="1006"/>
 <Entity id="1011"/>
 <Entity id="1016"/>
 <Entity id="1017"/>
 <Entity id="1018"/>
 <Entity id="1033"/>
 <Entity id="1035"/>
 <Entity id="1042"/>
 <Entity id="1047"/>
 <Entity id="1053"/>
 <Entity id="1054"/>
 <Entity id="1056"/>
 <Entity id="1064"/>
 <Entity id="1065"/>
 <Entity id="1076"/>
 <Entity id="1084"/>
 <Entity id="1092"/>
 <Entity id="1094"/>
 <Entity id="1097"/>
 <Entity id="1099"/>
 <Entity id="1101"/>
 <Entity id="1102"/>
 <Entity id="1107"/>
 <Entity id="1108"/>
 <Entity id="1113"/>
 <Entity id="1116"/>
 <Entity id="1117"/>
 <Entity id="1119"/>
 <Entity id="1120"/>
 <Entity id="1123"/>
 <Entity id="1124"/>
 <Entity id="1125"/>
 <Entity id="1132"/>
 <Entity id="1135"/>
 <Entity id="1140"/>
 <Entity id="1142"/>
 <Entity id="1144"/>
 <Entity id="1151"/>
 <Entity id="1152"/>
 <Entity id="1165"/>
 <Entity id="1171"/>
 <Entity id="1173"/>
 <Entity id="1175"/>
 <Entity id="1182"/>
 <Entity id="1188"/>
 <Entity id="1193"/>
 <Entity id="1195"/>
 <Entity id="1196"/>
 <Entity id="1201"/>
 <Entity id="1204"/>
 <Entity id="1205"/>
 <Entity id="1206"/>
 <Entity id="1207"/>
 <Entity id="1213"/>
 <Entity id="1215"/>
 <Entity id="1218"/>
 <Entity id="1226"/>
 <Entity id="1228"/>
 <Entity id="1232"/>
 <Entity id="1239"/>
 <Entity id="1240"/>
 <Entity id="1243"/>
 <Entity id="1244"/>
 <Entity id="1252"/>
 <Entity id="1253"/>
 <Entity id="1255"/>
 <Entity id="1256"/>
 <Entity id="1258"/>
 <Entity id="1262"/>
 <Entity id="1272"/>
 <Entity id="1275"/>
 <Entity id="1280"/>
 <Entity id="1282"/>
 <Entity id="1285"/>
 <Entity id="1287"/>
 <Entity id="1289"/>
 <Entity id="1294"/>
 <Entity id="1295"/>
 <Entity id="1296"/>
 <Entity id="1304"/>
 <Entity id="1308"/>
 <Entity id="1316"/>
 <Entity id="1321"/>
 <Entity id="1324"/>
 <Entity id="1330"/>
 <Entity id="1334"/>
 <Entity id="1341"/>
 <Entity id="1342"/>
 <Entity id="1346"/>
 <Entity id="1347"/>
 <Entity id="1350"/>
 <Entity id="1353"/>
 <Entity id="1355"/>
 <Entity id="1356"/>
 <Entity id="1357"/>
 <Entity id="1360"/>
 <Entity id="1363"/>
 <Entity id="1365"/>
 <Entity id="1366"/>
 <Entity id="1370"/>
 <Entity id="1373"/>
 <Entity id="1376"/>
 <Entity id="1377"/>
 <Entity id="1379"/>
 <Entity id="1380"/>
 <Entity id="1381"/>
 <Entity id="1382"/>
 <Entity id="1383"/>
 <Entity id="1384"/>
 <Entity id="1385"/>
 <Entity id="1387"/>
 <Entity id="1388"/>
 <Entity id="1390"/>
 <Entity id="1393"/>
 <Entity id="1394"/>
 <Entity id="1396"/>
 <Entity id="1398"/>
 <Entity id="1399"/>
 <Entity id="1401"/>
 <Entity id="1408"/>
 <Entity id="1411"/>
 <Entity id="1413"/>
 <Entity id="1414"/>
 <Entity id="1418"/>
 <Entity id="1420"/>
 <Entity id="1421"/>
 <Entity id="1427"/>
 <Entity id="1428"/>
 <Entity id="1431"/>
 <Entity id="1432"/>
 <Entity id="1437"/>
 <Entity id="1439"/>
 <Entity id="1443"/>
 <Entity id="1446"/>
 <Entity id="1447"/>
 <Entity id="1448"/>
 <Entity id="1452"/>
 <Entity id="1453"/>
 <Entity id="1454"/>
 <Entity id="1455"/>
 <Entity id="1457"/>
 <Entity id="1459"/>
 <Entity id="1460"/>
 <Entity id="1461"/>
 <Entity id="1462"/>
 <Entity id="1463"/>
 <Entity id="1465"/>
 <Entity id="1469"/>
 <Entity id="1478"/>
 <Entity id="1479"/>
 <Entity id="1480"/>
 <Entity id="1481"/>
 <Entity id="1483"/>
 <Entity id="1485"/>
 <Entity id="1486"/>
 <Entity id="1487"/>
 <Entity id="1489"/>
 <Entity id="1490"/>
 <Entity id="1491"/>
 <Entity id="1492"/>
 <Entity id="1493"/>
 <Entity id="1495"/>
 <Entity id="1497"/>
 <Entity id="1498"/>
 <Entity id="1500"/>
 <Entity id="1501"/>
 <Entity id="1503"/>
 <Entity id="1505"/>
 <Entity id="1506"/>
 <Entity id="1507"/>
 <Entity id="1509"/>
 <Entity id="1510"/>
 <Entity id="1511"/>
 <Entity id="1512"/>
 <Entity id="1515"/>
 <Entity id="1516"/>
 <Entity id="1519"/>
 <Entity id="1520"/>
 <Entity id="1521"/>
 <Entity id="1522"/>
 <Entity id="1524"/>
 <Entity id="1526"/>
 <Entity id="1527"/>
 <Entity id="1528"/>
 <Entity id="1529"/>
 <Entity id="1532"/>
 <Entity id="1533"/>
 <Entity id="1534"/>
 <Entity id="1535"/>
 <Entity id="1540"/>
 <Entity id="1547"/>
 <Entity id="1548"/>
 <Entity id="1549"/>
 <Entity id="1550"/>
 <Entity id="1555"/>
 <Entity id="1557"/>
 <Entity id="1560"/>
 <Entity id="1563"/>
 <Entity id="1564"/>
 <Entity id="1567"/>
 <Entity id="1568"/>
 <Entity id="1571"/>
 <Entity id="1573"/>
 <Entity id="1574"/>
 <Entity id="1575"/>
 <Entity id="1578"/>
 <Entity id="1585"/>
 <Entity id="1587"/>
 <Entity id="1588"/>
 <Entity id="1592"/>
 <Entity id="1594"/>
 <Entity id="1595"/>
 <Entity id="1596"/>
 <Entity id="1597"/>
 <Entity id="1599"/>
 <Entity id="1600"/>
 <Entity id="1601"/>
 <Entity id="1604"/>
 <Entity id="1605"/>
 <Entity id="1608"/>
 <Entity id="1609"/>
 <Entity id="1610"/>
 <Entity id="1617"/>
 <Entity id="1618"/>
 <Entity id="1620"/>
 <Entity id="1622"/>
 <Entity id="1623"/>
 <Entity id="1625"/>
 <Entity id="1626"/>
 <Entity id="1627"/>
 <Entity id="1628"/>
 <Entity id="1629"/>
 <Entity id="1630"/>
 <Entity id="1631"/>
 <Entity id="1633"/>
 <Entity id="1635"/>
 <Entity id="1639"/>
 <Entity id="1640"/>
 <Entity id="1641"/>
 <Entity id="1643"/>
 <Entity id="1647"/>
 <Entity id="1650"/>
 <Entity id="1652"/>
 <Entity id="1655"/>
 <Entity id="1656"/>
 <Entity id="1659"/>
 <Entity id="1663"/>
 <Entity id="1665"/>
 <Entity id="1666"/>
 <Entity id="1671"/>
 <Entity id="1672"/>
 <Entity id="1673"/>
 <Entity id="1674"/>
 <Entity id="1678"/>
 <Entity id="1680"/>
 <Entity id="1681"/>
 <Entity id="1684"/>
 <Entity id="1685"/>
 <Entity id="1688"/>
 <Entity id="1689"/>
 <Entity id="1690"/>
 <Entity id="1691"/>
 <Entity id="1692"/>
 <Entity id="1701"/>
 <Entity id="1703"/>
 <Entity id="1704"/>
 <Entity id="1705"/>
 <Entity id="1707"/>
 <Entity id="1709"/>
 <Entity id="1717"/>
 <Entity id="1719"/>
 <Entity id="1721"/>
 <Entity id="1727"/>
 <Entity id="1731"/>
 <Entity id="1735"/>
 <Entity id="1742"/>
 <Entity id="1746"/>
 <Entity id="1750"/>
 <Entity id="1751"/>
 <Entity id="1754"/>
 <Entity id="1761"/>
 <Entity id="1765"/>
 <Entity id="1773"/>
 <Entity id="1783"/>
 <Entity id="1789"/>
 <Entity id="1790"/>
 <Entity id="1796"/>
 <Entity id="1799"/>
 <Entity id="1803"/>
 <Entity id="1804"/>
 <Entity id="1805"/>
 <Entity id="1807"/>
 <Entity id="1808"/>
 <Entity id="1811"/>
 <Entity id="1812"/>
 <Entity id="1817"/>
 <Entity id="1822"/>
 <Entity id="1823"/>
 <Entity id="1827"/>
 <Entity id="1828"/>
 <Entity id="1831"/>
 <Entity id="1835"/>
 <Entity id="1836"/>
 <Entity id="1837"/>
 <Entity id="1838"/>
 <Entity id="1839"/>
 <Entity id="1840"/>
 <Entity id="1842"/>
 <Entity id="1843"/>
 <Entity id="1844"/>
 <Entity id="1845"/>
 <Entity id="1846"/>
 <Entity id="1847"/>
 <Entity id="1848"/>
 <Entity id="1849"/>
 <Entity id="1850"/>
 <Entity id="1851"/>
 <Entity id="1852"/>
 <Entity id="1853"/>
 <Entity id="1854"/>
 <Entity id="1855"/>
 <Entity id="1857"/>
 <Entity id="1859"/>
 <Entity id="1860"/>
 <Entity id="1861"/>
 <Entity id="1863"/>
 <Entity id="1864"/>
 <Entity id="1865"/>
 <Entity id="1866"/>
 <Entity id="1867"/>
 <Entity id="1868"/>
 <Entity id="1869"/>
 <Entity id="1870"/>
 <Entity id="1871"/>
 <Entity id="1872"/>
 <Entity id="1873"/>
 <Entity id="1874"/>
 <Entity id="1875"/>
 <Entity id="1876"/>
 <Entity id="1877"/>
 <Entity id="1878"/>
 <Entity id="1879"/>
 <Entity id="1880"/>
 <Entity id="1881"/>
 <Entity id="1882"/>
 <Entity id="1883"/>
 <Entity id="1884"/>
 <Entity id="1885"/>
 <Entity id="1886"/>
 <Entity id="1887"/>
 <Entity id="1889"/>
</EntitySerialization>
