
<EntityPrototypeLibrary Name="ArkProjectiles">
 <EntityPrototype Name="Charges.EMP" Id="{60641825-92A3-47B7-8885-95168A7FEA96}" Library="ArkProjectiles" Class="ArkProjectileEMPGrenade" Description="" ArchetypeId="3149325216973951492">
  <Properties bCanTriggerAreas="1" signalGroup_Damage="3149325216937655803" textDescription="@i_weaponempgrenadedesc" textDisplayName="@i_weaponEMPgrenade" signalGroup_EMP="2524450536722832464" object_GeometryFP="Objects/weapons/EMPGrenade/3P/empgrenade3p_01.cgf" fHealth="10" signalmodifier_InboundModifier="3149325216965814264" bUsable="1">
   <Disrupt disruptionProfile_Profile="10739735956140212131" audioTrigger_SparkSFX="" particleeffect_SparkVFX="PlayerWeapons.Grenade.EMP.EMP_EmpDisrupt_00"/>
   <Physics signalpackage_collisionDamagePackage="3149325216948552760" fDamping="0.85" Density="-1" Mass="3" bPhysicalize="1" bPushableByAI="0" bPushableByPlayers="0" bRigidBody="1" bRigidBodyActive="1" Speed="20" sType="rigid">
    <vGravity x="0" y="0" z="0"/>
   </Physics>
   <Projectile bCollideWithEtherForm="1" signalpackage_CriticalSignalPackageId="10641886185835675738" fDestroyDelay="0.1" bDestroyOnCollision="0" hitType="ArkProjectileEMPGrenade" fLifetime="1.5" bOverrideGravity="0" signalpackage_SignalPackageId="10641886185795235992" metaTags_SneakAttackTargetTags="" fTimeBeforeOwnerCollides="0.2">
    <ExplosionEffect fEffectScale="1.2" particleeffect_ParticleEffect="PlayerWeapons.Grenade.EMP.EmpBase_00" particleeffect_ParticleEffect_Cheap="PlayerWeapons.Grenade.EMP.EmpBase_LowRes_00"/>
    <Grenade particleeffect_ArmedEnemyEffect="PlayerWeapons.Grenade.Generic.LightingArmed_00" particleeffect_ArmedFriendlyEffect="PlayerWeapons.Grenade.Generic.LightingFriendlyArmed_00" fArmingDuration="2" cameraShake_CameraShake="10739735956147043737" particleeffect_DetonateEffect="PlayerWeapons.Grenade.Generic.LightingDetonation_00" fExplosionImpulse="10" fExplosionRadius="8" fHitNPCTime="0.25" bImpendingDanger="1" textPromptEquipMessage="@use_equip" textPromptUseMessage="@use_pickup" fProximityRadius="5" fProximitySpeed="0.5" fProximityTime="0.25" bShouldCheckLOS="1">
     <Noise gameNoiseLoudness_loudness="9469288860501649210" gameNoiseType_type="9469288860501649125"/>
    </Grenade>
   </Projectile>
   <RecycleData exotic="0" mineral="75" organic="0" synthetic="150"/>
   <AdditionalArchetypeProperties PrototypeMaterial=""/>
  </Properties>
  <ObjectVars OutdoorOnly="0" CastShadow="1" CastShadowMinspec="1" DynamicDistanceShadows="0" ShadowCasterType="0" CastSunShadowMinSpec="8" LodRatio="100" ViewDistRatio="100" CastShadowViewDistRatio="0" HiddenInGame="0" GlobalInSegmentedWorld="0" RecvWind="0" RenderNearest="0" NoStaticDecals="0" CreatedThroughPool="0" SceneIndex="0" HiddenInProbes="0"/>
 </EntityPrototype>
 <EntityPrototype Name="Gloo.GlooAccretion" Id="{FE79E2EF-9979-4D14-9EA0-078AEA3182E9}" Library="ArkProjectiles" Class="ArkProjectileGoo" Description="" ArchetypeId="3149325216973952143">
  <Properties signalGroup_Damage="3149325216948715684" object_GeometryFPDynamic="objects/arkeffects/weapons/gloogun/gloogun_dynamic_glooball.cgf" object_GeometryFPStatic="objects/arkeffects/weapons/gloogun/gloogun_static_glooball.cgf" fHealth="10">
   <Physics signalpackage_collisionDamagePackage="3149325216948552760" Density="-1" Mass="1" bPhysicalize="1" bPushableByAI="0" bPushableByPlayers="0" bRigidBody="1" bRigidBodyActive="1" Speed="0" sType="rigid">
    <vGravity x="0" y="0" z="0"/>
   </Physics>
   <Projectile bBreaksGlass="0" bCollideWithEtherForm="1" signalpackage_CriticalSignalPackageId="3149325216965838666" fDestroyDelay="4" bDestroyOnCollision="0" hitType="ArkProjectileGoo" fLifetime="0" signalpackage_SignalPackageId="10641886185795235813" metaTags_SneakAttackTargetTags="" fTimeBeforeOwnerCollides="0">
    <CollisionLockedEffect fEffectScale="2.35" particleeffect_ParticleEffect="PlayerWeapons.GooGun.Goo.BreakHard_00" particleeffect_ParticleEffect_Cheap="PlayerWeapons.GooGun.Goo.BreakHard_LowRes_00"/>
    <CollisionNotLockedEffect fEffectScale="1" particleeffect_ParticleEffect="PlayerWeapons.GooGun.Goo.BreakSoft_00" particleeffect_ParticleEffect_Cheap="PlayerWeapons.GooGun.Goo.BreakSoft_00"/>
    <Goo bAutomaticallyScaleInitial="1" particleeffect_BurstAndSpawnEffect="PlayerWeapons.GooGun.Goo.Spawning_00" fCollisionDamageScale="1" fGooAOEScaleFactor="1.6" fGooBurstTimeToMinDelay="5" fGooCollisionDamageSpeed="5" fGooImpulseApplied="0" fGooMinBurstDelay="0.5" fGooMinSpawnDelay="0.25" fGooMovementSpeed="2.5" fGooPenetrationAllowedBeforeDestroying="1" fGooPercentOfOverlapBeforeCombine="0.4" fGooSpawnConeAngleSpread="180" fGooSpawnRandomSpread="45" fGooSpawnScaleFactor="1" fGooSpawnTimeToMinDelay="5" particleeffect_LockedEffect="PlayerWeapons.GooGun.Goo.MaxGrowth_00" fMaxCollisionDamage="5" signalpackage_MaxedGooSignalPackage="13680621263394303456" nMaxNumberGooBallsToSpawn="3" fOffsetAttachOfInitialSpawn="0.8" fOffsetFromCenterBurstPercentScale="1.25" fPlayerMinDistanceToPush="0.1" fPlayerPushAngle="65" fPlayerPushSpeed="10" fileScaleUpMaterial="objects/arkeffects/weapons/gloogun/GlooBall_Dynamic_Mat_00" bStopFiringOnBurst="0" fTimeBeforeEachChildBursts="0.01" fTimeBeforeEachChildSpawns="0.01" fTimeBeforeScaling="0" fTimeBeforeSizeIsLocked="0.5" fTimeToBlendMaterial="0.75" fTimeToBurstAndSpawnGooBalls="0.01" fTimeToScale="0.2">
     <FinalScaleDynamicRange max="0.35" min="0.25"/>
     <FinalScaleStaticRange max="0.5" min="0.4"/>
     <GooAttachOffsetAsPercentScaleRange max="1" min="0.95"/>
     <InitialScaleDynamicRange max="0.1" min="0.1"/>
     <InitialScaleStaticRange max="0.1" min="0.1"/>
     <TimeToScaleAutomaticallyRange max="0.2" min="0.2"/>
     <TimeToScaleChildrenRange max="0.6" min="0.4"/>
    </Goo>
   </Projectile>
   <RecycleData exotic="0" mineral="1" organic="1" synthetic="0"/>
   <AdditionalArchetypeProperties PrototypeMaterial=""/>
  </Properties>
  <ObjectVars OutdoorOnly="0" CastShadow="1" CastShadowMinspec="1" DynamicDistanceShadows="0" ShadowCasterType="0" CastSunShadowMinSpec="8" LodRatio="100" ViewDistRatio="100" CastShadowViewDistRatio="0" HiddenInGame="0" GlobalInSegmentedWorld="0" RecvWind="0" RenderNearest="0" NoStaticDecals="0" CreatedThroughPool="0" SceneIndex="0" HiddenInProbes="0"/>
 </EntityPrototype>
 <EntityPrototype Name="Gloo.GlooShot" Id="{AD804BFD-295A-4043-BD03-D3FB58CD3814}" Library="ArkProjectiles" Class="ArkProjectileGooBall" Description="" ArchetypeId="3149325216973952226">
  <Properties signalGroup_Damage="3149325216937655803" object_GeometryFP_1="Objects/ArkEffects/Weapons/GlooGun/gloo_projectile_01.cgf" object_GeometryFP_2="Objects/ArkEffects/Weapons/GlooGun/gloo_projectile_02.cgf" object_GeometryFP_3="Objects/ArkEffects/Weapons/GlooGun/gloo_projectile_03.cgf">
   <Physics bBounceStraight="1" signalpackage_collisionDamagePackage="3149325216948552760" Density="-1" Mass="0.1" bPhysicalize="1" bPushableByAI="0" bPushableByPlayers="0" bRigidBody="1" bRigidBodyActive="1" Speed="30" SpeedFromCamera="9" sType="rigid">
    <vGravity x="0" y="0" z="0"/>
   </Physics>
   <Projectile bAlignWithVelocity="1" bBreaksGlass="0" bCollideWithEtherForm="1" signalpackage_CriticalSignalPackageId="3149325216965838666" bDestroyOnCollision="0" hitType="ArkProjectileGoo" fLifetime="0" bOverrideGravity="1" signalpackage_SignalPackageId="10641886185795235813" metaTags_SneakAttackTargetTags="" fTimeBeforeOwnerCollides="0">
    <CollisionEffect fDestroyDelay="0.5" fEffectScale="0.75" particleeffect_ParticleEffect="PlayerWeapons.GooGun.Goo.Splashing_00"/>
    <GooBall fInitialStretch="0" nNumBouncesAllowed="3" fStretchTime="0" nViewDistanceRatio="250"/>
    <Tracer object_GeometryFP_1="Objects/ArkEffects/Weapons/GooGun/gloo_projectile_tracer_01.cgf" object_GeometryFP_2="Objects/ArkEffects/Weapons/GooGun/gloo_projectile_tracer_02.cgf" object_GeometryFP_3="Objects/ArkEffects/Weapons/GooGun/gloo_projectile_tracer_03.cgf" fLifetime="0.1" Speed="30" SpeedFromCamera="9">
     <vGravity x="0" y="0" z="0"/>
    </Tracer>
   </Projectile>
   <AdditionalArchetypeProperties PrototypeMaterial=""/>
  </Properties>
  <ObjectVars OutdoorOnly="0" CastShadow="1" CastShadowMinspec="1" DynamicDistanceShadows="0" ShadowCasterType="0" CastSunShadowMinSpec="8" LodRatio="100" ViewDistRatio="100" CastShadowViewDistRatio="0" HiddenInGame="0" GlobalInSegmentedWorld="0" RecvWind="0" RenderNearest="0" NoStaticDecals="0" CreatedThroughPool="0" SceneIndex="0" HiddenInProbes="0"/>
 </EntityPrototype>
 <EntityPrototype Name="AlienPowers.PhantomProjectile_Default" Id="{B2C45810-BAB2-45F6-92F2-11CD2BEFACF5}" Library="ArkProjectiles" Class="ArkProjectileHomingPsiBlast" Description="" ArchetypeId="3149325216973952283">
  <Properties>
   <Physics signalpackage_collisionDamagePackage="3149325216948552760" Density="-1" Mass="1" bPhysicalize="1" bPushableByAI="0" bPushableByPlayers="0" bRigidBody="1" bRigidBodyActive="1" Speed="0.1" sType="particle">
    <Particle fSize="0.25"/>
    <vGravity x="0" y="0" z="0"/>
   </Physics>
   <Projectile bAlignWithVelocity="1" bCollideWithEtherForm="1" signalpackage_CriticalSignalPackageId="3149325216974108474" fDestroyDelay="0.5" bDestroyOnCollision="1" hitType="ArkPhantomKineticProjectile" fLifetime="5" signalpackage_SignalPackageId="3149325216974108474" metaTags_SneakAttackTargetTags="9469288860498988665,9469288860498988629,9469288860517748071" fTimeBeforeOwnerCollides="0.5">
    <ExplosionEffect fEffectScale="1" particleeffect_ParticleEffect="Characters.Aliens.Phantom.Kinetic.KineticProjectile.Kenetic_Explosion_00"/>
    <HomingPsiBlast fAcceleration="60" cameraShake_CameraShake="10739735956147043737" fDetonationRadius="0.85" fExplosionImpulse="500" fMaxBlastRadius="1.75" fMaxSpeed="80" fMinTimeToGiveUp="0.5" fTurnSpeed="5" bUsePredictiveHoming="1">
     <HomingProjectileEffect fEffectScale="1" particleeffect_ParticleEffect="Characters.Aliens.Phantom.Kinetic.KineticProjectile.Revision01.Projectile_Mesh_00"/>
    </HomingPsiBlast>
    <TrailEffect fEffectScale="1" particleeffect_ParticleEffect="Characters.Aliens.Phantom.Kinetic.KineticProjectile.Revision01.Trail_01"/>
   </Projectile>
   <AdditionalArchetypeProperties PrototypeMaterial=""/>
  </Properties>
  <ObjectVars OutdoorOnly="0" CastShadow="1" CastShadowMinspec="1" DynamicDistanceShadows="0" ShadowCasterType="0" CastSunShadowMinSpec="8" LodRatio="100" ViewDistRatio="100" CastShadowViewDistRatio="0" HiddenInGame="0" GlobalInSegmentedWorld="0" RecvWind="0" RenderNearest="0" NoStaticDecals="0" CreatedThroughPool="0" SceneIndex="0" HiddenInProbes="0"/>
 </EntityPrototype>
 <EntityPrototype Name="Charges.Lure" Id="{016BE735-1BEB-404D-ABD6-806437C6575A}" Library="ArkProjectiles" Class="ArkProjectileLureGrenade" Description="" ArchetypeId="3149325216973952309">
  <Properties bCanTriggerAreas="1" signalGroup_Damage="3149325216937655803" textDescription="@i_weaponluregrenadedesc" textDisplayName="@i_weaponluregrenade" signalGroup_EMP="2524450536722832464" object_GeometryFP="Objects/weapons/AlienLure/3P/alienlure3p_01.cgf" fHealth="10" signalmodifier_InboundModifier="3149325216965814264" bUsable="1">
   <Disrupt disruptionProfile_Profile="10739735956140212131" audioTrigger_SparkSFX="" particleeffect_SparkVFX="PlayerWeapons.Grenade.Lure.Lure_EmpDisrupt_00"/>
   <Physics signalpackage_collisionDamagePackage="3149325216948552760" fDamping="0.85" Density="-1" Mass="3" bPhysicalize="1" bPushableByAI="0" bPushableByPlayers="0" bRigidBody="1" bRigidBodyActive="1" Speed="20" sType="rigid">
    <vGravity x="0" y="0" z="0"/>
   </Physics>
   <Projectile bCollideWithEtherForm="1" signalpackage_CriticalSignalPackageId="10641886185830927780" fDestroyDelay="1" bDestroyOnCollision="0" hitType="ArkProjectileLureGrenade" fLifetime="1.5" bOverrideGravity="0" signalpackage_SignalPackageId="10641886185830927780" metaTags_SneakAttackTargetTags="" fTimeBeforeOwnerCollides="0.2">
    <AOEEffect fEffectScale="1" particleeffect_ParticleEffect="PlayerWeapons.Grenade.Lure.LureFlare_02" particleeffect_ParticleEffect_Cheap="PlayerWeapons.Grenade.Lure.LureFlare_lowRes_02"/>
    <DestroyEffect fEffectScale="1" particleeffect_ParticleEffect="PlayerWeapons.Grenade.Generic.SelfDestruct_00" particleeffect_ParticleEffect_Cheap="PlayerWeapons.Grenade.Generic.SelfDestruct_00"/>
    <Grenade particleeffect_ArmedEnemyEffect="PlayerWeapons.Grenade.Generic.LightingArmed_00" particleeffect_ArmedFriendlyEffect="PlayerWeapons.Grenade.Generic.LightingFriendlyArmed_00" fArmingDuration="2" cameraShake_CameraShake="10739735956147043737" particleeffect_DetonateEffect="PlayerWeapons.Grenade.Generic.LightingDetonation_00" fExplosionImpulse="0" fExplosionRadius="20" fHitNPCTime="0.25" bImpendingDanger="0" textPromptEquipMessage="@use_equip" textPromptUseMessage="@use_pickup" fProximityRadius="8" fProximitySpeed="0.5" fProximityTime="0.25" fPulseDuration="20" fPulseFrequency="0.25" bShouldCheckLOS="1">
     <Noise gameNoiseLoudness_loudness="10850392949532183296" gameNoiseType_type="9469288860501649125"/>
    </Grenade>
   </Projectile>
   <RecycleData exotic="75" mineral="150" organic="0" synthetic="75"/>
   <AdditionalArchetypeProperties PrototypeMaterial=""/>
  </Properties>
  <ObjectVars OutdoorOnly="0" CastShadow="1" CastShadowMinspec="1" DynamicDistanceShadows="0" ShadowCasterType="0" CastSunShadowMinSpec="8" LodRatio="100" ViewDistRatio="100" CastShadowViewDistRatio="0" HiddenInGame="0" GlobalInSegmentedWorld="0" RecvWind="0" RenderNearest="0" NoStaticDecals="0" CreatedThroughPool="0" SceneIndex="0" HiddenInProbes="0"/>
 </EntityPrototype>
 <EntityPrototype Name="Charges.Nullwave" Id="{D07C2BCB-C8AA-4F51-96D8-B048B3A89325}" Library="ArkProjectiles" Class="ArkProjectileNullwaveTransmitter" Description="" ArchetypeId="3149325216973952349">
  <Properties bCanTriggerAreas="1" signalGroup_Damage="3149325216937655803" textDescription="@i_weaponnullwavetransmitterdesc" textDisplayName="@i_weaponNullwaveTransmitter" signalGroup_EMP="2524450536722832464" object_GeometryFP="Objects/weapons/Nullwave_Transmitter/3P/nullwave3p_01.cgf" fHealth="10" signalmodifier_InboundModifier="3149325216965814264" bUsable="1">
   <Disrupt disruptionProfile_Profile="10739735956140212131" audioTrigger_SparkSFX="" particleeffect_SparkVFX="PlayerWeapons.Grenade.NullWaveGenerator.NullWave_EmpDisrupt_00"/>
   <Physics signalpackage_collisionDamagePackage="3149325216948552760" fDamping="0.85" Density="-1" Mass="3" bPhysicalize="1" bPushableByAI="0" bPushableByPlayers="0" bRigidBody="1" bRigidBodyActive="1" Speed="20" sType="rigid">
    <vGravity x="0" y="0" z="0"/>
   </Physics>
   <Projectile bCollideWithEtherForm="1" signalpackage_CriticalSignalPackageId="10641886185795235359" fDestroyDelay="0.1" bDestroyOnCollision="0" hitType="ArkProjectileNullwaveTransmitter" fLifetime="1.5" bOverrideGravity="0" signalpackage_SignalPackageId="10641886185795235359" metaTags_SneakAttackTargetTags="" fTimeBeforeOwnerCollides="0.2">
    <DestroyEffect fEffectScale="1" particleeffect_ParticleEffect="PlayerWeapons.Grenade.Generic.SelfDestruct_00" particleeffect_ParticleEffect_Cheap="PlayerWeapons.Grenade.Generic.SelfDestruct_00"/>
    <ExplosionEffect fEffectScale="1" particleeffect_ParticleEffect="PlayerWeapons.Grenade.NullWaveGenerator.NullWave_Explosion_00" particleeffect_ParticleEffect_Cheap="PlayerWeapons.Grenade.NullWaveGenerator.NullWave_Explosion_LowRes_00"/>
    <Grenade particleeffect_ArmedEnemyEffect="PlayerWeapons.Grenade.Generic.LightingArmed_00" particleeffect_ArmedFriendlyEffect="PlayerWeapons.Grenade.Generic.LightingFriendlyArmed_00" fArmingDuration="2" cameraShake_CameraShake="10739735956147043737" particleeffect_DetonateEffect="PlayerWeapons.Grenade.Generic.LightingDetonation_00" fExplosionImpulse="0" fExplosionRadius="10" fHitNPCTime="0.25" textPromptEquipMessage="@use_equip" textPromptUseMessage="@use_pickup" fProximityRadius="6" fProximitySpeed="0.5" fProximityTime="0.25" fPulseDuration="0.1" fPulseFrequency="0.1" bShouldCheckLOS="1">
     <Noise gameNoiseLoudness_loudness="10850392949532183296" gameNoiseType_type="9469288860501649125"/>
    </Grenade>
   </Projectile>
   <RecycleData exotic="75" mineral="75" organic="0" synthetic="150"/>
   <AdditionalArchetypeProperties PrototypeMaterial=""/>
  </Properties>
  <ObjectVars OutdoorOnly="0" CastShadow="1" CastShadowMinspec="1" DynamicDistanceShadows="0" ShadowCasterType="0" CastSunShadowMinSpec="8" LodRatio="100" ViewDistRatio="100" CastShadowViewDistRatio="0" HiddenInGame="0" GlobalInSegmentedWorld="0" RecvWind="0" RenderNearest="0" NoStaticDecals="0" CreatedThroughPool="0" SceneIndex="0" HiddenInProbes="0"/>
 </EntityPrototype>
 <EntityPrototype Name="Bullets.PistolRound_Default" Id="{B6F49BDB-7D69-440B-B210-007F4F977491}" Library="ArkProjectiles" Class="ArkProjectilePistolBullet" Description="" ArchetypeId="3149325216973952399">
  <Properties object_GeometryFP="Objects/ArkEffects/Weapons/Generic/arkstandardbulletmesh_00.cgf">
   <Physics signalpackage_collisionDamagePackage="3149325216948552760" Density="-1" Mass="0.25" bPhysicalize="1" bPushableByAI="0" bPushableByPlayers="0" bRigidBody="1" bRigidBodyActive="1" Speed="350" sType="particle">
    <Particle fSize="0.01">
     <vGravity x="0" y="0" z="0"/>
    </Particle>
   </Physics>
   <Projectile bAlignWithVelocity="1" bCollideWithEtherForm="1" signalpackage_CriticalSignalPackageId="3149325216942593069" bDestroyOnCollision="1" fHideTime="0.05" hitType="ArkProjectilePistolBullet" fLifetime="0.3" signalpackage_SignalPackageId="10641886185795235488" metaTags_SneakAttackTargetTags="9469288860498988665,9469288860498988629,9469288860517748071" fTimeBeforeOwnerCollides="0.2">
    <Tracer object_GeometryFP="objects/arkeffects/weapons/generic/arkbullet_gentracermesh.cgf" fLifetime="0.84" Speed="125"/>
   </Projectile>
   <AdditionalArchetypeProperties PrototypeMaterial=""/>
  </Properties>
  <ObjectVars OutdoorOnly="0" CastShadow="1" CastShadowMinspec="1" DynamicDistanceShadows="0" ShadowCasterType="0" CastSunShadowMinSpec="8" LodRatio="100" ViewDistRatio="100" CastShadowViewDistRatio="0" HiddenInGame="0" GlobalInSegmentedWorld="0" RecvWind="0" RenderNearest="0" NoStaticDecals="0" CreatedThroughPool="0" SceneIndex="0" HiddenInProbes="0"/>
 </EntityPrototype>
 <EntityPrototype Name="Bullets.PistolRound_NPC" Id="{C7590588-2C39-47B4-814E-1F9234544224}" Library="ArkProjectiles" Class="ArkProjectilePistolBullet" Description="" ArchetypeId="3149325216973952479">
  <Properties object_GeometryFP="Objects/Arkeffects/Characters/Robots/Turret/arkturret_tracermesh.cgf">
   <Physics signalpackage_collisionDamagePackage="3149325216948552760" Density="-1" Mass="0.25" bPhysicalize="1" bPushableByAI="0" bPushableByPlayers="0" bRigidBody="1" bRigidBodyActive="0" Speed="150" sType="particle">
    <Particle fSize="0.01">
     <vGravity x="0" y="0" z="0"/>
    </Particle>
   </Physics>
   <Projectile bAlignWithVelocity="1" bCollideWithEtherForm="1" signalpackage_CriticalSignalPackageId="9469288860519288553" bDestroyOnCollision="1" fHideTime="0" hitType="ArkProjectilePistolBullet" fLifetime="1" signalpackage_SignalPackageId="9469288860519288553" metaTags_SneakAttackTargetTags="9469288860498988665,9469288860498988629,9469288860517748071" fTimeBeforeOwnerCollides="0.2">
    <Tracer object_GeometryFP="objects/arkeffects/weapons/generic/arkbullet_gentracermesh.cgf" fLifetime="0.84" Speed="125"/>
   </Projectile>
   <AdditionalArchetypeProperties PrototypeMaterial=""/>
  </Properties>
  <ObjectVars OutdoorOnly="0" CastShadow="1" CastShadowMinspec="1" DynamicDistanceShadows="0" ShadowCasterType="0" CastSunShadowMinSpec="8" LodRatio="100" ViewDistRatio="100" CastShadowViewDistRatio="0" HiddenInGame="0" GlobalInSegmentedWorld="0" RecvWind="0" RenderNearest="0" NoStaticDecals="0" CreatedThroughPool="0" SceneIndex="0" HiddenInProbes="0"/>
 </EntityPrototype>
 <EntityPrototype Name="Charges.Recycler" Id="{58EBE1F3-C479-49A4-ABBA-6F36D12732DB}" Library="ArkProjectiles" Class="ArkProjectileRecyclerGrenade" Description="" ArchetypeId="3149325216973952536">
  <Properties bCanTriggerAreas="1" signalGroup_Damage="3149325216937655803" textDescription="@i_weaponrecyclegrenadedesc" textDisplayName="@i_weaponrecyclegrenade" signalGroup_EMP="2524450536722832464" object_GeometryFP="Objects/weapons/RecyclerGrenade/3P/recyclergrenade3p_01.cgf" fHealth="10" signalmodifier_InboundModifier="3149325216965814264" bUsable="1">
   <Disrupt disruptionProfile_Profile="10739735956140212131" audioTrigger_SparkSFX="" particleeffect_SparkVFX="PlayerWeapons.Grenade.Recycler.Recycler_EmpDisrupt_00"/>
   <Physics signalpackage_collisionDamagePackage="3149325216948552760" fDamping="0.85" Density="-1" Mass="3" bPhysicalize="1" bPushableByAI="0" bPushableByPlayers="0" bRigidBody="1" bRigidBodyActive="1" Speed="20" sType="rigid">
    <vGravity x="0" y="0" z="0"/>
   </Physics>
   <Projectile bCollideWithEtherForm="1" signalpackage_CriticalSignalPackageId="10641886185818137195" fDestroyDelay="2" bDestroyOnCollision="0" hitType="ArkProjectileRecyclerGrenade" fLifetime="1.5" bOverrideGravity="0" signalpackage_SignalPackageId="10641886185818137195" metaTags_SneakAttackTargetTags="9469288860498988665,9469288860498988629,9469288860517748071" fTimeBeforeOwnerCollides="0.2">
    <Grenade particleeffect_ArmedEnemyEffect="PlayerWeapons.Grenade.Generic.LightingArmed_00" particleeffect_ArmedFriendlyEffect="PlayerWeapons.Grenade.Generic.LightingFriendlyArmed_00" fArmingDuration="2" cameraShake_CameraShake="3149325216979739536" particleeffect_DetonateEffect="PlayerWeapons.Grenade.Generic.LightingDetonation_00" fExplosionImpulse="0" fExplosionRadius="4.5" fHitNPCTime="0.25" bImpendingDanger="1" textPromptEquipMessage="@use_equip" textPromptUseMessage="@use_pickup" fProximityRadius="4" fProximitySpeed="0.5" fProximityTime="0.25" bShouldCheckLOS="1">
     <Noise gameNoiseLoudness_loudness="10850392949532183296" gameNoiseType_type="9469288860501649125"/>
    </Grenade>
    <RecyclerGrenade particleeffect_EntityGravityEffect="PlayerWeapons.Grenade.Recycler.RefractionPull_01" particleeffect_EntityGravityEffect_Cheap="PlayerWeapons.Grenade.Recycler.RefractionPull_LowRes_01" particleeffect_FlashEffect="PlayerWeapons.Grenade.Recycler.Recycler_Flash_00" particleeffect_FlashEffect_Cheap="PlayerWeapons.Grenade.Recycler.Recycler_Flash_LowRes_00" fGravitationalPull="-13" fGravitationalPullPlayer="-26" fGravitationalPullRadius="5.5" bHideCenterObjects="1" nMaxIngredientsPerType="6" nMaxTotalIngredients="12" nMaxTotalScraps="500" sOverrideRecycleClasses="OverrideRecycleClasses" fPercentScrapPool="0.42" particleeffect_PopEffect="PlayerWeapons.Grenade.Recycler.Recycler_Bulge_00" particleeffect_PopEffect_Cheap="PlayerWeapons.Grenade.Recycler.Recycler_Bulge_LowRes_00" particleeffect_PullEffect="PlayerWeapons.Grenade.Recycler.Recycler_Pinch_00" particleeffect_PullEffect_Cheap="PlayerWeapons.Grenade.Recycler.Recycler_Pinch_LowRes_00" fPullTime="1.5" fRaiseGravityZ="0" signalpackage_RecycleKillPackageId="10641886185795235880" signalpackage_RecyclePackageId="10641886185795235880" fRecyclingImpulse="0" fRecyclingKillRadius="1" fRecyclingRadius="4.5" fRecyclingTime="0.65" fSprayImpulseDegree="10" fVibrateTime="0.35" fVibrationAmount="250" fVibrationRadius="1.75">
     <PercentRecycleRange max="0.79" min="0.75"/>
     <SprayImpulseRange max="12" min="8"/>
     <SprayImpulseZeroGRange max="0.1" min="0.01"/>
    </RecyclerGrenade>
   </Projectile>
   <RecycleData exotic="0" mineral="0" organic="0" synthetic="0"/>
   <AdditionalArchetypeProperties PrototypeMaterial=""/>
  </Properties>
  <ObjectVars OutdoorOnly="0" CastShadow="1" CastShadowMinspec="1" DynamicDistanceShadows="0" ShadowCasterType="0" CastSunShadowMinSpec="8" LodRatio="100" ViewDistRatio="100" CastShadowViewDistRatio="0" HiddenInGame="0" GlobalInSegmentedWorld="0" RecvWind="0" RenderNearest="0" NoStaticDecals="0" CreatedThroughPool="0" SceneIndex="0" HiddenInProbes="0"/>
 </EntityPrototype>
 <EntityPrototype Name="Bullets.ShotgunBlast_Default" Id="{7B7D2DBC-98DB-4386-A520-2978D7201B74}" Library="ArkProjectiles" Class="ArkProjectileShotgunBlast" Description="" ArchetypeId="3149325216973952635">
  <Properties object_GeometryFP="">
   <Physics signalpackage_collisionDamagePackage="3149325216948552760" Density="-1" Mass="0.01" bPhysicalize="1" bPushableByAI="0" bPushableByPlayers="0" bRigidBody="1" bRigidBodyActive="1" Speed="0" sType="particle">
    <Particle fSize="0.01"/>
    <vGravity x="0" y="0" z="0"/>
   </Physics>
   <Projectile bCollideWithEtherForm="1" signalpackage_CriticalSignalPackageId="3149325216930480894" bDestroyOnCollision="1" hitType="ArkProjectileShotgunShell" fLifetime="0" signalpackage_SignalPackageId="10641886185795235685" metaTags_SneakAttackTargetTags="9469288860498988665,9469288860498988629,9469288860517748071" fTimeBeforeOwnerCollides="0.1"/>
   <AdditionalArchetypeProperties PrototypeMaterial=""/>
  </Properties>
  <ObjectVars OutdoorOnly="0" CastShadow="1" CastShadowMinspec="1" DynamicDistanceShadows="0" ShadowCasterType="0" CastSunShadowMinSpec="8" LodRatio="100" ViewDistRatio="100" CastShadowViewDistRatio="0" HiddenInGame="0" GlobalInSegmentedWorld="0" RecvWind="0" RenderNearest="0" NoStaticDecals="0" CreatedThroughPool="0" SceneIndex="0" HiddenInProbes="0"/>
 </EntityPrototype>
 <EntityPrototype Name="Bullets.ShotgunPellet_Default" Id="{BC9C406A-9900-49FA-B8B3-8CA2790E9CB5}" Library="ArkProjectiles" Class="ArkProjectileShotgunShell" Description="" ArchetypeId="3149325216973952677">
  <Properties object_GeometryFP="objects/arkeffects/weapons/generic/arkstandardbulletmesh_00.cgf">
   <Physics signalpackage_collisionDamagePackage="3149325216948552760" Density="-1" Mass="0.01" bPhysicalize="1" bPushableByAI="0" bPushableByPlayers="0" bRigidBody="1" bRigidBodyActive="1" Speed="85" sType="particle">
    <Particle fSize="0.01">
     <vGravity x="0" y="0" z="0"/>
    </Particle>
   </Physics>
   <Projectile bAlignWithVelocity="1" bCollideWithEtherForm="1" signalpackage_CriticalSignalPackageId="3149325216930480903" bDestroyOnCollision="1" fHideTime="0.05" hitType="ArkProjectileShotgunShell" fLifetime="0.25" signalpackage_SignalPackageId="10641886185795235646" metaTags_SneakAttackTargetTags="9469288860498988665,9469288860498988629,9469288860517748071" fTimeBeforeOwnerCollides="0.2">
    <Tracer object_GeometryFP="objects/arkeffects/weapons/generic/arkbullet_gentracermesh.cgf" fLifetime="0.35" Speed="60"/>
   </Projectile>
   <AdditionalArchetypeProperties PrototypeMaterial=""/>
  </Properties>
  <ObjectVars OutdoorOnly="0" CastShadow="1" CastShadowMinspec="1" DynamicDistanceShadows="0" ShadowCasterType="0" CastSunShadowMinSpec="8" LodRatio="100" ViewDistRatio="100" CastShadowViewDistRatio="0" HiddenInGame="0" GlobalInSegmentedWorld="0" RecvWind="0" RenderNearest="0" NoStaticDecals="0" CreatedThroughPool="0" SceneIndex="0" HiddenInProbes="0"/>
 </EntityPrototype>
 <EntityPrototype Name="Bullets.PistolRound_Golden" Id="{0E6393AB-98D0-4A5F-BF15-AAFD8D295565}" Library="ArkProjectiles" Class="ArkProjectilePistolBullet" Description="" ArchetypeId="3149325216973952695">
  <Properties object_GeometryFP="Objects/ArkEffects/Weapons/Generic/arkstandardbulletmesh_00.cgf">
   <Physics signalpackage_collisionDamagePackage="3149325216948552760" Density="-1" Mass="0.25" bPhysicalize="1" bPushableByAI="0" bPushableByPlayers="0" bRigidBody="1" bRigidBodyActive="1" Speed="350" sType="particle">
    <Particle fSize="0.01">
     <vGravity x="0" y="0" z="0"/>
    </Particle>
   </Physics>
   <Projectile bAlignWithVelocity="1" bCollideWithEtherForm="1" signalpackage_CriticalSignalPackageId="3149325216965834719" bDestroyOnCollision="1" fHideTime="0.05" hitType="ArkProjectilePistolBullet" fLifetime="0.3" signalpackage_SignalPackageId="3149325216965834707" metaTags_SneakAttackTargetTags="9469288860498988665,9469288860498988629,9469288860517748071" fTimeBeforeOwnerCollides="0.2">
    <Tracer object_GeometryFP="objects/arkeffects/weapons/generic/arkbullet_gentracermesh.cgf" fLifetime="0.84" Speed="125"/>
   </Projectile>
   <AdditionalArchetypeProperties PrototypeMaterial=""/>
  </Properties>
  <ObjectVars OutdoorOnly="0" CastShadow="1" CastShadowMinspec="1" DynamicDistanceShadows="0" ShadowCasterType="0" CastSunShadowMinSpec="8" LodRatio="100" ViewDistRatio="100" CastShadowViewDistRatio="0" HiddenInGame="0" GlobalInSegmentedWorld="0" RecvWind="0" RenderNearest="0" NoStaticDecals="0" CreatedThroughPool="0" SceneIndex="0" HiddenInProbes="0"/>
 </EntityPrototype>
 <EntityPrototype Name="Bullets.ToygunDart_Default" Id="{3A210B2E-6951-4EA6-89E6-1A0F8B5CA290}" Library="ArkProjectiles" Class="ArkProjectileToyGun" Description="" ArchetypeId="3149325216973952875">
  <Properties bCanTriggerAreas="1" bCapacitive="1" textDisplayName="@i_ammotoygunprojectile" object_GeometryFP="objects/pickups/ammo/toygun/toygun_dart_pickup.cgf" bInteractiveCollision="1" nPickupCount="1" archetype_PickupToCollect="ArkPickups.Ammo.ToyGunDarts">
   <ExplosiveDart signal_DetonationSignal="" signalpackage_Explosion="3149325216979393871" fExplosionImpulse="10" particleeffect_ExplosionVFX="PlayerWeapons.ToyGun.DartExplosion_00" fMaxExplosionRadius="2" fMinExplosionRadius="1.25" fParticleEffectScale="1"/>
   <Physics signalpackage_collisionDamagePackage="3149325216948552760" Density="-1" Mass="1" bPhysicalize="1" bPushableByAI="0" bPushableByPlayers="0" bRigidBody="1" bRigidBodyActive="1" Speed="25" SpeedFromCamera="10" sType="rigid">
    <vGravity x="0" y="0" z="0"/>
   </Physics>
   <Projectile bAlignWithVelocity="0" bCollideWithEtherForm="1" signalpackage_CriticalSignalPackageId="0" fDestroyDelay="0.5" bDestroyOnCollision="0" hitType="ArkProjectileToyGun" fLifetime="600" bOverrideGravity="1" textPromptUseMessage="@use_pickup" signalpackage_SignalPackageId="3149325216950003142" metaTags_SneakAttackTargetTags="" fTimeBeforeOwnerCollides="0.2"/>
   <AdditionalArchetypeProperties PrototypeMaterial=""/>
  </Properties>
  <ObjectVars OutdoorOnly="0" CastShadow="1" CastShadowMinspec="1" DynamicDistanceShadows="0" ShadowCasterType="0" CastSunShadowMinSpec="8" LodRatio="100" ViewDistRatio="100" CastShadowViewDistRatio="0" HiddenInGame="0" GlobalInSegmentedWorld="0" RecvWind="0" RenderNearest="0" NoStaticDecals="0" CreatedThroughPool="0" SceneIndex="0" HiddenInProbes="0"/>
 </EntityPrototype>
 <EntityPrototype Name="Bullets.TurretRound_Default" Id="{F8D75B2F-BA55-40E7-9210-0A0D2F739A28}" Library="ArkProjectiles" Class="ArkProjectileTurretBullet" Description="" ArchetypeId="3149325216973952932">
  <Properties object_GeometryFP="Objects/Arkeffects/Characters/Robots/Turret/arkturret_tracermesh.cgf">
   <Physics signalpackage_collisionDamagePackage="3149325216948552760" Density="-1" Mass="0.25" bPhysicalize="1" bPushableByAI="0" bPushableByPlayers="0" bRigidBody="1" bRigidBodyActive="1" Speed="75" sType="particle">
    <Particle fSize="0.5">
     <vGravity x="0" y="0" z="0"/>
    </Particle>
   </Physics>
   <Projectile bAlignWithVelocity="1" bCollideWithEtherForm="1" signalpackage_CriticalSignalPackageId="" bDestroyOnCollision="1" fHideTime="0.01" hitType="ArkProjectileTurretBullet" fLifetime="2" signalpackage_SignalPackageId="10641886185795225404" metaTags_SneakAttackTargetTags="9469288860498988665,9469288860498988629,9469288860517748071" fTimeBeforeOwnerCollides="0"/>
   <AdditionalArchetypeProperties PrototypeMaterial=""/>
  </Properties>
  <ObjectVars OutdoorOnly="0" CastShadow="1" CastShadowMinspec="1" DynamicDistanceShadows="0" ShadowCasterType="0" CastSunShadowMinSpec="8" LodRatio="100" ViewDistRatio="100" CastShadowViewDistRatio="0" HiddenInGame="0" GlobalInSegmentedWorld="0" RecvWind="0" RenderNearest="0" NoStaticDecals="0" CreatedThroughPool="0" SceneIndex="0" HiddenInProbes="0"/>
 </EntityPrototype>
 <EntityPrototype Name="Bullets.Tracer_Default" Id="{23C72E4A-643B-488E-B5A0-876B5D9F6B06}" Library="ArkProjectiles" Class="ArkProjectileTracer" Description="" ArchetypeId="3149325216973954897">
  <Properties>
   <Physics signalpackage_collisionDamagePackage="3149325216948552760" Density="-1" Mass="0.25" bPhysicalize="1" bPushableByAI="0" bPushableByPlayers="0" bRigidBody="1" bRigidBodyActive="1" Speed="300" sType="particle">
    <Particle fSize="0.01">
     <vGravity x="0" y="0" z="0"/>
    </Particle>
   </Physics>
   <Projectile bAlignWithVelocity="1" bDestroyOnCollision="1"/>
   <AdditionalArchetypeProperties PrototypeMaterial=""/>
  </Properties>
  <ObjectVars OutdoorOnly="0" CastShadow="1" CastShadowMinspec="1" DynamicDistanceShadows="0" ShadowCasterType="0" CastSunShadowMinSpec="8" LodRatio="100" ViewDistRatio="100" CastShadowViewDistRatio="0" HiddenInGame="0" GlobalInSegmentedWorld="0" RecvWind="0" RenderNearest="0" NoStaticDecals="0" CreatedThroughPool="0" SceneIndex="0" HiddenInProbes="0"/>
 </EntityPrototype>
 <EntityPrototype Name="AlienPowers.TelepathProjectile" Id="{A7BB907B-DE71-4EE2-B867-4D7576366C60}" Library="ArkProjectiles" Class="ArkProjectileHomingPsiBlast" Description="" ArchetypeId="3149325216973954913">
  <Properties>
   <Physics signalpackage_collisionDamagePackage="3149325216948552760" Density="-1" Mass="1" bPhysicalize="1" bPushableByAI="0" bPushableByPlayers="0" bRigidBody="1" bRigidBodyActive="1" Speed="0.1" sType="particle">
    <Particle fSize="0.25"/>
    <vGravity x="0" y="0" z="0"/>
   </Physics>
   <Projectile bAlignWithVelocity="1" bCollideWithEtherForm="1" signalpackage_CriticalSignalPackageId="" fDestroyDelay="0.5" bDestroyOnCollision="1" hitType="ArkPhantomKineticProjectile" fLifetime="30" signalpackage_SignalPackageId="3149325216973929794" metaTags_SneakAttackTargetTags="9469288860498988665,9469288860498988629,9469288860517748071" fTimeBeforeOwnerCollides="3">
    <ExplosionEffect fEffectScale="1" particleeffect_ParticleEffect="Characters.Aliens.Telepath.Projectile.Projectile_Explosion"/>
    <HomingPsiBlast fAcceleration="15" cameraShake_CameraShake="3149325216979739536" fDetonationRadius="1.1" fExplosionImpulse="250" fMaxBlastRadius="2.4" fMaxSpeed="5" fMinTimeToGiveUp="5" fTurnSpeed="20" bUsePredictiveHoming="1">
     <HomingProjectileEffect fEffectScale="1" particleeffect_ParticleEffect="Characters.Aliens.Telepath.Projectile.Projectile_Core"/>
    </HomingPsiBlast>
    <TrailEffect fEffectScale="1" particleeffect_ParticleEffect="Characters.Aliens.Telepath.Projectile.Projectile_Trail"/>
   </Projectile>
   <AdditionalArchetypeProperties PrototypeMaterial=""/>
  </Properties>
  <ObjectVars OutdoorOnly="0" CastShadow="1" CastShadowMinspec="1" DynamicDistanceShadows="0" ShadowCasterType="0" CastSunShadowMinSpec="8" LodRatio="100" ViewDistRatio="100" CastShadowViewDistRatio="0" HiddenInGame="0" GlobalInSegmentedWorld="0" RecvWind="0" RenderNearest="0" NoStaticDecals="0" CreatedThroughPool="0" SceneIndex="0" HiddenInProbes="0"/>
 </EntityPrototype>
 <EntityPrototype Name="AlienPowers.NightmareProjectile" Id="{A1833645-F044-45FA-BEAA-EC1DFA41947F}" Library="ArkProjectiles" Class="ArkProjectileHomingPsiBlast" Description="" ArchetypeId="3149325216973954951">
  <Properties>
   <Physics signalpackage_collisionDamagePackage="3149325216948552760" Density="-1" Mass="1" bPhysicalize="1" bPushableByAI="0" bPushableByPlayers="0" bRigidBody="1" bRigidBodyActive="1" Speed="1" sType="particle">
    <Particle fSize="0.25"/>
    <vGravity x="0" y="0" z="0"/>
   </Physics>
   <Projectile bAlignWithVelocity="1" bCollideWithEtherForm="1" signalpackage_CriticalSignalPackageId="" fDestroyDelay="0.5" bDestroyOnCollision="1" hitType="ArkPhantomKineticProjectile" fLifetime="9" signalpackage_SignalPackageId="3149325216973929839" metaTags_SneakAttackTargetTags="9469288860498988665,9469288860498988629,9469288860517748071" fTimeBeforeOwnerCollides="3">
    <ExplosionEffect fEffectScale="1" particleeffect_ParticleEffect="Characters.Aliens.Nightmare.KineticBlast.Kinetic_Explosion"/>
    <HomingPsiBlast fAcceleration="5" cameraShake_CameraShake="3149325216979739536" fDetonationRadius="1.25" fExplosionImpulse="300" fMaxBlastRadius="3" fMaxSpeed="7" fMinTimeToGiveUp="5" fTurnSpeed="25" bUsePredictiveHoming="1">
     <HomingProjectileEffect fEffectScale="1" particleeffect_ParticleEffect="Characters.Aliens.Nightmare.KineticBlast.Kintetic_Projectile"/>
    </HomingPsiBlast>
    <TrailEffect fEffectScale="1" particleeffect_ParticleEffect="Characters.Aliens.Nightmare.KineticBlast.KineticTrail"/>
   </Projectile>
   <AdditionalArchetypeProperties PrototypeMaterial=""/>
  </Properties>
  <ObjectVars OutdoorOnly="0" CastShadow="1" CastShadowMinspec="1" DynamicDistanceShadows="0" ShadowCasterType="0" CastSunShadowMinSpec="8" LodRatio="100" ViewDistRatio="100" CastShadowViewDistRatio="0" HiddenInGame="0" GlobalInSegmentedWorld="0" RecvWind="0" RenderNearest="0" NoStaticDecals="0" CreatedThroughPool="0" SceneIndex="0" HiddenInProbes="0"/>
 </EntityPrototype>
 <EntityPrototype Name="Charges.Recycler_TestChamber" Id="{60A13170-FE9A-40D4-8682-25D3CBDF782B}" Library="ArkProjectiles" Class="ArkProjectileRecyclerGrenade" Description="" ArchetypeId="3149325216973956419">
  <Properties bCanTriggerAreas="1" signalGroup_Damage="3149325216937655803" textDescription="@i_weaponrecyclegrenadedesc" textDisplayName="@i_weaponrecyclegrenade" signalGroup_EMP="2524450536722832464" object_GeometryFP="Objects/weapons/RecyclerGrenade/3P/recyclergrenade3p_01.cgf" fHealth="10" signalmodifier_InboundModifier="3149325216965814264" bUsable="1">
   <Disrupt disruptionProfile_Profile="10739735956140212131" audioTrigger_SparkSFX="" particleeffect_SparkVFX="PlayerWeapons.Grenade.Generic.EMPDisrupt_00"/>
   <Physics signalpackage_collisionDamagePackage="3149325216948552760" fDamping="0.85" Density="-1" Mass="3" bPhysicalize="1" bPushableByAI="0" bPushableByPlayers="0" bRigidBody="1" bRigidBodyActive="1" Speed="20" sType="rigid">
    <vGravity x="0" y="0" z="0"/>
   </Physics>
   <Projectile bCollideWithEtherForm="1" signalpackage_CriticalSignalPackageId="10641886185835675803" fDestroyDelay="2" bDestroyOnCollision="0" hitType="ArkProjectileRecyclerGrenade" fLifetime="1.5" bOverrideGravity="0" signalpackage_SignalPackageId="10641886185818137195" metaTags_SneakAttackTargetTags="9469288860498988665,9469288860498988629,9469288860517748071" fTimeBeforeOwnerCollides="0.2">
    <Grenade particleeffect_ArmedEnemyEffect="PlayerWeapons.Grenade.Generic.LightingArmed_00" particleeffect_ArmedFriendlyEffect="PlayerWeapons.Grenade.Generic.LightingFriendlyArmed_00" fArmingDuration="2" cameraShake_CameraShake="10739735956147043737" particleeffect_DetonateEffect="PlayerWeapons.Grenade.Generic.LightingDetonation_00" fExplosionImpulse="0" fExplosionRadius="6" fHitNPCTime="0.25" bImpendingDanger="1" textPromptEquipMessage="@use_equip" textPromptUseMessage="@use_pickup" fProximityRadius="5" fProximitySpeed="0.5" fProximityTime="0.25" bShouldCheckLOS="1">
     <Noise gameNoiseLoudness_loudness="9469288860501649195" gameNoiseType_type="9469288860501649125"/>
    </Grenade>
    <RecyclerGrenade particleeffect_EntityGravityEffect="PlayerWeapons.Grenade.Recycler.RefractionPull_01" particleeffect_EntityGravityEffect_Cheap="PlayerWeapons.Grenade.Recycler.RefractionPull_01" particleeffect_FlashEffect="PlayerWeapons.Grenade.Recycler.Recycler_Flash_00" particleeffect_FlashEffect_Cheap="PlayerWeapons.Grenade.Recycler.Recycler_Flash_00" fGravitationalPull="-13" fGravitationalPullPlayer="-26" fGravitationalPullRadius="2" bHideCenterObjects="1" nMaxIngredientsPerType="6" nMaxTotalIngredients="12" nMaxTotalScraps="500" sOverrideRecycleClasses="OverrideRecycleClasses" fPercentScrapPool="0.42" particleeffect_PopEffect="PlayerWeapons.Grenade.Recycler.Recycler_Bulge_00" particleeffect_PopEffect_Cheap="PlayerWeapons.Grenade.Recycler.Recycler_Bulge_00" particleeffect_PullEffect="PlayerWeapons.Grenade.Recycler.Recycler_Pinch_00" particleeffect_PullEffect_Cheap="PlayerWeapons.Grenade.Recycler.Recycler_Pinch_00" fPullTime="1.5" fRaiseGravityZ="0" signalpackage_RecycleKillPackageId="10641886185795235880" signalpackage_RecyclePackageId="10641886185795235880" fRecyclingImpulse="0" fRecyclingKillRadius="1" fRecyclingRadius="2" fRecyclingTime="0.65" fSprayImpulseDegree="90" fVibrateTime="0.35" fVibrationAmount="250" fVibrationRadius="1.75">
     <PercentRecycleRange max="0.79" min="0.75"/>
     <SprayImpulseRange max="12" min="8"/>
     <SprayImpulseZeroGRange max="1.2" min="0.8"/>
    </RecyclerGrenade>
   </Projectile>
   <RecycleData exotic="0" mineral="0" organic="0" synthetic="0"/>
   <AdditionalArchetypeProperties PrototypeMaterial=""/>
  </Properties>
  <ObjectVars OutdoorOnly="0" CastShadow="1" CastShadowMinspec="1" DynamicDistanceShadows="0" ShadowCasterType="0" CastSunShadowMinSpec="8" LodRatio="100" ViewDistRatio="100" CastShadowViewDistRatio="0" HiddenInGame="0" GlobalInSegmentedWorld="0" RecvWind="0" RenderNearest="0" NoStaticDecals="0" CreatedThroughPool="0" SceneIndex="0" HiddenInProbes="0"/>
 </EntityPrototype>
 <EntityPrototype Name="AlienPowers.TechnopathElectricalHazard_1g" Id="{3E712B12-0F35-4675-BC1F-D12DCFD4C9F8}" Library="ArkProjectiles" Class="ArkTechnopathEMPHazard" Description="" ArchetypeId="8109010857483873129">
  <Properties metaTags_ArkMetaTags="17591291352642463355" textCorpseName="" signalGroup_Damage="3149325216954334583" vector_ElectricalArcOffset="0,0,0" vector_ElectricalArcOffset2="0,0,0" vector_ElectricalArcOffset3="0,0,0" nElectricArcs="4" nGooBreakWarningTime="1000" material_GooDecal="Materials/ArkEffects/Weapons/Gloogun/Gloogun_Decal_Hard_00" vector_GooDecalOffset="-0.85,0,0.5" fGooDecalSize="1.35" fGooDrainRate="0.25" signal_GooSignal="" nGooSparkWarningTime="3000" signalpackage_Hazard="17591291352644797374" fHazardRadius="5" fHealth="100" fInstigationDecayTime="5" bInteractIgnoresGloo="1" lifeTime="4" archetype_LightningArc="ArkGameplayObjects.LightningArc.LightningArc_TechnopathAttack" fMaxGooAccumulation="8" nMaxTargets="20" object_Model="" object_ModelBroken="" fPlayerZeroGImpulseScale="10" signalmodifier_SignalModifier="5310807215636213104" nSparkInterval="1250" nSparkVariation="1000">
   <Disrupt disruptionProfile_Profile="3149325216974041255" audioTrigger_SparkSFX="Play_Env_EMP_Sparks" particleeffect_SparkVFX="Characters.Aliens.Technopath.ElectricAttack.ElectricCore"/>
   <Effects material_electricalArc="Materials/ArkEffects/Environment/Lightning/ArcLightning_00" particleeffect_FlashVFX="Characters.Aliens.Technopath.ElectricAttack.ElectricAttackSpark" particleeffect_IdleVFX="Characters.Aliens.Technopath.ElectricAttack.ElectricCore" particleeffect_WarningVFX=""/>
   <Fortify bFortifiable="0" archetype_FortifyItem="" ability_FortifyRequirement="" textFortifyVerb="" nHoldToUseDuration="1000" nSparePartsRequired="0"/>
   <Physics Density="-1" Mass="-1" bPhysicalize="1" bPushableByAI="0" bPushableByPlayers="0" bResting="1" bRigidBody="0" bRigidBodyActive="1">
    <CollisionFiltering>
     <collisionIgnore bT_collision_class_articulated="0" bT_collision_class_living="0" bT_collision_class_particle="0" bT_collision_class_soft="0" bT_collision_class_terrain="0" bT_collision_class_wheeled="0" bT_gcc_ai="0" bT_gcc_breakable="0" bT_gcc_coral="0" bT_gcc_goo="0" bT_gcc_permeable="0" bT_gcc_permeable_to_AOE="0" bT_gcc_player_body="0" bT_gcc_player_capsule="0" bT_gcc_projectile="0" bT_gcc_ragdoll="0" bT_gcc_rigid="0" bT_gcc_smokeform="0" bT_gcc_transparent="0" bT_gcc_unclimbable="0" bT_gcc_vehicle="0"/>
     <collisionType bT_collision_class_articulated="0" bT_collision_class_living="0" bT_collision_class_particle="0" bT_collision_class_soft="0" bT_collision_class_terrain="0" bT_collision_class_wheeled="0" bT_gcc_ai="0" bT_gcc_breakable="0" bT_gcc_coral="0" bT_gcc_goo="0" bT_gcc_permeable="0" bT_gcc_permeable_to_AOE="0" bT_gcc_player_body="0" bT_gcc_player_capsule="0" bT_gcc_projectile="0" bT_gcc_ragdoll="0" bT_gcc_rigid="0" bT_gcc_smokeform="0" bT_gcc_transparent="0" bT_gcc_unclimbable="0" bT_gcc_vehicle="0"/>
    </CollisionFiltering>
   </Physics>
   <Repair textDisplayName="" textDisplayNameBroken="" nHoldToUseDuration="5000" textPromptItemRequired="@i_spareparts" bRepairable="0" fRepairIconRange="0" archetype_RepairItem="ArkPickups.Misc.SpareParts" ability_RepairRequirement="" nSparePartsRequired="5"/>
   <Silhouette fAlpha="0.25" color_RGB="1,1,1"/>
   <Sound audioTrigger_HazardLoop="" audioTrigger_IntactLoop="" audioTrigger_PowerOff="" audioTrigger_RepairLoop="" audioTrigger_RepairStop="" audioTrigger_WarningLoop="" audioTrigger_WarningStop="" audioTrigger_Zap=""/>
   <AdditionalArchetypeProperties PrototypeMaterial=""/>
  </Properties>
  <ObjectVars OutdoorOnly="0" CastShadow="1" CastShadowMinspec="1" DynamicDistanceShadows="0" ShadowCasterType="0" CastSunShadowMinSpec="8" LodRatio="100" ViewDistRatio="100" CastShadowViewDistRatio="0" HiddenInGame="0" GlobalInSegmentedWorld="0" RecvWind="0" RenderNearest="0" NoStaticDecals="0" CreatedThroughPool="0" SceneIndex="0" HiddenInProbes="0"/>
 </EntityPrototype>
 <EntityPrototype Name="AlienPowers.PhantomProjectile_EMP" Id="{F62F4545-D067-428B-9A16-4834D949FF5F}" Library="ArkProjectiles" Class="ArkProjectileHomingPsiBlast" Description="" ArchetypeId="9469288860541648003">
  <Properties>
   <Physics signalpackage_collisionDamagePackage="3149325216948552760" Density="-1" Mass="1" bPhysicalize="1" bPushableByAI="0" bPushableByPlayers="0" bRigidBody="1" bRigidBodyActive="1" Speed="5" sType="particle">
    <Particle fSize="0.25"/>
    <vGravity x="0" y="0" z="0"/>
   </Physics>
   <Projectile bAlignWithVelocity="1" bCollideWithEtherForm="0" signalpackage_CriticalSignalPackageId="10641886185795227267" fDestroyDelay="0.5" bDestroyOnCollision="1" hitType="ArkPhantomKineticProjectile" fLifetime="5" signalpackage_SignalPackageId="10641886185795227267" metaTags_SneakAttackTargetTags="9469288860498988665,9469288860498988629,9469288860517748071" fTimeBeforeOwnerCollides="0.2">
    <ExplosionEffect fEffectScale="1" particleeffect_ParticleEffect="Characters.Aliens.Phantom.Voltaic.ElectricBlast.ElectricExplosion"/>
    <HomingPsiBlast fAcceleration="20" cameraShake_CameraShake="10739735956147043737" fDetonationRadius="0.75" fExplosionImpulse="500" fMaxBlastRadius="1.25" fMaxSpeed="20" fMinTimeToGiveUp="0.5" fTurnSpeed="25" bUsePredictiveHoming="1">
     <HomingProjectileEffect fEffectScale="1" particleeffect_ParticleEffect="Characters.Aliens.Phantom.Voltaic.ElectricBall.ElectricBall_00"/>
    </HomingPsiBlast>
    <TrailEffect fEffectScale="1" particleeffect_ParticleEffect="Characters.Aliens.Phantom.Kinetic.KineticProjectile.Revision01.Trail_01"/>
   </Projectile>
   <AdditionalArchetypeProperties PrototypeMaterial=""/>
  </Properties>
  <ObjectVars OutdoorOnly="0" CastShadow="1" CastShadowMinspec="1" DynamicDistanceShadows="0" ShadowCasterType="0" CastSunShadowMinSpec="8" LodRatio="100" ViewDistRatio="100" CastShadowViewDistRatio="0" HiddenInGame="0" GlobalInSegmentedWorld="0" RecvWind="0" RenderNearest="0" NoStaticDecals="0" CreatedThroughPool="0" SceneIndex="0" HiddenInProbes="0"/>
 </EntityPrototype>
 <EntityPrototype Name="AlienPowers.TechnopathElectricalHazard_0g" Id="{6C329F56-BC3F-423D-8097-48BA3DD22E95}" Library="ArkProjectiles" Class="ArkTechnopathEMPHazard" Description="" ArchetypeId="9469288860547117729">
  <Properties metaTags_ArkMetaTags="17591291352642463355" textCorpseName="" signalGroup_Damage="3149325216954334583" vector_ElectricalArcOffset="0,0,0" vector_ElectricalArcOffset2="0,0,0" vector_ElectricalArcOffset3="0,0,0" nElectricArcs="1" nGooBreakWarningTime="1000" material_GooDecal="Materials/ArkEffects/Weapons/Gloogun/Gloogun_Decal_Hard_00" vector_GooDecalOffset="-0.85,0,0.5" fGooDecalSize="1.35" fGooDrainRate="0.25" signal_GooSignal="" nGooSparkWarningTime="3000" signalpackage_Hazard="9469288860547118288" fHazardRadius="5" fHealth="100" fInstigationDecayTime="5" bInteractIgnoresGloo="1" lifeTime="2" archetype_LightningArc="ArkGameplayObjects.LightningArc.LightningArc_TechnopathAttack" fMaxGooAccumulation="8" nMaxTargets="20" object_Model="" object_ModelBroken="" fPlayerZeroGImpulseScale="10" signalmodifier_SignalModifier="5310807215636213104" nSparkInterval="10000" nSparkVariation="0">
   <Disrupt disruptionProfile_Profile="3149325216974041255" audioTrigger_SparkSFX="Play_Env_EMP_Sparks" particleeffect_SparkVFX="Characters.Aliens.Technopath.ElectricAttack.ElectricCore"/>
   <Effects material_electricalArc="Materials/ArkEffects/Environment/Lightning/ArcLightning_00" particleeffect_FlashVFX="Characters.Aliens.Technopath.ElectricAttack.ElectricAttackSpark" particleeffect_IdleVFX="Characters.Aliens.Technopath.ElectricAttack.ElectricCore" particleeffect_WarningVFX=""/>
   <Fortify bFortifiable="0" archetype_FortifyItem="" ability_FortifyRequirement="" textFortifyVerb="" nHoldToUseDuration="1000" nSparePartsRequired="0"/>
   <Physics Density="-1" Mass="-1" bPhysicalize="1" bPushableByAI="0" bPushableByPlayers="0" bResting="1" bRigidBody="0" bRigidBodyActive="1">
    <CollisionFiltering>
     <collisionIgnore bT_collision_class_articulated="0" bT_collision_class_living="0" bT_collision_class_particle="0" bT_collision_class_soft="0" bT_collision_class_terrain="0" bT_collision_class_wheeled="0" bT_gcc_ai="0" bT_gcc_breakable="0" bT_gcc_coral="0" bT_gcc_goo="0" bT_gcc_permeable="0" bT_gcc_permeable_to_AOE="0" bT_gcc_player_body="0" bT_gcc_player_capsule="0" bT_gcc_projectile="0" bT_gcc_ragdoll="0" bT_gcc_rigid="0" bT_gcc_smokeform="0" bT_gcc_transparent="0" bT_gcc_unclimbable="0" bT_gcc_vehicle="0"/>
     <collisionType bT_collision_class_articulated="0" bT_collision_class_living="0" bT_collision_class_particle="0" bT_collision_class_soft="0" bT_collision_class_terrain="0" bT_collision_class_wheeled="0" bT_gcc_ai="0" bT_gcc_breakable="0" bT_gcc_coral="0" bT_gcc_goo="0" bT_gcc_permeable="0" bT_gcc_permeable_to_AOE="0" bT_gcc_player_body="0" bT_gcc_player_capsule="0" bT_gcc_projectile="0" bT_gcc_ragdoll="0" bT_gcc_rigid="0" bT_gcc_smokeform="0" bT_gcc_transparent="0" bT_gcc_unclimbable="0" bT_gcc_vehicle="0"/>
    </CollisionFiltering>
   </Physics>
   <Repair textDisplayName="" textDisplayNameBroken="" nHoldToUseDuration="5000" textPromptItemRequired="@i_spareparts" bRepairable="0" fRepairIconRange="0" archetype_RepairItem="ArkPickups.Misc.SpareParts" ability_RepairRequirement="" nSparePartsRequired="5"/>
   <Silhouette fAlpha="0.25" color_RGB="1,1,1"/>
   <Sound audioTrigger_HazardLoop="" audioTrigger_IntactLoop="" audioTrigger_PowerOff="" audioTrigger_RepairLoop="" audioTrigger_RepairStop="" audioTrigger_WarningLoop="" audioTrigger_WarningStop="" audioTrigger_Zap=""/>
   <AdditionalArchetypeProperties PrototypeMaterial=""/>
  </Properties>
  <ObjectVars OutdoorOnly="0" CastShadow="1" CastShadowMinspec="1" DynamicDistanceShadows="0" ShadowCasterType="0" CastSunShadowMinSpec="8" LodRatio="100" ViewDistRatio="100" CastShadowViewDistRatio="0" HiddenInGame="0" GlobalInSegmentedWorld="0" RecvWind="0" RenderNearest="0" NoStaticDecals="0" CreatedThroughPool="0" SceneIndex="0" HiddenInProbes="0"/>
 </EntityPrototype>
 <EntityPrototype Name="Bullets.PistolRound_Dahl" Id="{495F5F8A-7B99-48B1-ABA8-3DDAE0DA9423}" Library="ArkProjectiles" Class="ArkProjectilePistolBullet" Description="" ArchetypeId="3149325216984504760">
  <Properties object_GeometryFP="Objects/Arkeffects/Characters/Robots/Turret/arkturret_tracermesh.cgf">
   <Physics signalpackage_collisionDamagePackage="3149325216948552760" Density="-1" Mass="0.25" bPhysicalize="1" bPushableByAI="0" bPushableByPlayers="0" bRigidBody="1" bRigidBodyActive="0" Speed="150" sType="particle">
    <Particle fSize="0.01">
     <vGravity x="0" y="0" z="0"/>
    </Particle>
   </Physics>
   <Projectile bAlignWithVelocity="1" bCollideWithEtherForm="1" signalpackage_CriticalSignalPackageId="3149325216984504655" bDestroyOnCollision="1" fHideTime="0" hitType="ArkProjectilePistolBullet" fLifetime="1" signalpackage_SignalPackageId="3149325216984504655" metaTags_SneakAttackTargetTags="9469288860498988665,9469288860498988629,9469288860517748071" fTimeBeforeOwnerCollides="0.2">
    <Tracer object_GeometryFP="objects/arkeffects/weapons/generic/arkbullet_gentracermesh.cgf" fLifetime="0.84" Speed="125"/>
   </Projectile>
   <AdditionalArchetypeProperties PrototypeMaterial=""/>
  </Properties>
  <ObjectVars OutdoorOnly="0" CastShadow="1" CastShadowMinspec="1" DynamicDistanceShadows="0" ShadowCasterType="0" CastSunShadowMinSpec="8" LodRatio="100" ViewDistRatio="100" CastShadowViewDistRatio="0" HiddenInGame="0" GlobalInSegmentedWorld="0" RecvWind="0" RenderNearest="0" NoStaticDecals="0" CreatedThroughPool="0" SceneIndex="0" HiddenInProbes="0"/>
 </EntityPrototype>
 <EntityPrototype Name="Bullets.Scripted_WindowBreak" Id="{3FF7F96E-1558-4AAD-B412-D456063E3CDF}" Library="ArkProjectiles" Class="ArkProjectileTurretBullet" Description="" ArchetypeId="3149325216986734018">
  <Properties object_GeometryFP="objects/environment/props/universal/box_cardboard_set_a/box_cardboard_set_a_100x50x100.cgf">
   <Physics signalpackage_collisionDamagePackage="3149325216948552760" Density="-1" Mass="0.25" bPhysicalize="1" bPushableByAI="0" bPushableByPlayers="0" bRigidBody="1" bRigidBodyActive="1" Speed="50" sType="rigid">
    <Particle fSize="0.5">
     <vGravity x="0" y="0" z="0"/>
    </Particle>
   </Physics>
   <Projectile bAlignWithVelocity="1" bCollideWithEtherForm="0" signalpackage_CriticalSignalPackageId="" bDestroyOnCollision="1" fHideTime="0.01" hitType="ArkProjectileTurretBullet" fLifetime="0.2" signalpackage_SignalPackageId="10641886185795225404" metaTags_SneakAttackTargetTags="9469288860498988665,9469288860498988629,9469288860517748071" fTimeBeforeOwnerCollides="0"/>
   <AdditionalArchetypeProperties PrototypeMaterial=""/>
  </Properties>
  <ObjectVars OutdoorOnly="0" CastShadow="1" CastShadowMinspec="1" DynamicDistanceShadows="0" ShadowCasterType="0" CastSunShadowMinSpec="8" LodRatio="100" ViewDistRatio="100" CastShadowViewDistRatio="0" HiddenInGame="0" GlobalInSegmentedWorld="0" RecvWind="0" RenderNearest="0" NoStaticDecals="0" CreatedThroughPool="0" SceneIndex="0" HiddenInProbes="0"/>
 </EntityPrototype>
 <EntityPrototype Name="Charges.RecyclerTrap" Id="{6486D866-79A3-4310-ABC7-DF75E726A1B9}" Library="ArkProjectiles" Class="ArkProjectileRecyclerGrenade" Description="" ArchetypeId="3149325216989684629">
  <Properties bCanTriggerAreas="1" signalGroup_Damage="3149325216937655803" textDescription="@i_weaponrecyclegrenadedesc" textDisplayName="@i_weaponrecyclegrenade" signalGroup_EMP="2524450536722832464" object_GeometryFP="Objects/weapons/RecyclerGrenade/3P/recyclergrenade3p_01.cgf" fHealth="10" signalmodifier_InboundModifier="3149325216965814264" bUsable="1">
   <Disrupt disruptionProfile_Profile="10739735956140212131" audioTrigger_SparkSFX="" particleeffect_SparkVFX="PlayerWeapons.Grenade.Recycler.Recycler_EmpDisrupt_00"/>
   <Physics signalpackage_collisionDamagePackage="3149325216948552760" fDamping="0.85" Density="-1" Mass="3" bPhysicalize="1" bPushableByAI="0" bPushableByPlayers="0" bRigidBody="1" bRigidBodyActive="1" Speed="20" sType="rigid">
    <vGravity x="0" y="0" z="0"/>
   </Physics>
   <Projectile bCollideWithEtherForm="1" signalpackage_CriticalSignalPackageId="10641886185818137195" fDestroyDelay="2" bDestroyOnCollision="0" hitType="ArkProjectileRecyclerGrenade" fLifetime="1.5" bOverrideGravity="0" signalpackage_SignalPackageId="10641886185818137195" metaTags_SneakAttackTargetTags="9469288860498988665,9469288860498988629,9469288860517748071" fTimeBeforeOwnerCollides="0.2">
    <Grenade particleeffect_ArmedEnemyEffect="PlayerWeapons.Grenade.Generic.LightingArmed_00" particleeffect_ArmedFriendlyEffect="PlayerWeapons.Grenade.Generic.LightingFriendlyArmed_00" fArmingDuration="2" cameraShake_CameraShake="3149325216979739536" particleeffect_DetonateEffect="PlayerWeapons.Grenade.Generic.LightingDetonation_00" fExplosionImpulse="0" fExplosionRadius="4.5" fHitNPCTime="0.25" bImpendingDanger="1" textPromptEquipMessage="@use_equip" textPromptUseMessage="@use_pickup" fProximityRadius="4" fProximitySpeed="0.5" fProximityTime="0.25" bShouldCheckLOS="1">
     <Noise gameNoiseLoudness_loudness="10850392949532183296" gameNoiseType_type="9469288860501649125"/>
    </Grenade>
    <RecyclerGrenade particleeffect_EntityGravityEffect="PlayerWeapons.Grenade.Recycler.RefractionPull_01" particleeffect_EntityGravityEffect_Cheap="PlayerWeapons.Grenade.Recycler.RefractionPull_LowRes_01" particleeffect_FlashEffect="PlayerWeapons.Grenade.Recycler.Recycler_Flash_00" particleeffect_FlashEffect_Cheap="PlayerWeapons.Grenade.Recycler.Recycler_Flash_LowRes_00" fGravitationalPull="-13" fGravitationalPullPlayer="-26" fGravitationalPullRadius="5.5" bHideCenterObjects="1" nMaxIngredientsPerType="6" nMaxTotalIngredients="12" nMaxTotalScraps="500" sOverrideRecycleClasses="OverrideRecycleClasses" fPercentScrapPool="0.42" particleeffect_PopEffect="PlayerWeapons.Grenade.Recycler.Recycler_Bulge_00" particleeffect_PopEffect_Cheap="PlayerWeapons.Grenade.Recycler.Recycler_Bulge_LowRes_00" particleeffect_PullEffect="PlayerWeapons.Grenade.Recycler.Recycler_Pinch_00" particleeffect_PullEffect_Cheap="PlayerWeapons.Grenade.Recycler.Recycler_Pinch_LowRes_00" fPullTime="1.5" fRaiseGravityZ="0" signalpackage_RecycleKillPackageId="3149325216989684663" signalpackage_RecyclePackageId="3149325216989684663" fRecyclingImpulse="0" fRecyclingKillRadius="1" fRecyclingRadius="4.5" fRecyclingTime="0.65" fSprayImpulseDegree="10" fVibrateTime="0.35" fVibrationAmount="250" fVibrationRadius="1.75">
     <PercentRecycleRange max="0.79" min="0.75"/>
     <SprayImpulseRange max="12" min="8"/>
     <SprayImpulseZeroGRange max="0.1" min="0.01"/>
    </RecyclerGrenade>
   </Projectile>
   <RecycleData exotic="0" mineral="0" organic="0" synthetic="0"/>
   <AdditionalArchetypeProperties PrototypeMaterial=""/>
  </Properties>
  <ObjectVars OutdoorOnly="0" CastShadow="1" CastShadowMinspec="1" DynamicDistanceShadows="0" ShadowCasterType="0" CastSunShadowMinSpec="8" LodRatio="100" ViewDistRatio="100" CastShadowViewDistRatio="0" HiddenInGame="0" GlobalInSegmentedWorld="0" RecvWind="0" RenderNearest="0" NoStaticDecals="0" CreatedThroughPool="0" SceneIndex="0" HiddenInProbes="0"/>
 </EntityPrototype>
</EntityPrototypeLibrary>