
<EntityPrototypeLibrary Name="ArkSpecialWeapons">
 <EntityPrototype Name="DoubleWrench" Id="{49E81E6E-DD61-479E-981D-9F237CAF47BF}" Library="ArkSpecialWeapons" Class="ArkWeaponDoubleWrench" Description="" ArchetypeId="1113">
  <Properties metaTags_ArkMetaTags="" bAvailableForRandom="1" bCanBeFavorited="1" bCanTriggerAreas="1" bConsumable="0" textDescription="@i_weapondoublewrenchDesc" bDisallowGrenades="1" iDismantleCount="0" textDisplayName="@i_weapondoublewrench" DmgFactorWhenCollidingAI="0" fDropDistance="2" fDropHeightOffset="0" bDroppable="1" fDropRotationMax="15" fDropRotationMin="1" bEquippable="1" object_GeometryFP="Objects/weapons/Wrench/1P/Wrench1P.cdf" object_GeometryTP="objects/weapons/wrench/3p/wrench3p_01.cgf" glintconfig_GlintConfig="16934642289625103724" bGooCannotAttachInGravity="1" sHUDIcon="ui_icon_inv_wrench" bImportant="0" bIsMimicable="1" bIsPlotCritical="0" bIsRandom="0" bIsTrash="0" fLerpSpeed="18" material_MaterialFP="objects/weapons/wrench/1p/wrench1p_01.mtl" material_MaterialTP="objects/weapons/wrench/3p/Wrench3P_01" gameMetric_MetricPickedUp="" sStylizedIcon="" bSurvivalMode="0" sType="" bUniqueRandom="0" bUsable="0">
   <Inventory bAddToInventory="1" iHeight="1" sIcon="ui_icon_inv_wrench" ei_ItemCategory="0" iWidth="2"/>
   <Physics Density="-1" Mass="100" bPhysicalize="1" bPushableByAI="1" bPushableByPlayers="1" bResting="1" bRigidBody="1">
    <CollisionFiltering>
     <collisionIgnore bT_collision_class_articulated="0" bT_collision_class_living="0" bT_collision_class_particle="0" bT_collision_class_soft="0" bT_collision_class_terrain="0" bT_collision_class_wheeled="0" bT_gcc_ai="0" bT_gcc_breakable="0" bT_gcc_coral="0" bT_gcc_goo="0" bT_gcc_permeable="0" bT_gcc_permeable_to_AOE="0" bT_gcc_player_body="0" bT_gcc_player_capsule="0" bT_gcc_projectile="0" bT_gcc_ragdoll="0" bT_gcc_rigid="0" bT_gcc_smokeform="0" bT_gcc_transparent="0" bT_gcc_unclimbable="0" bT_gcc_vehicle="0"/>
     <collisionType bT_collision_class_articulated="0" bT_collision_class_living="0" bT_collision_class_particle="0" bT_collision_class_soft="0" bT_collision_class_terrain="0" bT_collision_class_wheeled="0" bT_gcc_ai="0" bT_gcc_breakable="0" bT_gcc_coral="0" bT_gcc_goo="0" bT_gcc_permeable="0" bT_gcc_permeable_to_AOE="1" bT_gcc_player_body="0" bT_gcc_player_capsule="0" bT_gcc_projectile="0" bT_gcc_ragdoll="0" bT_gcc_rigid="0" bT_gcc_smokeform="0" bT_gcc_transparent="0" bT_gcc_unclimbable="0" bT_gcc_vehicle="0"/>
    </CollisionFiltering>
   </Physics>
   <RecycleData exotic="0" mineral="0" organic="0" synthetic="0"/>
   <Silhouette fAlpha="0.25" color_RGB="1,1,1"/>
   <Sound audioTrigger_InventorySFX="Play_Pickup_Wrench" audioTrigger_PickupSFX="Play_Pickup_Wrench"/>
   <Stacks iCount="1" iDropIncrement="1" iFabricationCount="0" iMaxCount="1" bRandomizeCount="0" iRandomMax="10" iRandomMin="1" bStackable="0"/>
   <Weapon bAffectedByDisruption="0" fAimAssistRangeMax="6" sAnimTag="dualwrench" sAttachmentName="weapon" bAutoloadAmmo="1" fBaseAmmoCost="0" sBrokenIcon="ui_icon_inv_wrench_broken" fCameraSpeedMultiplier="1" nClipSize="1" fCombatFocusAmount="0.02" fIdleBreakDelayTime="12" fIronsightsMaxAngularVelocity="200" fIronsightsSuccessDistance="0.125" fIronsightsTargetDistance="2" fIronsightsTargetSpeed="8" fIronsightsTargetWidth="0.3" nNumAmmoReloaded="1" fRateOfAttack="2" metaTags_SneakAttackTargetTags="9469288860498988665,9469288860498988629,9469288860517748071" fWalkSpeedMultiplier="1" fZoomedCameraSpeedMultiplier="0.75" fZoomedHFOV="40" fZoomedWalkSpeedMultiplier="1" fZoomTime="0.36">
    <Light vector_BrokenLightColor="1,0,0" vector_DamagedLightColor="1,1,0" vector_DefaultLightColor="1,1,1" archetype_LightArchetype="" sLightAttachmentName=""/>
   </Weapon>
   <Wrench ability_ChainRequirement="3149325216929347318" signalPackage_ChargedCriticalPackageId="3149325216940338584" signalpackage_ChargedPackageId="10641886185795235646" signalPackage_CriticalPackageId="3149325216940338584" damage="10" force="3" hitOffset="0.7" hitType="ArkMeleeWrenchStrike" maxForceMassScale="50" radius="0.3" range="2.75" rayRange="2" signalpackage_SignalPackageId="10641886185795227017" speedRangeFactor="0.5" speedRangeMax="2.5"/>
   <AdditionalArchetypeProperties PrototypeMaterial=""/>
  </Properties>
  <ObjectVars OutdoorOnly="0" CastShadow="1" CastShadowMinspec="1" DynamicDistanceShadows="0" ShadowCasterType="0" CastSunShadowMinSpec="8" LodRatio="100" ViewDistRatio="255" CastShadowViewDistRatio="0" HiddenInGame="0" GlobalInSegmentedWorld="0" RecvWind="0" RenderNearest="0" NoStaticDecals="1" CreatedThroughPool="0" SceneIndex="0" HiddenInProbes="1"/>
 </EntityPrototype>
 <EntityPrototype Name="EMPGrenadeWeapon" Id="{225633A2-9DDE-40BC-A50A-D3A0ADA79F3C}" Library="ArkSpecialWeapons" Class="ArkWeaponEMPGrenade" Description="" ArchetypeId="1114">
  <Properties metaTags_ArkMetaTags="" bAvailableForRandom="1" bCanBeFavorited="0" bCanTriggerAreas="0" bConsumable="1" textDescription="" bDisallowGrenades="1" iDismantleCount="0" textDisplayName="@i_weaponEMPgrenade" fDropDistance="2" fDropHeightOffset="0" bDroppable="1" fDropRotationMax="15" fDropRotationMin="1" bEquippable="1" object_GeometryFP="Objects/weapons/EmpGrenade/1P/EmpGrenade1P.cdf" object_GeometryTP="Objects/weapons/EmpGrenade/3P/empgrenade3p_01.cgf" glintconfig_GlintConfig="16934642289625103724" bGooCannotAttachInGravity="0" sHUDIcon="ui_icon_inv_empgrenade" bImportant="0" bIsMimicable="1" bIsPlotCritical="0" bIsRandom="0" bIsTrash="0" fLerpSpeed="10" material_MaterialFP="" material_MaterialTP="" gameMetric_MetricPickedUp="" sStylizedIcon="ui_icon_inv_empgrenade_HUD" bSurvivalMode="0" sType="" bUniqueRandom="0" bUsable="0">
   <Description textFocusDescription="@ui_empFocusDesc"/>
   <Grenade fAttachDistance="0.08" sCancelHintString="@ui_Weapon_Cancel" sDeployHintString="@ui_NagPlaceCharge" fMaxHoldTime="1.5" fMaxSpeed="35" fMinSpeed="10" signalpackage_ProximityPlacedPackageId="2524450536727669218" fProximityRange="1.25"/>
   <Inventory bAddToInventory="1" iHeight="1" sIcon="" ei_ItemCategory="0" iWidth="1"/>
   <Physics Density="100" Mass="-1" bPhysicalize="1" bPushableByAI="1" bPushableByPlayers="1" bResting="1" bRigidBody="1">
    <CollisionFiltering>
     <collisionIgnore bT_collision_class_articulated="0" bT_collision_class_living="0" bT_collision_class_particle="0" bT_collision_class_soft="0" bT_collision_class_terrain="0" bT_collision_class_wheeled="0" bT_gcc_ai="0" bT_gcc_breakable="0" bT_gcc_coral="0" bT_gcc_goo="0" bT_gcc_permeable="0" bT_gcc_permeable_to_AOE="0" bT_gcc_player_body="0" bT_gcc_player_capsule="0" bT_gcc_projectile="0" bT_gcc_ragdoll="0" bT_gcc_rigid="0" bT_gcc_smokeform="0" bT_gcc_transparent="0" bT_gcc_unclimbable="0" bT_gcc_vehicle="0"/>
     <collisionType bT_collision_class_articulated="0" bT_collision_class_living="0" bT_collision_class_particle="0" bT_collision_class_soft="0" bT_collision_class_terrain="0" bT_collision_class_wheeled="0" bT_gcc_ai="0" bT_gcc_breakable="0" bT_gcc_coral="0" bT_gcc_goo="0" bT_gcc_permeable="0" bT_gcc_permeable_to_AOE="1" bT_gcc_player_body="0" bT_gcc_player_capsule="0" bT_gcc_projectile="0" bT_gcc_ragdoll="0" bT_gcc_rigid="0" bT_gcc_smokeform="0" bT_gcc_transparent="0" bT_gcc_unclimbable="0" bT_gcc_vehicle="0"/>
    </CollisionFiltering>
   </Physics>
   <RecycleData exotic="0" mineral="0" organic="0" synthetic="0"/>
   <Silhouette fAlpha="0.25" color_RGB="1,1,1"/>
   <Sound audioTrigger_InventorySFX="Play_Pickup_Grenade" audioTrigger_PickupSFX="Play_Pickup_Grenade"/>
   <Stacks iCount="1" iDropIncrement="1" iFabricationCount="0" iMaxCount="10" bRandomizeCount="0" iRandomMax="10" iRandomMin="1" bStackable="0"/>
   <Weapon bAffectedByDisruption="0" fAimAssistRangeMax="20" fAimRange="12" archetype_ammo="ArkProjectiles.Charges.EMP" sAmmoSpawnPointName="weapon" anim_Animation="Animations\Mannequin\ADB\ArkEmpWeapon.adb" sAnimTag="emp" sAttachmentName="weapon" bAutoloadAmmo="1" fBaseAmmoCost="1" fCameraSpeedMultiplier="1" nClipSize="1" fCriticalShotChance="0" tutorial_firstTimePickup="15373294129889543761" fIdleBreakDelayTime="0" fIronsightsTargetDistance="5" fIronsightsTargetSpeed="5" fIronsightsTargetWidth="0.5" fLeverage0_ImpulseScale="0" fLeverage1_ImpulseScale="0" fLeverage2_ImpulseScale="0" fLeverage3_ImpulseScale="0" sLeverageImpulseScale1Name="Leverage I" sLeverageImpulseScale2Name="Leverage II" sLeverageImpulseScale3Name="Leverage III" sLeverageImpulseScaleBaseName="Leverage Base" nNumAmmoReloaded="1" fRateOfAttack="20" fReloadSpeed="1" fWalkSpeedMultiplier="1" tutorial_weaponCard="15373294129889543761" fZoomedCameraSpeedMultiplier="0.75" fZoomedHFOV="70" fZoomedWalkSpeedMultiplier="1" fZoomTime="0.4">
    <Light vector_BrokenLightColor="13,29,40" vector_DamagedLightColor="13,29,40" vector_DefaultLightColor="13,29,40" archetype_LightArchetype="ArkLights.Weapon.GrenadeEMP_ArkLight" sLightAttachmentName="ArkLight_EMP"/>
   </Weapon>
   <AdditionalArchetypeProperties PrototypeMaterial=""/>
  </Properties>
  <ObjectVars OutdoorOnly="0" CastShadow="1" CastShadowMinspec="1" DynamicDistanceShadows="0" ShadowCasterType="0" CastSunShadowMinSpec="8" LodRatio="100" ViewDistRatio="100" CastShadowViewDistRatio="0" HiddenInGame="0" GlobalInSegmentedWorld="0" RecvWind="0" RenderNearest="0" NoStaticDecals="0" CreatedThroughPool="0" SceneIndex="0" HiddenInProbes="0"/>
 </EntityPrototype>
 <EntityPrototype Name="LureGrenadeWeapon" Id="{DBDB8FF2-3B0B-4C13-9DCD-2C361129A3AF}" Library="ArkSpecialWeapons" Class="ArkWeaponLureGrenade" Description="" ArchetypeId="1115">
  <Properties metaTags_ArkMetaTags="" bAvailableForRandom="1" bCanBeFavorited="0" bCanTriggerAreas="0" bConsumable="1" textDescription="" bDisallowGrenades="1" iDismantleCount="0" textDisplayName="@i_weaponluregrenade" fDropDistance="2" fDropHeightOffset="0" bDroppable="1" fDropRotationMax="15" fDropRotationMin="1" bEquippable="1" object_GeometryFP="Objects/weapons/AlienLure/1P/AlienLure1P.cdf" object_GeometryTP="Objects/weapons/AlienLure/3P/alienlure3p_01.cgf" glintconfig_GlintConfig="16934642289625103724" bGooCannotAttachInGravity="0" sHUDIcon="ui_icon_inv_luregrenade" bImportant="0" bIsMimicable="1" bIsPlotCritical="0" bIsRandom="0" bIsTrash="0" fLerpSpeed="10" material_MaterialFP="" material_MaterialTP="" gameMetric_MetricPickedUp="" sStylizedIcon="ui_icon_inv_luregrenade_HUD" bSurvivalMode="0" sType="" bUniqueRandom="0" bUsable="0">
   <Description textFocusDescription="@ui_lureFocusDesc"/>
   <Grenade fAttachDistance="0.07" sCancelHintString="@ui_Weapon_Cancel" sDeployHintString="@ui_NagPlaceCharge" fMaxHoldTime="1.5" fMaxSpeed="35" fMinSpeed="10" signalpackage_ProximityPlacedPackageId="2524450536727669218" fProximityRange="1.25"/>
   <Inventory bAddToInventory="1" iHeight="1" sIcon="" ei_ItemCategory="0" iWidth="1"/>
   <Physics Density="100" Mass="-1" bPhysicalize="1" bPushableByAI="1" bPushableByPlayers="1" bResting="1" bRigidBody="1">
    <CollisionFiltering>
     <collisionIgnore bT_collision_class_articulated="0" bT_collision_class_living="0" bT_collision_class_particle="0" bT_collision_class_soft="0" bT_collision_class_terrain="0" bT_collision_class_wheeled="0" bT_gcc_ai="0" bT_gcc_breakable="0" bT_gcc_coral="0" bT_gcc_goo="0" bT_gcc_permeable="0" bT_gcc_permeable_to_AOE="0" bT_gcc_player_body="0" bT_gcc_player_capsule="0" bT_gcc_projectile="0" bT_gcc_ragdoll="0" bT_gcc_rigid="0" bT_gcc_smokeform="0" bT_gcc_transparent="0" bT_gcc_unclimbable="0" bT_gcc_vehicle="0"/>
     <collisionType bT_collision_class_articulated="0" bT_collision_class_living="0" bT_collision_class_particle="0" bT_collision_class_soft="0" bT_collision_class_terrain="0" bT_collision_class_wheeled="0" bT_gcc_ai="0" bT_gcc_breakable="0" bT_gcc_coral="0" bT_gcc_goo="0" bT_gcc_permeable="0" bT_gcc_permeable_to_AOE="1" bT_gcc_player_body="0" bT_gcc_player_capsule="0" bT_gcc_projectile="0" bT_gcc_ragdoll="0" bT_gcc_rigid="0" bT_gcc_smokeform="0" bT_gcc_transparent="0" bT_gcc_unclimbable="0" bT_gcc_vehicle="0"/>
    </CollisionFiltering>
   </Physics>
   <RecycleData exotic="0" mineral="0" organic="0" synthetic="0"/>
   <Silhouette fAlpha="0.25" color_RGB="1,1,1"/>
   <Sound audioTrigger_InventorySFX="Play_Pickup_Grenade" audioTrigger_PickupSFX="Play_Pickup_Grenade"/>
   <Stacks iCount="1" iDropIncrement="1" iFabricationCount="0" iMaxCount="10" bRandomizeCount="0" iRandomMax="10" iRandomMin="1" bStackable="0"/>
   <Weapon fAimAssistRangeMax="20" fAimRange="12" archetype_ammo="ArkProjectiles.Charges.Lure" sAmmoSpawnPointName="weapon" anim_Animation="Animations\Mannequin\ADB\ArkLureWeapon.adb" sAnimTag="lure" sAttachmentName="weapon" bAutoloadAmmo="1" fBaseAmmoCost="1" fCameraSpeedMultiplier="1" nClipSize="1" fCriticalShotChance="0" tutorial_firstTimePickup="15373294129886683758" fIdleBreakDelayTime="0" fIronsightsTargetDistance="5" fIronsightsTargetSpeed="5" fIronsightsTargetWidth="0.5" fLeverage0_ImpulseScale="0" fLeverage1_ImpulseScale="0" fLeverage2_ImpulseScale="0" fLeverage3_ImpulseScale="0" sLeverageImpulseScale1Name="Leverage I" sLeverageImpulseScale2Name="Leverage II" sLeverageImpulseScale3Name="Leverage III" sLeverageImpulseScaleBaseName="Leverage Base" nNumAmmoReloaded="1" fRateOfAttack="20" fReloadSpeed="1" fWalkSpeedMultiplier="1" tutorial_weaponCard="15373294129886683758" fZoomedCameraSpeedMultiplier="0.75" fZoomedHFOV="70" fZoomedWalkSpeedMultiplier="1" fZoomTime="0.4">
    <Light vector_BrokenLightColor="13,29,40" vector_DamagedLightColor="13,29,40" vector_DefaultLightColor="13,29,40" archetype_LightArchetype="ArkLights.Weapon.GrenadeLure_ArkLight" sLightAttachmentName="ArkLight_Lure"/>
   </Weapon>
   <AdditionalArchetypeProperties PrototypeMaterial=""/>
  </Properties>
  <ObjectVars OutdoorOnly="0" CastShadow="1" CastShadowMinspec="1" DynamicDistanceShadows="0" ShadowCasterType="0" CastSunShadowMinSpec="8" LodRatio="100" ViewDistRatio="100" CastShadowViewDistRatio="0" HiddenInGame="0" GlobalInSegmentedWorld="0" RecvWind="0" RenderNearest="0" NoStaticDecals="0" CreatedThroughPool="0" SceneIndex="0" HiddenInProbes="0"/>
 </EntityPrototype>
 <EntityPrototype Name="NullwaveTransmitterWeapon" Id="{BD86882D-71FD-426D-BC97-ADF14A0F4B29}" Library="ArkSpecialWeapons" Class="ArkWeaponNullwaveTransmitter" Description="" ArchetypeId="1116">
  <Properties metaTags_ArkMetaTags="" bAvailableForRandom="1" bCanBeFavorited="0" bCanTriggerAreas="0" bConsumable="1" textDescription="" bDisallowGrenades="1" iDismantleCount="0" textDisplayName="@i_weaponnullwavetransmitter" fDropDistance="2" fDropHeightOffset="0" bDroppable="1" fDropRotationMax="15" fDropRotationMin="1" bEquippable="1" object_GeometryFP="Objects/weapons/Nullwave_Transmitter/1P/NullWave1P.cdf" object_GeometryTP="Objects/weapons/Nullwave_Transmitter/3P/nullwave3p_01.cgf" glintconfig_GlintConfig="16934642289625103724" bGooCannotAttachInGravity="0" sHUDIcon="ui_icon_inv_nullwave" bImportant="0" bIsMimicable="1" bIsPlotCritical="0" bIsRandom="0" bIsTrash="0" fLerpSpeed="10" material_MaterialFP="" material_MaterialTP="" gameMetric_MetricPickedUp="" sStylizedIcon="ui_icon_inv_nullwave_HUD" bSurvivalMode="0" sType="" bUniqueRandom="0" bUsable="0">
   <Description textFocusDescription="@ui_nullwaveFocusDesc"/>
   <Grenade fAttachDistance="0.07" sCancelHintString="@ui_Weapon_Cancel" sDeployHintString="@ui_NagPlaceCharge" fMaxHoldTime="1.5" fMaxSpeed="35" fMinSpeed="10" signalpackage_ProximityPlacedPackageId="2524450536727669218" fProximityRange="1.25"/>
   <Inventory bAddToInventory="1" iHeight="1" sIcon="" ei_ItemCategory="0" iWidth="1"/>
   <Physics Density="100" Mass="-1" bPhysicalize="1" bPushableByAI="1" bPushableByPlayers="1" bResting="1" bRigidBody="1">
    <CollisionFiltering>
     <collisionIgnore bT_collision_class_articulated="0" bT_collision_class_living="0" bT_collision_class_particle="0" bT_collision_class_soft="0" bT_collision_class_terrain="0" bT_collision_class_wheeled="0" bT_gcc_ai="0" bT_gcc_breakable="0" bT_gcc_coral="0" bT_gcc_goo="0" bT_gcc_permeable="0" bT_gcc_permeable_to_AOE="0" bT_gcc_player_body="0" bT_gcc_player_capsule="0" bT_gcc_projectile="0" bT_gcc_ragdoll="0" bT_gcc_rigid="0" bT_gcc_smokeform="0" bT_gcc_transparent="0" bT_gcc_unclimbable="0" bT_gcc_vehicle="0"/>
     <collisionType bT_collision_class_articulated="0" bT_collision_class_living="0" bT_collision_class_particle="0" bT_collision_class_soft="0" bT_collision_class_terrain="0" bT_collision_class_wheeled="0" bT_gcc_ai="0" bT_gcc_breakable="0" bT_gcc_coral="0" bT_gcc_goo="0" bT_gcc_permeable="0" bT_gcc_permeable_to_AOE="1" bT_gcc_player_body="0" bT_gcc_player_capsule="0" bT_gcc_projectile="0" bT_gcc_ragdoll="0" bT_gcc_rigid="0" bT_gcc_smokeform="0" bT_gcc_transparent="0" bT_gcc_unclimbable="0" bT_gcc_vehicle="0"/>
    </CollisionFiltering>
   </Physics>
   <RecycleData exotic="0" mineral="0" organic="0" synthetic="0"/>
   <Silhouette fAlpha="0.25" color_RGB="1,1,1"/>
   <Sound audioTrigger_InventorySFX="Play_Pickup_Grenade" audioTrigger_PickupSFX="Play_Pickup_Grenade"/>
   <Stacks iCount="1" iDropIncrement="1" iFabricationCount="0" iMaxCount="10" bRandomizeCount="0" iRandomMax="10" iRandomMin="1" bStackable="0"/>
   <Weapon bAffectedByDisruption="0" fAimAssistRangeMax="20" fAimRange="12" archetype_ammo="ArkProjectiles.Charges.Nullwave" sAmmoSpawnPointName="weapon" anim_Animation="Animations\Mannequin\ADB\ArkNullwaveWeapon.adb" sAnimTag="nullwave" sAttachmentName="weapon" bAutoloadAmmo="1" fBaseAmmoCost="1" fCameraSpeedMultiplier="1" nClipSize="1" fCriticalShotChance="0" tutorial_firstTimePickup="15373294129886683688" fIdleBreakDelayTime="0" fIronsightsTargetDistance="5" fIronsightsTargetSpeed="5" fIronsightsTargetWidth="0.5" fLeverage0_ImpulseScale="0" fLeverage1_ImpulseScale="0" fLeverage2_ImpulseScale="0" fLeverage3_ImpulseScale="0" sLeverageImpulseScale1Name="Leverage I" sLeverageImpulseScale2Name="Leverage II" sLeverageImpulseScale3Name="Leverage III" sLeverageImpulseScaleBaseName="Leverage Base" nNumAmmoReloaded="1" fRateOfAttack="20" fReloadSpeed="1" fWalkSpeedMultiplier="1" tutorial_weaponCard="15373294129886683688" fZoomedCameraSpeedMultiplier="0.75" fZoomedHFOV="70" fZoomedWalkSpeedMultiplier="1" fZoomTime="0.4">
    <Light vector_BrokenLightColor="13,29,40" vector_DamagedLightColor="13,29,40" vector_DefaultLightColor="13,29,40" archetype_LightArchetype="ArkLights.Weapon.GrenadeNullwave_ArkLight" sLightAttachmentName="ArkLight_Nullwave"/>
   </Weapon>
   <AdditionalArchetypeProperties PrototypeMaterial=""/>
  </Properties>
  <ObjectVars OutdoorOnly="0" CastShadow="1" CastShadowMinspec="1" DynamicDistanceShadows="0" ShadowCasterType="0" CastSunShadowMinSpec="8" LodRatio="100" ViewDistRatio="100" CastShadowViewDistRatio="0" HiddenInGame="0" GlobalInSegmentedWorld="0" RecvWind="0" RenderNearest="0" NoStaticDecals="0" CreatedThroughPool="0" SceneIndex="0" HiddenInProbes="0"/>
 </EntityPrototype>
 <EntityPrototype Name="RecyclerGrenadeWeapon" Id="{10488A67-3E2E-4950-AA79-E98DB7E58A2A}" Library="ArkSpecialWeapons" Class="ArkWeaponRecyclerGrenade" Description="" ArchetypeId="1117">
  <Properties metaTags_ArkMetaTags="" bAvailableForRandom="1" bCanBeFavorited="0" bCanTriggerAreas="0" bConsumable="1" textDescription="" bDisallowGrenades="1" iDismantleCount="0" textDisplayName="@i_weaponrecyclegrenade" fDropDistance="2" fDropHeightOffset="0" bDroppable="1" fDropRotationMax="15" fDropRotationMin="1" bEquippable="1" object_GeometryFP="Objects/weapons/RecyclerGrenade/1P/RecyclerGrenade1P.cdf" object_GeometryTP="Objects/weapons/RecyclerGrenade/3P/RecyclerGrenade3P.cdf" glintconfig_GlintConfig="16934642289625103724" bGooCannotAttachInGravity="0" sHUDIcon="ui_icon_inv_recyclergrenade" bImportant="0" bIsMimicable="1" bIsPlotCritical="0" bIsRandom="0" bIsTrash="0" fLerpSpeed="10" material_MaterialFP="" material_MaterialTP="" gameMetric_MetricPickedUp="" sStylizedIcon="ui_icon_inv_recyclergrenade_HUD" bSurvivalMode="0" sType="" bUniqueRandom="0" bUsable="0">
   <Description textFocusDescription="@ui_recyclerFocusDesc"/>
   <Grenade fAttachDistance="0.07" sCancelHintString="@ui_Weapon_Cancel" sDeployHintString="@ui_NagPlaceCharge" fMaxHoldTime="1.5" fMaxSpeed="35" fMinSpeed="10" signalpackage_ProximityPlacedPackageId="2524450536727669218" fProximityRange="1.25"/>
   <Inventory bAddToInventory="1" iHeight="1" sIcon="" ei_ItemCategory="0" iWidth="1"/>
   <Physics Density="100" Mass="-1" bPhysicalize="1" bPushableByAI="1" bPushableByPlayers="1" bResting="1" bRigidBody="1">
    <CollisionFiltering>
     <collisionIgnore bT_collision_class_articulated="0" bT_collision_class_living="0" bT_collision_class_particle="0" bT_collision_class_soft="0" bT_collision_class_terrain="0" bT_collision_class_wheeled="0" bT_gcc_ai="0" bT_gcc_breakable="0" bT_gcc_coral="0" bT_gcc_goo="0" bT_gcc_permeable="0" bT_gcc_permeable_to_AOE="0" bT_gcc_player_body="0" bT_gcc_player_capsule="0" bT_gcc_projectile="0" bT_gcc_ragdoll="0" bT_gcc_rigid="0" bT_gcc_smokeform="0" bT_gcc_transparent="0" bT_gcc_unclimbable="0" bT_gcc_vehicle="0"/>
     <collisionType bT_collision_class_articulated="0" bT_collision_class_living="0" bT_collision_class_particle="0" bT_collision_class_soft="0" bT_collision_class_terrain="0" bT_collision_class_wheeled="0" bT_gcc_ai="0" bT_gcc_breakable="0" bT_gcc_coral="0" bT_gcc_goo="0" bT_gcc_permeable="0" bT_gcc_permeable_to_AOE="1" bT_gcc_player_body="0" bT_gcc_player_capsule="0" bT_gcc_projectile="0" bT_gcc_ragdoll="0" bT_gcc_rigid="0" bT_gcc_smokeform="0" bT_gcc_transparent="0" bT_gcc_unclimbable="0" bT_gcc_vehicle="0"/>
    </CollisionFiltering>
   </Physics>
   <RecycleData exotic="0" mineral="0" organic="0" synthetic="0"/>
   <Silhouette fAlpha="0.25" color_RGB="1,1,1"/>
   <Sound audioTrigger_InventorySFX="Play_Pickup_Grenade" audioTrigger_PickupSFX="Play_Pickup_Grenade"/>
   <Stacks iCount="1" iDropIncrement="1" iFabricationCount="0" iMaxCount="10" bRandomizeCount="0" iRandomMax="10" iRandomMin="1" bStackable="0"/>
   <Weapon bAffectedByDisruption="0" fAimAssistRangeMax="20" fAimRange="12" archetype_ammo="ArkProjectiles.Charges.Recycler" sAmmoSpawnPointName="weapon" anim_Animation="Animations\Mannequin\ADB\ArkRecyclerGrenadeWeapon.adb" sAnimTag="recycler" sAttachmentName="weapon" bAutoloadAmmo="1" fBaseAmmoCost="1" fCameraSpeedMultiplier="1" nClipSize="1" fCriticalShotChance="0" tutorial_firstTimePickup="15373294129886683577" fIdleBreakDelayTime="0" fIronsightsTargetDistance="5" fIronsightsTargetSpeed="5" fIronsightsTargetWidth="0.5" fLeverage0_ImpulseScale="0" fLeverage1_ImpulseScale="0" fLeverage2_ImpulseScale="0" fLeverage3_ImpulseScale="0" sLeverageImpulseScale1Name="Leverage I" sLeverageImpulseScale2Name="Leverage II" sLeverageImpulseScale3Name="Leverage III" sLeverageImpulseScaleBaseName="Leverage Base" nNumAmmoReloaded="1" fRateOfAttack="20" fReloadSpeed="1" fWalkSpeedMultiplier="1" tutorial_weaponCard="15373294129886683577" fZoomedCameraSpeedMultiplier="0.75" fZoomedHFOV="70" fZoomedWalkSpeedMultiplier="1" fZoomTime="0.4">
    <Light vector_BrokenLightColor="13,29,40" vector_DamagedLightColor="13,29,40" vector_DefaultLightColor="13,29,40" archetype_LightArchetype="ArkLights.Weapon.GrenadeRecycler_ArkLight" sLightAttachmentName="ArkLight_Recycler"/>
   </Weapon>
   <AdditionalArchetypeProperties PrototypeMaterial=""/>
  </Properties>
  <ObjectVars OutdoorOnly="0" CastShadow="1" CastShadowMinspec="1" DynamicDistanceShadows="0" ShadowCasterType="0" CastSunShadowMinSpec="8" LodRatio="100" ViewDistRatio="100" CastShadowViewDistRatio="0" HiddenInGame="0" GlobalInSegmentedWorld="0" RecvWind="0" RenderNearest="0" NoStaticDecals="0" CreatedThroughPool="0" SceneIndex="0" HiddenInProbes="0"/>
 </EntityPrototype>
</EntityPrototypeLibrary>