
<ResponseRules>
 <WritebackKeys/>
 <ResponseRule id="13680621263386359734" name="Psychoscope: Scan Complete" cooldown="" description="Finished scanning an alien." response="13680621263386360049">
  <Criteria>
   <Criterion id="15659330456318451386" value="13680621263361631753" comparison="0" type="guid"/>
   <Criterion id="15659330456318451410" comparison="0" value="onScanComplete" fromResponse="0" type="default"/>
   <Criterion comparison="1" passIfMissing="false" id="10850392949532183307" type="default" keyType="default" value="0"/>
   <Criterion comparison="0" passIfMissing="false" id="15659330456318451477" type="guid" keyType="default" value="13680621263376752755"/>
  </Criteria>
 </ResponseRule>
 <ResponseRule id="13680621263386359826" name="Psychoscope: Research Complete" cooldown="" response="13680621263386359901" description="All scans done, new power is available.">
  <Criteria>
   <Criterion id="15659330456318451386" value="13680621263361631753" comparison="0" type="guid"/>
   <Criterion id="15659330456318451410" comparison="0" value="onResearchComplete" fromResponse="0" type="default"/>
   <Criterion comparison="0" passIfMissing="false" id="15659330456318451477" type="guid" keyType="default" value="13680621263376752755"/>
  </Criteria>
 </ResponseRule>
 <ResponseRule id="13680621263388166459" name="Psychoscope: Psionic Aptitude Unlocked" cooldown="" description="Finished scanning an alien." response="13680621263388166663">
  <Criteria>
   <Criterion id="15659330456318451386" value="13680621263361631753" comparison="0" type="guid"/>
   <Criterion id="15659330456318451410" comparison="0" value="onAbilityUnlocked" fromResponse="0" type="default"/>
   <Criterion comparison="0" passIfMissing="false" id="15659330456318451477" type="guid" keyType="default" value="13680621263376752755"/>
  </Criteria>
 </ResponseRule>
 <ResponseSet id="13680621263386359901">
  <Response dialog="13680621263361632618" id="13680621263386359902" cooldown="0" weight="1" oneshot="0" completeConversation="0" delay="0"/>
 </ResponseSet>
 <ResponseRule id="13680621263386359923" name="" cooldown="" response="13680621263386359924">
  <Criteria>
   <Criterion id="15659330456318451386" value="13680621263361631753" comparison="0" type="guid"/>
   <Criterion id="15659330456318451410" comparison="0" value="13680621263386359902" fromResponse="1" type="guid"/>
   <Criterion comparison="0" passIfMissing="false" id="11824555372667780146" keyType="task"/>
   <Criterion comparison="0" passIfMissing="false" id="15659330456318451477" type="guid" keyType="default" value="13680621263376752755"/>
  </Criteria>
 </ResponseRule>
 <ResponseSet id="13680621263386359924">
  <Response dialog="13680621263386359922" id="13680621263386359925" cooldown="0" weight="1" oneshot="0" completeConversation="1" delay="0"/>
 </ResponseSet>
 <ResponseSet id="13680621263386360049">
  <Response dialog="13680621263386360048" id="13680621263386360050" cooldown="0" weight="1" oneshot="0" completeConversation="0" delay="0"/>
 </ResponseSet>
 <ResponseRule id="13680621263386360057" name="" cooldown="" response="13680621263386360058">
  <Criteria>
   <Criterion id="15659330456318451386" value="13680621263361631753" comparison="0" type="guid"/>
   <Criterion id="15659330456318451410" comparison="0" value="13680621263386360050" fromResponse="1" type="guid"/>
   <Criterion comparison="0" passIfMissing="false" id="15659330456318451477" type="guid" keyType="default" value="13680621263376752755"/>
  </Criteria>
 </ResponseRule>
 <ResponseSet id="13680621263386360058">
  <Response dialog="13680621263386360056" id="13680621263386360059" cooldown="0" weight="1" oneshot="0" completeConversation="1" delay="0"/>
 </ResponseSet>
 <ResponseSet id="13680621263388166663">
  <Response dialog="13680621263386360048" id="13680621263388166664" cooldown="0" weight="1" oneshot="0" completeConversation="0" delay="0"/>
 </ResponseSet>
 <ResponseRule id="13680621263388166700" name="" cooldown="" response="13680621263388166701">
  <Criteria>
   <Criterion id="15659330456318451386" value="13680621263361631753" comparison="0" type="guid"/>
   <Criterion id="15659330456318451410" comparison="0" value="13680621263388166664" fromResponse="1" type="guid"/>
   <Criterion comparison="0" passIfMissing="false" id="15659330456318451477" type="guid" keyType="default" value="13680621263376752755"/>
  </Criteria>
 </ResponseRule>
 <ResponseSet id="13680621263388166701">
  <Response dialog="13680621263388166699" id="13680621263388166702" cooldown="0" weight="1" oneshot="0" completeConversation="1" delay="1"/>
 </ResponseSet>
</ResponseRules>