
<ResponseRules>
 <WritebackKeys>
  <WritebackKey id="13680621263388024239" name="Call4RepairCoolDown"/>
 </WritebackKeys>
 <ResponseRule id="13680621263388023860" name="Operator Broken" cooldown="2" description="When any operator enters a broken state." response="13680621263388023996">
  <Criteria>
   <Criterion id="15659330456318451386" value="13680621263361476009" comparison="6" type="guid"/>
   <Criterion id="15659330456318451410" comparison="0" value="onBroken" fromResponse="0" type="default"/>
   <Criterion comparison="0" passIfMissing="false" id="17591291352635828515" type="default" keyType="default" value="0"/>
  </Criteria>
 </ResponseRule>
 <ResponseSet id="13680621263388023996">
  <Response dialog="13680621263388023995" id="13680621263388023997" cooldown="2" weight="1" oneshot="0" completeConversation="1" delay="0"/>
  <Response dialog="13680621263388024002" id="13680621263388024003" cooldown="2" weight="1" oneshot="0" completeConversation="1" delay="0"/>
  <Response dialog="13680621263388024019" id="13680621263388024020" cooldown="2" weight="1" oneshot="0" completeConversation="1" delay="0"/>
 </ResponseSet>
 <ResponseRule id="13680621263388024219" name="Operator Repeat While Broken" cooldown="2" description="When any operator is in a broken state." response="13680621263388024414">
  <Criteria>
   <Criterion id="15659330456318451386" value="13680621263361476009" comparison="6" type="guid"/>
   <Criterion id="15659330456318451410" comparison="0" value="onBrokenRepeat" fromResponse="0" type="default"/>
   <Criterion comparison="5" passIfMissing="true" id="13680621263388024239" type="default" keyType="writeback" value="1"/>
   <Criterion comparison="0" passIfMissing="false" id="17591291352635828515" type="default" keyType="default" value="0"/>
  </Criteria>
  <Writeback>
   <Fact id="13680621263388024239" value="1" time="30" type="0"/>
  </Writeback>
 </ResponseRule>
 <ResponseSet id="13680621263388024414">
  <Response dialog="13680621263388024413" id="13680621263388024415" cooldown="0" weight="1" oneshot="0" completeConversation="0" delay="0"/>
 </ResponseSet>
 <ResponseRule id="13680621263388024557" name="" cooldown="30" response="13680621263388024558">
  <Criteria>
   <Criterion id="15659330456318451386" value="13680621263361476009" comparison="6" type="guid"/>
   <Criterion id="15659330456318451410" comparison="0" value="13680621263388024415" fromResponse="1" type="guid"/>
  </Criteria>
 </ResponseRule>
 <ResponseSet id="13680621263388024558">
  <Response dialog="13680621263388024556" id="13680621263388024559" cooldown="0" weight="1" oneshot="0" completeConversation="1" delay="0"/>
 </ResponseSet>
 <ResponseRule id="13680621263388024654" name="Operator Repaired" cooldown="2" description="When any operator enters a broken state." response="13680621263388024693">
  <Criteria>
   <Criterion id="15659330456318451386" value="13680621263361476009" comparison="6" type="guid"/>
   <Criterion id="15659330456318451410" comparison="0" value="onRepaired" fromResponse="0" type="default"/>
   <Criterion comparison="0" passIfMissing="false" id="17591291352635828515" type="default" keyType="default" value="0"/>
  </Criteria>
 </ResponseRule>
 <ResponseSet id="13680621263388024693">
  <Response dialog="13680621263388024692" id="13680621263388024694" cooldown="0" weight="1" oneshot="0" completeConversation="0" delay="0"/>
 </ResponseSet>
 <ResponseRule id="13680621263388024701" name="" cooldown="" response="13680621263388024702">
  <Criteria>
   <Criterion id="15659330456318451386" value="13680621263361476009" comparison="6" type="guid"/>
   <Criterion id="15659330456318451410" comparison="0" value="13680621263388024694" fromResponse="1" type="guid"/>
  </Criteria>
 </ResponseRule>
 <ResponseSet id="13680621263388024702">
  <Response dialog="13680621263388024700" id="13680621263388024703" cooldown="0" weight="1" oneshot="0" completeConversation="1" delay="0"/>
 </ResponseSet>
 <ResponseRule id="13680621263399144180" name="January Broken" cooldown="2" description="When any operator enters a broken state." response="13680621263399144775">
  <Criteria>
   <Criterion id="15659330456318451386" value="13680621263353091056" comparison="6" type="guid"/>
   <Criterion id="15659330456318451410" comparison="0" value="onBroken" fromResponse="0" type="default"/>
   <Criterion comparison="0" passIfMissing="false" id="15659330456318451477" type="guid" keyType="default" value="13680621263358635980"/>
  </Criteria>
 </ResponseRule>
 <ResponseRule id="13680621263399144707" name="January Repeat While Broken" cooldown="2" description="When any operator is in a broken state." response="13680621263399144936">
  <Criteria>
   <Criterion id="15659330456318451386" value="13680621263353091056" comparison="6" type="guid"/>
   <Criterion id="15659330456318451410" comparison="0" value="onBrokenRepeat" fromResponse="0" type="default"/>
   <Criterion comparison="5" passIfMissing="true" id="13680621263388024239" type="default" keyType="writeback" value="1"/>
   <Criterion comparison="0" passIfMissing="false" id="15659330456318451477" type="guid" keyType="default" value="13680621263358635980"/>
  </Criteria>
  <Writeback>
   <Fact id="13680621263388024239" value="1" time="30"/>
  </Writeback>
 </ResponseRule>
 <ResponseRule id="13680621263399144369" name="January Repaired" cooldown="10" description="When any operator enters a broken state." response="13680621263399144467">
  <Criteria>
   <Criterion id="15659330456318451386" value="13680621263353091056" comparison="6" type="guid"/>
   <Criterion id="15659330456318451410" comparison="0" value="onRepaired" fromResponse="0" type="default"/>
   <Criterion comparison="0" passIfMissing="false" id="15659330456318451477" type="guid" keyType="default" value="13680621263358635980"/>
  </Criteria>
 </ResponseRule>
 <ResponseSet id="13680621263399144467">
  <Response dialog="13680621263399144466" id="13680621263399144468" cooldown="600" weight="1" oneshot="0" completeConversation="1" delay="0" cutoff="0"/>
  <Response dialog="13680621263399144514" id="13680621263399144515" cooldown="600" weight="1" oneshot="0" completeConversation="1" delay="0" cutoff="0"/>
  <Response dialog="13680621263399144531" id="13680621263399144532" cooldown="600" weight="1" oneshot="0" completeConversation="1" delay="0" cutoff="0"/>
 </ResponseSet>
 <ResponseSet id="13680621263399144775">
  <Response dialog="13680621263399144774" id="13680621263399144776" cooldown="0" weight="1" oneshot="0" completeConversation="1" delay="0" cutoff="0"/>
  <Response dialog="13680621263399144829" id="13680621263399144830" cooldown="0" weight="1" oneshot="0" completeConversation="1" delay="0" cutoff="0"/>
 </ResponseSet>
 <ResponseSet id="13680621263399144936">
  <Response dialog="13680621263399144935" id="13680621263399144937" cooldown="0" weight="1" oneshot="0" completeConversation="0" delay="0" cutoff="0"/>
 </ResponseSet>
 <ResponseRule id="13680621263399144969" name="" cooldown="" response="13680621263399144970">
  <Criteria>
   <Criterion id="15659330456318451386" value="13680621263353091056" comparison="6" type="guid"/>
   <Criterion id="15659330456318451410" comparison="0" value="13680621263399144937" fromResponse="1" type="guid"/>
   <Criterion id="15659330456318451477" value="13680621263358635980" comparison="0" type="guid"/>
  </Criteria>
 </ResponseRule>
 <ResponseSet id="13680621263399144970">
  <Response dialog="13680621263399144968" id="13680621263399144971" cooldown="0" weight="1" oneshot="0" completeConversation="1" delay="0" cutoff="0"/>
 </ResponseSet>
</ResponseRules>