
<ResponseRules>
 <WritebackKeys/>
 <ResponseSet id="13680621263417988311">
  <Response dialog="13680621263385488913" id="13680621263385488914" cooldown="5" weight="1" oneshot="0" completeConversation="1" delay="0"/>
  <Response dialog="13680621263385488928" id="13680621263385488929" cooldown="5" weight="1" oneshot="0" completeConversation="1" delay="0"/>
  <Response dialog="13680621263385490756" id="13680621263385490757" cooldown="5" weight="1" oneshot="0" completeConversation="1" delay="0"/>
  <Response dialog="13680621263385490851" id="13680621263385490852" cooldown="5" weight="1" oneshot="0" completeConversation="1" delay="0"/>
 </ResponseSet>
 <ResponseSet id="13680621263417988201">
  <Response dialog="13680621263385604948" id="13680621263385604949" cooldown="0" weight="1" oneshot="0" completeConversation="1" delay="0"/>
  <Response dialog="13680621263385604952" id="13680621263385604953" cooldown="0" weight="1" oneshot="0" completeConversation="1" delay="0"/>
  <Response dialog="13680621263385604957" id="13680621263385604958" cooldown="0" weight="1" oneshot="0" completeConversation="1" delay="0"/>
  <Response dialog="13680621263385604961" id="13680621263385604962" cooldown="0" weight="1" oneshot="0" completeConversation="1" delay="0"/>
 </ResponseSet>
 <ResponseSet id="13680621263417988462">
  <Response dialog="13680621263385604894" id="13680621263385604895" cooldown="20" weight="1" oneshot="0" completeConversation="1" delay="0"/>
  <Response dialog="13680621263385604899" id="13680621263385604900" cooldown="20" weight="1" oneshot="0" completeConversation="1" delay="0"/>
  <Response dialog="13680621263385604915" id="13680621263385604916" cooldown="0" weight="1" oneshot="0" completeConversation="1" delay="0"/>
 </ResponseSet>
 <ResponseSet id="13680621263417988469">
  <Response dialog="13680621263385604637" id="13680621263385604638" cooldown="0" weight="1" oneshot="0" completeConversation="1" delay="0"/>
  <Response dialog="13680621263385604656" id="13680621263385604657" cooldown="0" weight="1" oneshot="0" completeConversation="1" delay="0"/>
  <Response dialog="13680621263385604670" id="13680621263385604671" cooldown="20" weight="1" oneshot="0" completeConversation="1" delay="0"/>
  <Response dialog="13680621263385604676" id="13680621263385604677" cooldown="20" weight="1" oneshot="0" completeConversation="1" delay="0"/>
  <Response dialog="13680621263385604682" id="13680621263385604683" cooldown="20" weight="1" oneshot="0" completeConversation="1" delay="0"/>
  <Response dialog="13680621263385604688" id="13680621263385604689" cooldown="20" weight="1" oneshot="0" completeConversation="1" delay="0"/>
  <Response dialog="13680621263385604693" id="13680621263385604694" cooldown="20" weight="1" oneshot="0" completeConversation="1" delay="0"/>
 </ResponseSet>
 <ResponseSet id="13680621263417990752">
  <Response dialog="13680621263385604727" id="13680621263385604728" cooldown="15" weight="1" oneshot="0" completeConversation="1" delay="0"/>
  <Response dialog="13680621263385604732" id="13680621263385604733" cooldown="15" weight="1" oneshot="0" completeConversation="1" delay="0"/>
  <Response dialog="13680621263385604737" id="13680621263385604738" cooldown="15" weight="1" oneshot="0" completeConversation="1" delay="0"/>
 </ResponseSet>
 <ResponseSet id="13680621263417990760">
  <Response dialog="13680621263385604854" id="13680621263385604855" cooldown="0" weight="1" oneshot="0" completeConversation="1" delay="0"/>
  <Response dialog="13680621263385604867" id="13680621263385604868" cooldown="0" weight="1" oneshot="0" completeConversation="1" delay="0"/>
 </ResponseSet>
 <ResponseSet id="13680621263417990775">
  <Response dialog="13680621263385604800" id="13680621263385604801" cooldown="0" weight="1" oneshot="0" completeConversation="1" delay="0"/>
  <Response dialog="13680621263385604809" id="13680621263385604810" cooldown="0" weight="1" oneshot="0" completeConversation="1" delay="0"/>
  <Response dialog="13680621263385604824" id="13680621263385604825" cooldown="0" weight="1" oneshot="0" completeConversation="1" delay="0"/>
 </ResponseSet>
 <ResponseSet id="13680621263385486828">
  <Response dialog="13680621263385486827" id="13680621263385486829" cooldown="160" weight="1" oneshot="0" completeConversation="1" delay="0"/>
  <Response dialog="13680621263385486843" id="13680621263385486844" cooldown="160" weight="1" oneshot="0" completeConversation="1" delay="0"/>
  <Response dialog="13680621263385486919" id="13680621263385486920" cooldown="160" weight="1" oneshot="0" completeConversation="1" delay="0"/>
  <Response dialog="13680621263385487085" id="13680621263385487086" cooldown="160" weight="1" oneshot="0" completeConversation="1" delay="0"/>
  <Response dialog="13680621263385487123" id="13680621263385487124" cooldown="160" weight="1" oneshot="0" completeConversation="1" delay="0"/>
  <Response dialog="13680621263385487834" id="13680621263385487835" cooldown="160" weight="1" oneshot="0" completeConversation="1" delay="0"/>
  <Response dialog="13680621263385614590" id="13680621263385614591" cooldown="160" weight="1" oneshot="0" completeConversation="1" delay="0"/>
  <Response dialog="13680621263385614681" id="13680621263385614682" cooldown="160" weight="1" oneshot="0" completeConversation="1" delay="0"/>
  <Response dialog="13680621263385616041" id="13680621263385616042" cooldown="160" weight="1" oneshot="0" completeConversation="1" delay="0"/>
  <Response dialog="13680621263385488037" id="13680621263385738744" cooldown="160" weight="1" oneshot="0" completeConversation="1" delay="0"/>
  <Response dialog="13680621263385488122" id="13680621263385738888" cooldown="160" weight="1" oneshot="0" completeConversation="1" delay="0"/>
 </ResponseSet>
 <ResponseSet id="13680621263385487444">
  <Response dialog="13680621263385487443" id="13680621263385487445" cooldown="30" weight="1" oneshot="0" completeConversation="1" delay="0"/>
  <Response dialog="13680621263385487453" id="13680621263385487454" cooldown="30" weight="1" oneshot="0" completeConversation="1" delay="0"/>
  <Response dialog="13680621263385487476" id="13680621263385487477" cooldown="30" weight="1" oneshot="0" completeConversation="1" delay="0"/>
  <Response dialog="13680621263385487582" id="13680621263385487583" cooldown="30" weight="1" oneshot="0" completeConversation="1" delay="0"/>
  <Response dialog="13680621263385487591" id="13680621263385487592" cooldown="30" weight="1" oneshot="0" completeConversation="1" delay="0"/>
  <Response dialog="13680621263385487620" id="13680621263385487621" cooldown="30" weight="1" oneshot="0" completeConversation="1" delay="0"/>
  <Response dialog="13680621263385487628" id="13680621263385487629" cooldown="30" weight="1" oneshot="0" completeConversation="1" delay="0"/>
  <Response dialog="13680621263385487651" id="13680621263385487652" cooldown="30" weight="1" oneshot="0" completeConversation="1" delay="0"/>
  <Response dialog="13680621263385487670" id="13680621263385487671" cooldown="30" weight="1" oneshot="0" completeConversation="1" delay="0"/>
  <Response dialog="13680621263385487687" id="13680621263385487688" cooldown="30" weight="1" oneshot="0" completeConversation="1" delay="0"/>
  <Response dialog="13680621263385487714" id="13680621263385487715" cooldown="30" weight="1" oneshot="0" completeConversation="1" delay="0"/>
  <Response dialog="13680621263385487739" id="13680621263385487740" cooldown="30" weight="1" oneshot="0" completeConversation="1" delay="0"/>
  <Response dialog="13680621263385487909" id="13680621263385487910" cooldown="30" weight="1" oneshot="0" completeConversation="1" delay="0"/>
  <Response dialog="13680621263385487932" id="13680621263385487933" cooldown="30" weight="1" oneshot="0" completeConversation="1" delay="0"/>
  <Response dialog="13680621263385487957" id="13680621263385487958" cooldown="30" weight="1" oneshot="0" completeConversation="1" delay="0"/>
  <Response dialog="13680621263385488072" id="13680621263385488073" cooldown="30" weight="1" oneshot="0" completeConversation="1" delay="0"/>
  <Response dialog="13680621263385488144" id="13680621263385488145" cooldown="30" weight="1" oneshot="0" completeConversation="1" delay="0"/>
  <Response dialog="13680621263385488240" id="13680621263385488241" cooldown="30" weight="1" oneshot="0" completeConversation="1" delay="0"/>
  <Response dialog="13680621263385488264" id="13680621263385488265" cooldown="30" weight="1" oneshot="0" completeConversation="1" delay="0"/>
  <Response dialog="13680621263385491234" id="13680621263385491235" cooldown="30" weight="1" oneshot="0" completeConversation="1" delay="0"/>
 </ResponseSet>
 <ResponseRule id="13680621263385672369" name="Wandering" cooldown="15" description="Creepy, semi scrambled lines, the operator vocalies while wandering around the environment. " response="13680621263385486828">
  <Criteria>
   <Criterion id="15659330456318451386" value="13680621263375711450" comparison="0" type="guid"/>
   <Criterion id="15659330456318451410" comparison="0" value="whileWandering" fromResponse="0" type="default"/>
   <Criterion comparison="0" passIfMissing="false" id="15659330456318451477" type="guid" keyType="default" value="10850392949539880436"/>
   <Criterion comparison="0" passIfMissing="false" id="17591291352635828515" type="default" keyType="default" value="1"/>
  </Criteria>
 </ResponseRule>
 <ResponseRule id="13680621263385672372" name="Patrolling" cooldown="15" description="Creepy, semi scrambled lines, the operator vocalies while wandering around the environment. " response="13680621263385486828">
  <Criteria>
   <Criterion id="15659330456318451386" value="13680621263375711450" comparison="0" type="guid"/>
   <Criterion id="15659330456318451410" comparison="0" value="whilePatrolling" fromResponse="0" type="default"/>
   <Criterion comparison="0" passIfMissing="false" id="15659330456318451477" type="guid" keyType="default" value="10850392949539880436"/>
   <Criterion comparison="0" passIfMissing="false" id="17591291352635828515" type="default" keyType="default" value="1"/>
  </Criteria>
 </ResponseRule>
 <ResponseRule id="13680621263385672373" name="Noticed Something" cooldown="2" description="Medical Operator heard or saw evidence of the player. Not busted yet. " response="13680621263417988311">
  <Criteria>
   <Criterion id="15659330456318451386" value="13680621263375711450" comparison="0" type="guid"/>
   <Criterion id="15659330456318451410" comparison="0" value="onGainedAttentionOnTarget" fromResponse="0" type="default"/>
   <Criterion comparison="0" passIfMissing="false" id="15659330456318451477" type="guid" keyType="default" value="10850392949539880436"/>
   <Criterion comparison="0" passIfMissing="false" id="10850392949532183293" type="default" keyType="default" value="2"/>
   <Criterion comparison="0" passIfMissing="false" id="17591291352635828515" type="default" keyType="default" value="1"/>
  </Criteria>
 </ResponseRule>
 <ResponseRule id="13680621263385672375" name="Searching" cooldown="15" description="Corrupt Medical Operator is actively searching for the player or some other enemy." response="13680621263385487444">
  <Criteria>
   <Criterion id="15659330456318451386" value="13680621263375711450" comparison="0" type="guid"/>
   <Criterion id="15659330456318451410" comparison="0" value="whileSearching" fromResponse="0" type="default"/>
   <Criterion comparison="0" passIfMissing="false" id="15659330456318451477" type="guid" keyType="default" value="10850392949539880436"/>
   <Criterion comparison="0" passIfMissing="false" id="17591291352635828515" type="default" keyType="default" value="1"/>
  </Criteria>
 </ResponseRule>
 <ResponseRule id="13680621263385672377" name="Gave Up Searching" cooldown="1" description="Corrupt Medical Operator gave up searching for the player. Back to wandering. " response="13680621263417988201">
  <Criteria>
   <Criterion id="15659330456318451386" value="13680621263375711450" comparison="0" type="guid"/>
   <Criterion id="15659330456318451410" comparison="0" value="onHuntGaveUp" fromResponse="0" type="default"/>
   <Criterion comparison="0" passIfMissing="false" id="15659330456318451477" type="guid" keyType="default" value="10850392949539880436"/>
   <Criterion comparison="0" passIfMissing="false" id="17591291352635828515" type="default" keyType="default" value="1"/>
  </Criteria>
 </ResponseRule>
 <ResponseRule id="13680621263385672378" name="Busted Player" cooldown="1" description="Found player after searching. " response="13680621263417988462">
  <Criteria>
   <Criterion id="15659330456318451386" value="13680621263375711450" comparison="0" type="guid"/>
   <Criterion id="15659330456318451410" comparison="0" value="onGainedAttentionOnTarget" fromResponse="0" type="default"/>
   <Criterion comparison="0" passIfMissing="false" id="15659330456318451477" type="guid" keyType="default" value="10850392949539880436"/>
   <Criterion comparison="0" passIfMissing="false" id="10850392949532183293" type="default" keyType="default" value="4"/>
   <Criterion comparison="0" passIfMissing="false" id="17591291352635828515" type="default" keyType="default" value="1"/>
  </Criteria>
 </ResponseRule>
 <ResponseRule id="13680621263385672382" name="Combat Taunt" cooldown="10" description="As attacing, while fighting the player. " response="13680621263417988469">
  <Criteria>
   <Criterion id="15659330456318451386" value="13680621263375711450" comparison="0" type="guid"/>
   <Criterion id="15659330456318451410" comparison="0" value="onAttack" fromResponse="0" type="default"/>
   <Criterion comparison="0" passIfMissing="false" id="15659330456318451477" type="guid" keyType="default" value="10850392949539880436"/>
   <Criterion comparison="0" passIfMissing="false" id="17591291352635828515" type="default" keyType="default" value="1"/>
  </Criteria>
 </ResponseRule>
 <ResponseRule id="13680621263385672384" name="Combat: Lost Target" cooldown="10" description="Target lost." response="13680621263417990752">
  <Criteria>
   <Criterion id="15659330456318451386" value="13680621263375711450" comparison="0" type="guid"/>
   <Criterion id="15659330456318451410" comparison="0" value="onLostTarget" fromResponse="0" type="default"/>
   <Criterion comparison="0" passIfMissing="false" id="15659330456318451477" type="guid" keyType="default" value="10850392949539880436"/>
   <Criterion comparison="0" passIfMissing="false" id="17591291352635828515" type="default" keyType="default" value="1"/>
  </Criteria>
 </ResponseRule>
 <ResponseRule id="13680621263385672387" name="Combat: Target Defeated" cooldown="10" description="" response="13680621263417990775" priority="1">
  <Criteria>
   <Criterion id="15659330456318451386" value="13680621263375711450" comparison="0" type="guid"/>
   <Criterion id="15659330456318451410" comparison="0" value="onTargetDead" fromResponse="0" type="default"/>
   <Criterion comparison="0" passIfMissing="false" id="15659330456318451477" type="guid" keyType="default" value="10850392949539880436"/>
   <Criterion comparison="0" passIfMissing="false" id="17591291352635828515" type="default" keyType="default" value="1"/>
  </Criteria>
 </ResponseRule>
 <ResponseRule id="13680621263385672389" name="Combat: Took Damage" cooldown="5" description="Took some damage" response="13680621263417990760">
  <Criteria>
   <Criterion id="15659330456318451386" value="13680621263375711450" comparison="0" type="guid"/>
   <Criterion id="15659330456318451410" comparison="0" value="onTakeDamage" fromResponse="0" type="default"/>
   <Criterion comparison="0" passIfMissing="false" id="15659330456318451477" type="guid" keyType="default" value="10850392949539880436"/>
   <Criterion comparison="0" passIfMissing="false" id="17591291352635828515" type="default" keyType="default" value="1"/>
  </Criteria>
 </ResponseRule>
 <ResponseRule id="13680621263391807971" name="Combat: About to Explode On Death" cooldown="5" description="Freak out a few seconds before exploding." response="13680621263391808019">
  <Criteria>
   <Criterion id="15659330456318451386" value="13680621263375711450" comparison="0" type="guid"/>
   <Criterion id="15659330456318451410" comparison="0" value="onDeath" fromResponse="0" type="default"/>
   <Criterion comparison="0" passIfMissing="false" id="15659330456318451477" type="guid" keyType="default" value="10850392949539880436"/>
   <Criterion comparison="0" passIfMissing="false" id="17591291352635828515" type="default" keyType="default" value="1"/>
  </Criteria>
 </ResponseRule>
 <ResponseSet id="13680621263391808019">
  <Response dialog="13680621263391808018" id="13680621263391808020" cooldown="0" weight="1" oneshot="0" completeConversation="1" delay="0" cutoff="0"/>
 </ResponseSet>
</ResponseRules>