
<ResponseRules>
 <WritebackKeys/>
 <ResponseRule id="13680621263401310311" name="Company Speech" cooldown="" response="13680621263401311606" conversation="1">
  <Criteria>
   <Criterion id="15659330456318451386" value="13680621263353091230" comparison="0" type="guid"/>
   <Criterion id="15659330456318451410" comparison="0" value="onAnnouncementTrigger" fromResponse="0" type="default"/>
   <Criterion comparison="0" passIfMissing="false" id="15659330456318451477" type="guid" keyType="default" value="1713490239389130908"/>
  </Criteria>
 </ResponseRule>
 <ResponseSet id="13680621263401311606">
  <Response dialog="13680621263401311605" id="13680621263401311607" cooldown="0" weight="1" oneshot="0" completeConversation="0" delay="0" cutoff="0"/>
 </ResponseSet>
 <ResponseRule id="13680621263401311624" name="" cooldown="" response="13680621263401311625">
  <Criteria>
   <Criterion id="15659330456318451386" value="13680621263353091230" comparison="0" type="guid"/>
   <Criterion id="15659330456318451410" comparison="0" value="13680621263401311607" fromResponse="1" type="guid"/>
   <Criterion id="15659330456318451477" value="1713490239389130908" comparison="0" type="guid"/>
  </Criteria>
 </ResponseRule>
 <ResponseSet id="13680621263401311625">
  <Response dialog="13680621263401311623" id="13680621263401311626" cooldown="0" weight="1" oneshot="0" completeConversation="0" delay="0.6" cutoff="0"/>
 </ResponseSet>
 <ResponseRule id="13680621263401311679" name="" cooldown="" response="13680621263401311680">
  <Criteria>
   <Criterion id="15659330456318451386" value="13680621263353091230" comparison="0" type="guid"/>
   <Criterion id="15659330456318451410" comparison="0" value="13680621263401311626" fromResponse="1" type="guid"/>
   <Criterion id="15659330456318451477" value="1713490239389130908" comparison="0" type="guid"/>
  </Criteria>
 </ResponseRule>
 <ResponseSet id="13680621263401311680">
  <Response dialog="13680621263401311678" id="13680621263401311681" cooldown="0" weight="1" oneshot="0" completeConversation="0" delay="0.6" cutoff="0"/>
 </ResponseSet>
 <ResponseRule id="13680621263401311715" name="" cooldown="" response="13680621263401311716">
  <Criteria>
   <Criterion id="15659330456318451386" value="13680621263353091230" comparison="0" type="guid"/>
   <Criterion id="15659330456318451410" comparison="0" value="13680621263401311681" fromResponse="1" type="guid"/>
   <Criterion id="15659330456318451477" value="1713490239389130908" comparison="0" type="guid"/>
  </Criteria>
 </ResponseRule>
 <ResponseSet id="13680621263401311716">
  <Response dialog="13680621263401311714" id="13680621263401311717" cooldown="0" weight="1" oneshot="0" completeConversation="0" delay="0.5" cutoff="0"/>
 </ResponseSet>
 <ResponseRule id="13680621263401311733" name="" cooldown="" response="13680621263401311734">
  <Criteria>
   <Criterion id="15659330456318451386" value="13680621263353091230" comparison="0" type="guid"/>
   <Criterion id="15659330456318451410" comparison="0" value="13680621263401311717" fromResponse="1" type="guid"/>
   <Criterion id="15659330456318451477" value="1713490239389130908" comparison="0" type="guid"/>
  </Criteria>
 </ResponseRule>
 <ResponseSet id="13680621263401311734">
  <Response dialog="13680621263401311732" id="13680621263401311735" cooldown="0" weight="1" oneshot="0" completeConversation="0" delay="0.5" cutoff="0"/>
 </ResponseSet>
 <ResponseRule id="13680621263401311742" name="" cooldown="" response="13680621263401311743">
  <Criteria>
   <Criterion id="15659330456318451386" value="13680621263353091230" comparison="0" type="guid"/>
   <Criterion id="15659330456318451410" comparison="0" value="13680621263401311735" fromResponse="1" type="guid"/>
   <Criterion id="15659330456318451477" value="1713490239389130908" comparison="0" type="guid"/>
  </Criteria>
 </ResponseRule>
 <ResponseSet id="13680621263401311743">
  <Response dialog="13680621263401311741" id="13680621263401311744" cooldown="0" weight="1" oneshot="0" completeConversation="1" delay="0.75" cutoff="0"/>
 </ResponseSet>
</ResponseRules>