
<ResponseRules>
 <WritebackKeys/>
 <ResponseRule id="13680621263386263731" name="Alex Noticed Something" cooldown="" description="Heard or saw something suspicious." response="13680621263386263966">
  <Criteria>
   <Criterion id="15659330456318451386" value="13680621263353091230" comparison="0" type="guid"/>
   <Criterion id="15659330456318451410" comparison="0" value="onGainedAttentionOnTarget" fromResponse="0" type="default"/>
   <Criterion comparison="0" passIfMissing="false" id="15659330456318451477" type="guid" keyType="default" value="1713490239389130908"/>
   <Criterion comparison="0" passIfMissing="false" id="10850392949532183293" type="default" keyType="default" value="1"/>
   <Criterion comparison="0" passIfMissing="false" id="5310807215636213159" type="default" keyType="default" value="0"/>
  </Criteria>
 </ResponseRule>
 <ResponseRule id="13680621263386263736" name="Alex Saw Player Use Power" cooldown="" description="If Dahl is temporarily allied to the player and witnessed the player use an alien power. " response="13680621263386263999">
  <Criteria>
   <Criterion id="15659330456318451386" value="13680621263353091230" comparison="0" type="guid"/>
   <Criterion id="15659330456318451410" comparison="0" value="onPlayerUsePower" fromResponse="0" type="default"/>
   <Criterion comparison="0" passIfMissing="false" id="15659330456318451477" type="guid" keyType="default" value="1713490239389130908"/>
   <Criterion comparison="3" passIfMissing="false" id="5310807215636213148" type="default" keyType="default" value="0"/>
   <Criterion comparison="0" passIfMissing="false" id="5310807215636213157" type="default" keyType="default" value="0"/>
   <Criterion comparison="0" passIfMissing="false" id="5310807215636213159" type="default" keyType="default" value="0"/>
  </Criteria>
 </ResponseRule>
 <ResponseRule id="13680621263386263739" name="Alex Hit With Toy Gun / Phys Obj" cooldown="5" description="If Alex chucked a coffee cup at him or pinged him with the toy dart gun." response="13680621263386264131">
  <Criteria>
   <Criterion id="15659330456318451386" value="13680621263353091230" comparison="0" type="guid"/>
   <Criterion id="15659330456318451410" comparison="0" value="onBumpedPlayerRanged" fromResponse="0" type="default"/>
   <Criterion comparison="0" passIfMissing="false" id="15659330456318451477" type="guid" keyType="default" value="1713490239389130908"/>
   <Criterion comparison="0" passIfMissing="false" id="10850392949532183294" type="default" keyType="default" value=""/>
   <Criterion comparison="0" passIfMissing="false" id="5310807215636213157" type="default" keyType="default" value="0"/>
   <Criterion comparison="0" passIfMissing="false" id="5310807215636213159" type="default" keyType="default" value="0"/>
  </Criteria>
 </ResponseRule>
 <ResponseRule id="13680621263386263745" name="Alex Attacking an Alien" cooldown="" description="Dahl, Attacking an alien." response="13680621263386264255">
  <Criteria>
   <Criterion id="15659330456318451386" value="13680621263353091230" comparison="0" type="guid"/>
   <Criterion id="15659330456318451410" comparison="0" value="onAttack" fromResponse="0" type="default"/>
   <Criterion comparison="0" passIfMissing="false" id="15659330456318451477" type="guid" keyType="default" value="1713490239389130908"/>
   <Criterion comparison="0" passIfMissing="false" id="9469288860498988665" value="1" keyType="metatag"/>
   <Criterion comparison="0" passIfMissing="false" id="5310807215636213159" type="default" keyType="default" value="0"/>
  </Criteria>
 </ResponseRule>
 <ResponseRule id="13680621263386263747" name="Alex React to Nightmare Arrival" cooldown="" description="Dahl, reacting to the nightmare arrival. " response="13680621263386264375">
  <Criteria>
   <Criterion id="15659330456318451386" value="13680621263353091230" comparison="0" type="guid"/>
   <Criterion id="15659330456318451410" comparison="0" value="onNightmareArrived" fromResponse="0" type="default"/>
   <Criterion comparison="0" passIfMissing="false" id="15659330456318451477" type="guid" keyType="default" value="1713490239389130908"/>
   <Criterion comparison="0" passIfMissing="false" id="5310807215636213159" type="default" keyType="default" value="0"/>
  </Criteria>
 </ResponseRule>
 <ResponseRule id="13680621263386263755" name="Alex  Combat Lost Target" cooldown="" description="Dahl, was fighting the player and then the player vanished or ran away." response="13680621263386264430">
  <Criteria>
   <Criterion id="15659330456318451386" value="13680621263353091230" comparison="0" type="guid"/>
   <Criterion id="15659330456318451410" comparison="0" value="onLostTarget" fromResponse="0" type="default"/>
   <Criterion comparison="0" passIfMissing="false" id="15659330456318451477" type="guid" keyType="default" value="1713490239389130908"/>
   <Criterion comparison="0" passIfMissing="false" id="5310807215636213159" type="default" keyType="default" value="0"/>
  </Criteria>
 </ResponseRule>
 <ResponseRule id="13680621263386263757" name="Alex Combat Over" cooldown="" description="Dahl, defeated the player. " response="13680621263386264451">
  <Criteria>
   <Criterion id="15659330456318451386" value="13680621263353091230" comparison="0" type="guid"/>
   <Criterion id="15659330456318451410" comparison="0" value="onTargetDead" fromResponse="0" type="default"/>
   <Criterion comparison="0" passIfMissing="false" id="15659330456318451477" type="guid" keyType="default" value="1713490239389130908"/>
   <Criterion comparison="0" passIfMissing="false" id="5310807215636213159" type="default" keyType="default" value="0"/>
  </Criteria>
 </ResponseRule>
 <ResponseSet id="13680621263386263966">
  <Response dialog="13680621263386263965" id="13680621263386263967" cooldown="0" weight="1" oneshot="0" completeConversation="1" delay="0" emotion="3152439162748318087"/>
  <Response dialog="13680621263386263972" id="13680621263386263973" cooldown="0" weight="1" oneshot="0" completeConversation="1" delay="0" emotion="3152439162748318087"/>
 </ResponseSet>
 <ResponseSet id="13680621263386263999">
  <Response dialog="13680621263386263998" id="13680621263386264000" cooldown="0" weight="1" oneshot="0" completeConversation="0" delay="0" targetId="0" targetType="1" speakerTrackMethod="3" targetTrackMethod="0" emotion="15659330456346423989"/>
  <Response dialog="13680621263386264046" id="13680621263386264047" cooldown="0" weight="1" oneshot="0" completeConversation="1" delay="0" targetId="0" targetType="1" speakerTrackMethod="3" targetTrackMethod="0" emotion="15659330456346423989"/>
  <Response dialog="13680621263386264067" id="13680621263386264068" cooldown="0" weight="1" oneshot="0" completeConversation="1" delay="0" targetId="0" targetType="1" speakerTrackMethod="3" targetTrackMethod="0" emotion="15659330456346423989"/>
 </ResponseSet>
 <ResponseRule id="13680621263386264022" name="" cooldown="" response="13680621263386264023">
  <Criteria>
   <Criterion id="15659330456318451386" value="13680621263353091230" comparison="0" type="guid"/>
   <Criterion id="15659330456318451410" comparison="0" value="13680621263386264000" fromResponse="1" type="guid"/>
   <Criterion id="15659330456318451477" value="1713490239389130908" comparison="0" type="guid"/>
  </Criteria>
 </ResponseRule>
 <ResponseSet id="13680621263386264023">
  <Response dialog="13680621263386264021" id="13680621263386264024" cooldown="0" weight="1" oneshot="0" completeConversation="1" delay="0" targetId="0" targetType="1" speakerTrackMethod="3" targetTrackMethod="0" emotion="15659330456346423989"/>
 </ResponseSet>
 <ResponseSet id="13680621263386264131">
  <Response dialog="13680621263386264130" id="13680621263386264132" cooldown="0" weight="1" oneshot="0" completeConversation="1" delay="0" emotion="3152439162748318026"/>
  <Response dialog="13680621263386264184" id="13680621263386264185" cooldown="0" weight="1" oneshot="0" completeConversation="1" delay="0" emotion="3152439162748318026"/>
  <Response dialog="13680621263386264212" id="13680621263386264213" cooldown="0" weight="1" oneshot="0" completeConversation="1" delay="0" emotion="3152439162748318026"/>
  <Response dialog="13680621263386264229" id="13680621263386264230" cooldown="0" weight="1" oneshot="0" completeConversation="1" delay="0" emotion="3152439162748318026"/>
 </ResponseSet>
 <ResponseSet id="13680621263386264255">
  <Response dialog="13680621263386264254" id="13680621263386264256" cooldown="0" weight="1" oneshot="0" completeConversation="1" delay="0" emotion="15659330456346423977"/>
  <Response dialog="13680621263386264269" id="13680621263386264270" cooldown="0" weight="1" oneshot="0" completeConversation="1" delay="0" emotion="15659330456346423977"/>
 </ResponseSet>
 <ResponseSet id="13680621263386264375">
  <Response dialog="13680621263386264374" id="13680621263386264376" cooldown="0" weight="1" oneshot="0" completeConversation="0" delay="2" emotion="3152439162748318087"/>
 </ResponseSet>
 <ResponseRule id="13680621263386264413" name="" cooldown="" response="13680621263386264414">
  <Criteria>
   <Criterion id="15659330456318451386" value="13680621263353091230" comparison="0" type="guid"/>
   <Criterion id="15659330456318451410" comparison="0" value="13680621263386264376" fromResponse="1" type="guid"/>
   <Criterion id="15659330456318451477" value="1713490239389130908" comparison="0" type="guid"/>
  </Criteria>
 </ResponseRule>
 <ResponseSet id="13680621263386264414">
  <Response dialog="13680621263386264412" id="13680621263386264415" cooldown="0" weight="1" oneshot="0" completeConversation="1" delay="0" emotion="3152439162748318087"/>
 </ResponseSet>
 <ResponseSet id="13680621263386264430">
  <Response dialog="13680621263386264429" id="13680621263386264431" cooldown="0" weight="1" oneshot="0" completeConversation="1" delay="0" emotion="3152439162748318087"/>
 </ResponseSet>
 <ResponseSet id="13680621263386264451">
  <Response dialog="13680621263386264450" id="13680621263386264452" cooldown="0" weight="1" oneshot="0" completeConversation="1" delay="0" emotion="3152439162748318087"/>
  <Response dialog="13680621263386264457" id="13680621263386264458" cooldown="0" weight="1" oneshot="0" completeConversation="1" delay="0" emotion="3152439162748318087"/>
  <Response dialog="13680621263386264467" id="13680621263386264468" cooldown="0" weight="1" oneshot="0" completeConversation="1" delay="0" emotion="3152439162748318087"/>
 </ResponseSet>
</ResponseRules>