
<ResponseRules description="">
 <WritebackKeys/>
 <ResponseRule id="13680621263369402411" name="Dr. Kelstrup Reassures Annalise" cooldown="" oneshot="0" conversation="1" description="Annalise has a conversation with the Dir of Psycho about the Volunteers. Misgivings. Dir Kelstrup reassures her. " response="13680621263369402536">
  <Criteria>
   <Criterion id="15659330456318451386" value="13680621263353786218" comparison="0" type="guid"/>
   <Criterion id="15659330456318451410" comparison="0" value="onTranscribeTrigger" fromResponse="0" type="default"/>
   <Criterion comparison="0" passIfMissing="false" id="15659330456318451477" type="guid" keyType="default" value="11824555372635796966"/>
  </Criteria>
 </ResponseRule>
 <ResponseSet id="13680621263369402536">
  <Response dialog="13680621263369402535" id="13680621263369402537" cooldown="0" weight="1" oneshot="0" completeConversation="0" delay="0"/>
 </ResponseSet>
 <ResponseRule id="13680621263369402599" name="" cooldown="" response="13680621263369402600">
  <Criteria>
   <Criterion id="15659330456318451386" value="13680621263365953228" comparison="0" type="guid"/>
   <Criterion id="15659330456318451410" comparison="0" value="13680621263369402537" fromResponse="1" type="guid"/>
   <Criterion comparison="0" passIfMissing="false" id="15659330456318451477" type="guid" keyType="default" value="11824555372635636731"/>
  </Criteria>
 </ResponseRule>
 <ResponseSet id="13680621263369402600">
  <Response dialog="13680621263369402598" id="13680621263369402601" cooldown="0" weight="1" oneshot="0" completeConversation="0" delay="0.5" targetType="2" targetId="11824555372635796966" speakerTrackMethod="1" targetTrackMethod="0"/>
 </ResponseSet>
 <ResponseRule id="13680621263369402673" name="Mementos" cooldown="" oneshot="0" conversation="1" description="Annalise tells Quinten to move forward with the plan to sneak evidence of Talos I experiements off the station. Quinten has arranged to hide himself aboard a cargo container bound for earth with the evidence. Alvin Broyles who works in the cargo bay plans to smuggle him food. " response="13680621263369403266">
  <Criteria>
   <Criterion id="15659330456318451386" value="13680621263353094521" comparison="0" type="guid"/>
   <Criterion id="15659330456318451410" comparison="0" value="onTranscribeTrigger" fromResponse="0" type="default"/>
   <Criterion comparison="0" passIfMissing="false" id="15659330456318451477" type="guid" keyType="default" value="4349723564911798102"/>
  </Criteria>
 </ResponseRule>
 <ResponseSet id="13680621263369403266">
  <Response dialog="13680621263369403264" id="13680621263369403267" cooldown="0" weight="1" oneshot="0" completeConversation="0" delay="0" targetType="2" targetId="11824555372635796966" speakerTrackMethod="1" targetTrackMethod="0"/>
 </ResponseSet>
 <ResponseRule id="13680621263369403315" name="" cooldown="" response="13680621263369435083">
  <Criteria>
   <Criterion id="15659330456318451386" value="13680621263353786218" comparison="0" type="guid"/>
   <Criterion id="15659330456318451410" comparison="0" value="13680621263369403267" fromResponse="1" type="guid"/>
   <Criterion id="15659330456318451477" value="11824555372635796966" comparison="0" type="guid"/>
  </Criteria>
 </ResponseRule>
 <ResponseSet id="13680621263369435083">
  <Response dialog="13680621263369435082" id="13680621263369435084" cooldown="0" weight="1" oneshot="0" completeConversation="0" delay="0" targetType="2" targetId="4349723564911798102" speakerTrackMethod="1" targetTrackMethod="0"/>
 </ResponseSet>
 <ResponseRule id="13680621263369435098" name="" cooldown="" response="13680621263369435099">
  <Criteria>
   <Criterion id="15659330456318451386" value="13680621263353094521" comparison="0" type="guid"/>
   <Criterion id="15659330456318451410" comparison="0" value="13680621263369435084" fromResponse="1" type="guid"/>
   <Criterion id="15659330456318451477" value="4349723564911798102" comparison="0" type="guid"/>
  </Criteria>
 </ResponseRule>
 <ResponseSet id="13680621263369435099">
  <Response dialog="13680621263369435097" id="13680621263369435100" cooldown="0" weight="1" oneshot="0" completeConversation="0" delay="0.25" targetType="2" targetId="11824555372635796966" speakerTrackMethod="1" targetTrackMethod="0"/>
 </ResponseSet>
 <ResponseRule id="13680621263369435137" name="" cooldown="" response="13680621263369435138">
  <Criteria>
   <Criterion id="15659330456318451386" value="13680621263353786218" comparison="0" type="guid"/>
   <Criterion id="15659330456318451410" comparison="0" value="13680621263369435100" fromResponse="1" type="guid"/>
   <Criterion id="15659330456318451477" value="11824555372635796966" comparison="0" type="guid"/>
  </Criteria>
 </ResponseRule>
 <ResponseSet id="13680621263369435138">
  <Response dialog="13680621263369435136" id="13680621263369435139" cooldown="0" weight="1" oneshot="0" completeConversation="0" delay="0.25" targetType="2" targetId="4349723564911798102" speakerTrackMethod="1" targetTrackMethod="0"/>
 </ResponseSet>
 <ResponseRule id="13680621263385082815" name="" cooldown="" response="13680621263385082816">
  <Criteria>
   <Criterion id="15659330456318451386" value="13680621263353786218" comparison="0" type="guid"/>
   <Criterion id="15659330456318451410" comparison="0" value="13680621263369402601" fromResponse="1" type="guid"/>
   <Criterion id="15659330456318451477" value="11824555372635796966" comparison="0" type="guid"/>
  </Criteria>
 </ResponseRule>
 <ResponseSet id="13680621263385082816">
  <Response dialog="13680621263385082814" id="13680621263385082817" cooldown="0" weight="1" oneshot="0" completeConversation="0" delay="0.25" targetType="2" targetId="11824555372635636731" speakerTrackMethod="1" targetTrackMethod="0" cutoff="0.25"/>
 </ResponseSet>
 <ResponseRule id="13680621263385082829" name="" cooldown="" response="13680621263385082830">
  <Criteria>
   <Criterion id="15659330456318451386" value="13680621263365953228" comparison="0" type="guid"/>
   <Criterion id="15659330456318451410" comparison="0" value="13680621263385082817" fromResponse="1" type="guid"/>
   <Criterion id="15659330456318451477" value="11824555372635636731" comparison="0" type="guid"/>
  </Criteria>
 </ResponseRule>
 <ResponseSet id="13680621263385082830">
  <Response dialog="13680621263385082828" id="13680621263385082831" cooldown="0" weight="1" oneshot="0" completeConversation="0" delay="0" targetType="2" targetId="11824555372635796966" speakerTrackMethod="1" targetTrackMethod="0"/>
 </ResponseSet>
 <ResponseRule id="13680621263385082851" name="" cooldown="" response="13680621263385082852">
  <Criteria>
   <Criterion id="15659330456318451386" value="13680621263353786218" comparison="0" type="guid"/>
   <Criterion id="15659330456318451410" comparison="0" value="13680621263385082831" fromResponse="1" type="guid"/>
   <Criterion id="15659330456318451477" value="11824555372635796966" comparison="0" type="guid"/>
  </Criteria>
 </ResponseRule>
 <ResponseSet id="13680621263385082852">
  <Response dialog="13680621263385082850" id="13680621263385082853" cooldown="0" weight="1" oneshot="0" completeConversation="0" delay="0.25" targetType="2" targetId="11824555372635636731" speakerTrackMethod="1" targetTrackMethod="0"/>
 </ResponseSet>
 <ResponseRule id="13680621263385082901" name="" cooldown="" response="13680621263385082902">
  <Criteria>
   <Criterion id="15659330456318451386" value="13680621263365953228" comparison="0" type="guid"/>
   <Criterion id="15659330456318451410" comparison="0" value="13680621263385082853" fromResponse="1" type="guid"/>
   <Criterion id="15659330456318451477" value="11824555372635636731" comparison="0" type="guid"/>
  </Criteria>
 </ResponseRule>
 <ResponseSet id="13680621263385082902">
  <Response dialog="13680621263385082900" id="13680621263385082903" cooldown="0" weight="1" oneshot="0" completeConversation="0" delay="0.25" targetType="2" targetId="11824555372635796966" speakerTrackMethod="1" targetTrackMethod="0"/>
 </ResponseSet>
 <ResponseRule id="13680621263385082920" name="" cooldown="" response="13680621263385082935">
  <Criteria>
   <Criterion id="15659330456318451386" value="13680621263353786218" comparison="0" type="guid"/>
   <Criterion id="15659330456318451410" comparison="0" value="13680621263385082903" fromResponse="1" type="guid"/>
   <Criterion id="15659330456318451477" value="11824555372635796966" comparison="0" type="guid"/>
  </Criteria>
 </ResponseRule>
 <ResponseSet id="13680621263385082935">
  <Response dialog="13680621263385082933" id="13680621263385082936" cooldown="0" weight="1" oneshot="0" completeConversation="0" delay="0.5" targetType="2" targetId="11824555372635636731" speakerTrackMethod="1" targetTrackMethod="0"/>
 </ResponseSet>
 <ResponseRule id="13680621263385082943" name="" cooldown="" response="13680621263385082944">
  <Criteria>
   <Criterion id="15659330456318451386" value="13680621263365953228" comparison="0" type="guid"/>
   <Criterion id="15659330456318451410" comparison="0" value="13680621263385082936" fromResponse="1" type="guid"/>
   <Criterion id="15659330456318451477" value="11824555372635636731" comparison="0" type="guid"/>
  </Criteria>
 </ResponseRule>
 <ResponseSet id="13680621263385082944">
  <Response dialog="13680621263385082942" id="13680621263385082945" cooldown="0" weight="1" oneshot="0" completeConversation="0" delay="0.25" targetType="2" targetId="11824555372635796966" speakerTrackMethod="1" targetTrackMethod="0"/>
 </ResponseSet>
 <ResponseRule id="13680621263385082972" name="" cooldown="" response="13680621263385082973">
  <Criteria>
   <Criterion id="15659330456318451386" value="13680621263353786218" comparison="0" type="guid"/>
   <Criterion id="15659330456318451410" comparison="0" value="13680621263385082945" fromResponse="1" type="guid"/>
   <Criterion id="15659330456318451477" value="11824555372635796966" comparison="0" type="guid"/>
  </Criteria>
 </ResponseRule>
 <ResponseSet id="13680621263385082973">
  <Response dialog="13680621263385082971" id="13680621263385082974" cooldown="0" weight="1" oneshot="0" completeConversation="0" delay="0.25" targetType="2" targetId="11824555372635636731" speakerTrackMethod="1" targetTrackMethod="0"/>
 </ResponseSet>
 <ResponseRule id="13680621263385083009" name="" cooldown="" response="13680621263385083010">
  <Criteria>
   <Criterion id="15659330456318451386" value="13680621263365953228" comparison="0" type="guid"/>
   <Criterion id="15659330456318451410" comparison="0" value="13680621263385082974" fromResponse="1" type="guid"/>
   <Criterion id="15659330456318451477" value="11824555372635636731" comparison="0" type="guid"/>
  </Criteria>
 </ResponseRule>
 <ResponseSet id="13680621263385083010">
  <Response dialog="13680621263385083008" id="13680621263385083011" cooldown="0" weight="1" oneshot="0" completeConversation="0" delay="0.25" targetType="2" targetId="11824555372635796966" speakerTrackMethod="1" targetTrackMethod="0"/>
 </ResponseSet>
 <ResponseRule id="13680621263385083179" name="" cooldown="" response="13680621263385083180">
  <Criteria>
   <Criterion id="15659330456318451386" value="13680621263365953228" comparison="0" type="guid"/>
   <Criterion id="15659330456318451410" comparison="0" value="13680621263385083011" fromResponse="1" type="guid"/>
   <Criterion id="15659330456318451477" value="11824555372635636731" comparison="0" type="guid"/>
  </Criteria>
 </ResponseRule>
 <ResponseSet id="13680621263385083180">
  <Response dialog="13680621263385083178" id="13680621263385083181" cooldown="0" weight="1" oneshot="0" completeConversation="0" delay="0.25" targetType="2" targetId="11824555372635796966" speakerTrackMethod="1" targetTrackMethod="0"/>
 </ResponseSet>
 <ResponseRule id="13680621263385083184" name="" cooldown="" response="13680621263385083185">
  <Criteria>
   <Criterion id="15659330456318451386" value="13680621263353786218" comparison="0" type="guid"/>
   <Criterion id="15659330456318451410" comparison="0" value="13680621263385083181" fromResponse="1" type="guid"/>
   <Criterion id="15659330456318451477" value="11824555372635796966" comparison="0" type="guid"/>
  </Criteria>
 </ResponseRule>
 <ResponseSet id="13680621263385083185">
  <Response dialog="13680621263385083105" id="13680621263385083186" cooldown="0" weight="1" oneshot="0" completeConversation="0" delay="1" targetType="2" targetId="11824555372635636731" speakerTrackMethod="1" targetTrackMethod="0"/>
 </ResponseSet>
 <ResponseRule id="13680621263385083197" name="" cooldown="" response="13680621263385083198">
  <Criteria>
   <Criterion id="15659330456318451386" value="13680621263365953228" comparison="0" type="guid"/>
   <Criterion id="15659330456318451410" comparison="0" value="13680621263385083186" fromResponse="1" type="guid"/>
   <Criterion id="15659330456318451477" value="11824555372635636731" comparison="0" type="guid"/>
  </Criteria>
 </ResponseRule>
 <ResponseSet id="13680621263385083198">
  <Response dialog="13680621263385083196" id="13680621263385083199" cooldown="0" weight="1" oneshot="0" completeConversation="1" delay="0.25" targetType="2" targetId="11824555372635796966" speakerTrackMethod="1" targetTrackMethod="0"/>
 </ResponseSet>
 <ResponseRule id="13680621263385084631" name="" cooldown="" response="13680621263385084632">
  <Criteria>
   <Criterion id="15659330456318451386" value="13680621263353094521" comparison="0" type="guid"/>
   <Criterion id="15659330456318451410" comparison="0" value="13680621263369435139" fromResponse="1" type="guid"/>
   <Criterion id="15659330456318451477" value="4349723564911798102" comparison="0" type="guid"/>
  </Criteria>
 </ResponseRule>
 <ResponseSet id="13680621263385084632">
  <Response dialog="13680621263385084630" id="13680621263385084633" cooldown="0" weight="1" oneshot="0" completeConversation="0" delay="0.25" targetType="2" targetId="11824555372635796966" speakerTrackMethod="1" targetTrackMethod="0"/>
 </ResponseSet>
 <ResponseRule id="13680621263385084671" name="" cooldown="" response="13680621263385084672">
  <Criteria>
   <Criterion id="15659330456318451386" value="13680621263353786218" comparison="0" type="guid"/>
   <Criterion id="15659330456318451410" comparison="0" value="13680621263385084633" fromResponse="1" type="guid"/>
   <Criterion id="15659330456318451477" value="11824555372635796966" comparison="0" type="guid"/>
  </Criteria>
 </ResponseRule>
 <ResponseSet id="13680621263385084672">
  <Response dialog="13680621263385084670" id="13680621263385084673" cooldown="0" weight="1" oneshot="0" completeConversation="0" delay="0.5" targetType="2" targetId="4349723564911798102" speakerTrackMethod="1" targetTrackMethod="0"/>
 </ResponseSet>
 <ResponseRule id="13680621263385084681" name="" cooldown="" response="13680621263385084682">
  <Criteria>
   <Criterion id="15659330456318451386" value="13680621263353094521" comparison="0" type="guid"/>
   <Criterion id="15659330456318451410" comparison="0" value="13680621263385084673" fromResponse="1" type="guid"/>
   <Criterion id="15659330456318451477" value="4349723564911798102" comparison="0" type="guid"/>
  </Criteria>
 </ResponseRule>
 <ResponseSet id="13680621263385084682">
  <Response dialog="13680621263385084680" id="13680621263385084683" cooldown="0" weight="1" oneshot="0" completeConversation="0" delay="0.5" targetType="2" targetId="11824555372635796966" speakerTrackMethod="1" targetTrackMethod="0" cutoff="0.15"/>
 </ResponseSet>
 <ResponseRule id="13680621263385084690" name="" cooldown="" response="13680621263385084691">
  <Criteria>
   <Criterion id="15659330456318451386" value="13680621263353786218" comparison="0" type="guid"/>
   <Criterion id="15659330456318451410" comparison="0" value="13680621263385084683" fromResponse="1" type="guid"/>
   <Criterion id="15659330456318451477" value="11824555372635796966" comparison="0" type="guid"/>
  </Criteria>
 </ResponseRule>
 <ResponseSet id="13680621263385084691">
  <Response dialog="13680621263385084689" id="13680621263385084692" cooldown="0" weight="1" oneshot="0" completeConversation="0" delay="0" targetType="2" targetId="4349723564911798102" speakerTrackMethod="1" targetTrackMethod="0"/>
 </ResponseSet>
 <ResponseRule id="13680621263385084948" name="" cooldown="" response="13680621263385084949">
  <Criteria>
   <Criterion id="15659330456318451386" value="13680621263353786218" comparison="0" type="guid"/>
   <Criterion id="15659330456318451410" comparison="0" value="13680621263385084692" fromResponse="1" type="guid"/>
   <Criterion id="15659330456318451477" value="11824555372635796966" comparison="0" type="guid"/>
  </Criteria>
 </ResponseRule>
 <ResponseSet id="13680621263385084949">
  <Response dialog="13680621263385084947" id="13680621263385084950" cooldown="0" weight="1" oneshot="0" completeConversation="0" delay="1" targetType="2" targetId="4349723564911798102" speakerTrackMethod="1" targetTrackMethod="0"/>
 </ResponseSet>
 <ResponseRule id="13680621263385086856" name="" cooldown="" response="13680621263385086857">
  <Criteria>
   <Criterion id="15659330456318451386" value="13680621263353786218" comparison="0" type="guid"/>
   <Criterion id="15659330456318451410" comparison="0" value="13680621263385084950" fromResponse="1" type="guid"/>
   <Criterion id="15659330456318451477" value="11824555372635796966" comparison="0" type="guid"/>
  </Criteria>
 </ResponseRule>
 <ResponseSet id="13680621263385086857">
  <Response dialog="13680621263385084976" id="13680621263385086858" cooldown="0" weight="1" oneshot="0" completeConversation="0" delay="0.25" targetType="2" targetId="4349723564911798102" speakerTrackMethod="1" targetTrackMethod="0"/>
 </ResponseSet>
 <ResponseRule id="13680621263385086864" name="" cooldown="" response="13680621263385086865">
  <Criteria>
   <Criterion id="15659330456318451386" value="13680621263353094521" comparison="0" type="guid"/>
   <Criterion id="15659330456318451410" comparison="0" value="13680621263385086858" fromResponse="1" type="guid"/>
   <Criterion id="15659330456318451477" value="4349723564911798102" comparison="0" type="guid"/>
  </Criteria>
 </ResponseRule>
 <ResponseSet id="13680621263385086865">
  <Response dialog="13680621263385086409" id="13680621263385086866" cooldown="0" weight="1" oneshot="0" completeConversation="0" delay="0.5" targetType="2" targetId="11824555372635796966" speakerTrackMethod="1" targetTrackMethod="0"/>
 </ResponseSet>
 <ResponseRule id="13680621263385086873" name="" cooldown="" response="13680621263385086874">
  <Criteria>
   <Criterion id="15659330456318451386" value="13680621263353786218" comparison="0" type="guid"/>
   <Criterion id="15659330456318451410" comparison="0" value="13680621263385086866" fromResponse="1" type="guid"/>
   <Criterion id="15659330456318451477" value="11824555372635796966" comparison="0" type="guid"/>
  </Criteria>
 </ResponseRule>
 <ResponseSet id="13680621263385086874">
  <Response dialog="13680621263385085075" id="13680621263385086875" cooldown="0" weight="1" oneshot="0" completeConversation="1" delay="1" targetType="2" targetId="4349723564911798102" speakerTrackMethod="1" targetTrackMethod="0"/>
 </ResponseSet>
</ResponseRules>