
<ResponseRules>
 <WritebackKeys/>
 <ResponseRule id="13856881013195397249" name="Time to warn the crew" cooldown="" response="13856881013195397661" oneshot="0" conversation="1" description="Emmanuel outlines his plan to EVA outside the station to warn the crew about the escape pods not working.">
  <Criteria>
   <Criterion id="15659330456318451386" value="13680621263365953228" comparison="0" type="guid"/>
   <Criterion id="15659330456318451410" comparison="0" value="onTranscribeTrigger" fromResponse="0" type="default"/>
   <Criterion comparison="0" passIfMissing="false" id="15659330456318451477" type="guid" keyType="default" value="4349723564906961892"/>
  </Criteria>
 </ResponseRule>
 <ResponseSet id="13856881013195397661">
  <Response dialog="13856881013195397660" id="13856881013195397662" cooldown="0" weight="1" oneshot="0" completeConversation="0" delay="0"/>
 </ResponseSet>
 <ResponseRule id="13680621263385138978" name="" cooldown="" response="13680621263385138979">
  <Criteria>
   <Criterion id="15659330456318451386" value="13680621263353786169" comparison="0" type="guid"/>
   <Criterion id="15659330456318451410" comparison="0" value="13856881013195397662" fromResponse="1" type="guid"/>
   <Criterion comparison="0" passIfMissing="false" id="15659330456318451477" type="guid" keyType="default" value="6732635291182868408"/>
  </Criteria>
 </ResponseRule>
 <ResponseSet id="13680621263385138979">
  <Response dialog="13680621263385138977" id="13680621263385138980" cooldown="0" weight="1" oneshot="0" completeConversation="0" delay="0.25" targetType="2" targetId="4349723564906961892" speakerTrackMethod="1" targetTrackMethod="0" cutoff="0.25"/>
 </ResponseSet>
 <ResponseRule id="13680621263385139073" name="" cooldown="" response="13680621263385139074">
  <Criteria>
   <Criterion id="15659330456318451386" value="13680621263365953228" comparison="0" type="guid"/>
   <Criterion id="15659330456318451410" comparison="0" value="13680621263385138980" fromResponse="1" type="guid"/>
   <Criterion id="15659330456318451477" value="4349723564906961892" comparison="0" type="guid"/>
  </Criteria>
 </ResponseRule>
 <ResponseSet id="13680621263385139074">
  <Response dialog="13680621263385139072" id="13680621263385139075" cooldown="0" weight="1" oneshot="0" completeConversation="0" delay="0" targetType="2" targetId="6732635291182868408" speakerTrackMethod="1" targetTrackMethod="0"/>
 </ResponseSet>
 <ResponseRule id="13680621263385139094" name="" cooldown="" response="13680621263385139095">
  <Criteria>
   <Criterion id="15659330456318451386" value="13680621263353786169" comparison="0" type="guid"/>
   <Criterion id="15659330456318451410" comparison="0" value="13680621263385139075" fromResponse="1" type="guid"/>
   <Criterion id="15659330456318451477" value="6732635291182868408" comparison="0" type="guid"/>
  </Criteria>
 </ResponseRule>
 <ResponseSet id="13680621263385139095">
  <Response dialog="13680621263385139093" id="13680621263385139096" cooldown="0" weight="1" oneshot="0" completeConversation="0" delay="0.5" targetType="2" targetId="4349723564906961892" speakerTrackMethod="1" targetTrackMethod="0"/>
 </ResponseSet>
 <ResponseRule id="13680621263385139158" name="" cooldown="" response="13680621263385139159">
  <Criteria>
   <Criterion id="15659330456318451386" value="13680621263365953228" comparison="0" type="guid"/>
   <Criterion id="15659330456318451410" comparison="0" value="13680621263385139096" fromResponse="1" type="guid"/>
   <Criterion id="15659330456318451477" value="4349723564906961892" comparison="0" type="guid"/>
  </Criteria>
 </ResponseRule>
 <ResponseSet id="13680621263385139159">
  <Response dialog="13680621263385139157" id="13680621263385139160" cooldown="0" weight="1" oneshot="0" completeConversation="0" delay="0" targetType="2" targetId="6732635291182868408" speakerTrackMethod="1" targetTrackMethod="0"/>
 </ResponseSet>
 <ResponseRule id="13680621263385140061" name="" cooldown="" response="13680621263385140062">
  <Criteria>
   <Criterion id="15659330456318451386" value="13680621263353786169" comparison="0" type="guid"/>
   <Criterion id="15659330456318451410" comparison="0" value="13680621263385139160" fromResponse="1" type="guid"/>
   <Criterion id="15659330456318451477" value="6732635291182868408" comparison="0" type="guid"/>
  </Criteria>
 </ResponseRule>
 <ResponseSet id="13680621263385140062">
  <Response dialog="13680621263385140060" id="13680621263385140063" cooldown="0" weight="1" oneshot="0" completeConversation="0" delay="0.25" targetType="2" targetId="4349723564906961892" speakerTrackMethod="1" targetTrackMethod="0"/>
 </ResponseSet>
 <ResponseRule id="13680621263385140077" name="" cooldown="" response="13680621263385140078">
  <Criteria>
   <Criterion id="15659330456318451386" value="13680621263365953228" comparison="0" type="guid"/>
   <Criterion id="15659330456318451410" comparison="0" value="13680621263385140063" fromResponse="1" type="guid"/>
   <Criterion id="15659330456318451477" value="4349723564906961892" comparison="0" type="guid"/>
  </Criteria>
 </ResponseRule>
 <ResponseSet id="13680621263385140078">
  <Response dialog="13680621263385140076" id="13680621263385140079" cooldown="0" weight="1" oneshot="0" completeConversation="0" delay="0" targetType="2" targetId="6732635291182868408" speakerTrackMethod="1" targetTrackMethod="0"/>
 </ResponseSet>
 <ResponseRule id="13680621263385140098" name="" cooldown="" response="13680621263385140099">
  <Criteria>
   <Criterion id="15659330456318451386" value="13680621263353786169" comparison="0" type="guid"/>
   <Criterion id="15659330456318451410" comparison="0" value="13680621263385140079" fromResponse="1" type="guid"/>
   <Criterion id="15659330456318451477" value="6732635291182868408" comparison="0" type="guid"/>
  </Criteria>
 </ResponseRule>
 <ResponseSet id="13680621263385140099">
  <Response dialog="13680621263385140097" id="13680621263385140100" cooldown="0" weight="1" oneshot="0" completeConversation="0" delay="1.5" targetType="2" targetId="4349723564906961892" speakerTrackMethod="1" targetTrackMethod="0"/>
 </ResponseSet>
 <ResponseRule id="13680621263385140115" name="" cooldown="" response="13680621263385140116">
  <Criteria>
   <Criterion id="15659330456318451386" value="13680621263365953228" comparison="0" type="guid"/>
   <Criterion id="15659330456318451410" comparison="0" value="13680621263385140100" fromResponse="1" type="guid"/>
   <Criterion id="15659330456318451477" value="4349723564906961892" comparison="0" type="guid"/>
  </Criteria>
 </ResponseRule>
 <ResponseSet id="13680621263385140116">
  <Response dialog="13680621263385140114" id="13680621263385140117" cooldown="0" weight="1" oneshot="0" completeConversation="0" delay="0" targetType="2" targetId="6732635291182868408" speakerTrackMethod="1" targetTrackMethod="0"/>
 </ResponseSet>
 <ResponseRule id="13680621263385140153" name="" cooldown="" response="13680621263385140154">
  <Criteria>
   <Criterion id="15659330456318451386" value="13680621263353786169" comparison="0" type="guid"/>
   <Criterion id="15659330456318451410" comparison="0" value="13680621263385140117" fromResponse="1" type="guid"/>
   <Criterion id="15659330456318451477" value="6732635291182868408" comparison="0" type="guid"/>
  </Criteria>
 </ResponseRule>
 <ResponseSet id="13680621263385140154">
  <Response dialog="13680621263385140152" id="13680621263385140155" cooldown="0" weight="1" oneshot="0" completeConversation="0" delay="0.5" targetType="2" targetId="4349723564906961892" speakerTrackMethod="1" targetTrackMethod="0"/>
 </ResponseSet>
 <ResponseRule id="13680621263385141137" name="" cooldown="" response="13680621263385141138">
  <Criteria>
   <Criterion id="15659330456318451386" value="13680621263365953228" comparison="0" type="guid"/>
   <Criterion id="15659330456318451410" comparison="0" value="13680621263385140155" fromResponse="1" type="guid"/>
   <Criterion id="15659330456318451477" value="4349723564906961892" comparison="0" type="guid"/>
  </Criteria>
 </ResponseRule>
 <ResponseSet id="13680621263385141138">
  <Response dialog="13680621263385141136" id="13680621263385141139" cooldown="0" weight="1" oneshot="0" completeConversation="0" delay="0.5" targetType="2" targetId="6732635291182868408" speakerTrackMethod="1" targetTrackMethod="0"/>
 </ResponseSet>
 <ResponseRule id="13680621263385141192" name="" cooldown="" response="13680621263385141193">
  <Criteria>
   <Criterion id="15659330456318451386" value="13680621263365953228" comparison="0" type="guid"/>
   <Criterion id="15659330456318451410" comparison="0" value="13680621263385141139" fromResponse="1" type="guid"/>
   <Criterion id="15659330456318451477" value="4349723564906961892" comparison="0" type="guid"/>
  </Criteria>
 </ResponseRule>
 <ResponseSet id="13680621263385141193">
  <Response dialog="13680621263385141191" id="13680621263385141194" cooldown="0" weight="1" oneshot="0" completeConversation="0" delay="0.25" targetType="2" targetId="6732635291182868408" speakerTrackMethod="1" targetTrackMethod="0"/>
 </ResponseSet>
 <ResponseRule id="13680621263385141545" name="" cooldown="" response="13680621263385141546">
  <Criteria>
   <Criterion id="15659330456318451386" value="13680621263353786169" comparison="0" type="guid"/>
   <Criterion id="15659330456318451410" comparison="0" value="13680621263385141194" fromResponse="1" type="guid"/>
   <Criterion id="15659330456318451477" value="6732635291182868408" comparison="0" type="guid"/>
  </Criteria>
 </ResponseRule>
 <ResponseSet id="13680621263385141546">
  <Response dialog="13680621263385141544" id="13680621263385141547" cooldown="0" weight="1" oneshot="0" completeConversation="1" delay="0" targetType="2" targetId="4349723564906961892" speakerTrackMethod="1" targetTrackMethod="0"/>
 </ResponseSet>
</ResponseRules>