
<ResponseRules>
 <WritebackKeys/>
 <ResponseRule id="13680621263389040275" name="Captain Jada Marks Golden Gun" cooldown="" conversation="1" description="Captain Jada Marks sends a TranScribe message to Marietta Kyrkos asking her to fetch the captain&apos;s prize pistol &quot;Artemis&quot; from her quarters and bring it to the bridge. The captain has seen a few troubling signs that some sort of trouble is spreading on the station and connot leave her post. She wants the pistol with her in case an evacuation is in order, and to impose orders should things go seriouly awry on Talos." response="13680621263389040370">
  <Criteria>
   <Criterion id="15659330456318451386" value="13680621263353786238" comparison="0" type="guid"/>
   <Criterion id="15659330456318451410" comparison="0" value="onTranscribeTrigger" fromResponse="0" type="default"/>
   <Criterion comparison="0" passIfMissing="false" id="15659330456318451477" type="guid" keyType="default" value="4349723564911796559"/>
  </Criteria>
 </ResponseRule>
 <ResponseSet id="13680621263389040370">
  <Response dialog="13680621263389040369" id="13680621263389040371" cooldown="0" weight="1" oneshot="0" completeConversation="0" delay="0"/>
 </ResponseSet>
 <ResponseRule id="13680621263389040407" name="" cooldown="" response="13680621263389040408">
  <Criteria>
   <Criterion id="15659330456318451386" value="4349723564911543122" comparison="0" type="guid"/>
   <Criterion id="15659330456318451410" comparison="0" value="13680621263389040371" fromResponse="1" type="guid"/>
   <Criterion comparison="0" passIfMissing="false" id="15659330456318451477" type="guid" keyType="default" value="4349723564911790718"/>
  </Criteria>
 </ResponseRule>
 <ResponseSet id="13680621263389040408">
  <Response dialog="13680621263389040406" id="13680621263389040409" cooldown="0" weight="1" oneshot="0" completeConversation="0" delay="0" targetType="2" targetId="4349723564911796559" speakerTrackMethod="1" targetTrackMethod="0"/>
 </ResponseSet>
 <ResponseRule id="13680621263389040485" name="" cooldown="" response="13680621263389040486">
  <Criteria>
   <Criterion id="15659330456318451386" value="13680621263353786238" comparison="0" type="guid"/>
   <Criterion id="15659330456318451410" comparison="0" value="13680621263389040409" fromResponse="1" type="guid"/>
   <Criterion id="15659330456318451477" value="4349723564911796559" comparison="0" type="guid"/>
  </Criteria>
 </ResponseRule>
 <ResponseSet id="13680621263389040486">
  <Response dialog="13680621263389040484" id="13680621263389040487" cooldown="0" weight="1" oneshot="0" completeConversation="0" delay="0.25" targetType="2" targetId="4349723564911790718" speakerTrackMethod="1" targetTrackMethod="0"/>
 </ResponseSet>
 <ResponseRule id="13680621263389040504" name="" cooldown="" response="13680621263389040505">
  <Criteria>
   <Criterion id="15659330456318451386" value="4349723564911543122" comparison="0" type="guid"/>
   <Criterion id="15659330456318451410" comparison="0" value="13680621263389040487" fromResponse="1" type="guid"/>
   <Criterion id="15659330456318451477" value="4349723564911790718" comparison="0" type="guid"/>
  </Criteria>
 </ResponseRule>
 <ResponseSet id="13680621263389040505">
  <Response dialog="13680621263389040503" id="13680621263389040506" cooldown="0" weight="1" oneshot="0" completeConversation="0" delay="0.25" targetType="2" targetId="4349723564911796559" speakerTrackMethod="1" targetTrackMethod="0"/>
 </ResponseSet>
 <ResponseRule id="13680621263389040522" name="" cooldown="" response="13680621263389040523">
  <Criteria>
   <Criterion id="15659330456318451386" value="4349723564911543122" comparison="0" type="guid"/>
   <Criterion id="15659330456318451410" comparison="0" value="13680621263389040506" fromResponse="1" type="guid"/>
   <Criterion id="15659330456318451477" value="4349723564911790718" comparison="0" type="guid"/>
  </Criteria>
 </ResponseRule>
 <ResponseSet id="13680621263389040523">
  <Response dialog="13680621263389040521" id="13680621263389040524" cooldown="0" weight="1" oneshot="0" completeConversation="0" delay="0.25" targetType="2" targetId="4349723564911796559" speakerTrackMethod="1" targetTrackMethod="0"/>
 </ResponseSet>
 <ResponseRule id="13680621263389040540" name="" cooldown="" response="13680621263389040541">
  <Criteria>
   <Criterion id="15659330456318451386" value="13680621263353786238" comparison="0" type="guid"/>
   <Criterion id="15659330456318451410" comparison="0" value="13680621263389040524" fromResponse="1" type="guid"/>
   <Criterion id="15659330456318451477" value="4349723564911796559" comparison="0" type="guid"/>
  </Criteria>
 </ResponseRule>
 <ResponseSet id="13680621263389040541">
  <Response dialog="13680621263389040539" id="13680621263389040542" cooldown="0" weight="1" oneshot="0" completeConversation="1" delay="0.25" targetType="2" targetId="4349723564911790718" speakerTrackMethod="1" targetTrackMethod="0"/>
 </ResponseSet>
 <ResponseRule id="13680621263389040640" name="Captain Jada Marks Shuttle Destruction" cooldown="" conversation="1" description="Agonizes over destroying a shuttle that might or might not have mimcs on board. " response="13680621263389040668">
  <Criteria>
   <Criterion id="15659330456318451386" value="4349723564911543122" comparison="0" type="guid"/>
   <Criterion id="15659330456318451410" comparison="0" value="onTranscribeTrigger" fromResponse="0" type="default"/>
   <Criterion comparison="0" passIfMissing="false" id="15659330456318451477" type="guid" keyType="default" value="4349723564911790718"/>
  </Criteria>
 </ResponseRule>
 <ResponseSet id="13680621263389040668">
  <Response dialog="13680621263389040667" id="13680621263389040669" cooldown="0" weight="1" oneshot="0" completeConversation="0" delay="0"/>
 </ResponseSet>
 <ResponseRule id="13680621263389040696" name="" cooldown="" response="13680621263389040697">
  <Criteria>
   <Criterion id="15659330456318451386" value="4349723564911543122" comparison="0" type="guid"/>
   <Criterion id="15659330456318451410" comparison="0" value="13680621263389040669" fromResponse="1" type="guid"/>
   <Criterion id="15659330456318451477" value="4349723564911790718" comparison="0" type="guid"/>
  </Criteria>
 </ResponseRule>
 <ResponseSet id="13680621263389040697">
  <Response dialog="13680621263389040695" id="13680621263389040698" cooldown="0" weight="1" oneshot="0" completeConversation="0" delay="0.5"/>
 </ResponseSet>
 <ResponseRule id="13680621263389040706" name="" cooldown="" response="13680621263389040707">
  <Criteria>
   <Criterion id="15659330456318451386" value="4349723564911543122" comparison="0" type="guid"/>
   <Criterion id="15659330456318451410" comparison="0" value="13680621263389040698" fromResponse="1" type="guid"/>
   <Criterion id="15659330456318451477" value="4349723564911790718" comparison="0" type="guid"/>
  </Criteria>
 </ResponseRule>
 <ResponseSet id="13680621263389040707">
  <Response dialog="13680621263389040705" id="13680621263389040708" cooldown="0" weight="1" oneshot="0" completeConversation="0" delay="0.5"/>
 </ResponseSet>
 <ResponseRule id="13680621263389040715" name="" cooldown="" response="13680621263389040716">
  <Criteria>
   <Criterion id="15659330456318451386" value="4349723564911543122" comparison="0" type="guid"/>
   <Criterion id="15659330456318451410" comparison="0" value="13680621263389040708" fromResponse="1" type="guid"/>
   <Criterion id="15659330456318451477" value="4349723564911790718" comparison="0" type="guid"/>
  </Criteria>
 </ResponseRule>
 <ResponseSet id="13680621263389040716">
  <Response dialog="13680621263389040714" id="13680621263389040717" cooldown="0" weight="1" oneshot="0" completeConversation="0" delay="0.75"/>
 </ResponseSet>
 <ResponseRule id="13680621263389040725" name="" cooldown="" response="13680621263389040726">
  <Criteria>
   <Criterion id="15659330456318451386" value="4349723564911543122" comparison="0" type="guid"/>
   <Criterion id="15659330456318451410" comparison="0" value="13680621263389040717" fromResponse="1" type="guid"/>
   <Criterion id="15659330456318451477" value="4349723564911790718" comparison="0" type="guid"/>
  </Criteria>
 </ResponseRule>
 <ResponseSet id="13680621263389040726">
  <Response dialog="13680621263389040724" id="13680621263389040727" cooldown="0" weight="1" oneshot="0" completeConversation="0" delay="0.6"/>
 </ResponseSet>
 <ResponseRule id="13680621263389040733" name="" cooldown="" response="13680621263389040734">
  <Criteria>
   <Criterion id="15659330456318451386" value="4349723564911543122" comparison="0" type="guid"/>
   <Criterion id="15659330456318451410" comparison="0" value="13680621263389040727" fromResponse="1" type="guid"/>
   <Criterion id="15659330456318451477" value="4349723564911790718" comparison="0" type="guid"/>
  </Criteria>
 </ResponseRule>
 <ResponseSet id="13680621263389040734">
  <Response dialog="13680621263389040732" id="13680621263389040735" cooldown="0" weight="1" oneshot="0" completeConversation="0" delay="0.5"/>
 </ResponseSet>
 <ResponseRule id="13680621263389040742" name="" cooldown="" response="13680621263389040743">
  <Criteria>
   <Criterion id="15659330456318451386" value="13680621263353094521" comparison="0" type="guid"/>
   <Criterion id="15659330456318451410" comparison="0" value="13680621263389040735" fromResponse="1" type="guid"/>
   <Criterion comparison="0" passIfMissing="false" id="15659330456318451477" type="guid" keyType="default" value="4349723564911796684"/>
  </Criteria>
 </ResponseRule>
 <ResponseSet id="13680621263389040743">
  <Response dialog="13680621263385380677" id="13680621263389040744" cooldown="0" weight="1" oneshot="0" completeConversation="0" delay="0" targetType="2" targetId="4349723564911790718" speakerTrackMethod="1" targetTrackMethod="0" cutoff="0.5"/>
 </ResponseSet>
 <ResponseRule id="13680621263389040767" name="" cooldown="" response="13680621263389040768">
  <Criteria>
   <Criterion id="15659330456318451386" value="4349723564911543122" comparison="0" type="guid"/>
   <Criterion id="15659330456318451410" comparison="0" value="13680621263389040744" fromResponse="1" type="guid"/>
   <Criterion id="15659330456318451477" value="4349723564911790718" comparison="0" type="guid"/>
  </Criteria>
 </ResponseRule>
 <ResponseSet id="13680621263389040768">
  <Response dialog="13680621263389040766" id="13680621263389040769" cooldown="0" weight="1" oneshot="0" completeConversation="1" delay="0" targetType="2" targetId="4349723564911796684" speakerTrackMethod="1" targetTrackMethod="0"/>
 </ResponseSet>
 <ResponseRule id="13680621263389040895" name="Captain Jada Marks Calls Alex to Ask for Evac" cooldown="" conversation="1" description="A log of when things started to go wrong." response="13680621263389041058">
  <Criteria>
   <Criterion id="15659330456318451386" value="4349723564911543122" comparison="0" type="guid"/>
   <Criterion id="15659330456318451410" comparison="0" value="onTranscribeTrigger" fromResponse="0" type="default"/>
   <Criterion comparison="0" passIfMissing="false" id="15659330456318451477" type="guid" keyType="default" value="4349723564911790718"/>
  </Criteria>
 </ResponseRule>
 <ResponseSet id="13680621263389041058">
  <Response dialog="13680621263389041057" id="13680621263389041059" cooldown="0" weight="1" oneshot="0" completeConversation="0" delay="0"/>
 </ResponseSet>
 <ResponseRule id="13680621263389041203" name="" cooldown="" response="13680621263389041204">
  <Criteria>
   <Criterion id="15659330456318451386" value="4349723564911543122" comparison="0" type="guid"/>
   <Criterion id="15659330456318451410" comparison="0" value="13680621263389041059" fromResponse="1" type="guid"/>
   <Criterion id="15659330456318451477" value="4349723564911790718" comparison="0" type="guid"/>
  </Criteria>
 </ResponseRule>
 <ResponseSet id="13680621263389041204">
  <Response dialog="13680621263389041202" id="13680621263389041205" cooldown="0" weight="1" oneshot="0" completeConversation="0" delay="0.25"/>
 </ResponseSet>
 <ResponseRule id="13680621263389041390" name="" cooldown="" response="13680621263389041391">
  <Criteria>
   <Criterion id="15659330456318451386" value="4349723564911543122" comparison="0" type="guid"/>
   <Criterion id="15659330456318451410" comparison="0" value="13680621263389041205" fromResponse="1" type="guid"/>
   <Criterion id="15659330456318451477" value="4349723564911790718" comparison="0" type="guid"/>
  </Criteria>
 </ResponseRule>
 <ResponseSet id="13680621263389041391">
  <Response dialog="13680621263389041389" id="13680621263389041392" cooldown="0" weight="1" oneshot="0" completeConversation="0" delay="0.25"/>
 </ResponseSet>
 <ResponseRule id="13680621263389041399" name="" cooldown="" response="13680621263389041400">
  <Criteria>
   <Criterion id="15659330456318451386" value="4349723564911543122" comparison="0" type="guid"/>
   <Criterion id="15659330456318451410" comparison="0" value="13680621263389041392" fromResponse="1" type="guid"/>
   <Criterion id="15659330456318451477" value="4349723564911790718" comparison="0" type="guid"/>
  </Criteria>
 </ResponseRule>
 <ResponseSet id="13680621263389041400">
  <Response dialog="13680621263389041398" id="13680621263389041401" cooldown="0" weight="1" oneshot="0" completeConversation="1" delay="0.25"/>
 </ResponseSet>
</ResponseRules>