
<ResponseRules>
 <WritebackKeys/>
 <ResponseRule id="13680621263391961879" name="Admit You Stole My Ideas" cooldown="" response="13680621263391963650" conversation="1">
  <Criteria>
   <Criterion id="15659330456318451386" value="13680621263353094521" comparison="0" type="guid"/>
   <Criterion id="15659330456318451410" comparison="0" value="onTranscribeTrigger" fromResponse="0" type="default"/>
   <Criterion comparison="0" passIfMissing="false" id="15659330456318451477" type="guid" keyType="default" value="4349723564911778216"/>
  </Criteria>
 </ResponseRule>
 <ResponseSet id="13680621263391963650">
  <Response dialog="13680621263391963649" id="13680621263391963651" cooldown="0" weight="1" oneshot="0" completeConversation="0" delay="0" cutoff="0"/>
 </ResponseSet>
 <ResponseRule id="13680621263391963691" name="" cooldown="" response="13680621263391963692">
  <Criteria>
   <Criterion id="15659330456318451386" value="13680621263353786169" comparison="0" type="guid"/>
   <Criterion id="15659330456318451410" comparison="0" value="13680621263391963651" fromResponse="1" type="guid"/>
   <Criterion comparison="0" passIfMissing="false" id="15659330456318451477" type="guid" keyType="default" value="4349723564911778280"/>
  </Criteria>
 </ResponseRule>
 <ResponseSet id="13680621263391963692">
  <Response dialog="13680621263391963690" id="13680621263391963693" cooldown="0" weight="1" oneshot="0" completeConversation="0" delay="0" cutoff="0" targetType="2" targetId="4349723564911778216" speakerTrackMethod="1" targetTrackMethod="0"/>
 </ResponseSet>
 <ResponseRule id="13680621263391964003" name="" cooldown="" response="13680621263391964004">
  <Criteria>
   <Criterion id="15659330456318451386" value="13680621263353094521" comparison="0" type="guid"/>
   <Criterion id="15659330456318451410" comparison="0" value="13680621263391963693" fromResponse="1" type="guid"/>
   <Criterion id="15659330456318451477" value="4349723564911778216" comparison="0" type="guid"/>
  </Criteria>
 </ResponseRule>
 <ResponseSet id="13680621263391964004">
  <Response dialog="13680621263391964002" id="13680621263391964005" cooldown="0" weight="1" oneshot="0" completeConversation="0" delay="0" cutoff="0" targetType="2" targetId="4349723564911778280" speakerTrackMethod="1" targetTrackMethod="0"/>
 </ResponseSet>
 <ResponseRule id="13680621263391964028" name="" cooldown="" response="13680621263391964029">
  <Criteria>
   <Criterion id="15659330456318451386" value="13680621263353786169" comparison="0" type="guid"/>
   <Criterion id="15659330456318451410" comparison="0" value="13680621263391964005" fromResponse="1" type="guid"/>
   <Criterion id="15659330456318451477" value="4349723564911778280" comparison="0" type="guid"/>
  </Criteria>
 </ResponseRule>
 <ResponseSet id="13680621263391964029">
  <Response dialog="13680621263391964027" id="13680621263391964030" cooldown="0" weight="1" oneshot="0" completeConversation="0" delay="0" cutoff="0" targetType="2" targetId="4349723564911778216" speakerTrackMethod="1" targetTrackMethod="0"/>
 </ResponseSet>
 <ResponseRule id="13680621263391964082" name="" cooldown="" response="13680621263391964083">
  <Criteria>
   <Criterion id="15659330456318451386" value="13680621263353786169" comparison="0" type="guid"/>
   <Criterion id="15659330456318451410" comparison="0" value="13680621263391964030" fromResponse="1" type="guid"/>
   <Criterion id="15659330456318451477" value="4349723564911778280" comparison="0" type="guid"/>
  </Criteria>
 </ResponseRule>
 <ResponseSet id="13680621263391964083">
  <Response dialog="13680621263391964081" id="13680621263391964084" cooldown="0" weight="1" oneshot="0" completeConversation="0" delay="0.25" cutoff="0" targetType="2" targetId="4349723564911778216" speakerTrackMethod="1" targetTrackMethod="0"/>
 </ResponseSet>
 <ResponseRule id="13680621263391964153" name="" cooldown="" response="13680621263391964154">
  <Criteria>
   <Criterion id="15659330456318451386" value="13680621263353786169" comparison="0" type="guid"/>
   <Criterion id="15659330456318451410" comparison="0" value="13680621263391964084" fromResponse="1" type="guid"/>
   <Criterion id="15659330456318451477" value="4349723564911778280" comparison="0" type="guid"/>
  </Criteria>
 </ResponseRule>
 <ResponseSet id="13680621263391964154">
  <Response dialog="13680621263391964152" id="13680621263391964155" cooldown="0" weight="1" oneshot="0" completeConversation="0" delay="0.25" cutoff="0" targetType="2" targetId="4349723564911778216" speakerTrackMethod="1" targetTrackMethod="0"/>
 </ResponseSet>
 <ResponseRule id="13680621263391964186" name="" cooldown="" response="13680621263391964187">
  <Criteria>
   <Criterion id="15659330456318451386" value="13680621263353786169" comparison="0" type="guid"/>
   <Criterion id="15659330456318451410" comparison="0" value="13680621263391964155" fromResponse="1" type="guid"/>
   <Criterion id="15659330456318451477" value="4349723564911778280" comparison="0" type="guid"/>
  </Criteria>
 </ResponseRule>
 <ResponseSet id="13680621263391964187">
  <Response dialog="13680621263391964185" id="13680621263391964188" cooldown="0" weight="1" oneshot="0" completeConversation="0" delay="0.25" cutoff="0" targetType="2" targetId="4349723564911778216" speakerTrackMethod="1" targetTrackMethod="0"/>
 </ResponseSet>
 <ResponseRule id="13680621263391964225" name="" cooldown="" response="13680621263391964226">
  <Criteria>
   <Criterion id="15659330456318451386" value="13680621263353786169" comparison="0" type="guid"/>
   <Criterion id="15659330456318451410" comparison="0" value="13680621263391964188" fromResponse="1" type="guid"/>
   <Criterion id="15659330456318451477" value="4349723564911778280" comparison="0" type="guid"/>
  </Criteria>
 </ResponseRule>
 <ResponseSet id="13680621263391964226">
  <Response dialog="13680621263391964224" id="13680621263391964227" cooldown="0" weight="1" oneshot="0" completeConversation="0" delay="0.25" cutoff="0" targetType="2" targetId="4349723564911778216" speakerTrackMethod="1" targetTrackMethod="0"/>
 </ResponseSet>
 <ResponseRule id="13680621263391964255" name="" cooldown="" response="13680621263391964256">
  <Criteria>
   <Criterion id="15659330456318451386" value="13680621263353786169" comparison="0" type="guid"/>
   <Criterion id="15659330456318451410" comparison="0" value="13680621263391964227" fromResponse="1" type="guid"/>
   <Criterion id="15659330456318451477" value="4349723564911778280" comparison="0" type="guid"/>
  </Criteria>
 </ResponseRule>
 <ResponseSet id="13680621263391964256">
  <Response dialog="13680621263391964254" id="13680621263391964257" cooldown="0" weight="1" oneshot="0" completeConversation="0" delay="1" cutoff="0" targetType="2" targetId="4349723564911778216" speakerTrackMethod="1" targetTrackMethod="0"/>
 </ResponseSet>
 <ResponseRule id="13680621263391964288" name="" cooldown="" response="13680621263391964289">
  <Criteria>
   <Criterion id="15659330456318451386" value="13680621263353094521" comparison="0" type="guid"/>
   <Criterion id="15659330456318451410" comparison="0" value="13680621263391964257" fromResponse="1" type="guid"/>
   <Criterion id="15659330456318451477" value="4349723564911778216" comparison="0" type="guid"/>
  </Criteria>
 </ResponseRule>
 <ResponseSet id="13680621263391964289">
  <Response dialog="13680621263391964287" id="13680621263391964290" cooldown="0" weight="1" oneshot="0" completeConversation="0" delay="0.25" cutoff="4" targetType="2" targetId="4349723564911778280" speakerTrackMethod="1" targetTrackMethod="0"/>
 </ResponseSet>
 <ResponseRule id="13680621263391964325" name="" cooldown="" response="13680621263391964326">
  <Criteria>
   <Criterion id="15659330456318451386" value="13680621263353786169" comparison="0" type="guid"/>
   <Criterion id="15659330456318451410" comparison="0" value="13680621263391964290" fromResponse="1" type="guid"/>
   <Criterion id="15659330456318451477" value="4349723564911778280" comparison="0" type="guid"/>
  </Criteria>
 </ResponseRule>
 <ResponseSet id="13680621263391964326">
  <Response dialog="13680621263391964324" id="13680621263391964327" cooldown="0" weight="1" oneshot="0" completeConversation="1" delay="0" cutoff="0" targetType="2" targetId="4349723564911778216" speakerTrackMethod="1" targetTrackMethod="0"/>
 </ResponseSet>
</ResponseRules>