
<ResponseRules>
 <WritebackKeys/>
 <ResponseRule id="13680621263368792616" name="Super Fruit Formula" cooldown="" response="13680621263368792803" description="Note to self about his experiments to create a fertilizer that will accelerate growth and boost benefits of some of the TranStar fruit." conversation="1">
  <Criteria>
   <Criterion id="15659330456318451386" value="13680621263365953228" comparison="0" type="guid"/>
   <Criterion id="15659330456318451410" comparison="0" value="onTranscribeTrigger" fromResponse="0" type="default"/>
   <Criterion comparison="0" passIfMissing="false" id="15659330456318451477" type="guid" keyType="default" value="14667999412531069952"/>
  </Criteria>
 </ResponseRule>
 <ResponseSet id="13680621263368792803">
  <Response dialog="13680621263368792802" id="13680621263368792804" cooldown="0" weight="1" oneshot="0" completeConversation="0" delay="0"/>
 </ResponseSet>
 <ResponseRule id="13680621263385171388" name="" cooldown="" response="13680621263385171389">
  <Criteria>
   <Criterion id="15659330456318451386" value="13680621263365953228" comparison="0" type="guid"/>
   <Criterion id="15659330456318451410" comparison="0" value="13680621263368792804" fromResponse="1" type="guid"/>
   <Criterion id="15659330456318451477" value="14667999412531069952" comparison="0" type="guid"/>
  </Criteria>
 </ResponseRule>
 <ResponseSet id="13680621263385171389">
  <Response dialog="13680621263385171387" id="13680621263385171390" cooldown="0" weight="1" oneshot="0" completeConversation="0" delay="0.5"/>
 </ResponseSet>
 <ResponseRule id="13680621263385171436" name="" cooldown="" response="13680621263385171437">
  <Criteria>
   <Criterion id="15659330456318451386" value="13680621263365953228" comparison="0" type="guid"/>
   <Criterion id="15659330456318451410" comparison="0" value="13680621263385171390" fromResponse="1" type="guid"/>
   <Criterion id="15659330456318451477" value="14667999412531069952" comparison="0" type="guid"/>
  </Criteria>
 </ResponseRule>
 <ResponseSet id="13680621263385171437">
  <Response dialog="13680621263385171435" id="13680621263385171438" cooldown="0" weight="1" oneshot="0" completeConversation="0" delay="0.25"/>
 </ResponseSet>
 <ResponseRule id="13680621263385171446" name="" cooldown="" response="13680621263385171447">
  <Criteria>
   <Criterion id="15659330456318451386" value="13680621263365953228" comparison="0" type="guid"/>
   <Criterion id="15659330456318451410" comparison="0" value="13680621263385171438" fromResponse="1" type="guid"/>
   <Criterion id="15659330456318451477" value="14667999412531069952" comparison="0" type="guid"/>
  </Criteria>
 </ResponseRule>
 <ResponseSet id="13680621263385171447">
  <Response dialog="13680621263385171445" id="13680621263385171448" cooldown="0" weight="1" oneshot="0" completeConversation="0" delay="0.6"/>
 </ResponseSet>
 <ResponseRule id="13680621263385171465" name="" cooldown="" response="13680621263385171466">
  <Criteria>
   <Criterion id="15659330456318451386" value="13680621263365953228" comparison="0" type="guid"/>
   <Criterion id="15659330456318451410" comparison="0" value="13680621263385171448" fromResponse="1" type="guid"/>
   <Criterion id="15659330456318451477" value="14667999412531069952" comparison="0" type="guid"/>
  </Criteria>
 </ResponseRule>
 <ResponseSet id="13680621263385171466">
  <Response dialog="13680621263385171464" id="13680621263385171467" cooldown="0" weight="1" oneshot="0" completeConversation="1" delay="0.5"/>
 </ResponseSet>
</ResponseRules>