
<ResponseRules description="">
 <WritebackKeys/>
 <ResponseRule id="13680621263365951601" name="Grounding Resistor" cooldown="" oneshot="0" conversation="1" description="Lan Reports to Mathew Conolly she replaced the resistor to Ilyushin&apos;s office. Lan is perplexed by the problem. A little defensive. Tired." response="13680621263365952162">
  <Criteria>
   <Criterion id="15659330456318451386" value="13680621263353786228" comparison="0" type="guid"/>
   <Criterion id="15659330456318451410" comparison="0" value="onTranscribeTrigger" fromResponse="0" type="default"/>
   <Criterion comparison="0" passIfMissing="false" id="15659330456318451477" type="guid" keyType="default" value="6732635291182868501"/>
  </Criteria>
 </ResponseRule>
 <ResponseSet id="13680621263365952162">
  <Response dialog="13680621263365952161" id="13680621263365952163" cooldown="0" weight="1" oneshot="0" completeConversation="0"/>
 </ResponseSet>
 <ResponseRule id="13680621263366568836" name="Reactor Diverters" cooldown="" oneshot="0" conversation="1" description="Lan tells Nicholas Still Water that she sent a load of new diverters for the Power Plant. " response="13680621263366568900">
  <Criteria>
   <Criterion id="15659330456318451386" value="13680621263353786228" comparison="0" type="guid"/>
   <Criterion id="15659330456318451410" comparison="0" value="onTranscribeTrigger" fromResponse="0" type="default"/>
   <Criterion comparison="0" passIfMissing="false" id="15659330456318451477" type="guid" keyType="default" value="6732635291182868501"/>
  </Criteria>
 </ResponseRule>
 <ResponseSet id="13680621263366568900">
  <Response dialog="13680621263366568899" id="13680621263366568901" cooldown="0" weight="1" oneshot="0" completeConversation="1"/>
 </ResponseSet>
 <ResponseRule id="13680621263366582342" name="" cooldown="" response="13680621263366582343">
  <Criteria>
   <Criterion id="15659330456318451386" value="13680621263353786169" comparison="0" type="guid"/>
   <Criterion id="15659330456318451410" comparison="0" value="13680621263365952163" fromResponse="1" type="guid"/>
   <Criterion comparison="0" passIfMissing="false" id="15659330456318451477" type="guid" keyType="default" value="6732635291182868408"/>
  </Criteria>
 </ResponseRule>
 <ResponseSet id="13680621263366582343">
  <Response dialog="13680621263366582341" id="13680621263366582344" cooldown="0" weight="1" oneshot="0" completeConversation="0" delay="0.5"/>
 </ResponseSet>
 <ResponseRule id="13680621263366582412" name="" cooldown="" response="13680621263366582413">
  <Criteria>
   <Criterion id="15659330456318451386" value="13680621263353786228" comparison="0" type="guid"/>
   <Criterion id="15659330456318451410" comparison="0" value="13680621263366582344" fromResponse="1" type="guid"/>
   <Criterion id="15659330456318451477" value="6732635291182868501" comparison="0" type="guid"/>
  </Criteria>
 </ResponseRule>
 <ResponseSet id="13680621263366582413">
  <Response dialog="13680621263366579616" id="13680621263366582414" cooldown="0" weight="1" oneshot="0" completeConversation="0" delay="0.25"/>
 </ResponseSet>
 <ResponseRule id="13680621263366582426" name="" cooldown="" response="13680621263366582427">
  <Criteria>
   <Criterion id="15659330456318451386" value="13680621263353786169" comparison="0" type="guid"/>
   <Criterion id="15659330456318451410" comparison="0" value="13680621263366582414" fromResponse="1" type="guid"/>
   <Criterion id="15659330456318451477" value="6732635291182868408" comparison="0" type="guid"/>
  </Criteria>
 </ResponseRule>
 <ResponseSet id="13680621263366582427">
  <Response dialog="13680621263366582425" id="13680621263366582428" cooldown="0" weight="1" oneshot="0" completeConversation="0" delay="0.25"/>
 </ResponseSet>
 <ResponseRule id="13680621263366582433" name="" cooldown="" response="13680621263366582434">
  <Criteria>
   <Criterion id="15659330456318451386" value="13680621263353786228" comparison="0" type="guid"/>
   <Criterion id="15659330456318451410" comparison="0" value="13680621263366582428" fromResponse="1" type="guid"/>
   <Criterion id="15659330456318451477" value="6732635291182868501" comparison="0" type="guid"/>
  </Criteria>
 </ResponseRule>
 <ResponseSet id="13680621263366582434">
  <Response dialog="13680621263366582432" id="13680621263366582435" cooldown="0" weight="1" oneshot="0" completeConversation="0" delay="0.5"/>
 </ResponseSet>
 <ResponseRule id="13680621263366582445" name="" cooldown="" response="13680621263366582446">
  <Criteria>
   <Criterion id="15659330456318451386" value="13680621263353786169" comparison="0" type="guid"/>
   <Criterion id="15659330456318451410" comparison="0" value="13680621263366582435" fromResponse="1" type="guid"/>
   <Criterion id="15659330456318451477" value="6732635291182868408" comparison="0" type="guid"/>
  </Criteria>
 </ResponseRule>
 <ResponseSet id="13680621263366582446">
  <Response dialog="13680621263366582444" id="13680621263366582447" cooldown="0" weight="1" oneshot="0" completeConversation="0" delay="0.25"/>
 </ResponseSet>
 <ResponseRule id="13680621263366582460" name="" cooldown="" response="13680621263366582461">
  <Criteria>
   <Criterion id="15659330456318451386" value="13680621263353786228" comparison="0" type="guid"/>
   <Criterion id="15659330456318451410" comparison="0" value="13680621263366582447" fromResponse="1" type="guid"/>
   <Criterion id="15659330456318451477" value="6732635291182868501" comparison="0" type="guid"/>
  </Criteria>
 </ResponseRule>
 <ResponseSet id="13680621263366582461">
  <Response dialog="13680621263366582459" id="13680621263366582462" cooldown="0" weight="1" oneshot="0" completeConversation="0" delay="0.25"/>
 </ResponseSet>
 <ResponseRule id="13680621263366582472" name="" cooldown="" response="13680621263366582473">
  <Criteria>
   <Criterion id="15659330456318451386" value="13680621263353786169" comparison="0" type="guid"/>
   <Criterion id="15659330456318451410" comparison="0" value="13680621263366582462" fromResponse="1" type="guid"/>
   <Criterion id="15659330456318451477" value="6732635291182868408" comparison="0" type="guid"/>
  </Criteria>
 </ResponseRule>
 <ResponseSet id="13680621263366582473">
  <Response dialog="13680621263366582471" id="13680621263366582474" cooldown="0" weight="1" oneshot="0" completeConversation="0" delay="0.6"/>
 </ResponseSet>
 <ResponseRule id="13680621263366582497" name="" cooldown="" response="13680621263366582498">
  <Criteria>
   <Criterion id="15659330456318451386" value="13680621263353786228" comparison="0" type="guid"/>
   <Criterion id="15659330456318451410" comparison="0" value="13680621263366582474" fromResponse="1" type="guid"/>
   <Criterion id="15659330456318451477" value="6732635291182868501" comparison="0" type="guid"/>
  </Criteria>
 </ResponseRule>
 <ResponseSet id="13680621263366582498">
  <Response dialog="13680621263366582496" id="13680621263366582499" cooldown="0" weight="1" oneshot="0" completeConversation="0" delay="0.75"/>
 </ResponseSet>
 <ResponseRule id="13680621263366582514" name="" cooldown="" response="13680621263366582515">
  <Criteria>
   <Criterion id="15659330456318451386" value="13680621263353786169" comparison="0" type="guid"/>
   <Criterion id="15659330456318451410" comparison="0" value="13680621263366582499" fromResponse="1" type="guid"/>
   <Criterion id="15659330456318451477" value="6732635291182868408" comparison="0" type="guid"/>
  </Criteria>
 </ResponseRule>
 <ResponseSet id="13680621263366582515">
  <Response dialog="13680621263366582513" id="13680621263366582516" cooldown="0" weight="1" oneshot="0" completeConversation="0" delay="0.6"/>
 </ResponseSet>
 <ResponseRule id="13680621263366582523" name="" cooldown="" response="13680621263366582524">
  <Criteria>
   <Criterion id="15659330456318451386" value="13680621263353786228" comparison="0" type="guid"/>
   <Criterion id="15659330456318451410" comparison="0" value="13680621263366582516" fromResponse="1" type="guid"/>
   <Criterion id="15659330456318451477" value="6732635291182868501" comparison="0" type="guid"/>
  </Criteria>
 </ResponseRule>
 <ResponseSet id="13680621263366582524">
  <Response dialog="13680621263366582522" id="13680621263366582525" cooldown="0" weight="1" oneshot="0" completeConversation="0" delay="0.25"/>
 </ResponseSet>
 <ResponseRule id="13680621263366582532" name="" cooldown="" response="13680621263366582533">
  <Criteria>
   <Criterion id="15659330456318451386" value="13680621263353786169" comparison="0" type="guid"/>
   <Criterion id="15659330456318451410" comparison="0" value="13680621263366582525" fromResponse="1" type="guid"/>
   <Criterion id="15659330456318451477" value="6732635291182868408" comparison="0" type="guid"/>
  </Criteria>
 </ResponseRule>
 <ResponseSet id="13680621263366582533">
  <Response dialog="13680621263366582531" id="13680621263366582534" cooldown="0" weight="1" oneshot="0" completeConversation="0" delay="0.25"/>
 </ResponseSet>
 <ResponseRule id="13680621263366582561" name="" cooldown="" response="13680621263366582562">
  <Criteria>
   <Criterion id="15659330456318451386" value="13680621263353786228" comparison="0" type="guid"/>
   <Criterion id="15659330456318451410" comparison="0" value="13680621263366582534" fromResponse="1" type="guid"/>
   <Criterion id="15659330456318451477" value="6732635291182868501" comparison="0" type="guid"/>
  </Criteria>
 </ResponseRule>
 <ResponseSet id="13680621263366582562">
  <Response dialog="13680621263366582560" id="13680621263366582563" cooldown="0" weight="1" oneshot="0" completeConversation="1" delay="0.5"/>
 </ResponseSet>
 <ResponseRule id="13680621263367532858" name="Code Change: Parts Storage" cooldown="" oneshot="0" conversation="1" description="Lan Nguyen sends Duncan Krassikoff a message letting him know the code has changed. " response="13680621263367532931">
  <Criteria>
   <Criterion id="15659330456318451386" value="13680621263353786228" comparison="0" type="guid"/>
   <Criterion id="15659330456318451410" comparison="0" value="onTranscribeTrigger" fromResponse="0" type="default"/>
   <Criterion comparison="0" passIfMissing="false" id="15659330456318451477" type="guid" keyType="default" value="6732635291182868501"/>
  </Criteria>
 </ResponseRule>
 <ResponseSet id="13680621263367532931">
  <Response dialog="13680621263367532930" id="13680621263367532932" cooldown="0" weight="1" oneshot="0" completeConversation="0"/>
 </ResponseSet>
 <ResponseRule id="13680621263367533133" name="" cooldown="" response="13680621263367533175">
  <Criteria>
   <Criterion id="15659330456318451386" value="13680621263365953228" comparison="0" type="guid"/>
   <Criterion id="15659330456318451410" comparison="0" value="13680621263367532932" fromResponse="1" type="guid"/>
   <Criterion comparison="0" passIfMissing="false" id="15659330456318451477" type="guid" keyType="default" value="6732635291182868331"/>
  </Criteria>
 </ResponseRule>
 <ResponseSet id="13680621263367533175">
  <Response dialog="13680621263367533174" id="13680621263367533176" cooldown="0" weight="1" oneshot="0" completeConversation="0" delay="0.25"/>
 </ResponseSet>
 <ResponseRule id="13680621263385171959" name="" cooldown="" response="13680621263385171960">
  <Criteria>
   <Criterion id="15659330456318451386" value="13680621263353786228" comparison="0" type="guid"/>
   <Criterion id="15659330456318451410" comparison="0" value="13680621263367533176" fromResponse="1" type="guid"/>
   <Criterion id="15659330456318451477" value="6732635291182868501" comparison="0" type="guid"/>
  </Criteria>
 </ResponseRule>
 <ResponseSet id="13680621263385171960">
  <Response dialog="13680621263385171958" id="13680621263385171961" cooldown="0" weight="1" oneshot="0" completeConversation="0" delay="0" targetType="2" targetId="6732635291182868331" speakerTrackMethod="1" targetTrackMethod="0"/>
 </ResponseSet>
 <ResponseRule id="13680621263385172075" name="" cooldown="" response="13680621263385172076">
  <Criteria>
   <Criterion id="15659330456318451386" value="13680621263365953228" comparison="0" type="guid"/>
   <Criterion id="15659330456318451410" comparison="0" value="13680621263385171961" fromResponse="1" type="guid"/>
   <Criterion id="15659330456318451477" value="6732635291182868331" comparison="0" type="guid"/>
  </Criteria>
 </ResponseRule>
 <ResponseSet id="13680621263385172076">
  <Response dialog="13680621263385172074" id="13680621263385172077" cooldown="0" weight="1" oneshot="0" completeConversation="0" delay="0" targetType="2" targetId="6732635291182868501" speakerTrackMethod="1" targetTrackMethod="0"/>
 </ResponseSet>
 <ResponseRule id="13680621263385172255" name="" cooldown="" response="13680621263385172256">
  <Criteria>
   <Criterion id="15659330456318451386" value="13680621263353786228" comparison="0" type="guid"/>
   <Criterion id="15659330456318451410" comparison="0" value="13680621263385172077" fromResponse="1" type="guid"/>
   <Criterion id="15659330456318451477" value="6732635291182868501" comparison="0" type="guid"/>
  </Criteria>
 </ResponseRule>
 <ResponseSet id="13680621263385172256">
  <Response dialog="13680621263385172254" id="13680621263385172257" cooldown="0" weight="1" oneshot="0" completeConversation="0" delay="0" targetType="2" targetId="6732635291182868331" speakerTrackMethod="1" targetTrackMethod="0"/>
 </ResponseSet>
 <ResponseRule id="13680621263385172347" name="" cooldown="" response="13680621263385172348">
  <Criteria>
   <Criterion id="15659330456318451386" value="13680621263353786228" comparison="0" type="guid"/>
   <Criterion id="15659330456318451410" comparison="0" value="13680621263385172257" fromResponse="1" type="guid"/>
   <Criterion id="15659330456318451477" value="6732635291182868501" comparison="0" type="guid"/>
  </Criteria>
 </ResponseRule>
 <ResponseSet id="13680621263385172348">
  <Response dialog="13680621263385172346" id="13680621263385172349" cooldown="0" weight="1" oneshot="0" completeConversation="1" delay="0" targetType="2" targetId="6732635291182868331" speakerTrackMethod="1" targetTrackMethod="0"/>
 </ResponseSet>
</ResponseRules>