
<ResponseRules description="">
 <ResponseRule id="13680621263360269395" name="Dr. Calvino&apos;s Instructions for Miyu" cooldown="" response="13680621263360269448" oneshot="1" description="Transcribe message Calvino leave&apos;s on Miyu&apos;s device. ">
  <Criteria>
   <Criterion id="15659330456318451386" value="13680621263358695499" comparison="0" type="guid"/>
   <Criterion id="15659330456318451410" comparison="0" value="onTranscribeTrigger" fromResponse="0" type="default"/>
   <Criterion comparison="0" passIfMissing="false" id="15659330456318451477" type="guid" keyType="default" value="844024417266061858"/>
  </Criteria>
 </ResponseRule>
 <ResponseSet id="13680621263360269448">
  <Response dialog="13680621263359123288" id="13680621263360269449" cooldown="0" weight="1" oneshot="0" completeConversation="0"/>
 </ResponseSet>
 <ResponseRule id="13680621263360269516" name="Calvino to Miyu: The Doctor is Out" cooldown="" response="13680621263360269559" description="Recorded conversation on Miyu&apos;s TS, between Miyu and Calvino.">
  <Criteria>
   <Criterion id="15659330456318451386" value="13680621263358695499" comparison="0" type="guid"/>
   <Criterion id="15659330456318451410" comparison="0" value="onTranscribeTrigger" fromResponse="0" type="default"/>
   <Criterion comparison="0" passIfMissing="false" id="15659330456318451477" type="guid" keyType="default" value="844024417266061858"/>
  </Criteria>
 </ResponseRule>
 <ResponseSet id="13680621263360269559">
  <Response dialog="13680621263359123377" id="13680621263360269560" cooldown="0" weight="1" oneshot="0" completeConversation="0"/>
 </ResponseSet>
 <ResponseRule id="13680621263360269562" name="" cooldown="" response="13680621263360269606" description="" oneshot="0">
  <Criteria>
   <Criterion id="15659330456318451386" value="13680621263353786228" comparison="0" type="guid"/>
   <Criterion id="15659330456318451410" comparison="0" value="13680621263360269560" fromResponse="1" type="guid"/>
   <Criterion comparison="0" passIfMissing="false" id="15659330456318451477" type="guid" keyType="default" value="844024417266061926"/>
  </Criteria>
 </ResponseRule>
 <ResponseSet id="13680621263360269606">
  <Response dialog="13680621263359126287" id="13680621263360269607" cooldown="0" weight="1" oneshot="0" completeConversation="0" delay="0.25"/>
 </ResponseSet>
 <ResponseRule id="13680621263360269706" name="" cooldown="" response="13680621263360269719">
  <Criteria>
   <Criterion id="15659330456318451386" value="13680621263358695499" comparison="0" type="guid"/>
   <Criterion id="15659330456318451410" comparison="0" value="13680621263360269607" fromResponse="1" type="guid"/>
   <Criterion comparison="0" passIfMissing="false" id="15659330456318451477" type="guid" keyType="default" value="844024417266061858"/>
  </Criteria>
 </ResponseRule>
 <ResponseSet id="13680621263360269719">
  <Response dialog="13680621263359123389" id="13680621263360269720" cooldown="0" weight="1" oneshot="0" completeConversation="0" delay="0.5"/>
 </ResponseSet>
 <ResponseRule id="13680621263360269721" name="" cooldown="" response="13680621263360269731">
  <Criteria>
   <Criterion id="15659330456318451386" value="13680621263353786228" comparison="0" type="guid"/>
   <Criterion id="15659330456318451410" comparison="0" value="13680621263360269720" fromResponse="1" type="guid"/>
   <Criterion comparison="0" passIfMissing="false" id="15659330456318451477" type="guid" keyType="default" value="844024417266061926"/>
  </Criteria>
 </ResponseRule>
 <ResponseSet id="13680621263360269731">
  <Response dialog="13680621263359126299" id="13680621263360269732" cooldown="0" weight="1" oneshot="0" completeConversation="0" delay="0.25"/>
 </ResponseSet>
 <ResponseRule id="13680621263360269733" name="" cooldown="" response="13680621263360269755">
  <Criteria>
   <Criterion id="15659330456318451386" value="13680621263358695499" comparison="0" type="guid"/>
   <Criterion id="15659330456318451410" comparison="0" value="13680621263360269732" fromResponse="1" type="guid"/>
   <Criterion comparison="0" passIfMissing="false" id="15659330456318451477" type="guid" keyType="default" value="844024417266061858"/>
  </Criteria>
 </ResponseRule>
 <ResponseSet id="13680621263360269755">
  <Response dialog="13680621263359123390" id="13680621263360269756" cooldown="0" weight="1" oneshot="0" completeConversation="0" delay="0.5"/>
 </ResponseSet>
 <ResponseRule id="13680621263360269765" name="" cooldown="" response="13680621263360269777">
  <Criteria>
   <Criterion id="15659330456318451386" value="13680621263353786228" comparison="0" type="guid"/>
   <Criterion id="15659330456318451410" comparison="0" value="13680621263360269756" fromResponse="1" type="guid"/>
   <Criterion comparison="0" passIfMissing="false" id="15659330456318451477" type="guid" keyType="default" value="844024417266061926"/>
  </Criteria>
 </ResponseRule>
 <ResponseSet id="13680621263360269777">
  <Response dialog="13680621263359126314" id="13680621263360269778" cooldown="0" weight="1" oneshot="0" completeConversation="0" delay="0.25"/>
 </ResponseSet>
 <ResponseRule id="13680621263360269783" name="" cooldown="" response="13680621263360269797">
  <Criteria>
   <Criterion id="15659330456318451386" value="13680621263358695499" comparison="0" type="guid"/>
   <Criterion id="15659330456318451410" comparison="0" value="13680621263360269778" fromResponse="1" type="guid"/>
   <Criterion comparison="0" passIfMissing="false" id="15659330456318451477" type="guid" keyType="default" value="844024417266061858"/>
  </Criteria>
 </ResponseRule>
 <ResponseSet id="13680621263360269797">
  <Response dialog="13680621263359123391" id="13680621263360269798" cooldown="0" weight="1" oneshot="0" completeConversation="0" delay="0.5"/>
 </ResponseSet>
 <ResponseRule id="13680621263360269802" name="" cooldown="" response="13680621263360269823">
  <Criteria>
   <Criterion id="15659330456318451386" value="13680621263353786228" comparison="0" type="guid"/>
   <Criterion id="15659330456318451410" comparison="0" value="13680621263360269798" fromResponse="1" type="guid"/>
   <Criterion comparison="0" passIfMissing="false" id="15659330456318451477" type="guid" keyType="default" value="844024417266061926"/>
  </Criteria>
 </ResponseRule>
 <ResponseSet id="13680621263360269823">
  <Response dialog="13680621263359126322" id="13680621263360269824" cooldown="0" weight="1" oneshot="0" completeConversation="0" delay="0.25" cutoff="0.25"/>
 </ResponseSet>
 <ResponseRule id="13680621263360269829" name="" cooldown="" response="13680621263360269847">
  <Criteria>
   <Criterion id="15659330456318451386" value="13680621263358695499" comparison="0" type="guid"/>
   <Criterion id="15659330456318451410" comparison="0" value="13680621263360269824" fromResponse="1" type="guid"/>
   <Criterion comparison="0" passIfMissing="false" id="15659330456318451477" type="guid" keyType="default" value="844024417266061858"/>
  </Criteria>
 </ResponseRule>
 <ResponseSet id="13680621263360269847">
  <Response dialog="13680621263359123447" id="13680621263360269848" cooldown="0" weight="1" oneshot="0" completeConversation="0"/>
 </ResponseSet>
 <ResponseRule id="13680621263360269857" name="" cooldown="" response="13680621263360269871">
  <Criteria>
   <Criterion id="15659330456318451386" value="13680621263353786228" comparison="0" type="guid"/>
   <Criterion id="15659330456318451410" comparison="0" value="13680621263360269848" fromResponse="1" type="guid"/>
   <Criterion comparison="0" passIfMissing="false" id="15659330456318451477" type="guid" keyType="default" value="844024417266061926"/>
  </Criteria>
 </ResponseRule>
 <ResponseSet id="13680621263360269871">
  <Response dialog="13680621263359126346" id="13680621263360269872" cooldown="0" weight="1" oneshot="0" completeConversation="0"/>
 </ResponseSet>
 <ResponseRule id="13680621263360269873" name="" cooldown="" response="13680621263360269887">
  <Criteria>
   <Criterion id="15659330456318451386" value="13680621263358695499" comparison="0" type="guid"/>
   <Criterion id="15659330456318451410" comparison="0" value="13680621263360269872" fromResponse="1" type="guid"/>
   <Criterion comparison="0" passIfMissing="false" id="15659330456318451477" type="guid" keyType="default" value="844024417266061858"/>
  </Criteria>
 </ResponseRule>
 <ResponseSet id="13680621263360269887">
  <Response dialog="13680621263359123456" id="13680621263360269888" cooldown="0" weight="1" oneshot="0" completeConversation="1"/>
 </ResponseSet>
 <WritebackKeys/>
 <ResponseRule id="13680621263385325030" name="" cooldown="" response="13680621263385325031">
  <Criteria>
   <Criterion id="15659330456318451386" value="13680621263358695499" comparison="0" type="guid"/>
   <Criterion id="15659330456318451410" comparison="0" value="13680621263360269449" fromResponse="1" type="guid"/>
   <Criterion id="15659330456318451477" value="844024417266061858" comparison="0" type="guid"/>
  </Criteria>
 </ResponseRule>
 <ResponseSet id="13680621263385325031">
  <Response dialog="13680621263385325029" id="13680621263385325032" cooldown="0" weight="1" oneshot="0" completeConversation="0" delay="1.25"/>
 </ResponseSet>
 <ResponseRule id="13680621263385325050" name="" cooldown="" response="13680621263385325051">
  <Criteria>
   <Criterion id="15659330456318451386" value="13680621263358695499" comparison="0" type="guid"/>
   <Criterion id="15659330456318451410" comparison="0" value="13680621263385325032" fromResponse="1" type="guid"/>
   <Criterion id="15659330456318451477" value="844024417266061858" comparison="0" type="guid"/>
  </Criteria>
 </ResponseRule>
 <ResponseSet id="13680621263385325051">
  <Response dialog="13680621263385325049" id="13680621263385325052" cooldown="0" weight="1" oneshot="0" completeConversation="0" delay="0.5"/>
 </ResponseSet>
 <ResponseRule id="13680621263385325069" name="" cooldown="" response="13680621263385325070">
  <Criteria>
   <Criterion id="15659330456318451386" value="13680621263358695499" comparison="0" type="guid"/>
   <Criterion id="15659330456318451410" comparison="0" value="13680621263385325052" fromResponse="1" type="guid"/>
   <Criterion id="15659330456318451477" value="844024417266061858" comparison="0" type="guid"/>
  </Criteria>
 </ResponseRule>
 <ResponseSet id="13680621263385325070">
  <Response dialog="13680621263385325068" id="13680621263385325071" cooldown="0" weight="1" oneshot="0" completeConversation="0" delay="0.25"/>
 </ResponseSet>
 <ResponseRule id="13680621263385325074" name="" cooldown="" response="13680621263385325075">
  <Criteria>
   <Criterion id="15659330456318451386" value="13680621263358695499" comparison="0" type="guid"/>
   <Criterion id="15659330456318451410" comparison="0" value="13680621263385325071" fromResponse="1" type="guid"/>
   <Criterion id="15659330456318451477" value="844024417266061858" comparison="0" type="guid"/>
  </Criteria>
 </ResponseRule>
 <ResponseSet id="13680621263385325075">
  <Response dialog="13680621263385325073" id="13680621263385325076" cooldown="0" weight="1" oneshot="0" completeConversation="0" delay="0.25"/>
 </ResponseSet>
 <ResponseRule id="13680621263385325078" name="" cooldown="" response="13680621263385325079">
  <Criteria>
   <Criterion id="15659330456318451386" value="13680621263358695499" comparison="0" type="guid"/>
   <Criterion id="15659330456318451410" comparison="0" value="13680621263385325076" fromResponse="1" type="guid"/>
   <Criterion id="15659330456318451477" value="844024417266061858" comparison="0" type="guid"/>
  </Criteria>
 </ResponseRule>
 <ResponseSet id="13680621263385325079">
  <Response dialog="13680621263385325077" id="13680621263385325080" cooldown="0" weight="1" oneshot="0" completeConversation="1" delay="0.5"/>
 </ResponseSet>
</ResponseRules>