
<ResponseRules description="">
 <ResponseRule id="13680621263360422269" name="Robert to Alice: What&apos;s Going On?" cooldown="" description="Last recorded conversaion of Robert Gage. Robert is hiding in the Sim Lab shortly after the outbreak. He calls his friend Alice, looking for help. " response="13680621263360423221" oneshot="1">
  <Criteria>
   <Criterion id="15659330456318451386" value="13680621263353786218" comparison="0" type="guid"/>
   <Criterion id="15659330456318451410" comparison="0" value="onTranscribeTrigger" fromResponse="0" type="default"/>
   <Criterion comparison="0" passIfMissing="false" id="15659330456318451477" type="guid" keyType="default" value="12889009724998299272"/>
  </Criteria>
 </ResponseRule>
 <ResponseSet id="13680621263360423221">
  <Response dialog="13680621263359126124" id="13680621263360423222" cooldown="0" weight="1" oneshot="0" completeConversation="0"/>
 </ResponseSet>
 <ResponseRule id="13680621263360423236" name="" cooldown="" response="13680621263360423433">
  <Criteria>
   <Criterion id="15659330456318451386" value="13680621263353094521" comparison="0" type="guid"/>
   <Criterion id="15659330456318451410" comparison="0" value="13680621263360423222" fromResponse="1" type="guid"/>
   <Criterion comparison="0" passIfMissing="false" id="15659330456318451477" type="guid" keyType="default" value="12889009725001339882"/>
  </Criteria>
 </ResponseRule>
 <ResponseSet id="13680621263360423433">
  <Response dialog="13680621263360423432" id="13680621263360423434" cooldown="0" weight="1" oneshot="0" completeConversation="0" cutoff="0.1"/>
 </ResponseSet>
 <ResponseRule id="13680621263360423436" name="" cooldown="" response="13680621263360423462">
  <Criteria>
   <Criterion id="15659330456318451386" value="13680621263353786218" comparison="0" type="guid"/>
   <Criterion id="15659330456318451410" comparison="0" value="13680621263360423434" fromResponse="1" type="guid"/>
   <Criterion comparison="0" passIfMissing="false" id="15659330456318451477" type="guid" keyType="default" value="12889009724998299272"/>
  </Criteria>
 </ResponseRule>
 <ResponseSet id="13680621263360423462">
  <Response dialog="13680621263359126141" id="13680621263360423463" cooldown="0" weight="1" oneshot="0" completeConversation="0"/>
 </ResponseSet>
 <ResponseRule id="13680621263360423477" name="" cooldown="" response="13680621263360423478">
  <Criteria>
   <Criterion id="15659330456318451386" value="13680621263353094521" comparison="0" type="guid"/>
   <Criterion id="15659330456318451410" comparison="0" value="13680621263360423463" fromResponse="1" type="guid"/>
   <Criterion comparison="0" passIfMissing="false" id="15659330456318451477" type="guid" keyType="default" value="12889009725001339882"/>
  </Criteria>
 </ResponseRule>
 <ResponseSet id="13680621263360423478">
  <Response dialog="13680621263360423476" id="13680621263360423479" cooldown="0" weight="1" oneshot="0" completeConversation="0" cutoff="0.1"/>
 </ResponseSet>
 <ResponseRule id="13680621263360423506" name="" cooldown="" response="13680621263360423528">
  <Criteria>
   <Criterion id="15659330456318451386" value="13680621263353786218" comparison="0" type="guid"/>
   <Criterion id="15659330456318451410" comparison="0" value="13680621263360423479" fromResponse="1" type="guid"/>
   <Criterion comparison="0" passIfMissing="false" id="15659330456318451477" type="guid" keyType="default" value="12889009724998299272"/>
  </Criteria>
 </ResponseRule>
 <ResponseSet id="13680621263360423528">
  <Response dialog="13680621263359126148" id="13680621263360423529" cooldown="0" weight="1" oneshot="0" completeConversation="0"/>
 </ResponseSet>
 <ResponseRule id="13680621263360423540" name="" cooldown="" response="13680621263360423541">
  <Criteria>
   <Criterion id="15659330456318451386" value="13680621263353094521" comparison="0" type="guid"/>
   <Criterion id="15659330456318451410" comparison="0" value="13680621263360423529" fromResponse="1" type="guid"/>
   <Criterion comparison="0" passIfMissing="false" id="15659330456318451477" type="guid" keyType="default" value="12889009725001339882"/>
  </Criteria>
 </ResponseRule>
 <ResponseSet id="13680621263360423541">
  <Response dialog="13680621263360423539" id="13680621263360423542" cooldown="0" weight="1" oneshot="0" completeConversation="0"/>
 </ResponseSet>
 <ResponseRule id="13680621263360423557" name="" cooldown="" response="13680621263360423590">
  <Criteria>
   <Criterion id="15659330456318451386" value="13680621263353786218" comparison="0" type="guid"/>
   <Criterion id="15659330456318451410" comparison="0" value="13680621263360423542" fromResponse="1" type="guid"/>
   <Criterion comparison="0" passIfMissing="false" id="15659330456318451477" type="guid" keyType="default" value="12889009724998299272"/>
  </Criteria>
 </ResponseRule>
 <ResponseSet id="13680621263360423590">
  <Response dialog="13680621263359126154" id="13680621263360423591" cooldown="0" weight="1" oneshot="0" completeConversation="0" delay="0.6"/>
 </ResponseSet>
 <ResponseRule id="13680621263360423612" name="" cooldown="" response="13680621263360423635">
  <Criteria>
   <Criterion id="15659330456318451386" value="13680621263353786218" comparison="0" type="guid"/>
   <Criterion id="15659330456318451410" comparison="0" value="13680621263360423591" fromResponse="1" type="guid"/>
   <Criterion comparison="0" passIfMissing="false" id="15659330456318451477" type="guid" keyType="default" value="12889009724998299272"/>
  </Criteria>
 </ResponseRule>
 <ResponseSet id="13680621263360423635">
  <Response dialog="13680621263359126188" id="13680621263360423636" cooldown="0" weight="1" oneshot="0" completeConversation="0" delay="1"/>
 </ResponseSet>
 <ResponseRule id="13680621263360423647" name="" cooldown="" response="13680621263360423681" oneshot="0">
  <Criteria>
   <Criterion id="15659330456318451386" value="13680621263353094521" comparison="0" type="guid"/>
   <Criterion id="15659330456318451410" comparison="0" value="13680621263360423636" fromResponse="1" type="guid"/>
   <Criterion comparison="0" passIfMissing="false" id="15659330456318451477" type="guid" keyType="default" value="12889009725001339882"/>
  </Criteria>
 </ResponseRule>
 <ResponseSet id="13680621263360423681">
  <Response dialog="13680621263360423680" id="13680621263360423682" cooldown="0" weight="1" oneshot="0" completeConversation="1"/>
 </ResponseSet>
 <WritebackKeys/>
</ResponseRules>