<GameTokensLibrary Name="Level" LevelName="gamesdk/levels/campaign/research/zerog_utilitytunnels">
 <GameToken Id="-54934218" Name="Magnetosphere.PlayerFirstVisit" Flags="4" Type="Bool" Value="false"/>
 <GameToken Id="-2012329746" Name="Magnetosphere.StandardSequenceStart" Flags="4" Type="Bool" Value="false"/>
 <GameToken Id="-1235893064" Name="Magnetosphere.FullSpeed" Flags="4" Type="Bool" Value="false"/>
 <GameToken Id="-729678727" Name="Magnetosphere.EmergencyShutDown" Flags="4" Type="Bool" Value="false"/>
 <GameToken Id="-2125265060" Name="Magnetosphere.MachineReboot" Flags="4" Type="Bool" Value="false"/>
 <GameToken Id="-513513420" Name="Fans.HazardFansOn" Flags="4" Type="Bool" Value="false"/>
 <GameToken Id="-1557021530" Name="Magnetosphere.Initiate2ndPass" Flags="4" Type="Bool" Value="false"/>
 <GameToken Id="-1361927344" Name="Hazards.CircuitDisabled" Flags="4" Type="Bool" Value="false"/>
 <GameToken Id="-1775076074" Name="Objectives.PlayerFoundLockedDoor" Flags="4" Type="Bool" Value="false"/>
 <GameToken Id="-1998480540" Name="Fans.MotorRepaired" Flags="4" Type="Bool" Value="false"/>
 <GameToken Id="-1884391449" Name="Magnetosphere.DoorsOpen" Flags="4" Type="Bool" Value="false"/>
 <GameToken Id="-448541447" Name="Magnetosphere.DoorsClosed" Flags="4" Type="Bool" Value="false"/>
 <GameToken Id="-1712825905" Name="Magnetosphere.ChamberSealed" Flags="4" Type="Bool" Value="false"/>
 <GameToken Id="-1734533175" Name="Magnetosphere.EntryDoorsOpen" Flags="4" Type="Bool" Value="false"/>
 <GameToken Id="-1389544564" Name="Magnetosphere.EntryDoorsClosed" Flags="4" Type="Bool" Value="false"/>
 <GameToken Id="-1571283029" Name="GravityState.MicrogravityDisabled" Flags="4" Type="Bool" Value="false"/>
 <GameToken Id="-891317215" Name="GravityState.MicrogravityEnabled" Flags="4" Type="Bool" Value="false"/>
 <GameToken Id="-1986731800" Name="Doors.FirstSetOpen" Flags="4" Type="Bool" Value="false"/>
 <GameToken Id="-849367488" Name="Doors.SecondSetOpen" Flags="4" Type="Bool" Value="false"/>
 <GameToken Id="-467001735" Name="Objectives.CargoDoorsOpen" Flags="4" Type="Bool" Value="false"/>
 <GameToken Id="-544121836" Name="Lights-Maintenance.Set1On" Flags="4" Type="Bool" Value="false"/>
 <GameToken Id="-1542462263" Name="Lights-Maintenance.Set1Off" Flags="4" Type="Bool" Value="false"/>
 <GameToken Id="-573054387" Name="Lights-Maintenance.Set2On" Flags="4" Type="Bool" Value="false"/>
 <GameToken Id="-1229305049" Name="Lights-Maintenance.Set2Off" Flags="4" Type="Bool" Value="false"/>
 <GameToken Id="-602568582" Name="Lights-Maintenance.Set3On" Flags="4" Type="Bool" Value="false"/>
 <GameToken Id="-1912198078" Name="Lights-Maintenance.Set3Off" Flags="4" Type="Bool" Value="false"/>
 <GameToken Id="-1665723588" Name="Doors.ThirdSetOpen" Flags="4" Type="Bool" Value="false"/>
 <GameToken Id="-1544033030" Name="FuelRoom.GravShaftsOn" Flags="4" Type="Bool" Value="false"/>
 <GameToken Id="-482259706" Name="FuelRoom.GravShaftsOff" Flags="4" Type="Bool" Value="false"/>
 <GameToken Id="-200111464" Name="Doors.FourthSetOpen" Flags="4" Type="Bool" Value="false"/>
 <GameToken Id="-648372481" Name="Lights-Maintenance.Set4On" Flags="4" Type="Bool" Value="false"/>
 <GameToken Id="-1815014149" Name="Lights-Maintenance.Set4Off" Flags="4" Type="Bool" Value="false"/>
 <GameToken Id="-661064504" Name="Lights-Maintenance.Set5On" Flags="4" Type="Bool" Value="false"/>
 <GameToken Id="-1418890338" Name="Lights-Maintenance.Set5Off" Flags="4" Type="Bool" Value="false"/>
 <GameToken Id="-622966127" Name="Lights-Maintenance.Set6On" Flags="4" Type="Bool" Value="false"/>
 <GameToken Id="-1176970128" Name="Lights-Maintenance.Set6Off" Flags="4" Type="Bool" Value="false"/>
 <GameToken Id="-417531618" Name="GravityState.MicrogravityFluctuating" Flags="4" Type="Bool" Value="false"/>
 <GameToken Id="-2023956063" Name="Lights-Maintenance.SunFlooded" Flags="4" Type="Bool" Value="false"/>
 <GameToken Id="-1724401071" Name="Fans.2ndHazardFansOn" Flags="4" Type="Bool" Value="false"/>
 <GameToken Id="-1773544446" Name="Fans.2ndHazardFansOff" Flags="4" Type="Bool" Value="false"/>
 <GameToken Id="-1097617061" Name="Misc.ReadLoveLetter" Flags="4" Type="Bool" Value="false"/>
 <GameToken Id="-1428897215" Name="AI.OperatorsSpawned" Flags="4" Type="Bool" Value="false"/>
 <GameToken Id="-1612762827" Name="Fans.HazardFansOff" Flags="4" Type="Bool" Value="false"/>
 <GameToken Id="-1584821815" Name="Fans.2ndHazardFansFirstOff" Flags="4" Type="Bool" Value="false"/>
 <GameToken Id="-1218436152" Name="Objectives.JanuaryKilledDecember" Flags="4" Type="Bool" Value="false"/>
 <GameToken Id="-2104142249" Name="Fans.HazardFansDisrupted" Flags="4" Type="Bool" Value="false"/>
 <GameToken Id="-1107976527" Name="AI.CargoTechnopathKilled" Flags="4" Type="Bool" Value="false"/>
</GameTokensLibrary>
