<LevelData SandboxVersion="3.7.0.179">
 <LevelInfo CreationDate="08/01/18" Name="EndGame" HeightmapSize="400" HeightmapUnitSize="2" HeightmapMaxHeight="1024" WaterLevel="-1000000" TerrainSectorSizeInMeters="64"/>
 <SurfaceTypes>
  <SurfaceType Name="Materials/material_terrain_default" SurfaceTypeID="0" DetailTexture="" DetailScaleX="1" DetailScaleY="1" DetailMaterial="Materials/material_terrain_default" ProjectAxis="2" Bumpmap="" ProjAxis="Z"/>
 </SurfaceTypes>
 <CollisionClasses>
  <CollisionClass type="0" ignore="0"/>
 </CollisionClasses>
 <Layers>
  <Layer Name="Endgame_Lighting_Stage2" Parent="" Id="1" Specs="-1"/>
  <Layer Name="EndGame_Geo" Parent="" Id="2" Specs="-1"/>
  <Layer Name="Audio" Parent="" Id="3" Specs="-1"/>
  <Layer Name="EndGame_Lighting_Backup" Parent="" Id="4" Specs="-1"/>
  <Layer Name="EndGame_Scripting" Parent="" Id="5" Specs="-1" DefaultLoaded="1"/>
  <Layer Name="EndGame_Cinematic" Parent="" Id="6" Specs="-1"/>
  <Layer Name="EndGame_Env" Parent="" Id="7" Specs="-1"/>
  <Layer Name="Main" Parent="" Id="8" Specs="-1"/>
 </Layers>
 <Vegetation />
 <MaterialsLibrary>
  <Library Name="Level"/>
 </MaterialsLibrary>
 <ParticlesLibrary>
  <Library Name="LevelShared"/>
  <Library Name="Characters"/>
  <Library Name="PlayerWeapons"/>
  <Library Name="Player"/>
  <Library Name="MaterialEffects"/>
 </ParticlesLibrary>
 <GameTokensLibraryReferences>
  <Library Name="GT_Global"/>
  <Library Name="GT_GameTime"/>
  <Library Name="GT_GlobalStrings"/>
 </GameTokensLibraryReferences>
</LevelData>
