
<ResponseRules description="Luka has made his way to an escape pod near the Bridge. He is horribly wounded and can no longer walk. The escape pod did not launch, and he has rigged the inside with hidden explosives and tries to lure Morgan inside with him to detonate them.">
 <WritebackKeys/>
 <ResponseRule id="4349723564928986591" name="Luka_EscapePod_Lures" cooldown="" conversation="1" description="Luka has a series of lines designed to trick Morgan into entering the escape pod." response="4349723564928987019" oneshot="1" priority="1">
  <Criteria>
   <Criterion id="15659330456318451386" value="13680621263361473294" comparison="0" type="guid"/>
   <Criterion id="15659330456318451410" comparison="0" value="onPlayerApproachNear" fromResponse="0" type="default"/>
   <Criterion comparison="0" passIfMissing="false" id="15659330456318451477" type="guid" keyType="default" value="13680621263361473334"/>
   <Criterion comparison="0" passIfMissing="false" id="10739735956111935346" type="guid" keyType="default" value="844024417275035158"/>
   <Criterion comparison="0" passIfMissing="false" id="2123473909" keyType="gameToken" value="0"/>
  </Criteria>
 </ResponseRule>
 <ResponseSet id="4349723564928987019">
  <Response dialog="4349723564928987018" id="4349723564928987020" cooldown="0" weight="1" oneshot="0" completeConversation="1" delay="0" targetId="0" targetType="1" speakerTrackMethod="1" targetTrackMethod="0" emotion="15659330456346423977"/>
 </ResponseSet>
 <ResponseRule id="4349723564928987086" name="Luka_EscapePod_Gotcha" cooldown="" conversation="1" description="When Morgan einters the pod Luka sets off the explosives to kill them both. The laughter should go long enough to be cut off by the blast or Morgan killing him." response="4349723564928987271" priority="1">
  <Criteria>
   <Criterion id="15659330456318451386" value="13680621263361473294" comparison="0" type="guid"/>
   <Criterion id="15659330456318451410" comparison="0" value="onConversationTrigger" fromResponse="0" type="default"/>
   <Criterion comparison="0" passIfMissing="false" id="15659330456318451477" type="guid" keyType="default" value="13680621263361473334"/>
   <Criterion comparison="0" passIfMissing="false" id="10739735956111935346" type="guid" keyType="default" value="844024417275035158"/>
   <Criterion comparison="0" passIfMissing="false" id="2123473909" keyType="gameToken" value="0"/>
  </Criteria>
 </ResponseRule>
 <ResponseSet id="4349723564928987271">
  <Response dialog="4349723564928987270" id="4349723564928987272" cooldown="0" weight="1" oneshot="0" completeConversation="1" delay="0" targetId="0" targetType="1" speakerTrackMethod="1" targetTrackMethod="0" emotion="3152439162748318033"/>
 </ResponseSet>
 <ResponseRule id="4349723564933138048" name="Luka_EscapePod_LoiterOutside" cooldown="15" conversation="1" description="Morgan hears these lines if he lurks outside the escape pod where Luka is waiting" response="4349723564933138081">
  <Criteria>
   <Criterion id="15659330456318451386" value="13680621263361473294" comparison="0" type="guid"/>
   <Criterion id="15659330456318451410" comparison="0" value="onPlayerLoiter" fromResponse="0" type="default"/>
   <Criterion comparison="0" passIfMissing="false" id="15659330456318451477" type="guid" keyType="default" value="13680621263361473334"/>
   <Criterion comparison="0" passIfMissing="false" id="10739735956111935346" type="guid" keyType="default" value="844024417275035158"/>
   <Criterion comparison="0" passIfMissing="false" id="2123473909" keyType="gameToken" value="0"/>
  </Criteria>
 </ResponseRule>
 <ResponseSet id="4349723564933138081">
  <Response dialog="4349723564928987033" id="4349723564933138082" cooldown="0" weight="1" oneshot="true" completeConversation="1" delay="0" targetId="0" targetType="1" speakerTrackMethod="3" targetTrackMethod="0" emotion="3152439162748318033"/>
  <Response dialog="4349723564928987049" id="4349723564933138098" cooldown="0" weight="1" oneshot="true" completeConversation="1" delay="0" targetId="0" targetType="1" speakerTrackMethod="3" targetTrackMethod="0" emotion="3152439162748318033"/>
  <Response dialog="4349723564928987079" id="4349723564933138117" cooldown="0" weight="1" oneshot="true" completeConversation="1" delay="0" targetId="0" targetType="1" speakerTrackMethod="3" targetTrackMethod="0" emotion="3152439162748318033"/>
 </ResponseSet>
 <ResponseRule id="4349723564939011729" name="Luka_EscapePod_Suffocates" cooldown="" conversation="1" description="Luka is inside the escape pod and Morgan has closed it and vacuumed out the atmosphere. At the end of his line Luka is passing out." response="4349723564939011956" oneshot="1">
  <Criteria>
   <Criterion id="15659330456318451386" value="13680621263361473294" comparison="0" type="guid"/>
   <Criterion id="15659330456318451410" comparison="0" value="onConversationTrigger" fromResponse="0" type="default"/>
   <Criterion comparison="0" passIfMissing="false" id="15659330456318451477" type="guid" keyType="default" value="13680621263361473334"/>
   <Criterion comparison="0" passIfMissing="false" id="10739735956111935346" type="guid" keyType="default" value="844024417275035158"/>
   <Criterion comparison="0" passIfMissing="false" id="2123473909" keyType="gameToken" value="0"/>
  </Criteria>
 </ResponseRule>
 <ResponseSet id="4349723564939011956">
  <Response dialog="4349723564939011955" id="4349723564939011957" cooldown="0" weight="1" oneshot="0" completeConversation="1" delay="0" cutoff="0" emotion="15659330456346423977" targetId="0" targetType="1" speakerTrackMethod="3" targetTrackMethod="0"/>
 </ResponseSet>
</ResponseRules>