
<ResponseRules>
 <WritebackKeys/>
 <ResponseRule id="13680621263372015557" name="Corrupted Human Wander" cooldown="15" response="13680621263372015686" description="This is what they say just before blowing up.">
  <Criteria>
   <Criterion id="15659330456318451386" value="13680621263353094452" comparison="6" type="guid"/>
   <Criterion id="15659330456318451410" comparison="0" value="whileWandering" fromResponse="0" type="default"/>
   <Criterion comparison="0" passIfMissing="false" id="17591291352635828515" type="default" keyType="default" value="1"/>
   <Criterion comparison="5" passIfMissing="false" id="15659330456318451477" type="guid" keyType="default" value="6732635291182789988"/>
   <Criterion comparison="5" passIfMissing="false" id="15659330456318451477" type="guid" keyType="default" value="4349723564897457173"/>
  </Criteria>
 </ResponseRule>
 <ResponseRule id="13680621263386198165" name="Corrupted Human Patrol" cooldown="15" response="13680621263372015686" description="This is what they say just before blowing up.">
  <Criteria>
   <Criterion id="15659330456318451386" value="13680621263353094452" comparison="6" type="guid"/>
   <Criterion id="15659330456318451410" comparison="0" value="whilePatrolling" fromResponse="0" type="default"/>
   <Criterion comparison="0" passIfMissing="false" id="17591291352635828515" type="default" keyType="default" value="1"/>
   <Criterion comparison="5" passIfMissing="false" id="15659330456318451477" type="guid" keyType="default" value="6732635291182789988"/>
   <Criterion comparison="5" passIfMissing="false" id="15659330456318451477" type="guid" keyType="default" value="4349723564897457173"/>
  </Criteria>
 </ResponseRule>
 <ResponseRule id="13680621263386197723" name="Corrupt Human Noticed Something" cooldown="1" response="13680621263386200096" description="This is what they say just before blowing up." conversation="1">
  <Criteria>
   <Criterion id="15659330456318451386" value="13680621263353094452" comparison="6" type="guid"/>
   <Criterion id="15659330456318451410" comparison="0" value="onGainedAttentionOnTarget" fromResponse="0" type="default"/>
   <Criterion comparison="0" passIfMissing="false" id="17591291352635828515" type="default" keyType="default" value="1"/>
   <Criterion comparison="0" passIfMissing="false" id="10850392949532183293" type="default" keyType="default" value="1"/>
   <Criterion comparison="5" passIfMissing="false" id="15659330456318451477" type="guid" keyType="default" value="6732635291182789988"/>
   <Criterion comparison="5" passIfMissing="false" id="15659330456318451477" type="guid" keyType="default" value="4349723564897457173"/>
  </Criteria>
 </ResponseRule>
 <ResponseRule id="13680621263386197902" name="Corrupted Human Searching" cooldown="20" response="13680621263386199735" description="This is what they say just before blowing up.">
  <Criteria>
   <Criterion id="15659330456318451386" value="13680621263353094452" comparison="6" type="guid"/>
   <Criterion id="15659330456318451410" comparison="0" value="whileSearching" fromResponse="0" type="default"/>
   <Criterion comparison="0" passIfMissing="false" id="17591291352635828515" type="default" keyType="default" value="1"/>
   <Criterion comparison="5" passIfMissing="false" id="15659330456318451477" type="guid" keyType="default" value="6732635291182789988"/>
   <Criterion comparison="5" passIfMissing="false" id="15659330456318451477" type="guid" keyType="default" value="4349723564897457173"/>
  </Criteria>
 </ResponseRule>
 <ResponseRule id="13680621263386198357" name="Corrupted Human Search Give Up" cooldown="5" response="13680621263386200703" description="This is what they say just before blowing up.">
  <Criteria>
   <Criterion id="15659330456318451386" value="13680621263353094452" comparison="6" type="guid"/>
   <Criterion id="15659330456318451410" comparison="0" value="onHuntGaveUp" fromResponse="0" type="default"/>
   <Criterion comparison="0" passIfMissing="false" id="17591291352635828515" type="default" keyType="default" value="1"/>
   <Criterion comparison="5" passIfMissing="false" id="15659330456318451477" type="guid" keyType="default" value="6732635291182789988"/>
   <Criterion comparison="5" passIfMissing="false" id="15659330456318451477" type="guid" keyType="default" value="4349723564897457173"/>
  </Criteria>
 </ResponseRule>
 <ResponseRule id="13680621263386198410" name="Corrupted Human Busted Player" cooldown="5" response="13680621263386200184" description="This is what they say just before blowing up.">
  <Criteria>
   <Criterion id="15659330456318451386" value="13680621263353094452" comparison="6" type="guid"/>
   <Criterion id="15659330456318451410" comparison="0" value="onGainedAttentionOnTarget" fromResponse="0" type="default"/>
   <Criterion comparison="0" passIfMissing="false" id="17591291352635828515" type="default" keyType="default" value="1"/>
   <Criterion comparison="0" passIfMissing="false" id="10850392949532183293" type="default" keyType="default" value="4"/>
   <Criterion comparison="5" passIfMissing="false" id="15659330456318451477" type="guid" keyType="default" value="6732635291182789988"/>
   <Criterion comparison="5" passIfMissing="false" id="15659330456318451477" type="guid" keyType="default" value="4349723564897457173"/>
  </Criteria>
 </ResponseRule>
 <ResponseRule id="13680621263386197835" name="Corrupted Human Approaching Player To Explode" cooldown="1" response="13680621263386198458" description="This is what they say just before blowing up.">
  <Criteria>
   <Criterion id="15659330456318451386" value="13680621263353094452" comparison="6" type="guid"/>
   <Criterion id="15659330456318451410" comparison="0" value="onCorruptHumanApproachSlow" fromResponse="0" type="default"/>
   <Criterion comparison="0" passIfMissing="false" id="17591291352635828515" type="default" keyType="default" value="1"/>
   <Criterion comparison="5" passIfMissing="false" id="15659330456318451477" type="guid" keyType="default" value="6732635291182789988"/>
   <Criterion comparison="5" passIfMissing="false" id="15659330456318451477" type="guid" keyType="default" value="4349723564897457173"/>
  </Criteria>
 </ResponseRule>
 <ResponseRule id="13680621263372014490" name="Corrupted Human Explode" cooldown="" response="13680621263372015320" description="This is what they say just before blowing up." priority="1">
  <Criteria>
   <Criterion id="15659330456318451386" value="13680621263353094452" comparison="6" type="guid"/>
   <Criterion id="15659330456318451410" comparison="0" value="onAttack" fromResponse="0" type="default"/>
   <Criterion comparison="0" passIfMissing="false" id="17591291352635828515" type="default" keyType="default" value="1"/>
   <Criterion comparison="5" passIfMissing="false" id="15659330456318451477" type="guid" keyType="default" value="4349723564897457173"/>
   <Criterion comparison="5" passIfMissing="false" id="15659330456318451477" type="guid" keyType="default" value="6732635291182789988"/>
  </Criteria>
 </ResponseRule>
 <ResponseSet id="13680621263372015320">
  <Response dialog="13680621263372015319" id="13680621263372015321" cooldown="10" weight="1" oneshot="0" completeConversation="1" delay="0"/>
  <Response dialog="13680621263372015546" id="13680621263372015547" cooldown="10" weight="1" oneshot="0" completeConversation="1" delay="0"/>
  <Response dialog="13680621263386198443" id="13680621263386198444" cooldown="10" weight="1" oneshot="0" completeConversation="1" delay="0"/>
 </ResponseSet>
 <ResponseSet id="13680621263372015686">
  <Response dialog="13680621263372015685" id="13680621263372015687" cooldown="60" weight="1" oneshot="0" completeConversation="1" delay="0"/>
  <Response dialog="13680621263372015702" id="13680621263372015703" cooldown="60" weight="1" oneshot="0" completeConversation="1" delay="0"/>
  <Response dialog="13680621263372015719" id="13680621263372015720" cooldown="60" weight="1" oneshot="0" completeConversation="1" delay="0"/>
  <Response dialog="13680621263372015733" id="13680621263372015734" cooldown="60" weight="1" oneshot="0" completeConversation="1" delay="0"/>
  <Response dialog="13680621263372015924" id="13680621263372015925" cooldown="60" weight="1" oneshot="0" completeConversation="1" delay="0"/>
  <Response dialog="13680621263372016029" id="13680621263372016030" cooldown="60" weight="1" oneshot="0" completeConversation="1" delay="0"/>
  <Response dialog="13680621263372016114" id="13680621263372016115" cooldown="60" weight="1" oneshot="0" completeConversation="1" delay="0"/>
  <Response dialog="13680621263372016509" id="13680621263372016510" cooldown="60" weight="1" oneshot="0" completeConversation="0" delay="0"/>
  <Response dialog="13680621263386198896" id="13680621263386198897" cooldown="60" weight="1" oneshot="0" completeConversation="1" delay="0"/>
  <Response dialog="13680621263386199021" id="13680621263386199022" cooldown="60" weight="1" oneshot="0" completeConversation="1" delay="0"/>
  <Response dialog="13680621263386199271" id="13680621263386199272" cooldown="60" weight="1" oneshot="0" completeConversation="0" delay="0"/>
  <Response dialog="13680621263386199690" id="13680621263386199691" cooldown="60" weight="1" oneshot="0" completeConversation="1" delay="0"/>
 </ResponseSet>
 <ResponseSet id="13680621263386198458">
  <Response dialog="13680621263372015340" id="13680621263386198459" cooldown="30" weight="1" oneshot="0" completeConversation="1" delay="0"/>
  <Response dialog="13680621263372015352" id="13680621263386198464" cooldown="30" weight="1" oneshot="0" completeConversation="1" delay="0"/>
  <Response dialog="13680621263386200255" id="13680621263386200256" cooldown="30" weight="1" oneshot="0" completeConversation="1" delay="0"/>
  <Response dialog="13680621263386200292" id="13680621263386200293" cooldown="30" weight="1" oneshot="0" completeConversation="1" delay="0"/>
  <Response dialog="13680621263386200357" id="13680621263386200358" cooldown="30" weight="1" oneshot="0" completeConversation="1" delay="0"/>
  <Response dialog="13680621263386200447" id="13680621263386200448" cooldown="30" weight="1" oneshot="0" completeConversation="1" delay="0"/>
  <Response dialog="13680621263386200551" id="13680621263386200552" cooldown="30" weight="1" oneshot="0" completeConversation="1" delay="0"/>
  <Response dialog="13680621263386200590" id="13680621263386200591" cooldown="30" weight="1" oneshot="0" completeConversation="1" delay="0"/>
  <Response dialog="13680621263386200608" id="13680621263386200609" cooldown="30" weight="1" oneshot="0" completeConversation="1" delay="0"/>
  <Response dialog="13680621263386200679" id="13680621263386200680" cooldown="30" weight="1" oneshot="0" completeConversation="1" delay="0"/>
 </ResponseSet>
 <ResponseRule id="13680621263386198789" name="" cooldown="" response="13680621263386198790">
  <Criteria>
   <Criterion id="15659330456318451386" value="13680621263353094452" comparison="6" type="guid"/>
   <Criterion id="15659330456318451410" comparison="0" value="13680621263372016510" fromResponse="1" type="guid"/>
  </Criteria>
 </ResponseRule>
 <ResponseSet id="13680621263386198790">
  <Response dialog="13680621263386198788" id="13680621263386198791" cooldown="0" weight="1" oneshot="true" completeConversation="1" delay="0"/>
 </ResponseSet>
 <ResponseRule id="13680621263386199295" name="" cooldown="" response="13680621263386199296">
  <Criteria>
   <Criterion id="15659330456318451386" value="13680621263353094452" comparison="6" type="guid"/>
   <Criterion id="15659330456318451410" comparison="0" value="13680621263386199272" fromResponse="1" type="guid"/>
  </Criteria>
 </ResponseRule>
 <ResponseSet id="13680621263386199296">
  <Response dialog="13680621263386199294" id="13680621263386199297" cooldown="0" weight="1" oneshot="true" completeConversation="1" delay="0"/>
 </ResponseSet>
 <ResponseSet id="13680621263386199735">
  <Response dialog="13680621263386199734" id="13680621263386199736" cooldown="60" weight="1" oneshot="0" completeConversation="1" delay="0"/>
  <Response dialog="13680621263386199745" id="13680621263386199746" cooldown="60" weight="1" oneshot="0" completeConversation="1" delay="0"/>
  <Response dialog="13680621263386199779" id="13680621263386199780" cooldown="60" weight="1" oneshot="0" completeConversation="1" delay="0"/>
  <Response dialog="13680621263386199804" id="13680621263386199805" cooldown="60" weight="1" oneshot="0" completeConversation="1" delay="0"/>
  <Response dialog="13680621263386199841" id="13680621263386199842" cooldown="60" weight="1" oneshot="0" completeConversation="1" delay="0"/>
  <Response dialog="13680621263386199853" id="13680621263386199854" cooldown="60" weight="1" oneshot="0" completeConversation="1" delay="0"/>
  <Response dialog="13680621263386199877" id="13680621263386199878" cooldown="60" weight="1" oneshot="0" completeConversation="1" delay="0"/>
  <Response dialog="13680621263386199953" id="13680621263386199954" cooldown="60" weight="1" oneshot="0" completeConversation="1" delay="0"/>
  <Response dialog="13680621263386200003" id="13680621263386200004" cooldown="60" weight="1" oneshot="0" completeConversation="1" delay="0"/>
  <Response dialog="13680621263386200043" id="13680621263386200044" cooldown="60" weight="1" oneshot="0" completeConversation="0" delay="0"/>
 </ResponseSet>
 <ResponseRule id="13680621263386200063" name="" cooldown="" response="13680621263386200064">
  <Criteria>
   <Criterion id="15659330456318451386" value="13680621263353094452" comparison="6" type="guid"/>
   <Criterion id="15659330456318451410" comparison="0" value="13680621263386200044" fromResponse="1" type="guid"/>
  </Criteria>
 </ResponseRule>
 <ResponseSet id="13680621263386200064">
  <Response dialog="13680621263386200062" id="13680621263386200065" cooldown="0" weight="1" oneshot="true" completeConversation="1" delay="0"/>
 </ResponseSet>
 <ResponseSet id="13680621263386200096">
  <Response dialog="13680621263386200095" id="13680621263386200097" cooldown="10" weight="1" oneshot="0" completeConversation="1" delay="0"/>
  <Response dialog="13680621263386200133" id="13680621263386200134" cooldown="10" weight="1" oneshot="0" completeConversation="1" delay="0"/>
  <Response dialog="13680621263386200151" id="13680621263386200152" cooldown="10" weight="1" oneshot="0" completeConversation="1" delay="0"/>
 </ResponseSet>
 <ResponseSet id="13680621263386200184">
  <Response dialog="13680621263386200183" id="13680621263386200185" cooldown="0" weight="1" oneshot="0" completeConversation="1" delay="0"/>
 </ResponseSet>
 <ResponseSet id="13680621263386200703">
  <Response dialog="13680621263386200702" id="13680621263386200704" cooldown="60" weight="1" oneshot="0" completeConversation="1" delay="0"/>
  <Response dialog="13680621263386200732" id="13680621263386200733" cooldown="60" weight="1" oneshot="0" completeConversation="1" delay="0"/>
  <Response dialog="13680621263386200796" id="13680621263386200797" cooldown="60" weight="1" oneshot="0" completeConversation="1" delay="0"/>
  <Response dialog="13680621263386200825" id="13680621263386200826" cooldown="60" weight="1" oneshot="0" completeConversation="1" delay="0"/>
 </ResponseSet>
 <ResponseRule id="13680621263407190403" name="Affected By EMP -- Corrupt Humans" cooldown="10" response="13680621263407190497">
  <Criteria>
   <Criterion id="15659330456318451386" value="13680621263353094452" comparison="6" type="guid"/>
   <Criterion id="15659330456318451410" comparison="0" value="onNpcEmpHit" fromResponse="0" type="default"/>
   <Criterion comparison="0" passIfMissing="false" id="17591291352635828515" type="default" keyType="default" value="1"/>
   <Criterion comparison="5" passIfMissing="false" id="15659330456318451477" type="guid" keyType="default" value="6732635291182789988"/>
   <Criterion comparison="5" passIfMissing="false" id="15659330456318451477" type="guid" keyType="default" value="4349723564897457173"/>
  </Criteria>
 </ResponseRule>
 <ResponseSet id="13680621263407190497">
  <Response dialog="13680621263386199294" id="13680621263407190511" cooldown="0" weight="1" oneshot="0" completeConversation="1" delay="0" cutoff="0"/>
 </ResponseSet>
 <ResponseRule id="13680621263415498501" name="Corrupt Human Affected by Remote Manipulate" cooldown="1" response="13680621263386200096" description="This is what they say just before blowing up." conversation="1">
  <Criteria>
   <Criterion id="15659330456318451386" value="13680621263353094452" comparison="6" type="guid"/>
   <Criterion id="15659330456318451410" comparison="0" value="onNpcRemoteManipulated" fromResponse="0" type="default"/>
   <Criterion comparison="0" passIfMissing="false" id="17591291352635828515" type="default" keyType="default" value="1"/>
   <Criterion comparison="5" passIfMissing="false" id="15659330456318451477" type="guid" keyType="default" value="6732635291182789988"/>
   <Criterion comparison="5" passIfMissing="false" id="15659330456318451477" type="guid" keyType="default" value="4349723564897457173"/>
  </Criteria>
 </ResponseRule>
 <ResponseRule id="13680621263416870121" name="Affected By Lift -- Corrupt Humans" cooldown="10" response="13680621263416870233">
  <Criteria>
   <Criterion id="15659330456318451386" value="13680621263353094452" comparison="6" type="guid"/>
   <Criterion id="15659330456318451410" comparison="0" value="onNpcLiftStartHit" fromResponse="0" type="default"/>
   <Criterion comparison="0" passIfMissing="false" id="17591291352635828515" type="default" keyType="default" value="1"/>
   <Criterion comparison="5" passIfMissing="false" id="15659330456318451477" type="guid" keyType="default" value="6732635291182789988"/>
   <Criterion comparison="5" passIfMissing="false" id="15659330456318451477" type="guid" keyType="default" value="4349723564897457173"/>
  </Criteria>
 </ResponseRule>
 <ResponseSet id="13680621263416870233">
  <Response dialog="13680621263386199294" id="13680621263416870250" cooldown="120" weight="2" oneshot="0" completeConversation="1" delay="0" cutoff="0"/>
  <Response dialog="13680621263386200151" id="13680621263416870279" cooldown="120" weight="1" oneshot="0" completeConversation="1" delay="0" cutoff="0"/>
 </ResponseSet>
</ResponseRules>