<EntityPrototypeLibrary Name="Level">
 <EntityPrototype Name="HardwareLabs.Door_RepairableObject" Id="{85C9B67D-2979-47E3-8E49-1C74C4258A8A}" Library="Level" Class="ArkRepairableObject" Description="" ArchetypeId="16889049021346484042">
  <Properties material_Broken="" particleeffect_BrokenVFX="" vector_BrokenVFXOffset="0,0,0" nBrokenVFXRate="1000" nBrokenVFXRateVariation="100" fBrokenVFXScale="1" bCanTriggerAreas="0" carryForwardOffset="0" carryHeightOffset="0" tutorial_ContextualTutorial="" vector_InteractionOffset="0,0,0" bIsCarryable="0" object_Model="Objects/Environment/Props/ColdWar/Detail_Conduit_A/detail_conduit_a_box.cgf" object_ModelBroken="Objects/Environment/Props/ColdWar/Detail_Conduit_A/detail_conduit_a_box.cgf" ei_TransparencyMode="0">
   <carryDirection x="0" y="0" z="0"/>
   <Physics Density="-1" Mass="-1" bPhysicalize="1" bPushableByAI="0" bPushableByPlayers="0" bRigidBody="0"/>
   <Repair textDisplayName="Door Control Panel" textDisplayNameBroken="Door Control Panel" nHoldToUseDuration="1000" textPromptItemRequired="Spare Parts" archetype_RepairItem="ArkPickups.Kits.SpareParts" ability_RepairRequirement="3149325216929347161" nSparePartsRequired="3"/>
   <Sound audioTrigger_Break="" audioTrigger_BrokenLoop="" audioTrigger_Carry="" audioTrigger_RepairLoop="" audioTrigger_RepairStop=""/>
   <AdditionalArchetypeProperties PrototypeMaterial=""/>
  </Properties>
  <ObjectVars OutdoorOnly="0" CastShadow="1" CastShadowMinspec="1" DynamicDistanceShadows="0" ShadowCasterType="0" CastSunShadowMinSpec="8" LodRatio="100" ViewDistRatio="100" CastShadowViewDistRatio="0" HiddenInGame="0" GlobalInSegmentedWorld="0" RecvWind="0" RenderNearest="0" NoStaticDecals="0" CreatedThroughPool="0" SceneIndex="0" HiddenInProbes="0"/>
 </EntityPrototype>
</EntityPrototypeLibrary>
