
<ResponseRules description="The voice lock in the Arboretum reads off a list of random words, kind of like a captcha image on a website. The specified crew member repeats the words. In this case Morgan used voice samples of Danielle to synthesize her voice to speak the words into the lock.">
 <WritebackKeys/>
 <ResponseRule id="844024417282800497" name="VoiceLock_LockdownAnnounce" cooldown="" conversation="1" description="Voice lock is prompting for words that the player is supposed to repeat" oneshot="1" response="844024417282800820">
  <Criteria>
   <Criterion id="15659330456318451386" value="13680621263369958846" comparison="0" type="guid"/>
   <Criterion id="15659330456318451410" comparison="0" value="onAnnouncementTrigger" fromResponse="0" type="default"/>
   <Criterion comparison="0" passIfMissing="false" id="10739735956111935346" type="guid" keyType="default" value="1713490239386284818"/>
   <Criterion comparison="0" passIfMissing="false" id="15659330456318451477" type="guid" keyType="default" value="13680621263415497407"/>
  </Criteria>
 </ResponseRule>
 <ResponseSet id="844024417282800820">
  <Response dialog="13680621263385383580" id="844024417282800821" cooldown="0" weight="1" oneshot="0" completeConversation="0" delay="0"/>
 </ResponseSet>
 <ResponseRule id="844024417282800841" name="" cooldown="" response="844024417282800842">
  <Criteria>
   <Criterion id="15659330456318451386" value="13680621263369958846" comparison="0" type="guid"/>
   <Criterion id="15659330456318451410" comparison="0" value="844024417282800821" fromResponse="1" type="guid"/>
   <Criterion comparison="0" passIfMissing="false" id="15659330456318451477" type="guid" keyType="default" value="13680621263415497407"/>
  </Criteria>
 </ResponseRule>
 <ResponseSet id="844024417282800842">
  <Response dialog="13680621263385383641" id="844024417282800843" cooldown="0" weight="1" oneshot="0" completeConversation="1" delay="0.25"/>
 </ResponseSet>
 <ResponseRule id="844024417282800911" name="VoiceLock_Word1A_Announce" cooldown="" oneshot="1" conversation="1" response="13680621263402089332" description="Random words for the voice lock">
  <Criteria>
   <Criterion id="15659330456318451386" value="13680621263369958846" comparison="0" type="guid"/>
   <Criterion id="15659330456318451410" comparison="0" value="onAnnouncementTrigger" fromResponse="0" type="default"/>
   <Criterion comparison="0" passIfMissing="false" id="10739735956111935346" type="guid" keyType="default" value="1713490239386284818"/>
   <Criterion comparison="0" passIfMissing="false" id="15659330456318451477" type="guid" keyType="default" value="13680621263415497407"/>
  </Criteria>
 </ResponseRule>
 <ResponseRule id="844024417282801408" name="VoiceLock_Word1B_Announce" cooldown="" oneshot="1" conversation="1" response="13680621263402089368" description="Random words for the voice lock">
  <Criteria>
   <Criterion id="15659330456318451386" value="13680621263369958846" comparison="0" type="guid"/>
   <Criterion id="15659330456318451410" comparison="0" value="onAnnouncementTrigger" fromResponse="0" type="default"/>
   <Criterion comparison="0" passIfMissing="false" id="10739735956111935346" type="guid" keyType="default" value="1713490239386284818"/>
   <Criterion comparison="0" passIfMissing="false" id="15659330456318451477" type="guid" keyType="default" value="13680621263415497407"/>
  </Criteria>
 </ResponseRule>
 <ResponseRule id="844024417282801531" name="VoiceLock_Word1C_Announce" cooldown="" oneshot="1" conversation="1" response="13680621263402089387">
  <Criteria>
   <Criterion id="15659330456318451386" value="13680621263369958846" comparison="0" type="guid"/>
   <Criterion id="15659330456318451410" comparison="0" value="onAnnouncementTrigger" fromResponse="0" type="default"/>
   <Criterion comparison="0" passIfMissing="false" id="10739735956111935346" type="guid" keyType="default" value="1713490239386284818"/>
   <Criterion comparison="0" passIfMissing="false" id="15659330456318451477" type="guid" keyType="default" value="13680621263415497407"/>
  </Criteria>
 </ResponseRule>
 <ResponseRule id="844024417282802274" name="VoiceLock_Word1D_Announce" cooldown="" oneshot="1" conversation="1" response="13680621263402089413">
  <Criteria>
   <Criterion id="15659330456318451386" value="13680621263369958846" comparison="0" type="guid"/>
   <Criterion id="15659330456318451410" comparison="0" value="onAnnouncementTrigger" fromResponse="0" type="default"/>
   <Criterion comparison="0" passIfMissing="false" id="10739735956111935346" type="guid" keyType="default" value="1713490239386284818"/>
   <Criterion comparison="0" passIfMissing="false" id="15659330456318451477" type="guid" keyType="default" value="13680621263415497407"/>
  </Criteria>
 </ResponseRule>
 <ResponseRule id="844024417282803042" name="VoiceLock_Word1E_Announce" cooldown="" oneshot="1" conversation="1" response="13680621263402089427">
  <Criteria>
   <Criterion id="15659330456318451386" value="13680621263369958846" comparison="0" type="guid"/>
   <Criterion id="15659330456318451410" comparison="0" value="onAnnouncementTrigger" fromResponse="0" type="default"/>
   <Criterion comparison="0" passIfMissing="false" id="10739735956111935346" type="guid" keyType="default" value="1713490239386284818"/>
   <Criterion comparison="0" passIfMissing="false" id="15659330456318451477" type="guid" keyType="default" value="13680621263415497407"/>
  </Criteria>
 </ResponseRule>
 <ResponseRule id="844024417282802877" name="VoiceLock_Word2A_Announce" cooldown="" oneshot="1" conversation="1" response="13680621263402089452">
  <Criteria>
   <Criterion id="15659330456318451386" value="13680621263369958846" comparison="0" type="guid"/>
   <Criterion id="15659330456318451410" comparison="0" value="onAnnouncementTrigger" fromResponse="0" type="default"/>
   <Criterion comparison="0" passIfMissing="false" id="10739735956111935346" type="guid" keyType="default" value="1713490239386284818"/>
   <Criterion comparison="0" passIfMissing="false" id="15659330456318451477" type="guid" keyType="default" value="13680621263415497407"/>
  </Criteria>
 </ResponseRule>
 <ResponseRule id="844024417282802897" name="VoiceLock_Word2B_Announce" cooldown="" oneshot="1" conversation="1" response="13680621263402089469" description="Random words for the voice lock">
  <Criteria>
   <Criterion id="15659330456318451386" value="13680621263369958846" comparison="0" type="guid"/>
   <Criterion id="15659330456318451410" comparison="0" value="onAnnouncementTrigger" fromResponse="0" type="default"/>
   <Criterion comparison="0" passIfMissing="false" id="10739735956111935346" type="guid" keyType="default" value="1713490239386284818"/>
   <Criterion comparison="0" passIfMissing="false" id="15659330456318451477" type="guid" keyType="default" value="13680621263415497407"/>
  </Criteria>
 </ResponseRule>
 <ResponseRule id="844024417282802929" name="VoiceLock_Word2C_Announce" cooldown="" oneshot="1" conversation="1" response="13680621263402089487">
  <Criteria>
   <Criterion id="15659330456318451386" value="13680621263369958846" comparison="0" type="guid"/>
   <Criterion id="15659330456318451410" comparison="0" value="onAnnouncementTrigger" fromResponse="0" type="default"/>
   <Criterion comparison="0" passIfMissing="false" id="10739735956111935346" type="guid" keyType="default" value="1713490239386284818"/>
   <Criterion comparison="0" passIfMissing="false" id="15659330456318451477" type="guid" keyType="default" value="13680621263415497407"/>
  </Criteria>
 </ResponseRule>
 <ResponseRule id="844024417282802935" name="VoiceLock_Word2D_Announce" cooldown="" oneshot="1" conversation="1" response="13680621263402089506">
  <Criteria>
   <Criterion id="15659330456318451386" value="13680621263369958846" comparison="0" type="guid"/>
   <Criterion id="15659330456318451410" comparison="0" value="onAnnouncementTrigger" fromResponse="0" type="default"/>
   <Criterion comparison="0" passIfMissing="false" id="10739735956111935346" type="guid" keyType="default" value="1713490239386284818"/>
   <Criterion comparison="0" passIfMissing="false" id="15659330456318451477" type="guid" keyType="default" value="13680621263415497407"/>
  </Criteria>
 </ResponseRule>
 <ResponseRule id="844024417282803233" name="VoiceLock_Word2E_Announce" cooldown="" oneshot="1" conversation="1" response="13680621263402089518">
  <Criteria>
   <Criterion id="15659330456318451386" value="13680621263369958846" comparison="0" type="guid"/>
   <Criterion id="15659330456318451410" comparison="0" value="onAnnouncementTrigger" fromResponse="0" type="default"/>
   <Criterion comparison="0" passIfMissing="false" id="10739735956111935346" type="guid" keyType="default" value="1713490239386284818"/>
   <Criterion comparison="0" passIfMissing="false" id="15659330456318451477" type="guid" keyType="default" value="13680621263415497407"/>
  </Criteria>
 </ResponseRule>
 <ResponseRule id="844024417282803381" name="VoiceLock_Word3A_Announce" cooldown="" oneshot="1" conversation="1" response="13680621263402089534">
  <Criteria>
   <Criterion id="15659330456318451386" value="13680621263369958846" comparison="0" type="guid"/>
   <Criterion id="15659330456318451410" comparison="0" value="onAnnouncementTrigger" fromResponse="0" type="default"/>
   <Criterion comparison="0" passIfMissing="false" id="10739735956111935346" type="guid" keyType="default" value="1713490239386284818"/>
   <Criterion comparison="0" passIfMissing="false" id="15659330456318451477" type="guid" keyType="default" value="13680621263415497407"/>
  </Criteria>
 </ResponseRule>
 <ResponseRule id="844024417282803404" name="VoiceLock_Word3B_Announce" cooldown="" oneshot="1" conversation="1" response="13680621263402089553">
  <Criteria>
   <Criterion id="15659330456318451386" value="13680621263369958846" comparison="0" type="guid"/>
   <Criterion id="15659330456318451410" comparison="0" value="onAnnouncementTrigger" fromResponse="0" type="default"/>
   <Criterion comparison="0" passIfMissing="false" id="10739735956111935346" type="guid" keyType="default" value="1713490239386284818"/>
   <Criterion comparison="0" passIfMissing="false" id="15659330456318451477" type="guid" keyType="default" value="13680621263415497407"/>
  </Criteria>
 </ResponseRule>
 <ResponseRule id="844024417282803427" name="VoiceLock_Word3C_Announce" cooldown="" oneshot="1" conversation="1" response="13680621263402089601">
  <Criteria>
   <Criterion id="15659330456318451386" value="13680621263369958846" comparison="0" type="guid"/>
   <Criterion id="15659330456318451410" comparison="0" value="onAnnouncementTrigger" fromResponse="0" type="default"/>
   <Criterion comparison="0" passIfMissing="false" id="10739735956111935346" type="guid" keyType="default" value="1713490239386284818"/>
   <Criterion comparison="0" passIfMissing="false" id="15659330456318451477" type="guid" keyType="default" value="13680621263415497407"/>
  </Criteria>
 </ResponseRule>
 <ResponseRule id="844024417282803460" name="VoiceLock_Word3D_Announce" cooldown="" oneshot="1" conversation="1" response="13680621263402089614">
  <Criteria>
   <Criterion id="15659330456318451386" value="13680621263369958846" comparison="0" type="guid"/>
   <Criterion id="15659330456318451410" comparison="0" value="onAnnouncementTrigger" fromResponse="0" type="default"/>
   <Criterion comparison="0" passIfMissing="false" id="10739735956111935346" type="guid" keyType="default" value="1713490239386284818"/>
   <Criterion comparison="0" passIfMissing="false" id="15659330456318451477" type="guid" keyType="default" value="13680621263415497407"/>
  </Criteria>
 </ResponseRule>
 <ResponseRule id="844024417282803477" name="VoiceLock_Word3E_Announce" cooldown="" oneshot="1" conversation="1" response="13680621263402089630">
  <Criteria>
   <Criterion id="15659330456318451386" value="13680621263369958846" comparison="0" type="guid"/>
   <Criterion id="15659330456318451410" comparison="0" value="onAnnouncementTrigger" fromResponse="0" type="default"/>
   <Criterion comparison="0" passIfMissing="false" id="10739735956111935346" type="guid" keyType="default" value="1713490239386284818"/>
   <Criterion comparison="0" passIfMissing="false" id="15659330456318451477" type="guid" keyType="default" value="13680621263415497407"/>
  </Criteria>
 </ResponseRule>
 <ResponseRule id="844024417282803501" name="VoiceLock_Word4A_Announce" cooldown="" oneshot="1" conversation="1" response="13680621263402089647">
  <Criteria>
   <Criterion id="15659330456318451386" value="13680621263369958846" comparison="0" type="guid"/>
   <Criterion id="15659330456318451410" comparison="0" value="onAnnouncementTrigger" fromResponse="0" type="default"/>
   <Criterion comparison="0" passIfMissing="false" id="10739735956111935346" type="guid" keyType="default" value="1713490239386284818"/>
   <Criterion comparison="0" passIfMissing="false" id="15659330456318451477" type="guid" keyType="default" value="13680621263415497407"/>
  </Criteria>
 </ResponseRule>
 <ResponseRule id="844024417282803506" name="VoiceLock_Word4B_Announce" cooldown="" oneshot="1" conversation="1" response="13680621263402089674">
  <Criteria>
   <Criterion id="15659330456318451386" value="13680621263369958846" comparison="0" type="guid"/>
   <Criterion id="15659330456318451410" comparison="0" value="onAnnouncementTrigger" fromResponse="0" type="default"/>
   <Criterion comparison="0" passIfMissing="false" id="10739735956111935346" type="guid" keyType="default" value="1713490239386284818"/>
   <Criterion comparison="0" passIfMissing="false" id="15659330456318451477" type="guid" keyType="default" value="13680621263415497407"/>
  </Criteria>
 </ResponseRule>
 <ResponseRule id="844024417282803512" name="VoiceLock_Word4C_Announce" cooldown="" oneshot="1" conversation="1" response="13680621263402089689">
  <Criteria>
   <Criterion id="15659330456318451386" value="13680621263369958846" comparison="0" type="guid"/>
   <Criterion id="15659330456318451410" comparison="0" value="onAnnouncementTrigger" fromResponse="0" type="default"/>
   <Criterion comparison="0" passIfMissing="false" id="10739735956111935346" type="guid" keyType="default" value="1713490239386284818"/>
   <Criterion comparison="0" passIfMissing="false" id="15659330456318451477" type="guid" keyType="default" value="13680621263415497407"/>
  </Criteria>
 </ResponseRule>
 <ResponseRule id="844024417282803517" name="VoiceLock_Word4D_Announce" cooldown="" oneshot="1" conversation="1" response="13680621263402089705">
  <Criteria>
   <Criterion id="15659330456318451386" value="13680621263369958846" comparison="0" type="guid"/>
   <Criterion id="15659330456318451410" comparison="0" value="onAnnouncementTrigger" fromResponse="0" type="default"/>
   <Criterion comparison="0" passIfMissing="false" id="10739735956111935346" type="guid" keyType="default" value="1713490239386284818"/>
   <Criterion comparison="0" passIfMissing="false" id="15659330456318451477" type="guid" keyType="default" value="13680621263415497407"/>
  </Criteria>
 </ResponseRule>
 <ResponseRule id="844024417282803530" name="VoiceLock_Word4E_Announce" cooldown="" oneshot="1" conversation="1" response="13680621263402089720">
  <Criteria>
   <Criterion id="15659330456318451386" value="13680621263369958846" comparison="0" type="guid"/>
   <Criterion id="15659330456318451410" comparison="0" value="onAnnouncementTrigger" fromResponse="0" type="default"/>
   <Criterion comparison="0" passIfMissing="false" id="10739735956111935346" type="guid" keyType="default" value="1713490239386284818"/>
   <Criterion comparison="0" passIfMissing="false" id="15659330456318451477" type="guid" keyType="default" value="13680621263415497407"/>
  </Criteria>
 </ResponseRule>
 <ResponseRule id="844024417296369514" name="Danielle_VoiceLockWord1A" cooldown="" description="Daniell" response="844024417296371251" conversation="1">
  <Criteria>
   <Criterion id="15659330456318451386" value="13680621263377201655" comparison="0" type="guid"/>
   <Criterion id="15659330456318451410" comparison="0" value="onAnnouncementTrigger" fromResponse="0" type="default"/>
   <Criterion comparison="0" passIfMissing="false" id="10739735956111935346" type="guid" keyType="default" value="1713490239386284818"/>
   <Criterion comparison="0" passIfMissing="false" id="15659330456318451477" type="guid" keyType="default" value="844024417273151090"/>
  </Criteria>
 </ResponseRule>
 <ResponseRule id="844024417296369872" name="Danielle_VoiceLockWord1B" cooldown="" description="Daniell" response="844024417296371263" conversation="1">
  <Criteria>
   <Criterion id="15659330456318451386" value="13680621263377201655" comparison="0" type="guid"/>
   <Criterion id="15659330456318451410" comparison="0" value="onAnnouncementTrigger" fromResponse="0" type="default"/>
   <Criterion comparison="0" passIfMissing="false" id="10739735956111935346" type="guid" keyType="default" value="1713490239386284818"/>
   <Criterion comparison="0" passIfMissing="false" id="15659330456318451477" type="guid" keyType="default" value="844024417273151090"/>
  </Criteria>
 </ResponseRule>
 <ResponseRule id="844024417296369879" name="Danielle_VoiceLockWord1C" cooldown="" description="Daniell" response="844024417296371269" conversation="1">
  <Criteria>
   <Criterion id="15659330456318451386" value="13680621263377201655" comparison="0" type="guid"/>
   <Criterion id="15659330456318451410" comparison="0" value="onAnnouncementTrigger" fromResponse="0" type="default"/>
   <Criterion comparison="0" passIfMissing="false" id="10739735956111935346" type="guid" keyType="default" value="1713490239386284818"/>
   <Criterion comparison="0" passIfMissing="false" id="15659330456318451477" type="guid" keyType="default" value="844024417273151090"/>
  </Criteria>
 </ResponseRule>
 <ResponseRule id="844024417296369885" name="Danielle_VoiceLockWord1D" cooldown="" description="Daniell" response="844024417296371279" conversation="1">
  <Criteria>
   <Criterion id="15659330456318451386" value="13680621263377201655" comparison="0" type="guid"/>
   <Criterion id="15659330456318451410" comparison="0" value="onAnnouncementTrigger" fromResponse="0" type="default"/>
   <Criterion comparison="0" passIfMissing="false" id="10739735956111935346" type="guid" keyType="default" value="1713490239386284818"/>
   <Criterion comparison="0" passIfMissing="false" id="15659330456318451477" type="guid" keyType="default" value="844024417273151090"/>
  </Criteria>
 </ResponseRule>
 <ResponseRule id="844024417296370020" name="Danielle_VoiceLockWord1E" cooldown="" description="Daniell" response="844024417296371668" conversation="1">
  <Criteria>
   <Criterion id="15659330456318451386" value="13680621263377201655" comparison="0" type="guid"/>
   <Criterion id="15659330456318451410" comparison="0" value="onAnnouncementTrigger" fromResponse="0" type="default"/>
   <Criterion comparison="0" passIfMissing="false" id="10739735956111935346" type="guid" keyType="default" value="1713490239386284818"/>
   <Criterion comparison="0" passIfMissing="false" id="15659330456318451477" type="guid" keyType="default" value="844024417273151090"/>
  </Criteria>
 </ResponseRule>
 <ResponseRule id="844024417296369891" name="Danielle_VoiceLockWord2A" cooldown="" description="Daniell" response="844024417296371286" conversation="1">
  <Criteria>
   <Criterion id="15659330456318451386" value="13680621263377201655" comparison="0" type="guid"/>
   <Criterion id="15659330456318451410" comparison="0" value="onAnnouncementTrigger" fromResponse="0" type="default"/>
   <Criterion comparison="0" passIfMissing="false" id="10739735956111935346" type="guid" keyType="default" value="1713490239386284818"/>
   <Criterion comparison="0" passIfMissing="false" id="15659330456318451477" type="guid" keyType="default" value="844024417273151090"/>
  </Criteria>
 </ResponseRule>
 <ResponseRule id="844024417296370015" name="Danielle_VoiceLockWord2B" cooldown="" description="Daniell" response="844024417296371610" conversation="1">
  <Criteria>
   <Criterion id="15659330456318451386" value="13680621263377201655" comparison="0" type="guid"/>
   <Criterion id="15659330456318451410" comparison="0" value="onAnnouncementTrigger" fromResponse="0" type="default"/>
   <Criterion comparison="0" passIfMissing="false" id="10739735956111935346" type="guid" keyType="default" value="1713490239386284818"/>
   <Criterion comparison="0" passIfMissing="false" id="15659330456318451477" type="guid" keyType="default" value="844024417273151090"/>
  </Criteria>
 </ResponseRule>
 <ResponseRule id="844024417296370017" name="Danielle_VoiceLockWord2C" cooldown="" description="Daniell" response="844024417296371646" conversation="1">
  <Criteria>
   <Criterion id="15659330456318451386" value="13680621263377201655" comparison="0" type="guid"/>
   <Criterion id="15659330456318451410" comparison="0" value="onAnnouncementTrigger" fromResponse="0" type="default"/>
   <Criterion comparison="0" passIfMissing="false" id="10739735956111935346" type="guid" keyType="default" value="1713490239386284818"/>
   <Criterion comparison="0" passIfMissing="false" id="15659330456318451477" type="guid" keyType="default" value="844024417273151090"/>
  </Criteria>
 </ResponseRule>
 <ResponseRule id="844024417296370018" name="Danielle_VoiceLockWord2D" cooldown="" description="Daniell" response="844024417296371660" conversation="1">
  <Criteria>
   <Criterion id="15659330456318451386" value="13680621263377201655" comparison="0" type="guid"/>
   <Criterion id="15659330456318451410" comparison="0" value="onAnnouncementTrigger" fromResponse="0" type="default"/>
   <Criterion comparison="0" passIfMissing="false" id="10739735956111935346" type="guid" keyType="default" value="1713490239386284818"/>
   <Criterion comparison="0" passIfMissing="false" id="15659330456318451477" type="guid" keyType="default" value="844024417273151090"/>
  </Criteria>
 </ResponseRule>
 <ResponseRule id="844024417296371726" name="Danielle_VoiceLockWord2E" cooldown="" description="Daniell" response="844024417296371831" conversation="1">
  <Criteria>
   <Criterion id="15659330456318451386" value="13680621263377201655" comparison="0" type="guid"/>
   <Criterion id="15659330456318451410" comparison="0" value="onAnnouncementTrigger" fromResponse="0" type="default"/>
   <Criterion comparison="0" passIfMissing="false" id="10739735956111935346" type="guid" keyType="default" value="1713490239386284818"/>
   <Criterion comparison="0" passIfMissing="false" id="15659330456318451477" type="guid" keyType="default" value="844024417273151090"/>
  </Criteria>
 </ResponseRule>
 <ResponseRule id="844024417296371690" name="Danielle_VoiceLockWord3A" cooldown="" description="Daniell" response="844024417296371846" conversation="1">
  <Criteria>
   <Criterion id="15659330456318451386" value="13680621263377201655" comparison="0" type="guid"/>
   <Criterion id="15659330456318451410" comparison="0" value="onAnnouncementTrigger" fromResponse="0" type="default"/>
   <Criterion comparison="0" passIfMissing="false" id="10739735956111935346" type="guid" keyType="default" value="1713490239386284818"/>
   <Criterion comparison="0" passIfMissing="false" id="15659330456318451477" type="guid" keyType="default" value="844024417273151090"/>
  </Criteria>
 </ResponseRule>
 <ResponseRule id="844024417296370027" name="Danielle_VoiceLockWord3B" cooldown="" description="Daniell" response="844024417296372164" conversation="1">
  <Criteria>
   <Criterion id="15659330456318451386" value="13680621263377201655" comparison="0" type="guid"/>
   <Criterion id="15659330456318451410" comparison="0" value="onAnnouncementTrigger" fromResponse="0" type="default"/>
   <Criterion comparison="0" passIfMissing="false" id="10739735956111935346" type="guid" keyType="default" value="1713490239386284818"/>
   <Criterion comparison="0" passIfMissing="false" id="15659330456318451477" type="guid" keyType="default" value="844024417273151090"/>
  </Criteria>
 </ResponseRule>
 <ResponseRule id="844024417296370030" name="Danielle_VoiceLockWord3C" cooldown="" description="Daniell" response="844024417296372170" conversation="1">
  <Criteria>
   <Criterion id="15659330456318451386" value="13680621263377201655" comparison="0" type="guid"/>
   <Criterion id="15659330456318451410" comparison="0" value="onAnnouncementTrigger" fromResponse="0" type="default"/>
   <Criterion comparison="0" passIfMissing="false" id="10739735956111935346" type="guid" keyType="default" value="1713490239386284818"/>
   <Criterion comparison="0" passIfMissing="false" id="15659330456318451477" type="guid" keyType="default" value="844024417273151090"/>
  </Criteria>
 </ResponseRule>
 <ResponseRule id="844024417296370032" name="Danielle_VoiceLockWord3D" cooldown="" description="Daniell" response="844024417296372179" conversation="1">
  <Criteria>
   <Criterion id="15659330456318451386" value="13680621263377201655" comparison="0" type="guid"/>
   <Criterion id="15659330456318451410" comparison="0" value="onAnnouncementTrigger" fromResponse="0" type="default"/>
   <Criterion comparison="0" passIfMissing="false" id="10739735956111935346" type="guid" keyType="default" value="1713490239386284818"/>
   <Criterion comparison="0" passIfMissing="false" id="15659330456318451477" type="guid" keyType="default" value="844024417273151090"/>
  </Criteria>
 </ResponseRule>
 <ResponseRule id="844024417296371737" name="Danielle_VoiceLockWord3E" cooldown="" description="Daniell" response="844024417296372195" conversation="1">
  <Criteria>
   <Criterion id="15659330456318451386" value="13680621263377201655" comparison="0" type="guid"/>
   <Criterion id="15659330456318451410" comparison="0" value="onAnnouncementTrigger" fromResponse="0" type="default"/>
   <Criterion comparison="0" passIfMissing="false" id="10739735956111935346" type="guid" keyType="default" value="1713490239386284818"/>
   <Criterion comparison="0" passIfMissing="false" id="15659330456318451477" type="guid" keyType="default" value="844024417273151090"/>
  </Criteria>
 </ResponseRule>
 <ResponseRule id="844024417296370033" name="Danielle_VoiceLockWord4A" cooldown="" description="Daniell" response="844024417296372201" conversation="1">
  <Criteria>
   <Criterion id="15659330456318451386" value="13680621263377201655" comparison="0" type="guid"/>
   <Criterion id="15659330456318451410" comparison="0" value="onAnnouncementTrigger" fromResponse="0" type="default"/>
   <Criterion comparison="0" passIfMissing="false" id="10739735956111935346" type="guid" keyType="default" value="1713490239386284818"/>
   <Criterion comparison="0" passIfMissing="false" id="15659330456318451477" type="guid" keyType="default" value="844024417273151090"/>
  </Criteria>
 </ResponseRule>
 <ResponseRule id="844024417296370038" name="Danielle_VoiceLockWord4B" cooldown="" description="Daniell" response="844024417296372212" conversation="1">
  <Criteria>
   <Criterion id="15659330456318451386" value="13680621263377201655" comparison="0" type="guid"/>
   <Criterion id="15659330456318451410" comparison="0" value="onAnnouncementTrigger" fromResponse="0" type="default"/>
   <Criterion comparison="0" passIfMissing="false" id="10739735956111935346" type="guid" keyType="default" value="1713490239386284818"/>
   <Criterion comparison="0" passIfMissing="false" id="15659330456318451477" type="guid" keyType="default" value="844024417273151090"/>
  </Criteria>
 </ResponseRule>
 <ResponseRule id="844024417296370039" name="Danielle_VoiceLockWord4C" cooldown="" description="Daniell" response="844024417296372219" conversation="1">
  <Criteria>
   <Criterion id="15659330456318451386" value="13680621263377201655" comparison="0" type="guid"/>
   <Criterion id="15659330456318451410" comparison="0" value="onAnnouncementTrigger" fromResponse="0" type="default"/>
   <Criterion comparison="0" passIfMissing="false" id="10739735956111935346" type="guid" keyType="default" value="1713490239386284818"/>
   <Criterion comparison="0" passIfMissing="false" id="15659330456318451477" type="guid" keyType="default" value="844024417273151090"/>
  </Criteria>
 </ResponseRule>
 <ResponseRule id="844024417296370040" name="Danielle_VoiceLockWord4D" cooldown="" description="Daniell" response="844024417296372228" conversation="1">
  <Criteria>
   <Criterion id="15659330456318451386" value="13680621263377201655" comparison="0" type="guid"/>
   <Criterion id="15659330456318451410" comparison="0" value="onAnnouncementTrigger" fromResponse="0" type="default"/>
   <Criterion comparison="0" passIfMissing="false" id="10739735956111935346" type="guid" keyType="default" value="1713490239386284818"/>
   <Criterion comparison="0" passIfMissing="false" id="15659330456318451477" type="guid" keyType="default" value="844024417273151090"/>
  </Criteria>
 </ResponseRule>
 <ResponseSet id="844024417296371251">
  <Response dialog="844024417296371250" id="844024417296371252" cooldown="0" weight="1" oneshot="0" completeConversation="1" delay="0"/>
 </ResponseSet>
 <ResponseSet id="844024417296371263">
  <Response dialog="844024417296371262" id="844024417296371264" cooldown="0" weight="1" oneshot="0" completeConversation="1" delay="0"/>
 </ResponseSet>
 <ResponseSet id="844024417296371269">
  <Response dialog="844024417296371268" id="844024417296371270" cooldown="0" weight="1" oneshot="0" completeConversation="1" delay="0"/>
 </ResponseSet>
 <ResponseSet id="844024417296371279">
  <Response dialog="844024417296371278" id="844024417296371280" cooldown="0" weight="1" oneshot="0" completeConversation="1" delay="0"/>
 </ResponseSet>
 <ResponseSet id="844024417296371286">
  <Response dialog="844024417296371285" id="844024417296371287" cooldown="0" weight="1" oneshot="0" completeConversation="1" delay="0"/>
 </ResponseSet>
 <ResponseSet id="844024417296371610">
  <Response dialog="844024417296371609" id="844024417296371611" cooldown="0" weight="1" oneshot="0" completeConversation="1" delay="0"/>
 </ResponseSet>
 <ResponseSet id="844024417296371646">
  <Response dialog="844024417296371645" id="844024417296371647" cooldown="0" weight="1" oneshot="0" completeConversation="1" delay="0"/>
 </ResponseSet>
 <ResponseSet id="844024417296371660">
  <Response dialog="844024417296371659" id="844024417296371661" cooldown="0" weight="1" oneshot="0" completeConversation="1" delay="0"/>
 </ResponseSet>
 <ResponseSet id="844024417296371668">
  <Response dialog="844024417296371667" id="844024417296371669" cooldown="0" weight="1" oneshot="0" completeConversation="1" delay="0"/>
 </ResponseSet>
 <ResponseRule id="844024417296371744" name="Danielle_VoiceLockWord4E" cooldown="" description="Daniell" response="844024417296372236" conversation="1">
  <Criteria>
   <Criterion id="15659330456318451386" value="13680621263377201655" comparison="0" type="guid"/>
   <Criterion id="15659330456318451410" comparison="0" value="onAnnouncementTrigger" fromResponse="0" type="default"/>
   <Criterion comparison="0" passIfMissing="false" id="10739735956111935346" type="guid" keyType="default" value="1713490239386284818"/>
   <Criterion comparison="0" passIfMissing="false" id="15659330456318451477" type="guid" keyType="default" value="844024417273151090"/>
  </Criteria>
 </ResponseRule>
 <ResponseRule id="13680621263402089773" name="VoiceLock_Override" cooldown="" oneshot="1" conversation="1" response="13680621263402089826">
  <Criteria>
   <Criterion id="15659330456318451386" value="13680621263377201655" comparison="0" type="guid"/>
   <Criterion id="15659330456318451410" comparison="0" value="onAnnouncementTrigger" fromResponse="0" type="default"/>
   <Criterion comparison="0" passIfMissing="false" id="15659330456318451477" type="guid" keyType="default" value="844024417273151090"/>
   <Criterion comparison="0" passIfMissing="false" id="10739735956111935346" type="guid" keyType="default" value="1713490239386284818"/>
  </Criteria>
 </ResponseRule>
 <ResponseSet id="844024417296371831">
  <Response dialog="844024417296371830" id="844024417296371832" cooldown="0" weight="1" oneshot="0" completeConversation="1" delay="0"/>
 </ResponseSet>
 <ResponseSet id="844024417296371846">
  <Response dialog="844024417296371845" id="844024417296371847" cooldown="0" weight="1" oneshot="0" completeConversation="1" delay="0"/>
 </ResponseSet>
 <ResponseSet id="844024417296372164">
  <Response dialog="844024417296372163" id="844024417296372165" cooldown="0" weight="1" oneshot="0" completeConversation="1" delay="0"/>
 </ResponseSet>
 <ResponseSet id="844024417296372170">
  <Response dialog="844024417296372169" id="844024417296372171" cooldown="0" weight="1" oneshot="0" completeConversation="1" delay="0"/>
 </ResponseSet>
 <ResponseSet id="844024417296372179">
  <Response dialog="844024417296372178" id="844024417296372180" cooldown="0" weight="1" oneshot="0" completeConversation="1" delay="0"/>
 </ResponseSet>
 <ResponseSet id="844024417296372195">
  <Response dialog="844024417296372194" id="844024417296372196" cooldown="0" weight="1" oneshot="0" completeConversation="1" delay="0"/>
 </ResponseSet>
 <ResponseSet id="844024417296372201">
  <Response dialog="844024417296372200" id="844024417296372202" cooldown="0" weight="1" oneshot="0" completeConversation="1" delay="0"/>
 </ResponseSet>
 <ResponseSet id="844024417296372212">
  <Response dialog="844024417296372211" id="844024417296372213" cooldown="0" weight="1" oneshot="0" completeConversation="1" delay="0"/>
 </ResponseSet>
 <ResponseSet id="844024417296372219">
  <Response dialog="844024417296372218" id="844024417296372220" cooldown="0" weight="1" oneshot="0" completeConversation="1" delay="0"/>
 </ResponseSet>
 <ResponseSet id="844024417296372228">
  <Response dialog="844024417296372227" id="844024417296372229" cooldown="0" weight="1" oneshot="0" completeConversation="1" delay="0"/>
 </ResponseSet>
 <ResponseSet id="844024417296372236">
  <Response dialog="844024417296372235" id="844024417296372237" cooldown="0" weight="1" oneshot="0" completeConversation="1" delay="0"/>
 </ResponseSet>
 <ResponseRule id="844024417296380769" name="VoiceLock_LockdownPassed" cooldown="" conversation="1" description="Voice lock is prompting for words that the player is supposed to repeat" oneshot="1" response="844024417296380841">
  <Criteria>
   <Criterion id="15659330456318451386" value="13680621263369958846" comparison="0" type="guid"/>
   <Criterion id="15659330456318451410" comparison="0" value="onAnnouncementTrigger" fromResponse="0" type="default"/>
   <Criterion comparison="0" passIfMissing="false" id="10739735956111935346" type="guid" keyType="default" value="1713490239386284818"/>
   <Criterion comparison="0" passIfMissing="false" id="15659330456318451477" type="guid" keyType="default" value="13680621263415497407"/>
  </Criteria>
 </ResponseRule>
 <ResponseRule id="844024417296380780" name="VoiceLock_LockdownFailed" cooldown="" conversation="1" description="Voice lock is prompting for words that the player is supposed to repeat" oneshot="1" response="844024417296380819">
  <Criteria>
   <Criterion id="15659330456318451386" value="13680621263369958846" comparison="0" type="guid"/>
   <Criterion id="15659330456318451410" comparison="0" value="onAnnouncementTrigger" fromResponse="0" type="default"/>
   <Criterion comparison="0" passIfMissing="false" id="10739735956111935346" type="guid" keyType="default" value="1713490239386284818"/>
   <Criterion comparison="0" passIfMissing="false" id="15659330456318451477" type="guid" keyType="default" value="13680621263415497407"/>
  </Criteria>
 </ResponseRule>
 <ResponseSet id="844024417296380819">
  <Response dialog="13680621263392004336" id="844024417296380820" cooldown="0" weight="1" oneshot="0" completeConversation="1" delay="0"/>
 </ResponseSet>
 <ResponseSet id="844024417296380841">
  <Response dialog="13680621263392004320" id="844024417296380842" cooldown="0" weight="1" oneshot="0" completeConversation="1" delay="0"/>
 </ResponseSet>
 <ResponseSet id="13680621263402089332">
  <Response dialog="13680621263402089331" id="13680621263402089333" cooldown="0" weight="1" oneshot="0" completeConversation="1" delay="0" cutoff="0"/>
 </ResponseSet>
 <ResponseSet id="13680621263402089368">
  <Response dialog="13680621263402089367" id="13680621263402089369" cooldown="0" weight="1" oneshot="0" completeConversation="1" delay="0" cutoff="0"/>
 </ResponseSet>
 <ResponseSet id="13680621263402089387">
  <Response dialog="13680621263402089386" id="13680621263402089388" cooldown="0" weight="1" oneshot="0" completeConversation="1" delay="0" cutoff="0"/>
 </ResponseSet>
 <ResponseSet id="13680621263402089413">
  <Response dialog="13680621263402089412" id="13680621263402089414" cooldown="0" weight="1" oneshot="0" completeConversation="1" delay="0" cutoff="0"/>
 </ResponseSet>
 <ResponseSet id="13680621263402089427">
  <Response dialog="13680621263402089426" id="13680621263402089428" cooldown="0" weight="1" oneshot="0" completeConversation="1" delay="0" cutoff="0"/>
 </ResponseSet>
 <ResponseSet id="13680621263402089452">
  <Response dialog="13680621263402089451" id="13680621263402089453" cooldown="0" weight="1" oneshot="0" completeConversation="1" delay="0" cutoff="0"/>
 </ResponseSet>
 <ResponseSet id="13680621263402089469">
  <Response dialog="13680621263402089468" id="13680621263402089470" cooldown="0" weight="1" oneshot="0" completeConversation="1" delay="0" cutoff="0"/>
 </ResponseSet>
 <ResponseSet id="13680621263402089487">
  <Response dialog="13680621263402089486" id="13680621263402089488" cooldown="0" weight="1" oneshot="0" completeConversation="1" delay="0" cutoff="0"/>
 </ResponseSet>
 <ResponseSet id="13680621263402089506">
  <Response dialog="13680621263402089505" id="13680621263402089507" cooldown="0" weight="1" oneshot="0" completeConversation="1" delay="0" cutoff="0"/>
 </ResponseSet>
 <ResponseSet id="13680621263402089518">
  <Response dialog="13680621263402089517" id="13680621263402089519" cooldown="0" weight="1" oneshot="0" completeConversation="1" delay="0" cutoff="0"/>
 </ResponseSet>
 <ResponseSet id="13680621263402089534">
  <Response dialog="13680621263402089533" id="13680621263402089535" cooldown="0" weight="1" oneshot="0" completeConversation="1" delay="0" cutoff="0"/>
 </ResponseSet>
 <ResponseSet id="13680621263402089553">
  <Response dialog="13680621263402089552" id="13680621263402089554" cooldown="0" weight="1" oneshot="0" completeConversation="1" delay="0" cutoff="0"/>
 </ResponseSet>
 <ResponseSet id="13680621263402089601">
  <Response dialog="13680621263402089600" id="13680621263402089602" cooldown="0" weight="1" oneshot="0" completeConversation="1" delay="0" cutoff="0"/>
 </ResponseSet>
 <ResponseSet id="13680621263402089614">
  <Response dialog="13680621263402089613" id="13680621263402089615" cooldown="0" weight="1" oneshot="0" completeConversation="1" delay="0" cutoff="0"/>
 </ResponseSet>
 <ResponseSet id="13680621263402089630">
  <Response dialog="13680621263402089629" id="13680621263402089631" cooldown="0" weight="1" oneshot="0" completeConversation="1" delay="0" cutoff="0"/>
 </ResponseSet>
 <ResponseSet id="13680621263402089647">
  <Response dialog="13680621263402089646" id="13680621263402089648" cooldown="0" weight="1" oneshot="0" completeConversation="1" delay="0" cutoff="0"/>
 </ResponseSet>
 <ResponseSet id="13680621263402089674">
  <Response dialog="13680621263402089673" id="13680621263402089675" cooldown="0" weight="1" oneshot="0" completeConversation="1" delay="0" cutoff="0"/>
 </ResponseSet>
 <ResponseSet id="13680621263402089689">
  <Response dialog="13680621263402089688" id="13680621263402089690" cooldown="0" weight="1" oneshot="0" completeConversation="1" delay="0" cutoff="0"/>
 </ResponseSet>
 <ResponseSet id="13680621263402089705">
  <Response dialog="13680621263402089704" id="13680621263402089706" cooldown="0" weight="1" oneshot="0" completeConversation="1" delay="0" cutoff="0"/>
 </ResponseSet>
 <ResponseSet id="13680621263402089720">
  <Response dialog="13680621263402089719" id="13680621263402089721" cooldown="0" weight="1" oneshot="0" completeConversation="1" delay="0" cutoff="0"/>
 </ResponseSet>
 <ResponseSet id="13680621263402089826">
  <Response dialog="13680621263400341899" id="13680621263402089827" cooldown="0" weight="1" oneshot="0" completeConversation="1" delay="0" cutoff="0"/>
 </ResponseSet>
 <ResponseRule id="13680621263407184274" name="VoiceLock_LockdownAnnounce_OverrideKnown" cooldown="" conversation="1" description="Voice lock is prompting for words that the player is supposed to repeat" oneshot="1" response="13680621263407184327">
  <Criteria>
   <Criterion id="15659330456318451386" value="13680621263369958846" comparison="0" type="guid"/>
   <Criterion id="15659330456318451410" comparison="0" value="onAnnouncementTrigger" fromResponse="0" type="default"/>
   <Criterion comparison="0" passIfMissing="false" id="10739735956111935346" type="guid" keyType="default" value="1713490239386284818"/>
   <Criterion comparison="0" passIfMissing="false" id="15659330456318451477" type="guid" keyType="default" value="13680621263415497407"/>
  </Criteria>
 </ResponseRule>
 <ResponseSet id="13680621263407184327">
  <Response dialog="13680621263385383580" id="13680621263407184328" cooldown="0" weight="1" oneshot="0" completeConversation="1" delay="0" cutoff="0"/>
 </ResponseSet>
</ResponseRules>