<Graph isModule="1" moduleName="VFX-0gDisabled" isObjectList="1" objectListClass="ParticleEffect" Description="" Group="" enabled="1" MultiPlayer="ClientServer">
 <Nodes>
  <Node Id="2" Class="entity:ParticleEffect" pos="-446.59091,-318.18182,0" EntityGUID="{962FA8B9-D7AD-4DCF-9EE8-CCFA0863B688}" EntityGUID_64="4DCFD7AD962FA8B9">
   <Inputs entityId="0" Disable="0" Enable="0" Kill="0" Restart="0" Spawn="0"/>
  </Node>
  <Node Id="4" Class="entity:ParticleEffect" pos="-446.59091,-293.18182,0" EntityGUID="{AC8436B6-912F-4FFE-818D-18F467246172}" EntityGUID_64="4FFE912FAC8436B6">
   <Inputs entityId="0" Disable="0" Enable="0" Kill="0" Restart="0" Spawn="0"/>
  </Node>
  <Node Id="6" Class="entity:ParticleEffect" pos="-243.18181,-312.5,0" EntityGUID="{34EC7CA7-EE6E-49E5-BDF3-A3E77E631492}" EntityGUID_64="49E5EE6E34EC7CA7">
   <Inputs entityId="0" Disable="0" Enable="0" Kill="0" Restart="0" Spawn="0"/>
  </Node>
  <Node Id="8" Class="entity:ParticleEffect" pos="-80,-310,0" EntityGUID="{90CAC92E-FF85-4145-8FC8-CF26A1D2D4C5}" EntityGUID_64="4145FF8590CAC92E">
   <Inputs entityId="0" Disable="0" Enable="0" Kill="0" Restart="0" Spawn="0"/>
  </Node>
  <Node Id="10" Class="entity:ParticleEffect" pos="154.54546,-327.27274,0" EntityGUID="{90E5920F-18AC-407C-A6AB-F0E3488DB9A5}" EntityGUID_64="407C18AC90E5920F">
   <Inputs entityId="0" Disable="0" Enable="0" Kill="0" Restart="0" Spawn="0"/>
  </Node>
  <Node Id="12" Class="entity:ParticleEffect" pos="154.54546,-302.27274,0" EntityGUID="{9AF9061A-9B3D-474F-902A-BFF8C3B8CACC}" EntityGUID_64="474F9B3D9AF9061A">
   <Inputs entityId="0" Disable="0" Enable="0" Kill="0" Restart="0" Spawn="0"/>
  </Node>
  <Node Id="14" Class="entity:ParticleEffect" pos="154.54546,-277.27274,0" EntityGUID="{9A181533-1F13-4EDA-BFD6-AF8493A3BA5A}" EntityGUID_64="4EDA1F139A181533">
   <Inputs entityId="0" Disable="0" Enable="0" Kill="0" Restart="0" Spawn="0"/>
  </Node>
  <Node Id="16" Class="entity:ParticleEffect" pos="154.54546,-252.27274,0" EntityGUID="{6ED85E45-6749-48B7-BC33-ED10F60B1360}" EntityGUID_64="48B767496ED85E45">
   <Inputs entityId="0" Disable="0" Enable="0" Kill="0" Restart="0" Spawn="0"/>
  </Node>
  <Node Id="18" Class="entity:ParticleEffect" pos="154.54546,-227.27274,0" EntityGUID="{1368D746-9305-4BD2-80EF-5032139A79FF}" EntityGUID_64="4BD293051368D746">
   <Inputs entityId="0" Disable="0" Enable="0" Kill="0" Restart="0" Spawn="0"/>
  </Node>
  <Node Id="20" Class="entity:ParticleEffect" pos="154.54546,-202.27274,0" EntityGUID="{5D788E63-25E4-4A90-8732-B494721816AA}" EntityGUID_64="4A9025E45D788E63">
   <Inputs entityId="0" Disable="0" Enable="0" Kill="0" Restart="0" Spawn="0"/>
  </Node>
  <Node Id="22" Class="entity:ParticleEffect" pos="154.54546,-177.27274,0" EntityGUID="{D2744B8A-DF33-4FB3-A5F6-5E94030E4E05}" EntityGUID_64="4FB3DF33D2744B8A">
   <Inputs entityId="0" Disable="0" Enable="0" Kill="0" Restart="0" Spawn="0"/>
  </Node>
  <Node Id="24" Class="entity:ParticleEffect" pos="154.54546,-152.27274,0" EntityGUID="{77969794-9180-43D5-B389-E368AB1C21D7}" EntityGUID_64="43D5918077969794">
   <Inputs entityId="0" Disable="0" Enable="0" Kill="0" Restart="0" Spawn="0"/>
  </Node>
  <Node Id="26" Class="entity:ParticleEffect" pos="154.54546,-127.27274,0" EntityGUID="{92CBD7A1-7B34-4A67-BDAF-61C297BFC9A2}" EntityGUID_64="4A677B3492CBD7A1">
   <Inputs entityId="0" Disable="0" Enable="0" Kill="0" Restart="0" Spawn="0"/>
  </Node>
  <Node Id="28" Class="entity:ParticleEffect" pos="154.54546,-102.27274,0" EntityGUID="{B056F6A4-8B0D-4B88-8B95-853D6F611D8B}" EntityGUID_64="4B888B0DB056F6A4">
   <Inputs entityId="0" Disable="0" Enable="0" Kill="0" Restart="0" Spawn="0"/>
  </Node>
  <Node Id="30" Class="entity:ParticleEffect" pos="154.54546,-77.272736,0" EntityGUID="{69FD7FAD-2013-481E-B44E-9387D6B10CB2}" EntityGUID_64="481E201369FD7FAD">
   <Inputs entityId="0" Disable="0" Enable="0" Kill="0" Restart="0" Spawn="0"/>
  </Node>
  <Node Id="32" Class="entity:ParticleEffect" pos="154.54546,-52.272736,0" EntityGUID="{CDA259CB-D0BC-403F-8EAA-786400BEDA3A}" EntityGUID_64="403FD0BCCDA259CB">
   <Inputs entityId="0" Disable="0" Enable="0" Kill="0" Restart="0" Spawn="0"/>
  </Node>
  <Node Id="34" Class="entity:ParticleEffect" pos="154.54546,-27.272736,0" EntityGUID="{F2DF83D3-017B-446E-8B3E-424FED9F07A2}" EntityGUID_64="446E017BF2DF83D3">
   <Inputs entityId="0" Disable="0" Enable="0" Kill="0" Restart="0" Spawn="0"/>
  </Node>
  <Node Id="36" Class="entity:ParticleEffect" pos="154.54546,-2.2727356,0" EntityGUID="{D46425DD-69FB-4BD3-A82B-BACFD0C250F5}" EntityGUID_64="4BD369FBD46425DD">
   <Inputs entityId="0" Disable="0" Enable="0" Kill="0" Restart="0" Spawn="0"/>
  </Node>
  <Node Id="38" Class="entity:ParticleEffect" pos="154.54546,22.727264,0" EntityGUID="{97C70EF9-2BE8-4405-8827-68A44417DF6E}" EntityGUID_64="44052BE897C70EF9">
   <Inputs entityId="0" Disable="0" Enable="0" Kill="0" Restart="0" Spawn="0"/>
  </Node>
  <Node Id="40" Class="entity:ParticleEffect" pos="154.54546,47.727264,0" EntityGUID="{8242B6FD-4172-46D4-971C-4EBB30E891D5}" EntityGUID_64="46D441728242B6FD">
   <Inputs entityId="0" Disable="0" Enable="0" Kill="0" Restart="0" Spawn="0"/>
  </Node>
  <Node Id="42" Class="entity:ParticleEffect" pos="-428.40909,-128.40909,0" EntityGUID="{FACF9F1A-486E-4055-B249-8DE0A2277328}" EntityGUID_64="4055486EFACF9F1A">
   <Inputs entityId="0" Disable="0" Enable="0" Kill="0" Restart="0" Spawn="0"/>
  </Node>
  <Node Id="44" Class="entity:ParticleEffect" pos="-428.40909,-103.40909,0" EntityGUID="{7623ACA9-4D17-49BC-9E0A-9F5D18C85968}" EntityGUID_64="49BC4D177623ACA9">
   <Inputs entityId="0" Disable="0" Enable="0" Kill="0" Restart="0" Spawn="0"/>
  </Node>
  <Node Id="46" Class="entity:ParticleEffect" pos="-428.40909,-78.409088,0" EntityGUID="{848583CE-B79D-4C4D-BA87-6F52644E7AEA}" EntityGUID_64="4C4DB79D848583CE">
   <Inputs entityId="0" Disable="0" Enable="0" Kill="0" Restart="0" Spawn="0"/>
  </Node>
  <Node Id="50" Class="entity:ParticleEffect" pos="-219.31818,-100,0" EntityGUID="{1BC496AC-D4BF-4769-A4A5-03D6AA3113C6}" EntityGUID_64="4769D4BF1BC496AC">
   <Inputs entityId="0" Disable="0" Enable="0" Kill="0" Restart="0" Spawn="0"/>
  </Node>
  <Node Id="52" Class="entity:ParticleEffect" pos="-219.31818,-75,0" EntityGUID="{DC21E7AE-EB93-4690-9629-A47D85444E45}" EntityGUID_64="4690EB93DC21E7AE">
   <Inputs entityId="0" Disable="0" Enable="0" Kill="0" Restart="0" Spawn="0"/>
  </Node>
  <Node Id="54" Class="entity:ParticleEffect" pos="-219.31818,-50,0" EntityGUID="{150BB0B6-8074-447B-A116-F38A7409954E}" EntityGUID_64="447B8074150BB0B6">
   <Inputs entityId="0" Disable="0" Enable="0" Kill="0" Restart="0" Spawn="0"/>
  </Node>
  <Node Id="56" Class="entity:ParticleEffect" pos="-22.387568,-114.82655,0" EntityGUID="{C1EC96D7-E6CE-48F6-A659-CCBF03CF2C5A}" EntityGUID_64="48F6E6CEC1EC96D7">
   <Inputs entityId="0" Disable="0" Enable="0" Kill="0" Restart="0" Spawn="0"/>
  </Node>
  <Node Id="58" Class="entity:ParticleEffect" pos="-22.387568,-89.826553,0" EntityGUID="{33D285BD-DE1E-44FF-BB98-5225CACDECF1}" EntityGUID_64="44FFDE1E33D285BD">
   <Inputs entityId="0" Disable="0" Enable="0" Kill="0" Restart="0" Spawn="0"/>
  </Node>
  <Node Id="60" Class="entity:ParticleEffect" pos="-22.387568,-64.826553,0" EntityGUID="{B1EA0E26-EC56-497D-86A2-FE56B7C4861B}" EntityGUID_64="497DEC56B1EA0E26">
   <Inputs entityId="0" Disable="0" Enable="0" Kill="0" Restart="0" Spawn="0"/>
  </Node>
  <Node Id="62" Class="entity:ParticleEffect" pos="-35.386799,88.105911,0" EntityGUID="{064B0088-75D4-437B-BDBB-AD9BA9DA7E49}" EntityGUID_64="437B75D4064B0088">
   <Inputs entityId="0" Disable="0" Enable="0" Kill="0" Restart="0" Spawn="0"/>
  </Node>
  <Node Id="64" Class="entity:ParticleEffect" pos="-339.42441,85.939369,0" EntityGUID="{F1AB8E22-822D-4018-B01F-9933C01F0162}" EntityGUID_64="4018822DF1AB8E22">
   <Inputs entityId="0" Disable="0" Enable="0" Kill="0" Restart="0" Spawn="0"/>
  </Node>
  <Node Id="66" Class="entity:ParticleEffect" pos="-339.42441,110.93937,0" EntityGUID="{0F87A2F9-4203-435F-B1B8-948CB9726E62}" EntityGUID_64="435F42030F87A2F9">
   <Inputs entityId="0" Disable="0" Enable="0" Kill="0" Restart="0" Spawn="0"/>
  </Node>
  <Node Id="68" Class="entity:ParticleEffect" pos="-339.42441,135.93936,0" EntityGUID="{98B3850E-ADFC-4CC2-B450-3A557FD3C143}" EntityGUID_64="4CC2ADFC98B3850E">
   <Inputs entityId="0" Disable="0" Enable="0" Kill="0" Restart="0" Spawn="0"/>
  </Node>
  <Node Id="70" Class="entity:ParticleEffect" pos="-339.42441,160.93936,0" EntityGUID="{F82CA988-2895-438B-9F02-79A04205DDF2}" EntityGUID_64="438B2895F82CA988">
   <Inputs entityId="0" Disable="0" Enable="0" Kill="0" Restart="0" Spawn="0"/>
  </Node>
  <Node Id="72" Class="entity:ParticleEffect" pos="-339.42441,185.93936,0" EntityGUID="{957B80A3-EFCF-4691-A021-A58397789F24}" EntityGUID_64="4691EFCF957B80A3">
   <Inputs entityId="0" Disable="0" Enable="0" Kill="0" Restart="0" Spawn="0"/>
  </Node>
  <Node Id="74" Class="entity:ParticleEffect" pos="345.92401,-327.14737,0" EntityGUID="{84356E05-D488-4338-A2CD-824B9B267460}" EntityGUID_64="4338D48884356E05">
   <Inputs entityId="0" Disable="0" Enable="0" Kill="0" Restart="0" Spawn="0"/>
  </Node>
  <Node Id="76" Class="entity:ParticleEffect" pos="345.92401,-302.14737,0" EntityGUID="{9134F793-B3F5-48CA-92FB-7EEBAFB1A7A4}" EntityGUID_64="48CAB3F59134F793">
   <Inputs entityId="0" Disable="0" Enable="0" Kill="0" Restart="0" Spawn="0"/>
  </Node>
  <Node Id="78" Class="entity:ParticleEffect" pos="345.92401,-277.14737,0" EntityGUID="{8F7CB211-5854-4667-AA60-C92BCCFA14C0}" EntityGUID_64="466758548F7CB211">
   <Inputs entityId="0" Disable="0" Enable="0" Kill="0" Restart="0" Spawn="0"/>
  </Node>
  <Node Id="80" Class="entity:ParticleEffect" pos="345.92401,-252.14737,0" EntityGUID="{6CC44557-C719-4A29-885D-EC7F62549CEB}" EntityGUID_64="4A29C7196CC44557">
   <Inputs entityId="0" Disable="0" Enable="0" Kill="0" Restart="0" Spawn="0"/>
  </Node>
  <Node Id="82" Class="entity:ParticleEffect" pos="345.92401,-227.14737,0" EntityGUID="{436C266E-BD9E-4E9B-B076-893983A3290C}" EntityGUID_64="4E9BBD9E436C266E">
   <Inputs entityId="0" Disable="0" Enable="0" Kill="0" Restart="0" Spawn="0"/>
  </Node>
  <Node Id="84" Class="entity:ParticleEffect" pos="345.92401,-202.14737,0" EntityGUID="{375E5E7C-2C2D-48EE-8A64-D6031DC7FDFB}" EntityGUID_64="48EE2C2D375E5E7C">
   <Inputs entityId="0" Disable="0" Enable="0" Kill="0" Restart="0" Spawn="0"/>
  </Node>
  <Node Id="86" Class="entity:ParticleEffect" pos="345.92401,-177.14737,0" EntityGUID="{392601E8-79F8-4490-899F-0F76A43976C2}" EntityGUID_64="449079F8392601E8">
   <Inputs entityId="0" Disable="0" Enable="0" Kill="0" Restart="0" Spawn="0"/>
  </Node>
  <Node Id="88" Class="entity:ParticleEffect" pos="345.92401,-152.14737,0" EntityGUID="{0063C2BD-0D61-4E5D-948F-545CA58A5D63}" EntityGUID_64="4E5D0D610063C2BD">
   <Inputs entityId="0" Disable="0" Enable="0" Kill="0" Restart="0" Spawn="0"/>
  </Node>
  <Node Id="90" Class="entity:ParticleEffect" pos="345.92401,-127.14737,0" EntityGUID="{11F855A9-79EB-49FA-AB60-B3385B9159A7}" EntityGUID_64="49FA79EB11F855A9">
   <Inputs entityId="0" Disable="0" Enable="0" Kill="0" Restart="0" Spawn="0"/>
  </Node>
  <Node Id="92" Class="entity:ParticleEffect" pos="345.92401,-102.14737,0" EntityGUID="{AD892C8E-693C-406A-BA42-B0A2059D38B6}" EntityGUID_64="406A693CAD892C8E">
   <Inputs entityId="0" Disable="0" Enable="0" Kill="0" Restart="0" Spawn="0"/>
  </Node>
  <Node Id="94" Class="entity:ParticleEffect" pos="345.92401,-77.147369,0" EntityGUID="{B7BDFDCC-ACAF-4579-A91C-43D8F0A7AB3B}" EntityGUID_64="4579ACAFB7BDFDCC">
   <Inputs entityId="0" Disable="0" Enable="0" Kill="0" Restart="0" Spawn="0"/>
  </Node>
  <Node Id="96" Class="entity:ParticleEffect" pos="345.92401,-52.147369,0" EntityGUID="{C8AE21F7-D538-4AC0-8542-46961DBE4A04}" EntityGUID_64="4AC0D538C8AE21F7">
   <Inputs entityId="0" Disable="0" Enable="0" Kill="0" Restart="0" Spawn="0"/>
  </Node>
  <Node Id="98" Class="entity:ParticleEffect" pos="345.92401,-27.147369,0" EntityGUID="{6FD8F664-BE51-47BA-BE79-DC327476F8C0}" EntityGUID_64="47BABE516FD8F664">
   <Inputs entityId="0" Disable="0" Enable="0" Kill="0" Restart="0" Spawn="0"/>
  </Node>
  <Node Id="100" Class="entity:ParticleEffect" pos="539.46814,-311.2594,0" EntityGUID="{E2302931-3335-420D-9159-37EDC9C4D0AE}" EntityGUID_64="420D3335E2302931">
   <Inputs entityId="0" Disable="0" Enable="0" Kill="0" Restart="0" Spawn="0"/>
  </Node>
  <Node Id="102" Class="entity:ParticleEffect" pos="539.46814,-286.2594,0" EntityGUID="{5ECBC4B5-6D27-44A9-B4D6-E4A9F271A315}" EntityGUID_64="44A96D275ECBC4B5">
   <Inputs entityId="0" Disable="0" Enable="0" Kill="0" Restart="0" Spawn="0"/>
  </Node>
  <Node Id="104" Class="entity:ParticleEffect" pos="539.46814,-261.2594,0" EntityGUID="{FA68DD29-5B37-4C99-99BD-7827411505E1}" EntityGUID_64="4C995B37FA68DD29">
   <Inputs entityId="0" Disable="0" Enable="0" Kill="0" Restart="0" Spawn="0"/>
  </Node>
  <Node Id="106" Class="entity:ParticleEffect" pos="539.46814,-236.2594,0" EntityGUID="{FB887379-EA2A-4269-9456-4365618188B8}" EntityGUID_64="4269EA2AFB887379">
   <Inputs entityId="0" Disable="0" Enable="0" Kill="0" Restart="0" Spawn="0"/>
  </Node>
  <Node Id="108" Class="entity:ParticleEffect" pos="539.46814,-211.2594,0" EntityGUID="{BBB5D72D-A4ED-4D02-AE16-52EE472226D3}" EntityGUID_64="4D02A4EDBBB5D72D">
   <Inputs entityId="0" Disable="0" Enable="0" Kill="0" Restart="0" Spawn="0"/>
  </Node>
  <Node Id="110" Class="entity:ParticleEffect" pos="539.46814,-186.2594,0" EntityGUID="{BBE40098-10D6-4DE0-9865-D5C342859F03}" EntityGUID_64="4DE010D6BBE40098">
   <Inputs entityId="0" Disable="0" Enable="0" Kill="0" Restart="0" Spawn="0"/>
  </Node>
  <Node Id="112" Class="entity:ParticleEffect" pos="539.46814,-161.2594,0" EntityGUID="{AC96F746-8C29-4CED-A093-A5BCA8B1FCEE}" EntityGUID_64="4CED8C29AC96F746">
   <Inputs entityId="0" Disable="0" Enable="0" Kill="0" Restart="0" Spawn="0"/>
  </Node>
  <Node Id="114" Class="entity:ParticleEffect" pos="539.46814,-136.2594,0" EntityGUID="{AA564F63-685D-4DE2-8442-2566F9C4ECF8}" EntityGUID_64="4DE2685DAA564F63">
   <Inputs entityId="0" Disable="0" Enable="0" Kill="0" Restart="0" Spawn="0"/>
  </Node>
  <Node Id="116" Class="entity:ParticleEffect" pos="539.46814,-111.2594,0" EntityGUID="{C8EE84CC-C341-4C66-AC92-910C93DD57B5}" EntityGUID_64="4C66C341C8EE84CC">
   <Inputs entityId="0" Disable="0" Enable="0" Kill="0" Restart="0" Spawn="0"/>
  </Node>
  <Node Id="118" Class="entity:ParticleEffect" pos="539.46814,-86.259399,0" EntityGUID="{5097434C-9E5F-4625-BEC5-96E52DFFE018}" EntityGUID_64="46259E5F5097434C">
   <Inputs entityId="0" Disable="0" Enable="0" Kill="0" Restart="0" Spawn="0"/>
  </Node>
  <Node Id="120" Class="entity:ParticleEffect" pos="539.46814,-61.259399,0">
   <Inputs entityId="0" Disable="0" Enable="0" Kill="0" Restart="0" Spawn="0"/>
  </Node>
  <Node Id="122" Class="entity:ParticleEffect" pos="539.46814,-36.259399,0" EntityGUID="{861B8CFE-387E-47EF-A2E4-442111036A39}" EntityGUID_64="47EF387E861B8CFE">
   <Inputs entityId="0" Disable="0" Enable="0" Kill="0" Restart="0" Spawn="0"/>
  </Node>
  <Node Id="124" Class="entity:ParticleEffect" pos="539.46814,-11.259399,0" EntityGUID="{14C003EA-159C-4D2B-8820-B5BC9C6B79C3}" EntityGUID_64="4D2B159C14C003EA">
   <Inputs entityId="0" Disable="0" Enable="0" Kill="0" Restart="0" Spawn="0"/>
  </Node>
  <Node Id="126" Class="entity:ParticleEffect" pos="539.46814,13.740601,0" EntityGUID="{9FF2040B-EC95-4AFC-A5DA-E60FDB39A164}" EntityGUID_64="4AFCEC959FF2040B">
   <Inputs entityId="0" Disable="0" Enable="0" Kill="0" Restart="0" Spawn="0"/>
  </Node>
  <Node Id="128" Class="entity:ParticleEffect" pos="539.46814,38.740601,0" EntityGUID="{81C463E8-6908-4FA7-BFE2-B73950F8D0AF}" EntityGUID_64="4FA7690881C463E8">
   <Inputs entityId="0" Disable="0" Enable="0" Kill="0" Restart="0" Spawn="0"/>
  </Node>
  <Node Id="130" Class="entity:ParticleEffect" pos="539.46814,63.740601,0" EntityGUID="{FA3B82BA-7849-4BDE-A82C-6D1B233A380A}" EntityGUID_64="4BDE7849FA3B82BA">
   <Inputs entityId="0" Disable="0" Enable="0" Kill="0" Restart="0" Spawn="0"/>
  </Node>
  <Node Id="132" Class="entity:ParticleEffect" pos="539.46814,88.740601,0" EntityGUID="{40AD4279-4047-4964-A299-CD6148FB32C6}" EntityGUID_64="4964404740AD4279">
   <Inputs entityId="0" Disable="0" Enable="0" Kill="0" Restart="0" Spawn="0"/>
  </Node>
  <Node Id="134" Class="entity:ParticleEffect" pos="539.46814,113.7406,0" EntityGUID="{278D0867-9BFE-4AF0-9A88-FCEE25166E1A}" EntityGUID_64="4AF09BFE278D0867">
   <Inputs entityId="0" Disable="0" Enable="0" Kill="0" Restart="0" Spawn="0"/>
  </Node>
  <Node Id="136" Class="entity:ParticleEffect" pos="539.46814,138.7406,0" EntityGUID="{A4B5AA19-1C07-4435-B9B9-FE003241B4E9}" EntityGUID_64="44351C07A4B5AA19">
   <Inputs entityId="0" Disable="0" Enable="0" Kill="0" Restart="0" Spawn="0"/>
  </Node>
  <Node Id="138" Class="entity:ParticleEffect" pos="539.46814,163.7406,0" EntityGUID="{5C4A59A5-C7DE-4963-B2E7-BCDD85BF39DA}" EntityGUID_64="4963C7DE5C4A59A5">
   <Inputs entityId="0" Disable="0" Enable="0" Kill="0" Restart="0" Spawn="0"/>
  </Node>
  <Node Id="140" Class="entity:ParticleEffect" pos="539.46814,188.7406,0" EntityGUID="{FFE66550-28C2-4620-982A-23579B5171B0}" EntityGUID_64="462028C2FFE66550">
   <Inputs entityId="0" Disable="0" Enable="0" Kill="0" Restart="0" Spawn="0"/>
  </Node>
  <Node Id="142" Class="entity:ParticleEffect" pos="539.46814,213.7406,0" EntityGUID="{1962F258-A687-456E-BBB5-B0C17606E0B9}" EntityGUID_64="456EA6871962F258">
   <Inputs entityId="0" Disable="0" Enable="0" Kill="0" Restart="0" Spawn="0"/>
  </Node>
  <Node Id="144" Class="entity:ParticleEffect" pos="539.46814,238.7406,0" EntityGUID="{2E62891A-B8E0-4813-AFEA-BFB315C335B5}" EntityGUID_64="4813B8E02E62891A">
   <Inputs entityId="0" Disable="0" Enable="0" Kill="0" Restart="0" Spawn="0"/>
  </Node>
  <Node Id="146" Class="entity:ParticleEffect" pos="539.46814,263.7406,0" EntityGUID="{4E218E68-C6D8-47C6-8C8C-728F54E81EAC}" EntityGUID_64="47C6C6D84E218E68">
   <Inputs entityId="0" Disable="0" Enable="0" Kill="0" Restart="0" Spawn="0"/>
  </Node>
  <Node Id="148" Class="entity:ParticleEffect" pos="539.46814,288.7406,0" EntityGUID="{579F7DDC-CE0F-4931-84F3-6306DFB21AC1}" EntityGUID_64="4931CE0F579F7DDC">
   <Inputs entityId="0" Disable="0" Enable="0" Kill="0" Restart="0" Spawn="0"/>
  </Node>
  <Node Id="150" Class="entity:ParticleEffect" pos="203.51727,261.32101,0" EntityGUID="{C2174783-3C6E-4547-B5F0-18C4BA328E11}" EntityGUID_64="45473C6EC2174783">
   <Inputs entityId="0" Disable="0" Enable="0" Kill="0" Restart="0" Spawn="0"/>
  </Node>
  <Node Id="152" Class="entity:ParticleEffect" pos="203.51727,286.32101,0" EntityGUID="{EA71480F-2CEF-4228-96A0-C2605DC660E2}" EntityGUID_64="42282CEFEA71480F">
   <Inputs entityId="0" Disable="0" Enable="0" Kill="0" Restart="0" Spawn="0"/>
  </Node>
  <Node Id="154" Class="entity:ParticleEffect" pos="32.514595,251.68704,0" EntityGUID="{4F25FE5E-766D-46B0-B33F-BEB1AA710B3F}" EntityGUID_64="46B0766D4F25FE5E">
   <Inputs entityId="0" Disable="0" Enable="0" Kill="0" Restart="0" Spawn="0"/>
  </Node>
  <Node Id="156" Class="entity:ParticleEffect" pos="-150.53053,233.62338,0" EntityGUID="{5A00ABE1-A071-4C0D-9381-C89082FFE1D5}" EntityGUID_64="4C0DA0715A00ABE1">
   <Inputs entityId="0" Disable="0" Enable="0" Kill="0" Restart="0" Spawn="0"/>
  </Node>
  <Node Id="158" Class="entity:ParticleEffect" pos="-73.4589,475.67648,0" EntityGUID="{C368EE07-DD9B-4CE1-9D49-EA7A02409851}" EntityGUID_64="4CE1DD9BC368EE07">
   <Inputs entityId="0" Disable="0" Enable="0" Kill="0" Restart="0" Spawn="0"/>
  </Node>
  <Node Id="160" Class="entity:ParticleEffect" pos="-299.10452,378.08887,0" EntityGUID="{C1EC96D7-E6CE-48F6-A659-CCBF03CF2C5A}" EntityGUID_64="48F6E6CEC1EC96D7">
   <Inputs entityId="0" Disable="0" Enable="0" Kill="0" Restart="0" Spawn="0"/>
  </Node>
  <Node Id="162" Class="entity:ParticleEffect" pos="473.90588,437.65079,0" EntityGUID="{F61EC461-56AF-4BD9-9B42-8EEA480BD850}" EntityGUID_64="4BD956AFF61EC461">
   <Inputs entityId="0" Disable="0" Enable="0" Kill="0" Restart="0" Spawn="0"/>
  </Node>
  <Node Id="164" Class="entity:ParticleEffect" pos="229.18399,445.41974,0" EntityGUID="{8099C0F8-9FDB-4A6C-A523-4878BF2186D7}" EntityGUID_64="4A6C9FDB8099C0F8">
   <Inputs entityId="0" Disable="0" Enable="0" Kill="0" Restart="0" Spawn="0"/>
  </Node>
  <Node Id="166" Class="entity:ParticleEffect" pos="-293.92523,551.5954,0" EntityGUID="{2A7FBF42-9825-4C69-B8BE-F4664F566071}" EntityGUID_64="4C6998252A7FBF42">
   <Inputs entityId="0" Disable="0" Enable="0" Kill="0" Restart="0" Spawn="0"/>
  </Node>
 </Nodes>
 <Edges />
 <GraphTokens />
</Graph>
