
<ResponseRules>
 <WritebackKeys>
  <WritebackKey id="4349723564928306791" name="NeuromodReward"/>
  <WritebackKey id="13680621263410650099" name="NumPostRescueCommentPlyed"/>
 </WritebackKeys>
 <ResponseRule id="4349723564913612474" name="Igwe Thanks After Rescue" cooldown="" conversation="1" description="Igwe is happy to be rescued. Is now in the Cargo Bay, safe and sound." response="4349723564913613132" oneshot="1" priority="1">
  <Criteria>
   <Criterion id="15659330456318451386" value="13680621263361473654" comparison="0" type="guid"/>
   <Criterion id="15659330456318451410" comparison="0" value="onPlayerApproachNear" fromResponse="0" type="default"/>
   <Criterion comparison="0" passIfMissing="false" id="15659330456318451477" type="guid" keyType="default" value="4349723564897457173"/>
   <Criterion comparison="0" passIfMissing="false" id="10739735956111935346" type="guid" keyType="default" value="15659330456296333985"/>
   <Criterion comparison="0" passIfMissing="false" id="10850392949532183301" type="default" keyType="default" value=""/>
   <Criterion comparison="0" passIfMissing="false" id="1230984417" keyType="gameToken" value="0"/>
   <Criterion comparison="0" passIfMissing="false" id="5310807215636213157" type="default" keyType="default" value="0"/>
   <Criterion comparison="5" passIfMissing="false" id="15659330456340490449" type="default" keyType="default" value="3"/>
  </Criteria>
 </ResponseRule>
 <ResponseSet id="4349723564913613132">
  <Response dialog="4349723564913613131" id="4349723564913613133" cooldown="0" weight="1" oneshot="0" completeConversation="0" delay="0" targetId="0" targetType="1" speakerTrackMethod="2" targetTrackMethod="0" emotion="15659330456346423989"/>
 </ResponseSet>
 <ResponseRule id="4349723564913617360" name="Igwe: Thanks After Rescue Followup" cooldown="" conversation="1" description="Igwe gives a neuromod after being rescued from the derelict cargo crate. Possibly also give the player a key to his office or room where more Neurmods can be found. " response="4349723564913617455" oneshot="1">
  <Criteria>
   <Criterion id="15659330456318451386" value="13680621263361473654" comparison="0" type="guid"/>
   <Criterion id="15659330456318451410" comparison="0" value="onUsed" fromResponse="0" type="default"/>
   <Criterion comparison="0" passIfMissing="false" id="15659330456318451477" type="guid" keyType="default" value="4349723564897457173"/>
   <Criterion comparison="0" passIfMissing="false" id="10739735956111935346" type="guid" keyType="default" value="15659330456296333985"/>
   <Criterion comparison="0" passIfMissing="false" id="5310807215636213157" type="default" keyType="default" value="0"/>
   <Criterion comparison="0" passIfMissing="false" id="15659330456340490455" type="default" keyType="default" value=""/>
   <Criterion comparison="5" passIfMissing="false" id="15659330456340490449" type="default" keyType="default" value="3"/>
  </Criteria>
  <Writeback>
   <Fact id="4349723564928306791" value="1" time="0"/>
  </Writeback>
 </ResponseRule>
 <ResponseSet id="4349723564913617455">
  <Response dialog="4349723564913617454" id="4349723564913617456" cooldown="0" weight="1" oneshot="0" completeConversation="0" delay="0" targetId="0" targetType="1" speakerTrackMethod="2" targetTrackMethod="0" emotion="3152439162748318010"/>
 </ResponseSet>
 <ResponseRule id="4349723564913617740" name="" cooldown="" response="4349723564913617741">
  <Criteria>
   <Criterion id="15659330456318451386" value="13680621263361473654" comparison="0" type="guid"/>
   <Criterion id="15659330456318451410" comparison="0" value="4349723564913617456" fromResponse="1" type="guid"/>
   <Criterion id="15659330456318451477" value="4349723564897457173" comparison="0" type="guid"/>
   <Criterion comparison="0" passIfMissing="false" id="10739735956111935346" type="guid" keyType="default" value="15659330456296333985"/>
  </Criteria>
 </ResponseRule>
 <ResponseSet id="4349723564913617741">
  <Response dialog="4349723564913617739" id="4349723564913617742" cooldown="0" weight="1" oneshot="0" completeConversation="0" delay="0" targetId="0" targetType="1" speakerTrackMethod="1" targetTrackMethod="0" emotion="15659330456346424000"/>
 </ResponseSet>
 <ResponseRule id="4349723564913617761" name="" cooldown="" response="4349723564913617762">
  <Criteria>
   <Criterion id="15659330456318451386" value="13680621263361473654" comparison="0" type="guid"/>
   <Criterion id="15659330456318451410" comparison="0" value="4349723564913617742" fromResponse="1" type="guid"/>
   <Criterion id="15659330456318451477" value="4349723564897457173" comparison="0" type="guid"/>
   <Criterion comparison="0" passIfMissing="false" id="10739735956111935346" type="guid" keyType="default" value="15659330456296333985"/>
  </Criteria>
 </ResponseRule>
 <ResponseSet id="4349723564913617762">
  <Response dialog="4349723564913617760" id="4349723564913617763" cooldown="0" weight="1" oneshot="0" completeConversation="1" delay="0" targetId="0" targetType="1" speakerTrackMethod="1" targetTrackMethod="0" emotion="3152439162748317984"/>
 </ResponseSet>
 <ResponseRule id="4349723564914283722" name="" cooldown="" response="4349723564914283741">
  <Criteria>
   <Criterion id="15659330456318451386" value="13680621263361473654" comparison="0" type="guid"/>
   <Criterion id="15659330456318451410" comparison="0" value="4349723564913613133" fromResponse="1" type="guid"/>
   <Criterion id="15659330456318451477" value="4349723564897457173" comparison="0" type="guid"/>
   <Criterion comparison="0" passIfMissing="false" id="10739735956111935346" type="guid" keyType="default" value="15659330456296333985"/>
  </Criteria>
 </ResponseRule>
 <ResponseSet id="4349723564914283741">
  <Response dialog="4349723564914283739" id="4349723564914283742" cooldown="0" weight="1" oneshot="0" completeConversation="0" delay=".5" targetId="0" targetType="1" speakerTrackMethod="2" targetTrackMethod="0" emotion="3152439162748318010"/>
 </ResponseSet>
 <ResponseRule id="13680621263383769514" name="Igwe: Reaction to Dead Bodies in Cargo Bay" cooldown="" conversation="1" description="Play this if Igwe has been rescued AFTER the player has already killed everyone in Cargo Bay or opened the doors and let the aliens do it. Igwe&apos;s reaction. " response="13680621263383769593" oneshot="1">
  <Criteria>
   <Criterion id="15659330456318451386" value="13680621263361473654" comparison="0" type="guid"/>
   <Criterion id="15659330456318451410" comparison="0" value="onPlayerApproach" fromResponse="0" type="default"/>
   <Criterion comparison="0" passIfMissing="false" id="15659330456318451477" type="guid" keyType="default" value="4349723564897457173"/>
   <Criterion comparison="0" passIfMissing="false" id="10739735956111935346" type="guid" keyType="default" value="15659330456296333985"/>
   <Criterion comparison="0" passIfMissing="false" id="10850392949532183301" type="default" keyType="default" value=""/>
   <Criterion comparison="0" passIfMissing="false" id="1230984417" keyType="gameToken" value="1"/>
   <Criterion comparison="0" passIfMissing="false" id="845010755" keyType="gameToken" value="0"/>
   <Criterion comparison="0" passIfMissing="false" id="5310807215636213157" type="default" keyType="default" value="0"/>
   <Criterion comparison="0" passIfMissing="false" id="10850392949532183294" type="default" keyType="default" value=""/>
   <Criterion comparison="5" passIfMissing="false" id="15659330456340490449" type="default" keyType="default" value="3"/>
  </Criteria>
 </ResponseRule>
 <ResponseRule id="13680621263378145013" name="Igwe: Cargo Bay -- No Elevators, Click Me" cooldown="" conversation="1" description="Post-rescue. Igwe has some follow-up / loiter lines while hangin out in the cargo bay with the security team and other survivors." response="13680621263378145079" oneshot="1">
  <Criteria>
   <Criterion id="15659330456318451386" value="13680621263361473654" comparison="0" type="guid"/>
   <Criterion id="15659330456318451410" comparison="0" value="onPlayerLoiter" fromResponse="0" type="default"/>
   <Criterion comparison="0" passIfMissing="false" id="15659330456318451477" type="guid" keyType="default" value="4349723564897457173"/>
   <Criterion comparison="0" passIfMissing="false" id="10739735956111935346" type="guid" keyType="default" value="15659330456296333985"/>
   <Criterion comparison="0" passIfMissing="false" id="10850392949532183294" type="default" keyType="default" value=""/>
   <Criterion comparison="0" passIfMissing="false" id="5310807215636213157" type="default" keyType="default" value="0"/>
   <Criterion comparison="0" passIfMissing="false" id="15659330456340490455" type="default" keyType="default" value=""/>
   <Criterion comparison="0" passIfMissing="false" id="4349723564915764486" keyType="objective" value="1"/>
   <Criterion comparison="5" passIfMissing="false" id="15659330456340490449" type="default" keyType="default" value="3"/>
  </Criteria>
 </ResponseRule>
 <ResponseSet id="13680621263378145079">
  <Response dialog="13680621263378145078" id="13680621263378145080" cooldown="0" weight="1" oneshot="true" completeConversation="1" delay="0" targetId="0" targetType="1" speakerTrackMethod="2" targetTrackMethod="0" emotion="3152439162748318087"/>
  <Response dialog="13680621263383770082" id="13680621263383770083" cooldown="0" weight="1" oneshot="true" completeConversation="1" delay="0" emotion="3152439162748318087" targetId="0" targetType="1" speakerTrackMethod="3" targetTrackMethod="0"/>
  <Response dialog="13680621263383770104" id="13680621263383770105" cooldown="0" weight="1" oneshot="true" completeConversation="1" delay="0" emotion="3152439162748317984" targetId="0" targetType="1" speakerTrackMethod="3" targetTrackMethod="0"/>
  <Response dialog="13680621263383770191" id="13680621263383770192" cooldown="0" weight="1" oneshot="true" completeConversation="1" delay="0" emotion="3152439162748318087" targetId="0" targetType="1" speakerTrackMethod="3" targetTrackMethod="0"/>
 </ResponseSet>
 <ResponseSet id="13680621263383769593">
  <Response dialog="13680621263383769592" id="13680621263383769594" cooldown="0" weight="1" oneshot="0" completeConversation="0" delay="0" targetId="0" targetType="1" speakerTrackMethod="2" targetTrackMethod="0" emotion="15659330456346424000"/>
 </ResponseSet>
 <ResponseRule id="13680621263383769604" name="" cooldown="" response="13680621263383769605">
  <Criteria>
   <Criterion id="15659330456318451386" value="13680621263361473654" comparison="0" type="guid"/>
   <Criterion id="15659330456318451410" comparison="0" value="13680621263383769594" fromResponse="1" type="guid"/>
   <Criterion id="15659330456318451477" value="4349723564897457173" comparison="0" type="guid"/>
   <Criterion comparison="0" passIfMissing="false" id="10739735956111935346" type="guid" keyType="default" value="15659330456296333985"/>
  </Criteria>
 </ResponseRule>
 <ResponseSet id="13680621263383769605">
  <Response dialog="13680621263383769603" id="13680621263383769606" cooldown="0" weight="1" oneshot="0" completeConversation="1" delay="1" targetId="0" targetType="1" speakerTrackMethod="2" targetTrackMethod="0" emotion="15659330456346424000"/>
 </ResponseSet>
 <ResponseRule id="13680621263383769899" name="Igwe: Cargo Bay -- Elevators, Click Me" cooldown="" conversation="1" description="Post-rescue. Igwe has some follow-up / loiter lines while hangin out in the cargo bay with the security team and other survivors." response="13680621263383770369" oneshot="1">
  <Criteria>
   <Criterion id="15659330456318451386" value="13680621263361473654" comparison="0" type="guid"/>
   <Criterion id="15659330456318451410" comparison="0" value="onUsed" fromResponse="0" type="default"/>
   <Criterion comparison="0" passIfMissing="false" id="15659330456318451477" type="guid" keyType="default" value="4349723564897457173"/>
   <Criterion comparison="0" passIfMissing="false" id="10739735956111935346" type="guid" keyType="default" value="15659330456296333985"/>
   <Criterion comparison="0" passIfMissing="false" id="11824555372645051382" keyType="task" value="2"/>
   <Criterion comparison="0" passIfMissing="false" id="5310807215636213157" type="default" keyType="default" value="0"/>
   <Criterion comparison="0" passIfMissing="false" id="10850392949532183294" type="default" keyType="default" value=""/>
   <Criterion comparison="0" passIfMissing="false" id="15659330456340490455" type="default" keyType="default" value=""/>
   <Criterion comparison="5" passIfMissing="false" id="15659330456340490449" type="default" keyType="default" value="3"/>
  </Criteria>
 </ResponseRule>
 <ResponseRule id="13680621263383770145" name="Igwe: Cargo Bay -- Post-Recue, Click Me 1" cooldown="20" conversation="1" description="Post-rescue. Igwe has some follow-up / loiter lines while hangin out in the cargo bay with the security team and other survivors. This might possibly work thru the whole game. " response="13680621263410650005" oneshot="1">
  <Criteria>
   <Criterion id="15659330456318451386" value="13680621263361473654" comparison="0" type="guid" compare="0"/>
   <Criterion id="15659330456318451410" comparison="0" value="onUsed" fromResponse="0" type="default"/>
   <Criterion comparison="0" passIfMissing="false" id="10739735956111935346" type="guid" keyType="default" value="15659330456296333985"/>
   <Criterion comparison="0" passIfMissing="false" id="4349723564928306791" type="default" keyType="writeback" value="1"/>
   <Criterion comparison="0" passIfMissing="false" id="15659330456340490455" type="default" keyType="default" value=""/>
   <Criterion comparison="0" passIfMissing="false" id="10850392949532183294" type="default" keyType="default" value=""/>
   <Criterion comparison="0" passIfMissing="false" id="5310807215636213157" type="default" keyType="default" value="0"/>
   <Criterion id="15659330456318451477" value="4349723564897457173" compare="0" type="guid"/>
   <Criterion comparison="5" passIfMissing="false" id="15659330456340490449" type="default" keyType="default" value="3"/>
  </Criteria>
  <Writeback>
   <Fact id="13680621263410650099" value="1" time="0" type="1"/>
  </Writeback>
 </ResponseRule>
 <ResponseRule id="13680621263410649096" name="Igwe: Cargo Bay -- Post-Recue, Click Me 2" cooldown="20" conversation="1" description="Post-rescue. Igwe has some follow-up / loiter lines while hangin out in the cargo bay with the security team and other survivors. This might possibly work thru the whole game. " response="13680621263410649950" oneshot="1">
  <Criteria>
   <Criterion id="15659330456318451386" value="13680621263361473654" comparison="0" type="guid"/>
   <Criterion id="15659330456318451410" comparison="0" value="onUsed" fromResponse="0" type="default"/>
   <Criterion comparison="0" passIfMissing="false" id="15659330456318451477" type="guid" keyType="default" value="4349723564897457173"/>
   <Criterion comparison="0" passIfMissing="false" id="10739735956111935346" type="guid" keyType="default" value="15659330456296333985"/>
   <Criterion comparison="0" passIfMissing="false" id="4349723564928306791" type="default" keyType="writeback" value="1"/>
   <Criterion comparison="0" passIfMissing="false" id="15659330456340490455" type="default" keyType="default" value=""/>
   <Criterion comparison="0" passIfMissing="false" id="10850392949532183294" type="default" keyType="default" value=""/>
   <Criterion comparison="0" passIfMissing="false" id="5310807215636213157" type="default" keyType="default" value="0"/>
   <Criterion comparison="0" passIfMissing="false" id="13680621263410650099" type="default" keyType="writeback" value="1"/>
   <Criterion comparison="5" passIfMissing="false" id="15659330456340490449" type="default" keyType="default" value="3"/>
  </Criteria>
  <Writeback>
   <Fact id="13680621263410650099" value="1" time="0" type="1"/>
  </Writeback>
 </ResponseRule>
 <ResponseRule id="13680621263410649162" name="Igwe: Cargo Bay -- Post-Recue, Click Me 3" cooldown="20" conversation="1" description="Post-rescue. Igwe has some follow-up / loiter lines while hangin out in the cargo bay with the security team and other survivors. This might possibly work thru the whole game. " response="13680621263410649813" oneshot="0">
  <Criteria>
   <Criterion id="15659330456318451386" value="13680621263361473654" comparison="0" type="guid"/>
   <Criterion id="15659330456318451410" comparison="0" value="onUsed" fromResponse="0" type="default"/>
   <Criterion comparison="0" passIfMissing="false" id="15659330456318451477" type="guid" keyType="default" value="4349723564897457173"/>
   <Criterion comparison="0" passIfMissing="false" id="10739735956111935346" type="guid" keyType="default" value="15659330456296333985"/>
   <Criterion comparison="0" passIfMissing="false" id="4349723564928306791" type="default" keyType="writeback" value="1"/>
   <Criterion comparison="0" passIfMissing="false" id="15659330456340490455" type="default" keyType="default" value=""/>
   <Criterion comparison="0" passIfMissing="false" id="10850392949532183294" type="default" keyType="default" value=""/>
   <Criterion comparison="0" passIfMissing="false" id="5310807215636213157" type="default" keyType="default" value="0"/>
   <Criterion comparison="3" passIfMissing="false" id="13680621263410650099" type="default" keyType="writeback" value="2"/>
   <Criterion comparison="5" passIfMissing="false" id="15659330456340490449" type="default" keyType="default" value="3"/>
  </Criteria>
  <Writeback>
   <Fact id="13680621263410650099" value="1" time="0" type="1"/>
  </Writeback>
 </ResponseRule>
 <ResponseRule id="13680621263410649327" name="Igwe: Cargo Bay -- Post-Recue, Click Me Final Pool" cooldown="20" conversation="1" description="Post-rescue. Igwe has some follow-up / loiter lines while hangin out in the cargo bay with the security team and other survivors. This might possibly work thru the whole game. " response="13680621263410649565" oneshot="0">
  <Criteria>
   <Criterion id="15659330456318451386" value="13680621263361473654" comparison="0" type="guid"/>
   <Criterion id="15659330456318451410" comparison="0" value="onUsed" fromResponse="0" type="default"/>
   <Criterion comparison="0" passIfMissing="false" id="15659330456318451477" type="guid" keyType="default" value="4349723564897457173"/>
   <Criterion comparison="0" passIfMissing="false" id="10739735956111935346" type="guid" keyType="default" value="15659330456296333985"/>
   <Criterion comparison="0" passIfMissing="false" id="4349723564928306791" type="default" keyType="writeback" value="1"/>
   <Criterion comparison="0" passIfMissing="false" id="15659330456340490455" type="default" keyType="default" value=""/>
   <Criterion comparison="0" passIfMissing="false" id="10850392949532183294" type="default" keyType="default" value=""/>
   <Criterion comparison="0" passIfMissing="false" id="5310807215636213157" type="default" keyType="default" value="0"/>
   <Criterion comparison="3" passIfMissing="false" id="13680621263410650099" type="default" keyType="writeback" value="6"/>
   <Criterion comparison="5" passIfMissing="false" id="15659330456340490449" type="default" keyType="default" value="3"/>
  </Criteria>
 </ResponseRule>
 <ResponseSet id="13680621263383770369">
  <Response dialog="13680621263383770368" id="13680621263383770370" cooldown="0" weight="1" oneshot="true" completeConversation="1" delay="0" targetId="0" targetType="1" speakerTrackMethod="1" targetTrackMethod="0" emotion="3152439162748318033"/>
  <Response dialog="13680621263383770380" id="13680621263383770444" cooldown="0" weight="1" oneshot="true" completeConversation="1" delay="0" emotion="3152439162748318087" targetId="0" targetType="1" speakerTrackMethod="3" targetTrackMethod="0"/>
  <Response dialog="13680621263383770384" id="13680621263383770456" cooldown="0" weight="1" oneshot="true" completeConversation="1" delay="0" emotion="15659330456346423989" targetId="0" targetType="1" speakerTrackMethod="3" targetTrackMethod="0"/>
 </ResponseSet>
 <ResponseSet id="13680621263383775127">
  <Response dialog="13680621263383775125" id="13680621263383775128" cooldown="0" weight="1" oneshot="0" completeConversation="0" delay=".5" targetId="0" targetType="1" speakerTrackMethod="1" targetTrackMethod="0" emotion="15659330456346423989"/>
 </ResponseSet>
 <ResponseRule id="13680621263383775207" name="" cooldown="" response="13680621263383775208">
  <Criteria>
   <Criterion id="15659330456318451386" value="13680621263361473654" comparison="0" type="guid"/>
   <Criterion id="15659330456318451410" comparison="0" value="13680621263383775128" fromResponse="1" type="guid"/>
   <Criterion id="15659330456318451477" value="4349723564897457173" comparison="0" type="guid"/>
   <Criterion comparison="0" passIfMissing="false" id="10739735956111935346" type="guid" keyType="default" value="15659330456296333985"/>
  </Criteria>
 </ResponseRule>
 <ResponseSet id="13680621263383775208">
  <Response dialog="13680621263383775206" id="13680621263383775209" cooldown="0" weight="1" oneshot="0" completeConversation="1" delay="0" targetId="0" targetType="1" speakerTrackMethod="1" targetTrackMethod="0" emotion="15659330456346423989"/>
 </ResponseSet>
 <ResponseSet id="13680621263383852162">
  <Response dialog="13680621263383852265" id="13680621263383852266" cooldown="0" weight="1" oneshot="true" completeConversation="0" delay="0" targetId="0" targetType="1" speakerTrackMethod="2" targetTrackMethod="0" emotion="15659330456346423977"/>
 </ResponseSet>
 <ResponseRule id="13680621263383858142" name="Igwe, You Are Full of Shit" cooldown="" conversation="1" description="When the player returns after having left the safe zone, Igwe is speaking to Sarah Elazar, trying to emphasize how clever he was - but Sarah doesn&apos;t care, and also doesn&apos;t like Igwe (she sees the scientists as having caused this mess)" response="13680621263383858674" oneshot="1" priority="2">
  <Criteria>
   <Criterion id="15659330456318451386" value="13680621263361473654" comparison="0" type="guid"/>
   <Criterion id="15659330456318451410" comparison="0" value="onConversationTrigger" fromResponse="0" type="default"/>
   <Criterion comparison="0" passIfMissing="false" id="15659330456318451477" type="guid" keyType="default" value="4349723564897457173"/>
   <Criterion comparison="0" passIfMissing="false" id="84866046" keyType="gameToken" value="1"/>
   <Criterion comparison="0" passIfMissing="false" id="579775537" keyType="gameToken" value="1"/>
   <Criterion comparison="0" passIfMissing="false" id="10739735956111935346" type="guid" keyType="default" value="15659330456296333985"/>
   <Criterion comparison="0" passIfMissing="false" id="5310807215636213157" type="default" keyType="default" value="0"/>
   <Criterion comparison="0" passIfMissing="false" id="10850392949532183294" type="default" keyType="default" value=""/>
   <Criterion comparison="0" passIfMissing="false" id="15659330456340490455" type="default" keyType="default" value=""/>
  </Criteria>
 </ResponseRule>
 <ResponseSet id="13680621263383858674">
  <Response dialog="13680621263383858673" id="13680621263383858675" cooldown="0" weight="1" oneshot="0" completeConversation="0" delay="0" targetId="4349723564897456793" targetType="2" speakerTrackMethod="2" targetTrackMethod="2" emotion="3152439162748318060"/>
 </ResponseSet>
 <ResponseRule id="13680621263383920793" name="" cooldown="" response="13680621263383921085">
  <Criteria>
   <Criterion id="15659330456318451386" value="13680621263361472472" comparison="0" type="guid"/>
   <Criterion id="15659330456318451410" comparison="0" value="13680621263383858675" fromResponse="1" type="guid"/>
   <Criterion comparison="0" passIfMissing="false" id="10739735956111935346" type="guid" keyType="default" value="15659330456296333985"/>
  </Criteria>
 </ResponseRule>
 <ResponseSet id="13680621263383921085">
  <Response dialog="13680621263383921084" id="13680621263383921086" cooldown="0" weight="1" oneshot="0" completeConversation="0" delay="0" targetType="2" targetId="4349723564897457173" speakerTrackMethod="2" targetTrackMethod="2" emotion="3152439162748318066"/>
 </ResponseSet>
 <ResponseRule id="13680621263383921156" name="" cooldown="" response="13680621263383921157">
  <Criteria>
   <Criterion id="15659330456318451386" value="13680621263361473654" comparison="0" type="guid"/>
   <Criterion id="15659330456318451410" comparison="0" value="13680621263383921086" fromResponse="1" type="guid"/>
   <Criterion id="15659330456318451477" value="4349723564897457173" comparison="0" type="guid"/>
   <Criterion comparison="0" passIfMissing="false" id="10739735956111935346" type="guid" keyType="default" value="15659330456296333985"/>
  </Criteria>
 </ResponseRule>
 <ResponseSet id="13680621263383921157">
  <Response dialog="13680621263383921155" id="13680621263383921158" cooldown="0" weight="1" oneshot="0" completeConversation="0" delay="0" targetId="4349723564897456793" targetType="2" speakerTrackMethod="2" targetTrackMethod="2" emotion="3152439162748317787"/>
 </ResponseSet>
 <ResponseRule id="13680621263383921176" name="" cooldown="" response="13680621263383921177">
  <Criteria>
   <Criterion id="15659330456318451386" value="13680621263361472472" comparison="0" type="guid"/>
   <Criterion id="15659330456318451410" comparison="0" value="13680621263383921158" fromResponse="1" type="guid"/>
   <Criterion comparison="0" passIfMissing="false" id="10739735956111935346" type="guid" keyType="default" value="15659330456296333985"/>
  </Criteria>
 </ResponseRule>
 <ResponseSet id="13680621263383921177">
  <Response dialog="13680621263383921175" id="13680621263383921178" cooldown="0" weight="1" oneshot="0" completeConversation="0" delay="0" targetType="2" targetId="4349723564897457173" speakerTrackMethod="2" targetTrackMethod="2" emotion="3152439162748317984"/>
 </ResponseSet>
 <ResponseRule id="13680621263383921196" name="" cooldown="" response="13680621263383921197">
  <Criteria>
   <Criterion id="15659330456318451386" value="13680621263361473654" comparison="0" type="guid"/>
   <Criterion id="15659330456318451410" comparison="0" value="13680621263383921178" fromResponse="1" type="guid"/>
   <Criterion id="15659330456318451477" value="4349723564897457173" comparison="0" type="guid"/>
   <Criterion comparison="0" passIfMissing="false" id="10739735956111935346" type="guid" keyType="default" value="15659330456296333985"/>
  </Criteria>
 </ResponseRule>
 <ResponseSet id="13680621263383921197">
  <Response dialog="13680621263383921195" id="13680621263383921198" cooldown="0" weight="1" oneshot="0" completeConversation="0" delay="0" targetId="4349723564897457173" targetType="2" speakerTrackMethod="2" targetTrackMethod="2" emotion="3152439162748318010"/>
 </ResponseSet>
 <ResponseRule id="13680621263383921207" name="" cooldown="" response="13680621263383921208">
  <Criteria>
   <Criterion id="15659330456318451386" value="13680621263361472472" comparison="0" type="guid"/>
   <Criterion id="15659330456318451410" comparison="0" value="13680621263383921198" fromResponse="1" type="guid"/>
   <Criterion comparison="0" passIfMissing="false" id="10739735956111935346" type="guid" keyType="default" value="15659330456296333985"/>
  </Criteria>
 </ResponseRule>
 <ResponseSet id="13680621263383921208">
  <Response dialog="13680621263383921206" id="13680621263383921209" cooldown="0" weight="1" oneshot="0" completeConversation="0" delay="0" targetType="2" targetId="4349723564897457173" speakerTrackMethod="2" targetTrackMethod="2" emotion="3152439162748317984"/>
 </ResponseSet>
 <ResponseRule id="13680621263383921215" name="" cooldown="" response="13680621263383921216">
  <Criteria>
   <Criterion id="15659330456318451386" value="13680621263361473654" comparison="0" type="guid"/>
   <Criterion id="15659330456318451410" comparison="0" value="13680621263383921209" fromResponse="1" type="guid"/>
   <Criterion id="15659330456318451477" value="4349723564897457173" comparison="0" type="guid"/>
   <Criterion comparison="0" passIfMissing="false" id="10739735956111935346" type="guid" keyType="default" value="15659330456296333985"/>
  </Criteria>
 </ResponseRule>
 <ResponseSet id="13680621263383921216">
  <Response dialog="13680621263383921214" id="13680621263383921217" cooldown="0" weight="1" oneshot="0" completeConversation="0" delay="0" targetId="4349723564897456793" targetType="2" speakerTrackMethod="2" targetTrackMethod="2" emotion="15659330456346424008"/>
 </ResponseSet>
 <ResponseRule id="13680621263383921223" name="" cooldown="" response="13680621263383921224">
  <Criteria>
   <Criterion id="15659330456318451386" value="13680621263361472472" comparison="0" type="guid"/>
   <Criterion id="15659330456318451410" comparison="0" value="13680621263383921217" fromResponse="1" type="guid"/>
   <Criterion comparison="0" passIfMissing="false" id="10739735956111935346" type="guid" keyType="default" value="15659330456296333985"/>
  </Criteria>
 </ResponseRule>
 <ResponseSet id="13680621263383921224">
  <Response dialog="13680621263383921222" id="13680621263383921225" cooldown="0" weight="1" oneshot="0" completeConversation="0" delay="0" targetType="2" targetId="4349723564897457173" speakerTrackMethod="2" targetTrackMethod="2" emotion="15659330456346423977"/>
 </ResponseSet>
 <ResponseRule id="13680621263383921240" name="" cooldown="" response="13680621263383921241">
  <Criteria>
   <Criterion id="15659330456318451386" value="13680621263361473654" comparison="0" type="guid"/>
   <Criterion id="15659330456318451410" comparison="0" value="13680621263383921225" fromResponse="1" type="guid"/>
   <Criterion id="15659330456318451477" value="4349723564897457173" comparison="0" type="guid"/>
   <Criterion comparison="0" passIfMissing="false" id="10739735956111935346" type="guid" keyType="default" value="15659330456296333985"/>
  </Criteria>
 </ResponseRule>
 <ResponseSet id="13680621263383921241">
  <Response dialog="13680621263383921239" id="13680621263383921242" cooldown="0" weight="1" oneshot="0" completeConversation="0" delay="0" targetId="4349723564897456793" targetType="2" speakerTrackMethod="2" targetTrackMethod="2" emotion="3152439162748318010"/>
 </ResponseSet>
 <ResponseRule id="13680621263383921260" name="" cooldown="" response="13680621263383921261">
  <Criteria>
   <Criterion id="15659330456318451386" value="13680621263361472472" comparison="0" type="guid"/>
   <Criterion id="15659330456318451410" comparison="0" value="13680621263383921242" fromResponse="1" type="guid"/>
   <Criterion comparison="0" passIfMissing="false" id="10739735956111935346" type="guid" keyType="default" value="15659330456296333985"/>
  </Criteria>
 </ResponseRule>
 <ResponseSet id="13680621263383921261">
  <Response dialog="13680621263383921259" id="13680621263383921262" cooldown="0" weight="1" oneshot="0" completeConversation="0" delay="0" targetType="2" targetId="4349723564897457173" speakerTrackMethod="2" targetTrackMethod="2" emotion="3152439162748318076"/>
 </ResponseSet>
 <ResponseRule id="13680621263383921563" name="" cooldown="" response="13680621263383921564">
  <Criteria>
   <Criterion id="15659330456318451386" value="13680621263361473654" comparison="0" type="guid"/>
   <Criterion id="15659330456318451410" comparison="0" value="13680621263383921262" fromResponse="1" type="guid"/>
   <Criterion id="15659330456318451477" value="4349723564897457173" comparison="0" type="guid"/>
   <Criterion comparison="0" passIfMissing="false" id="10739735956111935346" type="guid" keyType="default" value="15659330456296333985"/>
  </Criteria>
 </ResponseRule>
 <ResponseSet id="13680621263383921564">
  <Response dialog="13680621263383921562" id="13680621263383921565" cooldown="0" weight="1" oneshot="0" completeConversation="0" delay="0" targetId="4349723564897456793" targetType="2" speakerTrackMethod="2" targetTrackMethod="2" emotion="3152439162748318060"/>
 </ResponseSet>
 <ResponseRule id="13680621263383921579" name="" cooldown="" response="13680621263383921580">
  <Criteria>
   <Criterion id="15659330456318451386" value="13680621263361472472" comparison="0" type="guid"/>
   <Criterion id="15659330456318451410" comparison="0" value="13680621263383921565" fromResponse="1" type="guid"/>
   <Criterion comparison="0" passIfMissing="false" id="10739735956111935346" type="guid" keyType="default" value="15659330456296333985"/>
  </Criteria>
 </ResponseRule>
 <ResponseSet id="13680621263383921580">
  <Response dialog="13680621263383921578" id="13680621263383921581" cooldown="0" weight="1" oneshot="0" completeConversation="1" delay="0" targetType="2" targetId="4349723564897457173" speakerTrackMethod="2" targetTrackMethod="2" emotion="15659330456346423977"/>
 </ResponseSet>
 <ResponseRule id="13680621263410648843" name="" cooldown="" response="13680621263410648844">
  <Criteria>
   <Criterion id="15659330456318451386" value="13680621263361473654" comparison="0" type="guid"/>
   <Criterion id="15659330456318451410" comparison="0" value="13680621263383852266" fromResponse="1" type="guid"/>
   <Criterion id="15659330456318451477" value="4349723564897457173" comparison="0" type="guid"/>
  </Criteria>
 </ResponseRule>
 <ResponseSet id="13680621263410648844">
  <Response dialog="13680621263383852306" id="13680621263410648845" cooldown="0" weight="1" oneshot="0" completeConversation="0" delay="0" cutoff="0" targetType="1" targetId="0" speakerTrackMethod="2" targetTrackMethod="0" emotion="15659330456346423989"/>
 </ResponseSet>
 <ResponseRule id="13680621263410648853" name="" cooldown="" response="13680621263410648854">
  <Criteria>
   <Criterion id="15659330456318451386" value="13680621263361473654" comparison="0" type="guid"/>
   <Criterion id="15659330456318451410" comparison="0" value="13680621263410648845" fromResponse="1" type="guid"/>
   <Criterion id="15659330456318451477" value="4349723564897457173" comparison="0" type="guid"/>
  </Criteria>
 </ResponseRule>
 <ResponseSet id="13680621263410648854">
  <Response dialog="13680621263383852321" id="13680621263410648855" cooldown="0" weight="1" oneshot="0" completeConversation="1" delay="0" cutoff="0" targetType="1" targetId="0" speakerTrackMethod="2" targetTrackMethod="0" emotion="3152439162748318010"/>
 </ResponseSet>
 <ResponseSet id="13680621263410649565">
  <Response dialog="13680621263383852161" id="13680621263410649566" cooldown="0" weight="1" oneshot="true" completeConversation="0" delay="0" cutoff="0" targetId="0" targetType="1" speakerTrackMethod="2" targetTrackMethod="0" emotion="15659330456346424008"/>
  <Response dialog="13680621263383852246" id="13680621263410649791" cooldown="0" weight="1" oneshot="true" completeConversation="1" delay="0" cutoff="0" emotion="3152439162748317984" targetId="0" targetType="1" speakerTrackMethod="2" targetTrackMethod="0"/>
  <Response dialog="4349723564914283721" id="13680621263411873827" cooldown="0" weight="4" oneshot="true" completeConversation="1" delay="0" cutoff="0" targetId="0" targetType="1" speakerTrackMethod="1" targetTrackMethod="0" emotion="3152439162748318010"/>
 </ResponseSet>
 <ResponseRule id="13680621263410649590" name="" cooldown="" response="13680621263410649591">
  <Criteria>
   <Criterion id="15659330456318451386" value="13680621263361473654" comparison="0" type="guid"/>
   <Criterion id="15659330456318451410" comparison="0" value="13680621263410649566" fromResponse="1" type="guid"/>
   <Criterion id="15659330456318451477" value="4349723564897457173" comparison="0" type="guid"/>
  </Criteria>
 </ResponseRule>
 <ResponseSet id="13680621263410649591">
  <Response dialog="13680621263383852174" id="13680621263410649592" cooldown="0" weight="1" oneshot="0" completeConversation="1" delay="1" cutoff="0" targetType="1" targetId="0" speakerTrackMethod="2" targetTrackMethod="0" emotion="3152439162748318060"/>
 </ResponseSet>
 <ResponseSet id="13680621263410649813">
  <Response dialog="13680621263383852962" id="13680621263410649814" cooldown="0" weight="1" oneshot="true" completeConversation="1" delay="0" cutoff="0" targetId="0" targetType="1" speakerTrackMethod="2" targetTrackMethod="0" emotion="15659330456346423977"/>
  <Response dialog="13680621263383852693" id="13680621263410649820" cooldown="0" weight="1" oneshot="true" completeConversation="1" delay="0" cutoff="0" emotion="15659330456346423977" targetId="0" targetType="1" speakerTrackMethod="2" targetTrackMethod="0"/>
  <Response dialog="13680621263383852492" id="13680621263410649831" cooldown="0" weight="1" oneshot="true" completeConversation="1" delay="0" cutoff="0" emotion="3152439162748318046" targetId="0" targetType="1" speakerTrackMethod="2" targetTrackMethod="0"/>
  <Response dialog="13680621263383852458" id="13680621263410649837" cooldown="0" weight="1" oneshot="true" completeConversation="1" delay="0" cutoff="0" emotion="3152439162748318076" targetId="0" targetType="1" speakerTrackMethod="2" targetTrackMethod="0"/>
 </ResponseSet>
 <ResponseSet id="13680621263410649950">
  <Response dialog="13680621263383852368" id="13680621263410649951" cooldown="0" weight="1" oneshot="0" completeConversation="0" delay="0" cutoff="0" targetId="0" targetType="1" speakerTrackMethod="2" targetTrackMethod="0" emotion="3152439162748318076"/>
 </ResponseSet>
 <ResponseRule id="13680621263410649979" name="" cooldown="" response="13680621263410649980">
  <Criteria>
   <Criterion id="15659330456318451386" value="13680621263361473654" comparison="0" type="guid"/>
   <Criterion id="15659330456318451410" comparison="0" value="13680621263410649951" fromResponse="1" type="guid"/>
   <Criterion id="15659330456318451477" value="4349723564897457173" comparison="0" type="guid"/>
  </Criteria>
 </ResponseRule>
 <ResponseSet id="13680621263410649980">
  <Response dialog="13680621263383852379" id="13680621263410649981" cooldown="0" weight="1" oneshot="0" completeConversation="1" delay="0" cutoff="0" targetType="1" targetId="0" speakerTrackMethod="2" targetTrackMethod="0" emotion="3152439162748318033"/>
 </ResponseSet>
 <ResponseSet id="13680621263410650005">
  <Response dialog="13680621263383852351" id="13680621263410650006" cooldown="0" weight="1" oneshot="0" completeConversation="0" delay="0" cutoff="0" targetId="0" targetType="1" speakerTrackMethod="2" targetTrackMethod="0" emotion="3152439162748318060"/>
 </ResponseSet>
 <ResponseRule id="13680621263410650007" name="" cooldown="" response="13680621263383852162">
  <Criteria>
   <Criterion id="15659330456318451386" value="13680621263361473654" comparison="0" type="guid"/>
   <Criterion id="15659330456318451410" comparison="0" value="13680621263410650006" fromResponse="1" type="guid"/>
   <Criterion comparison="0" passIfMissing="false" id="15659330456318451477" type="guid" keyType="default" value="4349723564897457173"/>
  </Criteria>
 </ResponseRule>
 <ResponseRule id="13680621263411873869" name="" cooldown="" response="13680621263383775127">
  <Criteria>
   <Criterion id="15659330456318451386" value="13680621263361473654" comparison="0" type="guid"/>
   <Criterion id="15659330456318451410" comparison="0" value="4349723564914283742" fromResponse="1" type="guid"/>
  </Criteria>
 </ResponseRule>
</ResponseRules>