
<ResponseRules>
 <WritebackKeys/>
 <ResponseRule id="13680621263392571082" name="Noticed Something" cooldown="" description="Heard or saw somethign suspicious." response="13680621263392571391">
  <Criteria>
   <Criterion id="15659330456318451386" value="13680621263391698760" comparison="0" type="guid"/>
   <Criterion id="15659330456318451410" comparison="0" value="onGainedAttentionOnTarget" fromResponse="0" type="default"/>
   <Criterion comparison="0" passIfMissing="false" id="15659330456318451477" type="guid" keyType="default" value="4349723564911789705"/>
   <Criterion comparison="0" passIfMissing="false" id="10850392949532183293" type="default" keyType="default" value="1"/>
  </Criteria>
 </ResponseRule>
 <ResponseRule id="13680621263392571084" name="Search Taunts" cooldown="" description="Searching for the player or an alien." response="13680621263392571455">
  <Criteria>
   <Criterion id="15659330456318451386" value="13680621263391698760" comparison="0" type="guid"/>
   <Criterion id="15659330456318451410" comparison="0" value="whileSearching" fromResponse="0" type="default"/>
   <Criterion comparison="0" passIfMissing="false" id="15659330456318451477" type="guid" keyType="default" value="4349723564911789705"/>
  </Criteria>
 </ResponseRule>
 <ResponseRule id="13680621263392571085" name="Saw Player Use Power" cooldown="" description="Witnessed the player use an alien power. " response="13680621263392571631">
  <Criteria>
   <Criterion id="15659330456318451386" value="13680621263391698760" comparison="0" type="guid"/>
   <Criterion id="15659330456318451410" comparison="0" value="onPlayerUsePower" fromResponse="0" type="default"/>
   <Criterion comparison="0" passIfMissing="false" id="15659330456318451477" type="guid" keyType="default" value="4349723564911789705"/>
   <Criterion comparison="3" passIfMissing="false" id="5310807215636213148" type="default" keyType="default" value="0"/>
   <Criterion comparison="0" passIfMissing="false" id="5310807215636213157" type="default" keyType="default" value="0"/>
   <Criterion comparison="0" passIfMissing="false" id="10850392949532183294" type="default" keyType="default" value=""/>
  </Criteria>
 </ResponseRule>
 <ResponseRule id="13680621263392571087" name="Hit With Toy Gun / Phys Obj" cooldown="10" description="If Aaron is temporarily allied to the player and player chucked a coffee cup at him or pinged him with the toy dart gun." response="13680621263392572003">
  <Criteria>
   <Criterion id="15659330456318451386" value="13680621263391698760" comparison="0" type="guid"/>
   <Criterion id="15659330456318451410" comparison="0" value="onNpcBumpSignal" fromResponse="0" type="default"/>
   <Criterion comparison="0" passIfMissing="false" id="15659330456318451477" type="guid" keyType="default" value="4349723564911789705"/>
   <Criterion comparison="0" passIfMissing="false" id="5310807215636213157" type="default" keyType="default" value="0"/>
   <Criterion comparison="0" passIfMissing="false" id="10850392949532183294" type="default" keyType="default" value=""/>
  </Criteria>
 </ResponseRule>
 <ResponseRule id="13680621263392571090" name="Attacking the Player" cooldown="20" description="Aaron, Attacking" response="13680621263392572231">
  <Criteria>
   <Criterion id="15659330456318451386" value="13680621263391698760" comparison="0" type="guid"/>
   <Criterion id="15659330456318451410" comparison="0" value="onAttack" fromResponse="0" type="default"/>
   <Criterion comparison="0" passIfMissing="false" id="15659330456318451477" type="guid" keyType="default" value="4349723564911789705"/>
   <Criterion comparison="0" passIfMissing="false" id="13680621263410569670" value="1" keyType="metatag"/>
  </Criteria>
 </ResponseRule>
 <ResponseRule id="13680621263392571091" name="Attacking an Alien" cooldown="" description="Attacking an alien." response="13680621263392572390">
  <Criteria>
   <Criterion id="15659330456318451386" value="13680621263391698760" comparison="0" type="guid"/>
   <Criterion id="15659330456318451410" comparison="0" value="onAttack" fromResponse="0" type="default"/>
   <Criterion comparison="0" passIfMissing="false" id="15659330456318451477" type="guid" keyType="default" value="4349723564911789705"/>
   <Criterion comparison="0" passIfMissing="false" id="9469288860498988665" value="1" keyType="metatag"/>
  </Criteria>
 </ResponseRule>
 <ResponseRule id="13680621263392571093" name="React to Nightmare Arrival" cooldown="" description="Reacting to the nightmare arrival. " response="13680621263392573677">
  <Criteria>
   <Criterion id="15659330456318451386" value="13680621263391698760" comparison="0" type="guid"/>
   <Criterion id="15659330456318451410" comparison="0" value="onNightmareArrived" fromResponse="0" type="default"/>
   <Criterion comparison="0" passIfMissing="false" id="15659330456318451477" type="guid" keyType="default" value="4349723564911789705"/>
   <Criterion comparison="0" passIfMissing="false" id="5310807215636213157" type="default" keyType="default" value="0"/>
  </Criteria>
 </ResponseRule>
 <ResponseRule id="13680621263392571095" name="Gave Up Search" cooldown="" description="Gave up searching." response="13680621263392572993">
  <Criteria>
   <Criterion id="15659330456318451386" value="13680621263391698760" comparison="0" type="guid"/>
   <Criterion id="15659330456318451410" comparison="0" value="onHuntGaveUp" fromResponse="0" type="default"/>
   <Criterion comparison="0" passIfMissing="false" id="15659330456318451477" type="guid" keyType="default" value="4349723564911789705"/>
  </Criteria>
 </ResponseRule>
 <ResponseRule id="13680621263392571097" name="Combat Lost Target" cooldown="" description="The player vanished or ran away." response="13680621263392572898">
  <Criteria>
   <Criterion id="15659330456318451386" value="13680621263391698760" comparison="0" type="guid"/>
   <Criterion id="15659330456318451410" comparison="0" value="onLostTarget" fromResponse="0" type="default"/>
   <Criterion comparison="0" passIfMissing="false" id="15659330456318451477" type="guid" keyType="default" value="4349723564911789705"/>
  </Criteria>
 </ResponseRule>
 <ResponseRule id="13680621263392571098" name="Combat Over" cooldown="" description="Defeated, enemy, Combat over." response="13680621263392572941">
  <Criteria>
   <Criterion id="15659330456318451386" value="13680621263391698760" comparison="0" type="guid"/>
   <Criterion id="15659330456318451410" comparison="0" value="onTargetDead" fromResponse="0" type="default"/>
   <Criterion comparison="0" passIfMissing="false" id="15659330456318451477" type="guid" keyType="default" value="4349723564911789705"/>
  </Criteria>
 </ResponseRule>
 <ResponseSet id="13680621263392571391">
  <Response dialog="13680621263392571390" id="13680621263392571392" cooldown="0" weight="1" oneshot="0" completeConversation="1" delay="0" cutoff="0" emotion="3152439162748318053"/>
  <Response dialog="13680621263392571414" id="13680621263392571415" cooldown="0" weight="1" oneshot="0" completeConversation="1" delay="0" cutoff="0" emotion="3152439162748318053"/>
  <Response dialog="13680621263392571422" id="13680621263392571423" cooldown="0" weight="1" oneshot="0" completeConversation="1" delay="0" cutoff="0" emotion="3152439162748318053"/>
 </ResponseSet>
 <ResponseSet id="13680621263392571455">
  <Response dialog="13680621263392571454" id="13680621263392571456" cooldown="0" weight="1" oneshot="0" completeConversation="1" delay="0" cutoff="0" emotion="15659330456346423977"/>
  <Response dialog="13680621263392571478" id="13680621263392571479" cooldown="0" weight="1" oneshot="0" completeConversation="1" delay="0" cutoff="0" emotion="15659330456346423977"/>
  <Response dialog="13680621263392571554" id="13680621263392571555" cooldown="0" weight="1" oneshot="0" completeConversation="1" delay="0" cutoff="0" emotion="15659330456346423977"/>
 </ResponseSet>
 <ResponseSet id="13680621263392571631">
  <Response dialog="13680621263392571630" id="13680621263392571632" cooldown="0" weight="1" oneshot="0" completeConversation="1" delay="0" cutoff="0"/>
  <Response dialog="13680621263392571760" id="13680621263392571761" cooldown="0" weight="1" oneshot="0" completeConversation="1" delay="0" cutoff="0"/>
  <Response dialog="13680621263392571949" id="13680621263392571950" cooldown="0" weight="1" oneshot="0" completeConversation="1" delay="0" cutoff="0"/>
 </ResponseSet>
 <ResponseSet id="13680621263392572003">
  <Response dialog="13680621263392572002" id="13680621263392572004" cooldown="20" weight="1" oneshot="0" completeConversation="1" delay="0" cutoff="0" entityOneshot="true" emotion="3152439162748318010"/>
  <Response dialog="13680621263392572081" id="13680621263392572082" cooldown="20" weight="1" oneshot="0" completeConversation="1" delay="0" cutoff="0" entityOneshot="true" emotion="3152439162748318010"/>
  <Response dialog="13680621263392572117" id="13680621263392572118" cooldown="20" weight="1" oneshot="0" completeConversation="1" delay="0" cutoff="0" emotion="3152439162748318026"/>
 </ResponseSet>
 <ResponseSet id="13680621263392572231">
  <Response dialog="13680621263392572230" id="13680621263392572232" cooldown="0" weight="1" oneshot="0" completeConversation="1" delay="0" cutoff="0" emotion="3152439162748318060"/>
  <Response dialog="13680621263392572372" id="13680621263392572373" cooldown="0" weight="1" oneshot="0" completeConversation="1" delay="0" cutoff="0" emotion="15659330456346423977"/>
 </ResponseSet>
 <ResponseSet id="13680621263392572390">
  <Response dialog="13680621263392572389" id="13680621263392572391" cooldown="0" weight="1" oneshot="0" completeConversation="1" delay="0" cutoff="0" emotion="15659330456346423977"/>
  <Response dialog="13680621263392572436" id="13680621263392572437" cooldown="0" weight="1" oneshot="0" completeConversation="1" delay="0" cutoff="0" emotion="15659330456346423977"/>
  <Response dialog="13680621263392573754" id="13680621263392573755" cooldown="0" weight="1" oneshot="0" completeConversation="1" delay="0" cutoff="0" emotion="3152439162748318060"/>
 </ResponseSet>
 <ResponseSet id="13680621263392572898">
  <Response dialog="13680621263392572897" id="13680621263392572899" cooldown="0" weight="1" oneshot="0" completeConversation="1" delay="0" cutoff="0" emotion="3152439162748318087"/>
  <Response dialog="13680621263392572969" id="13680621263392572970" cooldown="0" weight="1" oneshot="0" completeConversation="1" delay="0" cutoff="0" emotion="3152439162748318087"/>
 </ResponseSet>
 <ResponseSet id="13680621263392572941">
  <Response dialog="13680621263392572940" id="13680621263392572942" cooldown="0" weight="1" oneshot="0" completeConversation="1" delay="0" cutoff="0" emotion="3152439162748318033"/>
  <Response dialog="13680621263392573641" id="13680621263392573642" cooldown="0" weight="1" oneshot="0" completeConversation="1" delay="0" cutoff="0" emotion="3152439162748318033"/>
 </ResponseSet>
 <ResponseSet id="13680621263392572993">
  <Response dialog="13680621263392572897" id="13680621263392572994" cooldown="0" weight="1" oneshot="0" completeConversation="1" delay="0" cutoff="0" emotion="3152439162748318087"/>
  <Response dialog="13680621263392572969" id="13680621263392572999" cooldown="0" weight="1" oneshot="0" completeConversation="1" delay="0" cutoff="0" emotion="3152439162748318087"/>
 </ResponseSet>
 <ResponseSet id="13680621263392573677">
  <Response dialog="13680621263392573676" id="13680621263392573678" cooldown="0" weight="1" oneshot="0" completeConversation="1" delay="0" cutoff="0" emotion="3152439162748318060"/>
  <Response dialog="13680621263392573691" id="13680621263392573692" cooldown="0" weight="1" oneshot="0" completeConversation="1" delay="0" cutoff="0" emotion="3152439162748318053"/>
 </ResponseSet>
 <ResponseRule id="13680621263407190128" name="Affected By EMP - Aaron" cooldown="10" response="13680621263407190174">
  <Criteria>
   <Criterion id="15659330456318451386" value="13680621263353094452" comparison="6" type="guid"/>
   <Criterion id="15659330456318451410" comparison="0" value="onNpcEmpHit" fromResponse="0" type="default"/>
   <Criterion comparison="0" passIfMissing="false" id="15659330456318451477" type="guid" keyType="default" value="4349723564911789705"/>
   <Criterion comparison="0" passIfMissing="false" id="5310807215636213157" type="default" keyType="default" value="0"/>
  </Criteria>
 </ResponseRule>
 <ResponseSet id="13680621263407190174">
  <Response dialog="13680621263386012724" id="13680621263407190175" cooldown="0" weight="1" oneshot="0" completeConversation="1" delay="0" cutoff="0" emotion="3152439162748318060"/>
 </ResponseSet>
</ResponseRules>