
<ResponseRules>
 <WritebackKeys/>
 <ResponseRule id="13680621263386361819" name="Contrainment Entry Doors--Access Denied" cooldown="" description="The doors to the containment and exam areas will not open unless the player has a psychoscope that is calibrated. " response="13680621263386361971" conversation="1">
  <Criteria>
   <Criterion id="15659330456318451386" value="13680621263369958846" comparison="0" type="guid"/>
   <Criterion id="15659330456318451410" comparison="0" value="onAnnouncementTrigger" fromResponse="0" type="default"/>
   <Criterion comparison="0" passIfMissing="false" id="10739735956111935346" type="guid" keyType="default" value="11824555372632688907"/>
   <Criterion comparison="0" passIfMissing="false" id="15659330456318451477" type="guid" keyType="default" value="13680621263415497407"/>
  </Criteria>
 </ResponseRule>
 <ResponseSet id="13680621263386361971">
  <Response dialog="13680621263386361970" id="13680621263386361972" cooldown="0" weight="1" oneshot="0" completeConversation="1" delay="0"/>
  <Response dialog="13680621263386361979" id="13680621263386361980" cooldown="0" weight="1" oneshot="0" completeConversation="1" delay="0"/>
 </ResponseSet>
</ResponseRules>