
<ResponseRules>
 <WritebackKeys/>
 <ResponseRule id="13680621263367712633" name="All Your Bases Are Belong To Dahl" cooldown="" description="Dahl has arrived at the station and sends a broadcast thru the whole place. " response="13680621263367712785" conversation="1" oneshot="1">
  <Criteria>
   <Criterion id="15659330456318451386" value="13680621263361472262" comparison="0" type="guid"/>
   <Criterion id="15659330456318451410" comparison="0" value="onAnnouncementTrigger" fromResponse="0" type="default"/>
   <Criterion comparison="0" passIfMissing="false" id="15659330456318451477" type="guid" keyType="default" value="13680621263361472147"/>
  </Criteria>
 </ResponseRule>
 <ResponseSet id="13680621263367712785">
  <Response dialog="13680621263367712137" id="13680621263367712786" cooldown="0" weight="1" oneshot="0" completeConversation="0"/>
 </ResponseSet>
 <ResponseRule id="13680621263367712811" name="" cooldown="" response="13680621263367712812">
  <Criteria>
   <Criterion id="15659330456318451386" value="13680621263361472262" comparison="0" type="guid"/>
   <Criterion id="15659330456318451410" comparison="0" value="13680621263367712786" fromResponse="1" type="guid"/>
   <Criterion id="15659330456318451477" value="13680621263361472147" comparison="0" type="guid"/>
  </Criteria>
 </ResponseRule>
 <ResponseSet id="13680621263367712812">
  <Response dialog="13680621263367712162" id="13680621263367712813" cooldown="0" weight="1" oneshot="0" completeConversation="0"/>
 </ResponseSet>
 <ResponseRule id="13680621263367712822" name="" cooldown="" response="13680621263367712823">
  <Criteria>
   <Criterion id="15659330456318451386" value="13680621263361472262" comparison="0" type="guid"/>
   <Criterion id="15659330456318451410" comparison="0" value="13680621263367712813" fromResponse="1" type="guid"/>
   <Criterion id="15659330456318451477" value="13680621263361472147" comparison="0" type="guid"/>
  </Criteria>
 </ResponseRule>
 <ResponseSet id="13680621263367712823">
  <Response dialog="13680621263367712185" id="13680621263367712824" cooldown="0" weight="1" oneshot="0" completeConversation="1"/>
 </ResponseSet>
 <ResponseRule id="13680621263367712859" name="You&apos;re Fired" cooldown="" description="Dahl mentions that Alex and Morgan are public enemy number uno." response="13680621263367712888" conversation="1">
  <Criteria>
   <Criterion id="15659330456318451386" value="13680621263361472262" comparison="0" type="guid"/>
   <Criterion id="15659330456318451410" comparison="0" value="onAnnouncementTrigger" fromResponse="0" type="default"/>
   <Criterion comparison="0" passIfMissing="false" id="15659330456318451477" type="guid" keyType="default" value="13680621263361472147"/>
  </Criteria>
 </ResponseRule>
 <ResponseSet id="13680621263367712888">
  <Response dialog="13680621263367712202" id="13680621263367712889" cooldown="0" weight="1" oneshot="0" completeConversation="0"/>
 </ResponseSet>
 <ResponseRule id="13680621263367712910" name="" cooldown="" response="13680621263367712911">
  <Criteria>
   <Criterion id="15659330456318451386" value="13680621263361472262" comparison="0" type="guid"/>
   <Criterion id="15659330456318451410" comparison="0" value="13680621263367712889" fromResponse="1" type="guid"/>
   <Criterion id="15659330456318451477" value="13680621263361472147" comparison="0" type="guid"/>
  </Criteria>
 </ResponseRule>
 <ResponseSet id="13680621263367712911">
  <Response dialog="13680621263367712949" id="13680621263367712912" cooldown="0" weight="1" oneshot="0" completeConversation="1"/>
 </ResponseSet>
</ResponseRules>