<GameTokensLibrary Name="GT_Global">
 <GameToken Id="101193842" Name="LevelTransition.LevelTransitionDestination" Type="String" Value="From_Nowhere"/>
 <GameToken Id="1105212212" Name="WorldState.ReactorRebooted" Type="Bool" Value="false"/>
 <GameToken Id="663093060" Name="WorldState.FreedEngineerSurvivedAfterMorganExitedPowerStation" Type="Bool" Value="false"/>
 <GameToken Id="659909599" Name="WorldState.ApexIsHere" Type="Bool" Value="false"/>
 <GameToken Id="386172703" Name="WorldState.TalosDestructionON" Type="Bool" Value="false"/>
 <GameToken Id="80397968" Name="PlayerState.HaveAlexKey" Type="Bool" Value="false"/>
 <GameToken Id="137802088" Name="PlayerState.HasAlienUpgrades" Type="Bool" Value="false"/>
 <GameToken Id="404116007" Name="CharacterFates.AlexDied" Type="Bool" Value="false"/>
 <GameToken Id="68845248" Name="CharacterFates.AlexEscaped" Type="Bool" Value="false"/>
 <GameToken Id="417275679" Name="CharacterFates.DahlDied" Type="Bool" Value="false"/>
 <GameToken Id="377478512" Name="CharacterFates.MikhailaRescued" Type="Bool" Value="false"/>
 <GameToken Id="2123923" Name="CorporateIT.ServerRoomIsOpen" Type="Bool" Value="false"/>
 <GameToken Id="1904163121" Name="CorporateIT.PlayerKnowsCantAccessDrive" Type="Bool" Value="false"/>
 <GameToken Id="634260294" Name="CorporateIT.PlayerHasBackupDrive" Type="Bool" Value="false"/>
 <GameToken Id="642125892" Name="CorporateIT.PlayerPluggedDriveIn" Type="Bool" Value="false"/>
 <GameToken Id="1212647080" Name="CorporateIT.CorporateITNowZeroG" Type="Bool" Value="false"/>
 <GameToken Id="1984694114" Name="CorporateIT.PlayerHasLookingGlassVideoFile" Type="Bool" Value="false"/>
 <GameToken Id="2074859470" Name="CorporateIT.LookingGlassVideoReadyToTake" Type="Bool" Value="false"/>
 <GameToken Id="1562434396" Name="CrewFacility.IsFirstVisit" Type="Bool" Value="true"/>
 <GameToken Id="857818615" Name="DahlTeamStatus.RedSquadDefeated" Type="Bool" Value="false"/>
 <GameToken Id="1419223286" Name="DahlTeamStatus.GreenSquadDefeated" Type="Bool" Value="false"/>
 <GameToken Id="1461992527" Name="DahlTeamStatus.YellowSquadDefeated" Type="Bool" Value="false"/>
 <GameToken Id="661194859" Name="DahlTeamStatus.TeamCount" Type="Int" Value="5"/>
 <GameToken Id="866637730" Name="Guts.HaveKeycard" Type="Bool" Value="false"/>
 <GameToken Id="260913455" Name="Lobby.PlayerKnowsStateOfGravLift" Type="Bool" Value="false"/>
 <GameToken Id="145134811" Name="Lobby.PlayerHasPsychometricsKeyCard" Type="Bool" Value="false"/>
 <GameToken Id="233402019" Name="Lobby.PlayerCompletedFirstVisitToMorgansOffice" Type="Bool" Value="false"/>
 <GameToken Id="447810853" Name="Lobby.PsychometryKeyCardPanelIsUnlocked" Type="Bool" Value="false"/>
 <GameToken Id="1884595595" Name="Lobby.PrototypeKeyCardPanelIsUnlocked" Type="Bool" Value="false"/>
 <GameToken Id="1366849427" Name="Lobby.PlayerHasPrototypeKeyCode" Type="Bool" Value="false"/>
 <GameToken Id="1885393138" Name="ObjNoteToSelf_CookRequest.HasTelepathMeat" Type="Bool" Value="false"/>
 <GameToken Id="1699522599" Name="ObjNoteToSelf_CookRequest.HasHydroponicsKey" Type="Bool" Value="false"/>
 <GameToken Id="649312300" Name="ObjNoteToSelf_CookRequest.PlayerHasITPDA" Type="Bool" Value="false"/>
 <GameToken Id="928234453" Name="ObjNoteToSelf_CookRequest.PlayerKnowsDirectorIsDead" Type="Bool" Value="false"/>
 <GameToken Id="1416281719" Name="ObjNoteToSelf_CookRequest.IsCookHostile" Type="Bool" Value="false"/>
 <GameToken Id="1726239701" Name="ObjNoteToSelf_CookRequest.PlayerKnowsITIsLockedDown" Type="Bool" Value="false"/>
 <GameToken Id="27997929" Name="PlayerGear.PlayerHasZeroGSuit" Type="Bool" Value="false"/>
 <GameToken Id="1863392912" Name="ObjNoteToSelf_FindITDirector.HasLockerCombo" Type="Bool" Value="false"/>
 <GameToken Id="312566953" Name="ObjNoteToSelf_FindITDirector.ITDirectorClueLocation" Type="String" Value=""/>
 <GameToken Id="674889029" Name="ObjNoteToSelf_FindITDirector.HasKitchenCode" Type="Bool" Value="false"/>
 <GameToken Id="255359208" Name="PowerSource_LevelProgression.HasMorganFreedEngineer" Type="Bool" Value="false"/>
 <GameToken Id="1002651456" Name="PowerSource_LevelProgression.HasPlayerPickedUpEngineer" Type="Bool" Value="false"/>
 <GameToken Id="735703069" Name="PowerSource_LevelProgression.HasPlayerBlockedVentsWithGoo" Type="Bool" Value="false"/>
 <GameToken Id="1834759125" Name="Prototype_States.IsFirstVisit" Type="Bool" Value="true"/>
 <GameToken Id="1252623890" Name="Prototype_States.IsBreached" Type="Bool" Value="true"/>
 <GameToken Id="2095331736" Name="Psychotronics_Level_Transition.TriedDoorsToGuts" Type="Bool" Value="false"/>
 <GameToken Id="1982964289" Name="Psychotronics_Gear.SeenSpaceSuit" Type="Bool" Value="false"/>
 <GameToken Id="479009454" Name="Psychotronics_Decontamination.Lockdown_Active" Type="Bool" Value="true"/>
 <GameToken Id="1088980855" Name="PlayerGear.HasPsychoscope" Type="Bool" Value="false"/>
 <GameToken Id="1044248080" Name="Apartment.PlayerCompletedTraining" Type="Bool" Value="false"/>
 <GameToken Id="1828749811" Name="CharacterFates.CookDied" Type="Bool" Value="false"/>
 <GameToken Id="10364339" Name="CharacterFates.EngineerDied" Type="Bool" Value="false"/>
 <GameToken Id="515039660" Name="CargoBay.HaveTurretPlan" Type="Bool" Value="false"/>
 <GameToken Id="1636876611" Name="DahlTeamStatus.TechOfficerAtA" Type="Bool" Value="false"/>
 <GameToken Id="2023330041" Name="DahlTeamStatus.TechOfficerAtB" Type="Bool" Value="false"/>
 <GameToken Id="262053999" Name="DahlTeamStatus.TechOfficerAtC" Type="Bool" Value="false"/>
 <GameToken Id="2145141000" Name="DahlTeamStatus.HasPlayerFoundTechOfficer" Type="Bool" Value="false"/>
 <GameToken Id="199499730" Name="DahlTeamStatus.TechOfficerDisabled" Type="Bool" Value="false"/>
 <GameToken Id="2007098665" Name="DahlTeamStatus.DahlTurningOffOxygen" Type="Bool" Value="false"/>
 <GameToken Id="672822999" Name="CharacterFates.AllInCargoBayDie" Type="Bool" Value="false"/>
 <GameToken Id="1965443384" Name="CargoBay.TurretsReady" Type="Bool" Value="false"/>
 <GameToken Id="1620705998" Name="CargoBay.SecurityTeamArmed" Type="Bool" Value="false"/>
 <GameToken Id="1377582569" Name="Trauma.PlayerHasMedicalOperator" Type="Bool" Value="false"/>
 <GameToken Id="326295356" Name="Trauma.MedicalStationHasOperator" Type="Bool" Value="false"/>
 <GameToken Id="1421451999" Name="DahlTeamStatus.PlayerCheckedB" Type="Bool" Value="false"/>
 <GameToken Id="1303442277" Name="DahlTeamStatus.PlayerCheckedA" Type="Bool" Value="false"/>
 <GameToken Id="599691849" Name="DahlTeamStatus.PlayerCheckedC" Type="Bool" Value="false"/>
 <GameToken Id="2090061693" Name="DahlTeamStatus.OrangeSquadDefeated" Type="Bool" Value="false"/>
 <GameToken Id="1026895232" Name="DahlTeamStatus.BlueSquadDefeated" Type="Bool" Value="false"/>
 <GameToken Id="1684227584" Name="CharacterFates.TraumaCenterHostageDied" Type="Bool" Value="false"/>
 <GameToken Id="1117012284" Name="Trauma_Pharmacology.PlayerHasSurgeryStorageKey" Type="Bool" Value="false"/>
 <GameToken Id="1131953825" Name="Trauma_Pharmacology.PlayerHasExogeuousContrastingAgent" Type="Bool" Value="false"/>
 <GameToken Id="1897502124" Name="Trauma_Pharmacology.MRIHasOperator" Type="Bool" Value="false"/>
 <GameToken Id="2043347229" Name="Trauma.XRayMachineHasOperator" Type="Bool" Value="true"/>
 <GameToken Id="2038137740" Name="Trauma.MRIHasOperator" Type="Bool" Value="false"/>
 <GameToken Id="2139921714" Name="Trauma.NumMedicalOperators" Type="Int" Value="0"/>
 <GameToken Id="488139507" Name="Trauma.QuarantineSubjectFreed" Type="Bool" Value="false"/>
 <GameToken Id="1121905101" Name="DahlTeamStatus.FireteamThreshold" Type="Int" Value="2"/>
 <GameToken Id="683239419" Name="AlexAndDahlOutcomes.AlexIsDeadDahlIsAliveAndIntendsToEscapeInShuttle" Type="Float" Value="0.000000"/>
 <GameToken Id="541281319" Name="AlexAndDahlOutcomes.AlexAndDahlBothDead" Type="Bool" Value="false"/>
 <GameToken Id="1992531296" Name="AlexAndDahlOutcomes.DahlDeadAlexAlive" Type="Bool" Value="false"/>
 <GameToken Id="1990946021" Name="AlexAndDahlOutcomes.DahlArrivedInShuttle" Type="Bool" Value="false"/>
 <GameToken Id="1571835273" Name="AlexAndDahlOutcomes.DahlFreed" Type="Int" Value="0"/>
 <GameToken Id="1482344631" Name="PlayerState.HasSeenMedicalStation" Type="Bool" Value="false"/>
 <GameToken Id="1844367939" Name="AIsEncountered.Beta" Type="Bool" Value="false"/>
 <GameToken Id="655186771" Name="Trauma.QuarantineSubjectCrazy" Type="Bool" Value="false"/>
 <GameToken Id="1570678163" Name="WorldState.CoralPhase" Type="Int" Value="1"/>
 <GameToken Id="786557393" Name="CargoBay.IgweRescuedFromCrate" Type="Bool" Value="false"/>
 <GameToken Id="363133719" Name="CargoBay.IgweSuffocated" Type="Bool" Value="false"/>
 <GameToken Id="62093647" Name="CrewFacility.KitchenIsUnlocked" Type="Bool" Value="false"/>
 <GameToken Id="1474822829" Name="WorldState.GravityTurnedOffForSideQuest" Type="Bool" Value="false"/>
 <GameToken Id="1656768149" Name="WorldState.PowerRestoredToExteriorCave" Type="Bool" Value="false"/>
 <GameToken Id="127066775" Name="Exterior.JelliesGoneCleanJob" Type="Bool" Value="false"/>
 <GameToken Id="1681899772" Name="Exterior.JelliesGoneCrappyJob" Type="Bool" Value="false"/>
 <GameToken Id="578654781" Name="Exterior.SatelliteScanSuccessful" Type="Bool" Value="false"/>
 <GameToken Id="861030531" Name="Exterior.LaserGuidanceActive" Type="Bool" Value="false"/>
 <GameToken Id="1383588192" Name="Exterior.SatelliteFacingStation" Type="Bool" Value="false"/>
 <GameToken Id="1669935990" Name="CargoBay.HaveWeddingRing" Type="Bool" Value="false"/>
 <GameToken Id="89988954" Name="CargoBay.MetOfficerMartha" Type="Bool" Value="false"/>
 <GameToken Id="1936268240" Name="ObjNoteToSelf_CookRequest.CookIsFinishedCooking" Type="Bool" Value="false"/>
 <GameToken Id="1468458563" Name="ObjNoteToSelf_CookRequest.IsDishPoisoned" Type="Bool" Value="false"/>
 <GameToken Id="2147199959" Name="CorporateIT.LookingGlassFileSelected" Type="Bool" Value="false"/>
 <GameToken Id="1621498871" Name="SimLab.IsLookingGlassDemo" Type="Bool" Value="false"/>
 <GameToken Id="767850722" Name="SimLab.ConferenceRoomPowerShortCircuited" Type="Bool" Value="false"/>
 <GameToken Id="960757789" Name="SimLab.ConferenceRoomLiftBackupPowerRestored" Type="Bool" Value="false"/>
 <GameToken Id="2139377802" Name="CrewFacility.VoiceSampleCount" Type="Int" Value="0"/>
 <GameToken Id="1023170492" Name="CrewFacility.VoiceSampleProcessingPercent" Type="Int" Value="0"/>
 <GameToken Id="496373530" Name="SimLab.ConferenceRoomCircuitBreakerFunctional" Type="Bool" Value="true"/>
 <GameToken Id="1786660365" Name="ObjNoteToSelf_CookRequest.PlayerIsInKitchen" Type="Bool" Value="false"/>
 <GameToken Id="1348190292" Name="CharacterFates.CookEscaped" Type="Bool" Value="false"/>
 <GameToken Id="169345818" Name="SimLab.UseFabricatorQuestStarted" Type="Bool" Value="false"/>
 <GameToken Id="858177182" Name="SimLab.ManufacturingControlTurrets_Interior" Type="Bool" Value="false"/>
 <GameToken Id="1929145887" Name="SimLab.ManufacturingControlDoorLocked" Type="Bool" Value="true"/>
 <GameToken Id="889344659" Name="SimLab.ManufacturingControlPlayerSawOperators" Type="Bool" Value="true"/>
 <GameToken Id="1487819434" Name="CargoBay.FabricatorPowerRestored" Type="Bool" Value="false"/>
 <GameToken Id="580775186" Name="PlayerState.FirstFabricationPlanAcquired" Type="String" Value=""/>
 <GameToken Id="1058343692" Name="PlayerState.HasSeenFabricator" Type="Bool" Value="false"/>
 <GameToken Id="1899756249" Name="PlayerState.Trauma_FirstTraumaAcquired" Type="Bool" Value="false"/>
 <GameToken Id="203224110" Name="PlayerState.NumTimesFabricatorUsed" Type="Float" Value="0.000000"/>
 <GameToken Id="604911288" Name="SimLab.A_PrepDoor01_Open" Type="Bool" Value="false"/>
 <GameToken Id="580535318" Name="SimLab.A_PrepDoor02_Open" Type="Bool" Value="false"/>
 <GameToken Id="240574359" Name="SimLab.A_NumTestsOff" Type="Int" Value="0"/>
 <GameToken Id="617130535" Name="SimLab.A_Turret01_Enabled" Type="Bool" Value="false"/>
 <GameToken Id="158303017" Name="SimLab.A_TestControlDoor_Open" Type="Bool" Value="false"/>
 <GameToken Id="1935128117" Name="PlayerState.HaveMorganKey" Type="Bool" Value="false"/>
 <GameToken Id="629336681" Name="WorldState.IsQuakeCon" Type="Bool" Value="false"/>
 <GameToken Id="706335901" Name="CorporateIT.PlayerWatchedFullVideoInDataCore" Type="Bool" Value="false"/>
 <GameToken Id="1168489680" Name="Lobby.NightmareInLobbyHasBeenActivated" Type="Bool" Value="false"/>
 <GameToken Id="1972032826" Name="Lobby.MorgansOfficeIsSecured" Type="Bool" Value="false"/>
 <GameToken Id="1201392715" Name="SimLab.ApartmentUseActualHeiRide" Type="Bool" Value="false"/>
 <GameToken Id="833409339" Name="SimLab.ApartmentFakeElevatorUp" Type="Bool" Value="false"/>
 <GameToken Id="1304802513" Name="SimLab.Apartment_2ndDay" Type="Bool" Value="false"/>
 <GameToken Id="626676142" Name="SimLab.TestFacilities_ElevatorAtIntake" Type="Bool" Value="false"/>
 <GameToken Id="2014286583" Name="AIReveals.PhantomIsRevealed" Type="Bool" Value="true"/>
 <GameToken Id="89566529" Name="SimLab.Apartment_ElevatorBroken" Type="Bool" Value="false"/>
 <GameToken Id="698964511" Name="CharacterFates.PrisonerLiberated" Type="Bool" Value="false"/>
 <GameToken Id="1024627141" Name="CrewFacility.SamKeyLocation" Type="String" Value="random"/>
 <GameToken Id="875919627" Name="CharacterFates.PrisonerDead" Type="Bool" Value="false"/>
 <GameToken Id="202271958" Name="Trauma.MedTechOperatorRepaired" Type="Bool" Value="false"/>
 <GameToken Id="2100161616" Name="SimLab.TestFacilities_Response_1" Type="String" Value=""/>
 <GameToken Id="1680129514" Name="SimLab.TestFacilities_Response_2" Type="String" Value=""/>
 <GameToken Id="321097084" Name="SimLab.TestFacilities_Response_3" Type="String" Value=""/>
 <GameToken Id="222763231" Name="SimLab.TestFacilities_Response_4" Type="String" Value=""/>
 <GameToken Id="666327334" Name="SimLab.TestFacilitiesQuestion" Type="Int" Value="1"/>
 <GameToken Id="99304517" Name="Psychotronics.PsychotronicsPowerON" Type="Bool" Value="true"/>
 <GameToken Id="1297538319" Name="Psychotronics.PsychotronicsPowerRepaired" Type="Bool" Value="false"/>
 <GameToken Id="750423348" Name="SimLab.Apartment_PlayerHasFirstDayObjective" Type="Bool" Value="false"/>
 <GameToken Id="112539523" Name="SimLab.Apartment_PlayerHasFirstDay2Objective" Type="Bool" Value="false"/>
 <GameToken Id="546743236" Name="CorporateIT.PlayerInstalledLookingGlassVideo" Type="Bool" Value="false"/>
 <GameToken Id="926997328" Name="PsychCodeQuest.PlayerHas0GSuitPlan" Type="Bool" Value="false"/>
 <GameToken Id="270418524" Name="Psychotronics.ExtractionCountdownExpirationTime" Type="Float" Value="0.000000"/>
 <GameToken Id="163153460" Name="SimLab.Helipad_SetToTranStar" Type="Bool" Value="false"/>
 <GameToken Id="1666582739" Name="SimLab.Apartment_HallwaySetToRoof" Type="Bool" Value="false"/>
 <GameToken Id="1168489681" Name="Lobby.MimicTriggersAreEnabled" Type="Bool" Value="false"/>
 <GameToken Id="1718281973" Name="SimLab.Helipad_RoofSimulationBroken" Type="Bool" Value="false"/>
 <GameToken Id="1336651572" Name="Psychotronics.ContainedPhantomEscaped" Type="Bool" Value="false"/>
 <GameToken Id="1230984417" Name="CharacterFates.SecurityChiefDied" Type="Bool" Value="false"/>
 <GameToken Id="1008825921" Name="CharacterFates.MikhailaDied" Type="Bool" Value="false"/>
 <GameToken Id="212003752" Name="SimLab.TestFacilities_BellamyWatingOnPlyr" Type="Bool" Value="false"/>
 <GameToken Id="1240200463" Name="CharacterFates.JanuaryDied" Type="Bool" Value="false"/>
 <GameToken Id="496257776" Name="PowerSource_LevelProgression.PlayerHasMikhailasMeds" Type="Bool" Value="false"/>
 <GameToken Id="724394231" Name="SimLab.State_FabricationAccessible" Type="Bool" Value="false"/>
 <GameToken Id="211598630" Name="PlayerState.IsFemale" Type="Bool" Value="false"/>
 <GameToken Id="285606644" Name="Fabricator.FabricatorOutputEntityID" Type="String" Value="false"/>
 <GameToken Id="697351171" Name="Fabricator.FabricatorOutputEntityName" Type="String" Value="false"/>
 <GameToken Id="845515098" Name="WorldState.GravityTurnedOffForSideQuest2" Type="Bool" Value="false"/>
 <GameToken Id="1164097996" Name="WorldState.GravityTurnedOffForSidequest3" Type="Bool" Value="false"/>
 <GameToken Id="236428543" Name="AlexAndDahlOutcomes.Dahl_NeutralizeDahlFailed" Type="Bool" Value="false"/>
 <GameToken Id="361175835" Name="CharacterFates.DahlBrainwashed" Type="Bool" Value="false"/>
 <GameToken Id="1307807168" Name="CharacterFates.DahlKnockedOut" Type="Bool" Value="false"/>
 <GameToken Id="1928122795" Name="CharacterFates.IgweDead" Type="Bool" Value="false"/>
 <GameToken Id="826501226" Name="CrewFacility.FarleyScribeLocation" Type="String" Value="random"/>
 <GameToken Id="716164776" Name="AlexAndDahlOutcomes.Dahl_unconsciousID" Type="Int" Value="0"/>
 <GameToken Id="1918399355" Name="AlexAndDahlOutcomes.AlexMeetingTime" Type="String" Value="0"/>
 <GameToken Id="1852990094" Name="AlexAndDahlOutcomes.DahlReachesAlexTimerUp" Type="Bool" Value="false"/>
 <GameToken Id="597364167" Name="WorldState.IsTouristMode" Type="Bool" Value="false"/>
 <GameToken Id="151880116" Name="CharacterFates.DahlEscaped" Type="Bool" Value="false"/>
 <GameToken Id="1034061051" Name="Lobby.PlayerHasLobbyKey" Type="Bool" Value="false"/>
 <GameToken Id="797881552" Name="SimLab.TestingFacilities_ElevatorInUse" Type="Bool" Value="false"/>
 <GameToken Id="1445787916" Name="AlexAndDahlOutcomes.DahlReachesAlexTime" Type="Float" Value="0.000000"/>
 <GameToken Id="534910689" Name="AlexAndDahlOutcomes.DahlReachesAlexTimeIncrement" Type="Float" Value="0.000000"/>
 <GameToken Id="998978301" Name="AlexAndDahlOutcomes.DahlSpawned" Type="Bool" Value="false"/>
 <GameToken Id="916245897" Name="AlexAndDahlOutcomes.AlexSpawned" Type="Bool" Value="false"/>
 <GameToken Id="312932513" Name="AlexAndDahlOutcomes.AlexReachesAlexTimeRemaining" Type="Float" Value="0.000000"/>
 <GameToken Id="1017239984" Name="AlexAndDahlOutcomes.DahlHeadingToArboretum" Type="Bool" Value="false"/>
 <GameToken Id="1783126996" Name="AlexAndDahlOutcomes.AlexExtractionByDahlStarted" Type="Bool" Value="false"/>
 <GameToken Id="1093228790" Name="AlexAndDahlOutcomes.AlexExtractionByDahlFinished" Type="Bool" Value="false"/>
 <GameToken Id="912022645" Name="Lobby.PlayerHasHardwareLabKeyCard" Type="Bool" Value="false"/>
 <GameToken Id="488553831" Name="AlexAndDahlOutcomes.Dahl_Aggro" Type="Bool" Value="false"/>
 <GameToken Id="2067884688" Name="Lobby.PlayerReachedLobby" Type="Bool" Value="false"/>
 <GameToken Id="1781841433" Name="PowerSource_LevelProgression.PowerPlantRebooted" Type="Bool" Value="false"/>
 <GameToken Id="153809629" Name="AlexAndDahlOutcomes.AlexGravLiftOn" Type="Bool" Value="false"/>
 <GameToken Id="1973193868" Name="AlexAndDahlOutcomes.AlexGravLiftHacked" Type="Bool" Value="false"/>
 <GameToken Id="644271385" Name="PowerSource_LevelProgression.PowerRestoredToCave" Type="Bool" Value="false"/>
 <GameToken Id="881287025" Name="Temp.PlayerIsUsingKeyboardAndMouse" Type="Bool" Value="false"/>
 <GameToken Id="551341969" Name="SimLab.Apartment_AptDoorOpen" Type="Bool" Value="false"/>
 <GameToken Id="1753726108" Name="PowerSource_LevelProgression.PlyrGaveMikhailaMedicine" Type="Bool" Value="false"/>
 <GameToken Id="575336119" Name="PowerSource_LevelProgression.PlyrGotMedsB4Talking2Mikhaila" Type="Bool" Value="false"/>
 <GameToken Id="845010755" Name="CargoBay.PlyrHelpedSecChief" Type="Bool" Value="false"/>
 <GameToken Id="348591292" Name="PowerSource_LevelProgression.PlayerHasMetMikhaila" Type="Bool" Value="false"/>
 <GameToken Id="631019804" Name="SimLab.TestFacilities_InBetweenState" Type="Bool" Value="false"/>
 <GameToken Id="1118468358" Name="CharacterFates.IgweRescued" Type="Bool" Value="false"/>
 <GameToken Id="1396863346" Name="SimLab.TestFacilities_Response_5" Type="String" Value=""/>
 <GameToken Id="1326240442" Name="ShuttleBay.ShuttleLiftUP" Type="Bool" Value="false"/>
 <GameToken Id="490977406" Name="Arboretum.BillieMancuso_Dead" Type="Bool" Value="false"/>
 <GameToken Id="415907852" Name="Arboretum.BillieMancuso_Unconscious" Type="Bool" Value="false"/>
 <GameToken Id="1273911992" Name="Arboretum.Rani_Controlled" Type="Bool" Value="true"/>
 <GameToken Id="590362700" Name="Arboretum.GreenhouseTelepath_Dead" Type="Bool" Value="false"/>
 <GameToken Id="1940405657" Name="Lobby.PlayerGotStolenMod" Type="Bool" Value="false"/>
 <GameToken Id="366697979" Name="Lobby.PlayerFoundEliasPharmas" Type="Bool" Value="false"/>
 <GameToken Id="603284284" Name="Lobby.PlayerHasSeenOneOfThePsychCodePhantoms" Type="Bool" Value="false"/>
 <GameToken Id="429963292" Name="SimLab.AlexExplainsTests_Played" Type="Bool" Value="false"/>
 <GameToken Id="1768724749" Name="Psychotronics.ContainmentShieldOpened" Type="Bool" Value="false"/>
 <GameToken Id="2011735060" Name="Psychotronics.TelepathCreatedPhantom" Type="Bool" Value="false"/>
 <GameToken Id="635582364" Name="Psychotronics.GT_Global.Pyschotronics.PlyrOpendLiveExam" Type="Bool" Value="false"/>
 <GameToken Id="1494538765" Name="Psychotronics.PlyrOpendLiveExam" Type="Bool" Value="false"/>
 <GameToken Id="1142512487" Name="Psychotronics.PlyrRaidedAmory" Type="Bool" Value="false"/>
 <GameToken Id="1550643652" Name="Psychotronics.LetMeOut_Played" Type="Bool" Value="false"/>
 <GameToken Id="1059658701" Name="Psychotronics.PlyrReleasedPhantom" Type="Bool" Value="false"/>
 <GameToken Id="739272275" Name="Lobby.TurnShenanigansOFF" Type="Bool" Value="false"/>
 <GameToken Id="705936187" Name="Psychotronics.PrisonerKilled" Type="Bool" Value="false"/>
 <GameToken Id="1419577266" Name="Psychotronics.PrisonerFreedAndInArmory" Type="Bool" Value="false"/>
 <GameToken Id="1725246412" Name="PowerSource_LevelProgression.GasReducedOneThird" Type="Bool" Value="false"/>
 <GameToken Id="1613446489" Name="PowerSource_LevelProgression.GasReducedTwoThirds" Type="Bool" Value="false"/>
 <GameToken Id="1313053967" Name="AlexAndDahlOutcomes.DahlSearchingForMorganInArboretum" Type="Bool" Value="false"/>
 <GameToken Id="1443369618" Name="ShuttleBay.O2VentsRepaired" Type="Bool" Value="false"/>
 <GameToken Id="1437407988" Name="PlayerState.PlayNeuromodInstallation" Type="Bool" Value="true"/>
 <GameToken Id="76441320" Name="ShuttleBay.SarahInShuttleBay" Type="Bool" Value="false"/>
 <GameToken Id="2070644643" Name="ShuttleBay.MikhailaInShuttleBay" Type="Bool" Value="false"/>
 <GameToken Id="760816436" Name="ShuttleBay.DahlInShuttleBay" Type="Bool" Value="false"/>
 <GameToken Id="827996141" Name="ShuttleBay.IgweInShuttleBay" Type="Bool" Value="false"/>
 <GameToken Id="1749692473" Name="ShuttleBay.AlexInShuttleBay" Type="Bool" Value="false"/>
 <GameToken Id="1488372135" Name="CargoBay.CurrentActiveCrate" Type="Int" Value="0"/>
 <GameToken Id="533170582" Name="AlexAndDahlOutcomes.PlayerInDahlProximityTrigger" Type="Bool" Value="false"/>
 <GameToken Id="658043248" Name="CargoBay.GuardDead_DwayneMaddox" Type="Bool" Value="false"/>
 <GameToken Id="835057942" Name="CargoBay.GuardDead_KevinBrooks" Type="Bool" Value="false"/>
 <GameToken Id="1145306668" Name="CargoBay.GuardDead_SamHertz" Type="Bool" Value="false"/>
 <GameToken Id="962362164" Name="CargoBay.GuardDead_TamikoHayashi" Type="Bool" Value="false"/>
 <GameToken Id="440736604" Name="CargoBay.GuardDead_AustinCool" Type="Bool" Value="false"/>
 <GameToken Id="131197146" Name="CargoBay.GuardDead_AlfredRose" Type="Bool" Value="false"/>
 <GameToken Id="1542966116" Name="Lobby.MaintElecBoxIsBlown" Type="Bool" Value="false"/>
 <GameToken Id="1131588426" Name="Prototype_States.PlayerKnowsDoorIsLocked" Type="Bool" Value="false"/>
 <GameToken Id="1919460783" Name="Prototype_States.PlayerHasCalvinoKeycard" Type="Bool" Value="false"/>
 <GameToken Id="794514260" Name="Lobby.BreakerIsOn" Type="Bool" Value="false"/>
 <GameToken Id="1901543495" Name="Lobby.JanuaryWaitingToGiveCalvinoOb" Type="Bool" Value="false"/>
 <GameToken Id="1312615633" Name="ShuttleBay.PlyrKnowsAboutFrankEscapePods" Type="Bool" Value="false"/>
 <GameToken Id="1197170766" Name="SimLab.AlexTalkingInTrackview" Type="Bool" Value="false"/>
 <GameToken Id="510303966" Name="Lobby.JanuaryNeurmmodComment_Played" Type="Bool" Value="false"/>
 <GameToken Id="1948413521" Name="ShuttleBay.EscapePodHatchBlown" Type="Bool" Value="false"/>
 <GameToken Id="212730210" Name="ShuttleBay.EscapePodLaunchSuccess" Type="Bool" Value="false"/>
 <GameToken Id="1348414207" Name="ShuttleBay.EscapePodLaunchActivated" Type="Bool" Value="false"/>
 <GameToken Id="1067074476" Name="PowerSource_LevelProgression.ReactorLightsOff" Type="Bool" Value="false"/>
 <GameToken Id="787778004" Name="PowerSource_LevelProgression.ReactorLightsOn" Type="Bool" Value="false"/>
 <GameToken Id="1031226701" Name="PowerSource_LevelProgression.PhotovoltaicRingOff" Type="Bool" Value="false"/>
 <GameToken Id="1258727810" Name="PowerSource_LevelProgression.PhotovoltaicRingOn" Type="Bool" Value="false"/>
 <GameToken Id="139184888" Name="PowerSource_LevelProgression.OpenReactorDoor" Type="Bool" Value="false"/>
 <GameToken Id="1807483550" Name="PowerSource_LevelProgression.CloseReactorDoor" Type="Bool" Value="false"/>
 <GameToken Id="418273888" Name="Arboretum.BillieMancuso_AwareOfPlayer" Type="Bool" Value="false"/>
 <GameToken Id="1500990797" Name="SimLab.Helipad_LG_On" Type="Bool" Value="true"/>
 <GameToken Id="1431001633" Name="SimLab.IsCinematicFlip" Type="Bool" Value="false"/>
 <GameToken Id="1441883458" Name="SimLab.SwitchDayInProgress" Type="Bool" Value="false"/>
 <GameToken Id="1808152694" Name="WorldState.LookingGlassRestored" Type="Bool" Value="false"/>
 <GameToken Id="1155792989" Name="WorldState.MagnetosphereDisabled" Type="Bool" Value="false"/>
 <GameToken Id="860849730" Name="PlayerState.VideoPart2Playing" Type="Bool" Value="false"/>
 <GameToken Id="1730830942" Name="CargoBay.CountTurrets" Type="Int" Value="0"/>
 <GameToken Id="1110866113" Name="CargoBay.CageOneOpen" Type="Bool" Value="false"/>
 <GameToken Id="1233582855" Name="CargoBay.CageTwoOpen" Type="Bool" Value="false"/>
 <GameToken Id="911083637" Name="Lobby.PlyrSpokeToMikhailaInOffice" Type="Bool" Value="false"/>
 <GameToken Id="1242406050" Name="Trauma.LowerPowerOn" Type="Bool" Value="true"/>
 <GameToken Id="1351796083" Name="Prototype_States.PlayerHasSatelliteItem" Type="Bool" Value="false"/>
 <GameToken Id="155826044" Name="SimLab.Atrium_GravShaftOn" Type="Bool" Value="false"/>
 <GameToken Id="593847679" Name="AlexAndDahlOutcomes.DahlInMedbay" Type="Bool" Value="false"/>
 <GameToken Id="779262475" Name="AlexAndDahlOutcomes.ALexInCrate" Type="Bool" Value="false"/>
 <GameToken Id="775804479" Name="SimLab.Volunteers_PowerOn" Type="Bool" Value="false"/>
 <GameToken Id="408037165" Name="DeepStorage.MonstersAreReleased" Type="Bool" Value="false"/>
 <GameToken Id="454148974" Name="AlexAndDahlOutcomes.DahlTookNonLethalDamage" Type="Bool" Value="false"/>
 <GameToken Id="269067688" Name="SimLab.Fabrication_NeuromodLicenseReset" Type="Bool" Value="false"/>
 <GameToken Id="2113220478" Name="Lobby.PlyrPlayedExperimentLog4Mikhaila" Type="Bool" Value="false"/>
 <GameToken Id="1444501785" Name="AlexAndDahlOutcomes.DahlBot1_ReachedIndex" Type="Int" Value="0"/>
 <GameToken Id="1126703571" Name="AlexAndDahlOutcomes.Dahl_ReachedIndex" Type="Int" Value="0"/>
 <GameToken Id="554264615" Name="LifeSupport.PhantomRemmerDead" Type="Bool" Value="false"/>
 <GameToken Id="646844904" Name="Arboretum.CoralDataAnalysisPercentage" Type="Int" Value="0"/>
 <GameToken Id="433510528" Name="LifeSupport.AtmoRoomContaminated" Type="Bool" Value="false"/>
 <GameToken Id="66447145" Name="AlexAndDahlOutcomes.DahlReachedArboretum" Type="Bool" Value="false"/>
 <GameToken Id="1367668986" Name="DahlTeamStatus.TechOfficerLocation" Type="String" Value="Nowhere"/>
 <GameToken Id="1032397420" Name="LifeSupport.AtmoComputerMain" Type="Int" Value="0"/>
 <GameToken Id="1197820902" Name="LifeSupport.AtmoComputerAux1" Type="Int" Value="0"/>
 <GameToken Id="1567926455" Name="LifeSupport.AtmoComputerAux2" Type="Int" Value="0"/>
 <GameToken Id="2141784040" Name="Psychotronics.LiveExamPhantomDead" Type="Bool" Value="false"/>
 <GameToken Id="1861733497" Name="Psychotronics.PsychoscopeOn" Type="Bool" Value="false"/>
 <GameToken Id="1557816898" Name="Psychotronics.LiveExamState1" Type="Bool" Value="true"/>
 <GameToken Id="1171470328" Name="Psychotronics.LiveExamState2" Type="Bool" Value="false"/>
 <GameToken Id="852756334" Name="Psychotronics.LiveExamState3" Type="Bool" Value="false"/>
 <GameToken Id="1096463039" Name="WorldState.CargoBayOxygenOn" Type="Int" Value="0" Description="0 = Normal, 1 = Restored, 2 = No Oxygen, 3 = Oxygen Depleting"/>
 <GameToken Id="1480792856" Name="WorldState.PowerSourceOxygenOn" Type="Int" Value="0" Description="0 = Normal, 1 = Restored, 2 = No Oxygen"/>
 <GameToken Id="1052617007" Name="WorldState.PsychotronicsOxygenOn" Type="Int" Value="0" Description="0 = Normal, 1 = Restored, 2 = No Oxygen"/>
 <GameToken Id="1480792857" Name="WorldState.PsiAddedToWater" Type="Bool" Value="false"/>
 <GameToken Id="49446823" Name="Psychotronics.PlayerReleasedMimicOnPrisoner" Type="Bool" Value="false"/>
 <GameToken Id="703368258" Name="AlexAndDahlOutcomes.DahlOnMainElevator" Type="Bool" Value="false"/>
 <GameToken Id="630563136" Name="LifeSupport.DahlDiedInLifeSupport" Type="Bool" Value="false"/>
 <GameToken Id="420403925" Name="Psychotronics.WeaverInView" Type="Bool" Value="false"/>
 <GameToken Id="1133014205" Name="PlayerState.Trauma_HasConcussion" Type="Bool" Value="false"/>
 <GameToken Id="275612090" Name="PlayerState.Trauma_HasCrippled" Type="Bool" Value="false"/>
 <GameToken Id="632229119" Name="PlayerState.Trauma_HasFear" Type="Bool" Value="false"/>
 <GameToken Id="756409341" Name="PlayerState.Trauma_HasLacerations" Type="Bool" Value="false"/>
 <GameToken Id="716038474" Name="PlayerState.Trauma_HasRadSickness" Type="Bool" Value="false"/>
 <GameToken Id="1265875375" Name="PlayerState.Trauma_HasThirdDegreeBurns" Type="Bool" Value="false"/>
 <GameToken Id="1427566562" Name="PlayerState.Trauma_HasBlind" Type="Bool" Value="false"/>
 <GameToken Id="527315390" Name="Guts.MissingPersonsLaneFound" Type="Bool" Value="false"/>
 <GameToken Id="471299812" Name="Guts.MissingPersonsJoshFound" Type="Bool" Value="false"/>
 <GameToken Id="598401289" Name="Arboretum.PlyrTrashedAlexOffice" Type="Bool" Value="false"/>
 <GameToken Id="1540720849" Name="Bridge.CharacterFates" Type="String" Value="false"/>
 <GameToken Id="103309129" Name="SimLab.Fabrication_FoundGravesOffice" Type="Bool" Value="false"/>
 <GameToken Id="1240921173" Name="SimLab.Fabrication_EnteredGravesOffice" Type="Bool" Value="false"/>
 <GameToken Id="1323380780" Name="Nightmare.IsAlive" Type="Bool" Value="false"/>
 <GameToken Id="635962018" Name="Nightmare.CurrentLocation" Type="String" Value="nowhere"/>
 <GameToken Id="1368401040" Name="Arboretum.PlayerKnowsAboutEscapePod" Type="Bool" Value="false"/>
 <GameToken Id="860577734" Name="CharacterFates.FionasTimeRemaining" Type="Bool" Value="false"/>
 <GameToken Id="1880101119" Name="Trauma.DeVriesDecrypted" Type="Bool" Value="false"/>
 <GameToken Id="1102010584" Name="Trauma.DoNoHarmSimple" Type="Bool" Value="false"/>
 <GameToken Id="659700262" Name="Trauma.DeVriesTranscribeHeard" Type="Bool" Value="false"/>
 <GameToken Id="1285815899" Name="Arboretum.AlexMorganFinalConvoCompleted" Type="Bool" Value="false"/>
 <GameToken Id="20853102" Name="ShuttleBay.DahlLeftInShuttle" Type="Bool" Value="false"/>
 <GameToken Id="238650926" Name="PlayerState.EscapedInShuttle" Type="Bool" Value="false"/>
 <GameToken Id="1524148566" Name="Trauma.GruesomeSurgeryOperatorDisabled" Type="Bool" Value="false"/>
 <GameToken Id="1175416595" Name="WhistleblowerQuest.HasPlayerInitatedWhistleblowerQuest" Type="Bool" Value="false"/>
 <GameToken Id="1466098754" Name="CrewFacility.PlayerEscapedFreezer" Type="Bool" Value="false"/>
 <GameToken Id="190270084" Name="WhistleblowerQuest.PlayerDeletedAudioFile" Type="Bool" Value="false"/>
 <GameToken Id="1770192836" Name="WhistleblowerQuest.PlayerTransferredAudioFile" Type="Bool" Value="false"/>
 <GameToken Id="2065961361" Name="WhistleblowerQuest.PlayerListenedToAudioFile" Type="Bool" Value="false"/>
 <GameToken Id="2070487084" Name="CharacterFates.SkilletDestroyed" Type="Bool" Value="false"/>
 <GameToken Id="573176625" Name="WorldState.TranstarSignReprogrammed" Type="Bool" Value="false"/>
 <GameToken Id="198979963" Name="Arboretum.GrantLockwoodChipActivated" Type="Bool" Value="false"/>
 <GameToken Id="32433825" Name="Prototype_States.BreachSealed" Type="Bool" Value="false"/>
 <GameToken Id="137193931" Name="Prototype_States.1CalvinoLGScreenBroken" Type="Bool" Value="false"/>
 <GameToken Id="1469601571" Name="PlayerState.2CalvinoLGScreensBroken" Type="Bool" Value="false"/>
 <GameToken Id="1045694970" Name="Prototype_States.2CalvinoLGScreensBroken" Type="Bool" Value="false"/>
 <GameToken Id="623371054" Name="Prototype_States.3CalvinoLGScreensBroken" Type="Bool" Value="false"/>
 <GameToken Id="402122341" Name="Trauma.PlayerReadBellamyMorgueEmail" Type="Bool" Value="false"/>
 <GameToken Id="1568364366" Name="TheCorpseVanishes.PlayerReadSimmonsEmail" Type="Bool" Value="false"/>
 <GameToken Id="1021037447" Name="TheCorpseVanishes.PlayerReadBellamyMorgueEmail" Type="Bool" Value="false"/>
 <GameToken Id="1197251550" Name="TheCorpseVanishes.PlayerHasBellamysCard" Type="Bool" Value="false"/>
 <GameToken Id="1449504193" Name="TheCorpseVanishes.PlayerCompletedTheCorpseVanishes" Type="Bool" Value="false"/>
 <GameToken Id="645354420" Name="LifeSupport.RemmerTranscribeObtained" Type="Bool" Value="false"/>
 <GameToken Id="667097467" Name="Trauma.PlayerHasDeVriesTranscribe" Type="Bool" Value="false"/>
 <GameToken Id="1414344735" Name="Trauma.PlayerReadAlexDevriesEmail" Type="Bool" Value="false"/>
 <GameToken Id="466663741" Name="Trauma.DeVriesDecryptedTranscribeHeard" Type="Bool" Value="false"/>
 <GameToken Id="629497810" Name="Arboretum.GrowthFormulaActivated" Type="Bool" Value="false"/>
 <GameToken Id="115261681" Name="Arboretum.GrowSuperFruit" Type="Bool" Value="false"/>
 <GameToken Id="1876398121" Name="CargoBay.GiveBackdoorKey" Type="Bool" Value="false"/>
 <GameToken Id="733267226" Name="CargoBay.InBackRoom" Type="Bool" Value="false"/>
 <GameToken Id="1047021444" Name="Arboretum.HasSuperFruitFormula" Type="Bool" Value="false"/>
 <GameToken Id="645068838" Name="ShuttleBay.EscapePodLuanchFail" Type="Bool" Value="false"/>
 <GameToken Id="1298068486" Name="Arboretum.OpenedLoversDoor" Type="Bool" Value="false"/>
 <GameToken Id="1547732997" Name="WorldState.SatelliteReady" Type="Bool" Value="true"/>
 <GameToken Id="139022354" Name="Prototype_States.PlayerRepairedSatellite" Type="Bool" Value="false"/>
 <GameToken Id="2024096357" Name="Prototype_States.SatelliteQuestStart" Type="Bool" Value="false"/>
 <GameToken Id="1967267024" Name="WorldState.MagnetosphereRestored" Type="Bool" Value="false"/>
 <GameToken Id="187538615" Name="WorldState.PlayerStandingNearWindow" Type="Bool" Value="false"/>
 <GameToken Id="1512213883" Name="DeepStorage.PlayerRemovedTrackingChip" Type="Bool" Value="false"/>
 <GameToken Id="13774297" Name="DeepStorage.PlayerJettisoned" Type="Bool" Value="false"/>
 <GameToken Id="1887075112" Name="WorldState.PyrArmedDestructKeysFirst" Type="Bool" Value="false"/>
 <GameToken Id="650799548" Name="WorldState.PlyrArmedNullWaveFirst" Type="Bool" Value="false"/>
 <GameToken Id="403806031" Name="WorldState.PlayerArmedSelfDestructKeys" Type="Bool" Value="false"/>
 <GameToken Id="873356940" Name="WorldState.PlayerPlacedNullWave" Type="Bool" Value="false"/>
 <GameToken Id="904300671" Name="LifeSupport.PlayerInLifeSupport" Type="Bool" Value="false"/>
 <GameToken Id="764953340" Name="PowerSource_LevelProgression.PlayerInPowerPlant" Type="Bool" Value="false"/>
 <GameToken Id="1795330354" Name="PowerSource_LevelProgression.PP_OKForRepop1" Type="Bool" Value="false"/>
 <GameToken Id="1735907083" Name="CharacterFates.AlexStunnedByJanuary" Type="Bool" Value="false"/>
 <GameToken Id="1301833119" Name="CharacterFates.AlexDestroyedJanuary" Type="Bool" Value="false"/>
 <GameToken Id="1343758294" Name="Psychotronics.PlayerCompletedProcessOnPrisoner" Type="Bool" Value="false"/>
 <GameToken Id="858934585" Name="Arboretum.AlexReadyToTalkAtRailing" Type="Bool" Value="false"/>
 <GameToken Id="1825590349" Name="Arboretum.AlexLeftBunkerAfterDahlReachesHim" Type="Bool" Value="false"/>
 <GameToken Id="2117106954" Name="Arboretum.AlexBunkerDoorOpened" Type="Bool" Value="false"/>
 <GameToken Id="867583313" Name="Arboretum.Alex_ID" Type="Int" Value="0"/>
 <GameToken Id="1368178762" Name="Arboretum.AlexInSafeRoom" Type="Bool" Value="false"/>
 <GameToken Id="2084020720" Name="Arboretum.AlexSafeRoomDOorOpen" Type="Bool" Value="false"/>
 <GameToken Id="1861551678" Name="PlayerState.IsPsycho" Type="Bool" Value="false"/>
 <GameToken Id="1079478587" Name="DahlTeamStatus.DahlAndMorganTeamUp" Type="Bool" Value="false"/>
 <GameToken Id="1418372849" Name="CharacterFates.AlexAsphyxiated" Type="Bool" Value="false"/>
 <GameToken Id="422856516" Name="AlexAndDahlOutcomes.PlayerNearDahlInMedbay" Type="Bool" Value="false"/>
 <GameToken Id="1173240024" Name="Psychotronics.LockMimicExtractionDoor" Type="Bool" Value="false"/>
 <GameToken Id="2104533248" Name="Psychotronics.UnlockMimicExtractionDoor" Type="Bool" Value="false"/>
 <GameToken Id="492923710" Name="Psychotronics.MimicExtractionFirstCycleComplete" Type="Bool" Value="false"/>
 <GameToken Id="2042158627" Name="Psychotronics.MimicExtractionLightsOn" Type="Bool" Value="false"/>
 <GameToken Id="1867638788" Name="Arboretum.DahlMilitaryBot1_Destroyed" Type="Bool" Value="false"/>
 <GameToken Id="1991478789" Name="Arboretum.DahlMilitaryBot2_Destroyed" Type="Bool" Value="false"/>
 <GameToken Id="926765509" Name="Arboretum.DahlMilitaryBot3_Destroyed" Type="Bool" Value="false"/>
 <GameToken Id="566312287" Name="Arboretum.DahlHackingSafeRoomDoor" Type="Bool" Value="false"/>
 <GameToken Id="990415672" Name="Arboretum.DahlHackingFinished" Type="Bool" Value="false"/>
 <GameToken Id="1039695229" Name="WorldState.TalosDestructionTimeRemaining" Type="Float" Value="0.000000"/>
 <GameToken Id="1228741680" Name="Debug.LoadoutType" Type="String" Value="empty"/>
 <GameToken Id="796593879" Name="CharacterFates.MikhailaArrivedInOffice" Type="Bool" Value="false"/>
 <GameToken Id="1838001917" Name="CharacterFates.IgweArrivedInOffice" Type="Bool" Value="false"/>
 <GameToken Id="769518111" Name="DLC_Hooks.ShuttleDestroyed" Type="Bool" Value="false"/>
 <GameToken Id="1429872010" Name="SideObj_RunawayOperator.SideObjRunawayOperator_Caught" Type="Bool" Value="false"/>
 <GameToken Id="399849264" Name="LevelLoad.SimulationLabs" Type="Int" Value="0"/>
 <GameToken Id="187531779" Name="SimLab.Decontamination_SawMimicScene" Type="Bool" Value="false"/>
 <GameToken Id="2032007611" Name="Lobby.LiftAtTop" Type="Bool" Value="false"/>
 <GameToken Id="644485823" Name="Lobby.LiftAtMid" Type="Bool" Value="false"/>
 <GameToken Id="1212228199" Name="Lobby.LiftAtBottom" Type="Bool" Value="false"/>
 <GameToken Id="112214006" Name="CharacterFates.IgweAndMikAndJanuaryInOffice" Type="Bool" Value="false"/>
 <GameToken Id="1468270753" Name="CharacterFates.IgweAndMikInOffice" Type="Bool" Value="false"/>
 <GameToken Id="1317886235" Name="CharacterFates.IgweAndJanuaryInOffice" Type="Bool" Value="false"/>
 <GameToken Id="965372301" Name="CharacterFates.MikAndJanuaryInOffice" Type="Bool" Value="false"/>
 <GameToken Id="669973550" Name="CharacterFates.IgweAloneInOffice" Type="Bool" Value="false"/>
 <GameToken Id="1357499576" Name="CharacterFates.MikAloneInOffice" Type="Bool" Value="false"/>
 <GameToken Id="1239457026" Name="CharacterFates.JanuaryAloneInOffice" Type="Bool" Value="false"/>
 <GameToken Id="1777863651" Name="WorldState.ShuttleLeft" Type="Bool" Value="false"/>
 <GameToken Id="1433189403" Name="Lobby.MikGiftInOffice" Type="Bool" Value="false"/>
 <GameToken Id="166480615" Name="Lobby.IgweGiftInOffice" Type="Bool" Value="false"/>
 <GameToken Id="1411480817" Name="Psychotronics.MimicExtractionDoorPreparedToOpen" Type="Bool" Value="false"/>
 <GameToken Id="1762391380" Name="SideObj_RunawayOperator.RunawayOperatorSpawnedCrew" Type="Bool" Value="false"/>
 <GameToken Id="91049999" Name="SideObj_RunawayOperator.RunawayOperatorSpawnedLobby" Type="Bool" Value="false"/>
 <GameToken Id="298668457" Name="SideObj_RunawayOperator.RunawayOperatorSpawnedDeepStorage" Type="Bool" Value="false"/>
 <GameToken Id="1754964857" Name="SideObj_RunawayOperator.RunawayOperatorSpawnedLifeSupport" Type="Bool" Value="false"/>
 <GameToken Id="1644364888" Name="SideObj_RunawayOperator.RunawayOperatorSpawnedPower" Type="Bool" Value="false"/>
 <GameToken Id="798239333" Name="PlayerGear.DiscRiflePhase" Type="Int" Value="0"/>
 <GameToken Id="1075188092" Name="WorldState.SatelliteSignalUsed" Type="Bool" Value="false"/>
 <GameToken Id="251409780" Name="CharacterFates.AlexKnockedOut" Type="Bool" Value="false"/>
 <GameToken Id="828536512" Name="WorldState.IsCampaign" Type="Bool" Value="false"/>
 <GameToken Id="572859201" Name="WorldState.PsychoscopeCalibrationComplete" Type="Bool" Value="false"/>
 <GameToken Id="2086029806" Name="WorldState.PlayerHasPsychoscope" Type="Bool" Value="false"/>
 <GameToken Id="436835719" Name="CargoBay.AlienDoorOpened" Type="Bool" Value="false"/>
 <GameToken Id="924476825" Name="PowerSource_LevelProgression.PlayerPickedUpLanNguyen&apos;sTranScribe" Type="Bool" Value="false"/>
 <GameToken Id="1421222658" Name="Psychotronics.FirstVoltaic.ID" Type="Int" Value="0"/>
 <GameToken Id="585735054" Name="PlayerState.EscapedCooksTrap" Type="Bool" Value="false"/>
 <GameToken Id="1413129895" Name="CharacterFates.AlfredRoseDead" Type="Bool" Value="false"/>
 <GameToken Id="651297438" Name="CharacterFates.AustinCoolDead" Type="Bool" Value="false"/>
 <GameToken Id="164725461" Name="CharacterFates.DarcyMaddoxDead" Type="Bool" Value="false"/>
 <GameToken Id="1983794714" Name="CharacterFates.EkaterinaMulsaevDead" Type="Bool" Value="false"/>
 <GameToken Id="1074463772" Name="CharacterFates.KevinBrooksDead" Type="Bool" Value="false"/>
 <GameToken Id="749395434" Name="CharacterFates.SamHertzDead" Type="Bool" Value="false"/>
 <GameToken Id="773972724" Name="CharacterFates.TamikoHayashiDead" Type="Bool" Value="false"/>
 <GameToken Id="1736200116" Name="CargoBay.RemainingSurvivors" Type="Int" Value="7"/>
 <GameToken Id="1480792858" Name="WorldState.CargoBayOxygenFixedByNPC" Type="Bool" Value="false"/>
 <GameToken Id="373243810" Name="SimLab.HelipadWallsClimbable" Type="Bool" Value="false"/>
 <GameToken Id="143421459" Name="CargoBay.Gate1Active" Type="Bool" Value="false"/>
 <GameToken Id="962882190" Name="CargoBay.Gate2Active" Type="Bool" Value="false"/>
 <GameToken Id="1768899359" Name="SimLab.SkillRecorder_SR1_Engaged" Type="Bool" Value="false"/>
 <GameToken Id="1357021146" Name="SimLab.SkillRecorder_SR2_Engaged" Type="Bool" Value="false"/>
 <GameToken Id="393407414" Name="CrewFacility.CookIntroHasPlayed" Type="Bool" Value="false"/>
 <GameToken Id="1140315389" Name="CrewFacility.PlayerIsNearCafeteria" Type="Bool" Value="false"/>
 <GameToken Id="362247577" Name="WorldState.DahlIgweHeadingToShuttle" Type="Bool" Value="false"/>
 <GameToken Id="1654304881" Name="PlayerState.TSMorganAlexBackstoryPlayed" Type="Bool" Value="false"/>
 <GameToken Id="924817064" Name="CrewFacility.AllCafeteriaEnemiesDead" Type="Bool" Value="false"/>
 <GameToken Id="1050880533" Name="Psychotronics.CeilingNest1.ID" Type="Int" Value="0"/>
 <GameToken Id="739673595" Name="Psychotronics.CeilingNest2.ID" Type="Int" Value="0"/>
 <GameToken Id="346743454" Name="Psychotronics.CeilingNest3.ID" Type="Int" Value="0"/>
 <GameToken Id="159242791" Name="Psychotronics.CeilingNest4.ID" Type="Int" Value="0"/>
 <GameToken Id="355274345" Name="SimLab.Apartment_ShowerOn" Type="Bool" Value="false"/>
 <GameToken Id="2003081409" Name="SimLab.Apartment_Sink1On" Type="Bool" Value="false"/>
 <GameToken Id="1965172376" Name="SimLab.Apartment_Sink2On" Type="Bool" Value="false"/>
 <GameToken Id="1015720218" Name="SimLab.Apartment_StoveOn" Type="Bool" Value="false"/>
 <GameToken Id="178954949" Name="Fabricator.NumNeuromodsFabricated" Type="Int" Value="0"/>
 <GameToken Id="548913614" Name="Fabricator.TriggerGravesQuest" Type="Bool" Value="false"/>
 <GameToken Id="1450935158" Name="PowerSource_LevelProgression.MikhailaDiedFromLackOfMeds" Type="Bool" Value="false"/>
 <GameToken Id="388867167" Name="Trauma.PlayerHasEnteredTrauma" Type="Bool" Value="false"/>
 <GameToken Id="1275641814" Name="Lobby.ElevatorUsedForFirstTime" Type="Bool" Value="false"/>
 <GameToken Id="1350075560" Name="Psychotronics.PlayerVisitedAtrium" Type="Bool" Value="false"/>
 <GameToken Id="1653246854" Name="PlayerState.ChoseFocusAsFirstAbility" Type="Bool" Value="false"/>
 <GameToken Id="842226508" Name="CrewFacility.PlayerHasCookItem" Type="Bool" Value="false"/>
 <GameToken Id="1001452335" Name="CrewFacility.PlayerShowedItemToCook" Type="Bool" Value="false"/>
 <GameToken Id="512735018" Name="PowerSource_LevelProgression.StartMikhailaDeathCounter" Type="Bool" Value="false"/>
 <GameToken Id="779423330" Name="Guts.MicrogravityFluctuating" Type="Bool" Value="false"/>
 <GameToken Id="1542966117" Name="Lobby.PlayerInTrauma" Type="Bool" Value="false"/>
 <GameToken Id="918272537" Name="CrewFacility.Telepath1" Type="Int" Value="0"/>
 <GameToken Id="1251960788" Name="PlayerState.ApexVisionCount" Type="Int" Value="0"/>
 <GameToken Id="120809408" Name="PlayerState.AlienPowerThresholdLow" Type="Int" Value="1"/>
 <GameToken Id="415178336" Name="PlayerState.AlienPowerThresholdMedium" Type="Int" Value="5"/>
 <GameToken Id="1168891470" Name="PlayerState.AlienPowerThresholdHigh" Type="Int" Value="10"/>
 <GameToken Id="714789398" Name="CargoBay.AustinCoolIntro_Played" Type="Bool" Value="false"/>
 <GameToken Id="84866046" Name="CargoBay.SarahIntro_Played" Type="Bool" Value="false"/>
 <GameToken Id="1448239399" Name="SimLab.GotEscapeKeyBeforeDecemberCalled" Type="Bool" Value="false"/>
 <GameToken Id="1468501557" Name="AlexAndDahlOutcomes.DahlBot2_ReachedIndex" Type="Int" Value="0"/>
 <GameToken Id="1250455363" Name="AlexAndDahlOutcomes.DahlBot3_ReachedIndex" Type="Int" Value="0"/>
 <GameToken Id="1751136066" Name="CargoBay.IgweCrateDocked" Type="Bool" Value="false"/>
 <GameToken Id="621571190" Name="DS_GrantsChipDestroyed" Type="Bool" Value="false"/>
 <GameToken Id="1068042886" Name="Tutorials.HasCombatTutorialTriggered" Type="Bool" Value="false"/>
 <GameToken Id="950438610" Name="Tutorials.HasPlayTutorialTriggered" Type="Bool" Value="false"/>
 <GameToken Id="25674397" Name="Tutorials.HasFlashlightTutorialTriggered" Type="Bool" Value="false"/>
 <GameToken Id="1118468359" Name="CharacterFates.IgweUnconsciousSimLabs" Type="Bool" Value="false"/>
 <GameToken Id="2067707504" Name="WorldState.AllowSaveGame" Type="Bool" Value="false"/>
 <GameToken Id="2040982964" Name="AirlockStates.AirlockSealedInternally_ShuttleBay" Type="Bool" Value="true"/>
 <GameToken Id="1780726777" Name="AirlockStates.AirlockSealedInternally_HardwareLabs" Type="Bool" Value="true"/>
 <GameToken Id="2123749992" Name="AirlockStates.AirlockSealedInternally_PowerSource" Type="Bool" Value="true"/>
 <GameToken Id="709172748" Name="AirlockStates.AirlockSealedInternally_Arboretum" Type="Bool" Value="true"/>
 <GameToken Id="445174779" Name="AirlockStates.AirlockSealedInternally_Psychotronics" Type="Bool" Value="true"/>
 <GameToken Id="362247578" Name="WorldState.AlexLockdownInEffect" Type="Bool" Value="false"/>
 <GameToken Id="579775537" Name="CargoBay.SarahIgweReady" Type="Bool" Value="false"/>
 <GameToken Id="1492756950" Name="PowerSource_LevelProgression.MikhailaRescuedEarly" Type="Bool" Value="false"/>
 <GameToken Id="251244826" Name="Lobby.TechnoPathDeadForElevator" Type="Bool" Value="false"/>
 <GameToken Id="590965101" Name="Lobby.ElevatorCurrentlyFUBARByAlex" Type="Bool" Value="false"/>
 <GameToken Id="628625799" Name="CargoBay.AlfredPatrolRoute" Type="Int" Value="0"/>
 <GameToken Id="1277397885" Name="WorldState.HullBreachSealed" Type="Bool" Value="false"/>
 <GameToken Id="412351937" Name="WorldState.CargoBayExteriorCaveOn" Type="Bool" Value="false"/>
 <GameToken Id="1255757284" Name="PlayerGear.PlayerHasZeroGFabPlan" Type="Bool" Value="false"/>
 <GameToken Id="1205543034" Name="PlayerState.PlayerMetDanielleSho" Type="Bool" Value="false"/>
 <GameToken Id="1026571979" Name="Guts.GUTsProcessingOnline" Type="Bool" Value="false"/>
 <GameToken Id="267509542" Name="Guts.CargoBayProcessingOnline" Type="Bool" Value="false"/>
 <GameToken Id="1634512874" Name="Guts.ProcessingReinitialized" Type="Bool" Value="false"/>
 <GameToken Id="396991602" Name="SimLab.PickedUpDecemberNote" Type="Bool" Value="false"/>
 <GameToken Id="485328027" Name="CharacterFates.DecemberDied" Type="Bool" Value="false"/>
 <GameToken Id="749395435" Name="CharacterFates.DanielleShoDead" Type="Bool" Value="false"/>
 <GameToken Id="1234233823" Name="WorldState.UsingSkipCheats" Type="Bool" Value="false"/>
 <GameToken Id="22214303" Name="CharacterFates.JanuaryCommentedOnMikhailasDeath" Type="Bool" Value="false"/>
 <GameToken Id="1387412443" Name="WorldState.TalosSelfDestructTime" Type="Float" Value="8.000000"/>
 <GameToken Id="361616186" Name="PlayerState.PlayerHasEscapePodKey" Type="Bool" Value="false"/>
 <GameToken Id="526435724" Name="Lobby.MikHatesThePlayer" Type="Bool" Value="false"/>
 <GameToken Id="1017937291" Name="CharacterFates.AaronIngramDied" Type="Bool" Value="false"/>
 <GameToken Id="1407697100" Name="CharacterFates.PlayerKilledMikhaila" Type="Bool" Value="false"/>
 <GameToken Id="630234864" Name="PlayerState.PlayerEmpathyQuotientLow" Type="Bool" Value="false"/>
 <GameToken Id="1510170003" Name="PlayerState.PlayerEmpathyQuotientMed" Type="Bool" Value="false"/>
 <GameToken Id="1834917329" Name="PlayerState.PlayerEmpathyQuotientHigh" Type="Bool" Value="false"/>
 <GameToken Id="1693655549" Name="CharacterFates.PlayerDecidedIngramsFate" Type="Bool" Value="false"/>
 <GameToken Id="144765795" Name="PlayerState.LotsOfAliensKilled" Type="Bool" Value="false"/>
 <GameToken Id="698304551" Name="CharacterFates.PlayerKilledAlex" Type="Bool" Value="false"/>
 <GameToken Id="1592470550" Name="CharacterFates.PlayerKilledSarah" Type="Bool" Value="false"/>
 <GameToken Id="2139199393" Name="CharacterFates.PlayerKilledCook" Type="Bool" Value="false"/>
 <GameToken Id="1466227999" Name="PlayerState.PlayerMetCook" Type="Bool" Value="false"/>
 <GameToken Id="1820892482" Name="CharacterFates.IgweSuffocating_NotDeadYet" Type="Float" Value="0.250000"/>
 <GameToken Id="622684645" Name="Arboretum.AlexLeftBunker" Type="Bool" Value="false"/>
 <GameToken Id="474640043" Name="CrewFacility.PlayerHeardDanielleSessionLog" Type="Bool" Value="false"/>
 <GameToken Id="283946449" Name="Exterior.PlayerIsInsideCave" Type="Bool" Value="false"/>
 <GameToken Id="1536850956" Name="CrewFacility.NumCafeHumansAsleep" Type="Int" Value="0"/>
 <GameToken Id="152169493" Name="CrewFacility.NumCafeHumansDead" Type="Int" Value="0"/>
 <GameToken Id="759693852" Name="CrewFacility.NumCafeHumans" Type="Int" Value="0"/>
 <GameToken Id="1559954010" Name="CrewFacility.NumCafeHumansDealtWith" Type="Int" Value="0"/>
 <GameToken Id="115467968" Name="CharacterFates.JanuaryOnBridge" Type="Bool" Value="false"/>
 <GameToken Id="1058508701" Name="SimLab.Helipad_RotorsOn" Type="Bool" Value="false"/>
 <GameToken Id="2072810275" Name="CharacterFates.PlayerKilledIgwe" Type="Bool" Value="false"/>
 <GameToken Id="1737588912" Name="PlayerState.SignificantNumMCHumansRescued" Type="Bool" Value="false"/>
 <GameToken Id="502471668" Name="CharacterFates.PlayerKilledIngram" Type="Bool" Value="false"/>
 <GameToken Id="377681153" Name="Arboretum.DahlHackTimeLeft" Type="Float" Value="0.000000"/>
 <GameToken Id="1916616842" Name="Arboretum.DahlHackStartedWhilePlyrInArboretum" Type="Bool" Value="false"/>
 <GameToken Id="1713385388" Name="Arboretum.PlayerHeardHackerTranscribe" Type="Bool" Value="false"/>
 <GameToken Id="845016855" Name="Arboretum.CrewFacilitiesLocked" Type="Bool" Value="false"/>
 <GameToken Id="1219265355" Name="Lobby.MorganLGBroken" Type="Bool" Value="false"/>
 <GameToken Id="576421266" Name="Lobby.LGShutterIsDown" Type="Bool" Value="false"/>
 <GameToken Id="300198263" Name="CrewFacility.PlayerListenedToFowlesTS" Type="Bool" Value="false"/>
 <GameToken Id="1815465679" Name="CrewFacility.PlayerHeardBringMeFood" Type="Bool" Value="false"/>
 <GameToken Id="835757218" Name="Prototype_States.PlayerSpottedCalvino" Type="Bool" Value="false"/>
 <GameToken Id="661625520" Name="CrewFacility.PlayerGotVoiceCodeFromDanielle" Type="Bool" Value="false"/>
 <GameToken Id="131510989" Name="CrewFacility.Telepath2Dead" Type="Bool" Value="false"/>
 <GameToken Id="439839241" Name="Prototype_States.Pre-PlayerHasSatelliteItem" Type="Bool" Value="false"/>
 <GameToken Id="1639135150" Name="DeepStorage.DSLocked" Type="Bool" Value="false"/>
 <GameToken Id="1221725952" Name="CrewFacility.YellowTulipPowerOn" Type="Bool" Value="false"/>
 <GameToken Id="1779550265" Name="CrewFacility.PlayerRepairedRegulator" Type="Bool" Value="false"/>
 <GameToken Id="1751063744" Name="CrewFacility.PlayerLeftKitchenToGetRegulator" Type="Bool" Value="false"/>
 <GameToken Id="116542086" Name="CrewFacility.PlayerResolvedRegulatorInAnyWay" Type="Bool" Value="false"/>
 <GameToken Id="2058351678" Name="PlayerState.PlayerHasVirus" Type="Bool" Value="false"/>
 <GameToken Id="298830736" Name="CrewFacility.NPCS_Skillet" Type="Int" Value="0"/>
 <GameToken Id="1210614263" Name="Arboretum.SuperFruit1Scale" Type="Float" Value="0.000000"/>
 <GameToken Id="1321005913" Name="Arboretum.SuperFruit2Scale" Type="Float" Value="0.000000"/>
 <GameToken Id="1429027321" Name="Arboretum.SuperFruit1_Growing" Type="Bool" Value="false"/>
 <GameToken Id="1822426428" Name="Arboretum.SuperFruit2_Growing" Type="Bool" Value="false"/>
 <GameToken Id="1077907595" Name="Arboretum.SuperFruit1_GrowthTimeElapsed" Type="Float" Value="0.000000"/>
 <GameToken Id="1667831330" Name="Arboretum.SuperFruit2_GrowthTimeElapsed" Type="Int" Value="0"/>
 <GameToken Id="1751978557" Name="CrewFacility.NPCS_Danielle" Type="Int" Value="0"/>
 <GameToken Id="1747690774" Name="CharacterFates.CookStunned" Type="Bool" Value="false"/>
 <GameToken Id="1950042334" Name="CrewFacility.Tasks_Sample_DaniellesRoom" Type="Int" Value="0"/>
 <GameToken Id="47704732" Name="CrewFacility.Tasks_InvestigateForClues" Type="Int" Value="0"/>
 <GameToken Id="1722284866" Name="CrewFacility.Tasks_Sample_AbbyRoom" Type="Int" Value="0"/>
 <GameToken Id="2119089460" Name="CrewFacility.Tasks_Sample_Band" Type="Int" Value="0"/>
 <GameToken Id="1365131502" Name="CrewFacility.Tasks_Sample_Emma_A" Type="Int" Value="0"/>
 <GameToken Id="439550613" Name="CrewFacility.Tasks_Sample_GamingTable" Type="Int" Value="0"/>
 <GameToken Id="439881951" Name="CrewFacility.Tasks_Sample_SkysPod" Type="Int" Value="0"/>
 <GameToken Id="2045024883" Name="CrewFacility.Tasks_Sample_Theater" Type="Int" Value="0"/>
 <GameToken Id="1212416074" Name="Exterior.ReadLillyNote" Type="Bool" Value="false"/>
 <GameToken Id="1987163282" Name="Arboretum.CreatedGrowthPellet" Type="Bool" Value="false"/>
 <GameToken Id="554314032" Name="CrewFacility.VoiceLock_Word1" Type="Int" Value="0"/>
 <GameToken Id="939751562" Name="CrewFacility.VoiceLock_Word2" Type="Int" Value="0"/>
 <GameToken Id="1325680668" Name="CrewFacility.VoiceLock_Word3" Type="Int" Value="0"/>
 <GameToken Id="1365302719" Name="CrewFacility.VoiceLock_Word4" Type="Int" Value="0"/>
 <GameToken Id="644345129" Name="CrewFacility.VoiceLock_Word5" Type="Int" Value="0"/>
 <GameToken Id="1552369694" Name="Guts.ContainerCode0715" Type="Bool" Value="false"/>
 <GameToken Id="746385031" Name="Guts.ContainerCode9911" Type="Bool" Value="false"/>
 <GameToken Id="23660906" Name="Guts.ContainerCode1817" Type="Bool" Value="false"/>
 <GameToken Id="503664634" Name="Guts.ContainerCode4482" Type="Bool" Value="false"/>
 <GameToken Id="1090088887" Name="Guts.ContainerCode6294" Type="Bool" Value="false"/>
 <GameToken Id="929874670" Name="Guts.ContainerCode1228" Type="Bool" Value="false"/>
 <GameToken Id="1150528296" Name="Guts.ContainerCode6473" Type="Bool" Value="false"/>
 <GameToken Id="2114789073" Name="Guts.ContainerCode7377" Type="Bool" Value="false"/>
 <GameToken Id="908298509" Name="AlexAndDahlOutcomes.DahlAmbushOn" Type="Bool" Value="false"/>
 <GameToken Id="358076143" Name="Arboretum.ZeroG_NoOxygen" Type="Bool" Value="false"/>
 <GameToken Id="346120218" Name="AlexAndDahlOutcomes.DahlKnockedOutInArboretum" Type="Bool" Value="false"/>
 <GameToken Id="1798961861" Name="Tutorials.HasAirlockTutorialTriggered" Type="Bool" Value="false"/>
 <GameToken Id="108005227" Name="Achievements.IAndThouAchieved" Type="Bool" Value="false"/>
 <GameToken Id="994018485" Name="Bridge.ShuttleAdventTimerString" Type="Bool" Value="false"/>
 <GameToken Id="1909814834" Name="SideObj_SmugglerQuest.FoundAllSmugglerDrops" Type="Bool" Value="false"/>
 <GameToken Id="1498702314" Name="Bridge.CountSeconds" Type="Bool" Value="false"/>
 <GameToken Id="588439301" Name="Arboretum.NightmareSpawnedInArboretum" Type="Bool" Value="false"/>
 <GameToken Id="1824453771" Name="SimLab.TestFacilities_ElevatorDoorsInPlace" Type="Bool" Value="true"/>
 <GameToken Id="862381485" Name="PlayerState.PlayerPickedUpPyschoscope" Type="Bool" Value="false"/>
 <GameToken Id="1149279026" Name="Arboretum.GrantLockwoodFound" Type="Bool" Value="false"/>
 <GameToken Id="428263371" Name="SimLab.Apartment_BlindsUp" Type="Bool" Value="false"/>
 <GameToken Id="1922621784" Name="Exterior.PP_TelepathDead" Type="Bool" Value="false"/>
 <GameToken Id="446528535" Name="CrewFacility.GameInformerDemo" Type="Bool" Value="false"/>
 <GameToken Id="94546650" Name="Exterior.CQ_TechnopathDead" Type="Bool" Value="false"/>
 <GameToken Id="417809741" Name="WorldState.EnableEquipAnimations" Type="Bool" Value="true"/>
 <GameToken Id="393776120" Name="PlayerState.PickedUpScanCoralChipset" Type="Bool" Value="false"/>
 <GameToken Id="1004094141" Name="PlayerState.InstalledScanCoralChipset" Type="Bool" Value="false"/>
 <GameToken Id="1965374342" Name="LifeSupport.DahlKOedInLifeSupport" Type="Bool" Value="false"/>
 <GameToken Id="1546502705" Name="CrewFacility.LukaGaveCabinKeycard" Type="Bool" Value="false"/>
 <GameToken Id="2000527564" Name="AlexAndDahlOutcomes.DahlInAlexBunker" Type="Bool" Value="false"/>
 <GameToken Id="720453461" Name="CrewFacility.LukaInStirringLoop" Type="Bool" Value="false"/>
 <GameToken Id="1809620129" Name="Arboretum.LoversDoorOpened" Type="Bool" Value="false"/>
 <GameToken Id="1382109883" Name="PlayerState.PlayerHasMikhailaMeds" Type="Bool" Value="false"/>
 <GameToken Id="1081526301" Name="CrewFacility.Telepath1Dead" Type="Bool" Value="false"/>
 <GameToken Id="1953366357" Name="ShuttleBay.GotRewardForEscapePod" Type="Bool" Value="false"/>
 <GameToken Id="2096658653" Name="Prototype_States.PlayerFoundBrokenSatellite" Type="Bool" Value="false"/>
 <GameToken Id="1924492840" Name="Psychotronics.PlayerEnteredMaterialStorage" Type="Bool" Value="false"/>
 <GameToken Id="910048798" Name="CrewFacility.NicoleHagueSpawnEarly" Type="Bool" Value="false"/>
 <GameToken Id="469128405" Name="SideObj_SmugglerQuest.SmugglerDropCount" Type="Int" Value="0"/>
 <GameToken Id="1391021953" Name="CrewFacility.LukaIsWaitingForAward" Type="Bool" Value="false"/>
 <GameToken Id="920556102" Name="PowerSource_LevelProgression.SelfDestructHatchOpen" Type="Bool" Value="false"/>
 <GameToken Id="979790032" Name="CharacterFates.IgweMessageHeard" Type="Bool" Value="false"/>
 <GameToken Id="843504577" Name="WorldState.PsychotronicsOxygenOffTooLong" Type="Bool" Value="false"/>
 <GameToken Id="1659447030" Name="Arboretum.AlexInHisOffice" Type="Bool" Value="false"/>
 <GameToken Id="1372047655" Name="Nightmare.NightmareID" Type="Int" Value="0"/>
 <GameToken Id="2106252930" Name="Arboretum.TalkedToRani" Type="Bool" Value="false"/>
 <GameToken Id="1018317790" Name="CharacterFates.RaniDied" Type="Bool" Value="false"/>
 <GameToken Id="1307177912" Name="CharacterFates.RaniKnockedOut" Type="Bool" Value="false"/>
 <GameToken Id="449426751" Name="SideObj_GoldenGun.HaveGoldenGun" Type="Bool" Value="false"/>
 <GameToken Id="2032961082" Name="CargoBay.AlienDoorHacked" Type="Bool" Value="false"/>
 <GameToken Id="879356253" Name="Guts.PlayerListenedToBlackboxTS" Type="Bool" Value="false"/>
 <GameToken Id="1802534368" Name="Arboretum.OpenedWeaponsCloset" Type="Bool" Value="false"/>
 <GameToken Id="64784571" Name="PowerSource_LevelProgression.ActivateReturnMedsToMikhaila" Type="Bool" Value="false"/>
 <GameToken Id="284543146" Name="CargoBay.KevinHagueID" Type="Int" Value="0"/>
 <GameToken Id="1553393856" Name="CrewFacility.PlayerHasConnectome" Type="Bool" Value="false"/>
 <GameToken Id="1068495169" Name="Psychotronics.ReadRapSheet" Type="Bool" Value="false"/>
 <GameToken Id="1825649227" Name="CharacterFates.TrevorYoungTelepathKilled" Type="Bool" Value="false"/>
 <GameToken Id="1590340168" Name="PowerSource_LevelProgression.PP_RebootPlayedOnce" Type="Bool" Value="false"/>
 <GameToken Id="1599053093" Name="Lobby.PlayerWatched2ndHalfVideo" Type="Bool" Value="false"/>
 <GameToken Id="1168710275" Name="CargoBay.CaptureVolumeNeverLoad" Type="Bool" Value="false"/>
 <GameToken Id="1055967760" Name="System.SYSTEM_ALWAYS_FALSE" Type="Bool" Value="false"/>
 <GameToken Id="1309346404" Name="ShuttleBay.FoundHunterHale" Type="Bool" Value="false"/>
 <GameToken Id="710071565" Name="CargoBay.PlayerHasHagueWeddingRing" Type="Bool" Value="false"/>
 <GameToken Id="239446249" Name="WorldState.PowerPlantOxygenOffTooLong" Type="Bool" Value="false"/>
 <GameToken Id="580420186" Name="Tutorials.HasCombatFocusTutorial" Type="Bool" Value="false"/>
 <GameToken Id="1880272787" Name="CharacterFates.SecurityChiefStunned" Type="Bool" Value="false"/>
 <GameToken Id="1756812510" Name="CrewFacility.NPCS_Luka" Type="Int" Value="0"/>
 <GameToken Id="1406205478" Name="SimLab.NPCS_Kaspar" Type="Int" Value="0"/>
 <GameToken Id="1926486141" Name="Bridge.JanuaryKilledByPlayer" Type="String" Value="false"/>
 <GameToken Id="1497449407" Name="Guts.AlexAddressingSurvivors" Type="Bool" Value="false"/>
 <GameToken Id="922494432" Name="CargoBay.TurretsAvailableInt" Type="Bool" Value="false"/>
 <GameToken Id="946640688" Name="Bridge.AlexDestructLoiterReady" Type="Bool" Value="false"/>
 <GameToken Id="1227736218" Name="Prototype_States.CalvinoRecycled" Type="Bool" Value="false"/>
 <GameToken Id="1858002988" Name="Prototype_States.CalvinoRecycledInHall" Type="Bool" Value="false"/>
 <GameToken Id="1261858621" Name="CargoBay.CurrentActiveCrate1" Type="Int" Value="0"/>
 <GameToken Id="624430609" Name="CargoBay.CurrentActiveCrate2" Type="Int" Value="0"/>
 <GameToken Id="1199690352" Name="CargoBay.Dialog_UsedMedicalDispenser" Type="Bool" Value="false"/>
 <GameToken Id="1058263810" Name="PlayerState.DeadlyCombosTutorialState" Type="String" Value="disabled"/>
 <GameToken Id="557396467" Name="Arboretum.FruitGrowthCurrentTime" Type="Float" Value="0.000000"/>
 <GameToken Id="338021046" Name="Arboretum.FruitTextureState" Type="Int" Value="0"/>
 <GameToken Id="1521468593" Name="WorldState.ImportantConversationPlaying" Type="Bool" Value="false"/>
 <GameToken Id="1163136136" Name="CargoBay.CountBrokenTurrets" Type="Int" Value="0"/>
 <GameToken Id="1286488665" Name="CargoBay.CountUndeployedTurrets" Type="Int" Value="0"/>
 <GameToken Id="1858177923" Name="PlayerState.EmpathyQuotient" Type="Int" Value="0"/>
 <GameToken Id="804058823" Name="PlayerState.PlayerIsMimic" Type="Bool" Value="false"/>
 <GameToken Id="1074463773" Name="CharacterFates.EkaterinaMulsaevKilledByPlayer" Type="Bool" Value="false"/>
 <GameToken Id="1049057356" Name="CharacterFates.TamikoHayashiKilledByPlayer" Type="Bool" Value="false"/>
 <GameToken Id="773972725" Name="CharacterFates.SamHertzKilledByPlayer" Type="Bool" Value="false"/>
 <GameToken Id="1838787211" Name="CharacterFates.DarcyMaddoxKilledByPlayer" Type="Bool" Value="false"/>
 <GameToken Id="651297439" Name="CharacterFates.AlfredRoseKilledByPlayer" Type="Bool" Value="false"/>
 <GameToken Id="164725462" Name="CharacterFates.AustinCoolKilledByPlayer" Type="Bool" Value="false"/>
 <GameToken Id="749395436" Name="CharacterFates.KevinBrooksKilledByPlayer" Type="Bool" Value="false"/>
 <GameToken Id="1274748772" Name="CharacterFates.CorruptedHumansSaved" Type="Int" Value="0"/>
 <GameToken Id="945083617" Name="CharacterFates.RodneyPooleKnockedOut" Type="Bool" Value="false"/>
 <GameToken Id="1435359208" Name="CharacterFates.EdenaBurtonKnockedOut" Type="Bool" Value="false"/>
 <GameToken Id="1152416488" Name="CharacterFates.MickeyPittKnockedOut" Type="Bool" Value="false"/>
 <GameToken Id="946640689" Name="Bridge.PlayerHasEscapePlan" Type="Bool" Value="false"/>
 <GameToken Id="946640690" Name="Bridge.DestructConvoInterrupted" Type="Bool" Value="false"/>
 <GameToken Id="1382288074" Name="CharacterFates.TrevorYoungKnockedOut" Type="Bool" Value="false"/>
 <GameToken Id="1788550867" Name="CharacterFates.CalebHawthorneKnockedOut" Type="Bool" Value="false"/>
 <GameToken Id="892161557" Name="CharacterFates.LisaLarsonKnockedOut" Type="Bool" Value="false"/>
 <GameToken Id="1900920331" Name="CharacterFates.VincentSchubelKnockedOut" Type="Bool" Value="false"/>
 <GameToken Id="1976990095" Name="CharacterFates.FranzKlingerKnockedOut" Type="Bool" Value="false"/>
 <GameToken Id="1738365462" Name="CharacterFates.IndigoLake" Type="Bool" Value="false"/>
 <GameToken Id="992599599" Name="CharacterFates.PhongVuKnockedOut" Type="Bool" Value="false"/>
 <GameToken Id="1567457285" Name="CharacterFates.JillianQuiggKnockedOut" Type="Bool" Value="false"/>
 <GameToken Id="497402893" Name="CharacterFates.BernardGriffith" Type="Bool" Value="false"/>
 <GameToken Id="1919580081" Name="CharacterFates.CarlosPopingaKnockedOut" Type="Bool" Value="false"/>
 <GameToken Id="645697201" Name="CharacterFates.DavidBranchKnockedOut" Type="Bool" Value="false"/>
 <GameToken Id="784316740" Name="CharacterFates.GarySnowKnockedOut" Type="Bool" Value="false"/>
 <GameToken Id="945699614" Name="CharacterFates.OliverBenoitKnockedOut" Type="Bool" Value="false"/>
 <GameToken Id="419412175" Name="CharacterFates.IkeStewartKnockedOut" Type="Bool" Value="false"/>
 <GameToken Id="48732951" Name="CharacterFates.ReginaSellersKnockedOut" Type="Bool" Value="false"/>
 <GameToken Id="420168053" Name="CharacterFates.DanielLandonKnockedOut" Type="Bool" Value="false"/>
 <GameToken Id="1962460398" Name="CharacterFates.SalmonKalpoorKnockedOut" Type="Bool" Value="false"/>
 <GameToken Id="205581146" Name="CharacterFates.HarveyClausenKnockedOut" Type="Bool" Value="false"/>
 <GameToken Id="923643181" Name="LifeSupport.SteveFolsonKnockedOut" Type="Bool" Value="false"/>
 <GameToken Id="1727250195" Name="LifeSupport.HarleyGraingerKnockedOut" Type="Bool" Value="false"/>
 <GameToken Id="1665315932" Name="LifeSupport.MaxineFordKnockedOut" Type="Bool" Value="false"/>
 <GameToken Id="1665315933" Name="LifeSupport.RichardCoveneyKnockedOut" Type="Bool" Value="false"/>
 <GameToken Id="693408794" Name="SimLab.Fabrication_PlayerCancelledRevokation" Type="Bool" Value="false"/>
 <GameToken Id="1691064533" Name="CharacterFates.IgweCrateHidden" Type="Bool" Value="false"/>
 <GameToken Id="637770385" Name="CargoBay.IgweCrateHidden" Type="Bool" Value="false"/>
 <GameToken Id="1622513056" Name="Prototype_States.Satellite1stChargeUsed" Type="Bool" Value="false"/>
 <GameToken Id="1631506871" Name="Prototype_States.Satellite2ndChargeUsed" Type="Bool" Value="false"/>
 <GameToken Id="901425231" Name="Prototype_States.Satellite3rdChargeUsed" Type="Bool" Value="false"/>
 <GameToken Id="770611504" Name="Prototype_States.Satellite4thChargeUsed" Type="Bool" Value="false"/>
 <GameToken Id="1419272717" Name="CharacterFates.SecurityChiefHatesPlayer" Type="Bool" Value="false"/>
 <GameToken Id="1539999206" Name="Tutorials.HasUsedWheel" Type="Bool" Value="false"/>
 <GameToken Id="946640691" Name="Bridge.ShuttleAdventTimerStarted" Type="Bool" Value="false"/>
 <GameToken Id="1469750507" Name="CargoBay.TurretThresholdReached" Type="Bool" Value="false"/>
 <GameToken Id="1545522165" Name="ShuttleBay.PodEscapeFailedTrackviewPlaying" Type="Bool" Value="false"/>
 <GameToken Id="1421409232" Name="WorldState.CrewNightmareSpawnsEnabled" Type="Bool" Value="false"/>
 <GameToken Id="419816307" Name="Arboretum.DahlDiedInArboretum" Type="Bool" Value="false"/>
 <GameToken Id="76196784" Name="Arboretum.DahlBunkerDoorStartedOpening" Type="Bool" Value="false"/>
 <GameToken Id="2110243295" Name="CargoBay.RaniSpawnsInCargo" Type="Bool" Value="false"/>
 <GameToken Id="190458612" Name="Lobby.MikListeningToLog" Type="Bool" Value="false"/>
 <GameToken Id="1870474217" Name="CargoBay.CargoCaveWeaver_Dead" Type="Bool" Value="false"/>
 <GameToken Id="331365694" Name="Arboretum.GlobalPlayerInAlexOffice" Type="Bool" Value="false"/>
 <GameToken Id="1870474218" Name="CargoBay.SarahID" Type="Int" Value="0"/>
 <GameToken Id="641757402" Name="CargoBay.IgweID" Type="Int" Value="0"/>
 <GameToken Id="1074463774" Name="CharacterFates.EkaterinaMulsaevStunned" Type="Bool" Value="false"/>
 <GameToken Id="1891147264" Name="Bridge.AlexKnockedOut" Type="Bool" Value="false"/>
 <GameToken Id="2029265786" Name="Arboretum.PlayerInsideAlexBunker" Type="Bool" Value="false"/>
 <GameToken Id="525256573" Name="Arboretum.AlexSecuredInSafeRoom" Type="Bool" Value="false"/>
 <GameToken Id="1889894693" Name="CargoBay.AlfredDialogCheck" Type="Int" Value="0"/>
 <GameToken Id="2002170314" Name="CharacterFates.PlayerKilledJanuary" Type="Bool" Value="false"/>
 <GameToken Id="1346525806" Name="Lobby.DeadMikhailaOutOfOffice" Type="Int" Value="0"/>
 <GameToken Id="864740774" Name="Lobby.DeadIgweOutOfOffice" Type="Int" Value="0"/>
 <GameToken Id="359985844" Name="Lobby.DeadJanuaryOutOfOffice" Type="Int" Value="0"/>
 <GameToken Id="1392167890" Name="CrewFacility.PlayerAllowedInKitchen" Type="Bool" Value="false"/>
 <GameToken Id="2123473909" Name="Bridge.LukaKnockedOut" Type="Bool" Value="false"/>
 <GameToken Id="749395437" Name="CharacterFates.KevinBrooksStunned" Type="Bool" Value="false"/>
 <GameToken Id="9858146" Name="CrewFacility.LukaInKitchen" Type="Bool" Value="true"/>
 <GameToken Id="292687834" Name="SimLab.NPCS_Jovan" Type="Int" Value="0"/>
 <GameToken Id="1479027348" Name="CharacterFates.IngramFreed" Type="Bool" Value="false"/>
 <GameToken Id="209269032" Name="CrewFacility.PlayerAllowedInFreezer" Type="Bool" Value="false"/>
 <GameToken Id="1829870908" Name="CrewFacility.LukaIsNearShutters" Type="Bool" Value="true"/>
 <GameToken Id="1673118524" Name="PlayerState.PlayerHasAtLeastOneAlienAbility" Type="Bool" Value="false"/>
 <GameToken Id="1507606111" Name="CargoBay.SarahIntro_Active" Type="Int" Value="0"/>
 <GameToken Id="614989273" Name="CharacterFates.HumansCountingTowardShuttle" Type="Int" Value="0"/>
 <GameToken Id="357118045" Name="SimLab.NPCS_Diyva" Type="Int" Value="0"/>
 <GameToken Id="1891147265" Name="Bridge.AlexOutOfThePicture" Type="Bool" Value="false"/>
 <GameToken Id="371903500" Name="Bridge.JanuaryOutOfThePicture" Type="Bool" Value="false"/>
 <GameToken Id="1404780304" Name="Lobby.DecemberFailedContact" Type="Bool" Value="false"/>
 <GameToken Id="1158433265" Name="WorldState.JanuaryFirstAirlockTranscribePlayed" Type="Bool" Value="false"/>
 <GameToken Id="645007382" Name="CharacterFates.CookDiedStunnedAggrod" Type="Bool" Value="false"/>
 <GameToken Id="979824675" Name="PlayerState.PlayerAcquiredBigNullWaveFabPlan" Type="Bool" Value="false"/>
 <GameToken Id="9484718" Name="CharacterFates.JanuaryDiedInSimLabs" Type="Bool" Value="false"/>
 <GameToken Id="139764930" Name="CrewFacility.DanielleTalkingToPlayer" Type="Bool" Value="false"/>
 <GameToken Id="1792891241" Name="Arboretum.RaniGotGlooed" Type="Bool" Value="false"/>
 <GameToken Id="1599446849" Name="Arboretum.AlexBunkerDoorOpening" Type="Bool" Value="false"/>
 <GameToken Id="1724487984" Name="Arboretum.AlexBunkerDoorClosing" Type="Bool" Value="false"/>
</GameTokensLibrary>
