<GameTokensLibrary Name="Level" LevelName="gamesdk/levels/campaign/station/exterior">
 <GameToken Id="-96327907" Name="EscapePodFailedSQ_Start" Flags="4" Type="Bool" Value="false"/>
 <GameToken Id="-1790939525" Name="ExteriorChallenge.AllSwitchesOn" Flags="4" Type="Bool" Value="false"/>
 <GameToken Id="-1354077863" Name="ExteriorChallenge.BeginChallenge" Flags="4" Type="Bool" Value="false"/>
 <GameToken Id="-1195997940" Name="ExteriorChallenge.ClaimPrize" Flags="4" Type="Bool" Value="false"/>
 <GameToken Id="-588837451" Name="ExteriorChallenge.FinishChallenge" Flags="4" Type="Bool" Value="false"/>
 <GameToken Id="-1266522018" Name="ExteriorChallenge.Kiosk-FinishChallenge" Flags="4" Type="Bool" Value="false"/>
 <GameToken Id="-285197230" Name="ExteriorChallenge.Kiosk-StartChallenge" Flags="4" Type="Bool" Value="false"/>
 <GameToken Id="-1303469618" Name="ExteriorChallenge.NewRecord" Flags="4" Type="Bool" Value="false"/>
 <GameToken Id="-1351481820" Name="ExteriorChallenge.Switch1" Flags="4" Type="Bool" Value="false"/>
 <GameToken Id="-1233430626" Name="ExteriorChallenge.Switch2" Flags="4" Type="Bool" Value="false"/>
 <GameToken Id="-1048811768" Name="ExteriorChallenge.Switch3" Flags="4" Type="Bool" Value="false"/>
 <GameToken Id="-552013141" Name="ExteriorChallenge.Switch4" Flags="4" Type="Bool" Value="false"/>
 <GameToken Id="-1206577683" Name="ExteriorChallengeExpert.AllSwitchesOn" Flags="4" Type="Bool" Value="false"/>
 <GameToken Id="-1240790445" Name="ExteriorChallengeExpert.BeginChallenge" Flags="4" Type="Bool" Value="false"/>
 <GameToken Id="-1343976105" Name="ExteriorChallengeExpert.ClaimPrize" Flags="4" Type="Bool" Value="false"/>
 <GameToken Id="-1137990200" Name="ExteriorChallengeExpert.FinishChallenge" Flags="4" Type="Bool" Value="false"/>
 <GameToken Id="-703585528" Name="ExteriorChallengeExpert.Kiosk-FinishChallenge" Flags="4" Type="Bool" Value="false"/>
 <GameToken Id="-35164855" Name="ExteriorChallengeExpert.Kiosk-StartChallenge" Flags="4" Type="Bool" Value="false"/>
 <GameToken Id="-671565488" Name="ExteriorChallengeExpert.NewRecord" Flags="4" Type="Bool" Value="false"/>
 <GameToken Id="-1886580167" Name="ExteriorChallengeExpert.Switch1" Flags="4" Type="Bool" Value="false"/>
 <GameToken Id="-1769716861" Name="ExteriorChallengeExpert.Switch2" Flags="4" Type="Bool" Value="false"/>
 <GameToken Id="-511479019" Name="ExteriorChallengeExpert.Switch3" Flags="4" Type="Bool" Value="false"/>
 <GameToken Id="-1579338" Name="ExteriorChallengeExpert.Switch4" Flags="4" Type="Bool" Value="false"/>
 <GameToken Id="-1998531040" Name="ExteriorChallengeExpert.Switch5" Flags="4" Type="Bool" Value="false"/>
 <GameToken Id="-1846966374" Name="ExteriorChallengeExpert.Switch6" Flags="4" Type="Bool" Value="false"/>
 <GameToken Id="-1644263253" Name="ExteriorChallengeIntermediate.AllSwitchesOn" Flags="4" Type="Bool" Value="false"/>
 <GameToken Id="-1458502293" Name="ExteriorChallengeIntermediate.BeginChallenge" Flags="4" Type="Bool" Value="false"/>
 <GameToken Id="-1007981977" Name="ExteriorChallengeIntermediate.ClaimPrize" Flags="4" Type="Bool" Value="false"/>
 <GameToken Id="-1800009895" Name="ExteriorChallengeIntermediate.FinishChallenge" Flags="4" Type="Bool" Value="false"/>
 <GameToken Id="-205978567" Name="ExteriorChallengeIntermediate.Kiosk-FinishChallenge" Flags="4" Type="Bool" Value="false"/>
 <GameToken Id="-562743442" Name="ExteriorChallengeIntermediate.Kiosk-StartChallenge" Flags="4" Type="Bool" Value="false"/>
 <GameToken Id="-561355772" Name="ExteriorChallengeIntermediate.NewRecord" Flags="4" Type="Bool" Value="false"/>
 <GameToken Id="-4675904" Name="ExteriorChallengeIntermediate.Switch1" Flags="4" Type="Bool" Value="false"/>
 <GameToken Id="-424544390" Name="ExteriorChallengeIntermediate.Switch2" Flags="4" Type="Bool" Value="false"/>
 <GameToken Id="-1850292244" Name="ExteriorChallengeIntermediate.Switch3" Flags="4" Type="Bool" Value="false"/>
 <GameToken Id="-1882041777" Name="ExteriorChallengeIntermediate.Switch4" Flags="4" Type="Bool" Value="false"/>
 <GameToken Id="-120233255" Name="ExteriorChallengeIntermediate.Switch5" Flags="4" Type="Bool" Value="false"/>
</GameTokensLibrary>
