<LevelData SandboxVersion="3.7.0.179">
 <LevelInfo CreationDate="08/01/18" Name="Prototype" HeightmapSize="400" HeightmapUnitSize="2" HeightmapMaxHeight="1024" WaterLevel="-1000000" TerrainSectorSizeInMeters="64"/>
 <SurfaceTypes>
  <SurfaceType Name="Materials/material_terrain_default" SurfaceTypeID="0" DetailTexture="" DetailScaleX="1" DetailScaleY="1" DetailMaterial="Materials/material_terrain_default" ProjectAxis="2" Bumpmap="" ProjAxis="Z"/>
 </SurfaceTypes>
 <CollisionClasses>
  <CollisionClass type="0" ignore="0"/>
  <CollisionClass type="0" ignore="4294967295"/>
  <CollisionClass type="1024" ignore="0"/>
  <CollisionClass type="0" ignore="65536"/>
  <CollisionClass type="1024" ignore="65536"/>
  <CollisionClass type="0" ignore="81920"/>
  <CollisionClass type="0" ignore="16384"/>
  <CollisionClass type="2097152" ignore="0"/>
  <CollisionClass type="0" ignore="56287"/>
 </CollisionClasses>
 <Layers>
  <Layer Name="Prototype_Lighting" Parent="" Id="1" Specs="-1"/>
  <Layer Name="Prototype_Sq04_ShowEntities" Parent="Prototype_Sq04_LGSecret" Id="2" Specs="-1"/>
  <Layer Name="Prototype_LookingGlass_FakeScreens" Parent="Prototype_LookingGlass" Id="3" Specs="-1"/>
  <Layer Name="Prototype_Nightmare" Parent="" Id="4" Specs="-1" DefaultLoaded="1"/>
  <Layer Name="Prototype_ExteriorHallway" Parent="" Id="5" Specs="-1"/>
  <Layer Name="Prototype_QuakeCon" Parent="" Id="6" Specs="-1" LoadTokenId="629336681" LoadTokenValue="1"/>
  <Layer Name="Prototype_VisAreas" Parent="" Id="7" Specs="-1"/>
  <Layer Name="Prototype_LookingGlass_Error" Parent="Prototype_LookingGlass" Id="8" Specs="-1"/>
  <Layer Name="Prototype_Medbay" Parent="" Id="9" Specs="-1"/>
  <Layer Name="Prototype_Sq04_HideEntities" Parent="Prototype_Sq04_LGSecret" Id="10" Specs="-1"/>
  <Layer Name="Prototype_Apex" Parent="" Id="11" Specs="-1" LoadTokenId="659909599" LoadTokenValue="1"/>
  <Layer Name="Prototype_Demo" Parent="" Id="12" Specs="-1"/>
  <Layer Name="Prototype_ExteriorCapture" Parent="" Id="13" Specs="-1"/>
  <Layer Name="Prototype_Exterior_Vistas" Parent="" Id="14" Specs="-1"/>
  <Layer Name="Prototype_Coral_Phase3" Parent="" Id="15" Specs="-1" LoadTokenId="1570678163" LoadTokenValue="2"/>
  <Layer Name="Prototype_Sq04_LGSecret" Parent="" Id="16" Specs="-1"/>
  <Layer Name="prototype_Sq09_Satellite" Parent="" Id="17" Specs="-1"/>
  <Layer Name="Prototype_Lighting_Backup" Parent="Prototype_Lighting" Id="18" Specs="-1"/>
  <Layer Name="Prototype_Sq03_ShowEntities" Parent="Prototype_Sq03_SatoCalvino" Id="19" Specs="-1"/>
  <Layer Name="Prototype_Lighting_Final" Parent="Prototype_Lighting" Id="20" Specs="-1"/>
  <Layer Name="Prototype_Distractions" Parent="" Id="21" Specs="-1"/>
  <Layer Name="Prototype_SceneIndex_1" Parent="" Id="22" Specs="-1"/>
  <Layer Name="Prototype_Atrium" Parent="" Id="23" Specs="-1"/>
  <Layer Name="Prototype_Scripting" Parent="" Id="24" Specs="-1" DefaultLoaded="1"/>
  <Layer Name="Prototype_Map" Parent="" Id="25" Specs="-1"/>
  <Layer Name="Ark_MetricCameras" Parent="" Id="26" Specs="-1"/>
  <Layer Name="Prototype_Sq06_NeuromodInstall" Parent="" Id="27" Specs="-1"/>
  <Layer Name="Prototype_Laser" Parent="" Id="28" Specs="-1"/>
  <Layer Name="Prototype_FX" Parent="" Id="29" Specs="-1" DefaultLoaded="1"/>
  <Layer Name="Prototype_LookingGlass" Parent="" Id="30" Specs="-1" DefaultLoaded="1"/>
  <Layer Name="Prototype_SurfaceHazards" Parent="" Id="31" Specs="-1"/>
  <Layer Name="Prototype_ThinkTank" Parent="" Id="32" Specs="-1"/>
  <Layer Name="Prototype_ExteriorLabs" Parent="" Id="33" Specs="-1"/>
  <Layer Name="Prototype_DahlTeams" Parent="" Id="34" Specs="-1" DefaultLoaded="1"/>
  <Layer Name="Prototype_Coral_Phase4" Parent="" Id="35" Specs="-1" LoadTokenId="1570678163" LoadTokenValue="3"/>
  <Layer Name="Prototype_Weaver_Coral" Parent="" Id="36" Specs="-1" LoadTokenId="471299812" LoadTokenValue="1"/>
  <Layer Name="Prototype_Collision" Parent="" Id="37" Specs="-1"/>
  <Layer Name="Prototype_Sq03_SatoCalvino" Parent="" Id="38" Specs="-1"/>
  <Layer Name="Prototype_OccluderGeo" Parent="" Id="39" Specs="-1"/>
  <Layer Name="Prototype_Sq02_Stage" Parent="" Id="40" Specs="-1"/>
  <Layer Name="Prototype_Viewing" Parent="" Id="41" Specs="-1"/>
  <Layer Name="Prototype_Sq01_Psychoscope" Parent="" Id="42" Specs="-1"/>
  <Layer Name="Prototype_AudioVolumes" Parent="" Id="43" Specs="-1"/>
  <Layer Name="Prototype_Grenade" Parent="" Id="44" Specs="-1"/>
  <Layer Name="Prototype_Hub" Parent="" Id="45" Specs="-1"/>
  <Layer Name="Main" Parent="" Id="46" Specs="-1"/>
  <Layer Name="Prototype_Tutorials" Parent="" Id="47" Specs="-1"/>
  <Layer Name="Prototype_LookingGlass_Screensaver" Parent="Prototype_LookingGlass" Id="48" Specs="-1"/>
  <Layer Name="Prototype_Loot" Parent="" Id="49" Specs="-1"/>
  <Layer Name="Prototype_Sq14_ContamMimic" Parent="" Id="50" Specs="-1"/>
  <Layer Name="Prototype_ShadowShells" Parent="" Id="51" Specs="-1"/>
  <Layer Name="Prototype_Sq07_DartGun" Parent="" Id="52" Specs="-1"/>
  <Layer Name="Prototype_SolarVolumes" Parent="" Id="53" Specs="-1"/>
  <Layer Name="Prototype_Stairwell" Parent="" Id="54" Specs="-1"/>
  <Layer Name="Prototype_Machine" Parent="" Id="55" Specs="-1"/>
  <Layer Name="Prototype_Sound" Parent="" Id="56" Specs="-1" DefaultLoaded="1"/>
  <Layer Name="Prototype_TechOfficer" Parent="" Id="57" Specs="-1"/>
  <Layer Name="Prototype_Sq05_WallMimic" Parent="" Id="58" Specs="-1"/>
  <Layer Name="Prototype_Director" Parent="" Id="59" Specs="-1"/>
  <Layer Name="Prototype_Airlock" Parent="" Id="60" Specs="-1"/>
  <Layer Name="Prototype_Exterior" Parent="" Id="61" Specs="-1"/>
 </Layers>
 <Vegetation />
 <MaterialsLibrary>
  <Library Name="Level"/>
 </MaterialsLibrary>
 <ParticlesLibrary>
  <Library Name="LevelShared"/>
  <Library Name="PlayerWeapons"/>
  <Library Name="Interactables"/>
  <Library Name="Characters"/>
  <Library Name="MaterialEffects"/>
  <Library Name="Screen"/>
  <Library Name="Player"/>
  <Library Name="LevelSpecific"/>
 </ParticlesLibrary>
 <GameTokensLibraryReferences>
  <Library Name="GT_Global"/>
  <Library Name="GT_GameTime"/>
  <Library Name="GT_GlobalStrings"/>
 </GameTokensLibraryReferences>
</LevelData>
