<MovieData>
 <Mission Name="Mission0">
  <SequenceData>
   <Sequence SequenceVersion="3" Name="Sq01_Psychoscope" Flags="0" StartTime="0" EndTime="10" ID="0" ConversationID="DEDEDEDEDEDEDEDE">
    <Nodes>
     <Node Id="1" Type="PlayerEntity" Name="ArkPlayer" Flags="0" paramIdVersion="9" EntityGUID="0" debugClassName="ArkTrackviewDumbyPlayer">
      <Track paramType="Position" Type="4" Flags="0" HasCustomColor="0" ValueType="1">
       <NewSubTrack Flags="0" defaultValue="0,450.25839" HasCustomColor="0"/>
       <NewSubTrack Flags="0" defaultValue="0,427.98373" HasCustomColor="0"/>
       <NewSubTrack Flags="0" defaultValue="0,502.70001" HasCustomColor="0"/>
      </Track>
      <Track paramType="Rotation" Type="4" Flags="0" HasCustomColor="0" ValueType="2">
       <NewSubTrack Flags="0" defaultValue="0,0" HasCustomColor="0"/>
       <NewSubTrack Flags="0" defaultValue="0,-0" HasCustomColor="0"/>
       <NewSubTrack Flags="0" defaultValue="0,0" HasCustomColor="0"/>
      </Track>
      <Track paramType="Event" Type="-1" Flags="0" StartTime="0" EndTime="10" HasCustomColor="0" ValueType="-1"/>
     </Node>
     <Node Id="2" Type="Entity" Name="Player.Psychoscope1" Flags="0" paramIdVersion="9" EntityGUID="4B312C0B670FEB77">
      <Track paramType="Position" Type="4" Flags="0" HasCustomColor="0" ValueType="1">
       <NewSubTrack Flags="0" defaultValue="0,530.81726" HasCustomColor="0"/>
       <NewSubTrack Flags="0" defaultValue="0,428.38229" HasCustomColor="0"/>
       <NewSubTrack Flags="0" defaultValue="0,507.01337" HasCustomColor="0"/>
      </Track>
      <Track paramType="Rotation" Type="4" Flags="0" HasCustomColor="0" ValueType="2">
       <NewSubTrack Flags="0" defaultValue="0,0" HasCustomColor="0"/>
       <NewSubTrack Flags="0" defaultValue="0,0" HasCustomColor="0"/>
       <NewSubTrack Flags="0" defaultValue="0,-104.99998" HasCustomColor="0"/>
      </Track>
      <Track paramType="Event" Type="-1" Flags="0" StartTime="0" EndTime="10" HasCustomColor="0" ValueType="-1"/>
     </Node>
    </Nodes>
    <Events />
   </Sequence>
   <Sequence SequenceVersion="3" Name="Director&apos;s Safe" Flags="0" StartTime="0" EndTime="10" ID="0" ConversationID="DEDEDEDEDEDEDEDE">
    <Nodes>
     <Node Id="3" Type="Entity" Name="Panel_Metal_A_1" Flags="0" paramIdVersion="9" EntityGUID="436447431B324DF5">
      <Track paramType="Position" Type="4" Flags="0" HasCustomColor="0" ValueType="1">
       <NewSubTrack Flags="0" defaultValue="0,498.8996" HasCustomColor="0">
        <Key time="0" value="0,498.8996" flags="73" ds="1,0" dd="1,0"/>
        <Key time="1.02" value="1.02,499.40887" flags="73" ds="0.34,0" dd="0.34,0"/>
       </NewSubTrack>
       <NewSubTrack Flags="0" defaultValue="0,422.4537" HasCustomColor="0">
        <Key time="0" value="0,422.4537" flags="73" ds="1,0" dd="1,0"/>
        <Key time="1.02" value="1.02,422.4537" flags="73" ds="0.34,0" dd="0.34,0"/>
       </NewSubTrack>
       <NewSubTrack Flags="0" defaultValue="0,514.01904" HasCustomColor="0">
        <Key time="0" value="0,514.01904" flags="73" ds="1,0" dd="1,0"/>
        <Key time="1.02" value="1.02,514.01904" flags="73" ds="0.34,0" dd="0.34,0"/>
       </NewSubTrack>
      </Track>
      <Track paramType="Rotation" Type="4" Flags="0" HasCustomColor="0" ValueType="2">
       <NewSubTrack Flags="0" defaultValue="0,90" HasCustomColor="0">
        <Key time="0" value="0,90" flags="73" ds="1,0" dd="1,0"/>
        <Key time="1.02" value="1.02,90" flags="73" ds="0.34,0" dd="0.34,0"/>
       </NewSubTrack>
       <NewSubTrack Flags="0" defaultValue="0,5.1226416e-06" HasCustomColor="0">
        <Key time="0" value="0,5.1226416e-06" flags="73" ds="1,0" dd="1,0"/>
        <Key time="1.02" value="1.02,-5.1226416e-06" flags="73" ds="0.34,0" dd="0.34,0"/>
       </NewSubTrack>
       <NewSubTrack Flags="0" defaultValue="0,135" HasCustomColor="0">
        <Key time="0" value="0,135" flags="73" ds="1,0" dd="1,0"/>
        <Key time="1.02" value="1.02,45.000004" flags="73" ds="0.34,0" dd="0.34,0"/>
       </NewSubTrack>
      </Track>
      <Track paramType="Event" Type="-1" Flags="0" StartTime="0" EndTime="10" HasCustomColor="0" ValueType="-1"/>
     </Node>
     <Node Id="4" Type="Entity" Name="safe_main1" Flags="0" paramIdVersion="9" EntityGUID="42EFC72C8087A0FA">
      <Track paramType="Position" Type="4" Flags="0" HasCustomColor="0" ValueType="1">
       <NewSubTrack Flags="0" defaultValue="0,498.37463" HasCustomColor="0">
        <Key time="0" value="0,498.37463" flags="73" ds="1,0" dd="1,0"/>
       </NewSubTrack>
       <NewSubTrack Flags="0" defaultValue="0,421.90787" HasCustomColor="0">
        <Key time="0" value="0,421.90787" flags="73" ds="1,0" dd="1,0"/>
       </NewSubTrack>
       <NewSubTrack Flags="0" defaultValue="0,513.19983" HasCustomColor="0">
        <Key time="0" value="0,513.19983" flags="73" ds="1,0" dd="1,0"/>
       </NewSubTrack>
      </Track>
      <Track paramType="Rotation" Type="4" Flags="0" HasCustomColor="0" ValueType="2">
       <NewSubTrack Flags="0" defaultValue="0,-0" HasCustomColor="0">
        <Key time="0" value="0,-0" flags="73" ds="1,0" dd="0.26299682,0"/>
        <Key time="0.39999998" value="0.39999998,-0" flags="9" ds="0.39999998,0" dd="0.10000002,0"/>
        <Key time="0.5" value="0.5,1.2706534" flags="73" ds="0.089285277,0.72545046" dd="0.1270621,1.0323902"/>
        <Key time="0.69" value="0.69,4.47405" flags="73" ds="0.054220263,0.75665045" dd="0.023574766,0.32898879"/>
        <Key time="0.80000001" value="0.80000001,4.9999986" flags="73" ds="0.054243933,0" dd="0.089999974,0"/>
        <Key time="0.88999999" value="0.88999999,-1.7463897e-06" flags="73" ds="0.029999992,0" dd="0.029999992,0"/>
        <Key time="1" value="1,-1.7463897e-06" flags="73" ds="0.036666673,0" dd="0.036666673,0"/>
       </NewSubTrack>
       <NewSubTrack Flags="0" defaultValue="0,-0" HasCustomColor="0">
        <Key time="0" value="0,-0" flags="73" ds="1,0" dd="0.26299682,0"/>
        <Key time="0.39999998" value="0.39999998,-0" flags="9" ds="0.39999998,0" dd="0.10000002,0"/>
        <Key time="0.5" value="0.5,-4.9987755" flags="73" ds="0.089285277,1.5484265e-08" dd="0.1270621,2.2035694e-08"/>
        <Key time="0.69" value="0.69,3.8858972" flags="73" ds="0.054220263,1.4716643" dd="0.023574766,0.6398741"/>
        <Key time="0.80000001" value="0.80000001,1.067217e-07" flags="73" ds="0.054243933,0" dd="0.089999974,0"/>
        <Key time="0.88999999" value="0.88999999,2.3554622e-07" flags="73" ds="0.029999992,0" dd="0.029999992,0"/>
        <Key time="1" value="1,2.3554622e-07" flags="73" ds="0.036666673,0" dd="0.036666673,0"/>
       </NewSubTrack>
       <NewSubTrack Flags="0" defaultValue="0,-45.000004" HasCustomColor="0">
        <Key time="0" value="0,-45.000004" flags="73" ds="1,0" dd="0.26299682,0"/>
        <Key time="0.39999998" value="0.39999998,-45.000004" flags="9" ds="0.39999998,0" dd="0.10000002,0"/>
        <Key time="0.5" value="0.5,-45.110729" flags="73" ds="0.089285277,4.1802218e-07" dd="0.1270621,5.9488838e-07"/>
        <Key time="0.69" value="0.69,-44.634739" flags="73" ds="0.054220263,0.032599248" dd="0.023574766,0.01417403"/>
        <Key time="0.80000001" value="0.80000001,-45.000004" flags="73" ds="0.054243933,0" dd="0.089999974,0"/>
        <Key time="0.88999999" value="0.88999999,-45.000004" flags="73" ds="0.029999992,0" dd="0.029999992,0"/>
        <Key time="1" value="1,-45.000004" flags="73" ds="0.036666673,0" dd="0.036666673,0"/>
       </NewSubTrack>
      </Track>
      <Track paramType="Event" Type="-1" Flags="0" StartTime="0" EndTime="10" HasCustomColor="0" ValueType="-1"/>
     </Node>
    </Nodes>
    <Events />
   </Sequence>
   <Sequence SequenceVersion="3" Name="Sq02_Stage" Flags="0" StartTime="0" EndTime="16.66667" ID="0" ConversationID="DEDEDEDEDEDEDEDE">
    <Nodes>
     <Node Id="2" Type="DynamicEntity" Name="Thaddeus" Flags="4" paramIdVersion="9" EntityGUID="0" debugClassName="ArkHuman">
      <Track paramType="Mannequin" Type="-1" Flags="0" StartTime="0" EndTime="16.66667" HasCustomColor="0" ValueType="-1">
       <Key time="0" fragName="Cs_Protype_Sq02_GoogunReveal_Thaddeus" duration="16.666668" priority="10" blendIn="-1" blendOut="-1" loop="0"/>
      </Track>
      <Track paramType="ArkPositioning" Type="-1" Flags="0" StartTime="0" EndTime="16.66667" HasCustomColor="0" ValueType="-1">
       <Key time="0" m="" q="3.1391647e-07,0,0,1" t="459.87,420.31,507.85501" eo="0" b="0.2"/>
      </Track>
     </Node>
     <Node Id="4" Type="Entity" Name="Sq02_Googun" Flags="0" paramIdVersion="9" EntityGUID="4485FC5DFEEDF62B">
      <Track paramType="Attachment" Type="-1" Flags="0" StartTime="0" EndTime="16.66667" HasCustomColor="0" ValueType="-1">
       <Key time="0" parentName="Thaddeus" boneAttachName="r_handprop" tOffset="0,0,0" rOffset="1,0,0,0" type="0" AutoHide="1"/>
       <Key time="13.824132" tOffset="0,0,0" rOffset="1,0,0,0" type="1" AutoHide="1"/>
      </Track>
     </Node>
     <Node Id="5" Type="Entity" Name="Sq02_Briefcase" Flags="0" paramIdVersion="9" EntityGUID="4F89C77AED2B4029">
      <Track paramType="Attachment" Type="-1" Flags="0" StartTime="0" EndTime="16.66667" HasCustomColor="0" ValueType="-1">
       <Key time="0" parentName="Thaddeus" boneAttachName="l_handprop" tOffset="0,0,0" rOffset="1,0,0,0" type="0" AutoHide="1"/>
       <Key time="4.6333337" parentName="Thaddeus" boneAttachName="l_handprop" tOffset="0,0,0" rOffset="1,0,0,0" type="1" AutoHide="1"/>
      </Track>
     </Node>
     <Node Id="6" Type="Entity" Name="GooGunStream" Flags="0" paramIdVersion="9" EntityGUID="42A18D9CD82B213B">
      <Track paramType="Attachment" Type="-1" Flags="0" StartTime="0" EndTime="16.66667" HasCustomColor="0" ValueType="-1">
       <Key time="0" parentName="Sq02_Googun" boneAttachName="muzzle" tOffset="0.44999999,0,0" rOffset="0.70710695,0,-0,-0.70710665" type="0" AutoHide="1"/>
      </Track>
     </Node>
     <Node Id="7" Type="Entity" Name="AreaTrigger15" Flags="0" paramIdVersion="9" EntityGUID="42F8E11EE56F17C8">
      <Track paramType="Position" Type="4" Flags="0" HasCustomColor="0" ValueType="1">
       <NewSubTrack Flags="0" defaultValue="0,495.35239" HasCustomColor="0"/>
       <NewSubTrack Flags="0" defaultValue="0,436.73642" HasCustomColor="0"/>
       <NewSubTrack Flags="0" defaultValue="0,506.98883" HasCustomColor="0"/>
      </Track>
      <Track paramType="Rotation" Type="4" Flags="0" HasCustomColor="0" ValueType="2">
       <NewSubTrack Flags="0" defaultValue="0,0" HasCustomColor="0"/>
       <NewSubTrack Flags="0" defaultValue="0,-0" HasCustomColor="0"/>
       <NewSubTrack Flags="0" defaultValue="0,0" HasCustomColor="0"/>
      </Track>
      <Track paramType="Event" Type="-1" Flags="0" StartTime="0" EndTime="16.66667" HasCustomColor="0" ValueType="-1">
       <Key time="13.835067" event="Enable"/>
      </Track>
     </Node>
     <Node Id="11" Type="Entity" Name="Gloo_001" Flags="0" paramIdVersion="9" EntityGUID="4F6AC8951166FC9B">
      <Track paramType="Scale" Type="4" Flags="0" HasCustomColor="0" ValueType="1">
       <NewSubTrack Flags="0" defaultValue="0,0.1" HasCustomColor="0">
        <Key time="8.0203276" value="8.0203276,0.1" flags="73" ds="1,0" dd="0.0037050247,0"/>
        <Key time="8.0629463" value="8.0629463,0.1" flags="73" ds="0.0037050247,0" dd="0.073058128,0"/>
        <Key time="8.5911417" value="8.5911417,0.5" flags="73" ds="0.026369732,0" dd="0.026369732,0"/>
       </NewSubTrack>
       <NewSubTrack Flags="0" defaultValue="0,0.1" HasCustomColor="0">
        <Key time="8.0203276" value="8.0203276,0.1" flags="73" ds="1,0" dd="0.0037050247,0"/>
        <Key time="8.0629463" value="8.0629463,0.1" flags="73" ds="0.0037050247,0" dd="0.073058128,0"/>
        <Key time="8.5911417" value="8.5911417,0.5" flags="73" ds="0.026369732,0" dd="0.026369732,0"/>
       </NewSubTrack>
       <NewSubTrack Flags="0" defaultValue="0,0.1" HasCustomColor="0">
        <Key time="8.0203276" value="8.0203276,0.1" flags="73" ds="1,0" dd="0.0037050247,0"/>
        <Key time="8.0629463" value="8.0629463,0.1" flags="73" ds="0.0037050247,0" dd="0.073058128,0"/>
        <Key time="8.5911417" value="8.5911417,0.5" flags="73" ds="0.026369732,0" dd="0.026369732,0"/>
       </NewSubTrack>
      </Track>
     </Node>
     <Node Id="13" Type="Material" Name="Objects/ArkEffects/Weapons/GlooGun/Gloo_Cinematic/Glooball_Cinematic_Mat_002.[1]" Flags="4" paramIdVersion="9" MeshSlot="0" AttachmentName="">
      <Track paramUserValue="BlendFalloff" paramType="ByString" Type="4" Flags="0" defaultValue="0,0" HasCustomColor="0" ValueType="0">
       <Key time="8.440237" value="8.440237,10" flags="9" ds="1,0" dd="0.79999995,0"/>
       <Key time="9.4549856" value="9.4549856,0" flags="9" ds="0.26666665,0" dd="0.26666665,0"/>
      </Track>
      <Track paramUserValue="BlendFactor" paramType="ByString" Type="4" Flags="0" defaultValue="0,0" HasCustomColor="0" ValueType="0">
       <Key time="8.440237" value="8.440237,0" flags="9" ds="1,0" dd="0.79999995,0"/>
       <Key time="9.4549856" value="9.4549856,10" flags="9" ds="0.26666665,0" dd="0.26666665,0"/>
      </Track>
     </Node>
     <Node Id="14" Type="Material" Name="Objects/ArkEffects/Weapons/GlooGun/Gloo_Cinematic/Glooball_Cinematic_Mat_003.[1]" Flags="4" paramIdVersion="9" MeshSlot="0" AttachmentName="">
      <Track paramUserValue="BlendFalloff" paramType="ByString" Type="4" Flags="0" defaultValue="0,0" HasCustomColor="0" ValueType="0">
       <Key time="8.6308174" value="8.6308174,10" flags="9" ds="1,0" dd="0.79999995,0"/>
       <Key time="9.645566" value="9.645566,0" flags="9" ds="0.26666665,0" dd="0.26666665,0"/>
      </Track>
      <Track paramUserValue="BlendFactor" paramType="ByString" Type="4" Flags="0" defaultValue="0,0" HasCustomColor="0" ValueType="0">
       <Key time="8.6308174" value="8.6308174,0" flags="9" ds="1,0" dd="0.79999995,0"/>
       <Key time="9.645566" value="9.645566,10" flags="9" ds="0.26666665,0" dd="0.26666665,0"/>
      </Track>
     </Node>
     <Node Id="15" Type="Material" Name="Objects/ArkEffects/Weapons/GlooGun/Gloo_Cinematic/Glooball_Cinematic_Mat_004.[1]" Flags="4" paramIdVersion="9" MeshSlot="0" AttachmentName="">
      <Track paramUserValue="BlendFalloff" paramType="ByString" Type="4" Flags="0" defaultValue="0,0" HasCustomColor="0" ValueType="0">
       <Key time="8.6310349" value="8.6310349,10" flags="9" ds="1,0" dd="0.79999995,0"/>
       <Key time="9.6457834" value="9.6457834,0" flags="9" ds="0.26666665,0" dd="0.26666665,0"/>
      </Track>
      <Track paramUserValue="BlendFactor" paramType="ByString" Type="4" Flags="0" defaultValue="0,0" HasCustomColor="0" ValueType="0">
       <Key time="8.6310349" value="8.6310349,0" flags="9" ds="1,0" dd="0.79999995,0"/>
       <Key time="9.6457834" value="9.6457834,10" flags="9" ds="0.26666665,0" dd="0.26666665,0"/>
      </Track>
     </Node>
     <Node Id="16" Type="Material" Name="Objects/ArkEffects/Weapons/GlooGun/Gloo_Cinematic/Glooball_Cinematic_Mat_005.[1]" Flags="4" paramIdVersion="9" MeshSlot="0" AttachmentName="">
      <Track paramUserValue="BlendFalloff" paramType="ByString" Type="4" Flags="0" defaultValue="0,0" HasCustomColor="0" ValueType="0">
       <Key time="8.7997561" value="8.7997561,10" flags="9" ds="1,0" dd="0.020534515,0"/>
       <Key time="9.9499168" value="9.9499168,0" flags="9" ds="0.020534515,0" dd="0.78845596,0"/>
      </Track>
      <Track paramUserValue="BlendFactor" paramType="ByString" Type="4" Flags="0" defaultValue="0,0" HasCustomColor="0" ValueType="0">
       <Key time="8.7997561" value="8.7997561,0" flags="9" ds="1,0" dd="0.020534515,0"/>
       <Key time="9.9499168" value="9.9499168,10" flags="9" ds="0.020534515,0" dd="0.78845596,0"/>
      </Track>
     </Node>
     <Node Id="17" Type="Material" Name="Objects/ArkEffects/Weapons/GlooGun/Gloo_Cinematic/Glooball_Cinematic_Mat_006.[1]" Flags="4" paramIdVersion="9" MeshSlot="0" AttachmentName="">
      <Track paramUserValue="BlendFalloff" paramType="ByString" Type="4" Flags="0" defaultValue="0,0" HasCustomColor="0" ValueType="0">
       <Key time="8.9903755" value="8.9903755,10" flags="9" ds="1,0" dd="0.22629261,0"/>
       <Key time="10.015131" value="10.015131,0" flags="9" ds="0.22629261,0" dd="0.78845596,0"/>
      </Track>
      <Track paramUserValue="BlendFactor" paramType="ByString" Type="4" Flags="0" defaultValue="0,0" HasCustomColor="0" ValueType="0">
       <Key time="8.9903755" value="8.9903755,0" flags="9" ds="1,0" dd="0.22629261,0"/>
       <Key time="10.015131" value="10.015131,10" flags="9" ds="0.22629261,0" dd="0.78845596,0"/>
      </Track>
     </Node>
     <Node Id="18" Type="Material" Name="Objects/ArkEffects/Weapons/GlooGun/Gloo_Cinematic/Glooball_Cinematic_Mat_007.[1]" Flags="4" paramIdVersion="9" MeshSlot="0" AttachmentName="">
      <Track paramUserValue="BlendFalloff" paramType="ByString" Type="4" Flags="0" defaultValue="0,0" HasCustomColor="0" ValueType="0">
       <Key time="8.9897556" value="8.9897556,10" flags="9" ds="1,0" dd="0.22629261,0"/>
       <Key time="10.01491" value="10.01491,0" flags="9" ds="0.22629261,0" dd="0.78845596,0"/>
      </Track>
      <Track paramUserValue="BlendFactor" paramType="ByString" Type="4" Flags="0" defaultValue="0,0" HasCustomColor="0" ValueType="0">
       <Key time="8.9897556" value="8.9897556,0" flags="9" ds="1,0" dd="0.22629261,0"/>
       <Key time="10.01491" value="10.01491,10" flags="9" ds="0.22629261,0" dd="0.78845596,0"/>
      </Track>
     </Node>
     <Node Id="19" Type="Material" Name="Objects/ArkEffects/Weapons/GlooGun/Gloo_Cinematic/Glooball_Cinematic_Mat_008.[1]" Flags="4" paramIdVersion="9" MeshSlot="0" AttachmentName="">
      <Track paramUserValue="BlendFalloff" paramType="ByString" Type="4" Flags="0" defaultValue="0,0" HasCustomColor="0" ValueType="0">
       <Key time="9.220171" value="9.220171,10" flags="9" ds="1,0" dd="0.22629261,0"/>
       <Key time="10.349998" value="10.349998,0" flags="9" ds="0.22629261,0" dd="0.78845596,0"/>
      </Track>
      <Track paramUserValue="BlendFactor" paramType="ByString" Type="4" Flags="0" defaultValue="0,0" HasCustomColor="0" ValueType="0">
       <Key time="9.220171" value="9.220171,0" flags="9" ds="1,0" dd="0.22629261,0"/>
       <Key time="10.349998" value="10.349998,10" flags="9" ds="0.22629261,0" dd="0.78845596,0"/>
      </Track>
     </Node>
     <Node Id="20" Type="Material" Name="Objects/ArkEffects/Weapons/GlooGun/Gloo_Cinematic/Glooball_Cinematic_Mat_009.[1]" Flags="4" paramIdVersion="9" MeshSlot="0" AttachmentName="">
      <Track paramUserValue="BlendFalloff" paramType="ByString" Type="4" Flags="0" defaultValue="0,0" HasCustomColor="0" ValueType="0">
       <Key time="9.2197084" value="9.2197084,10" flags="9" ds="1,0" dd="0.22629261,0"/>
       <Key time="10.350088" value="10.350088,0" flags="9" ds="0.22629261,0" dd="0.78845596,0"/>
      </Track>
      <Track paramUserValue="BlendFactor" paramType="ByString" Type="4" Flags="0" defaultValue="0,0" HasCustomColor="0" ValueType="0">
       <Key time="9.2197084" value="9.2197084,0" flags="9" ds="1,0" dd="0.22629261,0"/>
       <Key time="10.350088" value="10.350088,10" flags="9" ds="0.22629261,0" dd="0.78845596,0"/>
      </Track>
     </Node>
     <Node Id="21" Type="Material" Name="Objects/ArkEffects/Weapons/GlooGun/Gloo_Cinematic/Glooball_Cinematic_Mat_010.[1]" Flags="4" paramIdVersion="9" MeshSlot="0" AttachmentName="">
      <Track paramUserValue="BlendFalloff" paramType="ByString" Type="4" Flags="0" defaultValue="0,0" HasCustomColor="0" ValueType="0">
       <Key time="9.3394823" value="9.3394823,10" flags="9" ds="1,0" dd="0.22629261,0"/>
       <Key time="10.48013" value="10.48013,0" flags="9" ds="0.22629261,0" dd="0.78845596,0"/>
      </Track>
      <Track paramUserValue="BlendFactor" paramType="ByString" Type="4" Flags="0" defaultValue="0,0" HasCustomColor="0" ValueType="0">
       <Key time="9.3394823" value="9.3394823,0" flags="9" ds="1,0" dd="0.22629261,0"/>
       <Key time="10.48013" value="10.48013,10" flags="9" ds="0.22629261,0" dd="0.78845596,0"/>
      </Track>
     </Node>
     <Node Id="22" Type="Material" Name="Objects/ArkEffects/Weapons/GlooGun/Gloo_Cinematic/Glooball_Cinematic_Mat_011.[1]" Flags="4" paramIdVersion="9" MeshSlot="0" AttachmentName="">
      <Track paramUserValue="BlendFalloff" paramType="ByString" Type="4" Flags="0" defaultValue="0,0" HasCustomColor="0" ValueType="0">
       <Key time="9.399909" value="9.399909,10" flags="9" ds="1,0" dd="0.22629261,0"/>
       <Key time="10.550183" value="10.550183,0" flags="9" ds="0.22629261,0" dd="0.78845596,0"/>
      </Track>
      <Track paramUserValue="BlendFactor" paramType="ByString" Type="4" Flags="0" defaultValue="0,0" HasCustomColor="0" ValueType="0">
       <Key time="9.399909" value="9.399909,0" flags="9" ds="1,0" dd="0.22629261,0"/>
       <Key time="10.550183" value="10.550183,10" flags="9" ds="0.22629261,0" dd="0.78845596,0"/>
      </Track>
     </Node>
     <Node Id="23" Type="Material" Name="Objects/ArkEffects/Weapons/GlooGun/Gloo_Cinematic/Glooball_Cinematic_Mat_012.[1]" Flags="4" paramIdVersion="9" MeshSlot="0" AttachmentName="">
      <Track paramUserValue="BlendFalloff" paramType="ByString" Type="4" Flags="0" defaultValue="0,0" HasCustomColor="0" ValueType="0">
       <Key time="9.3998623" value="9.3998623,10" flags="9" ds="1,0" dd="0.22629261,0"/>
       <Key time="10.550068" value="10.550068,0" flags="9" ds="0.22629261,0" dd="0.78845596,0"/>
      </Track>
      <Track paramUserValue="BlendFactor" paramType="ByString" Type="4" Flags="0" defaultValue="0,0" HasCustomColor="0" ValueType="0">
       <Key time="9.3998623" value="9.3998623,0" flags="9" ds="1,0" dd="0.22629261,0"/>
       <Key time="10.550068" value="10.550068,10" flags="9" ds="0.22629261,0" dd="0.78845596,0"/>
      </Track>
     </Node>
     <Node Id="24" Type="Entity" Name="Gloo_002" Flags="0" paramIdVersion="9" EntityGUID="415803455EEB4578">
      <Track paramType="Scale" Type="4" Flags="0" HasCustomColor="0" ValueType="1">
       <NewSubTrack Flags="0" defaultValue="0,0.1" HasCustomColor="0">
        <Key time="8.2201748" value="8.2201748,0.1" flags="9" ds="1,0" dd="0.0037050247,0"/>
        <Key time="8.2627935" value="8.2627935,0.1" flags="9" ds="0.0037050247,0" dd="0.073058128,0"/>
        <Key time="8.7280741" value="8.7280741,0.5" flags="9" ds="0.026369732,0" dd="0.026369732,0"/>
       </NewSubTrack>
       <NewSubTrack Flags="0" defaultValue="0,0.1" HasCustomColor="0">
        <Key time="8.2201748" value="8.2201748,0.1" flags="9" ds="1,0" dd="0.0037050247,0"/>
        <Key time="8.2627935" value="8.2627935,0.1" flags="9" ds="0.0037050247,0" dd="0.073058128,0"/>
        <Key time="8.7280741" value="8.7280741,0.5" flags="9" ds="0.026369732,0" dd="0.026369732,0"/>
       </NewSubTrack>
       <NewSubTrack Flags="0" defaultValue="0,0.1" HasCustomColor="0">
        <Key time="8.2201748" value="8.2201748,0.1" flags="9" ds="1,0" dd="0.0037050247,0"/>
        <Key time="8.2627935" value="8.2627935,0.1" flags="9" ds="0.0037050247,0" dd="0.073058128,0"/>
        <Key time="8.7280741" value="8.7280741,0.5" flags="9" ds="0.026369732,0" dd="0.026369732,0"/>
       </NewSubTrack>
      </Track>
     </Node>
     <Node Id="25" Type="Entity" Name="Gloo_003" Flags="0" paramIdVersion="9" EntityGUID="47893FD15150EBB3">
      <Track paramType="Scale" Type="4" Flags="0" HasCustomColor="0" ValueType="1">
       <NewSubTrack Flags="0" defaultValue="0,0.1" HasCustomColor="0">
        <Key time="8.4099007" value="8.4099007,0.1" flags="9" ds="1,0" dd="0.0037050247,0"/>
        <Key time="8.4525194" value="8.4525194,0.1" flags="9" ds="0.0037050247,0" dd="0.073058128,0"/>
        <Key time="8.8915863" value="8.8915863,0.5" flags="9" ds="0.026369732,0" dd="0.026369732,0"/>
       </NewSubTrack>
       <NewSubTrack Flags="0" defaultValue="0,0.1" HasCustomColor="0">
        <Key time="8.4099007" value="8.4099007,0.1" flags="9" ds="1,0" dd="0.0037050247,0"/>
        <Key time="8.4525194" value="8.4525194,0.1" flags="9" ds="0.0037050247,0" dd="0.073058128,0"/>
        <Key time="8.8915863" value="8.8915863,0.5" flags="9" ds="0.026369732,0" dd="0.026369732,0"/>
       </NewSubTrack>
       <NewSubTrack Flags="0" defaultValue="0,0.1" HasCustomColor="0">
        <Key time="8.4099007" value="8.4099007,0.1" flags="9" ds="1,0" dd="0.0037050247,0"/>
        <Key time="8.4525194" value="8.4525194,0.1" flags="9" ds="0.0037050247,0" dd="0.073058128,0"/>
        <Key time="8.8915863" value="8.8915863,0.5" flags="9" ds="0.026369732,0" dd="0.026369732,0"/>
       </NewSubTrack>
      </Track>
     </Node>
     <Node Id="26" Type="Entity" Name="Gloo_004" Flags="0" paramIdVersion="9" EntityGUID="4F69915C84CD376E">
      <Track paramType="Scale" Type="4" Flags="0" HasCustomColor="0" ValueType="1">
       <NewSubTrack Flags="0" defaultValue="0,0.1" HasCustomColor="0">
        <Key time="8.5408707" value="8.5408707,0.1" flags="9" ds="1,0" dd="0.0037050247,0"/>
        <Key time="8.5884151" value="8.5884151,0.1" flags="9" ds="0.0037050247,0" dd="0.073058128,0"/>
        <Key time="9.0274811" value="9.0274811,0.5" flags="9" ds="0.026369732,0" dd="0.026369732,0"/>
       </NewSubTrack>
       <NewSubTrack Flags="0" defaultValue="0,0.1" HasCustomColor="0">
        <Key time="8.5408707" value="8.5408707,0.1" flags="9" ds="1,0" dd="0.0037050247,0"/>
        <Key time="8.5884151" value="8.5884151,0.1" flags="9" ds="0.0037050247,0" dd="0.073058128,0"/>
        <Key time="9.0274811" value="9.0274811,0.5" flags="9" ds="0.026369732,0" dd="0.026369732,0"/>
       </NewSubTrack>
       <NewSubTrack Flags="0" defaultValue="0,0.1" HasCustomColor="0">
        <Key time="8.5408707" value="8.5408707,0.1" flags="9" ds="1,0" dd="0.0037050247,0"/>
        <Key time="8.5884151" value="8.5884151,0.1" flags="9" ds="0.0037050247,0" dd="0.073058128,0"/>
        <Key time="9.0274811" value="9.0274811,0.5" flags="9" ds="0.026369732,0" dd="0.026369732,0"/>
       </NewSubTrack>
      </Track>
     </Node>
     <Node Id="27" Type="Entity" Name="Gloo_005" Flags="0" paramIdVersion="9" EntityGUID="484AAC3AD39547D4">
      <Track paramType="Scale" Type="4" Flags="0" HasCustomColor="0" ValueType="1">
       <NewSubTrack Flags="0" defaultValue="0,0.1" HasCustomColor="0">
        <Key time="8.6812725" value="8.6812725,0.1" flags="9" ds="1,0" dd="0.0037050247,0"/>
        <Key time="8.728817" value="8.728817,0.1" flags="9" ds="0.0037050247,0" dd="0.073058128,0"/>
        <Key time="9.1495333" value="9.1495333,0.40000001" flags="9" ds="0.026369732,0" dd="0.026369732,0"/>
       </NewSubTrack>
       <NewSubTrack Flags="0" defaultValue="0,0.1" HasCustomColor="0">
        <Key time="8.6812725" value="8.6812725,0.1" flags="9" ds="1,0" dd="0.0037050247,0"/>
        <Key time="8.728817" value="8.728817,0.1" flags="9" ds="0.0037050247,0" dd="0.073058128,0"/>
        <Key time="9.1495333" value="9.1495333,0.40000001" flags="9" ds="0.026369732,0" dd="0.026369732,0"/>
       </NewSubTrack>
       <NewSubTrack Flags="0" defaultValue="0,0.1" HasCustomColor="0">
        <Key time="8.6812725" value="8.6812725,0.1" flags="9" ds="1,0" dd="0.0037050247,0"/>
        <Key time="8.728817" value="8.728817,0.1" flags="9" ds="0.0037050247,0" dd="0.073058128,0"/>
        <Key time="9.1495333" value="9.1495333,0.40000001" flags="9" ds="0.026369732,0" dd="0.026369732,0"/>
       </NewSubTrack>
      </Track>
     </Node>
     <Node Id="28" Type="Entity" Name="Gloo_006" Flags="0" paramIdVersion="9" EntityGUID="4353E798A4C4F0EA">
      <Track paramType="Scale" Type="4" Flags="0" HasCustomColor="0" ValueType="1">
       <NewSubTrack Flags="0" defaultValue="0,0.1" HasCustomColor="0">
        <Key time="8.8027906" value="8.8027906,0.1" flags="9" ds="1,0" dd="0.0037050247,0"/>
        <Key time="8.8503351" value="8.8503351,0.1" flags="9" ds="0.0037050247,0" dd="0.073058128,0"/>
        <Key time="9.2448368" value="9.2448368,0.5" flags="9" ds="0.026369732,0" dd="0.026369732,0"/>
       </NewSubTrack>
       <NewSubTrack Flags="0" defaultValue="0,0.1" HasCustomColor="0">
        <Key time="8.8027906" value="8.8027906,0.1" flags="9" ds="1,0" dd="0.0037050247,0"/>
        <Key time="8.8503351" value="8.8503351,0.1" flags="9" ds="0.0037050247,0" dd="0.073058128,0"/>
        <Key time="9.2448368" value="9.2448368,0.5" flags="9" ds="0.026369732,0" dd="0.026369732,0"/>
       </NewSubTrack>
       <NewSubTrack Flags="0" defaultValue="0,0.1" HasCustomColor="0">
        <Key time="8.8027906" value="8.8027906,0.1" flags="9" ds="1,0" dd="0.0037050247,0"/>
        <Key time="8.8503351" value="8.8503351,0.1" flags="9" ds="0.0037050247,0" dd="0.073058128,0"/>
        <Key time="9.2448368" value="9.2448368,0.5" flags="9" ds="0.026369732,0" dd="0.026369732,0"/>
       </NewSubTrack>
      </Track>
     </Node>
     <Node Id="29" Type="Material" Name="Objects/ArkEffects/Weapons/GlooGun/Gloo_Cinematic/Glooball_Cinematic_Mat_001.[1]" Flags="4" paramIdVersion="9" MeshSlot="0" AttachmentName="">
      <Track paramUserValue="BlendFalloff" paramType="ByString" Type="4" Flags="0" defaultValue="0,0" HasCustomColor="0" ValueType="0">
       <Key time="8.3290882" value="8.3290882,10" flags="9" ds="1,0" dd="0.79999995,0"/>
       <Key time="9.3438377" value="9.3438377,0" flags="9" ds="0.26666665,0" dd="0.26666665,0"/>
      </Track>
      <Track paramUserValue="BlendFactor" paramType="ByString" Type="4" Flags="0" defaultValue="0,0" HasCustomColor="0" ValueType="0">
       <Key time="8.3290882" value="8.3290882,0" flags="9" ds="1,0" dd="0.79999995,0"/>
       <Key time="9.3438377" value="9.3438377,10" flags="9" ds="0.26666665,0" dd="0.26666665,0"/>
      </Track>
     </Node>
     <Node Id="30" Type="Entity" Name="Gloo_007" Flags="0" paramIdVersion="9" EntityGUID="4B91940223BD633B">
      <Track paramType="Scale" Type="4" Flags="0" HasCustomColor="0" ValueType="1">
       <NewSubTrack Flags="0" defaultValue="0,0.1" HasCustomColor="0">
        <Key time="8.8945837" value="8.8945837,0.1" flags="9" ds="1,0" dd="0.0037050247,0"/>
        <Key time="8.948061" value="8.948061,0.1" flags="9" ds="0.0037050247,0" dd="0.073058128,0"/>
        <Key time="9.3261442" value="9.3261442,0.5" flags="9" ds="0.026369732,0" dd="0.026369732,0"/>
       </NewSubTrack>
       <NewSubTrack Flags="0" defaultValue="0,0.1" HasCustomColor="0">
        <Key time="8.8945837" value="8.8945837,0.1" flags="9" ds="1,0" dd="0.0037050247,0"/>
        <Key time="8.9480648" value="8.9480648,0.1" flags="9" ds="0.0037050247,0" dd="0.073058128,0"/>
        <Key time="9.3261442" value="9.3261442,0.5" flags="9" ds="0.026369732,0" dd="0.026369732,0"/>
       </NewSubTrack>
       <NewSubTrack Flags="0" defaultValue="0,0.1" HasCustomColor="0">
        <Key time="8.8945837" value="8.8945837,0.1" flags="9" ds="1,0" dd="0.0037050247,0"/>
        <Key time="8.9480648" value="8.9480648,0.1" flags="9" ds="0.0037050247,0" dd="0.073058128,0"/>
        <Key time="9.3261442" value="9.3261442,0.5" flags="9" ds="0.026369732,0" dd="0.026369732,0"/>
       </NewSubTrack>
      </Track>
     </Node>
     <Node Id="31" Type="Entity" Name="Gloo_008" Flags="0" paramIdVersion="9" EntityGUID="40E15ABDAD5E2752">
      <Track paramType="Scale" Type="4" Flags="0" HasCustomColor="0" ValueType="1">
       <NewSubTrack Flags="0" defaultValue="0,0.1" HasCustomColor="0">
        <Key time="8.9959221" value="8.9959221,0.1" flags="9" ds="1,0" dd="0.0037050247,0"/>
        <Key time="9.0434666" value="9.0434666,0.1" flags="9" ds="0.0037050247,0" dd="0.073058128,0"/>
        <Key time="9.4065113" value="9.4065113,0.5" flags="9" ds="0.026369732,0" dd="0.026369732,0"/>
       </NewSubTrack>
       <NewSubTrack Flags="0" defaultValue="0,0.1" HasCustomColor="0">
        <Key time="8.9959221" value="8.9959221,0.1" flags="9" ds="1,0" dd="0.0037050247,0"/>
        <Key time="9.0434666" value="9.0434666,0.1" flags="9" ds="0.0037050247,0" dd="0.073058128,0"/>
        <Key time="9.4065113" value="9.4065113,0.5" flags="9" ds="0.026369732,0" dd="0.026369732,0"/>
       </NewSubTrack>
       <NewSubTrack Flags="0" defaultValue="0,0.1" HasCustomColor="0">
        <Key time="8.9959221" value="8.9959221,0.1" flags="9" ds="1,0" dd="0.0037050247,0"/>
        <Key time="9.0434666" value="9.0434666,0.1" flags="9" ds="0.0037050247,0" dd="0.073058128,0"/>
        <Key time="9.4065113" value="9.4065113,0.5" flags="9" ds="0.026369732,0" dd="0.026369732,0"/>
       </NewSubTrack>
      </Track>
     </Node>
     <Node Id="32" Type="Entity" Name="Gloo_009" Flags="0" paramIdVersion="9" EntityGUID="428CD34B99770C6D">
      <Track paramType="Scale" Type="4" Flags="0" HasCustomColor="0" ValueType="1">
       <NewSubTrack Flags="0" defaultValue="0,0.1" HasCustomColor="0">
        <Key time="9.0549059" value="9.0549059,0.1" flags="9" ds="1,0" dd="0.0037050247,0"/>
        <Key time="9.1024504" value="9.1024504,0.1" flags="9" ds="0.0037050247,0" dd="0.073058128,0"/>
        <Key time="9.4628735" value="9.4628735,0.5" flags="9" ds="0.026369732,0" dd="0.026369732,0"/>
       </NewSubTrack>
       <NewSubTrack Flags="0" defaultValue="0,0.1" HasCustomColor="0">
        <Key time="9.0549059" value="9.0549059,0.1" flags="9" ds="1,0" dd="0.0037050247,0"/>
        <Key time="9.1024504" value="9.1024504,0.1" flags="9" ds="0.0037050247,0" dd="0.073058128,0"/>
        <Key time="9.4628735" value="9.4628735,0.5" flags="9" ds="0.026369732,0" dd="0.026369732,0"/>
       </NewSubTrack>
       <NewSubTrack Flags="0" defaultValue="0,0.1" HasCustomColor="0">
        <Key time="9.0549059" value="9.0549059,0.1" flags="9" ds="1,0" dd="0.0037050247,0"/>
        <Key time="9.1024504" value="9.1024504,0.1" flags="9" ds="0.0037050247,0" dd="0.073058128,0"/>
        <Key time="9.4628735" value="9.4628735,0.5" flags="9" ds="0.026369732,0" dd="0.026369732,0"/>
       </NewSubTrack>
      </Track>
     </Node>
     <Node Id="33" Type="Entity" Name="Gloo_010" Flags="0" paramIdVersion="9" EntityGUID="410058669DE2BDD9">
      <Track paramType="Scale" Type="4" Flags="0" HasCustomColor="0" ValueType="1">
       <NewSubTrack Flags="0" defaultValue="0,0.1" HasCustomColor="0">
        <Key time="9.1080103" value="9.1080103,0.1" flags="9" ds="1,0" dd="0.0037050247,0"/>
        <Key time="9.1555548" value="9.1555548,0.1" flags="9" ds="0.0037050247,0" dd="0.073058128,0"/>
        <Key time="9.4871416" value="9.4871416,0.5" flags="9" ds="0.026369732,0" dd="0.026369732,0"/>
       </NewSubTrack>
       <NewSubTrack Flags="0" defaultValue="0,0.1" HasCustomColor="0">
        <Key time="9.1080103" value="9.1080103,0.1" flags="9" ds="1,0" dd="0.0037050247,0"/>
        <Key time="9.1555548" value="9.1555548,0.1" flags="9" ds="0.0037050247,0" dd="0.073058128,0"/>
        <Key time="9.4871416" value="9.4871416,0.5" flags="9" ds="0.026369732,0" dd="0.026369732,0"/>
       </NewSubTrack>
       <NewSubTrack Flags="0" defaultValue="0,0.1" HasCustomColor="0">
        <Key time="9.1080103" value="9.1080103,0.1" flags="9" ds="1,0" dd="0.0037050247,0"/>
        <Key time="9.1555548" value="9.1555548,0.1" flags="9" ds="0.0037050247,0" dd="0.073058128,0"/>
        <Key time="9.4871416" value="9.4871416,0.5" flags="9" ds="0.026369732,0" dd="0.026369732,0"/>
       </NewSubTrack>
      </Track>
     </Node>
     <Node Id="34" Type="Entity" Name="Gloo_011" Flags="0" paramIdVersion="9" EntityGUID="4A8993AA2D29CC11">
      <Track paramType="Scale" Type="4" Flags="0" HasCustomColor="0" ValueType="1">
       <NewSubTrack Flags="0" defaultValue="0,0.1" HasCustomColor="0">
        <Key time="9.1729012" value="9.1729012,0.1" flags="9" ds="1,0" dd="0.0037050247,0"/>
        <Key time="9.2204456" value="9.2204456,0.1" flags="9" ds="0.0037050247,0" dd="0.073058128,0"/>
        <Key time="9.5127106" value="9.5127106,0.5" flags="9" ds="0.026369732,0" dd="0.026369732,0"/>
       </NewSubTrack>
       <NewSubTrack Flags="0" defaultValue="0,0.1" HasCustomColor="0">
        <Key time="9.1729012" value="9.1729012,0.1" flags="9" ds="1,0" dd="0.0037050247,0"/>
        <Key time="9.2204456" value="9.2204456,0.1" flags="9" ds="0.0037050247,0" dd="0.073058128,0"/>
        <Key time="9.5127106" value="9.5127106,0.5" flags="9" ds="0.026369732,0" dd="0.026369732,0"/>
       </NewSubTrack>
       <NewSubTrack Flags="0" defaultValue="0,0.1" HasCustomColor="0">
        <Key time="9.1729012" value="9.1729012,0.1" flags="9" ds="1,0" dd="0.0037050247,0"/>
        <Key time="9.2204456" value="9.2204456,0.1" flags="9" ds="0.0037050247,0" dd="0.073058128,0"/>
        <Key time="9.5127106" value="9.5127106,0.5" flags="9" ds="0.026369732,0" dd="0.026369732,0"/>
       </NewSubTrack>
      </Track>
     </Node>
     <Node Id="35" Type="Entity" Name="Gloo_012" Flags="0" paramIdVersion="9" EntityGUID="424DB9091B464973">
      <Track paramType="Scale" Type="4" Flags="0" HasCustomColor="0" ValueType="1">
       <NewSubTrack Flags="0" defaultValue="0,0.1" HasCustomColor="0">
        <Key time="9.1991119" value="9.1991119,0.1" flags="9" ds="1,0" dd="0.0037050247,0"/>
        <Key time="9.2466564" value="9.2466564,0.1" flags="9" ds="0.0037050247,0" dd="0.073058128,0"/>
        <Key time="9.5284357" value="9.5284357,0.5" flags="9" ds="0.026369732,0" dd="0.026369732,0"/>
       </NewSubTrack>
       <NewSubTrack Flags="0" defaultValue="0,0.1" HasCustomColor="0">
        <Key time="9.1991119" value="9.1991119,0.1" flags="9" ds="1,0" dd="0.0037050247,0"/>
        <Key time="9.2466564" value="9.2466564,0.1" flags="9" ds="0.0037050247,0" dd="0.073058128,0"/>
        <Key time="9.5284357" value="9.5284357,0.5" flags="9" ds="0.026369732,0" dd="0.026369732,0"/>
       </NewSubTrack>
       <NewSubTrack Flags="0" defaultValue="0,0.1" HasCustomColor="0">
        <Key time="9.1991119" value="9.1991119,0.1" flags="9" ds="1,0" dd="0.0037050247,0"/>
        <Key time="9.2466564" value="9.2466564,0.1" flags="9" ds="0.0037050247,0" dd="0.073058128,0"/>
        <Key time="9.5284357" value="9.5284357,0.5" flags="9" ds="0.026369732,0" dd="0.026369732,0"/>
       </NewSubTrack>
      </Track>
     </Node>
     <Node Id="37" Type="Event" Name="Briefcase" Flags="4" paramIdVersion="9">
      <Track paramType="TrackEvent" Type="-1" Flags="0" StartTime="0" EndTime="16.66667" HasCustomColor="0" ValueType="-1">
       <Key time="4.6332955" event="DropBriefCase"/>
      </Track>
     </Node>
     <Node Id="38" Type="Event" Name="Gloo_001_Start" Flags="4" paramIdVersion="9">
      <Track paramType="TrackEvent" Type="-1" Flags="0" StartTime="0" EndTime="16.66667" HasCustomColor="0" ValueType="-1">
       <Key time="8.0220404" event="Gloo_001Start"/>
      </Track>
     </Node>
     <Node Id="39" Type="Event" Name="Gloo_002_Start" Flags="4" paramIdVersion="9">
      <Track paramType="TrackEvent" Type="-1" Flags="0" StartTime="0" EndTime="16.66667" HasCustomColor="0" ValueType="-1">
       <Key time="8.2220392" event="Gloo_002Start"/>
      </Track>
     </Node>
     <Node Id="40" Type="Event" Name="Gloo_003_Start" Flags="4" paramIdVersion="9">
      <Track paramType="TrackEvent" Type="-1" Flags="0" StartTime="0" EndTime="16.66667" HasCustomColor="0" ValueType="-1">
       <Key time="8.4120398" event="Gloo_003Start"/>
      </Track>
     </Node>
     <Node Id="41" Type="Event" Name="Gloo_004_Start" Flags="4" paramIdVersion="9">
      <Track paramType="TrackEvent" Type="-1" Flags="0" StartTime="0" EndTime="16.66667" HasCustomColor="0" ValueType="-1">
       <Key time="8.5430155" event="Gloo_004Start"/>
      </Track>
     </Node>
     <Node Id="42" Type="Event" Name="Gloo_005_Start" Flags="4" paramIdVersion="9">
      <Track paramType="TrackEvent" Type="-1" Flags="0" StartTime="0" EndTime="16.66667" HasCustomColor="0" ValueType="-1">
       <Key time="8.6756725" event="Gloo_005Start"/>
      </Track>
     </Node>
     <Node Id="43" Type="Event" Name="Gloo_006_Start" Flags="4" paramIdVersion="9">
      <Track paramType="TrackEvent" Type="-1" Flags="0" StartTime="0" EndTime="16.66667" HasCustomColor="0" ValueType="-1">
       <Key time="8.7994242" event="Gloo_006Start"/>
      </Track>
     </Node>
     <Node Id="44" Type="Event" Name="Gloo_007_Start" Flags="4" paramIdVersion="9">
      <Track paramType="TrackEvent" Type="-1" Flags="0" StartTime="0" EndTime="16.66667" HasCustomColor="0" ValueType="-1">
       <Key time="8.8955355" event="Gloo_007Start"/>
      </Track>
     </Node>
     <Node Id="45" Type="Event" Name="Gloo_008_Start" Flags="4" paramIdVersion="9">
      <Track paramType="TrackEvent" Type="-1" Flags="0" StartTime="0" EndTime="16.66667" HasCustomColor="0" ValueType="-1">
       <Key time="8.9978476" event="Gloo_008Start"/>
      </Track>
     </Node>
     <Node Id="46" Type="Event" Name="Gloo_009_Start" Flags="4" paramIdVersion="9">
      <Track paramType="TrackEvent" Type="-1" Flags="0" StartTime="0" EndTime="16.66667" HasCustomColor="0" ValueType="-1">
       <Key time="9.055192" event="Gloo_009Start"/>
      </Track>
     </Node>
     <Node Id="47" Type="Event" Name="Gloo_010_Start" Flags="4" paramIdVersion="9">
      <Track paramType="TrackEvent" Type="-1" Flags="0" StartTime="0" EndTime="16.66667" HasCustomColor="0" ValueType="-1">
       <Key time="9.1079998" event="Gloo_010Start"/>
      </Track>
     </Node>
     <Node Id="48" Type="Event" Name="Gloo_011_Start" Flags="4" paramIdVersion="9">
      <Track paramType="TrackEvent" Type="-1" Flags="0" StartTime="0" EndTime="16.66667" HasCustomColor="0" ValueType="-1">
       <Key time="9.1744242" event="Gloo_011Start"/>
      </Track>
     </Node>
     <Node Id="49" Type="Event" Name="Gloo_012_Start" Flags="4" paramIdVersion="9">
      <Track paramType="TrackEvent" Type="-1" Flags="0" StartTime="0" EndTime="16.66667" HasCustomColor="0" ValueType="-1">
       <Key time="9.1990004" event="Gloo_012Start"/>
      </Track>
     </Node>
     <Node Id="50" Type="Entity" Name="Sq02_CINFX_Gloo_Muzzle_01" Flags="0" paramIdVersion="9" EntityGUID="4B4A6044931C6F3F">
      <Track paramType="Position" Type="4" Flags="0" HasCustomColor="0" ValueType="1">
       <NewSubTrack Flags="0" defaultValue="0,465.10248" HasCustomColor="0"/>
       <NewSubTrack Flags="0" defaultValue="0,430.23615" HasCustomColor="0"/>
       <NewSubTrack Flags="0" defaultValue="0,504.50269" HasCustomColor="0"/>
      </Track>
      <Track paramType="Rotation" Type="4" Flags="0" HasCustomColor="0" ValueType="2">
       <NewSubTrack Flags="0" defaultValue="0,90" HasCustomColor="0"/>
       <NewSubTrack Flags="0" defaultValue="0,-0" HasCustomColor="0"/>
       <NewSubTrack Flags="0" defaultValue="0,0" HasCustomColor="0"/>
      </Track>
      <Track paramType="Event" Type="-1" Flags="0" StartTime="0" EndTime="16.66667" HasCustomColor="0" ValueType="-1"/>
      <Track paramType="Attachment" Type="-1" Flags="0" StartTime="0" EndTime="16.66667" HasCustomColor="0" ValueType="-1">
       <Key time="0" parentName="Sq02_Googun" boneAttachName="muzzlefx" tOffset="0.5,0,0" rOffset="0.70710695,0,-0,-0.70710665" type="0" AutoHide="1"/>
      </Track>
      <Track paramUserValue="ScriptTable:Properties/bActive" paramType="ByString" Type="-1" Flags="0" StartTime="0" EndTime="16.66667" HasCustomColor="0" ValueType="3">
       <Key time="0"/>
       <Key time="4.9740162"/>
       <Key time="5.0694962"/>
       <Key time="5.1259532"/>
       <Key time="5.2189107"/>
       <Key time="5.3092642"/>
       <Key time="5.4220128"/>
       <Key time="5.503304"/>
       <Key time="5.6305671"/>
       <Key time="8.0217228"/>
       <Key time="8.1217232"/>
       <Key time="8.2151699"/>
       <Key time="8.3168659"/>
       <Key time="8.4065533"/>
       <Key time="8.4836159"/>
       <Key time="8.5368929"/>
       <Key time="8.5967236"/>
       <Key time="8.6717234"/>
       <Key time="8.7467232"/>
       <Key time="8.7967234"/>
       <Key time="8.8717232"/>
       <Key time="8.8999996"/>
       <Key time="8.9603205"/>
       <Key time="9"/>
       <Key time="9.1000004"/>
      </Track>
     </Node>
     <Node Id="51" Type="Entity" Name="Sq02_CINVFX_PaperDebris_00" Flags="0" paramIdVersion="9" EntityGUID="4CFA66B2F57956A4">
      <Track paramType="Position" Type="4" Flags="0" HasCustomColor="0" ValueType="1">
       <NewSubTrack Flags="0" defaultValue="0,465.77475" HasCustomColor="0"/>
       <NewSubTrack Flags="0" defaultValue="0,433.51413" HasCustomColor="0"/>
       <NewSubTrack Flags="0" defaultValue="0,503.16193" HasCustomColor="0"/>
      </Track>
      <Track paramType="Rotation" Type="4" Flags="0" HasCustomColor="0" ValueType="2">
       <NewSubTrack Flags="0" defaultValue="0,90" HasCustomColor="0"/>
       <NewSubTrack Flags="0" defaultValue="0,-0" HasCustomColor="0"/>
       <NewSubTrack Flags="0" defaultValue="0,0" HasCustomColor="0"/>
      </Track>
      <Track paramType="Event" Type="-1" Flags="0" StartTime="0" EndTime="16.66667" HasCustomColor="0" ValueType="-1"/>
      <Track paramUserValue="ScriptTable:Properties/bActive" paramType="ByString" Type="-1" Flags="0" StartTime="0" EndTime="16.66667" HasCustomColor="0" ValueType="3">
       <Key time="0"/>
       <Key time="3.5074997"/>
       <Key time="6.5374999"/>
      </Track>
     </Node>
     <Node Id="52" Type="Event" Name="GlooStreamEnabled" Flags="4" paramIdVersion="9">
      <Track paramType="TrackEvent" Type="-1" Flags="0" StartTime="0" EndTime="16.66667" HasCustomColor="0" ValueType="-1">
       <Key time="5" event="GlooStreamEnabled"/>
      </Track>
     </Node>
     <Node Id="53" Type="Event" Name="GlooStreamDisabled" Flags="4" paramIdVersion="9">
      <Track paramType="TrackEvent" Type="-1" Flags="0" StartTime="0" EndTime="16.66667" HasCustomColor="0" ValueType="-1">
       <Key time="5.8000002" event="GlooStreamDisabled"/>
      </Track>
     </Node>
     <Node Id="54" Type="Event" Name="GlooStreamEnabled2" Flags="4" paramIdVersion="9">
      <Track paramType="TrackEvent" Type="-1" Flags="0" StartTime="0" EndTime="16.66667" HasCustomColor="0" ValueType="-1">
       <Key time="8" event="GlooStreamEnabled2"/>
      </Track>
     </Node>
     <Node Id="55" Type="Event" Name="GlooStreamDisabled2" Flags="4" paramIdVersion="9">
      <Track paramType="TrackEvent" Type="-1" Flags="0" StartTime="0" EndTime="16.66667" HasCustomColor="0" ValueType="-1">
       <Key time="9.1999998" event="GlooStreamDisabled2"/>
      </Track>
     </Node>
     <Node Id="56" Type="Event" Name="OpenHatch" Flags="4" paramIdVersion="9">
      <Track paramType="TrackEvent" Type="-1" Flags="0" StartTime="0" EndTime="16.66667" HasCustomColor="0" ValueType="-1">
       <Key time="13" event="OpenHatch"/>
      </Track>
     </Node>
     <Node Id="57" Type="Event" Name="ThaddeusHit" Flags="4" paramIdVersion="9">
      <Track paramType="TrackEvent" Type="-1" Flags="0" StartTime="0" EndTime="16.66667" HasCustomColor="0" ValueType="-1">
       <Key time="16" event="ThaddeusHit"/>
      </Track>
     </Node>
     <Node Id="58" Type="Event" Name="PhantomGlooed" Flags="4" paramIdVersion="9">
      <Track paramType="TrackEvent" Type="-1" Flags="0" StartTime="0" EndTime="16.66667" HasCustomColor="0" ValueType="-1">
       <Key time="4.5" event="PhantomGlooed"/>
      </Track>
     </Node>
     <Node Id="59" Type="Event" Name="PhantomShift" Flags="4" paramIdVersion="9">
      <Track paramType="TrackEvent" Type="-1" Flags="0" StartTime="0" EndTime="16.66667" HasCustomColor="0" ValueType="-1">
       <Key time="11.5" event="PhantomShift"/>
      </Track>
     </Node>
     <Node Id="60" Type="Event" Name="PhantomShoot" Flags="4" paramIdVersion="9">
      <Track paramType="TrackEvent" Type="-1" Flags="0" StartTime="0" EndTime="16.66667" HasCustomColor="0" ValueType="-1">
       <Key time="14" event="PhantomShoot"/>
      </Track>
     </Node>
     <Node Id="61" Type="Event" Name="BreakGloo" Flags="4" paramIdVersion="9">
      <Track paramType="TrackEvent" Type="-1" Flags="0" StartTime="0" EndTime="16.66667" HasCustomColor="0" ValueType="-1">
       <Key time="10.5" event="BreakGloo"/>
      </Track>
     </Node>
     <Node Id="62" Type="Event" Name="PhantomShift1" Flags="4" paramIdVersion="9">
      <Track paramType="TrackEvent" Type="-1" Flags="0" StartTime="0" EndTime="16.66667" HasCustomColor="0" ValueType="-1">
       <Key time="1" event="PhantomShift1"/>
      </Track>
     </Node>
     <Node Id="63" Type="Event" Name="PhantomShift2" Flags="4" paramIdVersion="9">
      <Track paramType="TrackEvent" Type="-1" Flags="0" StartTime="0" EndTime="16.66667" HasCustomColor="0" ValueType="-1">
       <Key time="3" event="PhantomShift2"/>
      </Track>
     </Node>
     <Node Id="64" Type="Event" Name="PhantomAttack" Flags="4" paramIdVersion="9">
      <Track paramType="TrackEvent" Type="-1" Flags="0" StartTime="0" EndTime="16.66667" HasCustomColor="0" ValueType="-1">
       <Key time="4.5" event="PhantomAttack"/>
      </Track>
     </Node>
     <Node Id="65" Type="Event" Name="PhantomAttack2" Flags="4" paramIdVersion="9">
      <Track paramType="TrackEvent" Type="-1" Flags="0" StartTime="0" EndTime="16.66667" HasCustomColor="0" ValueType="-1">
       <Key time="13" event="PhantomAttack2"/>
      </Track>
     </Node>
    </Nodes>
    <Events>
     <Event Name="DropBriefCase"/>
     <Event Name="Gloo_001Start"/>
     <Event Name="Gloo_002Start"/>
     <Event Name="Gloo_003Start"/>
     <Event Name="Gloo_004Start"/>
     <Event Name="Gloo_005Start"/>
     <Event Name="Gloo_006Start"/>
     <Event Name="Gloo_007Start"/>
     <Event Name="Gloo_008Start"/>
     <Event Name="Gloo_009Start"/>
     <Event Name="Gloo_010Start"/>
     <Event Name="Gloo_011Start"/>
     <Event Name="Gloo_012Start"/>
     <Event Name="GlooStreamEnabled"/>
     <Event Name="GlooStreamDisabled"/>
     <Event Name="GlooStreamEnabled2"/>
     <Event Name="GlooStreamDisabled2"/>
     <Event Name="OpenHatch"/>
     <Event Name="ThaddeusHit"/>
     <Event Name="PhantomGlooed"/>
     <Event Name="BreakGloo"/>
     <Event Name="PhantomShift"/>
     <Event Name="PhantomShoot"/>
     <Event Name="PhantomShift1"/>
     <Event Name="PhantomShift2"/>
     <Event Name="PhantomAttack"/>
     <Event Name="PhantomAttack2"/>
    </Events>
   </Sequence>
   <Sequence SequenceVersion="3" Name="Sq04_LGSecret" Flags="0" StartTime="0" EndTime="92.066673" ID="0" ConversationID="BDDB548E553AC78B">
    <Nodes>
     <Node Id="23" Type="Group" Name="CinematicCharacters" Flags="4" paramIdVersion="9"/>
     <Node Id="29" Type="Entity" Name="CinematicCharacters.CinematicCharacter_LorenzoCalvino1" Flags="0" ParentNode="23" paramIdVersion="9" EntityGUID="4863B20A0A91BD9B">
      <Track paramType="Mannequin" Type="-1" Flags="0" StartTime="0" EndTime="92.066673" HasCustomColor="0" ValueType="-1">
       <Key time="0" fragName="Cs_Prototype_Sq04_CalvinoSecret_Calvino" duration="85.53334" priority="10" blendIn="-1" blendOut="-1" loop="1"/>
      </Track>
      <Track paramType="Dialog" Type="-1" Voice="BDDB548E5526984B" PAChannel="-1" Flags="0" StartTime="0" EndTime="92.066673" HasCustomColor="1" CustomColor="4288741375" ValueType="-1">
       <Key time="5.671844" dialogId="BDDB548E553AC7FC" channelId="2" duration="0.66929698" animTime="0" dialogBrief="You&apos;re leaving?"/>
       <Key time="8.833334" dialogId="BDDB548E553AC93A" channelId="2" duration="2.4913831" animTime="0" dialogBrief="Just turn it off then."/>
       <Key time="13.733334" dialogId="BDDB548E553AC98F" channelId="2" duration="5.9156008" animTime="0" dialogBrief="No. I suppose it&apos;s late after all. Go. Sleep."/>
       <Key time="21.733334" dialogId="BDDB548E553ACA4F" channelId="2" duration="3.669569" animTime="0" dialogBrief="What about me? Don&apos;t concern yourself. I&apos;ll finish."/>
       <Key time="27.972048" dialogId="BDDB548E553ACB9C" channelId="2" duration="1.0893199" animTime="0" dialogBrief="You guess."/>
       <Key time="30.100002" dialogId="BDDB548E553ACBC1" channelId="2" duration="12.094739" animTime="0" dialogBrief="You&apos;re always saying, &quot;I guess.&quot; &quot;That worked, I guess. I&apos;ll..."/>
       <Key time="44.915852" dialogId="BDDB548E553ACCF6" channelId="2" duration="1.181973" animTime="0.25586283" dialogBrief="*frustrated grunt*"/>
       <Key time="46.215851" dialogId="BDDB548E553ACE26" channelId="2" duration="2.831111" animTime="0" dialogBrief="Che rompi scatole..."/>
      </Track>
      <Track paramType="ArkPositioning" Type="-1" Flags="0" StartTime="0" EndTime="92.066673" HasCustomColor="0" ValueType="-1">
       <Key time="0" m="" q="-0.9997524,4.272794e-08,-4.4673193e-08,0.022251124" t="447.50232,427.25,501" eo="0" b="0.2"/>
      </Track>
      <Track paramType="ArkCollider" Type="-1" Flags="0" StartTime="0" EndTime="92.066673" HasCustomColor="0" ValueType="-1">
       <Key time="0" mode="5" resetOnExit="0" resetOnAbort="1"/>
      </Track>
     </Node>
     <Node Id="30" Type="Entity" Name="CinematicCharacters.CinematicCharacter_MiyuSato1" Flags="0" ParentNode="23" paramIdVersion="9" EntityGUID="4CC9DE36D9A5793C">
      <Track paramType="Mannequin" Type="-1" Flags="0" StartTime="0" EndTime="92.066673" HasCustomColor="0" ValueType="-1">
       <Key time="0" fragName="Cs_Prototype_Sq04_CalvinoSecret_Sato" duration="86.666672" priority="10" blendIn="-1" blendOut="-1" loop="1"/>
      </Track>
      <Track paramType="Dialog" Type="-1" Voice="BDDB548E54DBAF74" PAChannel="-1" Flags="0" StartTime="0" EndTime="92.066673" HasCustomColor="1" CustomColor="4288741375" ValueType="-1">
       <Key time="6.6722488" dialogId="BDDB548E553AC915" channelId="2" duration="1.7202719" animTime="0.030009981" dialogBrief="I thought we were done."/>
       <Key time="11.371966" dialogId="BDDB548E553AC946" channelId="2" duration="1.849161" animTime="0" dialogBrief="I feel like you&apos;re upset with me."/>
       <Key time="20.238939" dialogId="BDDB548E553AC998" channelId="2" duration="0.903265" animTime="0" dialogBrief="What about you?"/>
       <Key time="25.739082" dialogId="BDDB548E553ACA54" channelId="2" duration="1.954036" animTime="0" dialogBrief="Right. I guess I&apos;ll see you later then."/>
       <Key time="29.305805" dialogId="BDDB548E553ACBA4" channelId="2" duration="0.50283402" animTime="0" dialogBrief="What?"/>
       <Key time="42.538502" dialogId="BDDB548E553ACBDF" channelId="2" duration="1.873152" animTime="0" dialogBrief="Good night, Dr. Calvino."/>
      </Track>
      <Track paramType="ArkPositioning" Type="-1" Flags="0" StartTime="0" EndTime="92.066673" HasCustomColor="0" ValueType="-1">
       <Key time="0" m="" q="0.86602539,-0,0,-0.5" t="442.0213,425.85446,501.00003" eo="0" b="0.2"/>
      </Track>
     </Node>
     <Node Id="36" Type="Entity" Name="looking_glass_wood_door3" Flags="0" paramIdVersion="9" EntityGUID="4F53146166BCA69A">
      <Track paramType="Position" Type="4" Flags="0" HasCustomColor="0" ValueType="1">
       <NewSubTrack Flags="0" defaultValue="0,447.79999" HasCustomColor="0">
        <Key time="0" value="0,447.79999" flags="73" ds="27.350002,0" dd="27.350002,0"/>
        <Key time="82.5" value="82.5,447.79999" flags="73" ds="1,0" dd="0.25,0"/>
        <Key time="82.999557" value="82.999557,447.79999" flags="73" ds="0.083333336,0" dd="0.083333336,0"/>
        <Key time="83.199554" value="83.199554,447.79999" flags="73" ds="0.066665649,0" dd="0.066665649,0"/>
        <Key time="84.499451" value="84.499451,447.19998" flags="73" ds="0.33333334,0" dd="0.33333334,0"/>
       </NewSubTrack>
       <NewSubTrack Flags="0" defaultValue="0,420.28" HasCustomColor="0">
        <Key time="0" value="0,420.22995" flags="73" ds="27.350002,0" dd="27.350002,0"/>
        <Key time="82.5" value="82.5,420.22995" flags="73" ds="1,0" dd="0.25,0"/>
        <Key time="82.999557" value="82.999557,420.32996" flags="73" ds="0.083333336,0" dd="0.083333336,0"/>
        <Key time="83.199554" value="83.199554,420.32996" flags="73" ds="0.066665649,0" dd="0.066665649,0"/>
        <Key time="84.499451" value="84.499451,420.32996" flags="73" ds="0.33333334,0" dd="0.33333334,0"/>
       </NewSubTrack>
       <NewSubTrack Flags="0" defaultValue="0,501" HasCustomColor="0">
        <Key time="0" value="0,500.99997" flags="73" ds="27.350002,0" dd="27.350002,0"/>
        <Key time="82.5" value="82.5,500.99997" flags="73" ds="1,0" dd="0.25,0"/>
        <Key time="82.999557" value="82.999557,500.99997" flags="73" ds="0.083333336,0" dd="0.083333336,0"/>
        <Key time="83.199554" value="83.199554,500.99997" flags="73" ds="0.066665649,0" dd="0.066665649,0"/>
        <Key time="84.499451" value="84.499451,500.99997" flags="73" ds="0.33333334,0" dd="0.33333334,0"/>
       </NewSubTrack>
      </Track>
      <Track paramType="Rotation" Type="4" Flags="0" HasCustomColor="0" ValueType="2">
       <NewSubTrack Flags="0" defaultValue="0,0" HasCustomColor="0">
        <Key time="0" value="0,0" flags="73" ds="1,0" dd="1,0"/>
       </NewSubTrack>
       <NewSubTrack Flags="0" defaultValue="0,0" HasCustomColor="0">
        <Key time="0" value="0,0" flags="73" ds="1,0" dd="1,0"/>
       </NewSubTrack>
       <NewSubTrack Flags="0" defaultValue="0,-3.4150946e-06" HasCustomColor="0">
        <Key time="0" value="0,-3.4150944e-06" flags="73" ds="1,0" dd="1,0"/>
       </NewSubTrack>
      </Track>
      <Track paramType="Event" Type="-1" Flags="0" StartTime="0" EndTime="92.066673" HasCustomColor="0" ValueType="-1"/>
      <Track paramType="Visibility" Type="-1" Flags="0" StartTime="0" EndTime="92.066673" HasCustomColor="0" ValueType="3">
       <Key time="92.066673"/>
      </Track>
     </Node>
     <Node Id="37" Type="Entity" Name="Sq04_LG_Anchor" Flags="0" paramIdVersion="9" EntityGUID="4D36BFD8D3C5023A">
      <Track paramType="Position" Type="4" Flags="0" HasCustomColor="0" ValueType="1">
       <NewSubTrack Flags="0" defaultValue="0,448.88394" HasCustomColor="0">
        <Key time="0" value="0,446.5517" flags="73" ds="3.3060703,0" dd="1.1130381,0"/>
        <Key time="1.1130381" value="1.1130381,446.64877" flags="73" ds="0.37101269,0" dd="0.37101269,0"/>
        <Key time="2.081789" value="2.081789,446.73938" flags="73" ds="0.32291698,0" dd="0.32291698,0"/>
        <Key time="3.0974121" value="3.0974121,446.91898" flags="73" ds="0.33854103,0" dd="0.33854103,0"/>
        <Key time="4.0661621" value="4.0661621,447.20575" flags="73" ds="0.32291669,0" dd="0.32291669,0"/>
        <Key time="5.0974121" value="5.0974121,447.47891" flags="73" ds="0.34375,0" dd="0.34375,0"/>
        <Key time="6.0661621" value="6.0661621,447.82053" flags="73" ds="0.32291669,0" dd="0.32291669,0"/>
        <Key time="7.081789" value="7.081789,448.14615" flags="73" ds="0.33854231,0" dd="0.33854231,0"/>
        <Key time="8.0661621" value="8.0661621,448.63184" flags="73" ds="0.32812437,0" dd="0.32812437,0"/>
        <Key time="9.0661621" value="9.0661621,448.77979" flags="73" ds="0.33333334,0" dd="0.33333334,0"/>
        <Key time="10.081789" value="10.081789,448.89951" flags="73" ds="0.33854231,0" dd="0.33854231,0"/>
       </NewSubTrack>
       <NewSubTrack Flags="0" defaultValue="0,434.49857" HasCustomColor="0">
        <Key time="0" value="0,430.79965" flags="73" ds="3.3060703,0" dd="1.1130381,0"/>
        <Key time="1.1130381" value="1.1130381,431.1619" flags="73" ds="0.37101269,0" dd="0.37101269,0"/>
        <Key time="2.081789" value="2.081789,431.50003" flags="73" ds="0.32291698,0" dd="0.32291698,0"/>
        <Key time="3.0974121" value="3.0974121,431.88516" flags="73" ds="0.33854103,0" dd="0.33854103,0"/>
        <Key time="4.0661621" value="4.0661621,432.29471" flags="73" ds="0.32291669,0" dd="0.32291669,0"/>
        <Key time="5.0974121" value="5.0974121,432.62024" flags="73" ds="0.34375,0" dd="0.34375,0"/>
        <Key time="6.0661621" value="6.0661621,432.87427" flags="73" ds="0.32291669,0" dd="0.32291669,0"/>
        <Key time="7.081789" value="7.081789,433.14749" flags="73" ds="0.33854231,0" dd="0.33854231,0"/>
        <Key time="8.0661621" value="8.0661621,433.84109" flags="73" ds="0.32812437,0" dd="0.32812437,0"/>
        <Key time="9.0661621" value="9.0661621,434.15839" flags="73" ds="0.33333334,0" dd="0.33333334,0"/>
        <Key time="10.081789" value="10.081789,434.4873" flags="73" ds="0.33854231,0" dd="0.33854231,0"/>
       </NewSubTrack>
       <NewSubTrack Flags="0" defaultValue="0,511.57004" HasCustomColor="0">
        <Key time="0" value="0,511.57004" flags="73" ds="3.3060703,0" dd="1.1130381,0"/>
        <Key time="1.1130381" value="1.1130381,511.57004" flags="73" ds="0.37101269,0" dd="0.37101269,0"/>
        <Key time="2.081789" value="2.081789,511.57004" flags="73" ds="0.32291698,0" dd="0.32291698,0"/>
        <Key time="3.0974121" value="3.0974121,511.57004" flags="73" ds="0.33854103,0" dd="0.33854103,0"/>
        <Key time="4.0661621" value="4.0661621,511.57004" flags="73" ds="0.32291669,0" dd="0.32291669,0"/>
        <Key time="5.0974121" value="5.0974121,511.57004" flags="73" ds="0.34375,0" dd="0.34375,0"/>
        <Key time="6.0661621" value="6.0661621,511.57004" flags="73" ds="0.32291669,0" dd="0.32291669,0"/>
        <Key time="7.081789" value="7.081789,511.57004" flags="73" ds="0.33854231,0" dd="0.33854231,0"/>
        <Key time="8.0661621" value="8.0661621,511.57004" flags="73" ds="0.32812437,0" dd="0.32812437,0"/>
        <Key time="9.0661621" value="9.0661621,511.57004" flags="73" ds="0.33333334,0" dd="0.33333334,0"/>
        <Key time="10.081789" value="10.081789,511.57004" flags="73" ds="0.33854231,0" dd="0.33854231,0"/>
       </NewSubTrack>
      </Track>
      <Track paramType="Rotation" Type="4" Flags="0" HasCustomColor="0" ValueType="2">
       <NewSubTrack Flags="0" defaultValue="0,0" HasCustomColor="0">
        <Key time="0" value="0,0" flags="73" ds="0.67701805,0" dd="0.67701805,0"/>
        <Key time="1.081789" value="1.081789,0" flags="73" ds="0.33333334,0" dd="0.33333334,0"/>
        <Key time="2.081789" value="2.081789,0" flags="73" ds="0.33333334,0" dd="0.33333334,0"/>
        <Key time="3.0974121" value="3.0974121,0" flags="73" ds="0.33854103,0" dd="0.33854103,0"/>
        <Key time="4.0661621" value="4.0661621,0" flags="73" ds="0.32291669,0" dd="0.32291669,0"/>
        <Key time="5.0974121" value="5.0974121,0" flags="73" ds="0.34375,0" dd="0.34375,0"/>
        <Key time="6.081789" value="6.081789,0" flags="73" ds="0.32812566,0" dd="0.32812566,0"/>
        <Key time="7.081789" value="7.081789,0" flags="73" ds="0.33333334,0" dd="0.33333334,0"/>
        <Key time="8.0661621" value="8.0661621,0" flags="73" ds="0.32812437,0" dd="0.32812437,0"/>
        <Key time="9.0661621" value="9.0661621,0" flags="73" ds="0.33333334,0" dd="0.33333334,0"/>
        <Key time="10.081789" value="10.081789,0" flags="73" ds="0.33854231,0" dd="0.33854231,0"/>
       </NewSubTrack>
       <NewSubTrack Flags="0" defaultValue="0,0" HasCustomColor="0">
        <Key time="0" value="0,0" flags="73" ds="0.67701805,0" dd="0.67701805,0"/>
        <Key time="1.081789" value="1.081789,0" flags="73" ds="0.33333334,0" dd="0.33333334,0"/>
        <Key time="2.081789" value="2.081789,0" flags="73" ds="0.33333334,0" dd="0.33333334,0"/>
        <Key time="3.0974121" value="3.0974121,0" flags="73" ds="0.33854103,0" dd="0.33854103,0"/>
        <Key time="4.0661621" value="4.0661621,0" flags="73" ds="0.32291669,0" dd="0.32291669,0"/>
        <Key time="5.0974121" value="5.0974121,0" flags="73" ds="0.34375,0" dd="0.34375,0"/>
        <Key time="6.081789" value="6.081789,0" flags="73" ds="0.32812566,0" dd="0.32812566,0"/>
        <Key time="7.081789" value="7.081789,0" flags="73" ds="0.33333334,0" dd="0.33333334,0"/>
        <Key time="8.0661621" value="8.0661621,0" flags="73" ds="0.32812437,0" dd="0.32812437,0"/>
        <Key time="9.0661621" value="9.0661621,0" flags="73" ds="0.33333334,0" dd="0.33333334,0"/>
        <Key time="10.081789" value="10.081789,0" flags="73" ds="0.33854231,0" dd="0.33854231,0"/>
       </NewSubTrack>
       <NewSubTrack Flags="0" defaultValue="0,-104.99999" HasCustomColor="0">
        <Key time="0" value="0,-104.99998" flags="73" ds="0.67701805,0" dd="0.67701805,0"/>
        <Key time="1.081789" value="1.081789,-104.99998" flags="73" ds="0.33333334,0" dd="0.33333334,0"/>
        <Key time="2.081789" value="2.081789,-114.99997" flags="73" ds="0.33333334,0" dd="0.33333334,0"/>
        <Key time="3.0974121" value="3.0974121,-124.99995" flags="73" ds="0.33854103,0" dd="0.33854103,0"/>
        <Key time="4.0661621" value="4.0661621,-129.99994" flags="73" ds="0.32291669,0" dd="0.32291669,0"/>
        <Key time="5.0974121" value="5.0974121,-139.99992" flags="73" ds="0.34375,0" dd="0.34375,0"/>
        <Key time="6.081789" value="6.081789,-139.99992" flags="73" ds="0.32812566,0" dd="0.32812566,0"/>
        <Key time="7.081789" value="7.081789,-129.99991" flags="73" ds="0.33333334,0" dd="0.33333334,0"/>
        <Key time="8.0661621" value="8.0661621,-114.99993" flags="73" ds="0.32812437,0" dd="0.32812437,0"/>
        <Key time="9.0661621" value="9.0661621,-109.99992" flags="73" ds="0.33333334,0" dd="0.33333334,0"/>
        <Key time="10.081789" value="10.081789,-99.999916" flags="73" ds="0.33854231,0" dd="0.33854231,0"/>
       </NewSubTrack>
      </Track>
      <Track paramType="Event" Type="-1" Flags="0" StartTime="0" EndTime="92.066673" HasCustomColor="0" ValueType="-1"/>
     </Node>
     <Node Id="39" Type="Entity" Name="Sq04_Calvinos_Tumbler2" Flags="0" paramIdVersion="9" EntityGUID="49A113B7796FB063">
      <Track paramType="Event" Type="-1" Flags="0" StartTime="0" EndTime="92.066673" HasCustomColor="0" ValueType="-1">
       <Key time="63.896011" eventValue="Sq04_ShowHandThermos01"/>
      </Track>
      <Track paramType="Attachment" Type="-1" Flags="0" StartTime="0" EndTime="92.066673" HasCustomColor="0" ValueType="-1">
       <Key time="63.896015" parentName="CinematicCharacters.CinematicCharacter_LorenzoCalvino1" boneAttachName="r_handprop" tOffset="0,0,0" rOffset="1,0,0,0" type="0" AutoHide="1"/>
      </Track>
      <Track paramType="ArkPositioning" Type="-1" Flags="0" StartTime="0" EndTime="92.066673" HasCustomColor="0" ValueType="-1">
       <Key time="0" m="" q="0.44619799,0,0,0.8949343" t="446.64044,427.2655,501.85001" eo="0" b="0.2"/>
      </Track>
     </Node>
     <Node Id="40" Type="Event" Name="OpenLabDoor" Flags="4" paramIdVersion="9">
      <Track paramType="TrackEvent" Type="-1" Flags="0" StartTime="0" EndTime="92.066673" HasCustomColor="0" ValueType="-1">
       <Key time="64" event="OpenLabDoor"/>
      </Track>
     </Node>
     <Node Id="41" Type="Event" Name="CloseLabDoor" Flags="4" paramIdVersion="9">
      <Track paramType="TrackEvent" Type="-1" Flags="0" StartTime="0" EndTime="92.066673" HasCustomColor="0" ValueType="-1">
       <Key time="68" event="CloseLabDoor"/>
      </Track>
     </Node>
     <Node Id="42" Type="Event" Name="OpenSecretStash" Flags="4" paramIdVersion="9">
      <Track paramType="TrackEvent" Type="-1" Flags="0" StartTime="0" EndTime="92.066673" HasCustomColor="0" ValueType="-1">
       <Key time="82.199997" event="OpenSecretStash"/>
      </Track>
     </Node>
     <Node Id="43" Type="Event" Name="VideoEnding" Flags="4" paramIdVersion="9">
      <Track paramType="TrackEvent" Type="-1" Flags="0" StartTime="0" EndTime="92.066673" HasCustomColor="0" ValueType="-1">
       <Key time="89" event="VideoEnding"/>
      </Track>
     </Node>
    </Nodes>
    <Events>
     <Event Name="Sq04_ToggleInHandOn01"/>
     <Event Name="Sq04_ToggleInHandOn02"/>
     <Event Name="Sq04_ToggleInHandOff01"/>
     <Event Name="Sq04_ToggleInHandOff02"/>
     <Event Name="Sq04_StartScene"/>
     <Event Name="OpenLabDoor"/>
     <Event Name="CloseLabDoor"/>
     <Event Name="OpenSecretStash"/>
     <Event Name="VideoEnding"/>
    </Events>
   </Sequence>
   <Sequence SequenceVersion="3" Name="KasparLoopNew" Flags="4" StartTime="0" EndTime="2.4300001" ID="0" ConversationID="DEDEDEDEDEDEDEDE">
    <Nodes>
     <Node Id="1" Type="DynamicEntity" Name="Kaspar" Flags="4" paramIdVersion="9" EntityGUID="0" debugArchetypeName="ArkRobots.Operators\Named.Kaspar">
      <Track paramType="Mannequin" Type="-1" Flags="0" StartTime="0" EndTime="2.4300001" HasCustomColor="0" ValueType="-1">
       <Key time="0" fragName="Hacking" tags="Loop" priority="10" blendIn="0.2" blendOut="0.2" loop="1"/>
      </Track>
      <Track paramType="ArkPositioning" Type="-1" Flags="0" StartTime="0" EndTime="2.4300001" HasCustomColor="0" ValueType="-1">
       <Key time="0" m="TagPoint_Kaspar" q="1,0,-0,-8.7422769e-08" t="491.28,494.29001,509.41" eo="0" b="0.2"/>
      </Track>
     </Node>
    </Nodes>
    <Events />
   </Sequence>
   <Sequence SequenceVersion="3" Name="Operator_Atrium" Flags="0" StartTime="0" EndTime="3" ID="0" ConversationID="DEDEDEDEDEDEDEDE">
    <Nodes>
     <Node Id="1" Type="Entity" Name="Apartment.Operator_Assembled2" Flags="0" paramIdVersion="9" EntityGUID="4E997B2F55997FA7">
      <Track paramType="Position" Type="4" Flags="0" HasCustomColor="0" ValueType="1">
       <NewSubTrack Flags="0" defaultValue="0,519.17432" HasCustomColor="0">
        <Key time="0" value="0,519.17432" flags="73" ds="1,0" dd="1,0"/>
        <Key time="1.5039999" value="1.5039999,519.17432" flags="73" ds="0.33333334,0" dd="0.33333334,0"/>
        <Key time="2.2160001" value="2.2160001,518.75427" flags="73" ds="0.17333333,0" dd="0.17333333,0"/>
        <Key time="2.974" value="2.974,518.75427" flags="73" ds="0.15666668,0" dd="0.15666668,0"/>
       </NewSubTrack>
       <NewSubTrack Flags="0" defaultValue="0,435.43204" HasCustomColor="0">
        <Key time="0" value="0,435.43204" flags="73" ds="1,0" dd="1,0"/>
        <Key time="1.5039999" value="1.5039999,435.43204" flags="73" ds="0.33333334,0" dd="0.33333334,0"/>
        <Key time="2.2160001" value="2.2160001,435.64517" flags="73" ds="0.17333333,0" dd="0.17333333,0"/>
        <Key time="2.974" value="2.974,435.88528" flags="73" ds="0.15666668,0" dd="0.15666668,0"/>
       </NewSubTrack>
       <NewSubTrack Flags="0" defaultValue="0,507.0816" HasCustomColor="0">
        <Key time="0" value="0,507.0816" flags="73" ds="1,0" dd="1,0"/>
        <Key time="1.5039999" value="1.5039999,508.01129" flags="73" ds="0.33333334,0" dd="0.33333334,0"/>
        <Key time="2.2160001" value="2.2160001,507.82751" flags="73" ds="0.17333333,0" dd="0.17333333,0"/>
        <Key time="2.974" value="2.974,508.00507" flags="73" ds="0.15666668,0" dd="0.15666668,0"/>
       </NewSubTrack>
      </Track>
      <Track paramType="Rotation" Type="4" Flags="0" HasCustomColor="0" ValueType="2">
       <NewSubTrack Flags="0" defaultValue="0,0" HasCustomColor="0">
        <Key time="0" value="0,0" flags="73" ds="1,0" dd="1,0"/>
        <Key time="1.5039999" value="1.5039999,0" flags="73" ds="0.33333334,0" dd="0.33333334,0"/>
        <Key time="2.2160001" value="2.2160001,0" flags="73" ds="0.17333333,0" dd="0.17333333,0"/>
        <Key time="2.974" value="2.974,6.0370957e-07" flags="73" ds="0.15666668,0" dd="0.15666668,0"/>
       </NewSubTrack>
       <NewSubTrack Flags="0" defaultValue="0,-90" HasCustomColor="0">
        <Key time="0" value="0,-90" flags="73" ds="1,0" dd="1,0"/>
        <Key time="1.5039999" value="1.5039999,0" flags="73" ds="0.33333334,0" dd="0.33333334,0"/>
        <Key time="2.2160001" value="2.2160001,-19.999998" flags="73" ds="0.17333333,0" dd="0.17333333,0"/>
        <Key time="2.974" value="2.974,1.8111273e-06" flags="73" ds="0.15666668,0" dd="0.15666668,0"/>
       </NewSubTrack>
       <NewSubTrack Flags="0" defaultValue="0,-34.999992" HasCustomColor="0">
        <Key time="0" value="0,-34.999992" flags="73" ds="1,0" dd="1,0"/>
        <Key time="1.5039999" value="1.5039999,-89.999985" flags="73" ds="0.33333334,0" dd="0.33333334,0"/>
        <Key time="2.2160001" value="2.2160001,-89.999969" flags="73" ds="0.17333333,0" dd="0.17333333,0"/>
        <Key time="2.974" value="2.974,-89.999954" flags="73" ds="0.15666668,0" dd="0.15666668,0"/>
       </NewSubTrack>
      </Track>
      <Track paramType="Event" Type="-1" Flags="0" StartTime="0" EndTime="3" HasCustomColor="0" ValueType="-1"/>
     </Node>
    </Nodes>
    <Events />
   </Sequence>
   <Sequence SequenceVersion="3" Name="Sq09_Satellite" Flags="0" StartTime="0" EndTime="6" ID="0" ConversationID="DEDEDEDEDEDEDEDE">
    <Nodes>
     <Node Id="4" Type="Entity" Name="Satellite_A1" Flags="0" paramIdVersion="9" EntityGUID="4354987614587CE4">
      <Track paramType="Position" Type="4" Flags="0" HasCustomColor="0" ValueType="1">
       <NewSubTrack Flags="0" defaultValue="0,417.5759" HasCustomColor="0">
        <Key time="0" value="0,417.57599" flags="100" ds="0,0" dd="1.088889,0"/>
        <Key time="3.2666669" value="3.2666669,417.57599" flags="36" ds="1.088889,0" dd="0.060720526,-1.0172526e-05"/>
        <Key time="3.4488285" value="3.4488285,417.57596" flags="73" ds="0.061453637,0" dd="0.031943191,0"/>
        <Key time="3.5471325" value="3.5471325,417.57596" flags="73" ds="0.033806328,-1.3536584e-06" dd="0.13333344,-5.3388799e-06"/>
        <Key time="3.7137992" value="3.7137992,417.57596" flags="9" ds="0.033806328,-1.3536584e-06" dd="0.052867651,-2.1169035e-06"/>
        <Key time="3.7666669" value="3.7666669,417.57596" flags="9" ds="0.033806328,-1.3536584e-06" dd="0.055158582,-2.208636e-06"/>
        <Key time="3.919049" value="3.919049,417.57596" flags="73" ds="0.046648689,3.1443574e-06" dd="0.10085327,6.79802e-06"/>
        <Key time="4.1733284" value="4.1733284,417.57596" flags="73" ds="0.070905067,-2.0873349e-06" dd="0.060866941,-1.791828e-06"/>
        <Key time="4.3332362" value="4.3332362,417.57599" flags="73" ds="0.047436137,0" dd="0.031956296,0"/>
        <Key time="4.4249864" value="4.4249864,417.57596" flags="73" ds="0.029729193,2.8358684e-06" dd="0.030883336,2.9459623e-06"/>
        <Key time="4.5114937" value="4.5114937,417.57596" flags="73" ds="0.026533067,4.2862198e-06" dd="0.083666503,1.3515702e-05"/>
        <Key time="4.6643128" value="4.6643128,417.57602" flags="73" ds="0.0094248177,0" dd="0.020412747,0"/>
        <Key time="4.9446855" value="4.9446855,417.57596" flags="73" ds="0.13907473,-1.7447315e-05" dd="0.1041847,-1.3070263e-05"/>
        <Key time="5.2461505" value="5.2461505,417.5759" flags="100" ds="0.10048835,-2.0345053e-05" dd="0.026838779,0"/>
        <Key time="5.3266668" value="5.3266668,417.5759" flags="73" ds="0.028842179,8.6893175e-07" dd="0.039790884,1.1987846e-06"/>
        <Key time="5.4525886" value="5.4525886,417.5759" flags="73" ds="0.043869562,2.4888379e-06" dd="0.0174064,9.8751173e-07"/>
        <Key time="5.5045972" value="5.5045972,417.57593" flags="73" ds="0.017425504,7.9809359e-07" dd="0.034436457,1.5772006e-06"/>
        <Key time="5.6069379" value="5.6069379,417.5759" flags="73" ds="0.032453962,-5.5400355e-06" dd="0.014132892,-2.4125477e-06"/>
        <Key time="5.7159901" value="5.7159901,417.57587" flags="73" ds="0.0483477,1.5893202e-05" dd="0.04448789,1.4624376e-05"/>
        <Key time="5.9333339" value="5.9333339,417.57593" flags="73" ds="0.023605039,0" dd="0.049258076,0"/>
       </NewSubTrack>
       <NewSubTrack Flags="0" defaultValue="0,461.177" HasCustomColor="0">
        <Key time="0" value="0,461.177" flags="100" ds="0,0" dd="1.088889,0"/>
        <Key time="3.2666669" value="3.2666669,461.177" flags="36" ds="1.088889,0" dd="0.060720526,2.0345053e-05"/>
        <Key time="3.4488285" value="3.4488285,461.17706" flags="73" ds="0.061453637,0" dd="0.031943191,0"/>
        <Key time="3.5471325" value="3.5471325,461.17703" flags="73" ds="0.033806328,-3.8675955e-07" dd="0.13333344,-1.5253943e-06"/>
        <Key time="3.7137992" value="3.7137992,461.17703" flags="9" ds="0.033806328,-3.8675955e-07" dd="0.052867651,-6.0482961e-07"/>
        <Key time="3.7666669" value="3.7666669,461.17703" flags="9" ds="0.033806328,-3.8675955e-07" dd="0.055158582,-6.3103886e-07"/>
        <Key time="3.919049" value="3.919049,461.177" flags="73" ds="0.046648689,2.0286177e-06" dd="0.10085327,4.3858195e-06"/>
        <Key time="4.1733284" value="4.1733284,461.177" flags="73" ds="0.070905067,-4.1746698e-06" dd="0.060866941,-3.5836561e-06"/>
        <Key time="4.3332362" value="4.3332362,461.177" flags="73" ds="0.047436137,-1.2155953e-05" dd="0.031956296,-8.1890994e-06"/>
        <Key time="4.4249864" value="4.4249864,461.17697" flags="73" ds="0.029729193,2.8358684e-06" dd="0.030883336,2.9459623e-06"/>
        <Key time="4.5114937" value="4.5114937,461.177" flags="73" ds="0.026533067,7.9601223e-06" dd="0.083666503,2.5100589e-05"/>
        <Key time="4.6643128" value="4.6643128,461.17703" flags="73" ds="0.0094248177,2.8762254e-06" dd="0.020412747,6.2294744e-06"/>
        <Key time="4.9446855" value="4.9446855,461.17697" flags="73" ds="0.13907473,-1.7447315e-05" dd="0.1041847,-1.3070263e-05"/>
        <Key time="5.2461505" value="5.2461505,461.17697" flags="100" ds="0.10048835,0" dd="0.026838779,0"/>
        <Key time="5.3266668" value="5.3266668,461.17697" flags="73" ds="0.028842179,1.7378635e-06" dd="0.039790884,2.3975692e-06"/>
        <Key time="5.4525886" value="5.4525886,461.17694" flags="73" ds="0.043869562,0" dd="0.0174064,0"/>
        <Key time="5.5045972" value="5.5045972,461.177" flags="73" ds="0.017425504,9.8226906e-07" dd="0.034436457,1.94117e-06"/>
        <Key time="5.6069379" value="5.6069379,461.177" flags="73" ds="0.032453962,5.5400355e-06" dd="0.014132892,2.4125477e-06"/>
        <Key time="5.7159901" value="5.7159901,461.17697" flags="73" ds="0.0483477,5.2977339e-06" dd="0.04448789,4.8747925e-06"/>
        <Key time="5.9333339" value="5.9333339,461.177" flags="73" ds="0.023605039,0" dd="0.049258076,0"/>
       </NewSubTrack>
       <NewSubTrack Flags="0" defaultValue="0,505.23999" HasCustomColor="0">
        <Key time="0" value="0,505.23578" flags="100" ds="0,0" dd="1.088889,0"/>
        <Key time="3.2666669" value="3.2666669,505.23578" flags="36" ds="1.088889,0" dd="0.060720526,0.010213217"/>
        <Key time="3.4488285" value="3.4488285,505.26642" flags="64" ds="0.060720526,-0.00071355875" dd="0.032768011,-0.00038507406"/>
        <Key time="3.5471325" value="3.5471325,505.23248" flags="64" ds="0.032768011,-0.0041966909" dd="0.055555582,-0.0071151587"/>
        <Key time="3.7137992" value="3.7137992,505.23248" ds="0.055555582,0" dd="0.017622553,0"/>
        <Key time="3.7666669" value="3.7666669,505.23248" flags="1" ds="0.017753124,0.0093078613" dd="0.050794046,0.086398497"/>
        <Key time="3.919049" value="3.919049,505.5816" flags="73" ds="0.052706134,0.098911658" dd="0.023544492,0.04418508"/>
        <Key time="3.9901829" value="3.9901829,505.63382" flags="73" ds="0.02381205,0.012317695" dd="0.016029445,0.0082918443"/>
        <Key time="4.0382576" value="4.0382576,505.68073" flags="73" ds="0.016000109,0.011270326" dd="0.045870107,0.032310471"/>
        <Key time="4.1733284" value="4.1733284,505.87494" flags="100" ds="0.045023602,0.064737961" dd="0.029661816,0.054168701"/>
        <Key time="4.2623138" value="4.2623138,506.03745" flags="73" ds="0.029661771,0.058493085" dd="0.023640756,0.046619631"/>
        <Key time="4.3332362" value="4.3332362,506.19031" flags="100" ds="0.023640793,0.050954185" dd="0.030583382,0.072662354"/>
        <Key time="4.4249864" value="4.4249864,506.40829" flags="100" ds="0.030583382,0.072662354" dd="0.028835773,0.078511558"/>
        <Key time="4.5114937" value="4.5114937,506.64383" flags="100" ds="0.028835773,0.078511558" dd="0.02569453,0.075297043"/>
        <Key time="4.5885773" value="4.5885773,506.86972" flags="73" ds="0.025694611,0.077618591" dd="0.02524527,0.076261215"/>
        <Key time="4.6643128" value="4.6643128,507.10547" flags="100" ds="0.02524519,0.078582764" dd="0.030450027,0.092905685"/>
        <Key time="4.7556629" value="4.7556629,507.38419" flags="73" ds="0.030450001,0.089410342" dd="0.034116875,0.10017738"/>
        <Key time="4.8580136" value="4.8580136,507.68634" flags="73" ds="0.034116816,0.097747706" dd="0.028890537,0.082773946"/>
        <Key time="4.9446855" value="4.9446855,507.92877" flags="100" ds="0.02889061,0.080810547" dd="0.029138088,0.077270508"/>
        <Key time="5.0320997" value="5.0320997,508.16058" flags="73" ds="0.029138066,0.073646009" dd="0.063391633,0.16022137"/>
        <Key time="5.2222748" value="5.2222748,508.64264" flags="73" ds="0.063391544,0.15642726" dd="0.0079585575,0.019638823"/>
        <Key time="5.2461505" value="5.2461505,508.6908" flags="100" ds="0.0079585714,0.016052246" dd="0.026838779,0.073476158"/>
        <Key time="5.3266668" value="5.3266668,508.91122" flags="73" ds="0.026666651,0.021216465" dd="0.042302627,0.033656728"/>
        <Key time="5.4525886" value="5.4525886,508.95349" flags="65" ds="0.062427998,-0.03302002" dd="0.013362248,0.00081798172"/>
        <Key time="5.4926753" value="5.4926753,508.92139" flags="100" ds="0.013362249,-0.010701498" dd="0.023419857,-0.0096232099"/>
        <Key time="5.5629349" value="5.5629349,508.89252" flags="100" ds="0.023419857,-0.0096232099" dd="0.022142094,0.001139323"/>
        <Key time="5.6293612" value="5.6293612,508.89594" flags="100" ds="0.022142094,0.001139323" dd="0.028876305,0.020935059"/>
        <Key time="5.7159901" value="5.7159901,508.95874" flags="100" ds="0.028876305,0.020935059" dd="0.072447941,0.0066324873"/>
        <Key time="5.9333339" value="5.9333339,508.97864" flags="73" ds="0.023529567,0" dd="0.049258076,0"/>
       </NewSubTrack>
      </Track>
      <Track paramType="Rotation" Type="4" Flags="0" HasCustomColor="0" ValueType="2">
       <NewSubTrack Flags="0" defaultValue="0,-83.000023" HasCustomColor="0">
        <Key time="3.2666669" value="3.2666669,-83.000015" flags="73" ds="0.24444446,0" dd="0.059261721,0"/>
        <Key time="3.5471325" value="3.5471325,-73.909691" flags="73" ds="0.1209195,0.60401893" dd="0.13333344,0.66602927"/>
        <Key time="3.7137992" value="3.7137992,-73.909691" flags="9" ds="0.1209195,0.60401893" dd="0.052867651,0.26408529"/>
        <Key time="3.7666669" value="3.7666669,-73.909691" flags="9" ds="0.052867651,0.26408529" dd="0.14126883,0.70566827"/>
        <Key time="4.1733284" value="4.1733284,-71.166321" flags="73" ds="0.12664768,-0.45763862" dd="0.21209779,-0.76641071"/>
        <Key time="4.6628852" value="4.6628852,-76.217171" flags="73" ds="0.099288091,0" dd="0.17515917,0"/>
        <Key time="5.246151" value="5.246151,-64.358978" flags="73" ds="0.18012689,-1.2375836" dd="0.019730704,-0.1355622"/>
        <Key time="5.3666668" value="5.3666668,-73.264297" flags="73" ds="0.026666641,0" dd="0.026666641,0"/>
        <Key time="5.4535747" value="5.4535747,-85.318817" flags="73" ds="0.042302608,0" dd="0.024894247,0"/>
        <Key time="5.6333337" value="5.6333337,-81.750557" flags="73" ds="0.062323965,0.3881776" dd="0.043582685,0.27144971"/>
        <Key time="5.8333335" value="5.8333335,-83.956909" flags="73" ds="0.024433389,0" dd="0.059373539,0"/>
       </NewSubTrack>
       <NewSubTrack Flags="0" defaultValue="0,-43.500004" HasCustomColor="0">
        <Key time="3.2666669" value="3.2666669,-43.517185" flags="73" ds="0.0082125664,0" dd="0.027696284,0"/>
        <Key time="3.5471325" value="3.5471325,-42.44482" flags="72" ds="0.093488544,0.22421509" dd="0.080144405,0.052547455"/>
        <Key time="3.7137992" value="3.7137992,-42.44482" ds="0.055555582,0" dd="0.017622553,0"/>
        <Key time="3.7666669" value="3.7666669,-42.44482" ds="0.017622551,0.019026408" dd="0.49316135,0.53244787"/>
        <Key time="5.246151" value="5.246151,-40.790398" flags="65" ds="0.25538921,-0.22889328" dd="0.069141217,-0.039152469"/>
        <Key time="5.4535747" value="5.4535747,-43.400063" flags="73" ds="0.064343058,-0.33703828" dd="0.071498394,-0.37451935"/>
        <Key time="5.6333337" value="5.6333337,-42.631329" flags="72" ds="0.059919678,0.0547208" dd="0.067750454,0.19112778"/>
        <Key time="5.9666672" value="5.9666672,-42.931488" flags="73" ds="0.078763962,0.14105225" dd="0.094852641,0.16986406"/>
       </NewSubTrack>
       <NewSubTrack Flags="0" defaultValue="0,-96.000015" HasCustomColor="0">
        <Key time="3.2666669" value="3.2666669,-96.000008" flags="73" ds="0.24444446,0" dd="0.059261721,0"/>
        <Key time="3.5471325" value="3.5471325,-102.20061" flags="73" ds="0.1209195,-0.41334152" dd="0.13333344,-0.45577633"/>
        <Key time="3.7137992" value="3.7137992,-102.20061" flags="9" ds="0.1209195,-0.41334152" dd="0.052867651,-0.18071853"/>
        <Key time="3.7666669" value="3.7666669,-102.20061" flags="9" ds="0.052867651,-0.18071854" dd="0.14126883,-0.48290205"/>
        <Key time="4.1733284" value="4.1733284,-104.06014" flags="73" ds="0.12664768,0.30965707" dd="0.21209779,0.51858491"/>
        <Key time="4.6628852" value="4.6628852,-100.64163" flags="73" ds="0.099288091,0" dd="0.17515917,0"/>
        <Key time="5.246151" value="5.246151,-108.38557" flags="73" ds="0.18012689,0.8459323" dd="0.019730704,0.09266156"/>
        <Key time="5.3666668" value="5.3666668,-102.57075" flags="73" ds="0.026666641,0" dd="0.026666641,0"/>
        <Key time="5.4535747" value="5.4535747,-94.432693" flags="73" ds="0.042302608,0" dd="0.024894247,0"/>
        <Key time="5.6333337" value="5.6333337,-96.856987" flags="73" ds="0.062323965,-0.26462722" dd="0.043582685,-0.18505186"/>
        <Key time="5.8333335" value="5.8333335,-95.361115" flags="73" ds="0.024433389,0" dd="0.059373539,0"/>
       </NewSubTrack>
      </Track>
      <Track paramType="ArkCollider" Type="-1" Flags="0" StartTime="0" EndTime="6" HasCustomColor="0" ValueType="-1">
       <Key time="0" mode="5" resetOnExit="0" resetOnAbort="1"/>
      </Track>
     </Node>
     <Node Id="5" Type="Entity" Name="Industrial.Arm_Mechanical3" Flags="0" paramIdVersion="9" EntityGUID="4DAD5F7D97E6FE29">
      <Track paramType="Animation" Type="-1" AnimationLayer="-1" Flags="0" StartTime="0" EndTime="6" HasCustomColor="0" ValueType="21">
       <Key time="0" anim="hw_arm_down" length="2.3333335" charSlot="0" admotion="0" stopAll="0"/>
       <Key time="3.0000002" anim="hw_arm_up" length="2.8333335" charSlot="0" admotion="0" stopAll="0"/>
      </Track>
      <Track paramType="Sound" Type="-1" Flags="0" StartTime="0" EndTime="6" HasCustomColor="0" ValueType="-1">
       <Key time="0.059999999" StartTrigger="Play_Crane_Lower" StopTrigger="" Duration="0" CustomColor="0.18782079,0.18782079,1"/>
       <Key time="3.0599997" StartTrigger="Play_Crane_Arm_Lift" StopTrigger="" Duration="0" CustomColor="0.18782079,0.18782079,1"/>
      </Track>
      <Track paramType="ArkCollider" Type="-1" Flags="0" StartTime="0" EndTime="6" HasCustomColor="0" ValueType="-1">
       <Key time="0" mode="5" resetOnExit="0" resetOnAbort="1"/>
      </Track>
     </Node>
     <Node Id="6" Type="Event" Name="SatelliteFinished" Flags="4" paramIdVersion="9">
      <Track paramType="TrackEvent" Type="-1" Flags="0" StartTime="0" EndTime="6" HasCustomColor="0" ValueType="-1">
       <Key time="5.25" event="SatelliteFinished"/>
      </Track>
     </Node>
    </Nodes>
    <Events>
     <Event Name="SatelliteFinished"/>
    </Events>
   </Sequence>
   <Sequence SequenceVersion="3" Name="Sq08_Cargo_Snap" Flags="0" StartTime="0" EndTime="3" ID="0" ConversationID="DEDEDEDEDEDEDEDE">
    <Nodes>
     <Node Id="2" Type="Entity" Name="AnimObject_BrokenCart" Flags="0" paramIdVersion="9" EntityGUID="445192D819921EDA">
      <Track paramType="Animation" Type="-1" AnimationLayer="-1" Flags="0" StartTime="0" EndTime="3" HasCustomColor="0" ValueType="21">
       <Key time="0" anim="snap" length="3.0000002" charSlot="0" admotion="0" stopAll="0"/>
      </Track>
     </Node>
    </Nodes>
    <Events />
   </Sequence>
   <Sequence SequenceVersion="3" Name="Sq05_WallMimic" Flags="0" StartTime="0" EndTime="2.6333334" ID="0" ConversationID="DEDEDEDEDEDEDEDE">
    <Nodes>
     <Node Id="2" Type="DynamicEntity" Name="WallMimic" Flags="4" paramIdVersion="9" EntityGUID="0" debugClassName="ArkMimic">
      <Track paramType="Sound" Type="-1" Flags="0" StartTime="0" EndTime="2.6333334" HasCustomColor="0" ValueType="-1">
       <Key time="0.050000001" StartTrigger="Play_Mimic_Step_Run" StopTrigger="null" Duration="0" CustomColor="0.18782079,0.18782079,1"/>
      </Track>
      <Track paramType="Mannequin" Type="-1" Flags="0" StartTime="0" EndTime="2.6333334" HasCustomColor="0" ValueType="-1">
       <Key time="0" fragName="Cs_Prototype_Sq05_WallMimic_Mimic" duration="3.9666669" priority="10" blendIn="0" blendOut="0" loop="1"/>
      </Track>
      <Track paramType="ArkPositioning" Type="-1" Flags="0" StartTime="0" EndTime="2.6333334" HasCustomColor="0" ValueType="-1">
       <Key time="0" m="" q="0.90713328,0,-0,-0.42084342" t="501.26001,444.26001,507" eo="0" b="0.2"/>
      </Track>
     </Node>
    </Nodes>
    <Events />
   </Sequence>
   <Sequence SequenceVersion="3" Name="KasparStop" Flags="0" StartTime="0" EndTime="0.93000001" ID="0" ConversationID="DEDEDEDEDEDEDEDE">
    <Nodes>
     <Node Id="1" Type="DynamicEntity" Name="Kaspar" Flags="4" paramIdVersion="9" EntityGUID="0" debugArchetypeName="ArkRobots.Operators\Named.Kaspar">
      <Track paramType="Mannequin" Type="-1" Flags="0" StartTime="0" EndTime="0.93000001" HasCustomColor="0" ValueType="-1">
       <Key time="0" fragName="Hacking" tags="Out" priority="10" blendIn="0.2" blendOut="0.2" loop="1"/>
      </Track>
      <Track paramType="ArkPositioning" Type="-1" Flags="0" StartTime="0" EndTime="0.93000001" HasCustomColor="0" ValueType="-1">
       <Key time="0" m="TagPoint_Kaspar" q="1,0,-0,-8.7422769e-08" t="491.28,494.29001,509.41" eo="0" b="0.2"/>
      </Track>
     </Node>
    </Nodes>
    <Events />
   </Sequence>
   <Sequence SequenceVersion="3" Name="KasparIntro" Flags="0" StartTime="0" EndTime="0.73000002" ID="0" ConversationID="DEDEDEDEDEDEDEDE">
    <Nodes>
     <Node Id="1" Type="DynamicEntity" Name="Kaspar" Flags="4" paramIdVersion="9" EntityGUID="0" debugArchetypeName="ArkRobots.Operators\Named.Kaspar">
      <Track paramType="Mannequin" Type="-1" Flags="0" StartTime="0" EndTime="0.73000002" HasCustomColor="0" ValueType="-1">
       <Key time="0" fragName="Hacking" tags="In" priority="10" blendIn="0.2" blendOut="0.2" loop="1"/>
      </Track>
      <Track paramType="ArkPositioning" Type="-1" Flags="0" StartTime="0" EndTime="0.73000002" HasCustomColor="0" ValueType="-1">
       <Key time="0" m="TagPoint_Kaspar" q="1,0,-0,-8.7422769e-08" t="491.28,494.29001,509.41" eo="0" b="0.2"/>
      </Track>
     </Node>
    </Nodes>
    <Events />
   </Sequence>
   <Sequence SequenceVersion="3" Name="Sq03_SatoCalvino" Flags="0" StartTime="0" EndTime="23" ID="0" ConversationID="BDDB548E553E58D2">
    <Nodes>
     <Node Id="7" Type="Entity" Name="CinematicCharacter_MiyuSato_Sq03" Flags="0" paramIdVersion="9" EntityGUID="492EB3E0C485A93E">
      <Track paramType="Event" Type="-1" Flags="0" StartTime="0" EndTime="23" HasCustomColor="0" ValueType="-1"/>
      <Track paramType="Mannequin" Type="-1" Flags="0" StartTime="0" EndTime="23" HasCustomColor="0" ValueType="-1">
       <Key time="0" fragName="Cs_Prototype_Sq03_CalvinoLookingGlass_Sato" duration="22.000002" priority="10" blendIn="-1" blendOut="-1" loop="0"/>
      </Track>
      <Track paramType="Dialog" Type="-1" Voice="BDDB548E54DBAF74" PAChannel="-1" Flags="0" StartTime="0" EndTime="23" HasCustomColor="0" ValueType="-1">
       <Key time="4.8000011" dialogId="BDDB548E553E5C2B" channelId="2" duration="1.8791161" animTime="0" dialogBrief="Light field capture looks a little hot."/>
       <Key time="11.133335" dialogId="BDDB548E553E6DC9" channelId="2" duration="0.42839" animTime="0" dialogBrief="No."/>
       <Key time="15.433334" dialogId="BDDB548E553E6DEE" channelId="2" duration="1.317052" animTime="0" dialogBrief="We&apos;ve only ever had one."/>
       <Key time="18.133335" dialogId="BDDB548E553E70A1" channelId="2" duration="0.907143" animTime="0" dialogBrief="I guess you forgot."/>
      </Track>
      <Track paramType="ArkPositioning" Type="-1" Flags="0" StartTime="0" EndTime="23" HasCustomColor="0" ValueType="-1">
       <Key time="0" m="" q="0.87298983,0,0,-0.48773843" t="442.95953,423.53629,501.00009" eo="0" b="0.2"/>
      </Track>
     </Node>
     <Node Id="8" Type="Entity" Name="CinematicCharacter_LorenzoCalvino_Sq03" Flags="0" paramIdVersion="9" EntityGUID="485B6D17A8F54EE9">
      <Track paramType="Event" Type="-1" Flags="0" StartTime="0" EndTime="23" HasCustomColor="0" ValueType="-1"/>
      <Track paramType="Mannequin" Type="-1" Flags="0" StartTime="0" EndTime="23" HasCustomColor="0" ValueType="-1">
       <Key time="0" fragName="Cs_Prototype_Sq03_CalvinoLookingGlass_Calvino" duration="22.000002" priority="10" blendIn="-1" blendOut="-1" loop="0"/>
      </Track>
      <Track paramType="Dialog" Type="-1" Voice="BDDB548E5526984B" PAChannel="-1" Flags="0" StartTime="0" EndTime="23" HasCustomColor="0" ValueType="-1">
       <Key time="2.3666666" dialogId="BDDB548E553E590E" channelId="2" duration="1.347029" animTime="0" dialogBrief="It&apos;s running?"/>
       <Key time="7" dialogId="BDDB548E553E5C3F" channelId="2" duration="3.8183219" animTime="0" dialogBrief="Where&apos;s the photometer? The handheld. Did you take it?"/>
       <Key time="12.266666" dialogId="BDDB548E553E6DE3" channelId="2" duration="3.333288" animTime="0" dialogBrief="Yesterday we had two. Now I can&apos;t even find one."/>
       <Key time="16.866667" dialogId="BDDB548E553E7072" channelId="2" duration="0.92487502" animTime="0" dialogBrief="Nonsense. "/>
      </Track>
      <Track paramType="ArkPositioning" Type="-1" Flags="0" StartTime="0" EndTime="23" HasCustomColor="0" ValueType="-1">
       <Key time="0" m="" q="0.70710695,0,0,0.70710665" t="441.11499,429.85999,501.10001" eo="0" b="0.2"/>
      </Track>
     </Node>
     <Node Id="9" Type="Entity" Name="looking_glass_wood_door3" Flags="0" paramIdVersion="9" EntityGUID="4F53146166BCA69A">
      <Track paramType="Position" Type="4" Flags="0" HasCustomColor="0" ValueType="1">
       <NewSubTrack Flags="0" defaultValue="0,447.79999" HasCustomColor="0">
        <Key time="0" value="0,447.79999" flags="73" ds="1,0" dd="1,0"/>
       </NewSubTrack>
       <NewSubTrack Flags="0" defaultValue="0,420.28" HasCustomColor="0">
        <Key time="0" value="0,420.28" flags="73" ds="1,0" dd="1,0"/>
       </NewSubTrack>
       <NewSubTrack Flags="0" defaultValue="0,501" HasCustomColor="0">
        <Key time="0" value="0,501" flags="73" ds="1,0" dd="1,0"/>
       </NewSubTrack>
      </Track>
      <Track paramType="Rotation" Type="4" Flags="0" HasCustomColor="0" ValueType="2">
       <NewSubTrack Flags="0" defaultValue="0,0" HasCustomColor="0">
        <Key time="0" value="0,0" flags="73" ds="1,0" dd="1,0"/>
       </NewSubTrack>
       <NewSubTrack Flags="0" defaultValue="0,0" HasCustomColor="0">
        <Key time="0" value="0,0" flags="73" ds="1,0" dd="1,0"/>
       </NewSubTrack>
       <NewSubTrack Flags="0" defaultValue="0,-3.4150946e-06" HasCustomColor="0">
        <Key time="0" value="0,-3.4150944e-06" flags="73" ds="1,0" dd="1,0"/>
       </NewSubTrack>
      </Track>
      <Track paramType="Event" Type="-1" Flags="0" StartTime="0" EndTime="23" HasCustomColor="0" ValueType="-1"/>
      <Track paramType="Visibility" Type="-1" Flags="0" StartTime="0" EndTime="23" HasCustomColor="0" ValueType="3">
       <Key time="22"/>
      </Track>
     </Node>
     <Node Id="10" Type="Event" Name="VideoEnding" Flags="4" paramIdVersion="9">
      <Track paramType="TrackEvent" Type="-1" Flags="0" StartTime="0" EndTime="23" HasCustomColor="0" ValueType="-1">
       <Key time="20" event="VideoEnding"/>
       <Key time="24" event="VideoEnding"/>
      </Track>
     </Node>
    </Nodes>
    <Events>
     <Event Name="VideoEnding"/>
    </Events>
   </Sequence>
   <Sequence SequenceVersion="3" Name="Sq02_Phantom_B" Flags="0" StartTime="0" EndTime="5.1999998" ID="0" ConversationID="DEDEDEDEDEDEDEDE">
    <Nodes>
     <Node Id="1" Type="DynamicEntity" Name="Phantom" Flags="4" paramIdVersion="9" EntityGUID="0" debugClassName="ArkBeta">
      <Track paramType="Mannequin" Type="-1" Flags="0" StartTime="0" EndTime="5.1999998" HasCustomColor="0" ValueType="-1">
       <Key time="0" fragName="Cs_Prototype_Sq02_GoogunRevealPostGoo_Phantom" duration="5.2666674" priority="10" blendIn="0" blendOut="0" loop="1"/>
      </Track>
     </Node>
    </Nodes>
    <Events />
   </Sequence>
   <Sequence SequenceVersion="3" Name="Sq02_PhantomStare" Flags="0" StartTime="0" EndTime="3.366667" ID="0" ConversationID="DEDEDEDEDEDEDEDE">
    <Nodes>
     <Node Id="2" Type="DynamicEntity" Name="Phantom" Flags="4" paramIdVersion="9" EntityGUID="0" debugClassName="ArkBeta">
      <Track paramType="LookAt" Type="-1" Flags="0" StartTime="0" EndTime="3.366667" HasCustomColor="0" ValueType="-1">
       <Key time="0" node="_LocalPlayer" lookPose="LookPoses_Combat_Idle" blendInTime="-1" smoothTime="-1" blendOutTime="-1" maxDegreesXY="-1" maxDegreesZ="-1" blendInTimeHead="-1" smoothTimeHead="-1" blendOutTimeHead="-1" maxDegreesXYHead="-1" maxDegreesZHead="-1" blendInTimeEyes="-1" smoothTimeEyes="-1" blendOutTimeEyes="-1" maxDegreesXYEyes="-1" maxDegreesZEyes="-1"/>
       <Key time="3.3499999" node="" lookPose="" blendInTime="-1" smoothTime="-1" blendOutTime="-1" maxDegreesXY="-1" maxDegreesZ="-1" blendInTimeHead="-1" smoothTimeHead="-1" blendOutTimeHead="-1" maxDegreesXYHead="-1" maxDegreesZHead="-1" blendInTimeEyes="-1" smoothTimeEyes="-1" blendOutTimeEyes="-1" maxDegreesXYEyes="-1" maxDegreesZEyes="-1"/>
      </Track>
      <Track paramType="Mannequin" Type="-1" Flags="0" StartTime="0" EndTime="3.366667" HasCustomColor="0" ValueType="-1">
       <Key time="0" fragName="Cs_Prototype_Sq02_GoogunReveal_StareIdle_Phantom" duration="3.4000001" priority="10" blendIn="-1" blendOut="-1" loop="1"/>
      </Track>
      <Track paramType="ArkPositioning" Type="-1" Flags="0" StartTime="0" EndTime="3.366667" HasCustomColor="0" ValueType="-1">
       <Key time="0" m="" q="0.70710683,0,0,-0.70710671" t="469.75,431.14001,503.17001" eo="0" b="0.2"/>
      </Track>
     </Node>
    </Nodes>
    <Events />
   </Sequence>
   <Sequence SequenceVersion="3" Name="Sq02_Phantom_A" Flags="0" StartTime="0" EndTime="10" ID="0" ConversationID="DEDEDEDEDEDEDEDE">
    <Nodes>
     <Node Id="1" Type="DynamicEntity" Name="Phantom" Flags="4" paramIdVersion="9" EntityGUID="0" debugClassName="ArkBeta">
      <Track paramType="Sound" Type="-1" Flags="0" StartTime="0" EndTime="10" HasCustomColor="0" ValueType="-1"/>
      <Track paramType="Mannequin" Type="-1" Flags="0" StartTime="0" EndTime="10" HasCustomColor="0" ValueType="-1">
       <Key time="0" fragName="Cs_Prototype_Sq02_GoogunReveal_Phantom" duration="11.766667" priority="10" blendIn="0.2" blendOut="0.2" loop="1"/>
      </Track>
      <Track paramType="ArkPositioning" Type="-1" Flags="0" StartTime="0" EndTime="10" HasCustomColor="0" ValueType="-1">
       <Key time="0.12519419" m="" q="9.0996292e-07,0,0,1" t="464.23001,427.31,503.16501" eo="0" b="0.2"/>
      </Track>
     </Node>
    </Nodes>
    <Events />
   </Sequence>
  </SequenceData>
 </Mission>
</MovieData>
