<EntitySerialization>
 <Entity id="1"/>
 <Entity id="2"/>
 <Entity id="3"/>
 <Entity id="4"/>
 <Entity id="5"/>
 <Entity id="6"/>
 <Entity id="7"/>
 <Entity id="8"/>
 <Entity id="9"/>
 <Entity id="10"/>
 <Entity id="11"/>
 <Entity id="12"/>
 <Entity id="13"/>
 <Entity id="14"/>
 <Entity id="15"/>
 <Entity id="16"/>
 <Entity id="17"/>
 <Entity id="18"/>
 <Entity id="19"/>
 <Entity id="20"/>
 <Entity id="21"/>
 <Entity id="22"/>
 <Entity id="23"/>
 <Entity id="24"/>
 <Entity id="25"/>
 <Entity id="26"/>
 <Entity id="27"/>
 <Entity id="28"/>
 <Entity id="29"/>
 <Entity id="30"/>
 <Entity id="31"/>
 <Entity id="32"/>
 <Entity id="33"/>
 <Entity id="34"/>
 <Entity id="35"/>
 <Entity id="36"/>
 <Entity id="37"/>
 <Entity id="38"/>
 <Entity id="39"/>
 <Entity id="40"/>
 <Entity id="41"/>
 <Entity id="42"/>
 <Entity id="43"/>
 <Entity id="44"/>
 <Entity id="45"/>
 <Entity id="46"/>
 <Entity id="47"/>
 <Entity id="48"/>
 <Entity id="49"/>
 <Entity id="50"/>
 <Entity id="51"/>
 <Entity id="52"/>
 <Entity id="53"/>
 <Entity id="54"/>
 <Entity id="55"/>
 <Entity id="56"/>
 <Entity id="57"/>
 <Entity id="58"/>
 <Entity id="59"/>
 <Entity id="60"/>
 <Entity id="61"/>
 <Entity id="62"/>
 <Entity id="63"/>
 <Entity id="64"/>
 <Entity id="65"/>
 <Entity id="66"/>
 <Entity id="67"/>
 <Entity id="68"/>
 <Entity id="69"/>
 <Entity id="70"/>
 <Entity id="71"/>
 <Entity id="72"/>
 <Entity id="73"/>
 <Entity id="74"/>
 <Entity id="75"/>
 <Entity id="76"/>
 <Entity id="77"/>
 <Entity id="78"/>
 <Entity id="79"/>
 <Entity id="80"/>
 <Entity id="81"/>
 <Entity id="82"/>
 <Entity id="83"/>
 <Entity id="84"/>
 <Entity id="85"/>
 <Entity id="86"/>
 <Entity id="87"/>
 <Entity id="88"/>
 <Entity id="89"/>
 <Entity id="90"/>
 <Entity id="91"/>
 <Entity id="92"/>
 <Entity id="93"/>
 <Entity id="94"/>
 <Entity id="95"/>
 <Entity id="96"/>
 <Entity id="97"/>
 <Entity id="98"/>
 <Entity id="99"/>
 <Entity id="100"/>
 <Entity id="101"/>
 <Entity id="102"/>
 <Entity id="103"/>
 <Entity id="104"/>
 <Entity id="105"/>
 <Entity id="106"/>
 <Entity id="107"/>
 <Entity id="108"/>
 <Entity id="109"/>
 <Entity id="110"/>
 <Entity id="111"/>
 <Entity id="112"/>
 <Entity id="113"/>
 <Entity id="114"/>
 <Entity id="115"/>
 <Entity id="116"/>
 <Entity id="117"/>
 <Entity id="118"/>
 <Entity id="119"/>
 <Entity id="120"/>
 <Entity id="121"/>
 <Entity id="122"/>
 <Entity id="123"/>
 <Entity id="124"/>
 <Entity id="125"/>
 <Entity id="126"/>
 <Entity id="127"/>
 <Entity id="128"/>
 <Entity id="129"/>
 <Entity id="130"/>
 <Entity id="131"/>
 <Entity id="132"/>
 <Entity id="133"/>
 <Entity id="134"/>
 <Entity id="135"/>
 <Entity id="136"/>
 <Entity id="137"/>
 <Entity id="138"/>
 <Entity id="139"/>
 <Entity id="140"/>
 <Entity id="141"/>
 <Entity id="142"/>
 <Entity id="143"/>
 <Entity id="144"/>
 <Entity id="145"/>
 <Entity id="146"/>
 <Entity id="147"/>
 <Entity id="148"/>
 <Entity id="149"/>
 <Entity id="150"/>
 <Entity id="151"/>
 <Entity id="152"/>
 <Entity id="153"/>
 <Entity id="154"/>
 <Entity id="155"/>
 <Entity id="156"/>
 <Entity id="157"/>
 <Entity id="158"/>
 <Entity id="159"/>
 <Entity id="160"/>
 <Entity id="161"/>
 <Entity id="162"/>
 <Entity id="163"/>
 <Entity id="164"/>
 <Entity id="165"/>
 <Entity id="166"/>
 <Entity id="167"/>
 <Entity id="168"/>
 <Entity id="169"/>
 <Entity id="170"/>
 <Entity id="171"/>
 <Entity id="172"/>
 <Entity id="173"/>
 <Entity id="174"/>
 <Entity id="175"/>
 <Entity id="176"/>
 <Entity id="177"/>
 <Entity id="178"/>
 <Entity id="179"/>
 <Entity id="180"/>
 <Entity id="181"/>
 <Entity id="182"/>
 <Entity id="183"/>
 <Entity id="184"/>
 <Entity id="185"/>
 <Entity id="186"/>
 <Entity id="187"/>
 <Entity id="188"/>
 <Entity id="189"/>
 <Entity id="190"/>
 <Entity id="191"/>
 <Entity id="192"/>
 <Entity id="193"/>
 <Entity id="194"/>
 <Entity id="195"/>
 <Entity id="196"/>
 <Entity id="197"/>
 <Entity id="198"/>
 <Entity id="199"/>
 <Entity id="200"/>
 <Entity id="201"/>
 <Entity id="202"/>
 <Entity id="203"/>
 <Entity id="204"/>
 <Entity id="205"/>
 <Entity id="206"/>
 <Entity id="207"/>
 <Entity id="208"/>
 <Entity id="209"/>
 <Entity id="210"/>
 <Entity id="211"/>
 <Entity id="212"/>
 <Entity id="213"/>
 <Entity id="214"/>
 <Entity id="215"/>
 <Entity id="216"/>
 <Entity id="217"/>
 <Entity id="218"/>
 <Entity id="219"/>
 <Entity id="220"/>
 <Entity id="221"/>
 <Entity id="222"/>
 <Entity id="223"/>
 <Entity id="224"/>
 <Entity id="225"/>
 <Entity id="226"/>
 <Entity id="227"/>
 <Entity id="228"/>
 <Entity id="229"/>
 <Entity id="230"/>
 <Entity id="231"/>
 <Entity id="232"/>
 <Entity id="233"/>
 <Entity id="234"/>
 <Entity id="235"/>
 <Entity id="236"/>
 <Entity id="237"/>
 <Entity id="238"/>
 <Entity id="239"/>
 <Entity id="240"/>
 <Entity id="241"/>
 <Entity id="242"/>
 <Entity id="243"/>
 <Entity id="244"/>
 <Entity id="245"/>
 <Entity id="246"/>
 <Entity id="247"/>
 <Entity id="248"/>
 <Entity id="249"/>
 <Entity id="250"/>
 <Entity id="251"/>
 <Entity id="252"/>
 <Entity id="253"/>
 <Entity id="254"/>
 <Entity id="255"/>
 <Entity id="256"/>
 <Entity id="257"/>
 <Entity id="258"/>
 <Entity id="259"/>
 <Entity id="260"/>
 <Entity id="261"/>
 <Entity id="262"/>
 <Entity id="263"/>
 <Entity id="264"/>
 <Entity id="265"/>
 <Entity id="266"/>
 <Entity id="267"/>
 <Entity id="268"/>
 <Entity id="269"/>
 <Entity id="270"/>
 <Entity id="271"/>
 <Entity id="272"/>
 <Entity id="273"/>
 <Entity id="274"/>
 <Entity id="275"/>
 <Entity id="276"/>
 <Entity id="277"/>
 <Entity id="278"/>
 <Entity id="279"/>
 <Entity id="280"/>
 <Entity id="281"/>
 <Entity id="282"/>
 <Entity id="283"/>
 <Entity id="284"/>
 <Entity id="285"/>
 <Entity id="286"/>
 <Entity id="287"/>
 <Entity id="288"/>
 <Entity id="289"/>
 <Entity id="290"/>
 <Entity id="291"/>
 <Entity id="292"/>
 <Entity id="293"/>
 <Entity id="294"/>
 <Entity id="295"/>
 <Entity id="296"/>
 <Entity id="297"/>
 <Entity id="298"/>
 <Entity id="299"/>
 <Entity id="300"/>
 <Entity id="301"/>
 <Entity id="302"/>
 <Entity id="303"/>
 <Entity id="304"/>
 <Entity id="305"/>
 <Entity id="306"/>
 <Entity id="307"/>
 <Entity id="308"/>
 <Entity id="309"/>
 <Entity id="310"/>
 <Entity id="311"/>
 <Entity id="312"/>
 <Entity id="313"/>
 <Entity id="314"/>
 <Entity id="315"/>
 <Entity id="316"/>
 <Entity id="317"/>
 <Entity id="318"/>
 <Entity id="319"/>
 <Entity id="320"/>
 <Entity id="321"/>
 <Entity id="322"/>
 <Entity id="323"/>
 <Entity id="324"/>
 <Entity id="325"/>
 <Entity id="326"/>
 <Entity id="327"/>
 <Entity id="328"/>
 <Entity id="329"/>
 <Entity id="330"/>
 <Entity id="331"/>
 <Entity id="332"/>
 <Entity id="333"/>
 <Entity id="334"/>
 <Entity id="335"/>
 <Entity id="336"/>
 <Entity id="337"/>
 <Entity id="338"/>
 <Entity id="339"/>
 <Entity id="340"/>
 <Entity id="341"/>
 <Entity id="343"/>
 <Entity id="344"/>
 <Entity id="345"/>
 <Entity id="349"/>
 <Entity id="350"/>
 <Entity id="351"/>
 <Entity id="352"/>
 <Entity id="354"/>
 <Entity id="355"/>
 <Entity id="356"/>
 <Entity id="357"/>
 <Entity id="358"/>
 <Entity id="359"/>
 <Entity id="362"/>
 <Entity id="364"/>
 <Entity id="367"/>
 <Entity id="368"/>
 <Entity id="369"/>
 <Entity id="370"/>
 <Entity id="371"/>
 <Entity id="372"/>
 <Entity id="374"/>
 <Entity id="375"/>
 <Entity id="378"/>
 <Entity id="379"/>
 <Entity id="380"/>
 <Entity id="382"/>
 <Entity id="383"/>
 <Entity id="384"/>
 <Entity id="385"/>
 <Entity id="386"/>
 <Entity id="390"/>
 <Entity id="391"/>
 <Entity id="392"/>
 <Entity id="393"/>
 <Entity id="395"/>
 <Entity id="396"/>
 <Entity id="397"/>
 <Entity id="400"/>
 <Entity id="405"/>
 <Entity id="412"/>
 <Entity id="418"/>
 <Entity id="420"/>
 <Entity id="422"/>
 <Entity id="423"/>
 <Entity id="424"/>
 <Entity id="425"/>
 <Entity id="426"/>
 <Entity id="427"/>
 <Entity id="428"/>
 <Entity id="429"/>
 <Entity id="431"/>
 <Entity id="432"/>
 <Entity id="433"/>
 <Entity id="438"/>
 <Entity id="439"/>
 <Entity id="441"/>
 <Entity id="442"/>
 <Entity id="443"/>
 <Entity id="444"/>
 <Entity id="445"/>
 <Entity id="446"/>
 <Entity id="447"/>
 <Entity id="448"/>
 <Entity id="449"/>
 <Entity id="450"/>
 <Entity id="451"/>
 <Entity id="452"/>
 <Entity id="453"/>
 <Entity id="454"/>
 <Entity id="455"/>
 <Entity id="461"/>
 <Entity id="462"/>
 <Entity id="463"/>
 <Entity id="464"/>
 <Entity id="465"/>
 <Entity id="469"/>
 <Entity id="471"/>
 <Entity id="473"/>
 <Entity id="476"/>
 <Entity id="477"/>
 <Entity id="479"/>
 <Entity id="480"/>
 <Entity id="481"/>
 <Entity id="482"/>
 <Entity id="484"/>
 <Entity id="486"/>
 <Entity id="488"/>
 <Entity id="491"/>
 <Entity id="493"/>
 <Entity id="495"/>
 <Entity id="496"/>
 <Entity id="503"/>
 <Entity id="507"/>
 <Entity id="508"/>
 <Entity id="509"/>
 <Entity id="510"/>
 <Entity id="512"/>
 <Entity id="513"/>
 <Entity id="514"/>
 <Entity id="516"/>
 <Entity id="520"/>
 <Entity id="521"/>
 <Entity id="528"/>
 <Entity id="529"/>
 <Entity id="530"/>
 <Entity id="532"/>
 <Entity id="533"/>
 <Entity id="535"/>
 <Entity id="537"/>
 <Entity id="544"/>
 <Entity id="547"/>
 <Entity id="548"/>
 <Entity id="549"/>
 <Entity id="551"/>
 <Entity id="552"/>
 <Entity id="553"/>
 <Entity id="554"/>
 <Entity id="555"/>
 <Entity id="556"/>
 <Entity id="557"/>
 <Entity id="559"/>
 <Entity id="560"/>
 <Entity id="561"/>
 <Entity id="562"/>
 <Entity id="564"/>
 <Entity id="565"/>
 <Entity id="566"/>
 <Entity id="568"/>
 <Entity id="571"/>
 <Entity id="572"/>
 <Entity id="573"/>
 <Entity id="574"/>
 <Entity id="576"/>
 <Entity id="578"/>
 <Entity id="581"/>
 <Entity id="582"/>
 <Entity id="583"/>
 <Entity id="584"/>
 <Entity id="587"/>
 <Entity id="588"/>
 <Entity id="589"/>
 <Entity id="590"/>
 <Entity id="591"/>
 <Entity id="592"/>
 <Entity id="593"/>
 <Entity id="600"/>
 <Entity id="607"/>
 <Entity id="610"/>
 <Entity id="619"/>
 <Entity id="621"/>
 <Entity id="623"/>
 <Entity id="625"/>
 <Entity id="626"/>
 <Entity id="630"/>
 <Entity id="632"/>
 <Entity id="634"/>
 <Entity id="636"/>
 <Entity id="640"/>
 <Entity id="642"/>
 <Entity id="643"/>
 <Entity id="648"/>
 <Entity id="649"/>
 <Entity id="651"/>
 <Entity id="653"/>
 <Entity id="656"/>
 <Entity id="657"/>
 <Entity id="658"/>
 <Entity id="660"/>
 <Entity id="661"/>
 <Entity id="664"/>
 <Entity id="665"/>
 <Entity id="666"/>
 <Entity id="667"/>
 <Entity id="668"/>
 <Entity id="669"/>
 <Entity id="670"/>
 <Entity id="672"/>
 <Entity id="674"/>
 <Entity id="675"/>
 <Entity id="677"/>
 <Entity id="680"/>
 <Entity id="681"/>
 <Entity id="682"/>
 <Entity id="683"/>
 <Entity id="685"/>
 <Entity id="687"/>
 <Entity id="689"/>
 <Entity id="690"/>
 <Entity id="691"/>
 <Entity id="694"/>
 <Entity id="695"/>
 <Entity id="696"/>
 <Entity id="697"/>
 <Entity id="700"/>
 <Entity id="702"/>
 <Entity id="705"/>
 <Entity id="706"/>
 <Entity id="707"/>
 <Entity id="709"/>
 <Entity id="710"/>
 <Entity id="711"/>
 <Entity id="712"/>
 <Entity id="713"/>
 <Entity id="714"/>
 <Entity id="716"/>
 <Entity id="717"/>
 <Entity id="718"/>
 <Entity id="720"/>
 <Entity id="721"/>
 <Entity id="722"/>
 <Entity id="725"/>
 <Entity id="726"/>
 <Entity id="727"/>
 <Entity id="728"/>
 <Entity id="731"/>
 <Entity id="732"/>
 <Entity id="733"/>
 <Entity id="734"/>
 <Entity id="735"/>
 <Entity id="737"/>
 <Entity id="738"/>
 <Entity id="739"/>
 <Entity id="741"/>
 <Entity id="742"/>
 <Entity id="744"/>
 <Entity id="746"/>
 <Entity id="747"/>
 <Entity id="748"/>
 <Entity id="749"/>
 <Entity id="750"/>
 <Entity id="753"/>
 <Entity id="757"/>
 <Entity id="760"/>
 <Entity id="761"/>
 <Entity id="763"/>
 <Entity id="765"/>
 <Entity id="766"/>
 <Entity id="767"/>
 <Entity id="768"/>
 <Entity id="770"/>
 <Entity id="771"/>
 <Entity id="772"/>
 <Entity id="773"/>
 <Entity id="774"/>
 <Entity id="775"/>
 <Entity id="776"/>
 <Entity id="777"/>
 <Entity id="778"/>
 <Entity id="780"/>
 <Entity id="782"/>
 <Entity id="783"/>
 <Entity id="786"/>
 <Entity id="788"/>
 <Entity id="789"/>
 <Entity id="792"/>
 <Entity id="793"/>
 <Entity id="796"/>
 <Entity id="797"/>
 <Entity id="799"/>
 <Entity id="801"/>
 <Entity id="802"/>
 <Entity id="805"/>
 <Entity id="806"/>
 <Entity id="807"/>
 <Entity id="808"/>
 <Entity id="809"/>
 <Entity id="810"/>
 <Entity id="811"/>
 <Entity id="813"/>
 <Entity id="814"/>
 <Entity id="816"/>
 <Entity id="818"/>
 <Entity id="819"/>
 <Entity id="820"/>
 <Entity id="823"/>
 <Entity id="824"/>
 <Entity id="825"/>
 <Entity id="828"/>
 <Entity id="829"/>
 <Entity id="830"/>
 <Entity id="831"/>
 <Entity id="832"/>
 <Entity id="833"/>
 <Entity id="834"/>
 <Entity id="835"/>
 <Entity id="836"/>
 <Entity id="838"/>
 <Entity id="839"/>
 <Entity id="840"/>
 <Entity id="841"/>
 <Entity id="844"/>
 <Entity id="845"/>
 <Entity id="846"/>
 <Entity id="847"/>
 <Entity id="848"/>
 <Entity id="850"/>
 <Entity id="851"/>
 <Entity id="855"/>
 <Entity id="856"/>
 <Entity id="857"/>
 <Entity id="860"/>
 <Entity id="861"/>
 <Entity id="862"/>
 <Entity id="864"/>
 <Entity id="867"/>
 <Entity id="868"/>
 <Entity id="869"/>
 <Entity id="872"/>
 <Entity id="874"/>
 <Entity id="875"/>
 <Entity id="877"/>
 <Entity id="878"/>
 <Entity id="880"/>
 <Entity id="882"/>
 <Entity id="884"/>
 <Entity id="886"/>
 <Entity id="891"/>
 <Entity id="892"/>
 <Entity id="894"/>
 <Entity id="896"/>
 <Entity id="897"/>
 <Entity id="898"/>
 <Entity id="899"/>
 <Entity id="901"/>
 <Entity id="902"/>
 <Entity id="903"/>
 <Entity id="904"/>
 <Entity id="905"/>
 <Entity id="906"/>
 <Entity id="907"/>
 <Entity id="909"/>
 <Entity id="910"/>
 <Entity id="912"/>
 <Entity id="914"/>
 <Entity id="916"/>
 <Entity id="917"/>
 <Entity id="918"/>
 <Entity id="922"/>
 <Entity id="925"/>
 <Entity id="927"/>
 <Entity id="928"/>
 <Entity id="929"/>
 <Entity id="930"/>
 <Entity id="931"/>
 <Entity id="935"/>
 <Entity id="936"/>
 <Entity id="939"/>
 <Entity id="940"/>
 <Entity id="941"/>
 <Entity id="942"/>
 <Entity id="943"/>
 <Entity id="944"/>
 <Entity id="945"/>
 <Entity id="946"/>
 <Entity id="947"/>
 <Entity id="948"/>
 <Entity id="949"/>
 <Entity id="951"/>
 <Entity id="952"/>
 <Entity id="953"/>
 <Entity id="954"/>
 <Entity id="955"/>
 <Entity id="956"/>
 <Entity id="957"/>
 <Entity id="958"/>
 <Entity id="959"/>
 <Entity id="960"/>
 <Entity id="961"/>
 <Entity id="962"/>
 <Entity id="963"/>
 <Entity id="964"/>
 <Entity id="965"/>
 <Entity id="966"/>
 <Entity id="967"/>
 <Entity id="968"/>
 <Entity id="969"/>
 <Entity id="970"/>
 <Entity id="971"/>
 <Entity id="972"/>
 <Entity id="973"/>
 <Entity id="974"/>
 <Entity id="975"/>
 <Entity id="976"/>
 <Entity id="977"/>
 <Entity id="978"/>
 <Entity id="979"/>
 <Entity id="980"/>
 <Entity id="981"/>
 <Entity id="982"/>
 <Entity id="983"/>
 <Entity id="984"/>
 <Entity id="985"/>
 <Entity id="986"/>
 <Entity id="987"/>
 <Entity id="988"/>
 <Entity id="989"/>
 <Entity id="990"/>
 <Entity id="991"/>
 <Entity id="992"/>
 <Entity id="993"/>
 <Entity id="994"/>
 <Entity id="995"/>
 <Entity id="996"/>
 <Entity id="997"/>
 <Entity id="998"/>
 <Entity id="999"/>
 <Entity id="1000"/>
 <Entity id="1001"/>
 <Entity id="1002"/>
 <Entity id="1003"/>
 <Entity id="1004"/>
 <Entity id="1005"/>
 <Entity id="1006"/>
 <Entity id="1007"/>
 <Entity id="1008"/>
 <Entity id="1009"/>
 <Entity id="1010"/>
 <Entity id="1011"/>
 <Entity id="1012"/>
 <Entity id="1013"/>
 <Entity id="1014"/>
 <Entity id="1015"/>
 <Entity id="1016"/>
 <Entity id="1017"/>
 <Entity id="1018"/>
 <Entity id="1019"/>
 <Entity id="1020"/>
 <Entity id="1021"/>
 <Entity id="1022"/>
 <Entity id="1023"/>
 <Entity id="1024"/>
 <Entity id="1025"/>
 <Entity id="1026"/>
 <Entity id="1027"/>
 <Entity id="1028"/>
 <Entity id="1029"/>
 <Entity id="1030"/>
 <Entity id="1031"/>
 <Entity id="1032"/>
 <Entity id="1033"/>
 <Entity id="1034"/>
 <Entity id="1035"/>
 <Entity id="1036"/>
 <Entity id="1037"/>
 <Entity id="1038"/>
 <Entity id="1039"/>
 <Entity id="1040"/>
 <Entity id="1041"/>
 <Entity id="1042"/>
 <Entity id="1043"/>
 <Entity id="1044"/>
 <Entity id="1045"/>
 <Entity id="1046"/>
 <Entity id="1047"/>
 <Entity id="1048"/>
 <Entity id="1049"/>
 <Entity id="1050"/>
 <Entity id="1051"/>
 <Entity id="1052"/>
 <Entity id="1053"/>
 <Entity id="1054"/>
 <Entity id="1055"/>
 <Entity id="1056"/>
 <Entity id="1057"/>
 <Entity id="1058"/>
 <Entity id="1059"/>
 <Entity id="1060"/>
 <Entity id="1061"/>
 <Entity id="1062"/>
 <Entity id="1063"/>
 <Entity id="1064"/>
 <Entity id="1065"/>
 <Entity id="1066"/>
 <Entity id="1067"/>
 <Entity id="1068"/>
 <Entity id="1069"/>
 <Entity id="1070"/>
 <Entity id="1071"/>
 <Entity id="1072"/>
 <Entity id="1073"/>
 <Entity id="1074"/>
 <Entity id="1075"/>
 <Entity id="1076"/>
 <Entity id="1078"/>
 <Entity id="1079"/>
 <Entity id="1081"/>
 <Entity id="1083"/>
 <Entity id="1084"/>
 <Entity id="1085"/>
 <Entity id="1087"/>
 <Entity id="1088"/>
 <Entity id="1090"/>
 <Entity id="1091"/>
 <Entity id="1093"/>
 <Entity id="1094"/>
 <Entity id="1095"/>
 <Entity id="1096"/>
 <Entity id="1098"/>
 <Entity id="1099"/>
 <Entity id="1102"/>
 <Entity id="1103"/>
 <Entity id="1104"/>
 <Entity id="1105"/>
 <Entity id="1106"/>
 <Entity id="1110"/>
 <Entity id="1111"/>
 <Entity id="1112"/>
 <Entity id="1113"/>
 <Entity id="1115"/>
 <Entity id="1116"/>
 <Entity id="1117"/>
 <Entity id="1118"/>
 <Entity id="1119"/>
 <Entity id="1120"/>
 <Entity id="1122"/>
 <Entity id="1124"/>
 <Entity id="1125"/>
 <Entity id="1126"/>
 <Entity id="1127"/>
 <Entity id="1128"/>
 <Entity id="1129"/>
 <Entity id="1130"/>
 <Entity id="1132"/>
 <Entity id="1134"/>
 <Entity id="1136"/>
 <Entity id="1138"/>
 <Entity id="1139"/>
 <Entity id="1140"/>
 <Entity id="1143"/>
 <Entity id="1152"/>
 <Entity id="1153"/>
 <Entity id="1157"/>
 <Entity id="1160"/>
 <Entity id="1163"/>
 <Entity id="1165"/>
 <Entity id="1167"/>
 <Entity id="1168"/>
 <Entity id="1170"/>
 <Entity id="1172"/>
 <Entity id="1173"/>
 <Entity id="1175"/>
 <Entity id="1178"/>
 <Entity id="1179"/>
 <Entity id="1181"/>
 <Entity id="1182"/>
 <Entity id="1183"/>
 <Entity id="1184"/>
 <Entity id="1185"/>
 <Entity id="1186"/>
 <Entity id="1189"/>
 <Entity id="1190"/>
 <Entity id="1191"/>
 <Entity id="1192"/>
 <Entity id="1193"/>
 <Entity id="1194"/>
 <Entity id="1196"/>
 <Entity id="1197"/>
 <Entity id="1198"/>
 <Entity id="1200"/>
 <Entity id="1201"/>
 <Entity id="1202"/>
 <Entity id="1204"/>
 <Entity id="1205"/>
 <Entity id="1206"/>
 <Entity id="1207"/>
 <Entity id="1208"/>
 <Entity id="1209"/>
 <Entity id="1210"/>
 <Entity id="1211"/>
 <Entity id="1212"/>
 <Entity id="1213"/>
 <Entity id="1214"/>
 <Entity id="1215"/>
 <Entity id="1216"/>
 <Entity id="1217"/>
 <Entity id="1218"/>
 <Entity id="1219"/>
 <Entity id="1220"/>
 <Entity id="1221"/>
 <Entity id="1222"/>
 <Entity id="1223"/>
 <Entity id="1224"/>
 <Entity id="1225"/>
 <Entity id="1226"/>
 <Entity id="1227"/>
 <Entity id="1228"/>
 <Entity id="1229"/>
 <Entity id="1230"/>
 <Entity id="1231"/>
 <Entity id="1232"/>
 <Entity id="1233"/>
 <Entity id="1234"/>
 <Entity id="1235"/>
 <Entity id="1236"/>
 <Entity id="1237"/>
 <Entity id="1238"/>
 <Entity id="1239"/>
 <Entity id="1240"/>
 <Entity id="1241"/>
 <Entity id="1242"/>
 <Entity id="1243"/>
 <Entity id="1244"/>
 <Entity id="1247"/>
 <Entity id="1248"/>
 <Entity id="1249"/>
 <Entity id="1250"/>
 <Entity id="1256"/>
 <Entity id="1257"/>
 <Entity id="1258"/>
 <Entity id="1259"/>
 <Entity id="1265"/>
 <Entity id="1266"/>
 <Entity id="1267"/>
 <Entity id="1268"/>
 <Entity id="1270"/>
 <Entity id="1272"/>
 <Entity id="1273"/>
 <Entity id="1274"/>
 <Entity id="1275"/>
 <Entity id="1277"/>
 <Entity id="1283"/>
 <Entity id="1284"/>
 <Entity id="1286"/>
 <Entity id="1287"/>
 <Entity id="1289"/>
 <Entity id="1291"/>
 <Entity id="1292"/>
 <Entity id="1296"/>
 <Entity id="1300"/>
 <Entity id="1302"/>
 <Entity id="1303"/>
 <Entity id="1304"/>
 <Entity id="1306"/>
 <Entity id="1307"/>
 <Entity id="1311"/>
 <Entity id="1316"/>
 <Entity id="1321"/>
 <Entity id="1322"/>
 <Entity id="1324"/>
 <Entity id="1325"/>
 <Entity id="1326"/>
 <Entity id="1329"/>
 <Entity id="1330"/>
 <Entity id="1331"/>
 <Entity id="1332"/>
 <Entity id="1333"/>
 <Entity id="1335"/>
 <Entity id="1337"/>
 <Entity id="1339"/>
 <Entity id="1341"/>
 <Entity id="1346"/>
 <Entity id="1347"/>
 <Entity id="1348"/>
 <Entity id="1349"/>
 <Entity id="1350"/>
 <Entity id="1351"/>
 <Entity id="1353"/>
 <Entity id="1355"/>
 <Entity id="1356"/>
 <Entity id="1361"/>
 <Entity id="1363"/>
 <Entity id="1364"/>
 <Entity id="1367"/>
 <Entity id="1368"/>
 <Entity id="1369"/>
 <Entity id="1371"/>
 <Entity id="1373"/>
 <Entity id="1375"/>
 <Entity id="1378"/>
 <Entity id="1379"/>
 <Entity id="1381"/>
 <Entity id="1383"/>
 <Entity id="1388"/>
 <Entity id="1389"/>
 <Entity id="1392"/>
 <Entity id="1393"/>
 <Entity id="1395"/>
 <Entity id="1396"/>
 <Entity id="1402"/>
 <Entity id="1403"/>
 <Entity id="1405"/>
 <Entity id="1407"/>
 <Entity id="1409"/>
 <Entity id="1410"/>
 <Entity id="1411"/>
 <Entity id="1412"/>
 <Entity id="1413"/>
 <Entity id="1417"/>
 <Entity id="1418"/>
 <Entity id="1420"/>
 <Entity id="1426"/>
 <Entity id="1427"/>
 <Entity id="1429"/>
 <Entity id="1430"/>
 <Entity id="1432"/>
 <Entity id="1433"/>
 <Entity id="1434"/>
 <Entity id="1435"/>
 <Entity id="1437"/>
 <Entity id="1438"/>
 <Entity id="1439"/>
 <Entity id="1440"/>
 <Entity id="1444"/>
 <Entity id="1445"/>
 <Entity id="1449"/>
 <Entity id="1450"/>
 <Entity id="1452"/>
 <Entity id="1454"/>
 <Entity id="1455"/>
 <Entity id="1457"/>
 <Entity id="1460"/>
 <Entity id="1469"/>
 <Entity id="1470"/>
 <Entity id="1471"/>
 <Entity id="1472"/>
 <Entity id="1473"/>
 <Entity id="1474"/>
 <Entity id="1476"/>
 <Entity id="1477"/>
 <Entity id="1478"/>
 <Entity id="1479"/>
 <Entity id="1480"/>
 <Entity id="1481"/>
 <Entity id="1482"/>
 <Entity id="1483"/>
 <Entity id="1484"/>
 <Entity id="1485"/>
 <Entity id="1486"/>
 <Entity id="1487"/>
 <Entity id="1489"/>
 <Entity id="1490"/>
 <Entity id="1491"/>
 <Entity id="1493"/>
 <Entity id="1494"/>
 <Entity id="1495"/>
 <Entity id="1496"/>
 <Entity id="1497"/>
 <Entity id="1498"/>
 <Entity id="1499"/>
 <Entity id="1500"/>
 <Entity id="1501"/>
 <Entity id="1502"/>
 <Entity id="1503"/>
 <Entity id="1504"/>
 <Entity id="1505"/>
 <Entity id="1506"/>
 <Entity id="1507"/>
 <Entity id="1509"/>
 <Entity id="1510"/>
 <Entity id="1511"/>
 <Entity id="1512"/>
 <Entity id="1513"/>
 <Entity id="1514"/>
 <Entity id="1515"/>
 <Entity id="1516"/>
 <Entity id="1517"/>
 <Entity id="1518"/>
 <Entity id="1519"/>
 <Entity id="1521"/>
 <Entity id="1522"/>
 <Entity id="1523"/>
 <Entity id="1524"/>
 <Entity id="1525"/>
 <Entity id="1526"/>
 <Entity id="1527"/>
 <Entity id="1528"/>
 <Entity id="1529"/>
 <Entity id="1530"/>
 <Entity id="1531"/>
 <Entity id="1532"/>
 <Entity id="1533"/>
 <Entity id="1534"/>
 <Entity id="1535"/>
 <Entity id="1537"/>
 <Entity id="1538"/>
 <Entity id="1539"/>
 <Entity id="1540"/>
 <Entity id="1541"/>
 <Entity id="1542"/>
 <Entity id="1543"/>
 <Entity id="1544"/>
 <Entity id="1545"/>
 <Entity id="1546"/>
 <Entity id="1547"/>
 <Entity id="1548"/>
 <Entity id="1549"/>
 <Entity id="1550"/>
 <Entity id="1551"/>
 <Entity id="1552"/>
 <Entity id="1553"/>
 <Entity id="1554"/>
 <Entity id="1555"/>
 <Entity id="1556"/>
 <Entity id="1557"/>
 <Entity id="1559"/>
 <Entity id="1561"/>
 <Entity id="1562"/>
 <Entity id="1563"/>
 <Entity id="1564"/>
 <Entity id="1565"/>
 <Entity id="1566"/>
 <Entity id="1567"/>
 <Entity id="1568"/>
 <Entity id="1569"/>
 <Entity id="1570"/>
 <Entity id="1572"/>
 <Entity id="1573"/>
 <Entity id="1574"/>
 <Entity id="1575"/>
 <Entity id="1576"/>
 <Entity id="1577"/>
 <Entity id="1578"/>
 <Entity id="1579"/>
 <Entity id="1580"/>
 <Entity id="1581"/>
 <Entity id="1582"/>
 <Entity id="1583"/>
 <Entity id="1584"/>
 <Entity id="1585"/>
 <Entity id="1586"/>
 <Entity id="1587"/>
 <Entity id="1588"/>
 <Entity id="1589"/>
 <Entity id="1590"/>
 <Entity id="1592"/>
 <Entity id="1594"/>
 <Entity id="1595"/>
 <Entity id="1596"/>
 <Entity id="1597"/>
 <Entity id="1598"/>
 <Entity id="1599"/>
 <Entity id="1600"/>
 <Entity id="1601"/>
 <Entity id="1602"/>
 <Entity id="1603"/>
 <Entity id="1604"/>
 <Entity id="1605"/>
 <Entity id="1606"/>
 <Entity id="1607"/>
 <Entity id="1608"/>
 <Entity id="1609"/>
 <Entity id="1610"/>
 <Entity id="1611"/>
 <Entity id="1612"/>
 <Entity id="1613"/>
 <Entity id="1614"/>
 <Entity id="1615"/>
 <Entity id="1616"/>
 <Entity id="1617"/>
 <Entity id="1618"/>
 <Entity id="1619"/>
 <Entity id="1620"/>
 <Entity id="1621"/>
 <Entity id="1622"/>
 <Entity id="1623"/>
 <Entity id="1624"/>
 <Entity id="1625"/>
 <Entity id="1626"/>
 <Entity id="1627"/>
 <Entity id="1628"/>
 <Entity id="1629"/>
 <Entity id="1630"/>
 <Entity id="1631"/>
 <Entity id="1632"/>
 <Entity id="1633"/>
 <Entity id="1634"/>
 <Entity id="1635"/>
 <Entity id="1636"/>
 <Entity id="1637"/>
 <Entity id="1638"/>
 <Entity id="1639"/>
 <Entity id="1640"/>
 <Entity id="1642"/>
 <Entity id="1643"/>
 <Entity id="1644"/>
 <Entity id="1645"/>
 <Entity id="1646"/>
 <Entity id="1647"/>
 <Entity id="1648"/>
 <Entity id="1649"/>
 <Entity id="1650"/>
 <Entity id="1651"/>
 <Entity id="1652"/>
 <Entity id="1653"/>
 <Entity id="1654"/>
 <Entity id="1655"/>
 <Entity id="1656"/>
 <Entity id="1657"/>
 <Entity id="1658"/>
 <Entity id="1659"/>
 <Entity id="1660"/>
 <Entity id="1661"/>
 <Entity id="1662"/>
 <Entity id="1664"/>
 <Entity id="1665"/>
 <Entity id="1667"/>
 <Entity id="1668"/>
 <Entity id="1669"/>
 <Entity id="1670"/>
 <Entity id="1671"/>
 <Entity id="1672"/>
 <Entity id="1673"/>
 <Entity id="1674"/>
 <Entity id="1675"/>
 <Entity id="1677"/>
 <Entity id="1678"/>
 <Entity id="1679"/>
 <Entity id="1680"/>
 <Entity id="1682"/>
 <Entity id="1683"/>
 <Entity id="1684"/>
 <Entity id="1685"/>
 <Entity id="1687"/>
 <Entity id="1688"/>
 <Entity id="1690"/>
 <Entity id="1692"/>
 <Entity id="1694"/>
 <Entity id="1696"/>
 <Entity id="1700"/>
 <Entity id="1702"/>
 <Entity id="1707"/>
 <Entity id="1710"/>
 <Entity id="1711"/>
 <Entity id="1714"/>
 <Entity id="1725"/>
 <Entity id="1726"/>
 <Entity id="1727"/>
 <Entity id="1729"/>
 <Entity id="1730"/>
 <Entity id="1732"/>
 <Entity id="1733"/>
 <Entity id="1734"/>
 <Entity id="1735"/>
 <Entity id="1736"/>
 <Entity id="1738"/>
 <Entity id="1742"/>
 <Entity id="1743"/>
 <Entity id="1747"/>
 <Entity id="1753"/>
 <Entity id="1755"/>
 <Entity id="1764"/>
 <Entity id="1769"/>
 <Entity id="1773"/>
 <Entity id="1776"/>
 <Entity id="1795"/>
 <Entity id="1797"/>
 <Entity id="1798"/>
 <Entity id="1800"/>
 <Entity id="1801"/>
 <Entity id="1803"/>
 <Entity id="1804"/>
 <Entity id="1811"/>
 <Entity id="1814"/>
 <Entity id="1827"/>
 <Entity id="1828"/>
 <Entity id="1839"/>
 <Entity id="1842"/>
 <Entity id="1849"/>
 <Entity id="1851"/>
 <Entity id="1859"/>
 <Entity id="1870"/>
 <Entity id="1883"/>
 <Entity id="1887"/>
 <Entity id="1889"/>
 <Entity id="1891"/>
 <Entity id="1900"/>
 <Entity id="1908"/>
 <Entity id="1909"/>
 <Entity id="1914"/>
 <Entity id="1918"/>
 <Entity id="1919"/>
 <Entity id="1920"/>
 <Entity id="1921"/>
 <Entity id="1922"/>
 <Entity id="1923"/>
 <Entity id="1924"/>
 <Entity id="1925"/>
 <Entity id="1926"/>
 <Entity id="1927"/>
 <Entity id="1928"/>
 <Entity id="1929"/>
 <Entity id="1930"/>
 <Entity id="1931"/>
 <Entity id="1932"/>
 <Entity id="1933"/>
 <Entity id="1934"/>
 <Entity id="1935"/>
 <Entity id="1936"/>
 <Entity id="1937"/>
 <Entity id="1938"/>
 <Entity id="1939"/>
 <Entity id="1940"/>
 <Entity id="1941"/>
 <Entity id="1942"/>
 <Entity id="1943"/>
 <Entity id="1944"/>
 <Entity id="1945"/>
 <Entity id="1946"/>
 <Entity id="1947"/>
 <Entity id="1948"/>
 <Entity id="1949"/>
 <Entity id="1950"/>
 <Entity id="1951"/>
 <Entity id="1952"/>
 <Entity id="1953"/>
 <Entity id="1954"/>
 <Entity id="1955"/>
 <Entity id="1956"/>
 <Entity id="1957"/>
 <Entity id="1958"/>
 <Entity id="1959"/>
 <Entity id="1960"/>
 <Entity id="1961"/>
 <Entity id="1962"/>
 <Entity id="1963"/>
 <Entity id="1964"/>
 <Entity id="1965"/>
 <Entity id="1966"/>
 <Entity id="1967"/>
 <Entity id="1968"/>
 <Entity id="1969"/>
 <Entity id="1970"/>
 <Entity id="1971"/>
 <Entity id="1972"/>
 <Entity id="1973"/>
 <Entity id="1974"/>
 <Entity id="1975"/>
 <Entity id="1976"/>
 <Entity id="1977"/>
 <Entity id="1978"/>
 <Entity id="1979"/>
 <Entity id="1980"/>
 <Entity id="1981"/>
 <Entity id="1982"/>
 <Entity id="1983"/>
 <Entity id="1984"/>
 <Entity id="1985"/>
 <Entity id="1986"/>
 <Entity id="1987"/>
 <Entity id="1988"/>
 <Entity id="1989"/>
 <Entity id="1990"/>
 <Entity id="1991"/>
 <Entity id="1992"/>
 <Entity id="1993"/>
 <Entity id="1994"/>
 <Entity id="1995"/>
 <Entity id="1996"/>
 <Entity id="1997"/>
 <Entity id="1998"/>
 <Entity id="1999"/>
 <Entity id="2000"/>
 <Entity id="2001"/>
 <Entity id="2002"/>
 <Entity id="2003"/>
 <Entity id="2004"/>
 <Entity id="2005"/>
 <Entity id="2006"/>
 <Entity id="2007"/>
 <Entity id="2011"/>
 <Entity id="2015"/>
 <Entity id="2017"/>
 <Entity id="2018"/>
 <Entity id="2019"/>
 <Entity id="2024"/>
 <Entity id="2026"/>
 <Entity id="2028"/>
 <Entity id="2030"/>
 <Entity id="2032"/>
 <Entity id="2033"/>
 <Entity id="2035"/>
 <Entity id="2038"/>
 <Entity id="2039"/>
 <Entity id="2050"/>
 <Entity id="2052"/>
 <Entity id="2059"/>
 <Entity id="2066"/>
 <Entity id="2073"/>
 <Entity id="2075"/>
 <Entity id="2076"/>
 <Entity id="2077"/>
 <Entity id="2078"/>
 <Entity id="2079"/>
 <Entity id="2082"/>
 <Entity id="2084"/>
 <Entity id="2085"/>
 <Entity id="2086"/>
 <Entity id="2087"/>
 <Entity id="2089"/>
 <Entity id="2090"/>
 <Entity id="2091"/>
 <Entity id="2092"/>
 <Entity id="2093"/>
 <Entity id="2094"/>
 <Entity id="2095"/>
 <Entity id="2096"/>
 <Entity id="2098"/>
 <Entity id="2099"/>
 <Entity id="2101"/>
 <Entity id="2102"/>
 <Entity id="2103"/>
 <Entity id="2104"/>
 <Entity id="2107"/>
 <Entity id="2110"/>
 <Entity id="2113"/>
 <Entity id="2116"/>
 <Entity id="2120"/>
 <Entity id="2124"/>
 <Entity id="2125"/>
 <Entity id="2126"/>
 <Entity id="2127"/>
 <Entity id="2129"/>
 <Entity id="2131"/>
 <Entity id="2136"/>
 <Entity id="2138"/>
 <Entity id="2140"/>
 <Entity id="2141"/>
 <Entity id="2142"/>
 <Entity id="2143"/>
 <Entity id="2146"/>
 <Entity id="2147"/>
 <Entity id="2151"/>
 <Entity id="2152"/>
 <Entity id="2153"/>
 <Entity id="2155"/>
 <Entity id="2164"/>
 <Entity id="2165"/>
 <Entity id="2166"/>
 <Entity id="2170"/>
 <Entity id="2173"/>
 <Entity id="2174"/>
 <Entity id="2175"/>
 <Entity id="2176"/>
 <Entity id="2179"/>
 <Entity id="2180"/>
 <Entity id="2181"/>
 <Entity id="2182"/>
 <Entity id="2184"/>
 <Entity id="2185"/>
 <Entity id="2186"/>
 <Entity id="2187"/>
 <Entity id="2189"/>
 <Entity id="2191"/>
 <Entity id="2192"/>
 <Entity id="2193"/>
 <Entity id="2194"/>
 <Entity id="2195"/>
 <Entity id="2196"/>
 <Entity id="2197"/>
 <Entity id="2199"/>
 <Entity id="2200"/>
 <Entity id="2201"/>
 <Entity id="2202"/>
 <Entity id="2203"/>
 <Entity id="2206"/>
 <Entity id="2210"/>
 <Entity id="2211"/>
 <Entity id="2212"/>
 <Entity id="2213"/>
 <Entity id="2214"/>
 <Entity id="2215"/>
 <Entity id="2216"/>
 <Entity id="2217"/>
 <Entity id="2218"/>
 <Entity id="2219"/>
 <Entity id="2220"/>
 <Entity id="2222"/>
 <Entity id="2224"/>
 <Entity id="2225"/>
 <Entity id="2226"/>
 <Entity id="2227"/>
 <Entity id="2228"/>
 <Entity id="2229"/>
 <Entity id="2231"/>
 <Entity id="2232"/>
 <Entity id="2234"/>
 <Entity id="2236"/>
 <Entity id="2237"/>
 <Entity id="2238"/>
 <Entity id="2239"/>
 <Entity id="2241"/>
 <Entity id="2243"/>
 <Entity id="2244"/>
 <Entity id="2246"/>
 <Entity id="2247"/>
 <Entity id="2250"/>
 <Entity id="2253"/>
 <Entity id="2255"/>
 <Entity id="2256"/>
 <Entity id="2257"/>
 <Entity id="2260"/>
 <Entity id="2261"/>
 <Entity id="2263"/>
 <Entity id="2264"/>
 <Entity id="2269"/>
 <Entity id="2270"/>
 <Entity id="2271"/>
 <Entity id="2273"/>
 <Entity id="2275"/>
 <Entity id="2276"/>
 <Entity id="2277"/>
 <Entity id="2278"/>
 <Entity id="2280"/>
 <Entity id="2281"/>
 <Entity id="2282"/>
 <Entity id="2284"/>
 <Entity id="2285"/>
 <Entity id="2286"/>
 <Entity id="2288"/>
 <Entity id="2291"/>
 <Entity id="2292"/>
 <Entity id="2294"/>
 <Entity id="2296"/>
 <Entity id="2297"/>
 <Entity id="2298"/>
 <Entity id="2299"/>
 <Entity id="2300"/>
 <Entity id="2301"/>
 <Entity id="2302"/>
 <Entity id="2304"/>
 <Entity id="2306"/>
 <Entity id="2307"/>
 <Entity id="2308"/>
 <Entity id="2309"/>
 <Entity id="2310"/>
 <Entity id="2311"/>
 <Entity id="2312"/>
 <Entity id="2313"/>
 <Entity id="2314"/>
 <Entity id="2315"/>
 <Entity id="2317"/>
 <Entity id="2318"/>
 <Entity id="2319"/>
 <Entity id="2320"/>
 <Entity id="2322"/>
 <Entity id="2325"/>
 <Entity id="2326"/>
 <Entity id="2327"/>
 <Entity id="2328"/>
 <Entity id="2329"/>
 <Entity id="2332"/>
 <Entity id="2334"/>
 <Entity id="2335"/>
 <Entity id="2337"/>
 <Entity id="2339"/>
 <Entity id="2340"/>
 <Entity id="2341"/>
 <Entity id="2342"/>
 <Entity id="2343"/>
 <Entity id="2345"/>
 <Entity id="2347"/>
 <Entity id="2348"/>
 <Entity id="2349"/>
 <Entity id="2350"/>
 <Entity id="2351"/>
 <Entity id="2352"/>
 <Entity id="2353"/>
 <Entity id="2354"/>
 <Entity id="2355"/>
 <Entity id="2356"/>
 <Entity id="2360"/>
 <Entity id="2361"/>
 <Entity id="2363"/>
 <Entity id="2364"/>
 <Entity id="2365"/>
 <Entity id="2367"/>
 <Entity id="2369"/>
 <Entity id="2370"/>
 <Entity id="2371"/>
 <Entity id="2372"/>
 <Entity id="2373"/>
 <Entity id="2374"/>
 <Entity id="2377"/>
 <Entity id="2379"/>
 <Entity id="2380"/>
 <Entity id="2381"/>
 <Entity id="2382"/>
 <Entity id="2383"/>
 <Entity id="2384"/>
 <Entity id="2385"/>
 <Entity id="2386"/>
 <Entity id="2387"/>
 <Entity id="2388"/>
 <Entity id="2391"/>
 <Entity id="2392"/>
 <Entity id="2394"/>
 <Entity id="2396"/>
 <Entity id="2397"/>
 <Entity id="2399"/>
 <Entity id="2400"/>
 <Entity id="2401"/>
 <Entity id="2403"/>
 <Entity id="2404"/>
 <Entity id="2405"/>
 <Entity id="2406"/>
 <Entity id="2407"/>
 <Entity id="2408"/>
 <Entity id="2409"/>
 <Entity id="2410"/>
 <Entity id="2411"/>
 <Entity id="2412"/>
 <Entity id="2413"/>
 <Entity id="2414"/>
 <Entity id="2415"/>
 <Entity id="2416"/>
 <Entity id="2417"/>
 <Entity id="2418"/>
 <Entity id="2420"/>
 <Entity id="2421"/>
 <Entity id="2422"/>
 <Entity id="2423"/>
 <Entity id="2424"/>
 <Entity id="2425"/>
 <Entity id="2426"/>
 <Entity id="2427"/>
 <Entity id="2428"/>
 <Entity id="2429"/>
 <Entity id="2430"/>
 <Entity id="2431"/>
 <Entity id="2433"/>
 <Entity id="2434"/>
 <Entity id="2435"/>
 <Entity id="2436"/>
 <Entity id="2437"/>
 <Entity id="2438"/>
 <Entity id="2439"/>
 <Entity id="2440"/>
 <Entity id="2441"/>
 <Entity id="2442"/>
 <Entity id="2443"/>
 <Entity id="2444"/>
 <Entity id="2445"/>
 <Entity id="2446"/>
 <Entity id="2447"/>
 <Entity id="2448"/>
 <Entity id="2449"/>
 <Entity id="2450"/>
 <Entity id="2451"/>
 <Entity id="2452"/>
 <Entity id="2453"/>
 <Entity id="2454"/>
 <Entity id="2455"/>
 <Entity id="2457"/>
 <Entity id="2458"/>
 <Entity id="2459"/>
 <Entity id="2460"/>
 <Entity id="2461"/>
 <Entity id="2462"/>
 <Entity id="2463"/>
 <Entity id="2464"/>
 <Entity id="2465"/>
 <Entity id="2466"/>
 <Entity id="2467"/>
 <Entity id="2469"/>
 <Entity id="2470"/>
 <Entity id="2472"/>
 <Entity id="2473"/>
 <Entity id="2474"/>
 <Entity id="2475"/>
 <Entity id="2476"/>
 <Entity id="2477"/>
 <Entity id="2478"/>
 <Entity id="2479"/>
 <Entity id="2480"/>
 <Entity id="2481"/>
 <Entity id="2482"/>
 <Entity id="2483"/>
 <Entity id="2484"/>
 <Entity id="2485"/>
 <Entity id="2486"/>
 <Entity id="2488"/>
 <Entity id="2489"/>
 <Entity id="2490"/>
 <Entity id="2491"/>
 <Entity id="2492"/>
 <Entity id="2493"/>
 <Entity id="2494"/>
 <Entity id="2495"/>
 <Entity id="2496"/>
 <Entity id="2497"/>
 <Entity id="2498"/>
 <Entity id="2499"/>
 <Entity id="2500"/>
 <Entity id="2501"/>
 <Entity id="2502"/>
 <Entity id="2503"/>
 <Entity id="2504"/>
 <Entity id="2505"/>
 <Entity id="2506"/>
 <Entity id="2507"/>
 <Entity id="2508"/>
 <Entity id="2509"/>
 <Entity id="2510"/>
 <Entity id="2511"/>
 <Entity id="2512"/>
 <Entity id="2513"/>
 <Entity id="2514"/>
 <Entity id="2515"/>
 <Entity id="2516"/>
 <Entity id="2517"/>
 <Entity id="2518"/>
 <Entity id="2519"/>
 <Entity id="2520"/>
 <Entity id="2521"/>
 <Entity id="2522"/>
 <Entity id="2523"/>
 <Entity id="2524"/>
 <Entity id="2525"/>
 <Entity id="2526"/>
 <Entity id="2527"/>
 <Entity id="2528"/>
 <Entity id="2529"/>
 <Entity id="2530"/>
 <Entity id="2531"/>
 <Entity id="2532"/>
 <Entity id="2533"/>
 <Entity id="2534"/>
 <Entity id="2535"/>
 <Entity id="2536"/>
 <Entity id="2537"/>
 <Entity id="2538"/>
 <Entity id="2539"/>
 <Entity id="2540"/>
 <Entity id="2541"/>
 <Entity id="2542"/>
 <Entity id="2543"/>
 <Entity id="2545"/>
 <Entity id="2546"/>
 <Entity id="2547"/>
 <Entity id="2548"/>
 <Entity id="2549"/>
 <Entity id="2550"/>
 <Entity id="2552"/>
 <Entity id="2553"/>
 <Entity id="2554"/>
 <Entity id="2555"/>
 <Entity id="2556"/>
 <Entity id="2557"/>
 <Entity id="2558"/>
 <Entity id="2559"/>
 <Entity id="2561"/>
 <Entity id="2562"/>
 <Entity id="2563"/>
 <Entity id="2564"/>
 <Entity id="2565"/>
 <Entity id="2566"/>
 <Entity id="2567"/>
 <Entity id="2568"/>
 <Entity id="2569"/>
 <Entity id="2570"/>
 <Entity id="2571"/>
 <Entity id="2572"/>
 <Entity id="2573"/>
 <Entity id="2574"/>
 <Entity id="2575"/>
 <Entity id="2576"/>
 <Entity id="2577"/>
 <Entity id="2578"/>
 <Entity id="2579"/>
 <Entity id="2580"/>
 <Entity id="2581"/>
 <Entity id="2582"/>
 <Entity id="2583"/>
 <Entity id="2584"/>
 <Entity id="2585"/>
 <Entity id="2586"/>
 <Entity id="2587"/>
 <Entity id="2588"/>
 <Entity id="2589"/>
 <Entity id="2590"/>
 <Entity id="2591"/>
 <Entity id="2592"/>
 <Entity id="2593"/>
 <Entity id="2594"/>
 <Entity id="2595"/>
 <Entity id="2596"/>
 <Entity id="2597"/>
 <Entity id="2598"/>
 <Entity id="2599"/>
 <Entity id="2600"/>
 <Entity id="2601"/>
 <Entity id="2602"/>
 <Entity id="2603"/>
 <Entity id="2604"/>
 <Entity id="2605"/>
 <Entity id="2606"/>
 <Entity id="2607"/>
 <Entity id="2608"/>
 <Entity id="2609"/>
 <Entity id="2610"/>
 <Entity id="2611"/>
 <Entity id="2612"/>
 <Entity id="2613"/>
 <Entity id="2614"/>
 <Entity id="2615"/>
 <Entity id="2616"/>
 <Entity id="2617"/>
 <Entity id="2618"/>
 <Entity id="2619"/>
 <Entity id="2620"/>
 <Entity id="2621"/>
 <Entity id="2622"/>
 <Entity id="2623"/>
 <Entity id="2624"/>
 <Entity id="2625"/>
 <Entity id="2627"/>
 <Entity id="2629"/>
 <Entity id="2630"/>
 <Entity id="2631"/>
 <Entity id="2633"/>
 <Entity id="2634"/>
 <Entity id="2635"/>
 <Entity id="2636"/>
 <Entity id="2638"/>
 <Entity id="2639"/>
 <Entity id="2640"/>
 <Entity id="2642"/>
 <Entity id="2643"/>
 <Entity id="2646"/>
 <Entity id="2647"/>
 <Entity id="2648"/>
 <Entity id="2649"/>
 <Entity id="2650"/>
 <Entity id="2653"/>
 <Entity id="2655"/>
 <Entity id="2656"/>
 <Entity id="2657"/>
 <Entity id="2658"/>
 <Entity id="2659"/>
 <Entity id="2660"/>
 <Entity id="2661"/>
 <Entity id="2662"/>
 <Entity id="2663"/>
 <Entity id="2664"/>
 <Entity id="2666"/>
 <Entity id="2667"/>
 <Entity id="2668"/>
 <Entity id="2669"/>
 <Entity id="2670"/>
 <Entity id="2671"/>
 <Entity id="2673"/>
 <Entity id="2674"/>
 <Entity id="2676"/>
 <Entity id="2678"/>
 <Entity id="2679"/>
 <Entity id="2681"/>
 <Entity id="2682"/>
 <Entity id="2684"/>
 <Entity id="2686"/>
 <Entity id="2688"/>
 <Entity id="2689"/>
 <Entity id="2690"/>
 <Entity id="2692"/>
 <Entity id="2693"/>
 <Entity id="2694"/>
 <Entity id="2697"/>
 <Entity id="2698"/>
 <Entity id="2701"/>
 <Entity id="2705"/>
 <Entity id="2707"/>
 <Entity id="2708"/>
 <Entity id="2709"/>
 <Entity id="2710"/>
 <Entity id="2711"/>
 <Entity id="2712"/>
 <Entity id="2713"/>
 <Entity id="2714"/>
 <Entity id="2715"/>
 <Entity id="2716"/>
 <Entity id="2719"/>
 <Entity id="2721"/>
 <Entity id="2722"/>
 <Entity id="2723"/>
 <Entity id="2725"/>
 <Entity id="2726"/>
 <Entity id="2729"/>
 <Entity id="2733"/>
 <Entity id="2736"/>
 <Entity id="2737"/>
 <Entity id="2738"/>
 <Entity id="2742"/>
 <Entity id="2744"/>
 <Entity id="2745"/>
 <Entity id="2746"/>
 <Entity id="2747"/>
 <Entity id="2749"/>
 <Entity id="2751"/>
 <Entity id="2752"/>
 <Entity id="2753"/>
 <Entity id="2754"/>
 <Entity id="2755"/>
 <Entity id="2756"/>
 <Entity id="2757"/>
 <Entity id="2759"/>
 <Entity id="2760"/>
 <Entity id="2762"/>
 <Entity id="2764"/>
 <Entity id="2765"/>
 <Entity id="2766"/>
 <Entity id="2768"/>
 <Entity id="2769"/>
 <Entity id="2770"/>
 <Entity id="2771"/>
 <Entity id="2772"/>
 <Entity id="2774"/>
 <Entity id="2775"/>
 <Entity id="2776"/>
 <Entity id="2777"/>
 <Entity id="2779"/>
 <Entity id="2780"/>
 <Entity id="2783"/>
 <Entity id="2784"/>
 <Entity id="2785"/>
 <Entity id="2787"/>
 <Entity id="2789"/>
 <Entity id="2791"/>
 <Entity id="2792"/>
 <Entity id="2795"/>
 <Entity id="2797"/>
 <Entity id="2798"/>
 <Entity id="2799"/>
 <Entity id="2800"/>
 <Entity id="2801"/>
 <Entity id="2802"/>
 <Entity id="2803"/>
 <Entity id="2804"/>
 <Entity id="2805"/>
 <Entity id="2806"/>
 <Entity id="2807"/>
 <Entity id="2810"/>
 <Entity id="2812"/>
 <Entity id="2813"/>
 <Entity id="2814"/>
 <Entity id="2815"/>
 <Entity id="2816"/>
 <Entity id="2817"/>
 <Entity id="2818"/>
 <Entity id="2819"/>
 <Entity id="2821"/>
 <Entity id="2822"/>
 <Entity id="2823"/>
 <Entity id="2824"/>
 <Entity id="2825"/>
 <Entity id="2827"/>
 <Entity id="2828"/>
 <Entity id="2829"/>
 <Entity id="2831"/>
 <Entity id="2833"/>
 <Entity id="2834"/>
 <Entity id="2835"/>
 <Entity id="2836"/>
 <Entity id="2837"/>
 <Entity id="2839"/>
 <Entity id="2840"/>
 <Entity id="2842"/>
 <Entity id="2843"/>
 <Entity id="2844"/>
 <Entity id="2845"/>
 <Entity id="2847"/>
 <Entity id="2848"/>
 <Entity id="2849"/>
 <Entity id="2850"/>
 <Entity id="2851"/>
 <Entity id="2852"/>
 <Entity id="2853"/>
 <Entity id="2855"/>
 <Entity id="2856"/>
 <Entity id="2857"/>
 <Entity id="2858"/>
 <Entity id="2859"/>
 <Entity id="2860"/>
 <Entity id="2862"/>
 <Entity id="2863"/>
 <Entity id="2864"/>
 <Entity id="2865"/>
 <Entity id="2866"/>
 <Entity id="2867"/>
 <Entity id="2868"/>
 <Entity id="2870"/>
 <Entity id="2871"/>
 <Entity id="2874"/>
 <Entity id="2875"/>
 <Entity id="2876"/>
 <Entity id="2877"/>
 <Entity id="2878"/>
 <Entity id="2880"/>
 <Entity id="2881"/>
 <Entity id="2882"/>
 <Entity id="2883"/>
 <Entity id="2884"/>
 <Entity id="2885"/>
 <Entity id="2888"/>
 <Entity id="2889"/>
 <Entity id="2890"/>
 <Entity id="2891"/>
 <Entity id="2893"/>
 <Entity id="2894"/>
 <Entity id="2895"/>
 <Entity id="2896"/>
 <Entity id="2897"/>
 <Entity id="2899"/>
 <Entity id="2900"/>
 <Entity id="2901"/>
 <Entity id="2902"/>
 <Entity id="2904"/>
 <Entity id="2905"/>
 <Entity id="2907"/>
 <Entity id="2908"/>
 <Entity id="2910"/>
 <Entity id="2912"/>
 <Entity id="2913"/>
 <Entity id="2916"/>
 <Entity id="2917"/>
 <Entity id="2918"/>
 <Entity id="2919"/>
 <Entity id="2924"/>
 <Entity id="2925"/>
 <Entity id="2929"/>
 <Entity id="2930"/>
 <Entity id="2931"/>
 <Entity id="2932"/>
 <Entity id="2933"/>
 <Entity id="2934"/>
 <Entity id="2935"/>
 <Entity id="2936"/>
 <Entity id="2937"/>
 <Entity id="2940"/>
 <Entity id="2942"/>
 <Entity id="2943"/>
 <Entity id="2944"/>
 <Entity id="2945"/>
 <Entity id="2947"/>
 <Entity id="2948"/>
 <Entity id="2951"/>
 <Entity id="2952"/>
 <Entity id="2953"/>
 <Entity id="2954"/>
 <Entity id="2955"/>
 <Entity id="2956"/>
 <Entity id="2958"/>
 <Entity id="2959"/>
 <Entity id="2960"/>
 <Entity id="2961"/>
 <Entity id="2962"/>
 <Entity id="2965"/>
 <Entity id="2966"/>
 <Entity id="2967"/>
 <Entity id="2968"/>
 <Entity id="2969"/>
 <Entity id="2970"/>
 <Entity id="2971"/>
 <Entity id="2972"/>
 <Entity id="2973"/>
 <Entity id="2975"/>
 <Entity id="2978"/>
 <Entity id="2980"/>
 <Entity id="2982"/>
 <Entity id="2984"/>
 <Entity id="2987"/>
 <Entity id="2988"/>
 <Entity id="2989"/>
 <Entity id="2990"/>
 <Entity id="2992"/>
 <Entity id="2993"/>
 <Entity id="2995"/>
 <Entity id="2996"/>
 <Entity id="2997"/>
 <Entity id="2998"/>
 <Entity id="2999"/>
 <Entity id="3000"/>
 <Entity id="3001"/>
 <Entity id="3002"/>
 <Entity id="3004"/>
 <Entity id="3005"/>
 <Entity id="3009"/>
 <Entity id="3011"/>
 <Entity id="3012"/>
 <Entity id="3014"/>
 <Entity id="3015"/>
 <Entity id="3016"/>
 <Entity id="3018"/>
 <Entity id="3019"/>
 <Entity id="3020"/>
 <Entity id="3021"/>
 <Entity id="3023"/>
 <Entity id="3024"/>
 <Entity id="3026"/>
 <Entity id="3027"/>
 <Entity id="3028"/>
 <Entity id="3029"/>
 <Entity id="3030"/>
 <Entity id="3034"/>
 <Entity id="3036"/>
 <Entity id="3037"/>
 <Entity id="3038"/>
 <Entity id="3040"/>
 <Entity id="3041"/>
 <Entity id="3042"/>
 <Entity id="3043"/>
 <Entity id="3044"/>
 <Entity id="3047"/>
 <Entity id="3049"/>
 <Entity id="3051"/>
 <Entity id="3052"/>
 <Entity id="3053"/>
 <Entity id="3054"/>
 <Entity id="3055"/>
 <Entity id="3057"/>
 <Entity id="3058"/>
 <Entity id="3059"/>
 <Entity id="3061"/>
 <Entity id="3062"/>
 <Entity id="3063"/>
 <Entity id="3066"/>
 <Entity id="3068"/>
 <Entity id="3069"/>
 <Entity id="3070"/>
 <Entity id="3073"/>
 <Entity id="3074"/>
 <Entity id="3075"/>
 <Entity id="3080"/>
 <Entity id="3083"/>
 <Entity id="3085"/>
 <Entity id="3087"/>
 <Entity id="3090"/>
 <Entity id="3093"/>
 <Entity id="3094"/>
 <Entity id="3103"/>
 <Entity id="3104"/>
 <Entity id="3106"/>
 <Entity id="3107"/>
 <Entity id="3108"/>
 <Entity id="3109"/>
 <Entity id="3116"/>
 <Entity id="3117"/>
 <Entity id="3119"/>
 <Entity id="3125"/>
 <Entity id="3126"/>
 <Entity id="3131"/>
 <Entity id="3132"/>
 <Entity id="3138"/>
 <Entity id="3144"/>
 <Entity id="3145"/>
 <Entity id="3150"/>
 <Entity id="3152"/>
 <Entity id="3159"/>
 <Entity id="3162"/>
 <Entity id="3165"/>
 <Entity id="3166"/>
 <Entity id="3169"/>
 <Entity id="3171"/>
 <Entity id="3172"/>
 <Entity id="3173"/>
 <Entity id="3174"/>
 <Entity id="3176"/>
 <Entity id="3177"/>
 <Entity id="3179"/>
 <Entity id="3182"/>
 <Entity id="3184"/>
 <Entity id="3185"/>
 <Entity id="3190"/>
 <Entity id="3191"/>
 <Entity id="3192"/>
 <Entity id="3194"/>
 <Entity id="3197"/>
 <Entity id="3199"/>
 <Entity id="3202"/>
 <Entity id="3213"/>
 <Entity id="3215"/>
 <Entity id="3218"/>
 <Entity id="3219"/>
 <Entity id="3220"/>
 <Entity id="3222"/>
 <Entity id="3223"/>
 <Entity id="3228"/>
 <Entity id="3233"/>
 <Entity id="3234"/>
 <Entity id="3235"/>
 <Entity id="3236"/>
 <Entity id="3238"/>
 <Entity id="3240"/>
 <Entity id="3241"/>
 <Entity id="3244"/>
 <Entity id="3251"/>
 <Entity id="3258"/>
 <Entity id="3262"/>
 <Entity id="3263"/>
 <Entity id="3272"/>
 <Entity id="3275"/>
 <Entity id="3276"/>
 <Entity id="3279"/>
 <Entity id="3281"/>
 <Entity id="3283"/>
 <Entity id="3285"/>
 <Entity id="3287"/>
 <Entity id="3288"/>
 <Entity id="3291"/>
 <Entity id="3294"/>
 <Entity id="3297"/>
 <Entity id="3298"/>
 <Entity id="3299"/>
 <Entity id="3301"/>
 <Entity id="3302"/>
 <Entity id="3303"/>
 <Entity id="3306"/>
 <Entity id="3307"/>
 <Entity id="3308"/>
 <Entity id="3309"/>
 <Entity id="3312"/>
 <Entity id="3313"/>
 <Entity id="3316"/>
 <Entity id="3317"/>
 <Entity id="3319"/>
 <Entity id="3320"/>
 <Entity id="3331"/>
 <Entity id="3337"/>
 <Entity id="3338"/>
 <Entity id="3342"/>
 <Entity id="3343"/>
 <Entity id="3349"/>
 <Entity id="3355"/>
 <Entity id="3357"/>
 <Entity id="3361"/>
 <Entity id="3362"/>
 <Entity id="3365"/>
 <Entity id="3368"/>
 <Entity id="3370"/>
 <Entity id="3372"/>
 <Entity id="3375"/>
 <Entity id="3376"/>
 <Entity id="3378"/>
 <Entity id="3379"/>
 <Entity id="3380"/>
 <Entity id="3384"/>
 <Entity id="3385"/>
 <Entity id="3386"/>
 <Entity id="3387"/>
 <Entity id="3388"/>
 <Entity id="3389"/>
 <Entity id="3390"/>
 <Entity id="3391"/>
 <Entity id="3392"/>
 <Entity id="3393"/>
 <Entity id="3394"/>
 <Entity id="3395"/>
 <Entity id="3397"/>
 <Entity id="3398"/>
 <Entity id="3400"/>
 <Entity id="3403"/>
 <Entity id="3404"/>
 <Entity id="3405"/>
 <Entity id="3406"/>
 <Entity id="3408"/>
 <Entity id="3409"/>
 <Entity id="3411"/>
 <Entity id="3412"/>
 <Entity id="3413"/>
 <Entity id="3414"/>
 <Entity id="3415"/>
 <Entity id="3416"/>
 <Entity id="3417"/>
 <Entity id="3418"/>
 <Entity id="3419"/>
 <Entity id="3420"/>
 <Entity id="3421"/>
 <Entity id="3423"/>
 <Entity id="3424"/>
 <Entity id="3427"/>
 <Entity id="3429"/>
 <Entity id="3430"/>
 <Entity id="3432"/>
 <Entity id="3433"/>
 <Entity id="3434"/>
 <Entity id="3435"/>
 <Entity id="3436"/>
 <Entity id="3437"/>
 <Entity id="3438"/>
 <Entity id="3439"/>
 <Entity id="3440"/>
 <Entity id="3441"/>
 <Entity id="3443"/>
 <Entity id="3446"/>
 <Entity id="3448"/>
 <Entity id="3449"/>
 <Entity id="3450"/>
 <Entity id="3451"/>
 <Entity id="3452"/>
 <Entity id="3453"/>
 <Entity id="3454"/>
 <Entity id="3457"/>
 <Entity id="3458"/>
 <Entity id="3462"/>
 <Entity id="3463"/>
 <Entity id="3464"/>
 <Entity id="3465"/>
 <Entity id="3466"/>
 <Entity id="3468"/>
 <Entity id="3469"/>
 <Entity id="3470"/>
 <Entity id="3471"/>
 <Entity id="3472"/>
 <Entity id="3473"/>
 <Entity id="3474"/>
 <Entity id="3475"/>
 <Entity id="3476"/>
 <Entity id="3479"/>
 <Entity id="3480"/>
 <Entity id="3481"/>
 <Entity id="3484"/>
 <Entity id="3486"/>
 <Entity id="3487"/>
 <Entity id="3488"/>
 <Entity id="3489"/>
 <Entity id="3490"/>
 <Entity id="3492"/>
 <Entity id="3494"/>
 <Entity id="3495"/>
 <Entity id="3496"/>
 <Entity id="3497"/>
 <Entity id="3498"/>
 <Entity id="3499"/>
 <Entity id="3500"/>
 <Entity id="3501"/>
 <Entity id="3502"/>
 <Entity id="3503"/>
 <Entity id="3504"/>
 <Entity id="3505"/>
 <Entity id="3506"/>
 <Entity id="3508"/>
 <Entity id="3509"/>
 <Entity id="3510"/>
 <Entity id="3511"/>
 <Entity id="3512"/>
 <Entity id="3514"/>
 <Entity id="3516"/>
 <Entity id="3518"/>
 <Entity id="3519"/>
 <Entity id="3520"/>
 <Entity id="3521"/>
 <Entity id="3522"/>
 <Entity id="3523"/>
 <Entity id="3524"/>
 <Entity id="3527"/>
 <Entity id="3528"/>
 <Entity id="3529"/>
 <Entity id="3530"/>
 <Entity id="3531"/>
 <Entity id="3532"/>
 <Entity id="3533"/>
 <Entity id="3534"/>
 <Entity id="3535"/>
 <Entity id="3536"/>
 <Entity id="3537"/>
 <Entity id="3540"/>
 <Entity id="3541"/>
 <Entity id="3542"/>
 <Entity id="3543"/>
 <Entity id="3544"/>
 <Entity id="3545"/>
 <Entity id="3547"/>
 <Entity id="3548"/>
 <Entity id="3550"/>
 <Entity id="3551"/>
 <Entity id="3552"/>
 <Entity id="3554"/>
 <Entity id="3555"/>
 <Entity id="3556"/>
 <Entity id="3558"/>
 <Entity id="3559"/>
 <Entity id="3560"/>
 <Entity id="3561"/>
 <Entity id="3563"/>
 <Entity id="3564"/>
 <Entity id="3565"/>
 <Entity id="3566"/>
 <Entity id="3569"/>
 <Entity id="3570"/>
 <Entity id="3571"/>
 <Entity id="3573"/>
 <Entity id="3574"/>
 <Entity id="3575"/>
 <Entity id="3578"/>
 <Entity id="3579"/>
 <Entity id="3581"/>
 <Entity id="3582"/>
 <Entity id="3583"/>
 <Entity id="3584"/>
 <Entity id="3585"/>
 <Entity id="3586"/>
 <Entity id="3587"/>
 <Entity id="3588"/>
 <Entity id="3589"/>
 <Entity id="3591"/>
 <Entity id="3592"/>
 <Entity id="3594"/>
 <Entity id="3595"/>
 <Entity id="3596"/>
 <Entity id="3597"/>
 <Entity id="3599"/>
 <Entity id="3600"/>
 <Entity id="3601"/>
 <Entity id="3602"/>
 <Entity id="3603"/>
 <Entity id="3604"/>
 <Entity id="3605"/>
 <Entity id="3606"/>
 <Entity id="3607"/>
 <Entity id="3609"/>
 <Entity id="3610"/>
 <Entity id="3612"/>
 <Entity id="3613"/>
 <Entity id="3614"/>
 <Entity id="3615"/>
 <Entity id="3616"/>
 <Entity id="3618"/>
 <Entity id="3619"/>
 <Entity id="3621"/>
 <Entity id="3622"/>
 <Entity id="3623"/>
 <Entity id="3624"/>
 <Entity id="3626"/>
 <Entity id="3627"/>
 <Entity id="3628"/>
 <Entity id="3634"/>
 <Entity id="3637"/>
 <Entity id="3640"/>
 <Entity id="3642"/>
 <Entity id="3645"/>
 <Entity id="3648"/>
 <Entity id="3653"/>
 <Entity id="3658"/>
 <Entity id="3659"/>
 <Entity id="3660"/>
 <Entity id="3668"/>
 <Entity id="3672"/>
 <Entity id="3676"/>
 <Entity id="3678"/>
 <Entity id="3680"/>
 <Entity id="3681"/>
 <Entity id="3682"/>
 <Entity id="3684"/>
 <Entity id="3687"/>
 <Entity id="3688"/>
 <Entity id="3689"/>
 <Entity id="3691"/>
 <Entity id="3696"/>
 <Entity id="3698"/>
 <Entity id="3699"/>
 <Entity id="3700"/>
 <Entity id="3701"/>
 <Entity id="3708"/>
 <Entity id="3711"/>
 <Entity id="3714"/>
 <Entity id="3719"/>
 <Entity id="3722"/>
 <Entity id="3723"/>
 <Entity id="3724"/>
 <Entity id="3729"/>
 <Entity id="3731"/>
 <Entity id="3734"/>
 <Entity id="3736"/>
 <Entity id="3738"/>
 <Entity id="3745"/>
 <Entity id="3747"/>
 <Entity id="3748"/>
 <Entity id="3760"/>
 <Entity id="3762"/>
 <Entity id="3767"/>
 <Entity id="3769"/>
 <Entity id="3775"/>
 <Entity id="3776"/>
 <Entity id="3777"/>
 <Entity id="3778"/>
 <Entity id="3786"/>
 <Entity id="3788"/>
 <Entity id="3791"/>
 <Entity id="3799"/>
 <Entity id="3801"/>
 <Entity id="3804"/>
 <Entity id="3808"/>
 <Entity id="3811"/>
 <Entity id="3812"/>
 <Entity id="3816"/>
 <Entity id="3818"/>
 <Entity id="3822"/>
 <Entity id="3824"/>
 <Entity id="3827"/>
 <Entity id="3828"/>
 <Entity id="3830"/>
 <Entity id="3836"/>
 <Entity id="3840"/>
 <Entity id="3841"/>
 <Entity id="3847"/>
 <Entity id="3848"/>
 <Entity id="3852"/>
 <Entity id="3855"/>
 <Entity id="3856"/>
 <Entity id="3857"/>
 <Entity id="3872"/>
 <Entity id="3874"/>
 <Entity id="3876"/>
 <Entity id="3882"/>
 <Entity id="3883"/>
 <Entity id="3902"/>
 <Entity id="3909"/>
 <Entity id="3923"/>
 <Entity id="3925"/>
 <Entity id="3928"/>
 <Entity id="3931"/>
 <Entity id="3932"/>
 <Entity id="3941"/>
 <Entity id="3942"/>
 <Entity id="3965"/>
 <Entity id="3973"/>
 <Entity id="3983"/>
 <Entity id="3991"/>
 <Entity id="3996"/>
 <Entity id="3998"/>
 <Entity id="4004"/>
 <Entity id="4005"/>
 <Entity id="4039"/>
 <Entity id="4043"/>
 <Entity id="4046"/>
 <Entity id="4052"/>
 <Entity id="4058"/>
 <Entity id="4070"/>
 <Entity id="4103"/>
 <Entity id="4113"/>
 <Entity id="4122"/>
 <Entity id="4131"/>
 <Entity id="4144"/>
 <Entity id="4161"/>
 <Entity id="4165"/>
 <Entity id="4168"/>
 <Entity id="4173"/>
 <Entity id="4179"/>
 <Entity id="4193"/>
 <Entity id="4194"/>
 <Entity id="4196"/>
 <Entity id="4201"/>
 <Entity id="4216"/>
 <Entity id="4217"/>
 <Entity id="4235"/>
 <Entity id="4244"/>
 <Entity id="4245"/>
 <Entity id="4259"/>
 <Entity id="4263"/>
 <Entity id="4265"/>
 <Entity id="4271"/>
 <Entity id="4272"/>
 <Entity id="4282"/>
 <Entity id="4286"/>
 <Entity id="4290"/>
 <Entity id="4298"/>
 <Entity id="4300"/>
 <Entity id="4304"/>
 <Entity id="4305"/>
 <Entity id="4318"/>
 <Entity id="4322"/>
 <Entity id="4332"/>
 <Entity id="4340"/>
 <Entity id="4358"/>
 <Entity id="4364"/>
 <Entity id="4367"/>
 <Entity id="4374"/>
 <Entity id="4391"/>
 <Entity id="4400"/>
 <Entity id="4402"/>
 <Entity id="4425"/>
 <Entity id="4429"/>
 <Entity id="4432"/>
 <Entity id="4435"/>
 <Entity id="4437"/>
 <Entity id="4442"/>
 <Entity id="4455"/>
 <Entity id="4457"/>
 <Entity id="4458"/>
 <Entity id="4460"/>
 <Entity id="4464"/>
 <Entity id="4465"/>
 <Entity id="4468"/>
 <Entity id="4469"/>
 <Entity id="4471"/>
 <Entity id="4472"/>
 <Entity id="4475"/>
 <Entity id="4477"/>
 <Entity id="4478"/>
 <Entity id="4480"/>
 <Entity id="4481"/>
 <Entity id="4484"/>
 <Entity id="4492"/>
 <Entity id="4493"/>
 <Entity id="4494"/>
 <Entity id="4495"/>
 <Entity id="4496"/>
 <Entity id="4499"/>
 <Entity id="4503"/>
 <Entity id="4510"/>
 <Entity id="4512"/>
 <Entity id="4516"/>
 <Entity id="4518"/>
 <Entity id="4519"/>
 <Entity id="4521"/>
 <Entity id="4524"/>
 <Entity id="4527"/>
 <Entity id="4532"/>
 <Entity id="4535"/>
 <Entity id="4539"/>
 <Entity id="4540"/>
 <Entity id="4541"/>
 <Entity id="4542"/>
 <Entity id="4543"/>
 <Entity id="4544"/>
 <Entity id="4545"/>
 <Entity id="4546"/>
 <Entity id="4547"/>
 <Entity id="4548"/>
 <Entity id="4549"/>
 <Entity id="4550"/>
 <Entity id="4551"/>
 <Entity id="4552"/>
 <Entity id="4553"/>
 <Entity id="4554"/>
 <Entity id="4555"/>
 <Entity id="4556"/>
 <Entity id="4557"/>
 <Entity id="4558"/>
 <Entity id="4559"/>
 <Entity id="4560"/>
 <Entity id="4561"/>
 <Entity id="4562"/>
 <Entity id="4563"/>
 <Entity id="4564"/>
 <Entity id="4565"/>
 <Entity id="4566"/>
 <Entity id="4567"/>
 <Entity id="4568"/>
 <Entity id="4569"/>
 <Entity id="4570"/>
 <Entity id="4571"/>
 <Entity id="4572"/>
 <Entity id="4573"/>
 <Entity id="4574"/>
 <Entity id="4575"/>
 <Entity id="4576"/>
 <Entity id="4577"/>
 <Entity id="4578"/>
 <Entity id="4579"/>
 <Entity id="4580"/>
 <Entity id="4581"/>
 <Entity id="4582"/>
 <Entity id="4583"/>
 <Entity id="4584"/>
 <Entity id="4585"/>
 <Entity id="4586"/>
 <Entity id="4587"/>
 <Entity id="4588"/>
 <Entity id="4589"/>
 <Entity id="4592"/>
 <Entity id="4593"/>
 <Entity id="4594"/>
 <Entity id="4595"/>
 <Entity id="4596"/>
 <Entity id="4597"/>
 <Entity id="4598"/>
 <Entity id="4599"/>
 <Entity id="4600"/>
 <Entity id="4601"/>
 <Entity id="4602"/>
 <Entity id="4603"/>
 <Entity id="4604"/>
 <Entity id="4605"/>
 <Entity id="4606"/>
 <Entity id="4607"/>
 <Entity id="4609"/>
 <Entity id="4610"/>
 <Entity id="4611"/>
 <Entity id="4612"/>
 <Entity id="4613"/>
 <Entity id="4614"/>
 <Entity id="4616"/>
 <Entity id="4618"/>
 <Entity id="4619"/>
 <Entity id="4620"/>
 <Entity id="4621"/>
 <Entity id="4622"/>
 <Entity id="4623"/>
 <Entity id="4624"/>
 <Entity id="4626"/>
 <Entity id="4627"/>
 <Entity id="4628"/>
 <Entity id="4629"/>
 <Entity id="4630"/>
 <Entity id="4632"/>
 <Entity id="4633"/>
 <Entity id="4634"/>
 <Entity id="4635"/>
 <Entity id="4637"/>
</EntitySerialization>
