
<ResponseRules description="Voice sample messages the player finds in Crew Quarters and uses to reconstruct Fiona&apos;s voice so he can get into Deep Storage.">
 <WritebackKeys/>
 <ResponseRule id="844024417278848140" name="Danielle: Message to Will Mitchell" cooldown="" oneshot="1" conversation="1" response="14538910657199808297" description="Establishes a rapport and a clearly different way of speaking for Mitchell to conflict with the Luka encounter to come, and it also explains why Skillet has the odd dialect that he does. Mitchell is a bit sensitive, mostly cheerful, and his voice is slightly high. He takes his role as the kitchen cook with a little flair, and that&apos;s what possessed him to make the modification to Skillet. It&apos;s possible to cut the first 2 sentences.  In addition, the use of Skillet here is intended as a clear audio signpost that when the player comes to the kitchen, the man there is clearly not Mitchell.   ">
  <Criteria>
   <Criterion id="15659330456318451386" value="13680621263377201655" comparison="0" type="guid"/>
   <Criterion id="15659330456318451410" comparison="0" value="onTranscribeTrigger" fromResponse="0" type="default"/>
   <Criterion comparison="0" passIfMissing="false" id="15659330456318451477" type="guid" keyType="default" value="844024417273151090"/>
  </Criteria>
 </ResponseRule>
 <ResponseRule id="844024417278848244" name="Danielle_MessageToAbby_DanielleIsAlive" cooldown="" oneshot="1" conversation="1" response="844024417278849113" description="Trailhead for the quest where the player can find Fiona alive. Fiona is desperate, out of breath possibly, scared that she&apos;s not going to see Sam again.">
  <Criteria>
   <Criterion id="15659330456318451386" value="13680621263377201655" comparison="0" type="guid"/>
   <Criterion id="15659330456318451410" comparison="0" value="onTranscribeTrigger" fromResponse="0" type="default"/>
   <Criterion comparison="0" passIfMissing="false" id="15659330456318451477" type="guid" keyType="default" value="844024417273151090"/>
  </Criteria>
 </ResponseRule>
 <ResponseSet id="844024417278849113">
  <Response dialog="844024417278849112" id="844024417278849114" cooldown="0" weight="1" oneshot="0" completeConversation="0"/>
 </ResponseSet>
 <ResponseRule id="844024417278849211" name="Danielle_ChatWithAbby_PasswordHint" cooldown="" oneshot="1" conversation="1" response="844024417278849280" description="Playful back and forth between Sam and Fiona that establishes their relationship, the location of Fiona&apos;s password, Fiona&apos;s view on her work, provides a voice sample for the player and establishes where Fiona is at the time of the alien outbreak.">
  <Criteria>
   <Criterion id="15659330456318451386" value="13680621263353786218" comparison="0" type="guid"/>
   <Criterion id="15659330456318451410" comparison="0" value="onTranscribeTrigger" fromResponse="0" type="default"/>
   <Criterion comparison="0" passIfMissing="false" id="15659330456318451477" type="guid" keyType="default" value="844024417273151649"/>
  </Criteria>
 </ResponseRule>
 <ResponseSet id="844024417278849280">
  <Response dialog="844024417278849279" id="844024417278849281" cooldown="0" weight="1" oneshot="0" completeConversation="0"/>
 </ResponseSet>
 <ResponseRule id="844024417278849334" name="" cooldown="" response="844024417278849335" description="Playful back and forth between Sam and Fiona that establishes their relationship, the location of Fiona&apos;s password, Fiona&apos;s view on her work, provides a voice sample for the player and establishes where Fiona is at the time of the alien outbreak.">
  <Criteria>
   <Criterion id="15659330456318451386" value="13680621263377201655" comparison="0" type="guid"/>
   <Criterion id="15659330456318451410" comparison="0" value="844024417278849281" fromResponse="1" type="guid"/>
   <Criterion comparison="0" passIfMissing="false" id="15659330456318451477" type="guid" keyType="default" value="844024417273151090"/>
  </Criteria>
 </ResponseRule>
 <ResponseSet id="844024417278849335">
  <Response dialog="844024417278849333" id="844024417278849336" cooldown="0" weight="1" oneshot="0" completeConversation="0" delay="0.75"/>
 </ResponseSet>
 <ResponseRule id="844024417278849347" name="" cooldown="" response="844024417278849348" description="Playful back and forth between Sam and Fiona that establishes their relationship, the location of Fiona&apos;s password, Fiona&apos;s view on her work, provides a voice sample for the player and establishes where Fiona is at the time of the alien outbreak.">
  <Criteria>
   <Criterion id="15659330456318451386" value="13680621263353786218" comparison="0" type="guid"/>
   <Criterion id="15659330456318451410" comparison="0" value="844024417278849336" fromResponse="1" type="guid"/>
   <Criterion comparison="0" passIfMissing="false" id="15659330456318451477" type="guid" keyType="default" value="844024417273151649"/>
  </Criteria>
 </ResponseRule>
 <ResponseSet id="844024417278849348">
  <Response dialog="844024417278849346" id="844024417278849349" cooldown="0" weight="1" oneshot="0" completeConversation="0" delay="0.5"/>
 </ResponseSet>
 <ResponseRule id="844024417278849391" name="" cooldown="" response="844024417278849392" description="Playful back and forth between Sam and Fiona that establishes their relationship, the location of Fiona&apos;s password, Fiona&apos;s view on her work, provides a voice sample for the player and establishes where Fiona is at the time of the alien outbreak.">
  <Criteria>
   <Criterion id="15659330456318451386" value="13680621263377201655" comparison="0" type="guid"/>
   <Criterion id="15659330456318451410" comparison="0" value="844024417278849349" fromResponse="1" type="guid"/>
   <Criterion comparison="0" passIfMissing="false" id="15659330456318451477" type="guid" keyType="default" value="844024417273151090"/>
  </Criteria>
 </ResponseRule>
 <ResponseSet id="844024417278849392">
  <Response dialog="844024417278849390" id="844024417278849393" cooldown="0" weight="1" oneshot="0" completeConversation="0" delay="0.5"/>
 </ResponseSet>
 <ResponseRule id="844024417282819063" name="Danielle_ComputerMessage" cooldown="" oneshot="1" conversation="1" response="844024417282819116" description="A file stored on Fiona&apos;s computer. A &quot;yes&quot; from Sam when she timidly asks her out on a date. This is a voice sample the player can find to trick the voice lock and it also shows Fiona&apos;s more shy vulbnerable personal side. She doesn&apos;t do people that well. Contrasting Sam&apos;s more straightforward, brash attitude with Fiona&apos;s more reserved one.">
  <Criteria>
   <Criterion id="15659330456318451386" value="13680621263377201655" comparison="0" type="guid"/>
   <Criterion id="15659330456318451410" comparison="0" value="onTranscribeTrigger" fromResponse="0" type="default"/>
   <Criterion comparison="0" passIfMissing="false" id="15659330456318451477" type="guid" keyType="default" value="844024417273151090"/>
  </Criteria>
 </ResponseRule>
 <ResponseSet id="844024417282819116">
  <Response dialog="844024417282819115" id="844024417282819117" cooldown="0" weight="1" oneshot="0" completeConversation="0" delay="0"/>
 </ResponseSet>
 <ResponseRule id="844024417282819144" name="" cooldown="" response="844024417282819145" description="A file stored on Fiona&apos;s computer. A &quot;yes&quot; from Sam when she timidly asks her out on a date. This is a voice sample the player can find to trick the voice lock and it also shows Fiona&apos;s more shy vulbnerable personal side. She doesn&apos;t do people that well. Contrasting Sam&apos;s more straightforward, brash attitude with Fiona&apos;s more reserved one.">
  <Criteria>
   <Criterion id="15659330456318451386" value="13680621263353786218" comparison="0" type="guid"/>
   <Criterion id="15659330456318451410" comparison="0" value="844024417282819117" fromResponse="1" type="guid"/>
   <Criterion comparison="0" passIfMissing="false" id="15659330456318451477" type="guid" keyType="default" value="844024417273151649"/>
  </Criteria>
 </ResponseRule>
 <ResponseSet id="844024417282819145">
  <Response dialog="844024417282819143" id="844024417282819146" cooldown="0" weight="1" oneshot="0" completeConversation="0" delay="0"/>
 </ResponseSet>
 <ResponseRule id="844024417282819159" name="" cooldown="" response="844024417282819160" description="A file stored on Fiona&apos;s computer. A &quot;yes&quot; from Sam when she timidly asks her out on a date. This is a voice sample the player can find to trick the voice lock and it also shows Fiona&apos;s more shy vulbnerable personal side. She doesn&apos;t do people that well. Contrasting Sam&apos;s more straightforward, brash attitude with Fiona&apos;s more reserved one.">
  <Criteria>
   <Criterion id="15659330456318451386" value="13680621263377201655" comparison="0" type="guid"/>
   <Criterion id="15659330456318451410" comparison="0" value="844024417282819146" fromResponse="1" type="guid"/>
   <Criterion comparison="0" passIfMissing="false" id="15659330456318451477" type="guid" keyType="default" value="844024417273151090"/>
  </Criteria>
 </ResponseRule>
 <ResponseSet id="844024417282819160">
  <Response dialog="844024417282819158" id="844024417282819161" cooldown="0" weight="1" oneshot="0" completeConversation="0" delay="0.25"/>
 </ResponseSet>
 <ResponseRule id="844024417282819226" name="" cooldown="" response="844024417282819227" description="A file stored on Fiona&apos;s computer. A &quot;yes&quot; from Sam when she timidly asks her out on a date. This is a voice sample the player can find to trick the voice lock and it also shows Fiona&apos;s more shy vulbnerable personal side. She doesn&apos;t do people that well. Contrasting Sam&apos;s more straightforward, brash attitude with Fiona&apos;s more reserved one.">
  <Criteria>
   <Criterion id="15659330456318451386" value="13680621263353786218" comparison="0" type="guid"/>
   <Criterion id="15659330456318451410" comparison="0" value="844024417282819161" fromResponse="1" type="guid"/>
   <Criterion comparison="0" passIfMissing="false" id="15659330456318451477" type="guid" keyType="default" value="844024417273151649"/>
  </Criteria>
 </ResponseRule>
 <ResponseSet id="844024417282819227">
  <Response dialog="844024417282819225" id="844024417282819228" cooldown="0" weight="1" oneshot="0" completeConversation="0" delay="0.25"/>
 </ResponseSet>
 <ResponseRule id="844024417285399750" name="" cooldown="" response="844024417285399778" description="Trailhead for the quest where the player can find Fiona alive. Fiona is desperate, out of breath possibly, scared that she&apos;s not going to see Sam again.">
  <Criteria>
   <Criterion id="15659330456318451386" value="13680621263377201655" comparison="0" type="guid"/>
   <Criterion id="15659330456318451410" comparison="0" value="844024417278849114" fromResponse="1" type="guid"/>
   <Criterion id="15659330456318451477" value="844024417273151090" comparison="0" type="guid"/>
  </Criteria>
 </ResponseRule>
 <ResponseSet id="844024417285399778">
  <Response dialog="13680621263394136076" id="844024417285399779" cooldown="0" weight="1" oneshot="0" completeConversation="0" delay="0.5"/>
 </ResponseSet>
 <ResponseRule id="844024417287659203" name="Danielle_MessageToKevinS" cooldown="" oneshot="1" conversation="1" response="844024417287659407" description="Fiona&apos;s concerned about Sam. She checks in with people who were with her to see what&apos;s going on.">
  <Criteria>
   <Criterion id="15659330456318451386" value="13680621263377201655" comparison="0" type="guid"/>
   <Criterion id="15659330456318451410" comparison="0" value="onTranscribeTrigger" fromResponse="0" type="default"/>
   <Criterion comparison="0" passIfMissing="false" id="15659330456318451477" type="guid" keyType="default" value="844024417273151090"/>
  </Criteria>
 </ResponseRule>
 <ResponseSet id="844024417287659407">
  <Response dialog="844024417287659406" id="844024417287659408" cooldown="0" weight="1" oneshot="0" completeConversation="0" delay="0"/>
 </ResponseSet>
 <ResponseRule id="844024417287749500" name="Danielle_MessageToEmma" cooldown="" oneshot="1" conversation="1" response="844024417287749546" description="Fiona&apos;s concerned about Sam. She checks in with people who were with her to see what&apos;s going on.">
  <Criteria>
   <Criterion id="15659330456318451386" value="13680621263377201655" comparison="0" type="guid"/>
   <Criterion id="15659330456318451410" comparison="0" value="onTranscribeTrigger" fromResponse="0" type="default"/>
   <Criterion comparison="0" passIfMissing="false" id="15659330456318451477" type="guid" keyType="default" value="844024417273151090"/>
  </Criteria>
 </ResponseRule>
 <ResponseSet id="844024417287749546">
  <Response dialog="844024417287749545" id="844024417287749547" cooldown="0" weight="1" oneshot="0" completeConversation="0" delay="0" cutoff="0.3"/>
 </ResponseSet>
 <ResponseRule id="844024417290850512" name="" cooldown="" response="844024417290850513">
  <Criteria>
   <Criterion id="15659330456318451386" value="13680621263353786218" comparison="0" type="guid"/>
   <Criterion id="15659330456318451410" comparison="0" value="844024417278849393" fromResponse="1" type="guid"/>
   <Criterion id="15659330456318451477" value="844024417273151649" comparison="0" type="guid"/>
  </Criteria>
 </ResponseRule>
 <ResponseSet id="844024417290850513">
  <Response dialog="844024417290850511" id="844024417290850514" cooldown="0" weight="1" oneshot="0" completeConversation="0" delay="0.75" targetType="2" targetId="844024417273151090" speakerTrackMethod="0" targetTrackMethod="0"/>
 </ResponseSet>
 <ResponseRule id="844024417290850541" name="" cooldown="" response="844024417290850542">
  <Criteria>
   <Criterion id="15659330456318451386" value="13680621263377201655" comparison="0" type="guid"/>
   <Criterion id="15659330456318451410" comparison="0" value="844024417290850514" fromResponse="1" type="guid"/>
   <Criterion id="15659330456318451477" value="844024417273151090" comparison="0" type="guid"/>
  </Criteria>
 </ResponseRule>
 <ResponseSet id="844024417290850542">
  <Response dialog="844024417290850540" id="844024417290850543" cooldown="0" weight="1" oneshot="0" completeConversation="0" delay="0.5" targetType="2" targetId="844024417273151649" speakerTrackMethod="0" targetTrackMethod="0"/>
 </ResponseSet>
 <ResponseRule id="844024417290850584" name="" cooldown="" response="844024417290850585">
  <Criteria>
   <Criterion id="15659330456318451386" value="13680621263353786218" comparison="0" type="guid"/>
   <Criterion id="15659330456318451410" comparison="0" value="844024417290850543" fromResponse="1" type="guid"/>
   <Criterion id="15659330456318451477" value="844024417273151649" comparison="0" type="guid"/>
  </Criteria>
 </ResponseRule>
 <ResponseSet id="844024417290850585">
  <Response dialog="844024417290850583" id="844024417290850586" cooldown="0" weight="1" oneshot="0" completeConversation="0" delay="0.5" targetType="2" targetId="844024417273151090" speakerTrackMethod="0" targetTrackMethod="0"/>
 </ResponseSet>
 <ResponseRule id="844024417290850622" name="" cooldown="" response="844024417290850623">
  <Criteria>
   <Criterion id="15659330456318451386" value="13680621263377201655" comparison="0" type="guid"/>
   <Criterion id="15659330456318451410" comparison="0" value="844024417290850586" fromResponse="1" type="guid"/>
   <Criterion id="15659330456318451477" value="844024417273151090" comparison="0" type="guid"/>
  </Criteria>
 </ResponseRule>
 <ResponseSet id="844024417290850623">
  <Response dialog="844024417290850621" id="844024417290850624" cooldown="0" weight="1" oneshot="0" completeConversation="1" delay="0.25" targetType="2" targetId="844024417273151649" speakerTrackMethod="0" targetTrackMethod="0"/>
 </ResponseSet>
 <ResponseRule id="844024417290851294" name="" cooldown="" response="844024417290851295">
  <Criteria>
   <Criterion id="15659330456318451386" value="13680621263377201655" comparison="0" type="guid"/>
   <Criterion id="15659330456318451410" comparison="0" value="844024417282819228" fromResponse="1" type="guid"/>
   <Criterion id="15659330456318451477" value="844024417273151090" comparison="0" type="guid"/>
  </Criteria>
 </ResponseRule>
 <ResponseSet id="844024417290851295">
  <Response dialog="844024417290851293" id="844024417290851296" cooldown="0" weight="1" oneshot="0" completeConversation="0" delay="0.25" targetType="2" targetId="844024417273151649" speakerTrackMethod="1" targetTrackMethod="0" cutoff=""/>
 </ResponseSet>
 <ResponseRule id="844024417290851316" name="" cooldown="" response="844024417290851317">
  <Criteria>
   <Criterion id="15659330456318451386" value="13680621263353786218" comparison="0" type="guid"/>
   <Criterion id="15659330456318451410" comparison="0" value="844024417290851296" fromResponse="1" type="guid"/>
   <Criterion id="15659330456318451477" value="844024417273151649" comparison="0" type="guid"/>
  </Criteria>
 </ResponseRule>
 <ResponseSet id="844024417290851317">
  <Response dialog="844024417290851315" id="844024417290851318" cooldown="0" weight="1" oneshot="0" completeConversation="0" delay="0" targetType="2" targetId="844024417273151090" speakerTrackMethod="1" targetTrackMethod="0"/>
 </ResponseSet>
 <ResponseRule id="844024417290852108" name="" cooldown="" response="844024417290852109">
  <Criteria>
   <Criterion id="15659330456318451386" value="13680621263377201655" comparison="0" type="guid"/>
   <Criterion id="15659330456318451410" comparison="0" value="844024417290851318" fromResponse="1" type="guid"/>
   <Criterion id="15659330456318451477" value="844024417273151090" comparison="0" type="guid"/>
  </Criteria>
 </ResponseRule>
 <ResponseSet id="844024417290852109">
  <Response dialog="844024417290852107" id="844024417290852110" cooldown="0" weight="1" oneshot="0" completeConversation="0" delay="0" targetType="2" targetId="844024417273151649" speakerTrackMethod="1" targetTrackMethod="0"/>
 </ResponseSet>
 <ResponseRule id="844024417290852127" name="" cooldown="" response="844024417290852128">
  <Criteria>
   <Criterion id="15659330456318451386" value="13680621263353786218" comparison="0" type="guid"/>
   <Criterion id="15659330456318451410" comparison="0" value="844024417290852110" fromResponse="1" type="guid"/>
   <Criterion id="15659330456318451477" value="844024417273151649" comparison="0" type="guid"/>
  </Criteria>
 </ResponseRule>
 <ResponseSet id="844024417290852128">
  <Response dialog="844024417290852126" id="844024417290852129" cooldown="0" weight="1" oneshot="0" completeConversation="0" delay="0" targetType="2" targetId="844024417273151090" speakerTrackMethod="1" targetTrackMethod="0"/>
 </ResponseSet>
 <ResponseRule id="844024417290852145" name="" cooldown="" response="844024417290852146">
  <Criteria>
   <Criterion id="15659330456318451386" value="13680621263377201655" comparison="0" type="guid"/>
   <Criterion id="15659330456318451410" comparison="0" value="844024417290852129" fromResponse="1" type="guid"/>
   <Criterion id="15659330456318451477" value="844024417273151090" comparison="0" type="guid"/>
  </Criteria>
 </ResponseRule>
 <ResponseSet id="844024417290852146">
  <Response dialog="844024417290852144" id="844024417290852147" cooldown="0" weight="1" oneshot="0" completeConversation="0" delay="0.25" targetType="2" targetId="844024417273151649" speakerTrackMethod="1" targetTrackMethod="0"/>
 </ResponseSet>
 <ResponseRule id="844024417290852157" name="" cooldown="" response="844024417290852158">
  <Criteria>
   <Criterion id="15659330456318451386" value="13680621263353786218" comparison="0" type="guid"/>
   <Criterion id="15659330456318451410" comparison="0" value="844024417290852147" fromResponse="1" type="guid"/>
   <Criterion id="15659330456318451477" value="844024417273151649" comparison="0" type="guid"/>
  </Criteria>
 </ResponseRule>
 <ResponseSet id="844024417290852158">
  <Response dialog="844024417290852156" id="844024417290852159" cooldown="0" weight="1" oneshot="0" completeConversation="0" delay="0" targetType="2" targetId="844024417273151090" speakerTrackMethod="1" targetTrackMethod="0"/>
 </ResponseSet>
 <ResponseRule id="844024417290852168" name="" cooldown="" response="844024417290852169">
  <Criteria>
   <Criterion id="15659330456318451386" value="13680621263377201655" comparison="0" type="guid"/>
   <Criterion id="15659330456318451410" comparison="0" value="844024417290852159" fromResponse="1" type="guid"/>
   <Criterion id="15659330456318451477" value="844024417273151090" comparison="0" type="guid"/>
  </Criteria>
 </ResponseRule>
 <ResponseSet id="844024417290852169">
  <Response dialog="844024417290852167" id="844024417290852170" cooldown="0" weight="1" oneshot="0" completeConversation="0" delay="0.25" targetType="2" targetId="844024417273151649" speakerTrackMethod="1" targetTrackMethod="0"/>
 </ResponseSet>
 <ResponseRule id="844024417290852179" name="" cooldown="" response="844024417290852180">
  <Criteria>
   <Criterion id="15659330456318451386" value="13680621263353786218" comparison="0" type="guid"/>
   <Criterion id="15659330456318451410" comparison="0" value="844024417290852170" fromResponse="1" type="guid"/>
   <Criterion id="15659330456318451477" value="844024417273151649" comparison="0" type="guid"/>
  </Criteria>
 </ResponseRule>
 <ResponseSet id="844024417290852180">
  <Response dialog="844024417290852178" id="844024417290852181" cooldown="0" weight="1" oneshot="0" completeConversation="0" delay="0" targetType="2" targetId="844024417273151090" speakerTrackMethod="1" targetTrackMethod="0"/>
 </ResponseSet>
 <ResponseRule id="844024417290852207" name="" cooldown="" response="844024417290852208">
  <Criteria>
   <Criterion id="15659330456318451386" value="13680621263377201655" comparison="0" type="guid"/>
   <Criterion id="15659330456318451410" comparison="0" value="844024417290852181" fromResponse="1" type="guid"/>
   <Criterion id="15659330456318451477" value="844024417273151090" comparison="0" type="guid"/>
  </Criteria>
 </ResponseRule>
 <ResponseSet id="844024417290852208">
  <Response dialog="844024417290852206" id="844024417290852209" cooldown="0" weight="1" oneshot="0" completeConversation="1" delay="0" targetType="2" targetId="844024417273151649" speakerTrackMethod="1" targetTrackMethod="0"/>
 </ResponseSet>
 <ResponseRule id="844024417291200561" name="Danielle_MessageToFutureUs1" cooldown="" oneshot="1" conversation="1" response="844024417291200769" description="Danielle and Abby recording together. Lives on Danielle&apos;s broken transcribe.">
  <Criteria>
   <Criterion id="15659330456318451386" value="13680621263377201655" comparison="0" type="guid"/>
   <Criterion id="15659330456318451410" comparison="0" value="onTranscribeTrigger" fromResponse="0" type="default"/>
   <Criterion comparison="0" passIfMissing="false" id="15659330456318451477" type="guid" keyType="default" value="844024417273151090"/>
  </Criteria>
 </ResponseRule>
 <ResponseSet id="844024417291200769">
  <Response dialog="844024417291200768" id="844024417291200770" cooldown="0" weight="1" oneshot="0" completeConversation="0" delay="0"/>
 </ResponseSet>
 <ResponseRule id="844024417291200792" name="" cooldown="" response="844024417291200793">
  <Criteria>
   <Criterion id="15659330456318451386" value="13680621263353786218" comparison="0" type="guid"/>
   <Criterion id="15659330456318451410" comparison="0" value="844024417291200770" fromResponse="1" type="guid"/>
   <Criterion comparison="0" passIfMissing="false" id="15659330456318451477" type="guid" keyType="default" value="844024417273151649"/>
  </Criteria>
 </ResponseRule>
 <ResponseSet id="844024417291200793">
  <Response dialog="844024417291200791" id="844024417291200794" cooldown="0" weight="1" oneshot="0" completeConversation="0" delay="0.25" targetType="2" targetId="844024417273151090" speakerTrackMethod="1" targetTrackMethod="0"/>
 </ResponseSet>
 <ResponseRule id="844024417291200836" name="" cooldown="" response="844024417291200837">
  <Criteria>
   <Criterion id="15659330456318451386" value="13680621263377201655" comparison="0" type="guid"/>
   <Criterion id="15659330456318451410" comparison="0" value="844024417291200794" fromResponse="1" type="guid"/>
   <Criterion id="15659330456318451477" value="844024417273151090" comparison="0" type="guid"/>
  </Criteria>
 </ResponseRule>
 <ResponseSet id="844024417291200837">
  <Response dialog="844024417291200835" id="844024417291200838" cooldown="0" weight="1" oneshot="0" completeConversation="0" delay="0.25" targetType="2" targetId="844024417273151649" speakerTrackMethod="1" targetTrackMethod="0"/>
 </ResponseSet>
 <ResponseRule id="844024417291200857" name="" cooldown="" response="844024417291200858">
  <Criteria>
   <Criterion id="15659330456318451386" value="13680621263353786218" comparison="0" type="guid"/>
   <Criterion id="15659330456318451410" comparison="0" value="844024417291200838" fromResponse="1" type="guid"/>
   <Criterion id="15659330456318451477" value="844024417273151649" comparison="0" type="guid"/>
  </Criteria>
 </ResponseRule>
 <ResponseSet id="844024417291200858">
  <Response dialog="844024417291200856" id="844024417291200859" cooldown="0" weight="1" oneshot="0" completeConversation="1" delay="0.25" targetType="2" targetId="844024417273151090" speakerTrackMethod="1" targetTrackMethod="0"/>
 </ResponseSet>
 <ResponseRule id="844024417291201054" name="Danielle_MessageToFutureUs2" cooldown="" oneshot="1" conversation="1" response="844024417291201085" description="Danielle and Abby recording together. Lives on Danielle&apos;s broken transcribe.">
  <Criteria>
   <Criterion id="15659330456318451386" value="13680621263353786218" comparison="0" type="guid"/>
   <Criterion id="15659330456318451410" comparison="0" value="onTranscribeTrigger" fromResponse="0" type="default"/>
   <Criterion comparison="0" passIfMissing="false" id="15659330456318451477" type="guid" keyType="default" value="844024417273151649"/>
  </Criteria>
 </ResponseRule>
 <ResponseSet id="844024417291201085">
  <Response dialog="844024417291201084" id="844024417291201086" cooldown="0" weight="1" oneshot="0" completeConversation="0" delay="0" cutoff="0.1"/>
 </ResponseSet>
 <ResponseRule id="844024417291201106" name="" cooldown="" response="844024417291201107">
  <Criteria>
   <Criterion id="15659330456318451386" value="13680621263377201655" comparison="0" type="guid"/>
   <Criterion id="15659330456318451410" comparison="0" value="844024417291201086" fromResponse="1" type="guid"/>
   <Criterion comparison="0" passIfMissing="false" id="15659330456318451477" type="guid" keyType="default" value="844024417273151090"/>
  </Criteria>
 </ResponseRule>
 <ResponseSet id="844024417291201107">
  <Response dialog="844024417291201105" id="844024417291201108" cooldown="0" weight="1" oneshot="0" completeConversation="0" delay="0" targetType="2" targetId="844024417273151649" speakerTrackMethod="1" targetTrackMethod="0"/>
 </ResponseSet>
 <ResponseRule id="844024417291201155" name="" cooldown="" response="844024417291201156">
  <Criteria>
   <Criterion id="15659330456318451386" value="13680621263353786218" comparison="0" type="guid"/>
   <Criterion id="15659330456318451410" comparison="0" value="844024417291201108" fromResponse="1" type="guid"/>
   <Criterion id="15659330456318451477" value="844024417273151649" comparison="0" type="guid"/>
  </Criteria>
 </ResponseRule>
 <ResponseSet id="844024417291201156">
  <Response dialog="844024417291201154" id="844024417291201157" cooldown="0" weight="1" oneshot="0" completeConversation="0" delay="0" targetType="2" targetId="844024417273151090" speakerTrackMethod="1" targetTrackMethod="0" cutoff="0.3"/>
 </ResponseSet>
 <ResponseRule id="844024417291201241" name="" cooldown="" response="844024417291201242">
  <Criteria>
   <Criterion id="15659330456318451386" value="13680621263377201655" comparison="0" type="guid"/>
   <Criterion id="15659330456318451410" comparison="0" value="844024417291201157" fromResponse="1" type="guid"/>
   <Criterion id="15659330456318451477" value="844024417273151090" comparison="0" type="guid"/>
  </Criteria>
 </ResponseRule>
 <ResponseSet id="844024417291201242">
  <Response dialog="844024417291201240" id="844024417291201243" cooldown="0" weight="1" oneshot="0" completeConversation="0" delay="0" targetType="2" targetId="844024417273151649" speakerTrackMethod="1" targetTrackMethod="0"/>
 </ResponseSet>
 <ResponseRule id="844024417291201260" name="" cooldown="" response="844024417291201261">
  <Criteria>
   <Criterion id="15659330456318451386" value="13680621263353786218" comparison="0" type="guid"/>
   <Criterion id="15659330456318451410" comparison="0" value="844024417291201243" fromResponse="1" type="guid"/>
   <Criterion id="15659330456318451477" value="844024417273151649" comparison="0" type="guid"/>
  </Criteria>
 </ResponseRule>
 <ResponseSet id="844024417291201261">
  <Response dialog="844024417291201259" id="844024417291201262" cooldown="0" weight="1" oneshot="0" completeConversation="0" delay="0" targetType="2" targetId="844024417273151090" speakerTrackMethod="1" targetTrackMethod="0"/>
 </ResponseSet>
 <ResponseRule id="844024417291201291" name="" cooldown="" response="844024417291201292">
  <Criteria>
   <Criterion id="15659330456318451386" value="13680621263377201655" comparison="0" type="guid"/>
   <Criterion id="15659330456318451410" comparison="0" value="844024417291201262" fromResponse="1" type="guid"/>
   <Criterion id="15659330456318451477" value="844024417273151090" comparison="0" type="guid"/>
  </Criteria>
 </ResponseRule>
 <ResponseSet id="844024417291201292">
  <Response dialog="844024417291201290" id="844024417291201293" cooldown="0" weight="1" oneshot="0" completeConversation="1" delay="0" targetType="2" targetId="844024417273151649" speakerTrackMethod="1" targetTrackMethod="0"/>
 </ResponseSet>
 <ResponseRule id="844024417293800440" name="" cooldown="" response="844024417293800441">
  <Criteria>
   <Criterion id="15659330456318451386" value="4349723564911543122" comparison="0" type="guid"/>
   <Criterion id="15659330456318451410" comparison="0" value="844024417287749547" fromResponse="1" type="guid"/>
   <Criterion comparison="0" passIfMissing="false" id="15659330456318451477" type="guid" keyType="default" value="4349723564911791736"/>
  </Criteria>
 </ResponseRule>
 <ResponseSet id="844024417293800441">
  <Response dialog="844024417293800439" id="844024417293800442" cooldown="0" weight="1" oneshot="0" completeConversation="0" delay="0" targetType="2" targetId="844024417273151090" speakerTrackMethod="0" targetTrackMethod="0" cutoff="0.5"/>
 </ResponseSet>
 <ResponseRule id="844024417293800490" name="" cooldown="" response="844024417293800491">
  <Criteria>
   <Criterion id="15659330456318451386" value="13680621263377201655" comparison="0" type="guid"/>
   <Criterion id="15659330456318451410" comparison="0" value="844024417293800442" fromResponse="1" type="guid"/>
   <Criterion id="15659330456318451477" value="844024417273151090" comparison="0" type="guid"/>
  </Criteria>
 </ResponseRule>
 <ResponseSet id="844024417293800491">
  <Response dialog="844024417293800489" id="844024417293800492" cooldown="0" weight="1" oneshot="0" completeConversation="0" delay="0" targetType="2" targetId="4349723564911791736" speakerTrackMethod="0" targetTrackMethod="0" cutoff=""/>
 </ResponseSet>
 <ResponseRule id="844024417293800498" name="" cooldown="" response="844024417293800499">
  <Criteria>
   <Criterion id="15659330456318451386" value="4349723564911543122" comparison="0" type="guid"/>
   <Criterion id="15659330456318451410" comparison="0" value="844024417293800492" fromResponse="1" type="guid"/>
   <Criterion id="15659330456318451477" value="4349723564911791736" comparison="0" type="guid"/>
  </Criteria>
 </ResponseRule>
 <ResponseSet id="844024417293800499">
  <Response dialog="844024417293800497" id="844024417293800500" cooldown="0" weight="1" oneshot="0" completeConversation="0" delay="0" targetType="2" targetId="844024417273151090" speakerTrackMethod="1" targetTrackMethod="0"/>
 </ResponseSet>
 <ResponseRule id="844024417293800670" name="" cooldown="" response="844024417293800671">
  <Criteria>
   <Criterion id="15659330456318451386" value="13680621263377201655" comparison="0" type="guid"/>
   <Criterion id="15659330456318451410" comparison="0" value="844024417293800500" fromResponse="1" type="guid"/>
   <Criterion id="15659330456318451477" value="844024417273151090" comparison="0" type="guid"/>
  </Criteria>
 </ResponseRule>
 <ResponseSet id="844024417293800671">
  <Response dialog="844024417293800669" id="844024417293800672" cooldown="0" weight="1" oneshot="0" completeConversation="0" delay="0" targetType="2" targetId="4349723564911791736" speakerTrackMethod="1" targetTrackMethod="0"/>
 </ResponseSet>
 <ResponseRule id="844024417293800792" name="" cooldown="" response="844024417293800793">
  <Criteria>
   <Criterion id="15659330456318451386" value="4349723564911543122" comparison="0" type="guid"/>
   <Criterion id="15659330456318451410" comparison="0" value="844024417293800672" fromResponse="1" type="guid"/>
   <Criterion id="15659330456318451477" value="4349723564911791736" comparison="0" type="guid"/>
  </Criteria>
 </ResponseRule>
 <ResponseSet id="844024417293800793">
  <Response dialog="844024417293800791" id="844024417293800794" cooldown="0" weight="1" oneshot="0" completeConversation="0" delay="0" targetType="2" targetId="844024417273151090" speakerTrackMethod="1" targetTrackMethod="0"/>
 </ResponseSet>
 <ResponseRule id="844024417293800847" name="" cooldown="" response="844024417293800848">
  <Criteria>
   <Criterion id="15659330456318451386" value="13680621263377201655" comparison="0" type="guid"/>
   <Criterion id="15659330456318451410" comparison="0" value="844024417293800794" fromResponse="1" type="guid"/>
   <Criterion id="15659330456318451477" value="844024417273151090" comparison="0" type="guid"/>
  </Criteria>
 </ResponseRule>
 <ResponseSet id="844024417293800848">
  <Response dialog="844024417293800846" id="844024417293800849" cooldown="0" weight="1" oneshot="0" completeConversation="0" delay="0" targetType="2" targetId="4349723564911791736" speakerTrackMethod="1" targetTrackMethod="0"/>
 </ResponseSet>
 <ResponseRule id="844024417293800852" name="" cooldown="" response="844024417293800853">
  <Criteria>
   <Criterion id="15659330456318451386" value="4349723564911543122" comparison="0" type="guid"/>
   <Criterion id="15659330456318451410" comparison="0" value="844024417293800849" fromResponse="1" type="guid"/>
   <Criterion id="15659330456318451477" value="4349723564911791736" comparison="0" type="guid"/>
  </Criteria>
 </ResponseRule>
 <ResponseSet id="844024417293800853">
  <Response dialog="844024417293800851" id="844024417293800854" cooldown="0" weight="1" oneshot="0" completeConversation="0" delay="0.25" targetType="2" targetId="844024417273151090" speakerTrackMethod="1" targetTrackMethod="0" cutoff="0"/>
 </ResponseSet>
 <ResponseRule id="844024417293800868" name="" cooldown="" response="844024417293800869">
  <Criteria>
   <Criterion id="15659330456318451386" value="13680621263377201655" comparison="0" type="guid"/>
   <Criterion id="15659330456318451410" comparison="0" value="844024417293800854" fromResponse="1" type="guid"/>
   <Criterion id="15659330456318451477" value="844024417273151090" comparison="0" type="guid"/>
  </Criteria>
 </ResponseRule>
 <ResponseSet id="844024417293800869">
  <Response dialog="844024417293800867" id="844024417293800870" cooldown="0" weight="1" oneshot="0" completeConversation="0" delay="0" targetType="2" targetId="4349723564911791736" speakerTrackMethod="1" targetTrackMethod="0"/>
 </ResponseSet>
 <ResponseRule id="844024417293800887" name="" cooldown="" response="844024417293800888">
  <Criteria>
   <Criterion id="15659330456318451386" value="4349723564911543122" comparison="0" type="guid"/>
   <Criterion id="15659330456318451410" comparison="0" value="844024417293800870" fromResponse="1" type="guid"/>
   <Criterion id="15659330456318451477" value="4349723564911791736" comparison="0" type="guid"/>
  </Criteria>
 </ResponseRule>
 <ResponseSet id="844024417293800888">
  <Response dialog="844024417293800886" id="844024417293800889" cooldown="0" weight="1" oneshot="0" completeConversation="1" delay="0" targetType="2" targetId="844024417273151090" speakerTrackMethod="1" targetTrackMethod="0"/>
 </ResponseSet>
 <ResponseRule id="844024417293801325" name="Danielle_BreakupWithAbby" cooldown="" oneshot="1" conversation="1" response="844024417293801624" description="Danielle and Abby recording together. Breakup on record.">
  <Criteria>
   <Criterion id="15659330456318451386" value="13680621263353786218" comparison="0" type="guid"/>
   <Criterion id="15659330456318451410" comparison="0" value="onTranscribeTrigger" fromResponse="0" type="default"/>
   <Criterion comparison="0" passIfMissing="false" id="15659330456318451477" type="guid" keyType="default" value="844024417273151649"/>
  </Criteria>
 </ResponseRule>
 <ResponseSet id="844024417293801624">
  <Response dialog="844024417293801622" id="844024417293801625" cooldown="0" weight="1" oneshot="0" completeConversation="0" delay="0"/>
 </ResponseSet>
 <ResponseRule id="844024417293801796" name="" cooldown="" response="844024417293801797">
  <Criteria>
   <Criterion id="15659330456318451386" value="13680621263377201655" comparison="0" type="guid"/>
   <Criterion id="15659330456318451410" comparison="0" value="844024417293801625" fromResponse="1" type="guid"/>
   <Criterion comparison="0" passIfMissing="false" id="15659330456318451477" type="guid" keyType="default" value="844024417273151090"/>
  </Criteria>
 </ResponseRule>
 <ResponseSet id="844024417293801797">
  <Response dialog="844024417293801795" id="844024417293801798" cooldown="0" weight="1" oneshot="0" completeConversation="0" delay="0.5" targetType="2" targetId="844024417273151649" speakerTrackMethod="1" targetTrackMethod="0"/>
 </ResponseSet>
 <ResponseRule id="844024417295692497" name="Danielle_CharacterCreation" cooldown="" oneshot="1" conversation="1" response="844024417295692504" description="Danielle and Abby recording together. Abby tries to help Danielle make a character and explain the mechanics.">
  <Criteria>
   <Criterion id="15659330456318451386" value="13680621263353786218" comparison="0" type="guid"/>
   <Criterion id="15659330456318451410" comparison="0" value="onTranscribeTrigger" fromResponse="0" type="default"/>
   <Criterion comparison="0" passIfMissing="false" id="15659330456318451477" type="guid" keyType="default" value="844024417273151649"/>
  </Criteria>
 </ResponseRule>
 <ResponseSet id="844024417295692504">
  <Response dialog="844024417295692503" id="844024417295692505" cooldown="0" weight="1" oneshot="0" completeConversation="0" delay="0"/>
 </ResponseSet>
 <ResponseRule id="844024417295692552" name="" cooldown="" response="844024417295692619">
  <Criteria>
   <Criterion id="15659330456318451386" value="13680621263377201655" comparison="0" type="guid"/>
   <Criterion id="15659330456318451410" comparison="0" value="844024417295692505" fromResponse="1" type="guid"/>
   <Criterion comparison="0" passIfMissing="false" id="15659330456318451477" type="guid" keyType="default" value="844024417273151090"/>
  </Criteria>
 </ResponseRule>
 <ResponseSet id="844024417295692619">
  <Response dialog="844024417295692617" id="844024417295692620" cooldown="0" weight="1" oneshot="0" completeConversation="0" delay="0.5" targetType="2" targetId="844024417273151649" speakerTrackMethod="1" targetTrackMethod="0"/>
 </ResponseSet>
 <ResponseRule id="844024417295692630" name="Morgan is Female" cooldown="" response="844024417295692822">
  <Criteria>
   <Criterion id="15659330456318451386" value="13680621263377201655" comparison="0" type="guid"/>
   <Criterion id="15659330456318451410" comparison="0" value="844024417295692620" fromResponse="1" type="guid"/>
   <Criterion comparison="0" passIfMissing="false" id="15659330456318451477" type="guid" keyType="default" value="844024417273151090"/>
   <Criterion comparison="0" passIfMissing="false" id="211598630" keyType="gameToken" value="1"/>
  </Criteria>
 </ResponseRule>
 <ResponseSet id="844024417295692822">
  <Response dialog="844024417295692821" id="844024417295692823" cooldown="0" weight="1" oneshot="0" completeConversation="0" delay="0.25" targetType="2" targetId="844024417273151649" speakerTrackMethod="1" targetTrackMethod="0"/>
 </ResponseSet>
 <ResponseRule id="844024417295692847" name="Morgan is Male." cooldown="" response="844024417295692928">
  <Criteria>
   <Criterion id="15659330456318451386" value="13680621263377201655" comparison="0" type="guid"/>
   <Criterion id="15659330456318451410" comparison="0" value="844024417295692620" fromResponse="1" type="guid"/>
   <Criterion comparison="0" passIfMissing="false" id="15659330456318451477" type="guid" keyType="default" value="844024417273151090"/>
   <Criterion comparison="0" passIfMissing="false" id="211598630" keyType="gameToken" value="0"/>
  </Criteria>
 </ResponseRule>
 <ResponseSet id="844024417295692928">
  <Response dialog="844024417295692927" id="844024417295692929" cooldown="0" weight="1" oneshot="0" completeConversation="0" delay="0.25" targetType="2" targetId="844024417273151649" speakerTrackMethod="1" targetTrackMethod="0"/>
 </ResponseSet>
 <ResponseRule id="844024417295702506" name="" cooldown="" response="844024417295702507">
  <Criteria>
   <Criterion id="15659330456318451386" value="13680621263377201655" comparison="0" type="guid"/>
   <Criterion id="15659330456318451410" comparison="0" value="844024417295692823" fromResponse="1" type="guid"/>
   <Criterion id="15659330456318451477" value="844024417273151090" comparison="0" type="guid"/>
  </Criteria>
 </ResponseRule>
 <ResponseSet id="844024417295702507">
  <Response dialog="844024417295702505" id="844024417295702508" cooldown="0" weight="1" oneshot="0" completeConversation="0" delay="0.5" targetType="2" targetId="844024417273151649" speakerTrackMethod="1" targetTrackMethod="0"/>
 </ResponseSet>
 <ResponseRule id="844024417295702523" name="" cooldown="" response="844024417295702507">
  <Criteria>
   <Criterion id="15659330456318451386" value="13680621263377201655" comparison="0" type="guid"/>
   <Criterion id="15659330456318451410" comparison="0" value="844024417295692929" fromResponse="1" type="guid"/>
  </Criteria>
 </ResponseRule>
 <ResponseRule id="844024417295702635" name="" cooldown="" response="844024417295702636">
  <Criteria>
   <Criterion id="15659330456318451386" value="13680621263353786218" comparison="0" type="guid"/>
   <Criterion id="15659330456318451410" comparison="0" value="844024417295702508" fromResponse="1" type="guid"/>
   <Criterion id="15659330456318451477" value="844024417273151649" comparison="0" type="guid"/>
  </Criteria>
 </ResponseRule>
 <ResponseSet id="844024417295702636">
  <Response dialog="844024417295702634" id="844024417295702637" cooldown="0" weight="1" oneshot="0" completeConversation="0" delay="0.5" targetType="2" targetId="844024417273151090" speakerTrackMethod="1" targetTrackMethod="0"/>
 </ResponseSet>
 <ResponseRule id="844024417295702669" name="" cooldown="" response="844024417295702809">
  <Criteria>
   <Criterion id="15659330456318451386" value="13680621263353786218" comparison="0" type="guid"/>
   <Criterion id="15659330456318451410" comparison="0" value="844024417295702637" fromResponse="1" type="guid"/>
   <Criterion id="15659330456318451477" value="844024417273151649" comparison="0" type="guid"/>
  </Criteria>
 </ResponseRule>
 <ResponseSet id="844024417295702809">
  <Response dialog="844024417295702807" id="844024417295702810" cooldown="0" weight="1" oneshot="0" completeConversation="1" delay="0.5" targetType="2" targetId="844024417273151090" speakerTrackMethod="1" targetTrackMethod="0"/>
 </ResponseSet>
 <ResponseRule id="844024417295763079" name="" cooldown="" response="844024417295763080">
  <Criteria>
   <Criterion id="15659330456318451386" value="13680621263377201655" comparison="0" type="guid"/>
   <Criterion id="15659330456318451410" comparison="0" value="844024417285399779" fromResponse="1" type="guid"/>
   <Criterion id="15659330456318451477" value="844024417273151090" comparison="0" type="guid"/>
  </Criteria>
 </ResponseRule>
 <ResponseSet id="844024417295763080">
  <Response dialog="844024417295763078" id="844024417295763081" cooldown="0" weight="1" oneshot="0" completeConversation="1" delay="0.25"/>
 </ResponseSet>
 <ResponseRule id="844024417298533992" name="Danielle_SkyeBandChat" cooldown="" oneshot="1" conversation="1" response="13680621263400783717" description="Danielle and Skye talking about last night&apos;s band performance.">
  <Criteria>
   <Criterion id="15659330456318451386" value="13680621263377201655" comparison="0" type="guid" compare="0"/>
   <Criterion id="15659330456318451410" comparison="0" value="onTranscribeTrigger" fromResponse="0" type="default"/>
   <Criterion id="15659330456318451477" value="844024417273151090" compare="0" type="guid"/>
  </Criteria>
 </ResponseRule>
 <ResponseRule id="844024417298534097" name="" cooldown="" response="844024417298534098">
  <Criteria>
   <Criterion id="15659330456318451386" value="13680621263377201655" comparison="0" type="guid"/>
   <Criterion id="15659330456318451410" comparison="0" value="844024417303542039" fromResponse="1" type="guid"/>
   <Criterion comparison="0" passIfMissing="false" id="15659330456318451477" type="guid" keyType="default" value="844024417273151090"/>
  </Criteria>
 </ResponseRule>
 <ResponseSet id="844024417298534098">
  <Response dialog="844024417298534096" id="844024417298534099" cooldown="0" weight="1" oneshot="0" completeConversation="0" delay=".5" targetType="2" targetId="4349723564911796626" speakerTrackMethod="1" targetTrackMethod="0"/>
 </ResponseSet>
 <ResponseRule id="844024417298534143" name="" cooldown="" response="844024417298534182">
  <Criteria>
   <Criterion id="15659330456318451386" value="13680621263377201655" comparison="0" type="guid"/>
   <Criterion id="15659330456318451410" comparison="0" value="13680621263400785051" fromResponse="1" type="guid"/>
   <Criterion id="15659330456318451477" value="844024417273151090" comparison="0" type="guid"/>
  </Criteria>
 </ResponseRule>
 <ResponseSet id="844024417298534182">
  <Response dialog="844024417298534180" id="844024417298534183" cooldown="0" weight="1" oneshot="0" completeConversation="1" delay="0" targetType="2" targetId="4349723564911796626" speakerTrackMethod="1" targetTrackMethod="0"/>
 </ResponseSet>
 <ResponseSet id="844024417303542038">
  <Response dialog="844024417303542036" id="844024417303542039" cooldown="0" weight="1" oneshot="0" completeConversation="0" delay="0.75" cutoff="0" targetType="2" targetId="4349723564911796626" speakerTrackMethod="1" targetTrackMethod="0"/>
 </ResponseSet>
 <ResponseRule id="844024417303542084" name="" cooldown="" response="844024417303542085">
  <Criteria>
   <Criterion id="15659330456318451386" value="13680621263353786228" comparison="0" type="guid"/>
   <Criterion id="15659330456318451410" comparison="0" value="844024417298534099" fromResponse="1" type="guid"/>
   <Criterion id="15659330456318451477" value="4349723564911796626" comparison="0" type="guid"/>
  </Criteria>
 </ResponseRule>
 <ResponseSet id="844024417303542085">
  <Response dialog="844024417303542083" id="844024417303542086" cooldown="0" weight="1" oneshot="0" completeConversation="0" delay="0" cutoff="0"/>
 </ResponseSet>
 <ResponseRule id="13680621263392499066" name="" cooldown="" response="13680621263392499067">
  <Criteria>
   <Criterion id="15659330456318451386" value="13680621263377201655" comparison="0" type="guid"/>
   <Criterion id="15659330456318451410" comparison="0" value="844024417287659408" fromResponse="1" type="guid"/>
   <Criterion id="15659330456318451477" value="844024417273151090" comparison="0" type="guid"/>
  </Criteria>
 </ResponseRule>
 <ResponseSet id="13680621263392499067">
  <Response dialog="13680621263392499065" id="13680621263392499068" cooldown="0" weight="1" oneshot="0" completeConversation="1" delay="0.5" cutoff="0"/>
 </ResponseSet>
 <ResponseRule id="13680621263394292694" name="Danielle_ChatWithAbby_PasswordHint_Alt" cooldown="" oneshot="1" conversation="1" response="13680621263394292786" description="Playful back and forth between Abby and Danielle that establishes their relationship, the location of Abby&apos;s password.">
  <Criteria>
   <Criterion id="15659330456318451386" value="13680621263377201655" comparison="0" type="guid"/>
   <Criterion id="15659330456318451410" comparison="0" value="onTranscribeTrigger" fromResponse="0" type="default"/>
   <Criterion comparison="0" passIfMissing="false" id="15659330456318451477" type="guid" keyType="default" value="844024417273151090"/>
  </Criteria>
 </ResponseRule>
 <ResponseSet id="13680621263394292786">
  <Response dialog="13680621263394292785" id="13680621263394292787" cooldown="0" weight="1" oneshot="0" completeConversation="0" delay="0" cutoff="0"/>
 </ResponseSet>
 <ResponseRule id="13680621263394292798" name="" cooldown="" response="13680621263394292799">
  <Criteria>
   <Criterion id="15659330456318451386" value="13680621263353786218" comparison="0" type="guid"/>
   <Criterion id="15659330456318451410" comparison="0" value="13680621263394292787" fromResponse="1" type="guid"/>
   <Criterion comparison="0" passIfMissing="false" id="15659330456318451477" type="guid" keyType="default" value="844024417273151649"/>
  </Criteria>
 </ResponseRule>
 <ResponseSet id="13680621263394292799">
  <Response dialog="13680621263394292797" id="13680621263394292800" cooldown="0" weight="1" oneshot="0" completeConversation="0" delay="0.25" cutoff="0" targetType="2" targetId="844024417273151090" speakerTrackMethod="1" targetTrackMethod="0"/>
 </ResponseSet>
 <ResponseRule id="13680621263394292831" name="" cooldown="" response="13680621263394292832">
  <Criteria>
   <Criterion id="15659330456318451386" value="13680621263377201655" comparison="0" type="guid"/>
   <Criterion id="15659330456318451410" comparison="0" value="13680621263394292800" fromResponse="1" type="guid"/>
   <Criterion id="15659330456318451477" value="844024417273151090" comparison="0" type="guid"/>
  </Criteria>
 </ResponseRule>
 <ResponseSet id="13680621263394292832">
  <Response dialog="13680621263394292830" id="13680621263394292833" cooldown="0" weight="1" oneshot="0" completeConversation="0" delay="0.25" cutoff="0" targetType="2" targetId="844024417273151649" speakerTrackMethod="1" targetTrackMethod="0"/>
 </ResponseSet>
 <ResponseRule id="13680621263394292844" name="" cooldown="" response="13680621263394292845">
  <Criteria>
   <Criterion id="15659330456318451386" value="13680621263353786218" comparison="0" type="guid"/>
   <Criterion id="15659330456318451410" comparison="0" value="13680621263394292833" fromResponse="1" type="guid"/>
   <Criterion id="15659330456318451477" value="844024417273151649" comparison="0" type="guid"/>
  </Criteria>
 </ResponseRule>
 <ResponseSet id="13680621263394292845">
  <Response dialog="13680621263394292843" id="13680621263394292846" cooldown="0" weight="1" oneshot="0" completeConversation="0" delay="0.5" cutoff="0" targetType="2" targetId="844024417273151090" speakerTrackMethod="1" targetTrackMethod="0"/>
 </ResponseSet>
 <ResponseRule id="13680621263394292862" name="" cooldown="" response="13680621263394292863">
  <Criteria>
   <Criterion id="15659330456318451386" value="13680621263377201655" comparison="0" type="guid"/>
   <Criterion id="15659330456318451410" comparison="0" value="13680621263394292846" fromResponse="1" type="guid"/>
   <Criterion id="15659330456318451477" value="844024417273151090" comparison="0" type="guid"/>
  </Criteria>
 </ResponseRule>
 <ResponseSet id="13680621263394292863">
  <Response dialog="13680621263394292861" id="13680621263394292864" cooldown="0" weight="1" oneshot="0" completeConversation="0" delay="0.25" cutoff="0" targetType="2" targetId="844024417273151649" speakerTrackMethod="1" targetTrackMethod="0"/>
 </ResponseSet>
 <ResponseRule id="13680621263394292882" name="" cooldown="" response="13680621263394292883">
  <Criteria>
   <Criterion id="15659330456318451386" value="13680621263353786218" comparison="0" type="guid"/>
   <Criterion id="15659330456318451410" comparison="0" value="13680621263394292864" fromResponse="1" type="guid"/>
   <Criterion id="15659330456318451477" value="844024417273151649" comparison="0" type="guid"/>
  </Criteria>
 </ResponseRule>
 <ResponseSet id="13680621263394292883">
  <Response dialog="13680621263394292881" id="13680621263394292884" cooldown="0" weight="1" oneshot="0" completeConversation="1" delay="0.25" cutoff="0" targetType="2" targetId="844024417273151090" speakerTrackMethod="1" targetTrackMethod="0"/>
 </ResponseSet>
 <ResponseSet id="14538910657199808297">
  <Response dialog="13680621263377534637" id="14538910657199808298" cooldown="0" weight="1" oneshot="0" completeConversation="0" delay="0" cutoff="0"/>
 </ResponseSet>
 <ResponseRule id="14538910657199809618" name="" cooldown="" response="14538910657199809619">
  <Criteria>
   <Criterion id="15659330456318451386" value="13680621263353786218" comparison="0" type="guid"/>
   <Criterion id="15659330456318451410" comparison="0" value="844024417293801798" fromResponse="1" type="guid"/>
   <Criterion id="15659330456318451477" value="844024417273151649" comparison="0" type="guid"/>
  </Criteria>
 </ResponseRule>
 <ResponseSet id="14538910657199809619">
  <Response dialog="844024417293801898" id="14538910657199809620" cooldown="0" weight="1" oneshot="0" completeConversation="0" delay="0.5" cutoff="0" targetType="2" targetId="844024417273151090" speakerTrackMethod="1" targetTrackMethod="0"/>
 </ResponseSet>
 <ResponseRule id="14538910657199809666" name="" cooldown="" response="14538910657199809667">
  <Criteria>
   <Criterion id="15659330456318451386" value="13680621263377201655" comparison="0" type="guid"/>
   <Criterion id="15659330456318451410" comparison="0" value="14538910657199809620" fromResponse="1" type="guid"/>
   <Criterion id="15659330456318451477" value="844024417273151090" comparison="0" type="guid"/>
  </Criteria>
 </ResponseRule>
 <ResponseSet id="14538910657199809667">
  <Response dialog="13680621263377265288" id="14538910657199809668" cooldown="0" weight="1" oneshot="0" completeConversation="0" delay="0.25" cutoff="0" targetType="2" targetId="844024417273151649" speakerTrackMethod="1" targetTrackMethod="0"/>
 </ResponseSet>
 <ResponseRule id="14538910657199809789" name="" cooldown="" response="14538910657199809790">
  <Criteria>
   <Criterion id="15659330456318451386" value="13680621263353786218" comparison="0" type="guid"/>
   <Criterion id="15659330456318451410" comparison="0" value="14538910657199809668" fromResponse="1" type="guid"/>
   <Criterion id="15659330456318451477" value="844024417273151649" comparison="0" type="guid"/>
  </Criteria>
 </ResponseRule>
 <ResponseSet id="14538910657199809790">
  <Response dialog="844024417293802040" id="14538910657199809791" cooldown="0" weight="1" oneshot="0" completeConversation="0" delay="0.25" cutoff="0" targetType="2" targetId="844024417273151090" speakerTrackMethod="1" targetTrackMethod="0"/>
 </ResponseSet>
 <ResponseRule id="14538910657199809830" name="" cooldown="" response="14538910657199809831">
  <Criteria>
   <Criterion id="15659330456318451386" value="13680621263377201655" comparison="0" type="guid"/>
   <Criterion id="15659330456318451410" comparison="0" value="14538910657199809791" fromResponse="1" type="guid"/>
   <Criterion id="15659330456318451477" value="844024417273151090" comparison="0" type="guid"/>
  </Criteria>
 </ResponseRule>
 <ResponseSet id="14538910657199809831">
  <Response dialog="844024417293802283" id="14538910657199809832" cooldown="0" weight="1" oneshot="0" completeConversation="0" delay="" cutoff="0" targetType="2" targetId="844024417273151649" speakerTrackMethod="1" targetTrackMethod="0"/>
 </ResponseSet>
 <ResponseRule id="14538910657199809853" name="" cooldown="" response="14538910657199809854">
  <Criteria>
   <Criterion id="15659330456318451386" value="13680621263353786218" comparison="0" type="guid"/>
   <Criterion id="15659330456318451410" comparison="0" value="14538910657199809832" fromResponse="1" type="guid"/>
   <Criterion id="15659330456318451477" value="844024417273151649" comparison="0" type="guid"/>
  </Criteria>
 </ResponseRule>
 <ResponseSet id="14538910657199809854">
  <Response dialog="844024417293802460" id="14538910657199809855" cooldown="0" weight="1" oneshot="0" completeConversation="0" delay="0.5" cutoff="0" targetType="2" targetId="844024417273151090" speakerTrackMethod="1" targetTrackMethod="0"/>
 </ResponseSet>
 <ResponseRule id="14538910657199809871" name="" cooldown="" response="14538910657199809872">
  <Criteria>
   <Criterion id="15659330456318451386" value="13680621263377201655" comparison="0" type="guid"/>
   <Criterion id="15659330456318451410" comparison="0" value="14538910657199809855" fromResponse="1" type="guid"/>
   <Criterion id="15659330456318451477" value="844024417273151090" comparison="0" type="guid"/>
  </Criteria>
 </ResponseRule>
 <ResponseSet id="14538910657199809872">
  <Response dialog="844024417293802475" id="14538910657199809873" cooldown="0" weight="1" oneshot="0" completeConversation="0" delay="0.6" cutoff="0" targetType="2" targetId="844024417273151649" speakerTrackMethod="1" targetTrackMethod="0"/>
 </ResponseSet>
 <ResponseRule id="14538910657199809889" name="" cooldown="" response="14538910657199809890">
  <Criteria>
   <Criterion id="15659330456318451386" value="13680621263353786218" comparison="0" type="guid"/>
   <Criterion id="15659330456318451410" comparison="0" value="14538910657199809873" fromResponse="1" type="guid"/>
   <Criterion id="15659330456318451477" value="844024417273151649" comparison="0" type="guid"/>
  </Criteria>
 </ResponseRule>
 <ResponseSet id="14538910657199809890">
  <Response dialog="844024417293801453" id="14538910657199809891" cooldown="0" weight="1" oneshot="0" completeConversation="0" delay="0.25" cutoff="0" targetType="2" targetId="844024417273151090" speakerTrackMethod="1" targetTrackMethod="0"/>
 </ResponseSet>
 <ResponseRule id="14538910657199809908" name="" cooldown="" response="14538910657199809909">
  <Criteria>
   <Criterion id="15659330456318451386" value="13680621263377201655" comparison="0" type="guid"/>
   <Criterion id="15659330456318451410" comparison="0" value="14538910657199809891" fromResponse="1" type="guid"/>
   <Criterion id="15659330456318451477" value="844024417273151090" comparison="0" type="guid"/>
  </Criteria>
 </ResponseRule>
 <ResponseSet id="14538910657199809909">
  <Response dialog="844024417293802515" id="14538910657199809910" cooldown="0" weight="1" oneshot="0" completeConversation="1" delay="0.5" cutoff="0" targetType="2" targetId="844024417273151649" speakerTrackMethod="1" targetTrackMethod="0"/>
 </ResponseSet>
 <ResponseRule id="14538910657199811072" name="" cooldown="" response="14538910657199811073">
  <Criteria>
   <Criterion id="15659330456318451386" value="13680621263353786169" comparison="0" type="guid"/>
   <Criterion id="15659330456318451410" comparison="0" value="14538910657199808298" fromResponse="1" type="guid"/>
   <Criterion comparison="0" passIfMissing="false" id="15659330456318451477" type="guid" keyType="default" value="844024417273152045"/>
  </Criteria>
 </ResponseRule>
 <ResponseSet id="14538910657199811073">
  <Response dialog="13680621263377533763" id="14538910657199811074" cooldown="0" weight="1" oneshot="0" completeConversation="0" delay="0.5" cutoff="0" targetType="2" targetId="844024417273151090" speakerTrackMethod="1" targetTrackMethod="0"/>
 </ResponseSet>
 <ResponseRule id="14538910657199811092" name="" cooldown="" response="14538910657199811093">
  <Criteria>
   <Criterion id="15659330456318451386" value="13680621263377303590" comparison="0" type="guid"/>
   <Criterion id="15659330456318451410" comparison="0" value="13680621263401376811" fromResponse="1" type="guid"/>
   <Criterion comparison="0" passIfMissing="false" id="15659330456318451477" type="guid" keyType="default" value="13680621263377303714"/>
  </Criteria>
 </ResponseRule>
 <ResponseSet id="14538910657199811093">
  <Response dialog="13680621263377535667" id="14538910657199811094" cooldown="0" weight="1" oneshot="0" completeConversation="0" delay=".25" cutoff="0"/>
 </ResponseSet>
 <ResponseRule id="14538910657199811129" name="" cooldown="" response="14538910657199811130">
  <Criteria>
   <Criterion id="15659330456318451386" value="13680621263353786169" comparison="0" type="guid"/>
   <Criterion id="15659330456318451410" comparison="0" value="14538910657199811094" fromResponse="1" type="guid"/>
   <Criterion comparison="0" passIfMissing="false" id="15659330456318451477" type="guid" keyType="default" value="844024417273152045"/>
  </Criteria>
 </ResponseRule>
 <ResponseSet id="14538910657199811130">
  <Response dialog="13680621263377535732" id="14538910657199811131" cooldown="0" weight="1" oneshot="0" completeConversation="0" delay="0" cutoff="0"/>
 </ResponseSet>
 <ResponseRule id="14538910657199811140" name="" cooldown="" response="14538910657199811141">
  <Criteria>
   <Criterion id="15659330456318451386" value="13680621263377303590" comparison="0" type="guid"/>
   <Criterion id="15659330456318451410" comparison="0" value="14538910657199811131" fromResponse="1" type="guid"/>
   <Criterion comparison="0" passIfMissing="false" id="15659330456318451477" type="guid" keyType="default" value="13680621263377303714"/>
  </Criteria>
 </ResponseRule>
 <ResponseSet id="14538910657199811141">
  <Response dialog="13680621263377535752" id="14538910657199811142" cooldown="0" weight="1" oneshot="0" completeConversation="1" delay="0.25" cutoff="0"/>
 </ResponseSet>
 <ResponseSet id="13680621263400783717">
  <Response dialog="13680621263400783716" id="13680621263400783718" cooldown="0" weight="1" oneshot="0" completeConversation="0" delay="0" cutoff="0"/>
 </ResponseSet>
 <ResponseRule id="13680621263400783719" name="" cooldown="" response="844024417303542038">
  <Criteria>
   <Criterion id="15659330456318451386" value="13680621263353786228" comparison="0" type="guid"/>
   <Criterion id="15659330456318451410" comparison="0" value="13680621263400783718" fromResponse="1" type="guid"/>
   <Criterion comparison="0" passIfMissing="false" id="15659330456318451477" type="guid" keyType="default" value="4349723564911796626"/>
  </Criteria>
 </ResponseRule>
 <ResponseRule id="13680621263400784955" name="" cooldown="" response="13680621263400784956">
  <Criteria>
   <Criterion id="15659330456318451386" value="13680621263353786228" comparison="0" type="guid"/>
   <Criterion id="15659330456318451410" comparison="0" value="844024417303542086" fromResponse="1" type="guid"/>
   <Criterion id="15659330456318451477" value="4349723564911796626" comparison="0" type="guid"/>
  </Criteria>
 </ResponseRule>
 <ResponseSet id="13680621263400784956">
  <Response dialog="13680621263400784954" id="13680621263400784957" cooldown="0" weight="1" oneshot="0" completeConversation="0" delay="0.6" cutoff="0"/>
 </ResponseSet>
 <ResponseRule id="13680621263400785049" name="" cooldown="" response="13680621263400785050">
  <Criteria>
   <Criterion id="15659330456318451386" value="13680621263353786228" comparison="0" type="guid"/>
   <Criterion id="15659330456318451410" comparison="0" value="13680621263400784957" fromResponse="1" type="guid"/>
   <Criterion id="15659330456318451477" value="4349723564911796626" comparison="0" type="guid"/>
  </Criteria>
 </ResponseRule>
 <ResponseSet id="13680621263400785050">
  <Response dialog="13680621263400785048" id="13680621263400785051" cooldown="0" weight="1" oneshot="0" completeConversation="0" delay="0" cutoff="0"/>
 </ResponseSet>
 <ResponseRule id="13680621263400785779" name="Danielle_ChatWithAbby_PasswordHint_Alt2" cooldown="" oneshot="1" conversation="1" response="13680621263400785871" description="Playful back and forth between Abby and Danielle that establishes their relationship, the location of Abby&apos;s password.">
  <Criteria>
   <Criterion id="15659330456318451386" value="13680621263377201655" comparison="0" type="guid"/>
   <Criterion id="15659330456318451410" comparison="0" value="onTranscribeTrigger" fromResponse="0" type="default"/>
   <Criterion comparison="0" passIfMissing="false" id="15659330456318451477" type="guid" keyType="default" value="844024417273151090"/>
  </Criteria>
 </ResponseRule>
 <ResponseSet id="13680621263400785871">
  <Response dialog="13680621263400785870" id="13680621263400785872" cooldown="0" weight="1" oneshot="0" completeConversation="0" delay="0" cutoff="0"/>
 </ResponseSet>
 <ResponseRule id="13680621263400785919" name="" cooldown="" response="13680621263400785920">
  <Criteria>
   <Criterion id="15659330456318451386" value="13680621263353786218" comparison="0" type="guid"/>
   <Criterion id="15659330456318451410" comparison="0" value="13680621263400785872" fromResponse="1" type="guid"/>
   <Criterion comparison="0" passIfMissing="false" id="15659330456318451477" type="guid" keyType="default" value="844024417273151649"/>
  </Criteria>
 </ResponseRule>
 <ResponseSet id="13680621263400785920">
  <Response dialog="13680621263400785918" id="13680621263400785921" cooldown="0" weight="1" oneshot="0" completeConversation="0" delay="0.25" cutoff="0" targetType="2" targetId="844024417273151090" speakerTrackMethod="1" targetTrackMethod="0"/>
 </ResponseSet>
 <ResponseRule id="13680621263400785952" name="" cooldown="" response="13680621263400785953">
  <Criteria>
   <Criterion id="15659330456318451386" value="13680621263377201655" comparison="0" type="guid"/>
   <Criterion id="15659330456318451410" comparison="0" value="13680621263400785921" fromResponse="1" type="guid"/>
   <Criterion id="15659330456318451477" value="844024417273151090" comparison="0" type="guid"/>
  </Criteria>
 </ResponseRule>
 <ResponseSet id="13680621263400785953">
  <Response dialog="13680621263400785951" id="13680621263400785954" cooldown="0" weight="1" oneshot="0" completeConversation="0" delay="0" cutoff="0" targetType="2" targetId="844024417273151649" speakerTrackMethod="1" targetTrackMethod="0"/>
 </ResponseSet>
 <ResponseRule id="13680621263400785965" name="" cooldown="" response="13680621263400785966">
  <Criteria>
   <Criterion id="15659330456318451386" value="13680621263353786218" comparison="0" type="guid"/>
   <Criterion id="15659330456318451410" comparison="0" value="13680621263400785954" fromResponse="1" type="guid"/>
   <Criterion id="15659330456318451477" value="844024417273151649" comparison="0" type="guid"/>
  </Criteria>
 </ResponseRule>
 <ResponseSet id="13680621263400785966">
  <Response dialog="13680621263400785964" id="13680621263400785967" cooldown="0" weight="1" oneshot="0" completeConversation="0" delay="0.25" cutoff="0" targetType="2" targetId="844024417273151090" speakerTrackMethod="1" targetTrackMethod="0"/>
 </ResponseSet>
 <ResponseRule id="13680621263400785981" name="" cooldown="" response="13680621263400785982">
  <Criteria>
   <Criterion id="15659330456318451386" value="13680621263377201655" comparison="0" type="guid"/>
   <Criterion id="15659330456318451410" comparison="0" value="13680621263400785967" fromResponse="1" type="guid"/>
   <Criterion id="15659330456318451477" value="844024417273151090" comparison="0" type="guid"/>
  </Criteria>
 </ResponseRule>
 <ResponseSet id="13680621263400785982">
  <Response dialog="13680621263400785980" id="13680621263400785983" cooldown="0" weight="1" oneshot="0" completeConversation="0" delay="0" cutoff="0" targetType="2" targetId="844024417273151649" speakerTrackMethod="1" targetTrackMethod="0"/>
 </ResponseSet>
 <ResponseRule id="13680621263400785994" name="" cooldown="" response="13680621263400785995">
  <Criteria>
   <Criterion id="15659330456318451386" value="13680621263353786218" comparison="0" type="guid"/>
   <Criterion id="15659330456318451410" comparison="0" value="13680621263400785983" fromResponse="1" type="guid"/>
   <Criterion id="15659330456318451477" value="844024417273151649" comparison="0" type="guid"/>
  </Criteria>
 </ResponseRule>
 <ResponseSet id="13680621263400785995">
  <Response dialog="13680621263400785993" id="13680621263400785996" cooldown="0" weight="1" oneshot="0" completeConversation="1" delay="0" cutoff="0" targetType="2" targetId="844024417273151090" speakerTrackMethod="1" targetTrackMethod="0"/>
 </ResponseSet>
 <ResponseRule id="13680621263401376471" name="" cooldown="" response="13680621263401376472">
  <Criteria>
   <Criterion id="15659330456318451386" value="13680621263353786169" comparison="0" type="guid"/>
   <Criterion id="15659330456318451410" comparison="0" value="14538910657199811074" fromResponse="1" type="guid"/>
   <Criterion comparison="0" passIfMissing="false" id="15659330456318451477" type="guid" keyType="default" value="844024417273152045"/>
  </Criteria>
 </ResponseRule>
 <ResponseSet id="13680621263401376472">
  <Response dialog="13680621263377534076" id="13680621263401376473" cooldown="0" weight="1" oneshot="0" completeConversation="0" delay="0.25" cutoff="0" targetType="2" targetId="844024417273151090" speakerTrackMethod="1" targetTrackMethod="0"/>
 </ResponseSet>
 <ResponseRule id="13680621263401376769" name="" cooldown="" response="13680621263401376770">
  <Criteria>
   <Criterion id="15659330456318451386" value="13680621263377201655" comparison="0" type="guid"/>
   <Criterion id="15659330456318451410" comparison="0" value="13680621263401376473" fromResponse="1" type="guid"/>
   <Criterion id="15659330456318451477" value="844024417273151090" comparison="0" type="guid"/>
  </Criteria>
 </ResponseRule>
 <ResponseSet id="13680621263401376770">
  <Response dialog="13680621263401376768" id="13680621263401376771" cooldown="0" weight="1" oneshot="0" completeConversation="0" delay="0.25" cutoff="0"/>
 </ResponseSet>
 <ResponseRule id="13680621263401376792" name="" cooldown="" response="13680621263401376793">
  <Criteria>
   <Criterion id="15659330456318451386" value="13680621263353786169" comparison="0" type="guid"/>
   <Criterion id="15659330456318451410" comparison="0" value="13680621263401376771" fromResponse="1" type="guid"/>
   <Criterion comparison="0" passIfMissing="false" id="15659330456318451477" type="guid" keyType="default" value="844024417273152045"/>
  </Criteria>
 </ResponseRule>
 <ResponseSet id="13680621263401376793">
  <Response dialog="13680621263377534260" id="13680621263401376794" cooldown="0" weight="1" oneshot="0" completeConversation="0" delay="0.25" cutoff="0" targetType="2" targetId="844024417273151090" speakerTrackMethod="1" targetTrackMethod="0"/>
 </ResponseSet>
 <ResponseRule id="13680621263401376809" name="" cooldown="" response="13680621263401376810">
  <Criteria>
   <Criterion id="15659330456318451386" value="13680621263353786169" comparison="0" type="guid"/>
   <Criterion id="15659330456318451410" comparison="0" value="13680621263401376794" fromResponse="1" type="guid"/>
   <Criterion comparison="0" passIfMissing="false" id="15659330456318451477" type="guid" keyType="default" value="844024417273152045"/>
  </Criteria>
 </ResponseRule>
 <ResponseSet id="13680621263401376810">
  <Response dialog="13680621263377534311" id="13680621263401376811" cooldown="0" weight="1" oneshot="0" completeConversation="0" delay="0.5" cutoff="0" targetType="2" targetId="844024417273151090" speakerTrackMethod="1" targetTrackMethod="0"/>
 </ResponseSet>
</ResponseRules>