<LevelData SandboxVersion="3.7.0.179">
 <LevelInfo CreationDate="08/01/18" Name="Arboretum" HeightmapSize="800" HeightmapUnitSize="2" HeightmapMaxHeight="1024" WaterLevel="-1000000" TerrainSectorSizeInMeters="64"/>
 <SurfaceTypes>
  <SurfaceType Name="Objects/Environment/Architecture/Exec/Floor_Outdoor_Stone_A/Floor_Outdoor_Dirt_A" SurfaceTypeID="0" DetailTexture="" DetailScaleX="1" DetailScaleY="1" DetailMaterial="Objects/Environment/Architecture/Exec/Floor_Outdoor_Stone_A/Floor_Outdoor_Dirt_A" ProjectAxis="2" Bumpmap="" ProjAxis="Z"/>
  <SurfaceType Name="Objects/Environment/Architecture/Exec/Dirt_Path_A/Dirt_Path_A" SurfaceTypeID="1" DetailTexture="" DetailScaleX="1" DetailScaleY="1" DetailMaterial="Objects/Environment/Architecture/Exec/Dirt_Path_A/Dirt_Path_A" ProjectAxis="2" Bumpmap="" ProjAxis="Z"/>
  <SurfaceType Name="Objects/Environment/Architecture/Exec/Floor_Outdoor_Stone_A/Floor_Outdoor_Stone_Terrain_A" SurfaceTypeID="2" DetailTexture="" DetailScaleX="1" DetailScaleY="1" DetailMaterial="Objects/Environment/Architecture/Exec/Floor_Outdoor_Stone_A/Floor_Outdoor_Stone_Terrain_A" ProjectAxis="2" Bumpmap="" ProjAxis="Z"/>
  <SurfaceType Name="Objects/Environment/Architecture/Exec/Floor_Outdoor_Stone_A/Floor_Outdoor_Grass_A" SurfaceTypeID="3" DetailTexture="" DetailScaleX="1" DetailScaleY="1" DetailMaterial="Objects/Environment/Architecture/Exec/Floor_Outdoor_Stone_A/Floor_Outdoor_Grass_A" ProjectAxis="2" Bumpmap="" ProjAxis="Z"/>
 </SurfaceTypes>
 <CollisionClasses>
  <CollisionClass type="0" ignore="0"/>
  <CollisionClass type="0" ignore="65536"/>
  <CollisionClass type="4194304" ignore="0"/>
  <CollisionClass type="0" ignore="81920"/>
  <CollisionClass type="1024" ignore="0"/>
  <CollisionClass type="0" ignore="4294967295"/>
  <CollisionClass type="0" ignore="16384"/>
 </CollisionClasses>
 <Layers>
  <Layer Name="Arboretum_BreadCrumbing" Parent="" Id="1" Specs="-1"/>
  <Layer Name="Arboretum_Scripting_LoversSidequest" Parent="" Id="2" Specs="-1"/>
  <Layer Name="Arboretum_GutsEntrance_Tunnels" Parent="" Id="3" Specs="-1"/>
  <Layer Name="Arboreteum_Sq_04_DahlExtractsAlex" Parent="" Id="4" Specs="-1"/>
  <Layer Name="Arboretum_Lighting_Final" Parent="Arboretum_Lighting" Id="5" Specs="-1"/>
  <Layer Name="Arboretum_Arch_Geo" Parent="" Id="6" Specs="-1"/>
  <Layer Name="Arboretum_CrewQuarter_Geo" Parent="" Id="7" Specs="-1"/>
  <Layer Name="Ark_MetricCameras" Parent="" Id="8" Specs="-1"/>
  <Layer Name="Arboreteum_Sq_03_MeetAlex" Parent="" Id="9" Specs="-1"/>
  <Layer Name="Arboretum_AudioVolumes" Parent="" Id="10" Specs="-1"/>
  <Layer Name="Arboretum_PlayerCollision" Parent="" Id="11" Specs="-1"/>
  <Layer Name="Arboretum_Greenhouse_Geo" Parent="" Id="12" Specs="-1"/>
  <Layer Name="Arboretum_CoralPhase3" Parent="" Id="13" Specs="-1" DefaultLoaded="1" LoadTokenId="1570678163" LoadTokenValue="3"/>
  <Layer Name="Arboretum_Lighting" Parent="" Id="14" Specs="-1"/>
  <Layer Name="Arboretum_ExteriorCanopy_Geo" Parent="" Id="15" Specs="-1"/>
  <Layer Name="Cinematics" Parent="Apex" Id="16" Specs="-1"/>
  <Layer Name="Arboretum_Scripting_CookBombs" Parent="" Id="17" Specs="-1"/>
  <Layer Name="Arboretum_ApexDome" Parent="" Id="18" Specs="-1"/>
  <Layer Name="Arboretum_CookQuest" Parent="" Id="19" Specs="-1"/>
  <Layer Name="Arboretum_LobbyElevator_Prop" Parent="" Id="20" Specs="-1"/>
  <Layer Name="Arboretum_CoralPhase5" Parent="" Id="21" Specs="-1" LoadTokenId="1570678163" LoadTokenValue="5"/>
  <Layer Name="Arboretum_Office_Walkway" Parent="" Id="22" Specs="-1"/>
  <Layer Name="Arboreteum_Sq_01_Telepath" Parent="" Id="23" Specs="-1"/>
  <Layer Name="Arboretum_Observatory_Geo" Parent="" Id="24" Specs="-1"/>
  <Layer Name="Arboreteum_Sq_06_AlexEscapePod" Parent="" Id="25" Specs="-1"/>
  <Layer Name="Arboreteum_Sq_05_LgVideoPart2" Parent="" Id="26" Specs="-1"/>
  <Layer Name="Arboretum_Distractions" Parent="" Id="27" Specs="-1"/>
  <Layer Name="Arboretum_Nightmare" Parent="" Id="28" Specs="-1" DefaultLoaded="1"/>
  <Layer Name="Arboretum_BridgeEntrance_Geo" Parent="" Id="29" Specs="-1"/>
  <Layer Name="Arboretum_Office" Parent="" Id="30" Specs="-1" DefaultLoaded="1"/>
  <Layer Name="Arboretum_Lighting_Backup" Parent="Arboretum_Lighting" Id="31" Specs="-1"/>
  <Layer Name="Arboretum_Map" Parent="" Id="32" Specs="-1"/>
  <Layer Name="Apex" Parent="" Id="33" Specs="-1"/>
  <Layer Name="Arboretum_CoralPhase2" Parent="" Id="34" Specs="-1" DefaultLoaded="1" LoadTokenId="1570678163" LoadTokenValue="2"/>
  <Layer Name="Arboretum_MaintenanceTunnel_Geo" Parent="" Id="35" Specs="-1"/>
  <Layer Name="Arboretum_CanopyGantry_Walkway" Parent="" Id="36" Specs="-1"/>
  <Layer Name="Arboretum_Scripting_GustavLeitnerQuest" Parent="" Id="37" Specs="-1"/>
  <Layer Name="Arboretum_CanopyGantry" Parent="" Id="38" Specs="-1"/>
  <Layer Name="Arboretum_Visareas" Parent="" Id="39" Specs="-1"/>
  <Layer Name="Arboretum_LookingGlass" Parent="" Id="40" Specs="-1"/>
  <Layer Name="Arboretum_Scripting" Parent="" Id="41" Specs="-1" DefaultLoaded="1"/>
  <Layer Name="Arboreteum_Sq_02_ApexArrival" Parent="" Id="42" Specs="-1"/>
  <Layer Name="Arboretum_CrewQuest" Parent="" Id="43" Specs="-1"/>
  <Layer Name="Arboretum_LookingGlass_Loading" Parent="" Id="44" Specs="-1"/>
  <Layer Name="Arboretum_Signage" Parent="" Id="45" Specs="-1"/>
  <Layer Name="Arboretum_LobbyElevator_Geo" Parent="" Id="46" Specs="-1"/>
  <Layer Name="Arboretum_Geo" Parent="" Id="47" Specs="-1"/>
  <Layer Name="Arboretum_TelepathScripting" Parent="" Id="48" Specs="-1"/>
  <Layer Name="Arboretum_Lighting_Emergency" Parent="Arboretum_Lighting" Id="49" Specs="-1"/>
  <Layer Name="Arboretum_Tran_Office_Geo" Parent="" Id="50" Specs="-1"/>
  <Layer Name="Arboretum_Roads" Parent="" Id="51" Specs="-1"/>
  <Layer Name="Arboretum_ApexDomeWrecked" Parent="" Id="52" Specs="-1"/>
  <Layer Name="Arboretum_Tutorial" Parent="" Id="53" Specs="-1"/>
  <Layer Name="Arboretum_ShadowShells" Parent="" Id="54" Specs="-1"/>
  <Layer Name="Main" Parent="" Id="55" Specs="-1"/>
  <Layer Name="Arboretum_LookingGlass_MainVideo" Parent="" Id="56" Specs="-1"/>
  <Layer Name="Arboretum_ApexVolumes" Parent="" Id="57" Specs="-1"/>
  <Layer Name="Arboretum_Sq_07_DahlBotAmbush" Parent="" Id="58" Specs="-1"/>
  <Layer Name="Arboretum_Loot" Parent="" Id="59" Specs="-1" DefaultLoaded="1"/>
  <Layer Name="Arboretum_Scripting_Apex" Parent="" Id="60" Specs="-1"/>
  <Layer Name="Arboretum_CoralPhase4" Parent="" Id="61" Specs="-1" LoadTokenId="1570678163" LoadTokenValue="4"/>
  <Layer Name="Arboretum_Hallway_Geo" Parent="" Id="62" Specs="-1"/>
  <Layer Name="Arboretum_FX" Parent="" Id="63" Specs="-1" DefaultLoaded="1"/>
  <Layer Name="Arboretum_Sound" Parent="" Id="64" Specs="-1" DefaultLoaded="1"/>
  <Layer Name="Arboretum_Greenhouse_Props" Parent="" Id="65" Specs="-1"/>
  <Layer Name="Arboretum_Scripting_SideQuests" Parent="" Id="66" Specs="-1"/>
  <Layer Name="Arboretum_Rock_Geo" Parent="" Id="67" Specs="-1"/>
 </Layers>
 <Vegetation>
  <Object Size="1" SizeVar="0.33" RandomRotation="1" RotationRangeToTerrainNormal="0" AlignToTerrain="0" AlignToTerrainCoefficient="1" UseTerrainColor="0" AllowIndoor="0" Bending="5" Hideable="0" PlayerHideable="0" GrowOnBrushes="1" GrowOnTerrain="1" AutoMerged="1" Stiffness="0.3" Damping="5" Variance="0.6" AirResistance="1" Pickable="0" AIRadius="-1" Brightness="1" Density="0.1" ElevationMin="16" ElevationMax="4096" SlopeMin="0" SlopeMax="255" CastShadow="0" CastShadowMinSpec="8" RecvShadow="0" DynamicDistanceShadows="1" CastSunShadowMinSpec="8" AlphaBlend="0" SpriteDistRatio="1" LodDistRatio="0.2" MaxViewDistRatio="0.275" Material="" MinSpec="0" Frozen="0" Layer_Wet="0" Object="Objects/Environment/Props/Plants/Fern_A/Fern_A.cgf" Id="0" FileName="Objects/Environment/Props/Plants/Fern_A/Fern_A.cgf" GUID="{7D091275-5DEC-4A19-BE0A-11592A412544}" Hidden="0" Index="0" Category="Bushels"/>
  <Object Size="0.7" SizeVar="0.3" RandomRotation="1" RotationRangeToTerrainNormal="0" AlignToTerrain="0" AlignToTerrainCoefficient="1" UseTerrainColor="0" AllowIndoor="0" Bending="0" Hideable="0" PlayerHideable="0" GrowOnBrushes="1" GrowOnTerrain="1" AutoMerged="0" Stiffness="5" Damping="2.5" Variance="0.6" AirResistance="1" Pickable="0" AIRadius="-1" Brightness="1" Density="2.1" ElevationMin="16" ElevationMax="4096" SlopeMin="0" SlopeMax="255" CastShadow="0" CastShadowMinSpec="8" RecvShadow="1" DynamicDistanceShadows="0" CastSunShadowMinSpec="8" AlphaBlend="1" SpriteDistRatio="0.1" LodDistRatio="12.7" MaxViewDistRatio="0.75" Material="" MinSpec="0" Frozen="0" Layer_Wet="0" Object="objects/environment/props/plants/grass_c/grass_c4.cgf" Id="1" FileName="objects/environment/props/plants/grass_c/grass_c4.cgf" GUID="{2C08C3ED-7865-456B-9C4E-2EACFD4197AA}" Hidden="0" Index="0" Category="Grass"/>
  <Object Size="0.7" SizeVar="0.2" RandomRotation="1" RotationRangeToTerrainNormal="0" AlignToTerrain="0" AlignToTerrainCoefficient="1" UseTerrainColor="0" AllowIndoor="0" Bending="2" Hideable="0" PlayerHideable="0" GrowOnBrushes="1" GrowOnTerrain="1" AutoMerged="1" Stiffness="0.5" Damping="2.5" Variance="0.6" AirResistance="1" Pickable="0" AIRadius="-1" Brightness="1" Density="0.5" ElevationMin="16" ElevationMax="4096" SlopeMin="0" SlopeMax="255" CastShadow="0" CastShadowMinSpec="8" RecvShadow="0" DynamicDistanceShadows="0" CastSunShadowMinSpec="8" AlphaBlend="0" SpriteDistRatio="0.1" LodDistRatio="1" MaxViewDistRatio="0.75" Material="" MinSpec="0" Frozen="0" Layer_Wet="0" Object="objects/environment/props/plants/grass_c/grass_c1.cgf" Id="2" FileName="objects/environment/props/plants/grass_c/grass_c1.cgf" GUID="{FEA8C01C-A660-4B76-9C71-C6DFC72ED5AA}" Hidden="0" Index="0" Category="Grass"/>
  <Object Size="0.7" SizeVar="0.2" RandomRotation="1" RotationRangeToTerrainNormal="0" AlignToTerrain="0" AlignToTerrainCoefficient="1" UseTerrainColor="0" AllowIndoor="0" Bending="2" Hideable="0" PlayerHideable="0" GrowOnBrushes="1" GrowOnTerrain="1" AutoMerged="1" Stiffness="0.5" Damping="2.5" Variance="0.6" AirResistance="1" Pickable="0" AIRadius="-1" Brightness="1" Density="2" ElevationMin="-1e+06" ElevationMax="4096" SlopeMin="0" SlopeMax="255" CastShadow="0" CastShadowMinSpec="8" RecvShadow="0" DynamicDistanceShadows="0" CastSunShadowMinSpec="8" AlphaBlend="0" SpriteDistRatio="0.1" LodDistRatio="1" MaxViewDistRatio="0.75" Material="" MinSpec="0" Frozen="0" Layer_Wet="0" Object="objects/environment/props/plants/grass_c/grass_c3.cgf" Id="3" FileName="objects/environment/props/plants/grass_c/grass_c3.cgf" GUID="{6B05FA0B-4ADA-4F1B-88B6-A89996F8E91F}" Hidden="0" Index="0" Category="Grass"/>
  <Object Size="1" SizeVar="0.2" RandomRotation="1" RotationRangeToTerrainNormal="0" AlignToTerrain="0" AlignToTerrainCoefficient="1" UseTerrainColor="0" AllowIndoor="0" Bending="2" Hideable="0" PlayerHideable="0" GrowOnBrushes="1" GrowOnTerrain="1" AutoMerged="1" Stiffness="2" Damping="2.5" Variance="1" AirResistance="1" Pickable="0" AIRadius="-1" Brightness="1" Density="2" ElevationMin="-1e+06" ElevationMax="4096" SlopeMin="0" SlopeMax="255" CastShadow="0" CastShadowMinSpec="8" RecvShadow="0" DynamicDistanceShadows="0" CastSunShadowMinSpec="8" AlphaBlend="0" SpriteDistRatio="0.1" LodDistRatio="1" MaxViewDistRatio="0.75" Material="" MinSpec="0" Frozen="0" Layer_Wet="0" Object="objects/environment/props/plants/grass_c/grass_c2.cgf" Id="4" FileName="objects/environment/props/plants/grass_c/grass_c2.cgf" GUID="{8DE7909F-7662-426D-B2DD-AB8C06C2B3D1}" Hidden="0" Index="0" Category="Grass"/>
  <Object Size="1" SizeVar="0.4" RandomRotation="1" RotationRangeToTerrainNormal="0" AlignToTerrain="0" AlignToTerrainCoefficient="0" UseTerrainColor="0" AllowIndoor="0" Bending="3" Hideable="0" PlayerHideable="0" GrowOnBrushes="0" GrowOnTerrain="1" AutoMerged="0" Stiffness="0.5" Damping="2.5" Variance="0.6" AirResistance="1" Pickable="0" AIRadius="-1" Brightness="1" Density="4" ElevationMin="-1e+06" ElevationMax="4096" SlopeMin="0" SlopeMax="255" CastShadow="0" CastShadowMinSpec="8" RecvShadow="0" DynamicDistanceShadows="0" CastSunShadowMinSpec="8" AlphaBlend="1" SpriteDistRatio="1" LodDistRatio="0.5" MaxViewDistRatio="100" Material="" MinSpec="0" Frozen="0" Layer_Wet="0" Object="objects/environment/props/plants/tree_thin_a/tree_thin_a.cgf" Id="5" FileName="objects/environment/props/plants/tree_thin_a/tree_thin_a.cgf" GUID="{D898B180-FF1E-49D7-8098-A25038EDA90B}" Hidden="0" Index="0" Category="thintree"/>
  <Object Size="1" SizeVar="0.2" RandomRotation="1" RotationRangeToTerrainNormal="0" AlignToTerrain="0" AlignToTerrainCoefficient="0" UseTerrainColor="0" AllowIndoor="0" Bending="3" Hideable="0" PlayerHideable="0" GrowOnBrushes="0" GrowOnTerrain="1" AutoMerged="0" Stiffness="0.5" Damping="2.5" Variance="0.6" AirResistance="1" Pickable="0" AIRadius="-1" Brightness="0.2" Density="4" ElevationMin="-1e+06" ElevationMax="4096" SlopeMin="0" SlopeMax="255" CastShadow="0" CastShadowMinSpec="8" RecvShadow="0" DynamicDistanceShadows="0" CastSunShadowMinSpec="8" AlphaBlend="0" SpriteDistRatio="1" LodDistRatio="1" MaxViewDistRatio="1.5" Material="" MinSpec="0" Frozen="0" Layer_Wet="0" Object="objects/environment/props/plants/tree_large_a/tree_large_a.cgf" Id="6" FileName="objects/environment/props/plants/tree_large_a/tree_large_a.cgf" GUID="{9DE19E9A-F167-4CAF-B545-6BD1E420FD57}" Hidden="0" Index="0" Category="tree"/>
  <Object Size="1.6" SizeVar="0.1" RandomRotation="1" RotationRangeToTerrainNormal="0" AlignToTerrain="0" AlignToTerrainCoefficient="0" UseTerrainColor="0" AllowIndoor="0" Bending="3" Hideable="0" PlayerHideable="0" GrowOnBrushes="0" GrowOnTerrain="1" AutoMerged="0" Stiffness="0.5" Damping="2.5" Variance="0.6" AirResistance="1" Pickable="0" AIRadius="-1" Brightness="1" Density="2" ElevationMin="-1e+06" ElevationMax="4096" SlopeMin="0" SlopeMax="255" CastShadow="0" CastShadowMinSpec="8" RecvShadow="0" DynamicDistanceShadows="0" CastSunShadowMinSpec="8" AlphaBlend="0" SpriteDistRatio="1" LodDistRatio="1.5" MaxViewDistRatio="100" Material="" MinSpec="0" Frozen="0" Layer_Wet="0" Object="objects/environment/props/plants/tree_twisted_a/tree_twisted_a.cgf" Id="7" FileName="objects/environment/props/plants/tree_twisted_a/tree_twisted_a.cgf" GUID="{A425E223-FCD3-4148-807A-CE1C581E77FC}" Hidden="0" Index="0" Category="tree"/>
  <Object Size="1" SizeVar="0.4" RandomRotation="1" RotationRangeToTerrainNormal="0" AlignToTerrain="0" AlignToTerrainCoefficient="0" UseTerrainColor="0" AllowIndoor="0" Bending="3" Hideable="0" PlayerHideable="0" GrowOnBrushes="0" GrowOnTerrain="1" AutoMerged="0" Stiffness="0.5" Damping="2.5" Variance="0.6" AirResistance="1" Pickable="0" AIRadius="-1" Brightness="1" Density="4" ElevationMin="-1e+06" ElevationMax="4096" SlopeMin="0" SlopeMax="255" CastShadow="0" CastShadowMinSpec="8" RecvShadow="0" DynamicDistanceShadows="0" CastSunShadowMinSpec="8" AlphaBlend="1" SpriteDistRatio="1" LodDistRatio="0.5" MaxViewDistRatio="100" Material="" MinSpec="0" Frozen="0" Layer_Wet="0" Object="objects/environment/props/plants/tree_thin_a/tree_thin_b.cgf" Id="8" FileName="objects/environment/props/plants/tree_thin_a/tree_thin_b.cgf" GUID="{808885FB-E20D-4DE5-911B-319A68FC2918}" Hidden="0" Index="0" Category="thintree"/>
  <Object Size="0.6" SizeVar="0.2" RandomRotation="1" RotationRangeToTerrainNormal="0" AlignToTerrain="0" AlignToTerrainCoefficient="1" UseTerrainColor="0" AllowIndoor="0" Bending="6" Hideable="0" PlayerHideable="0" GrowOnBrushes="0" GrowOnTerrain="1" AutoMerged="0" Stiffness="0.5" Damping="2.5" Variance="0.6" AirResistance="1" Pickable="0" AIRadius="-1" Brightness="1" Density="0.1" ElevationMin="16" ElevationMax="4096" SlopeMin="0" SlopeMax="255" CastShadow="0" CastShadowMinSpec="8" RecvShadow="0" DynamicDistanceShadows="1" CastSunShadowMinSpec="8" AlphaBlend="0" SpriteDistRatio="1" LodDistRatio="0.2" MaxViewDistRatio="0.27" Material="" MinSpec="0" Frozen="0" Layer_Wet="0" Object="objects/environment/props/plants/plant_bush_c/plant_bush_c_large.cgf" Id="9" FileName="objects/environment/props/plants/plant_bush_c/plant_bush_c_large.cgf" GUID="{C067A811-A084-462E-A6DA-40914873C58F}" Hidden="0" Index="0" Category="Bushels"/>
  <Object Size="0.7" SizeVar="0.3" RandomRotation="1" RotationRangeToTerrainNormal="0" AlignToTerrain="0" AlignToTerrainCoefficient="0" UseTerrainColor="0" AllowIndoor="0" Bending="0" Hideable="0" PlayerHideable="0" GrowOnBrushes="1" GrowOnTerrain="1" AutoMerged="0" Stiffness="0.5" Damping="2.5" Variance="0.6" AirResistance="1" Pickable="0" AIRadius="-1" Brightness="1" Density="2" ElevationMin="-1e+06" ElevationMax="4096" SlopeMin="0" SlopeMax="255" CastShadow="0" CastShadowMinSpec="8" RecvShadow="0" DynamicDistanceShadows="0" CastSunShadowMinSpec="8" AlphaBlend="0" SpriteDistRatio="0.1" LodDistRatio="1" MaxViewDistRatio="0.75" Material="" MinSpec="0" Frozen="0" Layer_Wet="0" Object="objects/environment/props/plants/grass_set/grass_set_a.cgf" Id="10" FileName="objects/environment/props/plants/grass_set/grass_set_a.cgf" GUID="{CDD98FF4-E002-4FDE-995C-7AEA97F6CDAE}" Hidden="0" Index="0" Category="Grass"/>
  <Object Size="1.2" SizeVar="0.3" RandomRotation="1" RotationRangeToTerrainNormal="0" AlignToTerrain="0" AlignToTerrainCoefficient="0" UseTerrainColor="0" AllowIndoor="0" Bending="0" Hideable="0" PlayerHideable="0" GrowOnBrushes="1" GrowOnTerrain="1" AutoMerged="1" Stiffness="2" Damping="2.5" Variance="2" AirResistance="1" Pickable="0" AIRadius="-1" Brightness="1" Density="2.1" ElevationMin="-1e+06" ElevationMax="4096" SlopeMin="0" SlopeMax="255" CastShadow="0" CastShadowMinSpec="8" RecvShadow="0" DynamicDistanceShadows="0" CastSunShadowMinSpec="8" AlphaBlend="0" SpriteDistRatio="0.1" LodDistRatio="1" MaxViewDistRatio="0.75" Material="" MinSpec="0" Frozen="0" Layer_Wet="0" Object="objects/environment/props/plants/grass_set/grass_set_a2.cgf" Id="11" FileName="objects/environment/props/plants/grass_set/grass_set_a2.cgf" GUID="{6E1109DE-55C0-4458-A63A-E3AF2C5E1A74}" Hidden="0" Index="0" Category="Grass"/>
  <Object Size="2" SizeVar="0.2" RandomRotation="1" RotationRangeToTerrainNormal="1" AlignToTerrain="0" AlignToTerrainCoefficient="0" UseTerrainColor="0" AllowIndoor="0" Bending="0" Hideable="0" PlayerHideable="0" GrowOnBrushes="0" GrowOnTerrain="1" AutoMerged="0" Stiffness="10" Damping="2.5" Variance="2" AirResistance="1" Pickable="0" AIRadius="-1" Brightness="1" Density="1" ElevationMin="-1e+06" ElevationMax="4096" SlopeMin="0" SlopeMax="255" CastShadow="0" CastShadowMinSpec="8" RecvShadow="0" DynamicDistanceShadows="0" CastSunShadowMinSpec="8" AlphaBlend="0" SpriteDistRatio="1" LodDistRatio="100" MaxViewDistRatio="0.12" Material="" MinSpec="0" Frozen="0" Layer_Wet="0" Object="objects/environment/props/apartment/planter_apt_hallway_a/planter_bamboo_a_bendable.cgf" Id="12" FileName="objects/environment/props/apartment/planter_apt_hallway_a/planter_bamboo_a_bendable.cgf" GUID="{3D1F6162-1319-4012-A4DD-E6D1730D6CA5}" Hidden="0" Index="0" Category="Bamboo"/>
  <Object Size="1" SizeVar="0.2" RandomRotation="1" RotationRangeToTerrainNormal="0" AlignToTerrain="0" AlignToTerrainCoefficient="0" UseTerrainColor="0" AllowIndoor="0" Bending="0" Hideable="0" PlayerHideable="0" GrowOnBrushes="1" GrowOnTerrain="0" AutoMerged="0" Stiffness="3" Damping="2.5" Variance="5" AirResistance="1" Pickable="0" AIRadius="-1" Brightness="1" Density="0.1" ElevationMin="-1e+06" ElevationMax="4096" SlopeMin="0" SlopeMax="255" CastShadow="0" CastShadowMinSpec="8" RecvShadow="0" DynamicDistanceShadows="0" CastSunShadowMinSpec="8" AlphaBlend="0" SpriteDistRatio="1" LodDistRatio="0.2" MaxViewDistRatio="0.27" Material="" MinSpec="0" Frozen="0" Layer_Wet="0" Object="objects/environment/props/plants/plant_bush_a/plant_bush_a_bendable.cgf" Id="13" FileName="objects/environment/props/plants/plant_bush_a/plant_bush_a_bendable.cgf" GUID="{74844255-B634-4DC1-8BFD-E02D202F1949}" Hidden="0" Index="0" Category="Bushels"/>
  <Object Size="1" SizeVar="5" RandomRotation="0" RotationRangeToTerrainNormal="0" AlignToTerrain="0" AlignToTerrainCoefficient="0" UseTerrainColor="0" AllowIndoor="0" Bending="0" Hideable="0" PlayerHideable="0" GrowOnBrushes="0" GrowOnTerrain="1" AutoMerged="0" Stiffness="0.5" Damping="2.5" Variance="0.6" AirResistance="1" Pickable="0" AIRadius="-1" Brightness="1" Density="0.1" ElevationMin="-1e+06" ElevationMax="4096" SlopeMin="0" SlopeMax="255" CastShadow="0" CastShadowMinSpec="8" RecvShadow="0" DynamicDistanceShadows="0" CastSunShadowMinSpec="8" AlphaBlend="0" SpriteDistRatio="1" LodDistRatio="0.2" MaxViewDistRatio="0.27" Material="" MinSpec="0" Frozen="0" Layer_Wet="0" Object="objects/environment/props/plants/bush_b/plant_bush_b2.cgf" Id="14" FileName="objects/environment/props/plants/bush_b/plant_bush_b2.cgf" GUID="{09A06A17-3896-4828-95C4-E89E0B08969C}" Hidden="0" Index="0" Category="Bushels"/>
 </Vegetation>
 <MaterialsLibrary>
  <Library Name="Level"/>
 </MaterialsLibrary>
 <ParticlesLibrary>
  <Library Name="LevelShared"/>
  <Library Name="LevelSpecific"/>
  <Library Name="Screen"/>
  <Library Name="Characters"/>
  <Library Name="MaterialEffects"/>
  <Library Name="PlayerWeapons"/>
  <Library Name="Interactables"/>
  <Library Name="Player"/>
 </ParticlesLibrary>
 <GameTokensLibraryReferences>
  <Library Name="GT_Global"/>
  <Library Name="GT_GameTime"/>
  <Library Name="GT_GlobalStrings"/>
 </GameTokensLibraryReferences>
</LevelData>
