<LevelData SandboxVersion="3.7.0.179">
 <LevelInfo CreationDate="08/01/18" Name="ZeroG_UtilityTunnels" HeightmapSize="400" HeightmapUnitSize="2" HeightmapMaxHeight="1024" WaterLevel="-1000000" TerrainSectorSizeInMeters="64"/>
 <SurfaceTypes>
  <SurfaceType Name="Materials/material_terrain_default" SurfaceTypeID="0" DetailTexture="" DetailScaleX="1" DetailScaleY="1" DetailMaterial="Materials/material_terrain_default" ProjectAxis="2" Bumpmap="" ProjAxis="Z"/>
 </SurfaceTypes>
 <CollisionClasses>
  <CollisionClass type="0" ignore="0"/>
  <CollisionClass type="0" ignore="32768"/>
  <CollisionClass type="0" ignore="65536"/>
  <CollisionClass type="1024" ignore="0"/>
  <CollisionClass type="0" ignore="4294967295"/>
  <CollisionClass type="65536" ignore="0"/>
  <CollisionClass type="65536" ignore="65536"/>
  <CollisionClass type="4194304" ignore="0"/>
  <CollisionClass type="8192" ignore="0"/>
 </CollisionClasses>
 <Layers>
  <Layer Name="Guts_Ark_Metric_Cameras" Parent="" Id="1" Specs="-1"/>
  <Layer Name="Guts_Magnetosphere" Parent="" Id="2" Specs="-1"/>
  <Layer Name="Guts_Signage" Parent="" Id="3" Specs="-1"/>
  <Layer Name="Guts_VFX" Parent="" Id="4" Specs="-1"/>
  <Layer Name="Guts_Scripting" Parent="" Id="5" Specs="-1"/>
  <Layer Name="GUTs_SolarStorm" Parent="" Id="6" Specs="-1"/>
  <Layer Name="Guts_GrayBox" Parent="" Id="7" Specs="-1"/>
  <Layer Name="Guts_Distractions" Parent="" Id="8" Specs="-1"/>
  <Layer Name="GUTS_Breadcrumbing" Parent="" Id="9" Specs="-1"/>
  <Layer Name="GUTs_Coral_Phase3" Parent="" Id="10" Specs="-1" LoadTokenId="1570678163" LoadTokenValue="3"/>
  <Layer Name="Guts_Utility_Hazard" Parent="" Id="11" Specs="-1"/>
  <Layer Name="Guts_ShadowShell" Parent="" Id="12" Specs="-1"/>
  <Layer Name="GUTs_Coral_Phase4" Parent="" Id="13" Specs="-1" LoadTokenId="1570678163" LoadTokenValue="4"/>
  <Layer Name="Guts_Utility_Lower" Parent="" Id="14" Specs="-1"/>
  <Layer Name="Guts_AudioVolumes" Parent="" Id="15" Specs="-1"/>
  <Layer Name="Guts_Lighting_Final" Parent="Guts_Lighting" Id="16" Specs="-1"/>
  <Layer Name="Guts_TechOfficer" Parent="" Id="17" Specs="-1"/>
  <Layer Name="GUTS_Apex_Phase2" Parent="" Id="18" Specs="-1" LoadTokenId="386172703" LoadTokenValue="1"/>
  <Layer Name="Guts_Entrance" Parent="" Id="19" Specs="-1"/>
  <Layer Name="Guts_SideQuests" Parent="" Id="20" Specs="-1" DefaultLoaded="1"/>
  <Layer Name="Main" Parent="" Id="21" Specs="-1"/>
  <Layer Name="GUTs_Apex" Parent="" Id="22" Specs="-1" LoadTokenId="659909599" LoadTokenValue="1"/>
  <Layer Name="GUTs_Coral_Phase2" Parent="" Id="23" Specs="-1" LoadTokenId="1570678163" LoadTokenValue="2"/>
  <Layer Name="Guts_Map" Parent="" Id="24" Specs="-1"/>
  <Layer Name="Guts_Coral_Phase1" Parent="" Id="25" Specs="-1" LoadTokenId="1570678163" LoadTokenValue="1"/>
  <Layer Name="Guts_Vista" Parent="" Id="26" Specs="-1"/>
  <Layer Name="Guts_Fuel_Room" Parent="" Id="27" Specs="-1"/>
  <Layer Name="Guts_Dahl_Elevator" Parent="" Id="28" Specs="-1"/>
  <Layer Name="Guts_Exterior" Parent="" Id="29" Specs="-1"/>
  <Layer Name="Guts_Lighting" Parent="" Id="30" Specs="-1"/>
  <Layer Name="Guts_Lighting_Backup" Parent="Guts_Lighting" Id="31" Specs="-1"/>
  <Layer Name="Guts_Utility_Mid" Parent="" Id="32" Specs="-1"/>
  <Layer Name="Guts_Cargo_Entrance" Parent="" Id="33" Specs="-1"/>
  <Layer Name="Guts_VisAreas" Parent="" Id="34" Specs="-1"/>
  <Layer Name="Guts_Cargo_Lower" Parent="" Id="35" Specs="-1"/>
  <Layer Name="Guts_Elevator" Parent="" Id="36" Specs="-1"/>
  <Layer Name="Guts_MapV" Parent="" Id="37" Specs="-1"/>
  <Layer Name="Guts_SurfaceHazards" Parent="" Id="38" Specs="-1"/>
  <Layer Name="Guts_Tutorials" Parent="" Id="39" Specs="-1"/>
  <Layer Name="GUTS_Coral_Phase5" Parent="" Id="40" Specs="-1" LoadTokenId="1570678163" LoadTokenValue="5"/>
  <Layer Name="Guts_Utility_Upper" Parent="" Id="41" Specs="-1"/>
  <Layer Name="Guts_CargoBayTransition" Parent="" Id="42" Specs="-1"/>
  <Layer Name="Guts_Arboretum" Parent="" Id="43" Specs="-1"/>
  <Layer Name="GUTs_Props_Unload" Parent="" Id="44" Specs="-1"/>
  <Layer Name="Guts_Utility_Fan" Parent="" Id="45" Specs="-1"/>
 </Layers>
 <Vegetation />
 <MaterialsLibrary>
  <Library Name="Level"/>
 </MaterialsLibrary>
 <ParticlesLibrary>
  <Library Name="LevelShared"/>
  <Library Name="PlayerWeapons"/>
  <Library Name="LevelSpecific"/>
  <Library Name="FogCards"/>
  <Library Name="MaterialEffects"/>
  <Library Name="Interactables"/>
  <Library Name="Characters"/>
  <Library Name="Screen"/>
  <Library Name="Player"/>
 </ParticlesLibrary>
 <GameTokensLibraryReferences>
  <Library Name="GT_Global"/>
  <Library Name="GT_GameTime"/>
  <Library Name="GT_GlobalStrings"/>
 </GameTokensLibraryReferences>
</LevelData>
