<MovieData>
 <Mission Name="Mission0">
  <SequenceData>
   <Sequence SequenceVersion="3" Name="Mag_EMP" Flags="0" StartTime="0" EndTime="5" ID="0" ConversationID="DEDEDEDEDEDEDEDE">
    <Nodes>
     <Node Id="1" Type="Entity" Name="EnvironmentProbe_Magneto_1" Flags="0" paramIdVersion="9" EntityGUID="44FAD20DEA06F4FE">
      <Track paramUserValue="ScriptTable:Properties/Color/fDiffuseMultiplier" paramType="ByString" Type="4" Flags="0" defaultValue="0,2" HasCustomColor="0" ValueType="0">
       <Key time="0" value="0,2" flags="73" ds="1,0" dd="0.1,0"/>
       <Key time="0.1" value="0.1,0.25" flags="73" ds="0.099999994,0" dd="0.16666667,0"/>
       <Key time="3" value="3,0.25" flags="73" ds="0.9666667,0" dd="0.9666667,0"/>
       <Key time="5" value="5,2" flags="73" ds="0.66666669,0" dd="0.66666669,0"/>
      </Track>
     </Node>
    </Nodes>
    <Events />
   </Sequence>
   <Sequence SequenceVersion="3" Name="FuelRoomProbeON" Flags="0" StartTime="0" EndTime="1" ID="0" ConversationID="DEDEDEDEDEDEDEDE">
    <Nodes>
     <Node Id="1" Type="Entity" Name="EnvironmentProbe_TOD_Fuel_Room" Flags="0" paramIdVersion="9" EntityGUID="434D6635EEC6B1E0">
      <Track paramUserValue="ScriptTable:Properties/Color/fSpecularMultiplier" paramType="ByString" Type="4" Flags="0" defaultValue="0,1" HasCustomColor="0" ValueType="0">
       <Key time="0" value="0,0.5" flags="73" ds="1,0" dd="1,0"/>
       <Key time="1" value="1,1" flags="73" ds="0.33333334,0" dd="0.33333334,0"/>
      </Track>
     </Node>
    </Nodes>
    <Events />
   </Sequence>
   <Sequence SequenceVersion="3" Name="Cargo_Transit" Flags="5" StartTime="0" EndTime="83" ID="0" ConversationID="DEDEDEDEDEDEDEDE">
    <Nodes>
     <Node Id="1" Type="Entity" Name="CargoTransport1" Flags="8" paramIdVersion="9" EntityGUID="45EAE14A9F2136BE">
      <Track paramType="Position" Type="4" Flags="0" HasCustomColor="0" ValueType="1">
       <NewSubTrack Flags="0" defaultValue="0,69.657486" HasCustomColor="0">
        <Key time="0" value="0,27.709999" flags="73" ds="1,0" dd="1,0"/>
        <Key time="10" value="10,27.709999" flags="73" ds="3.3333335,0" dd="0.5,0"/>
        <Key time="10.5" value="10.5,27.909998" flags="73" ds="0.16666667,0" dd="0.16666667,0"/>
        <Key time="12.492799" value="12.492799,48.789215" flags="73" ds="0.66426629,0" dd="0.66426629,0"/>
        <Key time="14.996479" value="14.996479,69.039215" flags="73" ds="0.8345601,0" dd="0.50175953,0"/>
        <Key time="15.498239" value="15.498239,69.714218" flags="73" ds="0.16725318,0" dd="0.16725318,0"/>
        <Key time="40" value="40,69.714218" flags="73" ds="8.1672544,0" dd="1,0"/>
        <Key time="41" value="41,68.714188" flags="73" ds="0.33333334,0" dd="0.33333334,0"/>
        <Key time="66" value="66,68.714188" flags="73" ds="8.333334,0" dd="0.5,0"/>
        <Key time="66.5" value="66.5,68.014191" flags="73" ds="0.16666667,0" dd="0.16666667,0"/>
        <Key time="69.498215" value="69.498215,47.964188" flags="73" ds="0.66853082,0" dd="0.66853082,0"/>
        <Key time="71.5" value="71.5,27.301607" flags="73" ds="0.66726178,0" dd="0.5,0"/>
        <Key time="72" value="72,26.701591" flags="73" ds="0.16666667,0" dd="0.16666667,0"/>
        <Key time="82" value="82,26.701591" flags="73" ds="3.3333335,0" dd="1,0"/>
        <Key time="83" value="83,27.706591" flags="73" ds="0.33333334,0" dd="0.33333334,0"/>
       </NewSubTrack>
       <NewSubTrack Flags="0" defaultValue="0,452.60001" HasCustomColor="0">
        <Key time="0" value="0,452.60001" flags="73" ds="1,0" dd="1,0"/>
        <Key time="10" value="10,452.60001" flags="73" ds="3.3333335,0" dd="0.5,0"/>
        <Key time="10.5" value="10.5,452.60001" flags="73" ds="0.16666667,0" dd="0.16666667,0"/>
        <Key time="12.492799" value="12.492799,452.60001" flags="73" ds="0.66426629,0" dd="0.66426629,0"/>
        <Key time="14.996479" value="14.996479,452.60001" flags="73" ds="0.8345601,0" dd="0.50175953,0"/>
        <Key time="15.498239" value="15.498239,452.60001" flags="73" ds="0.16725318,0" dd="0.16725318,0"/>
        <Key time="40" value="40,452.60001" flags="73" ds="8.1672544,0" dd="1,0"/>
        <Key time="41" value="41,452.59998" flags="73" ds="0.33333334,0" dd="0.33333334,0"/>
        <Key time="66" value="66,452.59998" flags="73" ds="8.333334,0" dd="0.5,0"/>
        <Key time="66.5" value="66.5,452.59998" flags="73" ds="0.16666667,0" dd="0.16666667,0"/>
        <Key time="69.498215" value="69.498215,452.59998" flags="73" ds="0.66853082,0" dd="0.66853082,0"/>
        <Key time="71.5" value="71.5,452.59998" flags="73" ds="0.66726178,0" dd="0.5,0"/>
        <Key time="72" value="72,452.59998" flags="73" ds="0.16666667,0" dd="0.16666667,0"/>
        <Key time="82" value="82,452.59998" flags="73" ds="3.3333335,0" dd="1,0"/>
        <Key time="83" value="83,452.59998" flags="73" ds="0.33333334,0" dd="0.33333334,0"/>
       </NewSubTrack>
       <NewSubTrack Flags="0" defaultValue="0,713.45251" HasCustomColor="0">
        <Key time="0" value="0,590" flags="73" ds="1,0" dd="1,0"/>
        <Key time="10" value="10,745.90002" flags="73" ds="3.3333335,0" dd="0.5,0"/>
        <Key time="10.5" value="10.5,747.00006" flags="73" ds="0.16666667,0" dd="0.16666667,0"/>
        <Key time="12.492799" value="12.492799,760.02502" flags="73" ds="0.66426629,0" dd="0.66426629,0"/>
        <Key time="14.996479" value="14.996479,760.02502" flags="73" ds="0.8345601,0" dd="0.50175953,0"/>
        <Key time="15.498239" value="15.498239,760.72504" flags="73" ds="0.16725318,0" dd="0.16725318,0"/>
        <Key time="40" value="40,1102.9751" flags="73" ds="8.1672544,0" dd="1,0"/>
        <Key time="41" value="41,1102.9751" flags="73" ds="0.33333334,0" dd="0.33333334,0"/>
        <Key time="66" value="66,761.5" flags="73" ds="8.333334,0" dd="0.5,0"/>
        <Key time="66.5" value="66.5,760.72504" flags="73" ds="0.16666667,0" dd="0.16666667,0"/>
        <Key time="69.498215" value="69.498215,760.72504" flags="73" ds="0.66853082,0" dd="0.66853082,0"/>
        <Key time="71.5" value="71.5,747.78949" flags="73" ds="0.66726178,0" dd="0.5,0"/>
        <Key time="72" value="72,746.91449" flags="73" ds="0.16666667,0" dd="0.16666667,0"/>
        <Key time="82" value="82,589.53955" flags="73" ds="3.3333335,0" dd="1,0"/>
        <Key time="83" value="83,590.00452" flags="73" ds="0.33333334,0" dd="0.33333334,0"/>
       </NewSubTrack>
      </Track>
      <Track paramType="Rotation" Type="4" Flags="0" HasCustomColor="0" ValueType="2">
       <NewSubTrack Flags="0" defaultValue="0,0" HasCustomColor="0">
        <Key time="0" value="0,0" flags="73" ds="1,0" dd="1,0"/>
        <Key time="10" value="10,0" flags="73" ds="3.3333335,0" dd="0.5,0"/>
        <Key time="10.5" value="10.5,-2.0355543e-13" flags="73" ds="0.16666667,0" dd="0.16666667,0"/>
        <Key time="12.492799" value="12.492799,0" flags="73" ds="0.66426629,0" dd="0.66426629,0"/>
        <Key time="15" value="15,0" flags="73" ds="0.83573377,0" dd="0.49823856,0"/>
        <Key time="15.498239" value="15.498239,1.4908851e-16" flags="73" ds="0.16607952,0" dd="0.16607952,0"/>
        <Key time="40" value="40,1.4908851e-16" flags="73" ds="8.1672544,0" dd="1,0"/>
        <Key time="41" value="41,179.99998" flags="73" ds="0.33333334,0" dd="0.33333334,0"/>
        <Key time="66" value="66,179.99998" flags="73" ds="8.333334,0" dd="0.5,0"/>
        <Key time="66.5" value="66.5,0" flags="73" ds="0.16666667,0" dd="0.16666667,0"/>
        <Key time="69.500488" value="69.500488,0" flags="73" ds="0.66666669,0" dd="0.66666669,0"/>
        <Key time="71.5" value="71.5,-180.00002" flags="73" ds="0.66650391,0" dd="0.5,0"/>
        <Key time="72" value="72,-179.99998" flags="73" ds="0.16666667,0" dd="0.16666667,0"/>
        <Key time="82" value="82,-179.99998" flags="73" ds="3.3333335,0" dd="1,0"/>
        <Key time="83" value="83,-2.2311799e-05" flags="73" ds="0.33333334,0" dd="0.33333334,0"/>
       </NewSubTrack>
       <NewSubTrack Flags="0" defaultValue="0,-0" HasCustomColor="0">
        <Key time="0" value="0,-0" flags="73" ds="1,0" dd="1,0"/>
        <Key time="10" value="10,-0" flags="73" ds="3.3333335,0" dd="0.5,0"/>
        <Key time="10.5" value="10.5,59.999985" flags="73" ds="0.16666667,0" dd="0.16666667,0"/>
        <Key time="12.492799" value="12.492799,89.980209" flags="73" ds="0.66426629,0" dd="0.66426629,0"/>
        <Key time="15" value="15,89.980209" flags="73" ds="0.83573377,0" dd="0.49823856,0"/>
        <Key time="15.498239" value="15.498239,-0.019783642" flags="73" ds="0.16607952,0" dd="0.16607952,0"/>
        <Key time="40" value="40,-0.019783642" flags="73" ds="8.1672544,0" dd="1,0"/>
        <Key time="41" value="41,0" flags="73" ds="0.33333334,0" dd="0.33333334,0"/>
        <Key time="66" value="66,0" flags="73" ds="8.333334,0" dd="0.5,0"/>
        <Key time="66.5" value="66.5,-89.980209" flags="73" ds="0.16666667,0" dd="0.16666667,0"/>
        <Key time="69.500488" value="69.500488,-89.980209" flags="73" ds="0.66666669,0" dd="0.66666669,0"/>
        <Key time="71.5" value="71.5,-55.019753" flags="73" ds="0.66650391,0" dd="0.5,0"/>
        <Key time="72" value="72,0" flags="73" ds="0.16666667,0" dd="0.16666667,0"/>
        <Key time="82" value="82,0" flags="73" ds="3.3333335,0" dd="1,0"/>
        <Key time="83" value="83,-5.0089557e-06" flags="73" ds="0.33333334,0" dd="0.33333334,0"/>
       </NewSubTrack>
       <NewSubTrack Flags="0" defaultValue="0,0" HasCustomColor="0">
        <Key time="0" value="0,3.4150944e-06" flags="73" ds="1,0" dd="1,0"/>
        <Key time="10" value="10,3.4150944e-06" flags="73" ds="3.3333335,0" dd="0.5,0"/>
        <Key time="10.5" value="10.5,3.4150939e-06" flags="73" ds="0.16666667,0" dd="0.16666667,0"/>
        <Key time="12.492799" value="12.492799,3.4150937e-06" flags="73" ds="0.66426629,0" dd="0.66426629,0"/>
        <Key time="15" value="15,3.4150937e-06" flags="73" ds="0.83573377,0" dd="0.49823856,0"/>
        <Key time="15.498239" value="15.498239,3.4150935e-06" flags="73" ds="0.16607952,0" dd="0.16607952,0"/>
        <Key time="40" value="40,3.4150935e-06" flags="73" ds="8.1672544,0" dd="1,0"/>
        <Key time="41" value="41,-180.00002" flags="73" ds="0.33333334,0" dd="0.33333334,0"/>
        <Key time="66" value="66,-180.00002" flags="73" ds="8.333334,0" dd="0.5,0"/>
        <Key time="66.5" value="66.5,-2.2311799e-05" flags="73" ds="0.16666667,0" dd="0.16666667,0"/>
        <Key time="69.500488" value="69.500488,-2.2311799e-05" flags="73" ds="0.66666669,0" dd="0.66666669,0"/>
        <Key time="71.5" value="71.5,179.99995" flags="73" ds="0.66650391,0" dd="0.5,0"/>
        <Key time="72" value="72,179.99989" flags="73" ds="0.16666667,0" dd="0.16666667,0"/>
        <Key time="82" value="82,179.99989" flags="73" ds="3.3333335,0" dd="1,0"/>
        <Key time="83" value="83,-0.00010427406" flags="73" ds="0.33333334,0" dd="0.33333334,0"/>
       </NewSubTrack>
      </Track>
      <Track paramType="Event" Type="-1" Flags="0" StartTime="0" EndTime="83" HasCustomColor="0" ValueType="-1"/>
     </Node>
    </Nodes>
    <Events />
   </Sequence>
   <Sequence SequenceVersion="3" Name="TV_FuelRoom_Bracket" Flags="0" StartTime="0" EndTime="10" ID="0" ConversationID="DEDEDEDEDEDEDEDE">
    <Nodes>
     <Node Id="1" Type="Entity" Name="beams_structure_a_bracket1" Flags="0" paramIdVersion="9" EntityGUID="44B651920C487C53">
      <Track paramType="Position" Type="4" Flags="0" HasCustomColor="0" ValueType="1">
       <NewSubTrack Flags="0" defaultValue="0,17.966505" HasCustomColor="0">
        <Key time="0.19999999" value="0.19999999,18.057587" flags="73" ds="1,0" dd="1,0"/>
       </NewSubTrack>
       <NewSubTrack Flags="0" defaultValue="0,410.11902" HasCustomColor="0">
        <Key time="0.19999999" value="0.19999999,410.72394" flags="73" ds="1,0" dd="1,0"/>
       </NewSubTrack>
       <NewSubTrack Flags="0" defaultValue="0,604.41003" HasCustomColor="0">
        <Key time="0.19999999" value="0.19999999,604.53625" flags="73" ds="1,0" dd="1,0"/>
       </NewSubTrack>
      </Track>
      <Track paramType="Rotation" Type="4" Flags="0" HasCustomColor="0" ValueType="2">
       <NewSubTrack Flags="0" defaultValue="0,0" HasCustomColor="0">
        <Key time="0" value="0,0" flags="73" ds="1,0" dd="0.19999999,0"/>
        <Key time="0.19999999" value="0.19999999,62.551785" flags="73" ds="0.17333333,0" dd="0.17333333,0"/>
       </NewSubTrack>
       <NewSubTrack Flags="0" defaultValue="0,-0" HasCustomColor="0">
        <Key time="0" value="0,-0" flags="73" ds="1,0" dd="0.19999999,0"/>
        <Key time="0.19999999" value="0.19999999,-38.866394" flags="73" ds="0.17333333,0" dd="0.17333333,0"/>
       </NewSubTrack>
       <NewSubTrack Flags="0" defaultValue="0,0" HasCustomColor="0">
        <Key time="0" value="0,0" flags="73" ds="1,0" dd="0.19999999,0"/>
        <Key time="0.19999999" value="0.19999999,34.355015" flags="73" ds="0.17333333,0" dd="0.17333333,0"/>
       </NewSubTrack>
      </Track>
      <Track paramType="Event" Type="-1" Flags="0" StartTime="0" EndTime="10" HasCustomColor="0" ValueType="-1"/>
     </Node>
    </Nodes>
    <Events />
   </Sequence>
   <Sequence SequenceVersion="3" Name="FuelRoomProbeOFF" Flags="0" StartTime="0" EndTime="1" ID="0" ConversationID="DEDEDEDEDEDEDEDE">
    <Nodes>
     <Node Id="1" Type="Entity" Name="EnvironmentProbe_TOD_Fuel_Room" Flags="0" paramIdVersion="9" EntityGUID="434D6635EEC6B1E0">
      <Track paramUserValue="ScriptTable:Properties/Color/fSpecularMultiplier" paramType="ByString" Type="4" Flags="0" defaultValue="0,1" HasCustomColor="0" ValueType="0">
       <Key time="0" value="0,1" flags="73" ds="1,0" dd="1,0"/>
       <Key time="1" value="1,0.5" flags="73" ds="0.33333334,0" dd="0.33333334,0"/>
      </Track>
     </Node>
    </Nodes>
    <Events />
   </Sequence>
  </SequenceData>
 </Mission>
</MovieData>
