<EntitySerialization>
 <Entity id="1"/>
 <Entity id="2"/>
 <Entity id="3"/>
 <Entity id="4"/>
 <Entity id="5"/>
 <Entity id="6"/>
 <Entity id="7"/>
 <Entity id="8"/>
 <Entity id="9"/>
 <Entity id="10"/>
 <Entity id="11"/>
 <Entity id="12"/>
 <Entity id="13"/>
 <Entity id="14"/>
 <Entity id="15"/>
 <Entity id="16"/>
 <Entity id="17"/>
 <Entity id="18"/>
 <Entity id="19"/>
 <Entity id="20"/>
 <Entity id="21"/>
 <Entity id="22"/>
 <Entity id="23"/>
 <Entity id="24"/>
 <Entity id="25"/>
 <Entity id="26"/>
 <Entity id="27"/>
 <Entity id="28"/>
 <Entity id="29"/>
 <Entity id="30"/>
 <Entity id="31"/>
 <Entity id="32"/>
 <Entity id="33"/>
 <Entity id="34"/>
 <Entity id="35"/>
 <Entity id="36"/>
 <Entity id="37"/>
 <Entity id="38"/>
 <Entity id="39"/>
 <Entity id="40"/>
 <Entity id="41"/>
 <Entity id="42"/>
 <Entity id="43"/>
 <Entity id="44"/>
 <Entity id="45"/>
 <Entity id="46"/>
 <Entity id="47"/>
 <Entity id="48"/>
 <Entity id="49"/>
 <Entity id="50"/>
 <Entity id="51"/>
 <Entity id="52"/>
 <Entity id="53"/>
 <Entity id="54"/>
 <Entity id="55"/>
 <Entity id="56"/>
 <Entity id="57"/>
 <Entity id="58"/>
 <Entity id="59"/>
 <Entity id="60"/>
 <Entity id="61"/>
 <Entity id="62"/>
 <Entity id="63"/>
 <Entity id="64"/>
 <Entity id="65"/>
 <Entity id="66"/>
 <Entity id="67"/>
 <Entity id="68"/>
 <Entity id="69"/>
 <Entity id="70"/>
 <Entity id="71"/>
 <Entity id="72"/>
 <Entity id="73"/>
 <Entity id="74"/>
 <Entity id="75"/>
 <Entity id="76"/>
 <Entity id="77"/>
 <Entity id="78"/>
 <Entity id="79"/>
 <Entity id="80"/>
 <Entity id="81"/>
 <Entity id="82"/>
 <Entity id="83"/>
 <Entity id="84"/>
 <Entity id="85"/>
 <Entity id="86"/>
 <Entity id="87"/>
 <Entity id="88"/>
 <Entity id="89"/>
 <Entity id="90"/>
 <Entity id="91"/>
 <Entity id="92"/>
 <Entity id="93"/>
 <Entity id="94"/>
 <Entity id="95"/>
 <Entity id="96"/>
 <Entity id="97"/>
 <Entity id="98"/>
 <Entity id="99"/>
 <Entity id="100"/>
 <Entity id="101"/>
 <Entity id="102"/>
 <Entity id="103"/>
 <Entity id="104"/>
 <Entity id="105"/>
 <Entity id="106"/>
 <Entity id="107"/>
 <Entity id="108"/>
 <Entity id="109"/>
 <Entity id="110"/>
 <Entity id="111"/>
 <Entity id="112"/>
 <Entity id="113"/>
 <Entity id="114"/>
 <Entity id="115"/>
 <Entity id="116"/>
 <Entity id="117"/>
 <Entity id="118"/>
 <Entity id="119"/>
 <Entity id="120"/>
 <Entity id="121"/>
 <Entity id="122"/>
 <Entity id="123"/>
 <Entity id="124"/>
 <Entity id="125"/>
 <Entity id="126"/>
 <Entity id="127"/>
 <Entity id="128"/>
 <Entity id="129"/>
 <Entity id="130"/>
 <Entity id="131"/>
 <Entity id="132"/>
 <Entity id="133"/>
 <Entity id="134"/>
 <Entity id="135"/>
 <Entity id="136"/>
 <Entity id="137"/>
 <Entity id="138"/>
 <Entity id="139"/>
 <Entity id="140"/>
 <Entity id="141"/>
 <Entity id="142"/>
 <Entity id="143"/>
 <Entity id="144"/>
 <Entity id="145"/>
 <Entity id="146"/>
 <Entity id="147"/>
 <Entity id="148"/>
 <Entity id="149"/>
 <Entity id="150"/>
 <Entity id="151"/>
 <Entity id="152"/>
 <Entity id="153"/>
 <Entity id="154"/>
 <Entity id="155"/>
 <Entity id="156"/>
 <Entity id="157"/>
 <Entity id="158"/>
 <Entity id="159"/>
 <Entity id="160"/>
 <Entity id="161"/>
 <Entity id="162"/>
 <Entity id="163"/>
 <Entity id="164"/>
 <Entity id="165"/>
 <Entity id="166"/>
 <Entity id="167"/>
 <Entity id="168"/>
 <Entity id="169"/>
 <Entity id="170"/>
 <Entity id="171"/>
 <Entity id="172"/>
 <Entity id="173"/>
 <Entity id="174"/>
 <Entity id="175"/>
 <Entity id="176"/>
 <Entity id="177"/>
 <Entity id="178"/>
 <Entity id="179"/>
 <Entity id="180"/>
 <Entity id="181"/>
 <Entity id="182"/>
 <Entity id="183"/>
 <Entity id="184"/>
 <Entity id="185"/>
 <Entity id="186"/>
 <Entity id="187"/>
 <Entity id="188"/>
 <Entity id="189"/>
 <Entity id="190"/>
 <Entity id="191"/>
 <Entity id="192"/>
 <Entity id="193"/>
 <Entity id="194"/>
 <Entity id="195"/>
 <Entity id="196"/>
 <Entity id="197"/>
 <Entity id="198"/>
 <Entity id="199"/>
 <Entity id="200"/>
 <Entity id="201"/>
 <Entity id="202"/>
 <Entity id="203"/>
 <Entity id="204"/>
 <Entity id="205"/>
 <Entity id="206"/>
 <Entity id="207"/>
 <Entity id="208"/>
 <Entity id="209"/>
 <Entity id="210"/>
 <Entity id="211"/>
 <Entity id="212"/>
 <Entity id="213"/>
 <Entity id="214"/>
 <Entity id="215"/>
 <Entity id="216"/>
 <Entity id="217"/>
 <Entity id="218"/>
 <Entity id="219"/>
 <Entity id="220"/>
 <Entity id="221"/>
 <Entity id="222"/>
 <Entity id="223"/>
 <Entity id="224"/>
 <Entity id="225"/>
 <Entity id="226"/>
 <Entity id="227"/>
 <Entity id="228"/>
 <Entity id="229"/>
 <Entity id="230"/>
 <Entity id="231"/>
 <Entity id="232"/>
 <Entity id="233"/>
 <Entity id="234"/>
 <Entity id="235"/>
 <Entity id="236"/>
 <Entity id="237"/>
 <Entity id="238"/>
 <Entity id="239"/>
 <Entity id="240"/>
 <Entity id="241"/>
 <Entity id="242"/>
 <Entity id="243"/>
 <Entity id="244"/>
 <Entity id="245"/>
 <Entity id="246"/>
 <Entity id="247"/>
 <Entity id="248"/>
 <Entity id="249"/>
 <Entity id="250"/>
 <Entity id="251"/>
 <Entity id="252"/>
 <Entity id="253"/>
 <Entity id="254"/>
 <Entity id="255"/>
 <Entity id="256"/>
 <Entity id="257"/>
 <Entity id="258"/>
 <Entity id="259"/>
 <Entity id="260"/>
 <Entity id="261"/>
 <Entity id="262"/>
 <Entity id="263"/>
 <Entity id="264"/>
 <Entity id="265"/>
 <Entity id="266"/>
 <Entity id="267"/>
 <Entity id="268"/>
 <Entity id="269"/>
 <Entity id="270"/>
 <Entity id="271"/>
 <Entity id="272"/>
 <Entity id="273"/>
 <Entity id="274"/>
 <Entity id="275"/>
 <Entity id="276"/>
 <Entity id="277"/>
 <Entity id="278"/>
 <Entity id="279"/>
 <Entity id="280"/>
 <Entity id="281"/>
 <Entity id="282"/>
 <Entity id="283"/>
 <Entity id="284"/>
 <Entity id="285"/>
 <Entity id="286"/>
 <Entity id="287"/>
 <Entity id="288"/>
 <Entity id="289"/>
 <Entity id="292"/>
 <Entity id="293"/>
 <Entity id="299"/>
 <Entity id="301"/>
 <Entity id="302"/>
 <Entity id="306"/>
 <Entity id="312"/>
 <Entity id="314"/>
 <Entity id="317"/>
 <Entity id="318"/>
 <Entity id="319"/>
 <Entity id="320"/>
 <Entity id="321"/>
 <Entity id="322"/>
 <Entity id="323"/>
 <Entity id="324"/>
 <Entity id="325"/>
 <Entity id="326"/>
 <Entity id="328"/>
 <Entity id="329"/>
 <Entity id="330"/>
 <Entity id="331"/>
 <Entity id="333"/>
 <Entity id="334"/>
 <Entity id="335"/>
 <Entity id="337"/>
 <Entity id="338"/>
 <Entity id="339"/>
 <Entity id="340"/>
 <Entity id="341"/>
 <Entity id="342"/>
 <Entity id="343"/>
 <Entity id="344"/>
 <Entity id="345"/>
 <Entity id="346"/>
 <Entity id="347"/>
 <Entity id="348"/>
 <Entity id="349"/>
 <Entity id="350"/>
 <Entity id="351"/>
 <Entity id="352"/>
 <Entity id="353"/>
 <Entity id="354"/>
 <Entity id="355"/>
 <Entity id="356"/>
 <Entity id="357"/>
 <Entity id="358"/>
 <Entity id="359"/>
 <Entity id="360"/>
 <Entity id="361"/>
 <Entity id="362"/>
 <Entity id="363"/>
 <Entity id="364"/>
 <Entity id="365"/>
 <Entity id="366"/>
 <Entity id="367"/>
 <Entity id="368"/>
 <Entity id="369"/>
 <Entity id="370"/>
 <Entity id="371"/>
 <Entity id="372"/>
 <Entity id="373"/>
 <Entity id="374"/>
 <Entity id="375"/>
 <Entity id="376"/>
 <Entity id="377"/>
 <Entity id="378"/>
 <Entity id="379"/>
 <Entity id="380"/>
 <Entity id="381"/>
 <Entity id="382"/>
 <Entity id="383"/>
 <Entity id="384"/>
 <Entity id="385"/>
 <Entity id="386"/>
 <Entity id="387"/>
 <Entity id="388"/>
 <Entity id="389"/>
 <Entity id="390"/>
 <Entity id="392"/>
 <Entity id="393"/>
 <Entity id="394"/>
 <Entity id="395"/>
 <Entity id="396"/>
 <Entity id="397"/>
 <Entity id="398"/>
 <Entity id="399"/>
 <Entity id="400"/>
 <Entity id="401"/>
 <Entity id="402"/>
 <Entity id="403"/>
 <Entity id="404"/>
 <Entity id="405"/>
 <Entity id="406"/>
 <Entity id="407"/>
 <Entity id="408"/>
 <Entity id="409"/>
 <Entity id="420"/>
 <Entity id="421"/>
 <Entity id="422"/>
 <Entity id="423"/>
 <Entity id="424"/>
 <Entity id="425"/>
 <Entity id="426"/>
 <Entity id="427"/>
 <Entity id="428"/>
 <Entity id="429"/>
 <Entity id="432"/>
 <Entity id="434"/>
 <Entity id="435"/>
 <Entity id="436"/>
 <Entity id="437"/>
 <Entity id="438"/>
 <Entity id="439"/>
 <Entity id="440"/>
 <Entity id="441"/>
 <Entity id="444"/>
 <Entity id="446"/>
 <Entity id="448"/>
 <Entity id="451"/>
 <Entity id="452"/>
 <Entity id="453"/>
 <Entity id="454"/>
 <Entity id="459"/>
 <Entity id="462"/>
 <Entity id="464"/>
 <Entity id="471"/>
 <Entity id="473"/>
 <Entity id="474"/>
 <Entity id="478"/>
 <Entity id="480"/>
 <Entity id="483"/>
 <Entity id="484"/>
 <Entity id="485"/>
 <Entity id="486"/>
 <Entity id="487"/>
 <Entity id="489"/>
 <Entity id="491"/>
 <Entity id="492"/>
 <Entity id="493"/>
 <Entity id="494"/>
 <Entity id="495"/>
 <Entity id="496"/>
 <Entity id="497"/>
 <Entity id="498"/>
 <Entity id="499"/>
 <Entity id="500"/>
 <Entity id="501"/>
 <Entity id="502"/>
 <Entity id="503"/>
 <Entity id="504"/>
 <Entity id="505"/>
 <Entity id="506"/>
 <Entity id="507"/>
 <Entity id="508"/>
 <Entity id="509"/>
 <Entity id="516"/>
 <Entity id="523"/>
 <Entity id="524"/>
 <Entity id="528"/>
 <Entity id="532"/>
 <Entity id="533"/>
 <Entity id="534"/>
 <Entity id="536"/>
 <Entity id="539"/>
 <Entity id="540"/>
 <Entity id="541"/>
 <Entity id="564"/>
 <Entity id="581"/>
 <Entity id="593"/>
 <Entity id="597"/>
 <Entity id="610"/>
 <Entity id="611"/>
 <Entity id="616"/>
 <Entity id="628"/>
 <Entity id="633"/>
 <Entity id="637"/>
 <Entity id="639"/>
 <Entity id="640"/>
 <Entity id="655"/>
 <Entity id="658"/>
 <Entity id="668"/>
 <Entity id="676"/>
 <Entity id="684"/>
 <Entity id="699"/>
 <Entity id="703"/>
 <Entity id="734"/>
 <Entity id="735"/>
 <Entity id="770"/>
 <Entity id="773"/>
 <Entity id="776"/>
 <Entity id="799"/>
 <Entity id="803"/>
 <Entity id="814"/>
 <Entity id="815"/>
 <Entity id="827"/>
 <Entity id="835"/>
 <Entity id="842"/>
 <Entity id="851"/>
 <Entity id="852"/>
 <Entity id="863"/>
 <Entity id="864"/>
 <Entity id="881"/>
 <Entity id="893"/>
 <Entity id="908"/>
 <Entity id="913"/>
 <Entity id="925"/>
 <Entity id="926"/>
 <Entity id="928"/>
 <Entity id="934"/>
 <Entity id="943"/>
 <Entity id="948"/>
 <Entity id="950"/>
 <Entity id="953"/>
 <Entity id="959"/>
 <Entity id="982"/>
 <Entity id="983"/>
 <Entity id="985"/>
 <Entity id="1007"/>
 <Entity id="1016"/>
 <Entity id="1018"/>
 <Entity id="1019"/>
 <Entity id="1034"/>
 <Entity id="1051"/>
 <Entity id="1054"/>
 <Entity id="1055"/>
 <Entity id="1056"/>
 <Entity id="1057"/>
 <Entity id="1058"/>
 <Entity id="1059"/>
 <Entity id="1060"/>
 <Entity id="1061"/>
 <Entity id="1062"/>
 <Entity id="1063"/>
 <Entity id="1065"/>
 <Entity id="1066"/>
 <Entity id="1067"/>
 <Entity id="1068"/>
 <Entity id="1070"/>
 <Entity id="1071"/>
 <Entity id="1072"/>
 <Entity id="1073"/>
 <Entity id="1074"/>
 <Entity id="1076"/>
 <Entity id="1077"/>
 <Entity id="1079"/>
 <Entity id="1081"/>
 <Entity id="1088"/>
 <Entity id="1090"/>
 <Entity id="1091"/>
 <Entity id="1092"/>
 <Entity id="1093"/>
 <Entity id="1095"/>
 <Entity id="1097"/>
 <Entity id="1098"/>
 <Entity id="1099"/>
 <Entity id="1100"/>
 <Entity id="1101"/>
 <Entity id="1102"/>
 <Entity id="1103"/>
 <Entity id="1104"/>
 <Entity id="1105"/>
 <Entity id="1107"/>
 <Entity id="1108"/>
 <Entity id="1109"/>
 <Entity id="1110"/>
 <Entity id="1111"/>
 <Entity id="1112"/>
 <Entity id="1113"/>
 <Entity id="1114"/>
 <Entity id="1115"/>
 <Entity id="1116"/>
 <Entity id="1117"/>
 <Entity id="1118"/>
 <Entity id="1119"/>
 <Entity id="1120"/>
 <Entity id="1123"/>
 <Entity id="1124"/>
 <Entity id="1125"/>
 <Entity id="1126"/>
 <Entity id="1129"/>
 <Entity id="1131"/>
 <Entity id="1132"/>
 <Entity id="1133"/>
 <Entity id="1136"/>
 <Entity id="1137"/>
 <Entity id="1138"/>
 <Entity id="1139"/>
 <Entity id="1141"/>
 <Entity id="1143"/>
 <Entity id="1145"/>
 <Entity id="1147"/>
 <Entity id="1148"/>
 <Entity id="1149"/>
 <Entity id="1150"/>
 <Entity id="1151"/>
 <Entity id="1152"/>
 <Entity id="1153"/>
 <Entity id="1154"/>
 <Entity id="1155"/>
 <Entity id="1156"/>
 <Entity id="1157"/>
 <Entity id="1158"/>
 <Entity id="1159"/>
 <Entity id="1160"/>
 <Entity id="1161"/>
 <Entity id="1162"/>
 <Entity id="1163"/>
 <Entity id="1164"/>
 <Entity id="1165"/>
 <Entity id="1166"/>
 <Entity id="1167"/>
 <Entity id="1168"/>
 <Entity id="1170"/>
 <Entity id="1171"/>
 <Entity id="1173"/>
 <Entity id="1174"/>
 <Entity id="1176"/>
 <Entity id="1177"/>
 <Entity id="1178"/>
 <Entity id="1179"/>
 <Entity id="1180"/>
 <Entity id="1183"/>
 <Entity id="1185"/>
 <Entity id="1187"/>
 <Entity id="1188"/>
 <Entity id="1189"/>
 <Entity id="1190"/>
 <Entity id="1192"/>
 <Entity id="1193"/>
 <Entity id="1194"/>
 <Entity id="1197"/>
 <Entity id="1198"/>
 <Entity id="1201"/>
 <Entity id="1202"/>
 <Entity id="1203"/>
 <Entity id="1204"/>
 <Entity id="1206"/>
 <Entity id="1208"/>
 <Entity id="1213"/>
 <Entity id="1214"/>
 <Entity id="1217"/>
 <Entity id="1219"/>
 <Entity id="1220"/>
 <Entity id="1222"/>
 <Entity id="1223"/>
 <Entity id="1224"/>
 <Entity id="1225"/>
 <Entity id="1226"/>
 <Entity id="1227"/>
 <Entity id="1229"/>
 <Entity id="1230"/>
 <Entity id="1231"/>
 <Entity id="1233"/>
 <Entity id="1235"/>
 <Entity id="1236"/>
 <Entity id="1237"/>
 <Entity id="1238"/>
 <Entity id="1239"/>
 <Entity id="1241"/>
 <Entity id="1242"/>
 <Entity id="1243"/>
 <Entity id="1244"/>
 <Entity id="1245"/>
 <Entity id="1248"/>
 <Entity id="1250"/>
 <Entity id="1255"/>
 <Entity id="1256"/>
 <Entity id="1257"/>
 <Entity id="1259"/>
 <Entity id="1261"/>
 <Entity id="1265"/>
 <Entity id="1266"/>
 <Entity id="1267"/>
 <Entity id="1268"/>
 <Entity id="1271"/>
 <Entity id="1273"/>
 <Entity id="1276"/>
 <Entity id="1277"/>
 <Entity id="1278"/>
 <Entity id="1279"/>
 <Entity id="1281"/>
 <Entity id="1282"/>
 <Entity id="1284"/>
 <Entity id="1286"/>
 <Entity id="1288"/>
 <Entity id="1289"/>
 <Entity id="1290"/>
 <Entity id="1291"/>
 <Entity id="1292"/>
 <Entity id="1294"/>
 <Entity id="1295"/>
 <Entity id="1300"/>
 <Entity id="1301"/>
 <Entity id="1305"/>
 <Entity id="1309"/>
 <Entity id="1310"/>
 <Entity id="1312"/>
 <Entity id="1314"/>
 <Entity id="1315"/>
 <Entity id="1317"/>
 <Entity id="1318"/>
 <Entity id="1319"/>
 <Entity id="1320"/>
 <Entity id="1322"/>
 <Entity id="1324"/>
 <Entity id="1325"/>
 <Entity id="1326"/>
 <Entity id="1327"/>
 <Entity id="1328"/>
 <Entity id="1329"/>
 <Entity id="1332"/>
 <Entity id="1333"/>
 <Entity id="1335"/>
 <Entity id="1336"/>
 <Entity id="1337"/>
 <Entity id="1339"/>
 <Entity id="1340"/>
 <Entity id="1342"/>
 <Entity id="1343"/>
 <Entity id="1345"/>
 <Entity id="1346"/>
 <Entity id="1349"/>
 <Entity id="1350"/>
 <Entity id="1351"/>
 <Entity id="1353"/>
 <Entity id="1354"/>
 <Entity id="1355"/>
 <Entity id="1356"/>
 <Entity id="1357"/>
 <Entity id="1358"/>
 <Entity id="1359"/>
 <Entity id="1360"/>
 <Entity id="1362"/>
 <Entity id="1364"/>
 <Entity id="1365"/>
 <Entity id="1366"/>
 <Entity id="1367"/>
 <Entity id="1368"/>
 <Entity id="1370"/>
 <Entity id="1371"/>
 <Entity id="1374"/>
 <Entity id="1375"/>
 <Entity id="1376"/>
 <Entity id="1379"/>
 <Entity id="1380"/>
 <Entity id="1381"/>
 <Entity id="1382"/>
 <Entity id="1384"/>
 <Entity id="1387"/>
 <Entity id="1388"/>
 <Entity id="1389"/>
 <Entity id="1390"/>
 <Entity id="1391"/>
 <Entity id="1392"/>
 <Entity id="1394"/>
 <Entity id="1395"/>
 <Entity id="1396"/>
 <Entity id="1400"/>
 <Entity id="1401"/>
 <Entity id="1403"/>
 <Entity id="1406"/>
 <Entity id="1408"/>
 <Entity id="1409"/>
 <Entity id="1410"/>
 <Entity id="1412"/>
 <Entity id="1413"/>
 <Entity id="1414"/>
 <Entity id="1415"/>
 <Entity id="1416"/>
 <Entity id="1422"/>
 <Entity id="1423"/>
 <Entity id="1424"/>
 <Entity id="1429"/>
 <Entity id="1434"/>
 <Entity id="1435"/>
 <Entity id="1437"/>
 <Entity id="1441"/>
 <Entity id="1442"/>
 <Entity id="1443"/>
 <Entity id="1444"/>
 <Entity id="1446"/>
 <Entity id="1448"/>
 <Entity id="1450"/>
 <Entity id="1451"/>
 <Entity id="1452"/>
 <Entity id="1456"/>
 <Entity id="1459"/>
 <Entity id="1460"/>
 <Entity id="1462"/>
 <Entity id="1464"/>
 <Entity id="1465"/>
 <Entity id="1466"/>
 <Entity id="1468"/>
 <Entity id="1469"/>
 <Entity id="1472"/>
 <Entity id="1473"/>
 <Entity id="1475"/>
 <Entity id="1477"/>
 <Entity id="1478"/>
 <Entity id="1480"/>
 <Entity id="1481"/>
 <Entity id="1482"/>
 <Entity id="1483"/>
 <Entity id="1484"/>
 <Entity id="1485"/>
 <Entity id="1486"/>
 <Entity id="1489"/>
 <Entity id="1490"/>
 <Entity id="1491"/>
 <Entity id="1493"/>
 <Entity id="1495"/>
 <Entity id="1496"/>
 <Entity id="1497"/>
 <Entity id="1498"/>
 <Entity id="1501"/>
 <Entity id="1504"/>
 <Entity id="1506"/>
 <Entity id="1507"/>
 <Entity id="1509"/>
 <Entity id="1510"/>
 <Entity id="1511"/>
 <Entity id="1513"/>
 <Entity id="1514"/>
 <Entity id="1515"/>
 <Entity id="1516"/>
 <Entity id="1518"/>
 <Entity id="1519"/>
 <Entity id="1520"/>
 <Entity id="1523"/>
 <Entity id="1524"/>
 <Entity id="1525"/>
 <Entity id="1526"/>
 <Entity id="1530"/>
 <Entity id="1531"/>
 <Entity id="1534"/>
 <Entity id="1537"/>
 <Entity id="1538"/>
 <Entity id="1541"/>
 <Entity id="1542"/>
 <Entity id="1543"/>
 <Entity id="1545"/>
 <Entity id="1546"/>
 <Entity id="1547"/>
 <Entity id="1549"/>
 <Entity id="1550"/>
 <Entity id="1552"/>
 <Entity id="1553"/>
 <Entity id="1554"/>
 <Entity id="1556"/>
 <Entity id="1557"/>
 <Entity id="1558"/>
 <Entity id="1559"/>
 <Entity id="1564"/>
 <Entity id="1566"/>
 <Entity id="1569"/>
 <Entity id="1571"/>
 <Entity id="1572"/>
 <Entity id="1573"/>
 <Entity id="1576"/>
 <Entity id="1577"/>
 <Entity id="1578"/>
 <Entity id="1579"/>
 <Entity id="1580"/>
 <Entity id="1581"/>
 <Entity id="1582"/>
 <Entity id="1584"/>
 <Entity id="1586"/>
 <Entity id="1588"/>
 <Entity id="1589"/>
 <Entity id="1590"/>
 <Entity id="1592"/>
 <Entity id="1593"/>
 <Entity id="1594"/>
 <Entity id="1595"/>
 <Entity id="1596"/>
 <Entity id="1598"/>
 <Entity id="1600"/>
 <Entity id="1603"/>
 <Entity id="1605"/>
 <Entity id="1606"/>
 <Entity id="1607"/>
 <Entity id="1608"/>
 <Entity id="1609"/>
 <Entity id="1611"/>
 <Entity id="1612"/>
 <Entity id="1613"/>
 <Entity id="1614"/>
 <Entity id="1615"/>
 <Entity id="1616"/>
 <Entity id="1620"/>
 <Entity id="1621"/>
 <Entity id="1622"/>
 <Entity id="1626"/>
 <Entity id="1627"/>
 <Entity id="1628"/>
 <Entity id="1630"/>
 <Entity id="1631"/>
 <Entity id="1632"/>
 <Entity id="1633"/>
 <Entity id="1634"/>
 <Entity id="1636"/>
 <Entity id="1637"/>
 <Entity id="1638"/>
 <Entity id="1639"/>
 <Entity id="1643"/>
 <Entity id="1644"/>
 <Entity id="1645"/>
 <Entity id="1646"/>
 <Entity id="1648"/>
 <Entity id="1649"/>
 <Entity id="1650"/>
 <Entity id="1651"/>
 <Entity id="1652"/>
 <Entity id="1654"/>
 <Entity id="1655"/>
 <Entity id="1656"/>
 <Entity id="1658"/>
 <Entity id="1659"/>
 <Entity id="1660"/>
 <Entity id="1661"/>
 <Entity id="1662"/>
 <Entity id="1663"/>
 <Entity id="1666"/>
 <Entity id="1670"/>
 <Entity id="1672"/>
 <Entity id="1674"/>
 <Entity id="1675"/>
 <Entity id="1677"/>
 <Entity id="1678"/>
 <Entity id="1679"/>
 <Entity id="1680"/>
 <Entity id="1681"/>
 <Entity id="1682"/>
 <Entity id="1683"/>
 <Entity id="1684"/>
 <Entity id="1685"/>
 <Entity id="1686"/>
 <Entity id="1689"/>
 <Entity id="1691"/>
 <Entity id="1692"/>
 <Entity id="1693"/>
 <Entity id="1695"/>
 <Entity id="1696"/>
 <Entity id="1698"/>
 <Entity id="1700"/>
 <Entity id="1701"/>
 <Entity id="1702"/>
 <Entity id="1703"/>
 <Entity id="1704"/>
 <Entity id="1705"/>
 <Entity id="1706"/>
 <Entity id="1709"/>
 <Entity id="1710"/>
 <Entity id="1711"/>
 <Entity id="1712"/>
 <Entity id="1713"/>
 <Entity id="1717"/>
 <Entity id="1720"/>
 <Entity id="1723"/>
 <Entity id="1724"/>
 <Entity id="1725"/>
 <Entity id="1726"/>
 <Entity id="1727"/>
 <Entity id="1728"/>
 <Entity id="1729"/>
 <Entity id="1730"/>
 <Entity id="1731"/>
 <Entity id="1732"/>
 <Entity id="1733"/>
 <Entity id="1734"/>
 <Entity id="1735"/>
 <Entity id="1736"/>
 <Entity id="1737"/>
 <Entity id="1738"/>
 <Entity id="1739"/>
 <Entity id="1740"/>
 <Entity id="1742"/>
 <Entity id="1743"/>
 <Entity id="1744"/>
 <Entity id="1745"/>
 <Entity id="1746"/>
 <Entity id="1747"/>
 <Entity id="1748"/>
 <Entity id="1749"/>
 <Entity id="1750"/>
 <Entity id="1751"/>
 <Entity id="1752"/>
 <Entity id="1753"/>
 <Entity id="1754"/>
 <Entity id="1755"/>
 <Entity id="1756"/>
 <Entity id="1757"/>
 <Entity id="1758"/>
 <Entity id="1759"/>
 <Entity id="1760"/>
 <Entity id="1761"/>
 <Entity id="1762"/>
 <Entity id="1763"/>
 <Entity id="1764"/>
 <Entity id="1765"/>
 <Entity id="1766"/>
 <Entity id="1767"/>
 <Entity id="1768"/>
 <Entity id="1769"/>
 <Entity id="1770"/>
 <Entity id="1771"/>
 <Entity id="1772"/>
 <Entity id="1773"/>
 <Entity id="1774"/>
 <Entity id="1775"/>
 <Entity id="1776"/>
 <Entity id="1777"/>
 <Entity id="1778"/>
 <Entity id="1779"/>
 <Entity id="1780"/>
 <Entity id="1781"/>
 <Entity id="1782"/>
 <Entity id="1783"/>
 <Entity id="1784"/>
 <Entity id="1785"/>
 <Entity id="1786"/>
 <Entity id="1787"/>
 <Entity id="1788"/>
 <Entity id="1789"/>
 <Entity id="1790"/>
 <Entity id="1791"/>
 <Entity id="1792"/>
 <Entity id="1793"/>
 <Entity id="1794"/>
 <Entity id="1795"/>
 <Entity id="1796"/>
 <Entity id="1797"/>
 <Entity id="1798"/>
 <Entity id="1799"/>
 <Entity id="1800"/>
 <Entity id="1801"/>
 <Entity id="1802"/>
 <Entity id="1803"/>
 <Entity id="1804"/>
 <Entity id="1805"/>
 <Entity id="1806"/>
 <Entity id="1807"/>
 <Entity id="1808"/>
 <Entity id="1809"/>
 <Entity id="1810"/>
 <Entity id="1811"/>
 <Entity id="1812"/>
 <Entity id="1813"/>
 <Entity id="1814"/>
 <Entity id="1815"/>
 <Entity id="1816"/>
 <Entity id="1817"/>
 <Entity id="1818"/>
 <Entity id="1819"/>
 <Entity id="1820"/>
 <Entity id="1821"/>
 <Entity id="1822"/>
 <Entity id="1823"/>
 <Entity id="1824"/>
 <Entity id="1825"/>
 <Entity id="1826"/>
 <Entity id="1827"/>
 <Entity id="1828"/>
 <Entity id="1829"/>
 <Entity id="1830"/>
 <Entity id="1831"/>
 <Entity id="1832"/>
 <Entity id="1833"/>
 <Entity id="1834"/>
 <Entity id="1835"/>
 <Entity id="1836"/>
 <Entity id="1837"/>
 <Entity id="1838"/>
 <Entity id="1839"/>
 <Entity id="1840"/>
 <Entity id="1841"/>
 <Entity id="1842"/>
 <Entity id="1843"/>
 <Entity id="1844"/>
 <Entity id="1845"/>
 <Entity id="1846"/>
 <Entity id="1847"/>
 <Entity id="1848"/>
 <Entity id="1849"/>
 <Entity id="1850"/>
 <Entity id="1851"/>
 <Entity id="1852"/>
 <Entity id="1853"/>
 <Entity id="1854"/>
 <Entity id="1855"/>
 <Entity id="1856"/>
 <Entity id="1857"/>
 <Entity id="1858"/>
 <Entity id="1859"/>
 <Entity id="1860"/>
 <Entity id="1861"/>
 <Entity id="1862"/>
 <Entity id="1863"/>
 <Entity id="1864"/>
 <Entity id="1865"/>
 <Entity id="1866"/>
 <Entity id="1867"/>
 <Entity id="1868"/>
 <Entity id="1869"/>
 <Entity id="1870"/>
 <Entity id="1871"/>
 <Entity id="1872"/>
 <Entity id="1873"/>
 <Entity id="1874"/>
 <Entity id="1875"/>
 <Entity id="1876"/>
 <Entity id="1877"/>
 <Entity id="1878"/>
 <Entity id="1879"/>
 <Entity id="1880"/>
 <Entity id="1881"/>
 <Entity id="1882"/>
 <Entity id="1883"/>
 <Entity id="1884"/>
 <Entity id="1885"/>
 <Entity id="1886"/>
 <Entity id="1887"/>
 <Entity id="1888"/>
 <Entity id="1889"/>
 <Entity id="1890"/>
 <Entity id="1891"/>
 <Entity id="1892"/>
 <Entity id="1893"/>
 <Entity id="1894"/>
 <Entity id="1895"/>
 <Entity id="1896"/>
 <Entity id="1897"/>
 <Entity id="1898"/>
 <Entity id="1899"/>
 <Entity id="1900"/>
 <Entity id="1901"/>
 <Entity id="1902"/>
 <Entity id="1903"/>
 <Entity id="1904"/>
 <Entity id="1905"/>
 <Entity id="1906"/>
 <Entity id="1907"/>
 <Entity id="1908"/>
 <Entity id="1909"/>
 <Entity id="1910"/>
 <Entity id="1911"/>
 <Entity id="1912"/>
 <Entity id="1913"/>
 <Entity id="1914"/>
 <Entity id="1915"/>
 <Entity id="1916"/>
 <Entity id="1917"/>
 <Entity id="1918"/>
 <Entity id="1919"/>
 <Entity id="1920"/>
 <Entity id="1921"/>
 <Entity id="1922"/>
 <Entity id="1923"/>
 <Entity id="1924"/>
 <Entity id="1925"/>
 <Entity id="1926"/>
 <Entity id="1927"/>
 <Entity id="1928"/>
 <Entity id="1929"/>
 <Entity id="1930"/>
 <Entity id="1931"/>
 <Entity id="1932"/>
 <Entity id="1933"/>
 <Entity id="1934"/>
 <Entity id="1935"/>
 <Entity id="1936"/>
 <Entity id="1937"/>
 <Entity id="1938"/>
 <Entity id="1939"/>
 <Entity id="1940"/>
 <Entity id="1941"/>
 <Entity id="1942"/>
 <Entity id="1943"/>
 <Entity id="1944"/>
 <Entity id="1945"/>
 <Entity id="1946"/>
 <Entity id="1947"/>
 <Entity id="1948"/>
 <Entity id="1949"/>
 <Entity id="1950"/>
 <Entity id="1951"/>
 <Entity id="1952"/>
 <Entity id="1953"/>
 <Entity id="1954"/>
 <Entity id="1955"/>
 <Entity id="1956"/>
 <Entity id="1957"/>
 <Entity id="1958"/>
 <Entity id="1959"/>
 <Entity id="1960"/>
 <Entity id="1961"/>
 <Entity id="1962"/>
 <Entity id="1963"/>
 <Entity id="1964"/>
 <Entity id="1965"/>
 <Entity id="1966"/>
 <Entity id="1967"/>
 <Entity id="1968"/>
 <Entity id="1969"/>
 <Entity id="1970"/>
 <Entity id="1971"/>
 <Entity id="1972"/>
 <Entity id="1973"/>
 <Entity id="1974"/>
 <Entity id="1975"/>
 <Entity id="1976"/>
 <Entity id="1977"/>
 <Entity id="1978"/>
 <Entity id="1979"/>
 <Entity id="1980"/>
 <Entity id="1981"/>
 <Entity id="1982"/>
 <Entity id="1983"/>
 <Entity id="1984"/>
 <Entity id="1985"/>
 <Entity id="1986"/>
 <Entity id="1987"/>
 <Entity id="1988"/>
 <Entity id="1989"/>
 <Entity id="1990"/>
 <Entity id="1991"/>
 <Entity id="1992"/>
 <Entity id="1993"/>
 <Entity id="1994"/>
 <Entity id="1995"/>
 <Entity id="1996"/>
 <Entity id="1997"/>
 <Entity id="1998"/>
 <Entity id="1999"/>
 <Entity id="2000"/>
 <Entity id="2001"/>
 <Entity id="2002"/>
 <Entity id="2003"/>
 <Entity id="2004"/>
 <Entity id="2005"/>
 <Entity id="2006"/>
 <Entity id="2007"/>
 <Entity id="2008"/>
 <Entity id="2009"/>
 <Entity id="2010"/>
 <Entity id="2011"/>
 <Entity id="2012"/>
 <Entity id="2013"/>
 <Entity id="2014"/>
 <Entity id="2015"/>
 <Entity id="2016"/>
 <Entity id="2017"/>
 <Entity id="2018"/>
 <Entity id="2019"/>
 <Entity id="2020"/>
 <Entity id="2021"/>
 <Entity id="2022"/>
 <Entity id="2023"/>
 <Entity id="2024"/>
 <Entity id="2025"/>
 <Entity id="2026"/>
 <Entity id="2027"/>
 <Entity id="2028"/>
 <Entity id="2029"/>
 <Entity id="2030"/>
 <Entity id="2031"/>
 <Entity id="2032"/>
 <Entity id="2033"/>
 <Entity id="2034"/>
 <Entity id="2035"/>
 <Entity id="2036"/>
 <Entity id="2037"/>
 <Entity id="2038"/>
 <Entity id="2039"/>
 <Entity id="2040"/>
 <Entity id="2041"/>
 <Entity id="2042"/>
 <Entity id="2043"/>
 <Entity id="2044"/>
 <Entity id="2045"/>
 <Entity id="2046"/>
 <Entity id="2047"/>
 <Entity id="2048"/>
 <Entity id="2049"/>
 <Entity id="2050"/>
 <Entity id="2051"/>
 <Entity id="2052"/>
 <Entity id="2053"/>
 <Entity id="2055"/>
 <Entity id="2056"/>
 <Entity id="2057"/>
 <Entity id="2059"/>
 <Entity id="2060"/>
 <Entity id="2062"/>
 <Entity id="2063"/>
 <Entity id="2077"/>
 <Entity id="2084"/>
 <Entity id="2086"/>
 <Entity id="2090"/>
 <Entity id="2091"/>
 <Entity id="2094"/>
 <Entity id="2096"/>
 <Entity id="2100"/>
 <Entity id="2101"/>
 <Entity id="2103"/>
 <Entity id="2108"/>
 <Entity id="2112"/>
 <Entity id="2113"/>
 <Entity id="2116"/>
 <Entity id="2117"/>
 <Entity id="2120"/>
 <Entity id="2121"/>
 <Entity id="2126"/>
 <Entity id="2129"/>
 <Entity id="2134"/>
 <Entity id="2135"/>
 <Entity id="2136"/>
 <Entity id="2137"/>
 <Entity id="2138"/>
 <Entity id="2139"/>
 <Entity id="2140"/>
 <Entity id="2141"/>
 <Entity id="2142"/>
 <Entity id="2143"/>
 <Entity id="2144"/>
 <Entity id="2145"/>
 <Entity id="2146"/>
 <Entity id="2147"/>
 <Entity id="2148"/>
 <Entity id="2149"/>
 <Entity id="2150"/>
 <Entity id="2151"/>
 <Entity id="2152"/>
 <Entity id="2153"/>
 <Entity id="2154"/>
 <Entity id="2155"/>
 <Entity id="2156"/>
 <Entity id="2157"/>
 <Entity id="2158"/>
 <Entity id="2159"/>
 <Entity id="2160"/>
 <Entity id="2161"/>
 <Entity id="2162"/>
 <Entity id="2163"/>
 <Entity id="2164"/>
 <Entity id="2165"/>
 <Entity id="2166"/>
 <Entity id="2167"/>
 <Entity id="2168"/>
 <Entity id="2169"/>
 <Entity id="2170"/>
 <Entity id="2171"/>
 <Entity id="2172"/>
 <Entity id="2173"/>
 <Entity id="2174"/>
 <Entity id="2175"/>
 <Entity id="2176"/>
 <Entity id="2177"/>
 <Entity id="2178"/>
 <Entity id="2179"/>
 <Entity id="2180"/>
 <Entity id="2181"/>
 <Entity id="2182"/>
 <Entity id="2183"/>
 <Entity id="2184"/>
 <Entity id="2185"/>
 <Entity id="2186"/>
 <Entity id="2187"/>
 <Entity id="2188"/>
 <Entity id="2189"/>
 <Entity id="2190"/>
 <Entity id="2191"/>
 <Entity id="2192"/>
 <Entity id="2193"/>
 <Entity id="2194"/>
 <Entity id="2195"/>
 <Entity id="2196"/>
 <Entity id="2197"/>
 <Entity id="2198"/>
 <Entity id="2199"/>
 <Entity id="2200"/>
 <Entity id="2201"/>
 <Entity id="2202"/>
 <Entity id="2203"/>
 <Entity id="2204"/>
 <Entity id="2205"/>
 <Entity id="2206"/>
 <Entity id="2207"/>
 <Entity id="2208"/>
 <Entity id="2209"/>
 <Entity id="2210"/>
 <Entity id="2211"/>
 <Entity id="2225"/>
 <Entity id="2226"/>
 <Entity id="2229"/>
 <Entity id="2243"/>
 <Entity id="2252"/>
 <Entity id="2254"/>
 <Entity id="2256"/>
 <Entity id="2264"/>
 <Entity id="2265"/>
 <Entity id="2267"/>
 <Entity id="2268"/>
 <Entity id="2271"/>
 <Entity id="2274"/>
 <Entity id="2276"/>
 <Entity id="2279"/>
 <Entity id="2280"/>
 <Entity id="2284"/>
 <Entity id="2287"/>
 <Entity id="2288"/>
 <Entity id="2290"/>
 <Entity id="2293"/>
 <Entity id="2299"/>
 <Entity id="2301"/>
 <Entity id="2303"/>
 <Entity id="2305"/>
 <Entity id="2306"/>
 <Entity id="2308"/>
 <Entity id="2310"/>
 <Entity id="2311"/>
 <Entity id="2312"/>
 <Entity id="2314"/>
 <Entity id="2315"/>
 <Entity id="2317"/>
 <Entity id="2319"/>
 <Entity id="2320"/>
 <Entity id="2321"/>
 <Entity id="2322"/>
 <Entity id="2323"/>
 <Entity id="2324"/>
 <Entity id="2325"/>
 <Entity id="2326"/>
 <Entity id="2329"/>
 <Entity id="2330"/>
 <Entity id="2331"/>
 <Entity id="2332"/>
 <Entity id="2333"/>
 <Entity id="2334"/>
 <Entity id="2335"/>
 <Entity id="2336"/>
 <Entity id="2337"/>
 <Entity id="2338"/>
 <Entity id="2339"/>
 <Entity id="2340"/>
 <Entity id="2341"/>
 <Entity id="2342"/>
 <Entity id="2343"/>
 <Entity id="2347"/>
 <Entity id="2348"/>
 <Entity id="2349"/>
 <Entity id="2350"/>
 <Entity id="2351"/>
 <Entity id="2352"/>
 <Entity id="2353"/>
 <Entity id="2354"/>
 <Entity id="2355"/>
 <Entity id="2357"/>
 <Entity id="2359"/>
 <Entity id="2360"/>
 <Entity id="2362"/>
 <Entity id="2363"/>
 <Entity id="2364"/>
 <Entity id="2365"/>
 <Entity id="2366"/>
 <Entity id="2367"/>
 <Entity id="2368"/>
 <Entity id="2369"/>
 <Entity id="2371"/>
 <Entity id="2372"/>
 <Entity id="2375"/>
 <Entity id="2376"/>
 <Entity id="2377"/>
 <Entity id="2378"/>
 <Entity id="2379"/>
 <Entity id="2381"/>
 <Entity id="2382"/>
 <Entity id="2383"/>
 <Entity id="2384"/>
 <Entity id="2386"/>
 <Entity id="2387"/>
 <Entity id="2388"/>
 <Entity id="2389"/>
 <Entity id="2390"/>
 <Entity id="2391"/>
 <Entity id="2392"/>
 <Entity id="2393"/>
 <Entity id="2395"/>
 <Entity id="2396"/>
 <Entity id="2397"/>
 <Entity id="2400"/>
 <Entity id="2403"/>
 <Entity id="2404"/>
 <Entity id="2406"/>
 <Entity id="2407"/>
 <Entity id="2408"/>
 <Entity id="2409"/>
 <Entity id="2410"/>
 <Entity id="2411"/>
 <Entity id="2412"/>
 <Entity id="2413"/>
 <Entity id="2414"/>
 <Entity id="2415"/>
 <Entity id="2416"/>
 <Entity id="2418"/>
 <Entity id="2419"/>
 <Entity id="2420"/>
 <Entity id="2422"/>
 <Entity id="2423"/>
 <Entity id="2425"/>
 <Entity id="2428"/>
 <Entity id="2431"/>
 <Entity id="2434"/>
 <Entity id="2436"/>
 <Entity id="2437"/>
 <Entity id="2438"/>
 <Entity id="2439"/>
 <Entity id="2440"/>
 <Entity id="2441"/>
 <Entity id="2442"/>
 <Entity id="2443"/>
 <Entity id="2444"/>
 <Entity id="2446"/>
 <Entity id="2447"/>
 <Entity id="2448"/>
 <Entity id="2449"/>
 <Entity id="2450"/>
 <Entity id="2452"/>
 <Entity id="2453"/>
 <Entity id="2454"/>
 <Entity id="2455"/>
 <Entity id="2456"/>
 <Entity id="2457"/>
 <Entity id="2458"/>
 <Entity id="2459"/>
 <Entity id="2460"/>
 <Entity id="2461"/>
 <Entity id="2462"/>
 <Entity id="2463"/>
 <Entity id="2464"/>
 <Entity id="2466"/>
 <Entity id="2469"/>
 <Entity id="2470"/>
 <Entity id="2471"/>
 <Entity id="2472"/>
 <Entity id="2473"/>
 <Entity id="2474"/>
 <Entity id="2475"/>
 <Entity id="2476"/>
 <Entity id="2477"/>
 <Entity id="2479"/>
 <Entity id="2480"/>
 <Entity id="2481"/>
 <Entity id="2482"/>
 <Entity id="2483"/>
 <Entity id="2484"/>
 <Entity id="2485"/>
 <Entity id="2487"/>
 <Entity id="2488"/>
 <Entity id="2489"/>
 <Entity id="2490"/>
 <Entity id="2491"/>
 <Entity id="2493"/>
 <Entity id="2497"/>
 <Entity id="2500"/>
 <Entity id="2502"/>
 <Entity id="2503"/>
 <Entity id="2506"/>
 <Entity id="2507"/>
 <Entity id="2508"/>
 <Entity id="2510"/>
 <Entity id="2511"/>
 <Entity id="2512"/>
 <Entity id="2519"/>
 <Entity id="2522"/>
 <Entity id="2523"/>
 <Entity id="2524"/>
 <Entity id="2528"/>
 <Entity id="2530"/>
 <Entity id="2532"/>
 <Entity id="2534"/>
 <Entity id="2537"/>
 <Entity id="2543"/>
 <Entity id="2544"/>
 <Entity id="2545"/>
 <Entity id="2549"/>
 <Entity id="2553"/>
 <Entity id="2554"/>
 <Entity id="2556"/>
 <Entity id="2557"/>
 <Entity id="2558"/>
 <Entity id="2566"/>
 <Entity id="2570"/>
 <Entity id="2572"/>
 <Entity id="2574"/>
 <Entity id="2576"/>
 <Entity id="2578"/>
 <Entity id="2581"/>
 <Entity id="2585"/>
 <Entity id="2588"/>
 <Entity id="2591"/>
 <Entity id="2592"/>
 <Entity id="2597"/>
 <Entity id="2600"/>
 <Entity id="2601"/>
 <Entity id="2604"/>
 <Entity id="2610"/>
 <Entity id="2612"/>
 <Entity id="2616"/>
 <Entity id="2621"/>
 <Entity id="2623"/>
 <Entity id="2624"/>
 <Entity id="2628"/>
 <Entity id="2631"/>
 <Entity id="2633"/>
 <Entity id="2638"/>
 <Entity id="2640"/>
 <Entity id="2641"/>
 <Entity id="2644"/>
 <Entity id="2647"/>
 <Entity id="2648"/>
 <Entity id="2650"/>
 <Entity id="2655"/>
 <Entity id="2656"/>
 <Entity id="2657"/>
 <Entity id="2661"/>
 <Entity id="2663"/>
 <Entity id="2667"/>
 <Entity id="2669"/>
 <Entity id="2670"/>
 <Entity id="2672"/>
 <Entity id="2673"/>
 <Entity id="2677"/>
 <Entity id="2680"/>
 <Entity id="2683"/>
 <Entity id="2684"/>
 <Entity id="2685"/>
 <Entity id="2686"/>
 <Entity id="2687"/>
 <Entity id="2690"/>
 <Entity id="2692"/>
 <Entity id="2696"/>
 <Entity id="2697"/>
 <Entity id="2698"/>
 <Entity id="2699"/>
 <Entity id="2701"/>
 <Entity id="2704"/>
 <Entity id="2705"/>
 <Entity id="2706"/>
 <Entity id="2708"/>
 <Entity id="2719"/>
 <Entity id="2720"/>
 <Entity id="2722"/>
 <Entity id="2723"/>
 <Entity id="2726"/>
 <Entity id="2730"/>
 <Entity id="2731"/>
 <Entity id="2732"/>
 <Entity id="2735"/>
 <Entity id="2741"/>
 <Entity id="2745"/>
 <Entity id="2747"/>
 <Entity id="2748"/>
 <Entity id="2751"/>
 <Entity id="2756"/>
 <Entity id="2760"/>
 <Entity id="2761"/>
 <Entity id="2763"/>
 <Entity id="2774"/>
 <Entity id="2775"/>
 <Entity id="2777"/>
 <Entity id="2784"/>
 <Entity id="2785"/>
 <Entity id="2786"/>
 <Entity id="2788"/>
 <Entity id="2793"/>
 <Entity id="2796"/>
 <Entity id="2805"/>
 <Entity id="2806"/>
 <Entity id="2807"/>
 <Entity id="2808"/>
 <Entity id="2811"/>
 <Entity id="2812"/>
 <Entity id="2814"/>
 <Entity id="2818"/>
 <Entity id="2822"/>
 <Entity id="2823"/>
 <Entity id="2830"/>
 <Entity id="2838"/>
 <Entity id="2840"/>
 <Entity id="2841"/>
 <Entity id="2842"/>
 <Entity id="2845"/>
 <Entity id="2855"/>
 <Entity id="2858"/>
 <Entity id="2859"/>
 <Entity id="2861"/>
 <Entity id="2866"/>
 <Entity id="2867"/>
 <Entity id="2868"/>
 <Entity id="2869"/>
 <Entity id="2872"/>
 <Entity id="2875"/>
 <Entity id="2877"/>
 <Entity id="2882"/>
 <Entity id="2888"/>
 <Entity id="2891"/>
 <Entity id="2895"/>
 <Entity id="2898"/>
 <Entity id="2899"/>
 <Entity id="2901"/>
 <Entity id="2906"/>
 <Entity id="2911"/>
 <Entity id="2912"/>
 <Entity id="2914"/>
 <Entity id="2915"/>
 <Entity id="2917"/>
 <Entity id="2921"/>
 <Entity id="2924"/>
 <Entity id="2925"/>
 <Entity id="2927"/>
 <Entity id="2928"/>
 <Entity id="2929"/>
 <Entity id="2930"/>
 <Entity id="2933"/>
 <Entity id="2934"/>
 <Entity id="2936"/>
 <Entity id="2938"/>
 <Entity id="2939"/>
 <Entity id="2940"/>
 <Entity id="2954"/>
 <Entity id="2962"/>
 <Entity id="2966"/>
 <Entity id="2969"/>
 <Entity id="2970"/>
 <Entity id="2976"/>
 <Entity id="2978"/>
 <Entity id="2979"/>
 <Entity id="2980"/>
 <Entity id="2993"/>
 <Entity id="2995"/>
 <Entity id="2998"/>
 <Entity id="2999"/>
 <Entity id="3002"/>
 <Entity id="3004"/>
 <Entity id="3008"/>
 <Entity id="3010"/>
 <Entity id="3011"/>
 <Entity id="3015"/>
 <Entity id="3017"/>
 <Entity id="3020"/>
 <Entity id="3024"/>
 <Entity id="3029"/>
 <Entity id="3032"/>
 <Entity id="3033"/>
 <Entity id="3034"/>
 <Entity id="3035"/>
 <Entity id="3037"/>
 <Entity id="3039"/>
 <Entity id="3040"/>
 <Entity id="3041"/>
 <Entity id="3042"/>
 <Entity id="3045"/>
 <Entity id="3047"/>
 <Entity id="3049"/>
 <Entity id="3058"/>
 <Entity id="3059"/>
 <Entity id="3060"/>
 <Entity id="3067"/>
 <Entity id="3070"/>
 <Entity id="3071"/>
 <Entity id="3073"/>
 <Entity id="3076"/>
 <Entity id="3079"/>
 <Entity id="3080"/>
 <Entity id="3081"/>
 <Entity id="3087"/>
 <Entity id="3096"/>
 <Entity id="3098"/>
 <Entity id="3099"/>
 <Entity id="3102"/>
 <Entity id="3104"/>
 <Entity id="3105"/>
 <Entity id="3107"/>
 <Entity id="3108"/>
 <Entity id="3115"/>
 <Entity id="3116"/>
 <Entity id="3119"/>
 <Entity id="3120"/>
 <Entity id="3121"/>
 <Entity id="3122"/>
 <Entity id="3125"/>
 <Entity id="3127"/>
 <Entity id="3129"/>
 <Entity id="3131"/>
 <Entity id="3133"/>
 <Entity id="3135"/>
 <Entity id="3136"/>
 <Entity id="3137"/>
 <Entity id="3141"/>
 <Entity id="3142"/>
 <Entity id="3156"/>
 <Entity id="3164"/>
 <Entity id="3165"/>
 <Entity id="3168"/>
 <Entity id="3169"/>
 <Entity id="3179"/>
 <Entity id="3182"/>
 <Entity id="3187"/>
 <Entity id="3191"/>
 <Entity id="3192"/>
 <Entity id="3196"/>
 <Entity id="3198"/>
 <Entity id="3199"/>
 <Entity id="3202"/>
 <Entity id="3204"/>
 <Entity id="3206"/>
 <Entity id="3211"/>
 <Entity id="3212"/>
 <Entity id="3213"/>
 <Entity id="3217"/>
 <Entity id="3218"/>
 <Entity id="3228"/>
 <Entity id="3232"/>
 <Entity id="3234"/>
 <Entity id="3251"/>
 <Entity id="3256"/>
 <Entity id="3257"/>
 <Entity id="3258"/>
 <Entity id="3261"/>
 <Entity id="3262"/>
 <Entity id="3269"/>
 <Entity id="3274"/>
 <Entity id="3280"/>
 <Entity id="3281"/>
 <Entity id="3287"/>
 <Entity id="3288"/>
 <Entity id="3289"/>
 <Entity id="3291"/>
 <Entity id="3293"/>
 <Entity id="3297"/>
 <Entity id="3300"/>
 <Entity id="3301"/>
 <Entity id="3303"/>
 <Entity id="3310"/>
 <Entity id="3311"/>
 <Entity id="3320"/>
 <Entity id="3322"/>
 <Entity id="3323"/>
 <Entity id="3325"/>
 <Entity id="3329"/>
 <Entity id="3330"/>
 <Entity id="3331"/>
 <Entity id="3334"/>
 <Entity id="3335"/>
 <Entity id="3337"/>
 <Entity id="3339"/>
 <Entity id="3340"/>
 <Entity id="3343"/>
 <Entity id="3345"/>
 <Entity id="3347"/>
 <Entity id="3353"/>
 <Entity id="3357"/>
 <Entity id="3359"/>
 <Entity id="3360"/>
 <Entity id="3361"/>
 <Entity id="3363"/>
 <Entity id="3367"/>
 <Entity id="3369"/>
 <Entity id="3371"/>
 <Entity id="3372"/>
 <Entity id="3373"/>
 <Entity id="3375"/>
 <Entity id="3376"/>
 <Entity id="3377"/>
 <Entity id="3379"/>
 <Entity id="3382"/>
 <Entity id="3384"/>
 <Entity id="3386"/>
 <Entity id="3387"/>
 <Entity id="3389"/>
 <Entity id="3392"/>
 <Entity id="3393"/>
 <Entity id="3397"/>
 <Entity id="3398"/>
 <Entity id="3400"/>
 <Entity id="3401"/>
 <Entity id="3402"/>
 <Entity id="3403"/>
 <Entity id="3404"/>
 <Entity id="3405"/>
 <Entity id="3406"/>
 <Entity id="3407"/>
 <Entity id="3409"/>
 <Entity id="3411"/>
 <Entity id="3412"/>
 <Entity id="3413"/>
 <Entity id="3414"/>
 <Entity id="3415"/>
 <Entity id="3416"/>
 <Entity id="3417"/>
 <Entity id="3418"/>
 <Entity id="3419"/>
 <Entity id="3420"/>
 <Entity id="3421"/>
 <Entity id="3424"/>
 <Entity id="3425"/>
 <Entity id="3426"/>
 <Entity id="3427"/>
 <Entity id="3428"/>
 <Entity id="3429"/>
 <Entity id="3430"/>
 <Entity id="3431"/>
 <Entity id="3432"/>
 <Entity id="3433"/>
 <Entity id="3435"/>
 <Entity id="3436"/>
 <Entity id="3438"/>
 <Entity id="3439"/>
 <Entity id="3440"/>
 <Entity id="3443"/>
 <Entity id="3444"/>
 <Entity id="3445"/>
 <Entity id="3446"/>
 <Entity id="3447"/>
 <Entity id="3448"/>
 <Entity id="3449"/>
 <Entity id="3450"/>
 <Entity id="3451"/>
 <Entity id="3453"/>
 <Entity id="3454"/>
 <Entity id="3456"/>
 <Entity id="3461"/>
 <Entity id="3463"/>
 <Entity id="3464"/>
 <Entity id="3465"/>
 <Entity id="3467"/>
 <Entity id="3468"/>
 <Entity id="3472"/>
 <Entity id="3476"/>
 <Entity id="3479"/>
 <Entity id="3481"/>
 <Entity id="3484"/>
 <Entity id="3486"/>
 <Entity id="3488"/>
 <Entity id="3490"/>
 <Entity id="3491"/>
 <Entity id="3492"/>
 <Entity id="3494"/>
 <Entity id="3499"/>
 <Entity id="3500"/>
 <Entity id="3501"/>
 <Entity id="3502"/>
 <Entity id="3506"/>
 <Entity id="3507"/>
 <Entity id="3509"/>
 <Entity id="3512"/>
 <Entity id="3526"/>
 <Entity id="3527"/>
 <Entity id="3534"/>
 <Entity id="3541"/>
 <Entity id="3562"/>
 <Entity id="3564"/>
 <Entity id="3568"/>
 <Entity id="3572"/>
 <Entity id="3573"/>
 <Entity id="3574"/>
 <Entity id="3575"/>
 <Entity id="3576"/>
 <Entity id="3577"/>
 <Entity id="3578"/>
 <Entity id="3579"/>
 <Entity id="3580"/>
 <Entity id="3581"/>
 <Entity id="3582"/>
 <Entity id="3584"/>
 <Entity id="3586"/>
 <Entity id="3587"/>
 <Entity id="3588"/>
 <Entity id="3589"/>
 <Entity id="3590"/>
 <Entity id="3591"/>
 <Entity id="3592"/>
 <Entity id="3593"/>
 <Entity id="3594"/>
 <Entity id="3595"/>
 <Entity id="3596"/>
 <Entity id="3597"/>
 <Entity id="3599"/>
 <Entity id="3600"/>
 <Entity id="3601"/>
 <Entity id="3602"/>
 <Entity id="3603"/>
 <Entity id="3604"/>
 <Entity id="3605"/>
 <Entity id="3606"/>
 <Entity id="3607"/>
 <Entity id="3608"/>
 <Entity id="3609"/>
 <Entity id="3610"/>
 <Entity id="3611"/>
 <Entity id="3612"/>
 <Entity id="3613"/>
 <Entity id="3614"/>
 <Entity id="3615"/>
 <Entity id="3616"/>
 <Entity id="3617"/>
 <Entity id="3618"/>
 <Entity id="3621"/>
 <Entity id="3623"/>
 <Entity id="3624"/>
 <Entity id="3625"/>
 <Entity id="3626"/>
 <Entity id="3628"/>
 <Entity id="3629"/>
 <Entity id="3630"/>
 <Entity id="3631"/>
 <Entity id="3645"/>
 <Entity id="3648"/>
 <Entity id="3655"/>
 <Entity id="3656"/>
 <Entity id="3670"/>
 <Entity id="3672"/>
 <Entity id="3675"/>
 <Entity id="3679"/>
 <Entity id="3683"/>
 <Entity id="3685"/>
 <Entity id="3698"/>
 <Entity id="3701"/>
 <Entity id="3705"/>
 <Entity id="3707"/>
 <Entity id="3708"/>
 <Entity id="3712"/>
 <Entity id="3716"/>
 <Entity id="3719"/>
 <Entity id="3721"/>
 <Entity id="3722"/>
 <Entity id="3724"/>
 <Entity id="3729"/>
 <Entity id="3731"/>
 <Entity id="3741"/>
 <Entity id="3749"/>
 <Entity id="3752"/>
 <Entity id="3754"/>
 <Entity id="3756"/>
 <Entity id="3760"/>
 <Entity id="3771"/>
 <Entity id="3772"/>
 <Entity id="3774"/>
 <Entity id="3777"/>
 <Entity id="3780"/>
 <Entity id="3783"/>
 <Entity id="3784"/>
 <Entity id="3785"/>
 <Entity id="3788"/>
 <Entity id="3792"/>
 <Entity id="3797"/>
 <Entity id="3799"/>
 <Entity id="3813"/>
 <Entity id="3817"/>
 <Entity id="3819"/>
 <Entity id="3820"/>
 <Entity id="3832"/>
 <Entity id="3835"/>
 <Entity id="3855"/>
 <Entity id="3877"/>
 <Entity id="3883"/>
 <Entity id="3891"/>
 <Entity id="3912"/>
 <Entity id="3928"/>
 <Entity id="3935"/>
 <Entity id="3946"/>
 <Entity id="3970"/>
 <Entity id="3975"/>
 <Entity id="3979"/>
 <Entity id="3981"/>
 <Entity id="3982"/>
 <Entity id="3983"/>
 <Entity id="3985"/>
 <Entity id="3987"/>
 <Entity id="3989"/>
 <Entity id="3993"/>
 <Entity id="3994"/>
 <Entity id="3995"/>
 <Entity id="3999"/>
 <Entity id="4004"/>
 <Entity id="4007"/>
 <Entity id="4009"/>
 <Entity id="4012"/>
 <Entity id="4013"/>
 <Entity id="4017"/>
 <Entity id="4018"/>
 <Entity id="4020"/>
 <Entity id="4021"/>
 <Entity id="4026"/>
 <Entity id="4028"/>
 <Entity id="4029"/>
 <Entity id="4030"/>
 <Entity id="4031"/>
 <Entity id="4032"/>
 <Entity id="4033"/>
 <Entity id="4034"/>
 <Entity id="4035"/>
 <Entity id="4036"/>
 <Entity id="4037"/>
 <Entity id="4038"/>
 <Entity id="4039"/>
 <Entity id="4040"/>
 <Entity id="4041"/>
 <Entity id="4043"/>
 <Entity id="4044"/>
 <Entity id="4045"/>
 <Entity id="4046"/>
 <Entity id="4047"/>
 <Entity id="4048"/>
 <Entity id="4049"/>
 <Entity id="4050"/>
 <Entity id="4051"/>
 <Entity id="4053"/>
 <Entity id="4055"/>
 <Entity id="4056"/>
 <Entity id="4057"/>
 <Entity id="4058"/>
 <Entity id="4059"/>
 <Entity id="4060"/>
 <Entity id="4061"/>
 <Entity id="4062"/>
 <Entity id="4063"/>
 <Entity id="4064"/>
 <Entity id="4065"/>
 <Entity id="4066"/>
 <Entity id="4067"/>
 <Entity id="4068"/>
 <Entity id="4069"/>
 <Entity id="4070"/>
 <Entity id="4071"/>
 <Entity id="4072"/>
 <Entity id="4073"/>
 <Entity id="4074"/>
 <Entity id="4075"/>
 <Entity id="4076"/>
 <Entity id="4077"/>
 <Entity id="4078"/>
 <Entity id="4079"/>
 <Entity id="4080"/>
 <Entity id="4081"/>
 <Entity id="4082"/>
 <Entity id="4083"/>
 <Entity id="4084"/>
 <Entity id="4085"/>
 <Entity id="4086"/>
 <Entity id="4088"/>
 <Entity id="4090"/>
 <Entity id="4091"/>
 <Entity id="4092"/>
 <Entity id="4093"/>
 <Entity id="4094"/>
 <Entity id="4095"/>
 <Entity id="4096"/>
 <Entity id="4097"/>
 <Entity id="4098"/>
 <Entity id="4099"/>
 <Entity id="4100"/>
 <Entity id="4101"/>
 <Entity id="4102"/>
 <Entity id="4103"/>
 <Entity id="4104"/>
 <Entity id="4105"/>
 <Entity id="4106"/>
 <Entity id="4107"/>
 <Entity id="4108"/>
 <Entity id="4109"/>
 <Entity id="4112"/>
 <Entity id="4113"/>
 <Entity id="4114"/>
 <Entity id="4115"/>
 <Entity id="4116"/>
 <Entity id="4117"/>
 <Entity id="4118"/>
 <Entity id="4119"/>
 <Entity id="4120"/>
 <Entity id="4121"/>
 <Entity id="4122"/>
 <Entity id="4123"/>
 <Entity id="4124"/>
 <Entity id="4125"/>
</EntitySerialization>
