<GameTokensLibrary Name="GT_GlobalStrings">
 <GameToken Id="1457006218" Name="Test.Test" Type="String" Value="@ui_test" Description="test string to test things"/>
 <GameToken Id="1067123442" Name="SimLabTests.Response1" Type="String" Value="@ui_SimLabsTestQuestion1_Response1"/>
 <GameToken Id="647123784" Name="SimLabTests.Response2" Type="String" Value="@ui_SimLabsTestQuestion2_Response1"/>
 <GameToken Id="1368744926" Name="SimLabTests.Response3" Type="String" Value="@ui_SimLabsTestQuestion3_Response1"/>
 <GameToken Id="1341257341" Name="SimLabTests.Response4" Type="String" Value="@ui_SimLabsTestQuestion4_Response1"/>
 <GameToken Id="955696875" Name="SimLabTests.Question1" Type="String" Value="@ui_SimLabsTestQuestion1"/>
 <GameToken Id="487692297" Name="SimLabTests.Question2" Type="String" Value="@ui_SimLabsTestQuestion2"/>
 <GameToken Id="1779869855" Name="SimLabTests.Question3" Type="String" Value="@ui_SimLabsTestQuestion3"/>
 <GameToken Id="1953643836" Name="SimLabTests.Question4" Type="String" Value="@ui_SimLabsTestQuestion4"/>
 <GameToken Id="58002858" Name="SimLabTests.Question5" Type="String" Value="@ui_SimLabsTestQuestion5"/>
 <GameToken Id="955696876" Name="SimLabTests.Response5" Type="String" Value="@ui_SimLabsTestQuestion5_Response1"/>
 <GameToken Id="437845146" Name="CrewQuarters_SubLocations.Crew_Cafeteria" Type="String" Value="Cafeteria"/>
 <GameToken Id="1464839861" Name="CrewQuarters_SubLocations.Crew_Theater" Type="String" Value="Theater"/>
 <GameToken Id="1661287778" Name="CrewQuarters_SubLocations.Crew_YellowTulip" Type="String" Value="The Yellow Tulip"/>
 <GameToken Id="126821307" Name="CrewQuarters_SubLocations.Crew_RecCenter" Type="String" Value="Recreation Center"/>
 <GameToken Id="166223212" Name="CrewQuarters_SubLocations.Crew_CabinsA" Type="String" Value="Crew Cabins A"/>
 <GameToken Id="507890598" Name="CrewQuarters_SubLocations.Crew_Pods" Type="String" Value="Habitation Pods"/>
 <GameToken Id="846829411" Name="CrewQuarters_SubLocations.Crew_ExecutiveSuites" Type="String" Value="Executive Suites"/>
 <GameToken Id="2026133913" Name="CrewQuarters_SubLocations.Crew_FitnessCenter" Type="String" Value="Fitness Center"/>
 <GameToken Id="1014812672" Name="Lockdown_Reasons.Lockdown_Quarantine" Type="String" Value="Quarantine In Effect"/>
 <GameToken Id="616087685" Name="Lockdown_Reasons.Lockdown_Apex" Type="String" Value="Hull Integrity Compromised"/>
 <GameToken Id="1473578243" Name="Lockdown_Reasons.Lockdown_TechOfficer" Type="String" Value="Locked by external signal"/>
 <GameToken Id="812894249" Name="CrewQuarters_SubLocations.Crew_CabinsB" Type="String" Value="Crew Cabins B"/>
</GameTokensLibrary>
