<GameTokensLibrary Name="Level" LevelName="gamesdk/levels/campaign/engineering/powersource">
 <GameToken Id="-787405507" Name="PowerPlant.PlayerInLowerCoolingPlant" Flags="4" Type="Bool" Value="false"/>
 <GameToken Id="-68314226" Name="PowerPlant.CloseReactorInteriorDoor" Flags="4" Type="Bool" Value="false"/>
 <GameToken Id="-652642264" Name="PowerPlant.ShutOffReactorLightLoop" Flags="4" Type="Bool" Value="false"/>
 <GameToken Id="-885368498" Name="PowerPlant.TurnOnReactorLightLoop" Flags="4" Type="Bool" Value="false"/>
 <GameToken Id="-898904975" Name="PowerPlant.PlayerListenedToDivertorTranScribe" Flags="4" Type="Bool" Value="false"/>
 <GameToken Id="-578180131" Name="PowerPlant.OpenedDoorAfterGasLeak" Flags="4" Type="Bool" Value="false"/>
 <GameToken Id="-1128937304" Name="PowerPlant.SelfDestructRepopActive" Flags="4" Type="Bool" Value="false"/>
 <GameToken Id="-664004916" Name="PowerPlant.SaveAfterSealingGasLeak" Flags="4" Type="Bool" Value="false"/>
 <GameToken Id="-1624829623" Name="PowerPlant.SelfDestructSwitch1On" Flags="4" Type="Bool" Value="false"/>
 <GameToken Id="-1654542576" Name="PowerPlant.SelfDestructSwitch2On" Flags="4" Type="Bool" Value="false"/>
 <GameToken Id="-2002330064" Name="PowerPlant.BrokenDivertorRemoved" Flags="4" Type="Bool" Value="false"/>
 <GameToken Id="-2056785509" Name="PowerPlant.RebootInitialized" Flags="4" Type="Bool" Value="false"/>
 <GameToken Id="-1805288695" Name="PowerPlant.DivertorReplaced" Flags="4" Type="Bool" Value="false"/>
 <GameToken Id="-764337590" Name="PowerPlant.New_SealReactorDoor" Flags="4" Type="Bool" Value="false"/>
 <GameToken Id="-933434041" Name="PowerPlant.RebootInProgress" Flags="4" Type="Bool" Value="false"/>
 <GameToken Id="-1435187447" Name="PowerPlant.TechnopathsMoveToTurrets" Flags="4" Type="Bool" Value="false"/>
 <GameToken Id="-205302646" Name="PowerPlant.RebootSequenceFailed" Flags="4" Type="Bool" Value="false"/>
 <GameToken Id="-980506280" Name="PowerPlant.RebootSequenceReset" Flags="4" Type="Bool" Value="false"/>
 <GameToken Id="-1059530406" Name="PowerPlant.RebootSequenceGood" Flags="4" Type="Bool" Value="true"/>
 <GameToken Id="-1851007426" Name="PowerPlant.RebootSequenceGood2" Flags="4" Type="Bool" Value="false"/>
 <GameToken Id="-424874328" Name="PowerPlant.RebootSequenceGood3" Flags="4" Type="Bool" Value="false"/>
 <GameToken Id="-121079029" Name="PowerPlant.RebootSequenceGood4" Flags="4" Type="Bool" Value="false"/>
 <GameToken Id="-1882240099" Name="PowerPlant.RebootSequenceGood5" Flags="4" Type="Bool" Value="false"/>
 <GameToken Id="-1765402073" Name="PowerPlant.RebootSequenceGood6" Flags="4" Type="Bool" Value="false"/>
 <GameToken Id="-1644651878" Name="PowerPlant.RebootSequenceAllGood" Flags="4" Type="Bool" Value="false"/>
 <GameToken Id="-1162505545" Name="PowerPlant.TurretsFiringInCoolingPlant" Flags="4" Type="Bool" Value="false"/>
 <GameToken Id="-552808272" Name="PowerPlant.EntryDoorWayVisible" Flags="4" Type="Bool" Value="false"/>
 <GameToken Id="-668056680" Name="PowerPlant.RebootSequenceCommenced" Flags="4" Type="Bool" Value="false"/>
 <GameToken Id="-1246992328" Name="PowerPlant.RebootWarningPlayedOnce" Flags="4" Type="Bool" Value="false"/>
</GameTokensLibrary>
