
<ResponseRules description="">
 <ResponseRule id="13680621263391723406" name="Morning Greeting. First One." cooldown="" description="Station PA Announcements. Morning. First One." response="13680621263391723438" conversation="0">
  <Criteria>
   <Criterion id="15659330456318451386" value="13680621263372691444" comparison="0" type="guid"/>
   <Criterion id="15659330456318451410" comparison="0" value="onAnnouncementTrigger" fromResponse="0" type="default"/>
   <Criterion comparison="0" passIfMissing="false" id="15659330456318451477" type="guid" keyType="default" value="13680621263359834860"/>
  </Criteria>
 </ResponseRule>
 <ResponseRule id="13680621263359835281" name="Morning Greeting." cooldown="" description="Station PA Announcements. Morning." response="13680621263359835846" conversation="0">
  <Criteria>
   <Criterion id="15659330456318451386" value="13680621263372691444" comparison="0" type="guid"/>
   <Criterion id="15659330456318451410" comparison="0" value="onAnnouncementTrigger" fromResponse="0" type="default"/>
   <Criterion comparison="0" passIfMissing="false" id="15659330456318451477" type="guid" keyType="default" value="13680621263359834860"/>
  </Criteria>
 </ResponseRule>
 <ResponseRule id="13680621263391723937" name="Noon Announcement. Time." cooldown="" description="Station PA Announcements. Noon." response="13680621263391724017" conversation="0">
  <Criteria>
   <Criterion id="15659330456318451386" value="13680621263372691444" comparison="0" type="guid"/>
   <Criterion id="15659330456318451410" comparison="0" value="onAnnouncementTrigger" fromResponse="0" type="default"/>
   <Criterion comparison="0" passIfMissing="false" id="15659330456318451477" type="guid" keyType="default" value="13680621263359834860"/>
  </Criteria>
 </ResponseRule>
 <ResponseSet id="13680621263359835846">
  <Response dialog="13680621263391723468" id="13680621263359835847" cooldown="0" weight="1" oneshot="0" completeConversation="0"/>
 </ResponseSet>
 <ResponseRule id="13680621263359835914" name="" cooldown="" response="13680621263359836032">
  <Criteria>
   <Criterion id="15659330456318451386" value="13680621263372691444" comparison="0" type="guid"/>
   <Criterion id="15659330456318451410" comparison="0" value="13680621263359835847" fromResponse="1" type="guid"/>
   <Criterion comparison="0" passIfMissing="false" id="15659330456318451477" type="guid" keyType="default" value="13680621263359834860"/>
  </Criteria>
 </ResponseRule>
 <ResponseSet id="13680621263359836032">
  <Response dialog="16807384143800447824" id="13680621263359836033" cooldown="3000" weight="1" oneshot="false" completeConversation="1" delay="0.25"/>
  <Response dialog="16807384143800447877" id="13680621263359836239" cooldown="3000" weight="1" oneshot="false" completeConversation="1" delay="0.25"/>
  <Response dialog="16807384143800447823" id="13680621263359836441" cooldown="3000" weight="1" oneshot="false" completeConversation="1" delay="0.25"/>
  <Response dialog="16807384143800448058" id="13680621263359900683" cooldown="3000" weight="1" oneshot="false" completeConversation="1" delay="0.25"/>
  <Response dialog="16807384143800448060" id="13680621263360969880" cooldown="3000" weight="1" oneshot="false" completeConversation="1" delay="0.25"/>
 </ResponseSet>
 <ResponseRule id="13680621263359836852" name="Noon Announcement." cooldown="" description="Station PA Announcements. Noon." response="13680621263359836905" conversation="0">
  <Criteria>
   <Criterion id="15659330456318451386" value="13680621263372691444" comparison="0" type="guid"/>
   <Criterion id="15659330456318451410" comparison="0" value="onAnnouncementTrigger" fromResponse="0" type="default"/>
   <Criterion comparison="0" passIfMissing="false" id="15659330456318451477" type="guid" keyType="default" value="13680621263359834860"/>
  </Criteria>
 </ResponseRule>
 <ResponseSet id="13680621263359836905">
  <Response dialog="13680621263391723957" id="13680621263359836906" cooldown="0" weight="1" oneshot="0" completeConversation="0"/>
 </ResponseSet>
 <ResponseRule id="13680621263359836907" name="" cooldown="" response="13680621263359836942">
  <Criteria>
   <Criterion id="15659330456318451386" value="13680621263372691444" comparison="0" type="guid"/>
   <Criterion id="15659330456318451410" comparison="0" value="13680621263359836906" fromResponse="1" type="guid"/>
   <Criterion comparison="0" passIfMissing="false" id="15659330456318451477" type="guid" keyType="default" value="13680621263359834860"/>
  </Criteria>
 </ResponseRule>
 <ResponseSet id="13680621263359836942">
  <Response dialog="16807384143800447827" id="13680621263359836943" cooldown="3000" weight="1" oneshot="false" completeConversation="1" delay="0.25"/>
  <Response dialog="16807384143800448061" id="13680621263359837622" cooldown="3000" weight="1" oneshot="false" completeConversation="1" delay="0.25"/>
  <Response dialog="16807384143800448057" id="13680621263359837736" cooldown="3000" weight="1" oneshot="false" completeConversation="1" delay="0.25"/>
  <Response dialog="16807384143800447829" id="13680621263360004705" cooldown="3000" weight="1" oneshot="false" completeConversation="1" delay="0.25"/>
  <Response dialog="16807384143800447828" id="13680621263360969603" cooldown="3000" weight="1" oneshot="false" completeConversation="1" delay="0.25"/>
  <Response dialog="16807384143800448056" id="13680621263360970674" cooldown="3000" weight="1" oneshot="false" completeConversation="1" delay="0.25"/>
 </ResponseSet>
 <ResponseRule id="13680621263391724398" name="Evening Announcement. Time." cooldown="" description="Station PA Announcements. Noon." response="13680621263391724455" conversation="0">
  <Criteria>
   <Criterion id="15659330456318451386" value="13680621263372691444" comparison="0" type="guid"/>
   <Criterion id="15659330456318451410" comparison="0" value="onAnnouncementTrigger" fromResponse="0" type="default"/>
   <Criterion comparison="0" passIfMissing="false" id="15659330456318451477" type="guid" keyType="default" value="13680621263359834860"/>
  </Criteria>
 </ResponseRule>
 <ResponseRule id="13680621263359896816" name="Evening Announcement." cooldown="" description="Station PA Announcements. Noon." response="13680621263359896850" conversation="0">
  <Criteria>
   <Criterion id="15659330456318451386" value="13680621263372691444" comparison="0" type="guid"/>
   <Criterion id="15659330456318451410" comparison="0" value="onAnnouncementTrigger" fromResponse="0" type="default"/>
   <Criterion comparison="0" passIfMissing="false" id="15659330456318451477" type="guid" keyType="default" value="13680621263359834860"/>
  </Criteria>
 </ResponseRule>
 <ResponseSet id="13680621263359896850">
  <Response dialog="13680621263391724661" id="13680621263359896851" cooldown="0" weight="1" oneshot="0" completeConversation="0"/>
 </ResponseSet>
 <ResponseRule id="13680621263359896855" name="" cooldown="" response="13680621263359896950">
  <Criteria>
   <Criterion id="15659330456318451386" value="13680621263372691444" comparison="0" type="guid"/>
   <Criterion id="15659330456318451410" comparison="0" value="13680621263359896851" fromResponse="1" type="guid"/>
   <Criterion comparison="0" passIfMissing="false" id="15659330456318451477" type="guid" keyType="default" value="13680621263359834860"/>
  </Criteria>
 </ResponseRule>
 <ResponseSet id="13680621263359896950">
  <Response dialog="16807384143800447876" id="13680621263359896951" cooldown="3000" weight="1" oneshot="false" completeConversation="0" delay="0.25"/>
  <Response dialog="16807384143800447878" id="13680621263359897012" cooldown="3000" weight="1" oneshot="false" completeConversation="1" delay="0.25"/>
  <Response dialog="16807384143800447879" id="13680621263359897183" cooldown="3000" weight="1" oneshot="false" completeConversation="1" delay="0.25"/>
  <Response dialog="16807384143800448055" id="13680621263359898646" cooldown="3000" weight="1" oneshot="false" completeConversation="1" delay="0.25"/>
  <Response dialog="16807384143800447877" id="13680621263359899229" cooldown="3000" weight="1" oneshot="false" completeConversation="1" delay="0.25"/>
  <Response dialog="16807384143800447880" id="13680621263359899269" cooldown="3000" weight="1" oneshot="false" completeConversation="0" delay="0.25"/>
  <Response dialog="16807384143800447875" id="13680621263359899560" cooldown="3000" weight="1" oneshot="false" completeConversation="1" delay="0.25"/>
  <Response dialog="16807384143800448054" id="13680621263359900057" cooldown="3000" weight="1" oneshot="false" completeConversation="1" delay="0.25"/>
 </ResponseSet>
 <WritebackKeys/>
 <ResponseRule id="13680621263364515764" name="Emergency Broadcast." cooldown="" description="Station PA Announcements. Emergency." response="13680621263364515824" conversation="1">
  <Criteria>
   <Criterion id="15659330456318451386" value="13680621263372691444" comparison="0" type="guid"/>
   <Criterion id="15659330456318451410" comparison="0" value="onAnnouncementTrigger" fromResponse="0" type="default"/>
   <Criterion comparison="0" passIfMissing="false" id="15659330456318451477" type="guid" keyType="default" value="13680621263359834860"/>
  </Criteria>
 </ResponseRule>
 <ResponseSet id="13680621263364515824">
  <Response dialog="16807384143800448062" id="13680621263364515825" cooldown="0" weight="1" oneshot="0" completeConversation="0"/>
 </ResponseSet>
 <ResponseRule id="13680621263364520018" name="" cooldown="" response="13680621263364520068">
  <Criteria>
   <Criterion id="15659330456318451386" value="13680621263372691444" comparison="0" type="guid"/>
   <Criterion id="15659330456318451410" comparison="0" value="13680621263364515825" fromResponse="1" type="guid"/>
   <Criterion comparison="0" passIfMissing="false" id="15659330456318451477" type="guid" keyType="default" value="13680621263359834860"/>
   <Criterion comparison="0" passIfMissing="false" id="13680621263364515764" keyType="conversation" value="3"/>
  </Criteria>
 </ResponseRule>
 <ResponseSet id="13680621263364520068">
  <Response dialog="16807384143800448063" id="13680621263364520069" cooldown="0" weight="1" oneshot="0" completeConversation="0" delay="0.25"/>
 </ResponseSet>
 <ResponseRule id="13680621263364520349" name="" cooldown="" response="13680621263364520394">
  <Criteria>
   <Criterion id="15659330456318451386" value="13680621263372691444" comparison="0" type="guid"/>
   <Criterion id="15659330456318451410" comparison="0" value="13680621263364520069" fromResponse="1" type="guid"/>
   <Criterion comparison="0" passIfMissing="false" id="15659330456318451477" type="guid" keyType="default" value="13680621263359834860"/>
  </Criteria>
 </ResponseRule>
 <ResponseSet id="13680621263364520394">
  <Response dialog="16807384143800448064" id="13680621263364520395" cooldown="0" weight="1" oneshot="0" completeConversation="1" delay="0.25"/>
 </ResponseSet>
 <ResponseRule id="4349723564911187262" name="Arboretum: Rain Warning" cooldown="" description="Warning: Rain system activating in 5 seconds." response="4349723564911187448">
  <Criteria>
   <Criterion id="15659330456318451386" value="13680621263372691444" comparison="0" type="guid"/>
   <Criterion id="15659330456318451410" comparison="0" value="onAnnouncementTrigger" fromResponse="0" type="default"/>
   <Criterion comparison="0" passIfMissing="false" id="15659330456318451477" type="guid" keyType="default" value="13680621263359834860"/>
  </Criteria>
 </ResponseRule>
 <ResponseSet id="4349723564911187448">
  <Response dialog="16807384143800448065" id="4349723564911187449" cooldown="0" weight="1" oneshot="0" completeConversation="1"/>
 </ResponseSet>
 <ResponseRule id="4349723564912484140" name="Cargo Bay: Accident Warning" cooldown="" description="Cargo Bay: Accident Warning" response="4349723564912484370">
  <Criteria>
   <Criterion id="15659330456318451386" value="13680621263372691444" comparison="0" type="guid"/>
   <Criterion id="15659330456318451410" comparison="0" value="onAnnouncementTrigger" fromResponse="0" type="default"/>
   <Criterion comparison="0" passIfMissing="false" id="15659330456318451477" type="guid" keyType="default" value="13680621263359834860"/>
  </Criteria>
 </ResponseRule>
 <ResponseRule id="4349723564912484145" name="Cargo Bay: Shipment Delayed" cooldown="" description="Cargo Bay: Shipment Delayed" response="4349723564912484681">
  <Criteria>
   <Criterion id="15659330456318451386" value="13680621263372691444" comparison="0" type="guid"/>
   <Criterion id="15659330456318451410" comparison="0" value="onAnnouncementTrigger" fromResponse="0" type="default"/>
   <Criterion comparison="0" passIfMissing="false" id="15659330456318451477" type="guid" keyType="default" value="13680621263359834860"/>
  </Criteria>
 </ResponseRule>
 <ResponseRule id="4349723564912484147" name="Cargo Bay: Contraband Reminder" cooldown="" description="Cargo Bay: Contraband Reminder" response="4349723564912484878">
  <Criteria>
   <Criterion id="15659330456318451386" value="13680621263372691444" comparison="0" type="guid"/>
   <Criterion id="15659330456318451410" comparison="0" value="onAnnouncementTrigger" fromResponse="0" type="default"/>
   <Criterion comparison="0" passIfMissing="false" id="15659330456318451477" type="guid" keyType="default" value="13680621263359834860"/>
  </Criteria>
 </ResponseRule>
 <ResponseSet id="4349723564912484370">
  <Response dialog="16807384143800448066" id="4349723564912484371" cooldown="0" weight="1" oneshot="0" completeConversation="0" delay="0"/>
 </ResponseSet>
 <ResponseSet id="4349723564912484681">
  <Response dialog="16807384143800448067" id="4349723564912484682" cooldown="0" weight="1" oneshot="0" completeConversation="1" delay="0"/>
 </ResponseSet>
 <ResponseSet id="4349723564912484878">
  <Response dialog="16807384143800448068" id="4349723564912484879" cooldown="0" weight="1" oneshot="0" completeConversation="0" delay="0"/>
 </ResponseSet>
 <ResponseRule id="13680621263369509894" name="Shuttle Bay: 02 Levels Dangerous" cooldown="" description="PA Announcement that plays in the Shuttle Bay if the player enters before Dahl shows up. 02 scrubbers and systems have failed." response="13680621263369513306" conversation="0">
  <Criteria>
   <Criterion id="15659330456318451386" value="13680621263372691444" comparison="0" type="guid"/>
   <Criterion id="15659330456318451410" comparison="0" value="onAnnouncementTrigger" fromResponse="0" type="default"/>
   <Criterion comparison="0" passIfMissing="false" id="15659330456318451477" type="guid" keyType="default" value="13680621263359834860"/>
  </Criteria>
 </ResponseRule>
 <ResponseSet id="13680621263369513306">
  <Response dialog="16807384143800448069" id="13680621263369513307" cooldown="45" weight="1" oneshot="0" completeConversation="1" delay="0"/>
  <Response dialog="16807384143800448070" id="13680621263369513999" cooldown="45" weight="1" oneshot="0" completeConversation="1" delay="0"/>
 </ResponseSet>
 <ResponseRule id="13680621263369596956" name="Shuttle Bay: Air Supply Systems Restored" cooldown="" description="PA Announcement that plays in the Shuttle Bay when the player has repaired the failing air vents." response="13680621263369597481" conversation="0">
  <Criteria>
   <Criterion id="15659330456318451386" value="13680621263372691444" comparison="0" type="guid"/>
   <Criterion id="15659330456318451410" comparison="0" value="onAnnouncementTrigger" fromResponse="0" type="default"/>
   <Criterion comparison="0" passIfMissing="false" id="15659330456318451477" type="guid" keyType="default" value="13680621263359834860"/>
  </Criteria>
 </ResponseRule>
 <ResponseSet id="13680621263369597481">
  <Response dialog="16807384143800448071" id="13680621263369597482" cooldown="0" weight="1" oneshot="0" completeConversation="1" delay="0"/>
 </ResponseSet>
 <ResponseRule id="13680621263369597502" name="Shuttle Bay: O2 Levels Normal" cooldown="" description="PA Announcement that plays in the Shuttle Bay when the player has repaired the failing air vents." response="13680621263369597601" conversation="0">
  <Criteria>
   <Criterion id="15659330456318451386" value="13680621263372691444" comparison="0" type="guid"/>
   <Criterion id="15659330456318451410" comparison="0" value="onAnnouncementTrigger" fromResponse="0" type="default"/>
   <Criterion comparison="0" passIfMissing="false" id="15659330456318451477" type="guid" keyType="default" value="13680621263359834860"/>
  </Criteria>
 </ResponseRule>
 <ResponseSet id="13680621263369597601">
  <Response dialog="16807384143800448072" id="13680621263369597602" cooldown="0" weight="1" oneshot="0" completeConversation="1" delay="0"/>
 </ResponseSet>
 <ResponseRule id="4349723564913696886" name="Shuttle Bay: Escape Pod Malfunction" cooldown="" description="Plays when the player tries to activate a dummy escape pod." response="4349723564913696972" conversation="1">
  <Criteria>
   <Criterion id="15659330456318451386" value="13680621263372691444" comparison="0" type="guid"/>
   <Criterion id="15659330456318451410" comparison="0" value="onAnnouncementTrigger" fromResponse="0" type="default"/>
   <Criterion comparison="0" passIfMissing="false" id="15659330456318451477" type="guid" keyType="default" value="13680621263359834860"/>
  </Criteria>
 </ResponseRule>
 <ResponseSet id="4349723564913696972">
  <Response dialog="16807384143800448073" id="4349723564913696973" cooldown="0" weight="1" oneshot="0" completeConversation="1" delay="0"/>
 </ResponseSet>
 <ResponseSet id="13680621263370126454">
  <Response dialog="16807384143800448074" id="13680621263370126455" cooldown="0" weight="1" oneshot="0" completeConversation="0" delay="0"/>
 </ResponseSet>
 <ResponseRule id="13680621263372691728" name="Power Plant: Coolant Leak Warning" cooldown="" description="Warning Message for the leak in power plant coolant chamber" response="13680621263372692428" conversation="1">
  <Criteria>
   <Criterion id="15659330456318451386" value="13680621263372691444" comparison="0" type="guid"/>
   <Criterion id="15659330456318451410" comparison="0" value="onAnnouncementTrigger" fromResponse="0" type="default"/>
   <Criterion comparison="0" passIfMissing="false" id="15659330456318451477" type="guid" keyType="default" value="13680621263359834860"/>
   <Criterion comparison="0" passIfMissing="false" id="10739735956111935346" type="guid" keyType="default" value="6732635291182790112"/>
  </Criteria>
 </ResponseRule>
 <ResponseSet id="13680621263372692428">
  <Response dialog="13680621263372692427" id="13680621263372692429" cooldown="0" weight="1" oneshot="0" completeConversation="1" delay="0"/>
 </ResponseSet>
 <ResponseRule id="13680621263372702926" name="Power Plant: Leak Contained 30%" cooldown="" description="Message to let the player know the leak is 1/3 of the way fixed. " response="13680621263372703346" conversation="1">
  <Criteria>
   <Criterion id="15659330456318451386" value="13680621263372691444" comparison="0" type="guid"/>
   <Criterion id="15659330456318451410" comparison="0" value="onAnnouncementTrigger" fromResponse="0" type="default"/>
   <Criterion comparison="0" passIfMissing="false" id="15659330456318451477" type="guid" keyType="default" value="13680621263359834860"/>
   <Criterion comparison="0" passIfMissing="false" id="10739735956111935346" type="guid" keyType="default" value="6732635291182790112"/>
  </Criteria>
 </ResponseRule>
 <ResponseSet id="13680621263372703346">
  <Response dialog="13680621263372703345" id="13680621263372703347" cooldown="0" weight="1" oneshot="0" completeConversation="1" delay="0"/>
 </ResponseSet>
 <ResponseRule id="13680621263372703540" name="Power Plant: Leak Contained 66%" cooldown="" description="Message to let the player know the leak is 2/3 of the way fixed. " response="13680621263372703572" conversation="1">
  <Criteria>
   <Criterion id="15659330456318451386" value="13680621263372691444" comparison="0" type="guid"/>
   <Criterion id="15659330456318451410" comparison="0" value="onAnnouncementTrigger" fromResponse="0" type="default"/>
   <Criterion comparison="0" passIfMissing="false" id="15659330456318451477" type="guid" keyType="default" value="13680621263359834860"/>
   <Criterion comparison="0" passIfMissing="false" id="10739735956111935346" type="guid" keyType="default" value="6732635291182790112"/>
  </Criteria>
 </ResponseRule>
 <ResponseSet id="13680621263372703572">
  <Response dialog="13680621263372703571" id="13680621263372703573" cooldown="0" weight="1" oneshot="0" completeConversation="1" delay="0"/>
 </ResponseSet>
 <ResponseRule id="13680621263372703648" name="Power Plant: Leak Contained 100%" cooldown="" description="Message to let the player know the leak is fixed. " response="13680621263372703683" conversation="1">
  <Criteria>
   <Criterion id="15659330456318451386" value="13680621263372691444" comparison="0" type="guid"/>
   <Criterion id="15659330456318451410" comparison="0" value="onAnnouncementTrigger" fromResponse="0" type="default"/>
   <Criterion comparison="0" passIfMissing="false" id="15659330456318451477" type="guid" keyType="default" value="13680621263359834860"/>
   <Criterion comparison="0" passIfMissing="false" id="10739735956111935346" type="guid" keyType="default" value="6732635291182790112"/>
  </Criteria>
 </ResponseRule>
 <ResponseSet id="13680621263372703683">
  <Response dialog="13680621263372703682" id="13680621263372703684" cooldown="0" weight="1" oneshot="0" completeConversation="0" delay="0"/>
 </ResponseSet>
 <ResponseRule id="13680621263372703733" name="" cooldown="" response="13680621263372703734">
  <Criteria>
   <Criterion id="15659330456318451386" value="13680621263372691444" comparison="0" type="guid"/>
   <Criterion id="15659330456318451410" comparison="0" value="13680621263372703684" fromResponse="1" type="guid"/>
   <Criterion id="15659330456318451477" value="13680621263359834860" comparison="0" type="guid"/>
  </Criteria>
 </ResponseRule>
 <ResponseSet id="13680621263372703734">
  <Response dialog="13680621263372703732" id="13680621263372703735" cooldown="0" weight="1" oneshot="0" completeConversation="1" delay="0.25"/>
 </ResponseSet>
 <ResponseRule id="13680621263375452600" name="Psychotronics: Live Exam Procedure In Progress" cooldown="" description="Messages to describe the state of the experiments in Psychotronics. " response="13680621263375452818" conversation="1">
  <Criteria>
   <Criterion id="15659330456318451386" value="13680621263372691444" comparison="0" type="guid"/>
   <Criterion id="15659330456318451410" comparison="0" value="onAnnouncementTrigger" fromResponse="0" type="default"/>
   <Criterion comparison="0" passIfMissing="false" id="15659330456318451477" type="guid" keyType="default" value="13680621263359834860"/>
   <Criterion comparison="0" passIfMissing="false" id="10739735956111935346" type="guid" keyType="default" value="11824555372632688907"/>
  </Criteria>
 </ResponseRule>
 <ResponseSet id="13680621263375452818">
  <Response dialog="13680621263375452817" id="13680621263375452819" cooldown="0" weight="1" oneshot="0" completeConversation="1" delay="0"/>
 </ResponseSet>
 <ResponseRule id="13680621263375452865" name="Psychotronics: Live Specimen Detected" cooldown="" description="Messages to describe the state of the experiments in Psychotronics. " response="13680621263375452905" conversation="1">
  <Criteria>
   <Criterion id="15659330456318451386" value="13680621263372691444" comparison="0" type="guid"/>
   <Criterion id="15659330456318451410" comparison="0" value="onAnnouncementTrigger" fromResponse="0" type="default"/>
   <Criterion comparison="0" passIfMissing="false" id="15659330456318451477" type="guid" keyType="default" value="13680621263359834860"/>
   <Criterion comparison="0" passIfMissing="false" id="10739735956111935346" type="guid" keyType="default" value="11824555372632688907"/>
  </Criteria>
 </ResponseRule>
 <ResponseSet id="13680621263375452905">
  <Response dialog="13680621263375452904" id="13680621263375452906" cooldown="0" weight="1" oneshot="0" completeConversation="1" delay="0"/>
 </ResponseSet>
 <ResponseRule id="13680621263375452952" name="Psychotronics: Exam Theater Compromised" cooldown="" description="Messages to describe the state of the experiments in Psychotronics. " response="13680621263375453193" conversation="1">
  <Criteria>
   <Criterion id="15659330456318451386" value="13680621263372691444" comparison="0" type="guid"/>
   <Criterion id="15659330456318451410" comparison="0" value="onAnnouncementTrigger" fromResponse="0" type="default"/>
   <Criterion comparison="0" passIfMissing="false" id="15659330456318451477" type="guid" keyType="default" value="13680621263359834860"/>
   <Criterion comparison="0" passIfMissing="false" id="10739735956111935346" type="guid" keyType="default" value="11824555372632688907"/>
  </Criteria>
 </ResponseRule>
 <ResponseSet id="13680621263375453193">
  <Response dialog="13680621263375453192" id="13680621263375453194" cooldown="0" weight="1" oneshot="0" completeConversation="1" delay="0"/>
 </ResponseSet>
 <ResponseRule id="13680621263375453195" name="Psychotronics: Live Exam Done" cooldown="" description="Messages to describe the state of the experiments in Psychotronics. " response="13680621263375453237" conversation="1">
  <Criteria>
   <Criterion id="15659330456318451386" value="13680621263372691444" comparison="0" type="guid"/>
   <Criterion id="15659330456318451410" comparison="0" value="onAnnouncementTrigger" fromResponse="0" type="default"/>
   <Criterion comparison="0" passIfMissing="false" id="15659330456318451477" type="guid" keyType="default" value="13680621263359834860"/>
   <Criterion comparison="0" passIfMissing="false" id="10739735956111935346" type="guid" keyType="default" value="11824555372632688907"/>
  </Criteria>
 </ResponseRule>
 <ResponseSet id="13680621263375453237">
  <Response dialog="13680621263375453236" id="13680621263375453238" cooldown="0" weight="1" oneshot="0" completeConversation="1" delay="0"/>
 </ResponseSet>
 <ResponseRule id="13680621263375454157" name="Psychotronics: Please Activate Psychoscope." cooldown="" description="Messages to describe the state of the experiments in Psychotronics. " response="13680621263375454175" conversation="1">
  <Criteria>
   <Criterion id="15659330456318451386" value="13680621263372691444" comparison="0" type="guid"/>
   <Criterion id="15659330456318451410" comparison="0" value="onAnnouncementTrigger" fromResponse="0" type="default"/>
   <Criterion comparison="0" passIfMissing="false" id="15659330456318451477" type="guid" keyType="default" value="13680621263359834860"/>
   <Criterion comparison="0" passIfMissing="false" id="10739735956111935346" type="guid" keyType="default" value="11824555372632688907"/>
  </Criteria>
 </ResponseRule>
 <ResponseSet id="13680621263375454175">
  <Response dialog="13680621263375454141" id="13680621263375454176" cooldown="0" weight="1" oneshot="0" completeConversation="1" delay="0"/>
 </ResponseSet>
 <ResponseRule id="13680621263375454192" name="Psychotronics: Psychoscope Required Reminder" cooldown="" description="Messages to describe the state of the experiments in Psychotronics. " response="13680621263375454300" conversation="1">
  <Criteria>
   <Criterion id="15659330456318451386" value="13680621263372691444" comparison="0" type="guid"/>
   <Criterion id="15659330456318451410" comparison="0" value="onAnnouncementTrigger" fromResponse="0" type="default"/>
   <Criterion comparison="0" passIfMissing="false" id="15659330456318451477" type="guid" keyType="default" value="13680621263359834860"/>
   <Criterion comparison="0" passIfMissing="false" id="10739735956111935346" type="guid" keyType="default" value="11824555372632688907"/>
  </Criteria>
 </ResponseRule>
 <ResponseSet id="13680621263375454300">
  <Response dialog="13680621263375454299" id="13680621263375454301" cooldown="0" weight="1" oneshot="0" completeConversation="1" delay="0"/>
 </ResponseSet>
 <ResponseRule id="13680621263375459354" name="Psychotronics: Psychoscope Required" cooldown="" description="Messages to describe the state of the experiments in Psychotronics. " response="13680621263375459371" conversation="1">
  <Criteria>
   <Criterion id="15659330456318451386" value="13680621263372691444" comparison="0" type="guid"/>
   <Criterion id="15659330456318451410" comparison="0" value="onAnnouncementTrigger" fromResponse="0" type="default"/>
   <Criterion comparison="0" passIfMissing="false" id="15659330456318451477" type="guid" keyType="default" value="13680621263359834860"/>
   <Criterion comparison="0" passIfMissing="false" id="10739735956111935346" type="guid" keyType="default" value="11824555372632688907"/>
  </Criteria>
 </ResponseRule>
 <ResponseSet id="13680621263375459371">
  <Response dialog="13680621263375459370" id="13680621263375459372" cooldown="0" weight="1" oneshot="0" completeConversation="1" delay="0"/>
 </ResponseSet>
 <ResponseRule id="13680621263375468522" name="GUTs: Pulse Alert" cooldown="" description="Warning message about the magnetic sphere generator state." response="13680621263375468888" conversation="1">
  <Criteria>
   <Criterion id="15659330456318451386" value="13680621263372691444" comparison="0" type="guid"/>
   <Criterion id="15659330456318451410" comparison="0" value="onAnnouncementTrigger" fromResponse="0" type="default"/>
   <Criterion comparison="0" passIfMissing="false" id="15659330456318451477" type="guid" keyType="default" value="13680621263359834860"/>
   <Criterion comparison="0" passIfMissing="false" id="10739735956111935346" type="guid" keyType="default" value="4349723564886052417"/>
  </Criteria>
 </ResponseRule>
 <ResponseSet id="13680621263375468888">
  <Response dialog="13680621263375468887" id="13680621263375468889" cooldown="0" weight="1" oneshot="0" completeConversation="1" delay="0"/>
 </ResponseSet>
 <ResponseRule id="13680621263375469043" name="GUTs: Pulse Starting" cooldown="" description="Warning message about the magnetic sphere generator state." response="13680621263375469074" conversation="1">
  <Criteria>
   <Criterion id="15659330456318451386" value="13680621263372691444" comparison="0" type="guid"/>
   <Criterion id="15659330456318451410" comparison="0" value="onAnnouncementTrigger" fromResponse="0" type="default"/>
   <Criterion comparison="0" passIfMissing="false" id="15659330456318451477" type="guid" keyType="default" value="13680621263359834860"/>
   <Criterion comparison="0" passIfMissing="false" id="10739735956111935346" type="guid" keyType="default" value="4349723564886052417"/>
  </Criteria>
 </ResponseRule>
 <ResponseSet id="13680621263375469074">
  <Response dialog="13680621263375469073" id="13680621263375469075" cooldown="0" weight="1" oneshot="0" completeConversation="0" delay="0"/>
 </ResponseSet>
 <ResponseRule id="13680621263375469093" name="" cooldown="" response="13680621263375469094">
  <Criteria>
   <Criterion id="15659330456318451386" value="13680621263372691444" comparison="0" type="guid"/>
   <Criterion id="15659330456318451410" comparison="0" value="13680621263375469075" fromResponse="1" type="guid"/>
   <Criterion id="15659330456318451477" value="13680621263359834860" comparison="0" type="guid"/>
  </Criteria>
 </ResponseRule>
 <ResponseSet id="13680621263375469094">
  <Response dialog="13680621263375469092" id="13680621263375469095" cooldown="0" weight="1" oneshot="0" completeConversation="0" delay=".6"/>
 </ResponseSet>
 <ResponseRule id="13680621263375469099" name="" cooldown="" response="13680621263375469100">
  <Criteria>
   <Criterion id="15659330456318451386" value="13680621263372691444" comparison="0" type="guid"/>
   <Criterion id="15659330456318451410" comparison="0" value="13680621263375469095" fromResponse="1" type="guid"/>
   <Criterion id="15659330456318451477" value="13680621263359834860" comparison="0" type="guid"/>
  </Criteria>
 </ResponseRule>
 <ResponseSet id="13680621263375469100">
  <Response dialog="13680621263375469098" id="13680621263375469101" cooldown="0" weight="1" oneshot="0" completeConversation="0" delay=".6"/>
 </ResponseSet>
 <ResponseRule id="13680621263375469106" name="" cooldown="" response="13680621263375469107">
  <Criteria>
   <Criterion id="15659330456318451386" value="13680621263372691444" comparison="0" type="guid"/>
   <Criterion id="15659330456318451410" comparison="0" value="13680621263375469101" fromResponse="1" type="guid"/>
   <Criterion id="15659330456318451477" value="13680621263359834860" comparison="0" type="guid"/>
  </Criteria>
 </ResponseRule>
 <ResponseSet id="13680621263375469107">
  <Response dialog="13680621263375469105" id="13680621263375469108" cooldown="0" weight="1" oneshot="0" completeConversation="0" delay=".6"/>
 </ResponseSet>
 <ResponseRule id="13680621263375469110" name="" cooldown="" response="13680621263375469111">
  <Criteria>
   <Criterion id="15659330456318451386" value="13680621263372691444" comparison="0" type="guid"/>
   <Criterion id="15659330456318451410" comparison="0" value="13680621263375469108" fromResponse="1" type="guid"/>
   <Criterion id="15659330456318451477" value="13680621263359834860" comparison="0" type="guid"/>
  </Criteria>
 </ResponseRule>
 <ResponseSet id="13680621263375469111">
  <Response dialog="13680621263375469109" id="13680621263375469112" cooldown="0" weight="1" oneshot="0" completeConversation="0" delay=".6"/>
 </ResponseSet>
 <ResponseRule id="13680621263375469114" name="" cooldown="" response="13680621263375469115">
  <Criteria>
   <Criterion id="15659330456318451386" value="13680621263372691444" comparison="0" type="guid"/>
   <Criterion id="15659330456318451410" comparison="0" value="13680621263375469112" fromResponse="1" type="guid"/>
   <Criterion id="15659330456318451477" value="13680621263359834860" comparison="0" type="guid"/>
  </Criteria>
 </ResponseRule>
 <ResponseSet id="13680621263375469115">
  <Response dialog="13680621263375469113" id="13680621263375469116" cooldown="0" weight="1" oneshot="0" completeConversation="1" delay=".6"/>
 </ResponseSet>
 <ResponseRule id="13680621263375469940" name="GUTs: Magnetosphere Deactivated" cooldown="" description="Warning message about the magnetic sphere generator state." response="13680621263375469978" conversation="1">
  <Criteria>
   <Criterion id="15659330456318451386" value="13680621263372691444" comparison="0" type="guid"/>
   <Criterion id="15659330456318451410" comparison="0" value="onAnnouncementTrigger" fromResponse="0" type="default"/>
   <Criterion comparison="0" passIfMissing="false" id="15659330456318451477" type="guid" keyType="default" value="13680621263359834860"/>
   <Criterion comparison="0" passIfMissing="false" id="10739735956111935346" type="guid" keyType="default" value="4349723564886052417"/>
  </Criteria>
 </ResponseRule>
 <ResponseSet id="13680621263375469978">
  <Response dialog="13680621263375469796" id="13680621263375469979" cooldown="0" weight="1" oneshot="0" completeConversation="0" delay="0"/>
 </ResponseSet>
 <ResponseRule id="13680621263375469987" name="" cooldown="" response="13680621263375469988">
  <Criteria>
   <Criterion id="15659330456318451386" value="13680621263372691444" comparison="0" type="guid"/>
   <Criterion id="15659330456318451410" comparison="0" value="13680621263375469979" fromResponse="1" type="guid"/>
   <Criterion id="15659330456318451477" value="13680621263359834860" comparison="0" type="guid"/>
  </Criteria>
 </ResponseRule>
 <ResponseSet id="13680621263375469988">
  <Response dialog="13680621263375469905" id="13680621263375469989" cooldown="0" weight="1" oneshot="0" completeConversation="1" delay="0.25"/>
 </ResponseSet>
 <ResponseRule id="13680621263375469997" name="GUTs: Magnetosphere Activated" cooldown="" description="Warning message about the magnetic sphere generator state." response="13680621263375470045" conversation="1">
  <Criteria>
   <Criterion id="15659330456318451386" value="13680621263372691444" comparison="0" type="guid"/>
   <Criterion id="15659330456318451410" comparison="0" value="onAnnouncementTrigger" fromResponse="0" type="default"/>
   <Criterion comparison="0" passIfMissing="false" id="15659330456318451477" type="guid" keyType="default" value="13680621263359834860"/>
   <Criterion comparison="0" passIfMissing="false" id="10739735956111935346" type="guid" keyType="default" value="4349723564886052417"/>
  </Criteria>
 </ResponseRule>
 <ResponseRule id="13680621263386368050" name="GUTs: Gravity 1G Warning" cooldown="" description="Warning message about the magnetic sphere generator state." response="13680621263386368167" conversation="1">
  <Criteria>
   <Criterion id="15659330456318451386" value="13680621263372691444" comparison="0" type="guid"/>
   <Criterion id="15659330456318451410" comparison="0" value="onAnnouncementTrigger" fromResponse="0" type="default"/>
   <Criterion comparison="0" passIfMissing="false" id="15659330456318451477" type="guid" keyType="default" value="13680621263359834860"/>
   <Criterion comparison="0" passIfMissing="false" id="10739735956111935346" type="guid" keyType="default" value="4349723564886052417"/>
  </Criteria>
 </ResponseRule>
 <ResponseRule id="13680621263386368069" name="GUTs: Gravity 0G Warning" cooldown="" description="Warning message about the magnetic sphere generator state." response="13680621263386368382" conversation="1">
  <Criteria>
   <Criterion id="15659330456318451386" value="13680621263372691444" comparison="0" type="guid"/>
   <Criterion id="15659330456318451410" comparison="0" value="onAnnouncementTrigger" fromResponse="0" type="default"/>
   <Criterion comparison="0" passIfMissing="false" id="15659330456318451477" type="guid" keyType="default" value="13680621263359834860"/>
   <Criterion comparison="0" passIfMissing="false" id="10739735956111935346" type="guid" keyType="default" value="4349723564886052417"/>
  </Criteria>
 </ResponseRule>
 <ResponseRule id="13680621263386373163" name="GUTs: Gravity 1G Set" cooldown="" description="GUTs: Gravity 1G Set" response="13680621263386373192" conversation="1">
  <Criteria>
   <Criterion id="15659330456318451386" value="13680621263372691444" comparison="0" type="guid"/>
   <Criterion id="15659330456318451410" comparison="0" value="onAnnouncementTrigger" fromResponse="0" type="default"/>
   <Criterion comparison="0" passIfMissing="false" id="15659330456318451477" type="guid" keyType="default" value="13680621263359834860"/>
   <Criterion comparison="0" passIfMissing="false" id="10739735956111935346" type="guid" keyType="default" value="4349723564886052417"/>
  </Criteria>
 </ResponseRule>
 <ResponseRule id="13680621263386373164" name="GUTs: Gravity 0G Set" cooldown="" description="GUTs: Gravity 0G Set" response="13680621263386373211" conversation="1">
  <Criteria>
   <Criterion id="15659330456318451386" value="13680621263372691444" comparison="0" type="guid"/>
   <Criterion id="15659330456318451410" comparison="0" value="onAnnouncementTrigger" fromResponse="0" type="default"/>
   <Criterion comparison="0" passIfMissing="false" id="15659330456318451477" type="guid" keyType="default" value="13680621263359834860"/>
   <Criterion comparison="0" passIfMissing="false" id="10739735956111935346" type="guid" keyType="default" value="4349723564886052417"/>
  </Criteria>
 </ResponseRule>
 <ResponseSet id="13680621263375470045">
  <Response dialog="13680621263375470044" id="13680621263375470046" cooldown="0" weight="1" oneshot="0" completeConversation="1" delay="0"/>
 </ResponseSet>
 <ResponseRule id="13680621263375539688" name="Crew Facilities: Guest Privacy" cooldown="" description="Station PA Announcements. Noon." response="13680621263375540017" conversation="0">
  <Criteria>
   <Criterion id="15659330456318451386" value="13680621263372691444" comparison="0" type="guid"/>
   <Criterion id="15659330456318451410" comparison="0" value="onAnnouncementTrigger" fromResponse="0" type="default"/>
   <Criterion comparison="0" passIfMissing="false" id="15659330456318451477" type="guid" keyType="default" value="13680621263359834860"/>
   <Criterion comparison="0" passIfMissing="false" id="10739735956111935346" type="guid" keyType="default" value="844024417252490146"/>
  </Criteria>
 </ResponseRule>
 <ResponseSet id="13680621263375540017">
  <Response dialog="13680621263375540016" id="13680621263375540018" cooldown="0" weight="1" oneshot="0" completeConversation="1" delay="0"/>
 </ResponseSet>
 <ResponseRule id="13680621263383601487" name="Solar Storm: Solar Storm in 60 Minutes" cooldown="" description="Station PA Announcements. Noon." response="13680621263383601731" conversation="0">
  <Criteria>
   <Criterion id="15659330456318451386" value="13680621263372691444" comparison="0" type="guid"/>
   <Criterion id="15659330456318451410" comparison="0" value="onAnnouncementTrigger" fromResponse="0" type="default"/>
   <Criterion comparison="0" passIfMissing="false" id="15659330456318451477" type="guid" keyType="default" value="13680621263359834860"/>
  </Criteria>
 </ResponseRule>
 <ResponseRule id="13680621263383601608" name="Solar Storm: Solar Storm in 30 Minutes" cooldown="" description="Station PA Announcements. Noon." response="13680621263383602567" conversation="0">
  <Criteria>
   <Criterion id="15659330456318451386" value="13680621263372691444" comparison="0" type="guid"/>
   <Criterion id="15659330456318451410" comparison="0" value="onAnnouncementTrigger" fromResponse="0" type="default"/>
   <Criterion comparison="0" passIfMissing="false" id="15659330456318451477" type="guid" keyType="default" value="13680621263359834860"/>
  </Criteria>
 </ResponseRule>
 <ResponseRule id="13680621263383601616" name="Solar Storm: Solar Storm in 15 Minutes" cooldown="" description="Station PA Announcements. Noon." response="13680621263383602625" conversation="0">
  <Criteria>
   <Criterion id="15659330456318451386" value="13680621263372691444" comparison="0" type="guid"/>
   <Criterion id="15659330456318451410" comparison="0" value="onAnnouncementTrigger" fromResponse="0" type="default"/>
   <Criterion comparison="0" passIfMissing="false" id="15659330456318451477" type="guid" keyType="default" value="13680621263359834860"/>
  </Criteria>
 </ResponseRule>
 <ResponseRule id="13680621263383601625" name="Solar Storm: 10 Minute Warning" cooldown="" description="Station PA Announcements. Noon." response="13680621263383602852" conversation="0">
  <Criteria>
   <Criterion id="15659330456318451386" value="13680621263372691444" comparison="0" type="guid"/>
   <Criterion id="15659330456318451410" comparison="0" value="onAnnouncementTrigger" fromResponse="0" type="default"/>
   <Criterion comparison="0" passIfMissing="false" id="15659330456318451477" type="guid" keyType="default" value="13680621263359834860"/>
  </Criteria>
 </ResponseRule>
 <ResponseRule id="13680621263383601645" name="Solar Storm: 5 Minute Warning" cooldown="" description="Station PA Announcements. Noon." response="13680621263383602882" conversation="0">
  <Criteria>
   <Criterion id="15659330456318451386" value="13680621263372691444" comparison="0" type="guid"/>
   <Criterion id="15659330456318451410" comparison="0" value="onAnnouncementTrigger" fromResponse="0" type="default"/>
   <Criterion comparison="0" passIfMissing="false" id="15659330456318451477" type="guid" keyType="default" value="13680621263359834860"/>
  </Criteria>
 </ResponseRule>
 <ResponseRule id="13680621263383601655" name="Solar Storm: Solar Storm Is Here." cooldown="" description="Station PA Announcements. Noon." response="13680621263383602955" conversation="0">
  <Criteria>
   <Criterion id="15659330456318451386" value="13680621263372691444" comparison="0" type="guid"/>
   <Criterion id="15659330456318451410" comparison="0" value="onAnnouncementTrigger" fromResponse="0" type="default"/>
   <Criterion comparison="0" passIfMissing="false" id="15659330456318451477" type="guid" keyType="default" value="13680621263359834860"/>
  </Criteria>
 </ResponseRule>
 <ResponseRule id="13680621263370126383" name="Station Self Destrcut Initiated" cooldown="" description="Station PA Announcements. The Space Station is about to blow up." response="13680621263370126454" conversation="0">
  <Criteria>
   <Criterion id="15659330456318451386" value="13680621263372691444" comparison="0" type="guid"/>
   <Criterion id="15659330456318451410" comparison="0" value="onAnnouncementTrigger" fromResponse="0" type="default"/>
   <Criterion comparison="0" passIfMissing="false" id="15659330456318451477" type="guid" keyType="default" value="13680621263359834860"/>
  </Criteria>
 </ResponseRule>
 <ResponseSet id="13680621263383601731">
  <Response dialog="13680621263383602377" id="13680621263383601732" cooldown="0" weight="1" oneshot="0" completeConversation="0" delay="0"/>
 </ResponseSet>
 <ResponseRule id="13680621263383601765" name="" cooldown="" response="13680621263383601766">
  <Criteria>
   <Criterion id="15659330456318451386" value="13680621263372691444" comparison="0" type="guid"/>
   <Criterion id="15659330456318451410" comparison="0" value="13680621263383601732" fromResponse="1" type="guid"/>
   <Criterion id="15659330456318451477" value="13680621263359834860" comparison="0" type="guid"/>
  </Criteria>
 </ResponseRule>
 <ResponseSet id="13680621263383601766">
  <Response dialog="13680621263383601764" id="13680621263383601767" cooldown="0" weight="1" oneshot="0" completeConversation="0" delay="0.25"/>
 </ResponseSet>
 <ResponseRule id="13680621263383602378" name="" cooldown="" response="13680621263383602379">
  <Criteria>
   <Criterion id="15659330456318451386" value="13680621263372691444" comparison="0" type="guid"/>
   <Criterion id="15659330456318451410" comparison="0" value="13680621263383601767" fromResponse="1" type="guid"/>
   <Criterion id="15659330456318451477" value="13680621263359834860" comparison="0" type="guid"/>
  </Criteria>
 </ResponseRule>
 <ResponseSet id="13680621263383602379">
  <Response dialog="13680621263383601730" id="13680621263383602380" cooldown="0" weight="1" oneshot="0" completeConversation="1" delay="0.25"/>
 </ResponseSet>
 <ResponseSet id="13680621263383602567">
  <Response dialog="13680621263383602377" id="13680621263383602568" cooldown="0" weight="1" oneshot="0" completeConversation="0" delay="0"/>
 </ResponseSet>
 <ResponseRule id="13680621263383602577" name="" cooldown="" response="13680621263383602578">
  <Criteria>
   <Criterion id="15659330456318451386" value="13680621263372691444" comparison="0" type="guid"/>
   <Criterion id="15659330456318451410" comparison="0" value="13680621263383602568" fromResponse="1" type="guid"/>
   <Criterion id="15659330456318451477" value="13680621263359834860" comparison="0" type="guid"/>
  </Criteria>
 </ResponseRule>
 <ResponseSet id="13680621263383602578">
  <Response dialog="13680621263383601764" id="13680621263383602579" cooldown="0" weight="1" oneshot="0" completeConversation="0" delay="0.25"/>
 </ResponseSet>
 <ResponseRule id="13680621263383602605" name="" cooldown="" response="13680621263383602606">
  <Criteria>
   <Criterion id="15659330456318451386" value="13680621263372691444" comparison="0" type="guid"/>
   <Criterion id="15659330456318451410" comparison="0" value="13680621263383602579" fromResponse="1" type="guid"/>
   <Criterion id="15659330456318451477" value="13680621263359834860" comparison="0" type="guid"/>
  </Criteria>
 </ResponseRule>
 <ResponseSet id="13680621263383602606">
  <Response dialog="13680621263383602604" id="13680621263383602607" cooldown="0" weight="1" oneshot="0" completeConversation="1" delay="0.25"/>
 </ResponseSet>
 <ResponseSet id="13680621263383602625">
  <Response dialog="13680621263383602377" id="13680621263383602626" cooldown="0" weight="1" oneshot="0" completeConversation="0" delay="0"/>
 </ResponseSet>
 <ResponseRule id="13680621263383602632" name="" cooldown="" response="13680621263383602633">
  <Criteria>
   <Criterion id="15659330456318451386" value="13680621263372691444" comparison="0" type="guid"/>
   <Criterion id="15659330456318451410" comparison="0" value="13680621263383602626" fromResponse="1" type="guid"/>
   <Criterion id="15659330456318451477" value="13680621263359834860" comparison="0" type="guid"/>
  </Criteria>
 </ResponseRule>
 <ResponseSet id="13680621263383602633">
  <Response dialog="13680621263383601764" id="13680621263383602634" cooldown="0" weight="1" oneshot="0" completeConversation="0" delay="0.25"/>
 </ResponseSet>
 <ResponseRule id="13680621263383602645" name="" cooldown="" response="13680621263383602646">
  <Criteria>
   <Criterion id="15659330456318451386" value="13680621263372691444" comparison="0" type="guid"/>
   <Criterion id="15659330456318451410" comparison="0" value="13680621263383602634" fromResponse="1" type="guid"/>
   <Criterion id="15659330456318451477" value="13680621263359834860" comparison="0" type="guid"/>
  </Criteria>
 </ResponseRule>
 <ResponseSet id="13680621263383602646">
  <Response dialog="13680621263383602644" id="13680621263383602647" cooldown="0" weight="1" oneshot="0" completeConversation="1" delay="0.25"/>
 </ResponseSet>
 <ResponseSet id="13680621263383602852">
  <Response dialog="13680621263383602851" id="13680621263383602853" cooldown="0" weight="1" oneshot="0" completeConversation="0" delay="0"/>
 </ResponseSet>
 <ResponseRule id="13680621263383602864" name="" cooldown="" response="13680621263383602865">
  <Criteria>
   <Criterion id="15659330456318451386" value="13680621263372691444" comparison="0" type="guid"/>
   <Criterion id="15659330456318451410" comparison="0" value="13680621263383602853" fromResponse="1" type="guid"/>
   <Criterion id="15659330456318451477" value="13680621263359834860" comparison="0" type="guid"/>
  </Criteria>
 </ResponseRule>
 <ResponseSet id="13680621263383602865">
  <Response dialog="13680621263383601764" id="13680621263383602866" cooldown="0" weight="1" oneshot="0" completeConversation="1" delay="0.25"/>
 </ResponseSet>
 <ResponseSet id="13680621263383602882">
  <Response dialog="13680621263383602881" id="13680621263383602883" cooldown="0" weight="1" oneshot="0" completeConversation="0" delay="0"/>
 </ResponseSet>
 <ResponseRule id="13680621263383602928" name="" cooldown="" response="13680621263383602929">
  <Criteria>
   <Criterion id="15659330456318451386" value="13680621263372691444" comparison="0" type="guid"/>
   <Criterion id="15659330456318451410" comparison="0" value="13680621263383602883" fromResponse="1" type="guid"/>
   <Criterion id="15659330456318451477" value="13680621263359834860" comparison="0" type="guid"/>
  </Criteria>
 </ResponseRule>
 <ResponseSet id="13680621263383602929">
  <Response dialog="13680621263383601764" id="13680621263383602930" cooldown="0" weight="1" oneshot="0" completeConversation="1" delay="0.25"/>
 </ResponseSet>
 <ResponseSet id="13680621263383602955">
  <Response dialog="13680621263383602954" id="13680621263383602956" cooldown="0" weight="1" oneshot="0" completeConversation="0" delay="0"/>
 </ResponseSet>
 <ResponseRule id="13680621263383602983" name="" cooldown="" response="13680621263383602984">
  <Criteria>
   <Criterion id="15659330456318451386" value="13680621263372691444" comparison="0" type="guid"/>
   <Criterion id="15659330456318451410" comparison="0" value="13680621263383602956" fromResponse="1" type="guid"/>
   <Criterion id="15659330456318451477" value="13680621263359834860" comparison="0" type="guid"/>
  </Criteria>
 </ResponseRule>
 <ResponseSet id="13680621263383602984">
  <Response dialog="13680621263383602982" id="13680621263383602985" cooldown="0" weight="1" oneshot="0" completeConversation="1" delay="0.25"/>
 </ResponseSet>
 <ResponseSet id="13680621263386368167">
  <Response dialog="13680621263386368166" id="13680621263386368168" cooldown="0" weight="1" oneshot="0" completeConversation="0" delay="0"/>
 </ResponseSet>
 <ResponseRule id="13680621263386368197" name="" cooldown="" response="13680621263386368198">
  <Criteria>
   <Criterion id="15659330456318451386" value="13680621263372691444" comparison="0" type="guid"/>
   <Criterion id="15659330456318451410" comparison="0" value="13680621263386368168" fromResponse="1" type="guid"/>
   <Criterion id="15659330456318451477" value="13680621263359834860" comparison="0" type="guid"/>
  </Criteria>
 </ResponseRule>
 <ResponseSet id="13680621263386368198">
  <Response dialog="13680621263386368196" id="13680621263386368199" cooldown="0" weight="1" oneshot="0" completeConversation="0" delay="3"/>
 </ResponseSet>
 <ResponseRule id="13680621263386368204" name="" cooldown="" response="13680621263386368205">
  <Criteria>
   <Criterion id="15659330456318451386" value="13680621263372691444" comparison="0" type="guid"/>
   <Criterion id="15659330456318451410" comparison="0" value="13680621263386368199" fromResponse="1" type="guid"/>
   <Criterion id="15659330456318451477" value="13680621263359834860" comparison="0" type="guid"/>
  </Criteria>
 </ResponseRule>
 <ResponseSet id="13680621263386368205">
  <Response dialog="13680621263375469105" id="13680621263386368206" cooldown="0" weight="1" oneshot="0" completeConversation="0" delay="1"/>
 </ResponseSet>
 <ResponseRule id="13680621263386368210" name="" cooldown="" response="13680621263386368211">
  <Criteria>
   <Criterion id="15659330456318451386" value="13680621263372691444" comparison="0" type="guid"/>
   <Criterion id="15659330456318451410" comparison="0" value="13680621263386368206" fromResponse="1" type="guid"/>
   <Criterion id="15659330456318451477" value="13680621263359834860" comparison="0" type="guid"/>
  </Criteria>
 </ResponseRule>
 <ResponseSet id="13680621263386368211">
  <Response dialog="13680621263375469109" id="13680621263386368212" cooldown="0" weight="1" oneshot="0" completeConversation="0" delay="1"/>
 </ResponseSet>
 <ResponseRule id="13680621263386368214" name="" cooldown="" response="13680621263386368215">
  <Criteria>
   <Criterion id="15659330456318451386" value="13680621263372691444" comparison="0" type="guid"/>
   <Criterion id="15659330456318451410" comparison="0" value="13680621263386368212" fromResponse="1" type="guid"/>
   <Criterion id="15659330456318451477" value="13680621263359834860" comparison="0" type="guid"/>
  </Criteria>
 </ResponseRule>
 <ResponseSet id="13680621263386368215">
  <Response dialog="13680621263375469113" id="13680621263386368216" cooldown="0" weight="1" oneshot="0" completeConversation="1" delay="1"/>
 </ResponseSet>
 <ResponseSet id="13680621263386368382">
  <Response dialog="13680621263386368381" id="13680621263386368383" cooldown="0" weight="1" oneshot="0" completeConversation="0" delay="0"/>
 </ResponseSet>
 <ResponseRule id="13680621263386368424" name="" cooldown="" response="13680621263386368425">
  <Criteria>
   <Criterion id="15659330456318451386" value="13680621263372691444" comparison="0" type="guid"/>
   <Criterion id="15659330456318451410" comparison="0" value="13680621263386368383" fromResponse="1" type="guid"/>
   <Criterion id="15659330456318451477" value="13680621263359834860" comparison="0" type="guid"/>
  </Criteria>
 </ResponseRule>
 <ResponseSet id="13680621263386368425">
  <Response dialog="13680621263386368196" id="13680621263386368426" cooldown="0" weight="1" oneshot="0" completeConversation="0" delay="3"/>
 </ResponseSet>
 <ResponseRule id="13680621263386368490" name="" cooldown="" response="13680621263386368491">
  <Criteria>
   <Criterion id="15659330456318451386" value="13680621263372691444" comparison="0" type="guid"/>
   <Criterion id="15659330456318451410" comparison="0" value="13680621263386368426" fromResponse="1" type="guid"/>
   <Criterion id="15659330456318451477" value="13680621263359834860" comparison="0" type="guid"/>
  </Criteria>
 </ResponseRule>
 <ResponseSet id="13680621263386368491">
  <Response dialog="13680621263375469105" id="13680621263386368492" cooldown="0" weight="1" oneshot="0" completeConversation="0" delay="1"/>
 </ResponseSet>
 <ResponseRule id="13680621263386368499" name="" cooldown="" response="13680621263386368500">
  <Criteria>
   <Criterion id="15659330456318451386" value="13680621263372691444" comparison="0" type="guid"/>
   <Criterion id="15659330456318451410" comparison="0" value="13680621263386368492" fromResponse="1" type="guid"/>
   <Criterion id="15659330456318451477" value="13680621263359834860" comparison="0" type="guid"/>
  </Criteria>
 </ResponseRule>
 <ResponseSet id="13680621263386368500">
  <Response dialog="13680621263375469109" id="13680621263386368501" cooldown="0" weight="1" oneshot="0" completeConversation="0" delay="1"/>
 </ResponseSet>
 <ResponseRule id="13680621263386368506" name="" cooldown="" response="13680621263386368507">
  <Criteria>
   <Criterion id="15659330456318451386" value="13680621263372691444" comparison="0" type="guid"/>
   <Criterion id="15659330456318451410" comparison="0" value="13680621263386368501" fromResponse="1" type="guid"/>
   <Criterion id="15659330456318451477" value="13680621263359834860" comparison="0" type="guid"/>
  </Criteria>
 </ResponseRule>
 <ResponseSet id="13680621263386368507">
  <Response dialog="13680621263375469113" id="13680621263386368508" cooldown="0" weight="1" oneshot="0" completeConversation="1" delay="1"/>
 </ResponseSet>
 <ResponseSet id="13680621263386373192">
  <Response dialog="13680621263386368255" id="13680621263386373193" cooldown="0" weight="1" oneshot="0" completeConversation="1" delay="0"/>
 </ResponseSet>
 <ResponseSet id="13680621263386373211">
  <Response dialog="13680621263386368547" id="13680621263386373212" cooldown="0" weight="1" oneshot="0" completeConversation="1" delay="0"/>
 </ResponseSet>
 <ResponseSet id="13680621263391723438">
  <Response dialog="16807384143800447820" id="13680621263391723439" cooldown="0" weight="1" oneshot="0" completeConversation="0" delay="0" cutoff="0"/>
 </ResponseSet>
 <ResponseRule id="13680621263391723643" name="" cooldown="" response="13680621263391723644">
  <Criteria>
   <Criterion id="15659330456318451386" value="13680621263372691444" comparison="0" type="guid"/>
   <Criterion id="15659330456318451410" comparison="0" value="13680621263391723439" fromResponse="1" type="guid"/>
   <Criterion id="15659330456318451477" value="13680621263359834860" comparison="0" type="guid"/>
  </Criteria>
 </ResponseRule>
 <ResponseSet id="13680621263391723644">
  <Response dialog="16807384143800447822" id="13680621263391723645" cooldown="0" weight="1" oneshot="0" completeConversation="1" delay="0.25" cutoff="0"/>
 </ResponseSet>
 <ResponseSet id="13680621263391724017">
  <Response dialog="16807384143800447826" id="13680621263391724018" cooldown="0" weight="1" oneshot="0" completeConversation="1" delay="0" cutoff="0"/>
 </ResponseSet>
 <ResponseSet id="13680621263391724455">
  <Response dialog="16807384143800447830" id="13680621263391724456" cooldown="0" weight="1" oneshot="0" completeConversation="0" delay="0" cutoff="0"/>
 </ResponseSet>
 <ResponseRule id="13680621263391724475" name="" cooldown="" response="13680621263391724476">
  <Criteria>
   <Criterion id="15659330456318451386" value="13680621263372691444" comparison="0" type="guid"/>
   <Criterion id="15659330456318451410" comparison="0" value="13680621263391724456" fromResponse="1" type="guid"/>
   <Criterion id="15659330456318451477" value="13680621263359834860" comparison="0" type="guid"/>
  </Criteria>
 </ResponseRule>
 <ResponseSet id="13680621263391724476">
  <Response dialog="16807384143800447831" id="13680621263391724477" cooldown="0" weight="1" oneshot="0" completeConversation="1" delay="0.25" cutoff="0"/>
 </ResponseSet>
 <ResponseRule id="13680621263391724732" name="" cooldown="" response="13680621263391724733">
  <Criteria>
   <Criterion id="15659330456318451386" value="13680621263372691444" comparison="0" type="guid"/>
   <Criterion id="15659330456318451410" comparison="0" value="13680621263359896951" fromResponse="1" type="guid"/>
   <Criterion id="15659330456318451477" value="13680621263359834860" comparison="0" type="guid"/>
  </Criteria>
 </ResponseRule>
 <ResponseSet id="13680621263391724733">
  <Response dialog="13680621263391724731" id="13680621263391724734" cooldown="0" weight="1" oneshot="0" completeConversation="1" delay="0.25" cutoff="0"/>
 </ResponseSet>
 <ResponseRule id="13680621263391724805" name="" cooldown="" response="13680621263391724806">
  <Criteria>
   <Criterion id="15659330456318451386" value="13680621263372691444" comparison="0" type="guid"/>
   <Criterion id="15659330456318451410" comparison="0" value="13680621263359899269" fromResponse="1" type="guid"/>
   <Criterion id="15659330456318451477" value="13680621263359834860" comparison="0" type="guid"/>
  </Criteria>
 </ResponseRule>
 <ResponseSet id="13680621263391724806">
  <Response dialog="13680621263391724804" id="13680621263391724807" cooldown="0" weight="1" oneshot="0" completeConversation="1" delay="0.25" cutoff="0"/>
 </ResponseSet>
 <ResponseRule id="13680621263391725366" name="" cooldown="" response="13680621263391725367">
  <Criteria>
   <Criterion id="15659330456318451386" value="13680621263372691444" comparison="0" type="guid"/>
   <Criterion id="15659330456318451410" comparison="0" value="4349723564912484371" fromResponse="1" type="guid"/>
   <Criterion id="15659330456318451477" value="13680621263359834860" comparison="0" type="guid"/>
  </Criteria>
 </ResponseRule>
 <ResponseSet id="13680621263391725367">
  <Response dialog="13680621263391725365" id="13680621263391725368" cooldown="0" weight="1" oneshot="0" completeConversation="0" delay="0.25" cutoff="0"/>
 </ResponseSet>
 <ResponseRule id="13680621263391725383" name="" cooldown="" response="13680621263391725384">
  <Criteria>
   <Criterion id="15659330456318451386" value="13680621263372691444" comparison="0" type="guid"/>
   <Criterion id="15659330456318451410" comparison="0" value="13680621263391725368" fromResponse="1" type="guid"/>
   <Criterion id="15659330456318451477" value="13680621263359834860" comparison="0" type="guid"/>
  </Criteria>
 </ResponseRule>
 <ResponseSet id="13680621263391725384">
  <Response dialog="16807384143800448064" id="13680621263391725385" cooldown="0" weight="1" oneshot="0" completeConversation="1" delay="0.25" cutoff="0"/>
 </ResponseSet>
 <ResponseRule id="13680621263391725580" name="" cooldown="" response="13680621263391725581">
  <Criteria>
   <Criterion id="15659330456318451386" value="13680621263372691444" comparison="0" type="guid"/>
   <Criterion id="15659330456318451410" comparison="0" value="4349723564912484879" fromResponse="1" type="guid"/>
   <Criterion id="15659330456318451477" value="13680621263359834860" comparison="0" type="guid"/>
  </Criteria>
 </ResponseRule>
 <ResponseSet id="13680621263391725581">
  <Response dialog="13680621263391725579" id="13680621263391725582" cooldown="0" weight="1" oneshot="0" completeConversation="0" delay="0.25" cutoff="0"/>
 </ResponseSet>
 <ResponseRule id="13680621263391725584" name="" cooldown="" response="13680621263391725585">
  <Criteria>
   <Criterion id="15659330456318451386" value="13680621263372691444" comparison="0" type="guid"/>
   <Criterion id="15659330456318451410" comparison="0" value="13680621263391725582" fromResponse="1" type="guid"/>
   <Criterion id="15659330456318451477" value="13680621263359834860" comparison="0" type="guid"/>
  </Criteria>
 </ResponseRule>
 <ResponseSet id="13680621263391725585">
  <Response dialog="13680621263391725583" id="13680621263391725586" cooldown="0" weight="1" oneshot="0" completeConversation="1" delay="0.25" cutoff="0"/>
 </ResponseSet>
 <ResponseRule id="13680621263391728535" name="" cooldown="" response="13680621263391728536">
  <Criteria>
   <Criterion id="15659330456318451386" value="13680621263372691444" comparison="0" type="guid"/>
   <Criterion id="15659330456318451410" comparison="0" value="13680621263370126455" fromResponse="1" type="guid"/>
   <Criterion id="15659330456318451477" value="13680621263359834860" comparison="0" type="guid"/>
  </Criteria>
 </ResponseRule>
 <ResponseSet id="13680621263391728536">
  <Response dialog="13680621263391728534" id="13680621263391728537" cooldown="0" weight="1" oneshot="0" completeConversation="1" delay="0.25" cutoff="0"/>
 </ResponseSet>
 <ResponseRule id="4349723564946013731" name="Station Self Destrcut Initiated. 30 Minutes" cooldown="" description="Station PA Announcements. The Space Station is about to blow up." response="4349723564946014078" conversation="0">
  <Criteria>
   <Criterion id="15659330456318451386" value="13680621263372691444" comparison="0" type="guid"/>
   <Criterion id="15659330456318451410" comparison="0" value="onAnnouncementTrigger" fromResponse="0" type="default"/>
   <Criterion comparison="0" passIfMissing="false" id="15659330456318451477" type="guid" keyType="default" value="13680621263359834860"/>
  </Criteria>
 </ResponseRule>
 <ResponseRule id="4349723564946013753" name="Station Self Destrcut Initiated. 25 Minutes" cooldown="" description="Station PA Announcements. The Space Station is about to blow up." response="4349723564946014063" conversation="0">
  <Criteria>
   <Criterion id="15659330456318451386" value="13680621263372691444" comparison="0" type="guid"/>
   <Criterion id="15659330456318451410" comparison="0" value="onAnnouncementTrigger" fromResponse="0" type="default"/>
   <Criterion comparison="0" passIfMissing="false" id="15659330456318451477" type="guid" keyType="default" value="13680621263359834860"/>
  </Criteria>
 </ResponseRule>
 <ResponseRule id="4349723564946013774" name="Station Self Destrcut Initiated. 20 Minutes" cooldown="" description="Station PA Announcements. The Space Station is about to blow up." response="4349723564946014042" conversation="0">
  <Criteria>
   <Criterion id="15659330456318451386" value="13680621263372691444" comparison="0" type="guid"/>
   <Criterion id="15659330456318451410" comparison="0" value="onAnnouncementTrigger" fromResponse="0" type="default"/>
   <Criterion comparison="0" passIfMissing="false" id="15659330456318451477" type="guid" keyType="default" value="13680621263359834860"/>
  </Criteria>
 </ResponseRule>
 <ResponseRule id="4349723564946013783" name="Station Self Destrcut Initiated. 15 Minutes" cooldown="" description="Station PA Announcements. The Space Station is about to blow up." response="4349723564946014025" conversation="0">
  <Criteria>
   <Criterion id="15659330456318451386" value="13680621263372691444" comparison="0" type="guid"/>
   <Criterion id="15659330456318451410" comparison="0" value="onAnnouncementTrigger" fromResponse="0" type="default"/>
   <Criterion comparison="0" passIfMissing="false" id="15659330456318451477" type="guid" keyType="default" value="13680621263359834860"/>
  </Criteria>
 </ResponseRule>
 <ResponseRule id="4349723564946013794" name="Station Self Destrcut Initiated. 10 Minutes" cooldown="" description="Station PA Announcements. The Space Station is about to blow up." response="4349723564946014007" conversation="0">
  <Criteria>
   <Criterion id="15659330456318451386" value="13680621263372691444" comparison="0" type="guid"/>
   <Criterion id="15659330456318451410" comparison="0" value="onAnnouncementTrigger" fromResponse="0" type="default"/>
   <Criterion comparison="0" passIfMissing="false" id="15659330456318451477" type="guid" keyType="default" value="13680621263359834860"/>
  </Criteria>
 </ResponseRule>
 <ResponseRule id="4349723564946013804" name="Station Self Destrcut Initiated. 5 Minutes" cooldown="" description="Station PA Announcements. The Space Station is about to blow up." response="4349723564946013987" conversation="0">
  <Criteria>
   <Criterion id="15659330456318451386" value="13680621263372691444" comparison="0" type="guid"/>
   <Criterion id="15659330456318451410" comparison="0" value="onAnnouncementTrigger" fromResponse="0" type="default"/>
   <Criterion comparison="0" passIfMissing="false" id="15659330456318451477" type="guid" keyType="default" value="13680621263359834860"/>
  </Criteria>
 </ResponseRule>
 <ResponseRule id="4349723564946013636" name="Station Self Destrcut Initiated. Final Countdown" cooldown="" description="Station PA Announcements. The Space Station is about to blow up." response="4349723564946013873" conversation="0">
  <Criteria>
   <Criterion id="15659330456318451386" value="13680621263372691444" comparison="0" type="guid"/>
   <Criterion id="15659330456318451410" comparison="0" value="onAnnouncementTrigger" fromResponse="0" type="default"/>
   <Criterion comparison="0" passIfMissing="false" id="15659330456318451477" type="guid" keyType="default" value="13680621263359834860"/>
  </Criteria>
 </ResponseRule>
 <ResponseSet id="4349723564946013873">
  <Response dialog="13680621263375469092" id="4349723564946013874" cooldown="0" weight="1" oneshot="0" completeConversation="0" delay="0" cutoff="0"/>
 </ResponseSet>
 <ResponseRule id="4349723564946013886" name="" cooldown="" response="4349723564946013887">
  <Criteria>
   <Criterion id="15659330456318451386" value="13680621263372691444" comparison="0" type="guid"/>
   <Criterion id="15659330456318451410" comparison="0" value="4349723564946013874" fromResponse="1" type="guid"/>
   <Criterion id="15659330456318451477" value="13680621263359834860" comparison="0" type="guid"/>
  </Criteria>
 </ResponseRule>
 <ResponseSet id="4349723564946013887">
  <Response dialog="13680621263375469098" id="4349723564946013888" cooldown="0" weight="1" oneshot="0" completeConversation="0" delay="0" cutoff="0"/>
 </ResponseSet>
 <ResponseRule id="4349723564946013898" name="" cooldown="" response="4349723564946013899">
  <Criteria>
   <Criterion id="15659330456318451386" value="13680621263372691444" comparison="0" type="guid"/>
   <Criterion id="15659330456318451410" comparison="0" value="4349723564946013888" fromResponse="1" type="guid"/>
   <Criterion id="15659330456318451477" value="13680621263359834860" comparison="0" type="guid"/>
  </Criteria>
 </ResponseRule>
 <ResponseSet id="4349723564946013899">
  <Response dialog="13680621263375469105" id="4349723564946013900" cooldown="0" weight="1" oneshot="0" completeConversation="0" delay="0" cutoff="0"/>
 </ResponseSet>
 <ResponseRule id="4349723564946013911" name="" cooldown="" response="4349723564946013912">
  <Criteria>
   <Criterion id="15659330456318451386" value="13680621263372691444" comparison="0" type="guid"/>
   <Criterion id="15659330456318451410" comparison="0" value="4349723564946013900" fromResponse="1" type="guid"/>
   <Criterion id="15659330456318451477" value="13680621263359834860" comparison="0" type="guid"/>
  </Criteria>
 </ResponseRule>
 <ResponseSet id="4349723564946013912">
  <Response dialog="13680621263375469109" id="4349723564946013913" cooldown="0" weight="1" oneshot="0" completeConversation="0" delay="0" cutoff="0"/>
 </ResponseSet>
 <ResponseRule id="4349723564946013923" name="" cooldown="" response="4349723564946013924">
  <Criteria>
   <Criterion id="15659330456318451386" value="13680621263372691444" comparison="0" type="guid"/>
   <Criterion id="15659330456318451410" comparison="0" value="4349723564946013913" fromResponse="1" type="guid"/>
   <Criterion id="15659330456318451477" value="13680621263359834860" comparison="0" type="guid"/>
  </Criteria>
 </ResponseRule>
 <ResponseSet id="4349723564946013924">
  <Response dialog="13680621263375469113" id="4349723564946013925" cooldown="0" weight="1" oneshot="0" completeConversation="1" delay="0" cutoff="0"/>
 </ResponseSet>
 <ResponseSet id="4349723564946013987">
  <Response dialog="13680621263391728903" id="4349723564946013988" cooldown="0" weight="1" oneshot="0" completeConversation="1" delay="0" cutoff="0"/>
 </ResponseSet>
 <ResponseSet id="4349723564946014007">
  <Response dialog="13680621263391728892" id="4349723564946014008" cooldown="0" weight="1" oneshot="0" completeConversation="1" delay="0" cutoff="0"/>
 </ResponseSet>
 <ResponseSet id="4349723564946014025">
  <Response dialog="13680621263391728876" id="4349723564946014026" cooldown="0" weight="1" oneshot="0" completeConversation="1" delay="0" cutoff="0"/>
 </ResponseSet>
 <ResponseSet id="4349723564946014042">
  <Response dialog="13680621263391728841" id="4349723564946014043" cooldown="0" weight="1" oneshot="0" completeConversation="1" delay="0" cutoff="0"/>
 </ResponseSet>
 <ResponseSet id="4349723564946014063">
  <Response dialog="13680621263391728927" id="4349723564946014064" cooldown="0" weight="1" oneshot="0" completeConversation="1" delay="0" cutoff="0"/>
 </ResponseSet>
 <ResponseSet id="4349723564946014078">
  <Response dialog="13680621263391728938" id="4349723564946014079" cooldown="0" weight="1" oneshot="0" completeConversation="1" delay="0" cutoff="0"/>
 </ResponseSet>
</ResponseRules>