
<ResponseRules>
 <WritebackKeys>
  <WritebackKey id="4349723564913870940" name="TaliaBrooksMention"/>
  <WritebackKey id="4349723564927780687" name="WifeDone"/>
 </WritebackKeys>
 <ResponseRule id="4349723564910659045" name="Kevin Hague Guard Duty Bark 1" cooldown="" oneshot="0" response="4349723564910659126" description="He is standing guard in the Cargo Bay. Just beyond the doors and windows there are unimaginable horrors stalking about, so tension is very high. The guards here have witnessed a great deal of death and chaos in the last few hours. " conversation="1">
  <Criteria>
   <Criterion id="15659330456318451386" value="13680621263353786198" comparison="0" type="guid"/>
   <Criterion id="15659330456318451410" comparison="0" value="onUsed" fromResponse="0" type="default"/>
   <Criterion comparison="0" passIfMissing="false" id="15659330456318451477" type="guid" keyType="default" value="4349723564907034829"/>
   <Criterion comparison="0" passIfMissing="false" id="4349723564927784871" keyType="task"/>
   <Criterion comparison="0" passIfMissing="false" id="10739735956111935346" type="guid" keyType="default" value="15659330456296333985"/>
   <Criterion comparison="0" passIfMissing="false" id="5310807215636213157" type="default" keyType="default" value="0"/>
   <Criterion comparison="0" passIfMissing="false" id="10850392949532183294" type="default" keyType="default" value=""/>
  </Criteria>
 </ResponseRule>
 <ResponseSet id="4349723564910659126">
  <Response dialog="4349723564910659125" id="4349723564910659127" cooldown="0" weight="1" oneshot="true" completeConversation="1" targetId="0" targetType="1" speakerTrackMethod="3" targetTrackMethod="0"/>
  <Response dialog="4349723564930184915" id="4349723564930184916" cooldown="0" weight="1" oneshot="true" completeConversation="1" delay="0" targetId="0" targetType="1" speakerTrackMethod="3" targetTrackMethod="0" emotion="15659330456346423977"/>
  <Response dialog="4349723564930184926" id="4349723564930184927" cooldown="0" weight="1" oneshot="true" completeConversation="1" delay="0" targetId="0" targetType="1" speakerTrackMethod="3" targetTrackMethod="0" emotion="15659330456346423977"/>
  <Response dialog="4349723564930184935" id="4349723564930184936" cooldown="0" weight="1" oneshot="true" completeConversation="1" delay="0" targetId="0" targetType="1" speakerTrackMethod="3" targetTrackMethod="0" emotion="15659330456346423977"/>
 </ResponseSet>
 <ResponseRule id="4349723564912493110" name="Kevin Hague player futz with door" cooldown="" oneshot="1" response="4349723564912493164" conversation="1" description="The door seals off Cargo Bay from the alien swarm outside, and Morgan has just started tampering with the lock that keeps it closed.">
  <Criteria>
   <Criterion id="15659330456318451386" value="13680621263353786198" comparison="0" type="guid"/>
   <Criterion id="15659330456318451410" comparison="0" value="onConversationTrigger" fromResponse="0" type="default"/>
   <Criterion comparison="0" passIfMissing="false" id="15659330456318451477" type="guid" keyType="default" value="4349723564907034829"/>
   <Criterion comparison="0" passIfMissing="false" id="10739735956111935346" type="guid" keyType="default" value="15659330456296333985"/>
   <Criterion comparison="0" passIfMissing="false" id="5310807215636213157" type="default" keyType="default" value="0"/>
   <Criterion comparison="0" passIfMissing="false" id="10850392949532183294" type="default" keyType="default" value=""/>
  </Criteria>
 </ResponseRule>
 <ResponseSet id="4349723564912493164">
  <Response dialog="4349723564912493163" id="4349723564912493165" cooldown="0" weight="1" oneshot="0" completeConversation="0" delay="0" targetId="0" targetType="1" speakerTrackMethod="3" targetTrackMethod="0" emotion="3152439162748318026"/>
 </ResponseSet>
 <ResponseRule id="4349723564913617939" name="Kevin Hague Aliens Defeated" cooldown="" oneshot="1" response="4349723564913618041" description="Security guards have been trapped by a swarm of aliens and holding out for a miracle, and Morgan has delivered it to them. Morgan made turrets that, combined with the security small-arms fire, wiped out the attacking aliens in this section. " conversation="1">
  <Criteria>
   <Criterion id="15659330456318451386" value="13680621263353786198" comparison="0" type="guid"/>
   <Criterion id="15659330456318451410" comparison="0" value="onUsed" fromResponse="0" type="default"/>
   <Criterion comparison="0" passIfMissing="false" id="15659330456318451477" type="guid" keyType="default" value="4349723564907034829"/>
   <Criterion comparison="0" passIfMissing="false" id="845010755" keyType="gameToken" value="1"/>
   <Criterion comparison="0" passIfMissing="false" id="10739735956111935346" type="guid" keyType="default" value="15659330456296333985"/>
   <Criterion comparison="0" passIfMissing="false" id="5310807215636213157" type="default" keyType="default" value="0"/>
   <Criterion comparison="0" passIfMissing="false" id="10850392949532183294" type="default" keyType="default" value=""/>
  </Criteria>
 </ResponseRule>
 <ResponseRule id="4349723564913677829" name="Kevin Hague Mourns Sarah" cooldown="" oneshot="0" response="4349723564913678145" description="The Chief of Security, Sarah Elazar, died in combat with the aliens. Even though the security forces won they mourn her death. She enabled them to survive this far." conversation="1" priority="1">
  <Criteria>
   <Criterion id="15659330456318451386" value="13680621263353786198" comparison="0" type="guid"/>
   <Criterion id="15659330456318451410" comparison="0" value="onPlayerLoiter" fromResponse="0" type="default"/>
   <Criterion comparison="0" passIfMissing="false" id="15659330456318451477" type="guid" keyType="default" value="4349723564907034829"/>
   <Criterion comparison="0" passIfMissing="false" id="1230984417" keyType="gameToken" value="1"/>
   <Criterion comparison="0" passIfMissing="false" id="10850392949532183301" type="default" keyType="default" value=""/>
   <Criterion comparison="0" passIfMissing="false" id="10739735956111935346" type="guid" keyType="default" value="15659330456296333985"/>
   <Criterion comparison="0" passIfMissing="false" id="5310807215636213157" type="default" keyType="default" value="0"/>
   <Criterion comparison="0" passIfMissing="false" id="10850392949532183294" type="default" keyType="default" value=""/>
  </Criteria>
 </ResponseRule>
 <ResponseSet id="4349723564913618041">
  <Response dialog="4349723564913618040" id="4349723564913618042" cooldown="0" weight="1" oneshot="0" completeConversation="1" delay="0" targetId="0" targetType="1" speakerTrackMethod="3" targetTrackMethod="0" emotion="3152439162748318087"/>
 </ResponseSet>
 <ResponseRule id="4349723564913618109" name="Kevin Hague Mourns Dwayne" cooldown="" oneshot="1" response="4349723564913618175" description="Security guard mourns a fallen comrade that was killed when they went into battle with a horde of aliens." conversation="1" priority="1">
  <Criteria>
   <Criterion id="15659330456318451386" value="13680621263353786198" comparison="0" type="guid"/>
   <Criterion id="15659330456318451410" comparison="0" value="onConversationTrigger" fromResponse="0" type="default"/>
   <Criterion comparison="0" passIfMissing="false" id="15659330456318451477" type="guid" keyType="default" value="4349723564907034829"/>
   <Criterion comparison="0" passIfMissing="false" id="10850392949532183301" type="default" keyType="default" value=""/>
   <Criterion comparison="0" passIfMissing="false" id="10739735956111935346" type="guid" keyType="default" value="15659330456296333985"/>
   <Criterion comparison="0" passIfMissing="false" id="5310807215636213157" type="default" keyType="default" value="0"/>
   <Criterion comparison="0" passIfMissing="false" id="10850392949532183294" type="default" keyType="default" value=""/>
  </Criteria>
 </ResponseRule>
 <ResponseSet id="4349723564913618175">
  <Response dialog="4349723564913618174" id="4349723564913618176" cooldown="0" weight="1" oneshot="0" completeConversation="1" delay="0" emotion="3152439162748318046" targetId="4349723564907034797" targetType="2" speakerTrackMethod="3" targetTrackMethod="0"/>
 </ResponseSet>
 <ResponseRule id="4349723564913677815" name="Kevin Hague Mourns Sam" cooldown="" oneshot="1" response="4349723564913678187" description="Security guard mourns a fallen comrade that was killed when they went into battle with a horde of aliens." conversation="1" priority="1">
  <Criteria>
   <Criterion id="15659330456318451386" value="13680621263353786198" comparison="0" type="guid"/>
   <Criterion id="15659330456318451410" comparison="0" value="onConversationTrigger" fromResponse="0" type="default"/>
   <Criterion comparison="0" passIfMissing="false" id="15659330456318451477" type="guid" keyType="default" value="4349723564907034829"/>
   <Criterion comparison="0" passIfMissing="false" id="10850392949532183301" type="default" keyType="default" value=""/>
   <Criterion comparison="0" passIfMissing="false" id="10739735956111935346" type="guid" keyType="default" value="15659330456296333985"/>
   <Criterion comparison="0" passIfMissing="false" id="5310807215636213157" type="default" keyType="default" value="0"/>
   <Criterion comparison="0" passIfMissing="false" id="10850392949532183294" type="default" keyType="default" value=""/>
  </Criteria>
 </ResponseRule>
 <ResponseRule id="4349723564913677825" name="Kevin Hague Mourns Tamiko" cooldown="" oneshot="1" response="4349723564913678217" description="Security guard mourns a fallen comrade that was killed when they went into battle with a horde of aliens." conversation="1" priority="1">
  <Criteria>
   <Criterion id="15659330456318451386" value="13680621263353786198" comparison="0" type="guid"/>
   <Criterion id="15659330456318451410" comparison="0" value="onConversationTrigger" fromResponse="0" type="default"/>
   <Criterion comparison="0" passIfMissing="false" id="15659330456318451477" type="guid" keyType="default" value="4349723564907034829"/>
   <Criterion comparison="0" passIfMissing="false" id="10850392949532183301" type="default" keyType="default" value=""/>
   <Criterion comparison="0" passIfMissing="false" id="10739735956111935346" type="guid" keyType="default" value="15659330456296333985"/>
   <Criterion comparison="0" passIfMissing="false" id="5310807215636213157" type="default" keyType="default" value="0"/>
   <Criterion comparison="0" passIfMissing="false" id="10850392949532183294" type="default" keyType="default" value=""/>
  </Criteria>
 </ResponseRule>
 <ResponseRule id="4349723564930185258" name="Kevin Hague Mourns Alfred" cooldown="" oneshot="1" response="4349723564930185274" description="Security guard mourns a fallen comrade that was killed when they went into battle with a horde of aliens." conversation="1" priority="1">
  <Criteria>
   <Criterion id="15659330456318451386" value="13680621263353786198" comparison="0" type="guid"/>
   <Criterion id="15659330456318451410" comparison="0" value="onConversationTrigger" fromResponse="0" type="default"/>
   <Criterion comparison="0" passIfMissing="false" id="15659330456318451477" type="guid" keyType="default" value="4349723564907034829"/>
   <Criterion comparison="0" passIfMissing="false" id="10850392949532183301" type="default" keyType="default" value=""/>
   <Criterion comparison="0" passIfMissing="false" id="10739735956111935346" type="guid" keyType="default" value="15659330456296333985"/>
   <Criterion comparison="0" passIfMissing="false" id="5310807215636213157" type="default" keyType="default" value="0"/>
   <Criterion comparison="0" passIfMissing="false" id="10850392949532183294" type="default" keyType="default" value=""/>
  </Criteria>
 </ResponseRule>
 <ResponseRule id="4349723564930185328" name="Kevin Hague Mourns Austin" cooldown="" oneshot="1" response="4349723564930185349" description="Security guard mourns a fallen comrade that was killed when they went into battle with a horde of aliens." conversation="1" priority="1">
  <Criteria>
   <Criterion id="15659330456318451386" value="13680621263353786198" comparison="0" type="guid"/>
   <Criterion id="15659330456318451410" comparison="0" value="onConversationTrigger" fromResponse="0" type="default"/>
   <Criterion comparison="0" passIfMissing="false" id="15659330456318451477" type="guid" keyType="default" value="4349723564907034829"/>
   <Criterion comparison="0" passIfMissing="false" id="10850392949532183301" type="default" keyType="default" value=""/>
   <Criterion comparison="0" passIfMissing="false" id="10739735956111935346" type="guid" keyType="default" value="15659330456296333985"/>
   <Criterion comparison="0" passIfMissing="false" id="5310807215636213157" type="default" keyType="default" value="0"/>
   <Criterion comparison="0" passIfMissing="false" id="10850392949532183294" type="default" keyType="default" value=""/>
  </Criteria>
 </ResponseRule>
 <ResponseSet id="4349723564913678145">
  <Response dialog="4349723564913678144" id="4349723564913678146" cooldown="0" weight="1" oneshot="true" completeConversation="1" delay="0" targetId="0" targetType="1" speakerTrackMethod="3" targetTrackMethod="0" emotion="15659330456346423977"/>
  <Response dialog="4349723564930185135" id="4349723564930185136" cooldown="0" weight="1" oneshot="true" completeConversation="1" delay="0" emotion="3152439162748318046" targetId="4349723564897456793" targetType="2" speakerTrackMethod="3" targetTrackMethod="0"/>
  <Response dialog="4349723564930185145" id="4349723564930185146" cooldown="0" weight="1" oneshot="true" completeConversation="1" delay="0" emotion="3152439162748318010" targetId="0" targetType="1" speakerTrackMethod="3" targetTrackMethod="0"/>
 </ResponseSet>
 <ResponseSet id="4349723564913678187">
  <Response dialog="4349723564913678186" id="4349723564913678188" cooldown="0" weight="1" oneshot="0" completeConversation="1" delay="0" targetId="4349723564907034854" targetType="2" speakerTrackMethod="3" targetTrackMethod="0" emotion="3152439162748318046"/>
 </ResponseSet>
 <ResponseSet id="4349723564913678217">
  <Response dialog="4349723564913678248" id="4349723564913678249" cooldown="0" weight="1" oneshot="0" completeConversation="1" delay="0" targetId="0" targetType="1" speakerTrackMethod="3" targetTrackMethod="0" emotion="3152439162748318046"/>
 </ResponseSet>
 <ResponseRule id="4349723564913678317" name="Kevin Hague Ready for Combat" cooldown="" oneshot="1" response="4349723564913678429" description="Security is bracing for an imminent battle with alien forces. They have been holed up in a safe place, but the time has come to fight the aliens">
  <Criteria>
   <Criterion id="15659330456318451386" value="13680621263353786198" comparison="0" type="guid"/>
   <Criterion id="15659330456318451410" comparison="0" value="onPlayerApproachNear" fromResponse="0" type="default"/>
   <Criterion comparison="0" passIfMissing="false" id="15659330456318451477" type="guid" keyType="default" value="4349723564907034829"/>
   <Criterion comparison="0" passIfMissing="false" id="10850392949532183301" type="default" keyType="default" value=""/>
   <Criterion comparison="0" passIfMissing="false" id="10739735956111935346" type="guid" keyType="default" value="15659330456296333985"/>
   <Criterion comparison="0" passIfMissing="false" id="5310807215636213157" type="default" keyType="default" value="0"/>
   <Criterion comparison="0" passIfMissing="false" id="10850392949532183294" type="default" keyType="default" value=""/>
   <Criterion comparison="0" passIfMissing="false" id="1730830942" keyType="gameToken" value="3" type="default"/>
   <Criterion comparison="0" passIfMissing="false" id="436835719" keyType="gameToken" value="0"/>
  </Criteria>
 </ResponseRule>
 <ResponseRule id="4349723564930185491" name="Kevin Hague: Ready for Combat" cooldown="" oneshot="0" response="4349723564930185519" description="Not used anymore. These lines have been ported to other OnUsed and OnApproach dialogs">
  <Criteria>
   <Criterion id="15659330456318451386" value="13680621263353786198" comparison="0" type="guid"/>
   <Criterion id="15659330456318451410" comparison="0" value="onConversationTrigger" fromResponse="0" type="default"/>
   <Criterion comparison="0" passIfMissing="false" id="15659330456318451477" type="guid" keyType="default" value="4349723564907034829"/>
   <Criterion comparison="0" passIfMissing="false" id="1965443384" keyType="gameToken" value="1"/>
   <Criterion comparison="0" passIfMissing="false" id="10850392949532183301" type="default" keyType="default" value=""/>
   <Criterion comparison="0" passIfMissing="false" id="10739735956111935346" type="guid" keyType="default" value="15659330456296333985"/>
   <Criterion comparison="0" passIfMissing="false" id="5310807215636213157" type="default" keyType="default" value="0"/>
   <Criterion comparison="0" passIfMissing="false" id="10850392949532183294" type="default" keyType="default" value=""/>
  </Criteria>
 </ResponseRule>
 <ResponseRule id="4349723564930198388" name="Kevin Hague: Approach, Turrets Ready" cooldown="" oneshot="0" response="4349723564930198452" description="">
  <Criteria>
   <Criterion id="15659330456318451386" value="13680621263353786198" comparison="0" type="guid"/>
   <Criterion id="15659330456318451410" comparison="0" value="onUsed" fromResponse="0" type="default"/>
   <Criterion comparison="0" passIfMissing="false" id="15659330456318451477" type="guid" keyType="default" value="4349723564907034829"/>
   <Criterion comparison="0" passIfMissing="false" id="10850392949532183301" type="default" keyType="default" value=""/>
   <Criterion comparison="0" passIfMissing="false" id="10739735956111935346" type="guid" keyType="default" value="15659330456296333985"/>
   <Criterion comparison="0" passIfMissing="false" id="5310807215636213157" type="default" keyType="default" value="0"/>
   <Criterion comparison="0" passIfMissing="false" id="10850392949532183294" type="default" keyType="default" value=""/>
   <Criterion comparison="0" passIfMissing="false" id="1730830942" keyType="gameToken" value="3" type="default"/>
   <Criterion comparison="0" passIfMissing="false" id="436835719" keyType="gameToken" value="0"/>
  </Criteria>
 </ResponseRule>
 <ResponseSet id="4349723564913678429">
  <Response dialog="4349723564913678428" id="4349723564913678430" cooldown="0" weight="1" oneshot="0" completeConversation="1" delay="0" targetId="0" targetType="1" speakerTrackMethod="3" targetTrackMethod="0" emotion="15659330456346423977"/>
  <Response dialog="4349723564930185518" id="4349723564961485230" cooldown="0" weight="1" oneshot="0" completeConversation="1" delay="0" cutoff="0"/>
  <Response dialog="4349723564930185530" id="4349723564961485241" cooldown="0" weight="1" oneshot="0" completeConversation="1" delay="0" cutoff="0"/>
 </ResponseSet>
 <ResponseRule id="4349723564913692474" name="Kevin Hague Wife Quest" cooldown="" oneshot="1" response="4349723564913692583" description="Kevin asks Morgan to check in on his missing wife. When the alien outbreak started on the space station he lost contact with her. He has been unable to leave because of his duties. He has seen so much death he holds out little hope. Particularly because he knows at least some of the escape pods did not work." conversation="1">
  <Criteria>
   <Criterion id="15659330456318451386" value="13680621263353786198" comparison="0" type="guid"/>
   <Criterion id="15659330456318451410" comparison="0" value="onUsed" fromResponse="0" type="default"/>
   <Criterion comparison="0" passIfMissing="false" id="15659330456318451477" type="guid" keyType="default" value="4349723564907034829"/>
   <Criterion comparison="0" passIfMissing="false" id="4349723564927784871" keyType="task" value="1"/>
   <Criterion comparison="0" passIfMissing="false" id="4349723564930186452" keyType="conversation"/>
   <Criterion comparison="0" passIfMissing="false" id="5310807215636213157" type="default" keyType="default" value="0"/>
   <Criterion comparison="0" passIfMissing="false" id="15659330456340490449" type="default" keyType="default" value="1"/>
   <Criterion comparison="2" passIfMissing="false" id="1730830942" keyType="gameToken" value="3" type="default"/>
  </Criteria>
  <Writeback>
   <Fact id="4349723564913870940" value="1" time="0"/>
  </Writeback>
 </ResponseRule>
 <ResponseRule id="4349723564930186452" name="Kevin Hague: Wife Quest (Elevator on)" cooldown="" oneshot="1" response="4349723564930186496" description="Kevin asks Morgan to check in on his missing wife. When the alien outbreak started on the space station he lost contact with her. He has been unable to leave because of his duties. He has seen so much death he holds out little hope. Particularly because he knows at least some of the escape pods did not work." conversation="1">
  <Criteria>
   <Criterion id="15659330456318451386" value="13680621263353786198" comparison="0" type="guid"/>
   <Criterion id="15659330456318451410" comparison="0" value="onUsed" fromResponse="0" type="default"/>
   <Criterion comparison="0" passIfMissing="false" id="15659330456318451477" type="guid" keyType="default" value="4349723564907034829"/>
   <Criterion comparison="0" passIfMissing="false" id="1105212212" keyType="gameToken" value="1"/>
   <Criterion comparison="0" passIfMissing="false" id="4349723564913692474" keyType="conversation"/>
   <Criterion comparison="0" passIfMissing="false" id="5310807215636213157" type="default" keyType="default" value="0"/>
   <Criterion comparison="0" passIfMissing="false" id="15659330456340490449" type="default" keyType="default" value="1"/>
   <Criterion comparison="2" passIfMissing="false" id="1730830942" keyType="gameToken" value="3" type="default"/>
  </Criteria>
 </ResponseRule>
 <ResponseRule id="4349723564930187270" name="Kevin Hague: Player Gives Ring" cooldown="" oneshot="1" response="4349723564930187523" description="Kevin asks Morgan to check in on his missing wife. When the alien outbreak started on the space station he lost contact with her. He has been unable to leave because of his duties. He has seen so much death he holds out little hope. Particularly because he knows at least some of the escape pods did not work." conversation="1" priority="1">
  <Criteria>
   <Criterion id="15659330456318451386" value="13680621263353786198" comparison="0" type="guid"/>
   <Criterion id="15659330456318451410" comparison="0" value="onConversationTrigger" fromResponse="0" type="default"/>
   <Criterion comparison="0" passIfMissing="false" id="15659330456318451477" type="guid" keyType="default" value="4349723564907034829"/>
  </Criteria>
 </ResponseRule>
 <ResponseRule id="13680621263410727867" name="Kevin Hague Wife Already Found" cooldown="" oneshot="1" response="13680621263410727966" description="Kevin asks Morgan to check in on his missing wife. When the alien outbreak started on the space station he lost contact with her. He has been unable to leave because of his duties. He has seen so much death he holds out little hope. Particularly because he knows at least some of the escape pods did not work." conversation="1">
  <Criteria>
   <Criterion id="15659330456318451386" value="13680621263353786198" comparison="0" type="guid"/>
   <Criterion id="15659330456318451410" comparison="0" value="onPlayerApproachNear" fromResponse="0" type="default"/>
   <Criterion comparison="0" passIfMissing="false" id="15659330456318451477" type="guid" keyType="default" value="4349723564907034829"/>
   <Criterion comparison="0" passIfMissing="false" id="1669935990" keyType="gameToken" value="1"/>
   <Criterion comparison="0" passIfMissing="false" id="4349723564927785023" keyType="task"/>
   <Criterion comparison="0" passIfMissing="false" id="5310807215636213157" type="default" keyType="default" value="0"/>
   <Criterion comparison="0" passIfMissing="false" id="10850392949532183294" type="default" keyType="default" value=""/>
   <Criterion comparison="2" passIfMissing="false" id="1730830942" keyType="gameToken" value="3" type="default"/>
  </Criteria>
 </ResponseRule>
 <ResponseSet id="4349723564913692583">
  <Response dialog="4349723564913692582" id="4349723564913692584" cooldown="0" weight="1" oneshot="0" completeConversation="0" delay="0" targetId="0" targetType="1" speakerTrackMethod="1" targetTrackMethod="0" emotion="3152439162748318010"/>
 </ResponseSet>
 <ResponseRule id="4349723564927780734" name="Kevin Hague Sad Wife Bark 1" cooldown="" oneshot="0" response="4349723564927780948" description="Has survived unimaginable horrors only to discover that his wife died elsewhere on the station." conversation="1">
  <Criteria>
   <Criterion id="15659330456318451386" value="13680621263353786198" comparison="0" type="guid"/>
   <Criterion id="15659330456318451410" comparison="0" value="onUsed" fromResponse="0" type="default"/>
   <Criterion comparison="0" passIfMissing="false" id="15659330456318451477" type="guid" keyType="default" value="4349723564907034829"/>
   <Criterion comparison="0" passIfMissing="false" id="5310807215636213157" type="default" keyType="default" value="0"/>
   <Criterion comparison="0" passIfMissing="false" id="10850392949532183294" type="default" keyType="default" value=""/>
   <Criterion comparison="0" passIfMissing="false" id="4349723564927785023" keyType="task" value="2"/>
   <Criterion comparison="2" passIfMissing="false" id="1730830942" keyType="gameToken" value="3" type="default"/>
  </Criteria>
 </ResponseRule>
 <ResponseSet id="4349723564927780948">
  <Response dialog="4349723564927780947" id="4349723564927780949" cooldown="0" weight="1" oneshot="true" completeConversation="1" delay="0" targetId="0" targetType="1" speakerTrackMethod="3" targetTrackMethod="0" emotion="3152439162748317994"/>
  <Response dialog="4349723564930186381" id="4349723564930186382" cooldown="0" weight="1" oneshot="true" completeConversation="1" delay="0" targetId="0" targetType="1" speakerTrackMethod="3" targetTrackMethod="0" emotion="3152439162748318046"/>
 </ResponseSet>
 <ResponseRule id="4349723564930185005" name="" cooldown="" response="4349723564930185006">
  <Criteria>
   <Criterion id="15659330456318451386" value="13680621263353786198" comparison="0" type="guid"/>
   <Criterion id="15659330456318451410" comparison="0" value="4349723564912493165" fromResponse="1" type="guid"/>
   <Criterion id="15659330456318451477" value="4349723564907034829" comparison="0" type="guid"/>
   <Criterion comparison="0" passIfMissing="false" id="10739735956111935346" type="guid" keyType="default" value="15659330456296333985"/>
  </Criteria>
 </ResponseRule>
 <ResponseSet id="4349723564930185006">
  <Response dialog="4349723564930185004" id="4349723564930185007" cooldown="0" weight="1" oneshot="0" completeConversation="1" delay="0" targetId="0" targetType="1" speakerTrackMethod="3" targetTrackMethod="0" emotion="15659330456346423977"/>
 </ResponseSet>
 <ResponseSet id="4349723564930185274">
  <Response dialog="4349723564930185273" id="4349723564930185275" cooldown="0" weight="1" oneshot="0" completeConversation="1" delay="0" targetId="4349723564907034758" targetType="2" speakerTrackMethod="3" targetTrackMethod="0" emotion="3152439162748318046"/>
 </ResponseSet>
 <ResponseSet id="4349723564930185349">
  <Response dialog="4349723564930185348" id="4349723564930185350" cooldown="0" weight="1" oneshot="0" completeConversation="1" delay="0" targetId="0" targetType="1" speakerTrackMethod="3" targetTrackMethod="0" emotion="3152439162748318046"/>
 </ResponseSet>
 <ResponseSet id="4349723564930185519">
  <Response dialog="4349723564930185518" id="4349723564930185520" cooldown="0" weight="1" oneshot="true" completeConversation="1" delay="0" emotion="15659330456346423977" targetId="0" targetType="1" speakerTrackMethod="3" targetTrackMethod="0"/>
  <Response dialog="4349723564930185530" id="4349723564930185531" cooldown="0" weight="1" oneshot="true" completeConversation="1" delay="0" targetId="4349723564897456793" targetType="2" speakerTrackMethod="3" targetTrackMethod="0" emotion="15659330456346423977"/>
  <Response dialog="4349723564930185539" id="4349723564930185540" cooldown="0" weight="1" oneshot="true" completeConversation="1" delay="0" targetId="0" targetType="1" speakerTrackMethod="3" targetTrackMethod="0" emotion="15659330456346423977"/>
 </ResponseSet>
 <ResponseRule id="4349723564930185589" name="Kevin Hague: Aliens Dead" cooldown="" oneshot="0" response="4349723564930185626" description="" conversation="1">
  <Criteria>
   <Criterion id="15659330456318451386" value="13680621263353786198" comparison="0" type="guid"/>
   <Criterion id="15659330456318451410" comparison="0" value="onUsed" fromResponse="0" type="default"/>
   <Criterion comparison="0" passIfMissing="false" id="15659330456318451477" type="guid" keyType="default" value="4349723564907034829"/>
   <Criterion comparison="0" passIfMissing="false" id="845010755" keyType="gameToken" value="1"/>
   <Criterion comparison="0" passIfMissing="false" id="10739735956111935346" type="guid" keyType="default" value="15659330456296333985"/>
   <Criterion comparison="0" passIfMissing="false" id="5310807215636213157" type="default" keyType="default" value="0"/>
   <Criterion comparison="0" passIfMissing="false" id="10850392949532183294" type="default" keyType="default" value=""/>
  </Criteria>
 </ResponseRule>
 <ResponseSet id="4349723564930185626">
  <Response dialog="4349723564930185625" id="4349723564930185627" cooldown="0" weight="1" oneshot="true" completeConversation="1" delay="0" targetId="0" targetType="1" speakerTrackMethod="3" targetTrackMethod="0" emotion="3152439162748318087"/>
  <Response dialog="4349723564930185634" id="4349723564930185635" cooldown="0" weight="1" oneshot="true" completeConversation="1" delay="0" emotion="3152439162748318010" targetId="0" targetType="1" speakerTrackMethod="3" targetTrackMethod="0"/>
 </ResponseSet>
 <ResponseRule id="4349723564930186296" name="" cooldown="" response="4349723564930186297">
  <Criteria>
   <Criterion id="15659330456318451386" value="13680621263353786198" comparison="0" type="guid"/>
   <Criterion id="15659330456318451410" comparison="0" value="4349723564913692584" fromResponse="1" type="guid"/>
   <Criterion id="15659330456318451477" value="4349723564907034829" comparison="0" type="guid"/>
  </Criteria>
 </ResponseRule>
 <ResponseSet id="4349723564930186297">
  <Response dialog="4349723564930186295" id="4349723564930186298" cooldown="0" weight="1" oneshot="0" completeConversation="0" delay="0" targetId="0" targetType="1" speakerTrackMethod="1" targetTrackMethod="0" emotion="3152439162748318010"/>
 </ResponseSet>
 <ResponseRule id="4349723564930186309" name="" cooldown="" response="4349723564930186310">
  <Criteria>
   <Criterion id="15659330456318451386" value="13680621263353786198" comparison="0" type="guid"/>
   <Criterion id="15659330456318451410" comparison="0" value="4349723564930186298" fromResponse="1" type="guid"/>
   <Criterion id="15659330456318451477" value="4349723564907034829" comparison="0" type="guid"/>
  </Criteria>
 </ResponseRule>
 <ResponseSet id="4349723564930186310">
  <Response dialog="4349723564930186308" id="4349723564930186311" cooldown="0" weight="1" oneshot="0" completeConversation="1" delay="0" emotion="3152439162748318026" targetId="0" targetType="1" speakerTrackMethod="1" targetTrackMethod="0"/>
 </ResponseSet>
 <ResponseSet id="4349723564930186496">
  <Response dialog="4349723564930186495" id="4349723564930186497" cooldown="0" weight="1" oneshot="0" completeConversation="0" delay="0" targetId="0" targetType="1" speakerTrackMethod="3" targetTrackMethod="0" emotion="3152439162748317984"/>
 </ResponseSet>
 <ResponseRule id="4349723564930186623" name="Sarah Alive" cooldown="" response="4349723564930186677">
  <Criteria>
   <Criterion id="15659330456318451386" value="13680621263353786198" comparison="0" type="guid"/>
   <Criterion id="15659330456318451410" comparison="0" value="4349723564930186497" fromResponse="1" type="guid"/>
   <Criterion comparison="0" passIfMissing="false" id="15659330456318451477" type="guid" keyType="default" value="4349723564907034829"/>
   <Criterion comparison="0" passIfMissing="false" id="1230984417" keyType="gameToken"/>
  </Criteria>
 </ResponseRule>
 <ResponseSet id="4349723564930186677">
  <Response dialog="4349723564930186676" id="4349723564930186678" cooldown="0" weight="1" oneshot="0" completeConversation="0" delay="0" emotion="3152439162748318010" targetId="0" targetType="1" speakerTrackMethod="3" targetTrackMethod="0"/>
 </ResponseSet>
 <ResponseRule id="4349723564930186854" name="Sarah Dead" cooldown="" response="4349723564930187115">
  <Criteria>
   <Criterion id="15659330456318451386" value="13680621263353786198" comparison="0" type="guid"/>
   <Criterion id="15659330456318451410" comparison="0" value="4349723564930186497" fromResponse="1" type="guid"/>
   <Criterion comparison="0" passIfMissing="false" id="15659330456318451477" type="guid" keyType="default" value="4349723564907034829"/>
   <Criterion comparison="0" passIfMissing="false" id="1230984417" keyType="gameToken" value="1"/>
  </Criteria>
 </ResponseRule>
 <ResponseSet id="4349723564930187115">
  <Response dialog="4349723564930187114" id="4349723564930187116" cooldown="0" weight="1" oneshot="0" completeConversation="0" delay="0" targetId="0" targetType="1" speakerTrackMethod="3" targetTrackMethod="0" emotion="3152439162748318010"/>
 </ResponseSet>
 <ResponseSet id="4349723564930187523">
  <Response dialog="4349723564930187521" id="4349723564930187524" cooldown="0" weight="1" oneshot="0" completeConversation="0" delay="0" emotion="3152439162748317994" targetId="0" targetType="1" speakerTrackMethod="3" targetTrackMethod="0"/>
 </ResponseSet>
 <ResponseRule id="4349723564930187547" name="Player Male" cooldown="" response="4349723564930187590">
  <Criteria>
   <Criterion id="15659330456318451386" value="13680621263353786198" comparison="0" type="guid"/>
   <Criterion id="15659330456318451410" comparison="0" value="4349723564930187524" fromResponse="1" type="guid"/>
   <Criterion comparison="0" passIfMissing="false" id="15659330456318451477" type="guid" keyType="default" value="4349723564907034829"/>
   <Criterion comparison="0" passIfMissing="false" id="211598630" keyType="gameToken"/>
  </Criteria>
 </ResponseRule>
 <ResponseSet id="4349723564930187590">
  <Response dialog="4349723564930187589" id="4349723564930187591" cooldown="0" weight="1" oneshot="0" completeConversation="0" delay="1" emotion="3152439162748318046" targetId="0" targetType="1" speakerTrackMethod="3" targetTrackMethod="0"/>
 </ResponseSet>
 <ResponseRule id="4349723564930187593" name="Player Female" cooldown="" response="4349723564930187626">
  <Criteria>
   <Criterion id="15659330456318451386" value="13680621263353786198" comparison="0" type="guid"/>
   <Criterion id="15659330456318451410" comparison="0" value="4349723564930187524" fromResponse="1" type="guid"/>
   <Criterion comparison="0" passIfMissing="false" id="15659330456318451477" type="guid" keyType="default" value="4349723564907034829"/>
   <Criterion comparison="0" passIfMissing="false" id="211598630" keyType="gameToken" value="1"/>
  </Criteria>
 </ResponseRule>
 <ResponseSet id="4349723564930187626">
  <Response dialog="4349723564930187625" id="4349723564930187627" cooldown="0" weight="1" oneshot="0" completeConversation="0" delay="0" emotion="3152439162748318046" targetId="0" targetType="1" speakerTrackMethod="2" targetTrackMethod="0"/>
 </ResponseSet>
 <ResponseRule id="4349723564930187924" name="" cooldown="" response="4349723564930187925">
  <Criteria>
   <Criterion id="15659330456318451386" value="13680621263353786198" comparison="0" type="guid"/>
   <Criterion id="15659330456318451410" comparison="0" value="4349723564930187591" fromResponse="1" type="guid"/>
   <Criterion id="15659330456318451477" value="4349723564907034829" comparison="0" type="guid"/>
  </Criteria>
 </ResponseRule>
 <ResponseSet id="4349723564930187925">
  <Response dialog="4349723564930187923" id="4349723564930187926" cooldown="0" weight="1" oneshot="0" completeConversation="0" delay="0" emotion="3152439162748318046" targetId="0" targetType="1" speakerTrackMethod="3" targetTrackMethod="0"/>
 </ResponseSet>
 <ResponseRule id="4349723564930187933" name="" cooldown="" response="4349723564930187934">
  <Criteria>
   <Criterion id="15659330456318451386" value="13680621263353786198" comparison="0" type="guid"/>
   <Criterion id="15659330456318451410" comparison="0" value="4349723564930187926" fromResponse="1" type="guid"/>
   <Criterion id="15659330456318451477" value="4349723564907034829" comparison="0" type="guid"/>
  </Criteria>
 </ResponseRule>
 <ResponseSet id="4349723564930187934">
  <Response dialog="4349723564930187932" id="4349723564930187935" cooldown="0" weight="1" oneshot="0" completeConversation="0" delay="0" emotion="3152439162748318010" targetId="0" targetType="1" speakerTrackMethod="3" targetTrackMethod="0"/>
 </ResponseSet>
 <ResponseRule id="4349723564930187942" name="" cooldown="" response="4349723564930187943">
  <Criteria>
   <Criterion id="15659330456318451386" value="13680621263353786198" comparison="0" type="guid"/>
   <Criterion id="15659330456318451410" comparison="0" value="4349723564930187935" fromResponse="1" type="guid"/>
   <Criterion id="15659330456318451477" value="4349723564907034829" comparison="0" type="guid"/>
  </Criteria>
 </ResponseRule>
 <ResponseSet id="4349723564930187943">
  <Response dialog="4349723564930187941" id="4349723564930187944" cooldown="0" weight="1" oneshot="0" completeConversation="0" delay="0" emotion="3152439162748318010" targetId="0" targetType="1" speakerTrackMethod="3" targetTrackMethod="0"/>
 </ResponseSet>
 <ResponseRule id="4349723564930187950" name="" cooldown="" response="4349723564930187951">
  <Criteria>
   <Criterion id="15659330456318451386" value="13680621263353786198" comparison="0" type="guid"/>
   <Criterion id="15659330456318451410" comparison="0" value="4349723564930187944" fromResponse="1" type="guid"/>
   <Criterion id="15659330456318451477" value="4349723564907034829" comparison="0" type="guid"/>
  </Criteria>
 </ResponseRule>
 <ResponseSet id="4349723564930187951">
  <Response dialog="4349723564930187949" id="4349723564930187952" cooldown="0" weight="1" oneshot="0" completeConversation="1" delay="0" emotion="15659330456346423977" targetId="0" targetType="1" speakerTrackMethod="3" targetTrackMethod="0"/>
 </ResponseSet>
 <ResponseRule id="4349723564930188154" name="Kevin Hague: Aliens Dead" cooldown="" oneshot="0" response="4349723564930188744" description="Kevin asks Morgan to check in on his missing wife. When the alien outbreak started on the space station he lost contact with her. He has been unable to leave because of his duties. He has seen so much death he holds out little hope. Particularly because he knows at least some of the escape pods did not work." conversation="1">
  <Criteria>
   <Criterion id="15659330456318451386" value="13680621263353786198" comparison="0" type="guid"/>
   <Criterion id="15659330456318451410" comparison="0" value="onUsed" fromResponse="0" type="default"/>
   <Criterion comparison="0" passIfMissing="false" id="845010755" keyType="gameToken" value="1"/>
   <Criterion comparison="0" passIfMissing="false" id="15659330456318451477" type="guid" keyType="default" value="4349723564907034829"/>
   <Criterion comparison="0" passIfMissing="false" id="10739735956111935346" type="guid" keyType="default" value="15659330456296333985"/>
   <Criterion comparison="0" passIfMissing="false" id="5310807215636213157" type="default" keyType="default" value="0"/>
   <Criterion comparison="0" passIfMissing="false" id="10850392949532183294" type="default" keyType="default" value=""/>
  </Criteria>
 </ResponseRule>
 <ResponseSet id="4349723564930188744">
  <Response dialog="4349723564930188743" id="4349723564930188745" cooldown="0" weight="1" oneshot="true" completeConversation="1" delay="0" emotion="3152439162748318087" targetId="0" targetType="1" speakerTrackMethod="3" targetTrackMethod="0"/>
  <Response dialog="4349723564930188754" id="4349723564930188755" cooldown="0" weight="1" oneshot="true" completeConversation="1" delay="0" emotion="3152439162748318060" targetId="0" targetType="1" speakerTrackMethod="3" targetTrackMethod="0"/>
 </ResponseSet>
 <ResponseRule id="4349723564930195922" name="Kevin Hague: Points to Sarah " cooldown="" oneshot="1" response="4349723564930195977" description="Security guards have been trapped by a swarm of aliens and holding out for a miracle, and Morgan has delivered it to them. Morgan made turrets that, combined with the security small-arms fire, wiped out the attacking aliens in this section. " conversation="1" priority="2">
  <Criteria>
   <Criterion id="15659330456318451386" value="13680621263353786198" comparison="0" type="guid"/>
   <Criterion id="15659330456318451410" comparison="0" value="onUsed" fromResponse="0" type="default"/>
   <Criterion comparison="0" passIfMissing="false" id="15659330456318451477" type="guid" keyType="default" value="4349723564907034829"/>
   <Criterion comparison="0" passIfMissing="false" id="4349723564878623606" keyType="task"/>
   <Criterion comparison="0" passIfMissing="false" id="10739735956111935346" type="guid" keyType="default" value="15659330456296333985"/>
   <Criterion comparison="0" passIfMissing="false" id="5310807215636213157" type="default" keyType="default" value="0"/>
   <Criterion comparison="0" passIfMissing="false" id="10850392949532183294" type="default" keyType="default" value=""/>
   <Criterion comparison="0" passIfMissing="false" id="4349723564927785023" keyType="task" value="1"/>
  </Criteria>
 </ResponseRule>
 <ResponseSet id="4349723564930195977">
  <Response dialog="4349723564930195976" id="4349723564930195978" cooldown="0" weight="1" oneshot="0" completeConversation="1" delay="0" targetId="0" targetType="1" speakerTrackMethod="3" targetTrackMethod="0"/>
 </ResponseSet>
 <ResponseRule id="4349723564930196109" name="Kevin Hague: Player Attacks Guards (Male)" cooldown="" oneshot="0" response="4349723564930196123" description="He is standing guard in the Cargo Bay. Just beyond the doors and windows there are unimaginable horrors stalking about, so tension is very high. The guards here have witnessed a great deal of death and chaos in the last few hours. ">
  <Criteria>
   <Criterion id="15659330456318451386" value="13680621263353786198" comparison="0" type="guid"/>
   <Criterion id="15659330456318451410" comparison="0" value="onNewTarget" fromResponse="0" type="default"/>
   <Criterion comparison="0" passIfMissing="false" id="15659330456318451477" type="guid" keyType="default" value="4349723564907034829"/>
   <Criterion comparison="0" passIfMissing="false" id="211598630" keyType="gameToken"/>
   <Criterion comparison="0" passIfMissing="false" id="10739735956111935346" type="guid" keyType="default" value="15659330456296333985"/>
   <Criterion comparison="0" passIfMissing="false" id="15659330456318451416" type="default" keyType="default" value="ArkPlayer"/>
  </Criteria>
 </ResponseRule>
 <ResponseSet id="4349723564930196123">
  <Response dialog="4349723564930196122" id="4349723564930196124" cooldown="0" weight="1" oneshot="true" completeConversation="1" delay="0" emotion="3152439162748318060"/>
  <Response dialog="4349723564930196083" id="4349723564930196251" cooldown="0" weight="1" oneshot="true" completeConversation="1" delay="0" emotion="3152439162748318060"/>
 </ResponseSet>
 <ResponseRule id="4349723564930196134" name="Kevin Hague: Player Attacks Guards (Female)" cooldown="" oneshot="1" response="4349723564930196154" description="He is standing guard in the Cargo Bay. Just beyond the doors and windows there are unimaginable horrors stalking about, so tension is very high. The guards here have witnessed a great deal of death and chaos in the last few hours. ">
  <Criteria>
   <Criterion id="15659330456318451386" value="13680621263353786198" comparison="0" type="guid"/>
   <Criterion id="15659330456318451410" comparison="0" value="onNewTarget" fromResponse="0" type="default"/>
   <Criterion comparison="0" passIfMissing="false" id="15659330456318451477" type="guid" keyType="default" value="4349723564907034829"/>
   <Criterion comparison="0" passIfMissing="false" id="211598630" keyType="gameToken" value="1"/>
   <Criterion comparison="0" passIfMissing="false" id="10739735956111935346" type="guid" keyType="default" value="15659330456296333985"/>
   <Criterion comparison="0" passIfMissing="false" id="15659330456318451416" type="default" keyType="default" value="ArkPlayer"/>
  </Criteria>
 </ResponseRule>
 <ResponseSet id="4349723564930196154">
  <Response dialog="4349723564930196153" id="4349723564930196155" cooldown="0" weight="1" oneshot="true" completeConversation="1" delay="0"/>
  <Response dialog="4349723564930196083" id="4349723564930196269" cooldown="0" weight="1" oneshot="true" completeConversation="1" delay="0"/>
 </ResponseSet>
 <ResponseRule id="4349723564930196503" name="Kevin Hague: Lift Power Restored - NoRing" cooldown="" oneshot="1" response="4349723564930196699" description="Security guard mourns a fallen comrade that was killed when they went into battle with a horde of aliens.">
  <Criteria>
   <Criterion id="15659330456318451386" value="13680621263353786198" comparison="0" type="guid"/>
   <Criterion id="15659330456318451410" comparison="0" value="onPlayerApproachNear" fromResponse="0" type="default"/>
   <Criterion comparison="0" passIfMissing="false" id="15659330456318451477" type="guid" keyType="default" value="4349723564907034829"/>
   <Criterion comparison="0" passIfMissing="false" id="4349723564913870940" type="default" keyType="writeback" value="1"/>
   <Criterion comparison="0" passIfMissing="false" id="1669935990" keyType="gameToken"/>
   <Criterion comparison="0" passIfMissing="false" id="1105212212" keyType="gameToken" value="1"/>
   <Criterion comparison="0" passIfMissing="false" id="10850392949532183301" type="default" keyType="default" value=""/>
  </Criteria>
 </ResponseRule>
 <ResponseSet id="4349723564930196699">
  <Response dialog="4349723564930196698" id="4349723564930196700" cooldown="0" weight="1" oneshot="0" completeConversation="1" delay="0" targetId="0" targetType="1" speakerTrackMethod="3" targetTrackMethod="0"/>
 </ResponseSet>
 <ResponseRule id="4349723564930196729" name="Kevin Hague: Lift Power Restored - RingDone" cooldown="" oneshot="0" response="4349723564930196756" description="Security guard mourns a fallen comrade that was killed when they went into battle with a horde of aliens.">
  <Criteria>
   <Criterion id="15659330456318451386" value="13680621263353786198" comparison="0" type="guid"/>
   <Criterion id="15659330456318451410" comparison="0" value="onPlayerApproachNear" fromResponse="0" type="default"/>
   <Criterion comparison="0" passIfMissing="false" id="15659330456318451477" type="guid" keyType="default" value="4349723564907034829"/>
   <Criterion comparison="0" passIfMissing="false" id="4349723564913870940" type="default" keyType="writeback" value="1"/>
   <Criterion comparison="0" passIfMissing="false" id="1105212212" keyType="gameToken" value="1"/>
   <Criterion comparison="0" passIfMissing="false" id="4349723564885449686" keyType="task" value="2"/>
   <Criterion comparison="0" passIfMissing="false" id="10850392949532183294" type="default" keyType="default" value=""/>
   <Criterion comparison="0" passIfMissing="false" id="5310807215636213157" type="default" keyType="default" value="0"/>
  </Criteria>
 </ResponseRule>
 <ResponseSet id="4349723564930196756">
  <Response dialog="4349723564930196755" id="4349723564930196757" cooldown="0" weight="1" oneshot="true" completeConversation="1" delay="0" targetId="0" targetType="1" speakerTrackMethod="3" targetTrackMethod="0" emotion="3152439162748318066"/>
  <Response dialog="4349723564930196829" id="4349723564930196830" cooldown="0" weight="1" oneshot="true" completeConversation="1" delay="0" targetId="0" targetType="1" speakerTrackMethod="3" targetTrackMethod="0" emotion="15659330456346423989"/>
 </ResponseSet>
 <ResponseRule id="4349723564930196850" name="Kevin Hague: Player uses Alien Power" cooldown="" oneshot="1" response="4349723564930196906" description="Security guard mourns a fallen comrade that was killed when they went into battle with a horde of aliens.">
  <Criteria>
   <Criterion id="15659330456318451386" value="13680621263353786198" comparison="0" type="guid"/>
   <Criterion id="15659330456318451410" comparison="0" value="onPlayerUsePower" fromResponse="0" type="default"/>
   <Criterion comparison="0" passIfMissing="false" id="15659330456318451477" type="guid" keyType="default" value="4349723564907034829"/>
   <Criterion comparison="0" passIfMissing="false" id="10739735956111935346" type="guid" keyType="default" value="15659330456296333985"/>
   <Criterion comparison="3" passIfMissing="false" id="5310807215636213148" type="default" keyType="default" value="2"/>
  </Criteria>
 </ResponseRule>
 <ResponseSet id="4349723564930196906">
  <Response dialog="4349723564930196905" id="4349723564930196907" cooldown="0" weight="1" oneshot="0" completeConversation="0" delay="0" targetId="0" targetType="1" speakerTrackMethod="3" targetTrackMethod="0" emotion="3152439162748318060" entityOneshot="true"/>
 </ResponseSet>
 <ResponseRule id="4349723564930196909" name="" cooldown="" response="4349723564930196931">
  <Criteria>
   <Criterion id="15659330456318451386" value="13680621263353786198" comparison="0" type="guid"/>
   <Criterion id="15659330456318451410" comparison="0" value="4349723564930196907" fromResponse="1" type="guid"/>
   <Criterion comparison="0" passIfMissing="false" id="15659330456318451477" type="guid" keyType="default" value="4349723564907034829"/>
   <Criterion comparison="0" passIfMissing="false" id="211598630" keyType="gameToken"/>
  </Criteria>
 </ResponseRule>
 <ResponseSet id="4349723564930196931">
  <Response dialog="4349723564930196930" id="4349723564930196932" cooldown="0" weight="1" oneshot="0" completeConversation="1" delay="0" emotion="3152439162748318060" targetId="0" targetType="1" speakerTrackMethod="3" targetTrackMethod="0"/>
 </ResponseSet>
 <ResponseRule id="4349723564930198136" name="" cooldown="" response="4349723564930198200">
  <Criteria>
   <Criterion id="15659330456318451386" value="13680621263353786198" comparison="0" type="guid"/>
   <Criterion id="15659330456318451410" comparison="0" value="4349723564930196907" fromResponse="1" type="guid"/>
   <Criterion comparison="0" passIfMissing="false" id="15659330456318451477" type="guid" keyType="default" value="4349723564907034829"/>
   <Criterion comparison="0" passIfMissing="false" id="211598630" keyType="gameToken" value="1"/>
  </Criteria>
 </ResponseRule>
 <ResponseSet id="4349723564930198200">
  <Response dialog="4349723564930198199" id="4349723564930198201" cooldown="0" weight="1" oneshot="0" completeConversation="1" delay="0" emotion="3152439162748318060" targetId="0" targetType="1" speakerTrackMethod="3" targetTrackMethod="0"/>
 </ResponseSet>
 <ResponseRule id="4349723564930198250" name="Kevin Hague: Approach, Waiting for Turrets" cooldown="" oneshot="0" response="4349723564930198353" description="He is standing guard in the Cargo Bay. Just beyond the doors and windows there are unimaginable horrors stalking about, so tension is very high. The guards here have witnessed a great deal of death and chaos in the last few hours. " priority="3">
  <Criteria>
   <Criterion id="15659330456318451386" value="13680621263353786198" comparison="0" type="guid"/>
   <Criterion id="15659330456318451410" comparison="0" value="onPlayerApproach" fromResponse="0" type="default"/>
   <Criterion comparison="0" passIfMissing="false" id="15659330456318451477" type="guid" keyType="default" value="4349723564907034829"/>
   <Criterion comparison="0" passIfMissing="false" id="10850392949532183301" type="default" keyType="default" value=""/>
   <Criterion comparison="0" passIfMissing="false" id="10739735956111935346" type="guid" keyType="default" value="15659330456296333985"/>
   <Criterion comparison="0" passIfMissing="false" id="5310807215636213157" type="default" keyType="default" value="0"/>
   <Criterion comparison="0" passIfMissing="false" id="10850392949532183294" type="default" keyType="default" value=""/>
   <Criterion comparison="0" passIfMissing="false" id="4349723564915764486" keyType="objective" value="1"/>
   <Criterion comparison="0" passIfMissing="false" id="4349723564927785023" keyType="task" value="1"/>
  </Criteria>
 </ResponseRule>
 <ResponseSet id="4349723564930198353">
  <Response dialog="4349723564930198352" id="4349723564930198354" cooldown="0" weight="1" oneshot="true" completeConversation="1" delay="0" targetId="0" targetType="1" speakerTrackMethod="3" targetTrackMethod="0" emotion="3152439162748318010"/>
  <Response dialog="4349723564930198364" id="4349723564930198365" cooldown="0" weight="1" oneshot="true" completeConversation="1" delay="0" emotion="3152439162748318026" targetId="0" targetType="1" speakerTrackMethod="3" targetTrackMethod="0"/>
 </ResponseSet>
 <ResponseSet id="4349723564930198452">
  <Response dialog="4349723564930198451" id="4349723564930198453" cooldown="0" weight="1" oneshot="true" completeConversation="1" delay="0" targetId="0" targetType="1" speakerTrackMethod="3" targetTrackMethod="0" emotion="15659330456346423977"/>
  <Response dialog="4349723564930198470" id="4349723564930198471" cooldown="0" weight="1" oneshot="true" completeConversation="1" delay="0" emotion="15659330456346423977" targetId="0" targetType="1" speakerTrackMethod="3" targetTrackMethod="0"/>
  <Response dialog="4349723564930185539" id="4349723564961485194" cooldown="0" weight="1" oneshot="0" completeConversation="1" delay="0" cutoff="0"/>
 </ResponseSet>
 <ResponseRule id="4349723564930198530" name="Kevin Hague: Approach, Opened Door Early" cooldown="" oneshot="0" response="4349723564930198625" description="">
  <Criteria>
   <Criterion id="15659330456318451386" value="13680621263353786198" comparison="0" type="guid"/>
   <Criterion id="15659330456318451410" comparison="0" value="onPlayerApproach" fromResponse="0" type="default"/>
   <Criterion comparison="0" passIfMissing="false" id="15659330456318451477" type="guid" keyType="default" value="4349723564907034829"/>
   <Criterion comparison="0" passIfMissing="false" id="1965443384" keyType="gameToken" value="0"/>
   <Criterion comparison="0" passIfMissing="false" id="436835719" keyType="gameToken" value="1"/>
   <Criterion comparison="0" passIfMissing="false" id="10850392949532183301" type="default" keyType="default" value=""/>
   <Criterion comparison="0" passIfMissing="false" id="10739735956111935346" type="guid" keyType="default" value="15659330456296333985"/>
   <Criterion comparison="0" passIfMissing="false" id="5310807215636213157" type="default" keyType="default" value="0"/>
   <Criterion comparison="0" passIfMissing="false" id="10850392949532183294" type="default" keyType="default" value=""/>
  </Criteria>
 </ResponseRule>
 <ResponseSet id="4349723564930198625">
  <Response dialog="4349723564930198624" id="4349723564930198626" cooldown="0" weight="1" oneshot="true" completeConversation="1" delay="0" targetId="0" targetType="1" speakerTrackMethod="3" targetTrackMethod="0" emotion="15659330456346423977"/>
  <Response dialog="4349723564930198633" id="4349723564930198634" cooldown="0" weight="1" oneshot="true" completeConversation="1" delay="0" emotion="15659330456346423977" targetId="0" targetType="1" speakerTrackMethod="3" targetTrackMethod="0"/>
  <Response dialog="4349723564930198644" id="4349723564930198645" cooldown="0" weight="1" oneshot="true" completeConversation="1" delay="0" emotion="3152439162748317994" targetId="0" targetType="1" speakerTrackMethod="3" targetTrackMethod="0"/>
 </ResponseSet>
 <ResponseRule id="4349723564930198691" name="Kevin Hague: Approach, Dahl Arrived" cooldown="" oneshot="0" response="4349723564930198716" description="">
  <Criteria>
   <Criterion id="15659330456318451386" value="13680621263353786198" comparison="0" type="guid"/>
   <Criterion id="15659330456318451410" comparison="0" value="onPlayerApproach" fromResponse="0" type="default"/>
   <Criterion comparison="0" passIfMissing="false" id="15659330456318451477" type="guid" keyType="default" value="4349723564907034829"/>
   <Criterion comparison="0" passIfMissing="false" id="1990946021" keyType="gameToken" value="1"/>
   <Criterion comparison="0" passIfMissing="false" id="10850392949532183301" type="default" keyType="default" value=""/>
   <Criterion comparison="0" passIfMissing="false" id="10739735956111935346" type="guid" keyType="default" value="15659330456296333985"/>
   <Criterion comparison="0" passIfMissing="false" id="5310807215636213157" type="default" keyType="default" value="0"/>
   <Criterion comparison="0" passIfMissing="false" id="10850392949532183294" type="default" keyType="default" value=""/>
  </Criteria>
 </ResponseRule>
 <ResponseSet id="4349723564930198716">
  <Response dialog="4349723564930198715" id="4349723564930198717" cooldown="0" weight="1" oneshot="true" completeConversation="1" delay="0" targetId="0" targetType="1" speakerTrackMethod="3" targetTrackMethod="0" emotion="15659330456346424008"/>
  <Response dialog="4349723564930198729" id="4349723564930198730" cooldown="0" weight="1" oneshot="true" completeConversation="1" delay="0" emotion="15659330456346423977" targetId="0" targetType="1" speakerTrackMethod="3" targetTrackMethod="0"/>
 </ResponseSet>
 <ResponseRule id="4349723564930198782" name="Kevin Hague: Approach, Dahl Defeated" cooldown="" oneshot="0" response="4349723564930199026" description="">
  <Criteria>
   <Criterion id="15659330456318451386" value="13680621263353786198" comparison="0" type="guid"/>
   <Criterion id="15659330456318451410" comparison="0" value="onPlayerApproach" fromResponse="0" type="default"/>
   <Criterion comparison="0" passIfMissing="false" id="15659330456318451477" type="guid" keyType="default" value="4349723564907034829"/>
   <Criterion comparison="0" passIfMissing="false" id="844024417287653148" keyType="task" value="2"/>
   <Criterion comparison="0" passIfMissing="false" id="10850392949532183301" type="default" keyType="default" value=""/>
   <Criterion comparison="0" passIfMissing="false" id="5310807215636213157" type="default" keyType="default" value="0"/>
   <Criterion comparison="0" passIfMissing="false" id="10850392949532183294" type="default" keyType="default" value=""/>
  </Criteria>
 </ResponseRule>
 <ResponseSet id="4349723564930199026">
  <Response dialog="4349723564930199025" id="4349723564930199027" cooldown="0" weight="1" oneshot="true" completeConversation="1" delay="0" targetId="0" targetType="1" speakerTrackMethod="3" targetTrackMethod="0" emotion="15659330456346423977"/>
  <Response dialog="4349723564930199040" id="4349723564930199041" cooldown="0" weight="1" oneshot="true" completeConversation="1" delay="0" targetId="0" targetType="1" speakerTrackMethod="3" targetTrackMethod="0" emotion="15659330456346423977"/>
 </ResponseSet>
 <ResponseRule id="4349723564930199047" name="Kevin Hague: Approach, Dahl Killed" cooldown="" oneshot="1" response="4349723564930199111" description="">
  <Criteria>
   <Criterion id="15659330456318451386" value="13680621263353786198" comparison="0" type="guid"/>
   <Criterion id="15659330456318451410" comparison="0" value="onPlayerApproach" fromResponse="0" type="default"/>
   <Criterion comparison="0" passIfMissing="false" id="15659330456318451477" type="guid" keyType="default" value="4349723564907034829"/>
   <Criterion comparison="0" passIfMissing="false" id="417275679" keyType="gameToken" value="1"/>
   <Criterion comparison="0" passIfMissing="false" id="10850392949532183301" type="default" keyType="default" value=""/>
   <Criterion comparison="0" passIfMissing="false" id="5310807215636213157" type="default" keyType="default" value="0"/>
   <Criterion comparison="0" passIfMissing="false" id="10850392949532183294" type="default" keyType="default" value=""/>
  </Criteria>
 </ResponseRule>
 <ResponseSet id="4349723564930199111">
  <Response dialog="4349723564930199110" id="4349723564930199112" cooldown="0" weight="1" oneshot="0" completeConversation="0" delay="0" targetId="0" targetType="1" speakerTrackMethod="3" targetTrackMethod="0" emotion="3152439162748317994" entityOneshot="true"/>
 </ResponseSet>
 <ResponseRule id="4349723564930199123" name="" cooldown="" response="4349723564930199124">
  <Criteria>
   <Criterion id="15659330456318451386" value="13680621263353786198" comparison="0" type="guid"/>
   <Criterion id="15659330456318451410" comparison="0" value="4349723564930199112" fromResponse="1" type="guid"/>
   <Criterion id="15659330456318451477" value="4349723564907034829" comparison="0" type="guid"/>
  </Criteria>
 </ResponseRule>
 <ResponseSet id="4349723564930199124">
  <Response dialog="4349723564930199122" id="4349723564930199125" cooldown="0" weight="1" oneshot="true" completeConversation="1" delay="0" targetId="0" targetType="1" speakerTrackMethod="3" targetTrackMethod="0" emotion="3152439162748318010"/>
 </ResponseSet>
 <ResponseRule id="4349723564930199851" name="Kevin Hague: Approach, Rani Rescued" cooldown="" oneshot="0" response="4349723564930199918" description="">
  <Criteria>
   <Criterion id="15659330456318451386" value="13680621263353786198" comparison="0" type="guid"/>
   <Criterion id="15659330456318451410" comparison="0" value="onPlayerApproach" fromResponse="0" type="default"/>
   <Criterion comparison="0" passIfMissing="false" id="15659330456318451477" type="guid" keyType="default" value="4349723564907034829"/>
   <Criterion comparison="0" passIfMissing="false" id="14667999412548025540" keyType="task" value="2"/>
   <Criterion comparison="0" passIfMissing="false" id="10850392949532183301" type="default" keyType="default" value=""/>
   <Criterion comparison="0" passIfMissing="false" id="5310807215636213157" type="default" keyType="default" value="0"/>
   <Criterion comparison="0" passIfMissing="false" id="10850392949532183294" type="default" keyType="default" value=""/>
   <Criterion comparison="0" passIfMissing="false" id="1018317790" keyType="gameToken" value="0"/>
  </Criteria>
 </ResponseRule>
 <ResponseSet id="4349723564930199918">
  <Response dialog="4349723564930199917" id="4349723564930199919" cooldown="0" weight="1" oneshot="true" completeConversation="1" delay="0" targetId="0" targetType="1" speakerTrackMethod="3" targetTrackMethod="0" emotion="15659330456346423989"/>
  <Response dialog="4349723564930199932" id="4349723564930199933" cooldown="0" weight="1" oneshot="true" completeConversation="1" delay="0" emotion="3152439162748318046" targetId="0" targetType="1" speakerTrackMethod="3" targetTrackMethod="0"/>
 </ResponseSet>
 <ResponseRule id="4349723564930200213" name="Kevin Hague: Approach, No Hope" cooldown="" oneshot="1" response="4349723564930200309" description="">
  <Criteria>
   <Criterion id="15659330456318451386" value="13680621263353786198" comparison="0" type="guid"/>
   <Criterion id="15659330456318451410" comparison="0" value="onUsed" fromResponse="0" type="default"/>
   <Criterion comparison="0" passIfMissing="false" id="15659330456318451477" type="guid" keyType="default" value="4349723564907034829"/>
   <Criterion comparison="0" passIfMissing="false" id="10850392949532183301" type="default" keyType="default" value=""/>
   <Criterion comparison="0" passIfMissing="false" id="5310807215636213157" type="default" keyType="default" value="0"/>
   <Criterion comparison="0" passIfMissing="false" id="10850392949532183294" type="default" keyType="default" value=""/>
   <Criterion comparison="0" passIfMissing="false" id="417275679" keyType="gameToken"/>
   <Criterion comparison="0" passIfMissing="false" id="659909599" keyType="gameToken"/>
  </Criteria>
 </ResponseRule>
 <ResponseSet id="4349723564930200309">
  <Response dialog="4349723564930200308" id="4349723564930200310" cooldown="0" weight="1" oneshot="true" completeConversation="1" delay="0" targetId="0" targetType="1" speakerTrackMethod="3" targetTrackMethod="0" emotion="15659330456346423977"/>
  <Response dialog="4349723564930200318" id="4349723564930200319" cooldown="0" weight="1" oneshot="true" completeConversation="1" delay="0" targetId="0" targetType="1" speakerTrackMethod="3" targetTrackMethod="0"/>
  <Response dialog="4349723564930200327" id="4349723564930200328" cooldown="0" weight="1" oneshot="true" completeConversation="1" delay="0" emotion="15659330456346423977" targetId="0" targetType="1" speakerTrackMethod="3" targetTrackMethod="0"/>
 </ResponseSet>
 <ResponseRule id="13680621263410727243" name="" cooldown="" response="13680621263410727244">
  <Criteria>
   <Criterion id="15659330456318451386" value="13680621263353786198" comparison="0" type="guid"/>
   <Criterion id="15659330456318451410" comparison="0" value="4349723564930187627" fromResponse="1" type="guid"/>
   <Criterion id="15659330456318451477" value="4349723564907034829" comparison="0" type="guid"/>
  </Criteria>
 </ResponseRule>
 <ResponseSet id="13680621263410727244">
  <Response dialog="4349723564930187923" id="13680621263410727245" cooldown="0" weight="1" oneshot="0" completeConversation="0" delay="0" cutoff="0" emotion="3152439162748318026" targetId="0" targetType="1" speakerTrackMethod="2" targetTrackMethod="0"/>
 </ResponseSet>
 <ResponseRule id="13680621263410727249" name="" cooldown="" response="13680621263410727250">
  <Criteria>
   <Criterion id="15659330456318451386" value="13680621263353786198" comparison="0" type="guid"/>
   <Criterion id="15659330456318451410" comparison="0" value="13680621263410727245" fromResponse="1" type="guid"/>
   <Criterion id="15659330456318451477" value="4349723564907034829" comparison="0" type="guid"/>
  </Criteria>
 </ResponseRule>
 <ResponseSet id="13680621263410727250">
  <Response dialog="4349723564930187932" id="13680621263410727251" cooldown="0" weight="1" oneshot="0" completeConversation="0" delay="0" cutoff="0" emotion="3152439162748318026" targetId="0" targetType="1" speakerTrackMethod="2" targetTrackMethod="0"/>
 </ResponseSet>
 <ResponseRule id="13680621263410727258" name="" cooldown="" response="13680621263410727259">
  <Criteria>
   <Criterion id="15659330456318451386" value="13680621263353786198" comparison="0" type="guid"/>
   <Criterion id="15659330456318451410" comparison="0" value="13680621263410727251" fromResponse="1" type="guid"/>
   <Criterion id="15659330456318451477" value="4349723564907034829" comparison="0" type="guid"/>
  </Criteria>
 </ResponseRule>
 <ResponseSet id="13680621263410727259">
  <Response dialog="4349723564930187941" id="13680621263410727260" cooldown="0" weight="1" oneshot="0" completeConversation="0" delay="0" cutoff="0" emotion="3152439162748318026" targetId="0" targetType="1" speakerTrackMethod="2" targetTrackMethod="0"/>
 </ResponseSet>
 <ResponseRule id="13680621263410727270" name="" cooldown="" response="13680621263410727271">
  <Criteria>
   <Criterion id="15659330456318451386" value="13680621263353786198" comparison="0" type="guid"/>
   <Criterion id="15659330456318451410" comparison="0" value="13680621263410727260" fromResponse="1" type="guid"/>
   <Criterion id="15659330456318451477" value="4349723564907034829" comparison="0" type="guid"/>
  </Criteria>
 </ResponseRule>
 <ResponseSet id="13680621263410727271">
  <Response dialog="4349723564930187949" id="13680621263410727272" cooldown="0" weight="1" oneshot="0" completeConversation="1" delay="0" cutoff="0" emotion="15659330456346423977" targetId="0" targetType="1" speakerTrackMethod="2" targetTrackMethod="0"/>
 </ResponseSet>
 <ResponseRule id="13680621263410727596" name="" cooldown="" response="13680621263410727597">
  <Criteria>
   <Criterion id="15659330456318451386" value="13680621263353786198" comparison="0" type="guid"/>
   <Criterion id="15659330456318451410" comparison="0" value="4349723564930186678" fromResponse="1" type="guid"/>
   <Criterion id="15659330456318451477" value="4349723564907034829" comparison="0" type="guid"/>
  </Criteria>
 </ResponseRule>
 <ResponseSet id="13680621263410727597">
  <Response dialog="4349723564913692582" id="13680621263410727598" cooldown="0" weight="1" oneshot="0" completeConversation="1" delay="0" cutoff="0" targetId="0" targetType="1" speakerTrackMethod="3" targetTrackMethod="0" emotion="3152439162748318010"/>
 </ResponseSet>
 <ResponseRule id="13680621263410727631" name="" cooldown="" response="13680621263410727597">
  <Criteria>
   <Criterion id="15659330456318451386" value="13680621263353786198" comparison="0" type="guid"/>
   <Criterion id="15659330456318451410" comparison="0" value="4349723564930187116" fromResponse="1" type="guid"/>
  </Criteria>
 </ResponseRule>
 <ResponseSet id="13680621263410727966">
  <Response dialog="4349723564930187504" id="13680621263410727967" cooldown="0" weight="1" oneshot="0" completeConversation="1" delay="0" cutoff="0" targetId="0" targetType="1" speakerTrackMethod="2" targetTrackMethod="0" emotion="3152439162748318010"/>
 </ResponseSet>
</ResponseRules>