
<ResponseRules>
 <WritebackKeys>
  <WritebackKey id="13680621263399057602" name="DecemberClickMeNMDiv"/>
 </WritebackKeys>
 <ResponseRule id="13680621263395080656" name="December TS:  First Contact" cooldown="" description="December, another pre-january operator created by Morgan contacts the player with a different set of instuctions. " oneshot="1" response="13680621263395080759">
  <Criteria>
   <Criterion id="15659330456318451386" value="13680621263353091056" comparison="6" type="guid"/>
   <Criterion id="15659330456318451410" comparison="0" value="onTranscribeTrigger" fromResponse="0" type="default"/>
   <Criterion comparison="0" passIfMissing="false" id="15659330456318451477" type="guid" keyType="default" value="13680621263395080327"/>
  </Criteria>
 </ResponseRule>
 <ResponseRule id="13680621263403275719" name="December TS:  First Contact, Already Found Cache" cooldown="" description="December, another pre-january operator created by Morgan contacts the player with a different set of instuctions. " oneshot="1" response="13680621263403275764">
  <Criteria>
   <Criterion id="15659330456318451386" value="13680621263353091056" comparison="6" type="guid"/>
   <Criterion id="15659330456318451410" comparison="0" value="onTranscribeTrigger" fromResponse="0" type="default"/>
   <Criterion comparison="0" passIfMissing="false" id="15659330456318451477" type="guid" keyType="default" value="13680621263395080327"/>
  </Criteria>
 </ResponseRule>
 <ResponseSet id="13680621263395080759">
  <Response dialog="13680621263395080758" id="13680621263395080760" cooldown="0" weight="1" oneshot="0" completeConversation="0" delay="0" cutoff="0"/>
 </ResponseSet>
 <ResponseRule id="13680621263395080775" name="" cooldown="" response="13680621263395080776">
  <Criteria>
   <Criterion id="15659330456318451386" value="13680621263353091056" comparison="6" type="guid"/>
   <Criterion id="15659330456318451410" comparison="0" value="13680621263395080760" fromResponse="1" type="guid"/>
   <Criterion id="15659330456318451477" value="13680621263395080327" comparison="0" type="guid"/>
  </Criteria>
 </ResponseRule>
 <ResponseSet id="13680621263395080776">
  <Response dialog="13680621263395080774" id="13680621263395080777" cooldown="0" weight="1" oneshot="0" completeConversation="0" delay="0" cutoff="0"/>
 </ResponseSet>
 <ResponseRule id="13680621263395080795" name="" cooldown="" response="13680621263395080796">
  <Criteria>
   <Criterion id="15659330456318451386" value="13680621263353091056" comparison="6" type="guid"/>
   <Criterion id="15659330456318451410" comparison="0" value="13680621263395080777" fromResponse="1" type="guid"/>
   <Criterion id="15659330456318451477" value="13680621263395080327" comparison="0" type="guid"/>
  </Criteria>
 </ResponseRule>
 <ResponseSet id="13680621263395080796">
  <Response dialog="13680621263395080794" id="13680621263395080797" cooldown="0" weight="1" oneshot="0" completeConversation="0" delay="0" cutoff="0"/>
 </ResponseSet>
 <ResponseRule id="13680621263395080842" name="" cooldown="" response="13680621263395080859">
  <Criteria>
   <Criterion id="15659330456318451386" value="13680621263353091056" comparison="6" type="guid"/>
   <Criterion id="15659330456318451410" comparison="0" value="13680621263403277436" fromResponse="1" type="guid"/>
   <Criterion id="15659330456318451477" value="13680621263395080327" comparison="0" type="guid"/>
  </Criteria>
 </ResponseRule>
 <ResponseSet id="13680621263395080859">
  <Response dialog="13680621263395080857" id="13680621263395080860" cooldown="0" weight="1" oneshot="0" completeConversation="1" delay="1" cutoff="0"/>
 </ResponseSet>
 <ResponseRule id="13680621263395080981" name="December Reacts to Missing Key" cooldown="" description="December contacts the player after finding that the key is missing. " oneshot="1" response="13680621263395081030">
  <Criteria>
   <Criterion id="15659330456318451386" value="13680621263353091056" comparison="6" type="guid"/>
   <Criterion id="15659330456318451410" comparison="0" value="onTranscribeTrigger" fromResponse="0" type="default"/>
   <Criterion comparison="0" passIfMissing="false" id="15659330456318451477" type="guid" keyType="default" value="13680621263395080327"/>
  </Criteria>
 </ResponseRule>
 <ResponseSet id="13680621263395081030">
  <Response dialog="13680621263395081029" id="13680621263395081031" cooldown="0" weight="1" oneshot="0" completeConversation="0" delay="0" cutoff="0"/>
 </ResponseSet>
 <ResponseRule id="13680621263395081047" name="" cooldown="" response="13680621263395081048">
  <Criteria>
   <Criterion id="15659330456318451386" value="13680621263353091056" comparison="6" type="guid"/>
   <Criterion id="15659330456318451410" comparison="0" value="13680621263395081031" fromResponse="1" type="guid"/>
   <Criterion id="15659330456318451477" value="13680621263395080327" comparison="0" type="guid"/>
  </Criteria>
 </ResponseRule>
 <ResponseSet id="13680621263395081048">
  <Response dialog="13680621263395081046" id="13680621263395081049" cooldown="0" weight="1" oneshot="0" completeConversation="0" delay="0" cutoff="0"/>
 </ResponseSet>
 <ResponseRule id="13680621263395081133" name="" cooldown="" response="13680621263395081134">
  <Criteria>
   <Criterion id="15659330456318451386" value="13680621263353091056" comparison="6" type="guid"/>
   <Criterion id="15659330456318451410" comparison="0" value="13680621263395081049" fromResponse="1" type="guid"/>
   <Criterion id="15659330456318451477" value="13680621263395080327" comparison="0" type="guid"/>
  </Criteria>
 </ResponseRule>
 <ResponseSet id="13680621263395081134">
  <Response dialog="13680621263395081132" id="13680621263395081135" cooldown="0" weight="1" oneshot="0" completeConversation="1" delay="0" cutoff="0"/>
 </ResponseSet>
 <ResponseRule id="13680621263395081829" name="Overheard January and December" cooldown="" description="January sneaks up on December and zaps it to death. " oneshot="1" response="13680621263395081876" conversation="1">
  <Criteria>
   <Criterion id="15659330456318451386" value="13680621263353091056" comparison="6" type="guid"/>
   <Criterion id="15659330456318451410" comparison="0" value="onConversationTrigger" fromResponse="0" type="default"/>
   <Criterion comparison="0" passIfMissing="false" id="15659330456318451477" type="guid" keyType="default" value="13680621263395080327"/>
   <Criterion comparison="0" passIfMissing="false" id="10739735956111935346" type="guid" keyType="default" value="12889009724983807463"/>
  </Criteria>
 </ResponseRule>
 <ResponseSet id="13680621263395081876">
  <Response dialog="13680621263395081875" id="13680621263395081877" cooldown="0" weight="1" oneshot="0" completeConversation="0" delay="0" cutoff="0" targetId="13680621263358635980" targetType="2" speakerTrackMethod="2" targetTrackMethod="0"/>
 </ResponseSet>
 <ResponseRule id="13680621263395082029" name="" cooldown="" response="13680621263395082030">
  <Criteria>
   <Criterion id="15659330456318451386" value="13680621263353091056" comparison="6" type="guid"/>
   <Criterion id="15659330456318451410" comparison="0" value="13680621263395081877" fromResponse="1" type="guid"/>
   <Criterion id="15659330456318451477" value="13680621263395080327" comparison="0" type="guid"/>
   <Criterion comparison="0" passIfMissing="false" id="10739735956111935346" type="guid" keyType="default" value="12889009724983807463"/>
  </Criteria>
 </ResponseRule>
 <ResponseSet id="13680621263395082030">
  <Response dialog="13680621263395082028" id="13680621263395082031" cooldown="0" weight="1" oneshot="0" completeConversation="1" delay="1" cutoff="0" targetId="13680621263358635980" targetType="2" speakerTrackMethod="2" targetTrackMethod="0"/>
 </ResponseSet>
 <ResponseRule id="13680621263395082374" name="January Explains Why Zapped December" cooldown="" description="January tries to explain why she/he zapped December." oneshot="1" response="13680621263395082494" conversation="1">
  <Criteria>
   <Criterion id="15659330456318451386" value="13680621263353091056" comparison="6" type="guid"/>
   <Criterion id="15659330456318451410" comparison="0" value="onConversationTrigger" fromResponse="0" type="default"/>
   <Criterion comparison="0" passIfMissing="false" id="15659330456318451477" type="guid" keyType="default" value="13680621263358635980"/>
   <Criterion comparison="0" passIfMissing="false" id="10739735956111935346" type="guid" keyType="default" value="12889009724983807463"/>
  </Criteria>
 </ResponseRule>
 <ResponseSet id="13680621263395082494">
  <Response dialog="13680621263395082493" id="13680621263395082495" cooldown="0" weight="1" oneshot="0" completeConversation="0" delay="0" cutoff="0" targetId="0" targetType="1" speakerTrackMethod="2" targetTrackMethod="0"/>
 </ResponseSet>
 <ResponseRule id="13680621263395082502" name="" cooldown="" response="13680621263395082517">
  <Criteria>
   <Criterion id="15659330456318451386" value="13680621263353091056" comparison="6" type="guid"/>
   <Criterion id="15659330456318451410" comparison="0" value="13680621263395082495" fromResponse="1" type="guid"/>
   <Criterion id="15659330456318451477" value="13680621263358635980" comparison="0" type="guid"/>
   <Criterion comparison="0" passIfMissing="false" id="10739735956111935346" type="guid" keyType="default" value="12889009724983807463"/>
  </Criteria>
 </ResponseRule>
 <ResponseSet id="13680621263395082517">
  <Response dialog="13680621263395082515" id="13680621263395082518" cooldown="0" weight="1" oneshot="0" completeConversation="0" delay="0" cutoff="0" targetId="0" targetType="1" speakerTrackMethod="2" targetTrackMethod="0"/>
 </ResponseSet>
 <ResponseRule id="13680621263395082524" name="" cooldown="" response="13680621263395082525">
  <Criteria>
   <Criterion id="15659330456318451386" value="13680621263353091056" comparison="6" type="guid"/>
   <Criterion id="15659330456318451410" comparison="0" value="13680621263395082518" fromResponse="1" type="guid"/>
   <Criterion id="15659330456318451477" value="13680621263358635980" comparison="0" type="guid"/>
   <Criterion comparison="0" passIfMissing="false" id="10739735956111935346" type="guid" keyType="default" value="12889009724983807463"/>
  </Criteria>
 </ResponseRule>
 <ResponseSet id="13680621263395082525">
  <Response dialog="13680621263395082523" id="13680621263395082526" cooldown="0" weight="1" oneshot="0" completeConversation="0" delay="0" cutoff="0" targetId="0" targetType="1" speakerTrackMethod="2" targetTrackMethod="0"/>
 </ResponseSet>
 <ResponseRule id="13680621263395082812" name="January ClickMe: After Zapping December" cooldown="" description="January tries to explain why she/he zapped December." oneshot="0" response="13680621263395082933" conversation="0">
  <Criteria>
   <Criterion id="15659330456318451386" value="13680621263353091056" comparison="6" type="guid"/>
   <Criterion id="15659330456318451410" comparison="0" value="onUsed" fromResponse="0" type="default"/>
   <Criterion comparison="0" passIfMissing="false" id="15659330456318451477" type="guid" keyType="default" value="13680621263358635980"/>
   <Criterion comparison="0" passIfMissing="false" id="10739735956111935346" type="guid" keyType="default" value="12889009724983807463"/>
   <Criterion comparison="5" passIfMissing="false" id="13680621263395082374" keyType="conversation"/>
  </Criteria>
 </ResponseRule>
 <ResponseSet id="13680621263395082933">
  <Response dialog="13680621263395082932" id="13680621263395082934" cooldown="0" weight="10" oneshot="true" completeConversation="1" delay="0" cutoff="0" targetId="0" targetType="1" speakerTrackMethod="2" targetTrackMethod="0"/>
  <Response dialog="13680621263395082941" id="13680621263395082954" cooldown="0" weight="5" oneshot="true" completeConversation="1" delay="0" cutoff="0" targetId="0" targetType="1" speakerTrackMethod="2" targetTrackMethod="0"/>
  <Response dialog="13680621263395082972" id="13680621263395082973" cooldown="0" weight="5" oneshot="true" completeConversation="1" delay="0" cutoff="0" targetId="0" targetType="1" speakerTrackMethod="2" targetTrackMethod="0"/>
  <Response dialog="13680621263395083039" id="13680621263395083040" cooldown="0" weight="5" oneshot="true" completeConversation="0" delay="0" cutoff="0" targetId="0" targetType="1" speakerTrackMethod="2" targetTrackMethod="0"/>
  <Response dialog="13680621263395083264" id="13680621263395083265" cooldown="0" weight="1" oneshot="true" completeConversation="1" delay="0" cutoff="0" targetId="0" targetType="1" speakerTrackMethod="2" targetTrackMethod="0"/>
 </ResponseSet>
 <ResponseRule id="13680621263395083234" name="" cooldown="" response="13680621263395083235">
  <Criteria>
   <Criterion id="15659330456318451386" value="13680621263353091056" comparison="6" type="guid"/>
   <Criterion id="15659330456318451410" comparison="0" value="13680621263395083040" fromResponse="1" type="guid"/>
   <Criterion id="15659330456318451477" value="13680621263358635980" comparison="0" type="guid"/>
   <Criterion comparison="0" passIfMissing="false" id="10739735956111935346" type="guid" keyType="default" value="12889009724983807463"/>
  </Criteria>
 </ResponseRule>
 <ResponseSet id="13680621263395083235">
  <Response dialog="13680621263395083233" id="13680621263395083236" cooldown="0" weight="1" oneshot="0" completeConversation="1" delay="0" cutoff="0" targetId="0" targetType="1" speakerTrackMethod="2" targetTrackMethod="0"/>
 </ResponseSet>
 <ResponseRule id="13680621263398551529" name="January: Reacts Note Pickup" cooldown="" description="January tries to explain why she/he zapped December." oneshot="0" response="13680621263398552094" conversation="1">
  <Criteria>
   <Criterion id="15659330456318451386" value="13680621263353091056" comparison="6" type="guid"/>
   <Criterion id="15659330456318451410" comparison="0" value="onConversationTrigger" fromResponse="0" type="default"/>
   <Criterion comparison="0" passIfMissing="false" id="15659330456318451477" type="guid" keyType="default" value="13680621263358635980"/>
   <Criterion comparison="0" passIfMissing="false" id="10739735956111935346" type="guid" keyType="default" value="12889009724983807463"/>
   <Criterion comparison="5" passIfMissing="true" id="13680621263395082374" keyType="conversation" value="1"/>
  </Criteria>
 </ResponseRule>
 <ResponseSet id="13680621263398552094">
  <Response dialog="13680621263398552093" id="13680621263398552095" cooldown="0" weight="1" oneshot="0" completeConversation="1" delay="0" cutoff="0" targetId="0" targetType="1" speakerTrackMethod="2" targetTrackMethod="0"/>
 </ResponseSet>
 <ResponseRule id="13680621263398552510" name="Picked Up Note?" cooldown="" response="13680621263398552511">
  <Criteria>
   <Criterion id="15659330456318451386" value="13680621263353091056" comparison="6" type="guid"/>
   <Criterion id="15659330456318451410" comparison="0" value="13680621263395082526" fromResponse="1" type="guid"/>
   <Criterion id="15659330456318451477" value="13680621263358635980" comparison="0" type="guid"/>
   <Criterion comparison="0" passIfMissing="false" id="396991602" keyType="gameToken" value="1"/>
   <Criterion comparison="0" passIfMissing="false" id="10739735956111935346" type="guid" keyType="default" value="12889009724983807463"/>
  </Criteria>
 </ResponseRule>
 <ResponseSet id="13680621263398552511">
  <Response dialog="13680621263398552093" id="13680621263398552512" cooldown="0" weight="1" oneshot="0" completeConversation="1" delay="2" cutoff="0" targetType="1" targetId="0" speakerTrackMethod="2" targetTrackMethod="0"/>
 </ResponseSet>
 <ResponseRule id="13680621263399054886" name="December: OnApproach, Still Alive, Meeting in Neurmod Div Foyer" cooldown="" description="December grabs the player&apos;s attention. talks to the player in the Neuromod Div foyer. This branch is only possible because January is dead." oneshot="1" response="13680621263399055036" conversation="1">
  <Criteria>
   <Criterion id="15659330456318451386" value="13680621263353091056" comparison="6" type="guid"/>
   <Criterion id="15659330456318451410" comparison="0" value="onConversationTrigger" fromResponse="0" type="default"/>
   <Criterion comparison="0" passIfMissing="false" id="15659330456318451477" type="guid" keyType="default" value="13680621263395080327"/>
   <Criterion comparison="0" passIfMissing="false" id="10739735956111935346" type="guid" keyType="default" value="12889009724983807463"/>
  </Criteria>
 </ResponseRule>
 <ResponseRule id="13680621263398561291" name="December: Still Alive, Meeting in Neurmod Div Foyer" cooldown="" description="December talks to the player in the Neuromod Div foyer. This branch is only possible because January is dead." oneshot="1" response="13680621263398561424" conversation="1">
  <Criteria>
   <Criterion id="15659330456318451386" value="13680621263353091056" comparison="6" type="guid"/>
   <Criterion id="15659330456318451410" comparison="0" value="onConversationTrigger" fromResponse="0" type="default"/>
   <Criterion comparison="0" passIfMissing="false" id="15659330456318451477" type="guid" keyType="default" value="13680621263395080327"/>
   <Criterion comparison="0" passIfMissing="false" id="10739735956111935346" type="guid" keyType="default" value="12889009724983807463"/>
  </Criteria>
 </ResponseRule>
 <ResponseSet id="13680621263398557418">
  <Response dialog="13680621263398557417" id="13680621263398557419" cooldown="0" weight="1" oneshot="0" completeConversation="0" delay="0" cutoff="0"/>
 </ResponseSet>
 <ResponseSet id="13680621263398561424">
  <Response dialog="13680621263398561423" id="13680621263398561425" cooldown="0" weight="1" oneshot="0" completeConversation="0" delay="0" cutoff="0" targetId="0" targetType="1" speakerTrackMethod="2" targetTrackMethod="0"/>
 </ResponseSet>
 <ResponseRule id="13680621263398561430" name="December ClickMe: After Giving KeyCode In NM Foyer" cooldown="10" description="December followup comments after sending Morgan to Alex&apos;s office." oneshot="0" response="13680621263398561613" conversation="0">
  <Criteria>
   <Criterion id="15659330456318451386" value="13680621263353091056" comparison="6" type="guid"/>
   <Criterion id="15659330456318451410" comparison="0" value="onUsed" fromResponse="0" type="default"/>
   <Criterion comparison="0" passIfMissing="false" id="15659330456318451477" type="guid" keyType="default" value="13680621263395080327"/>
   <Criterion comparison="0" passIfMissing="false" id="10739735956111935346" type="guid" keyType="default" value="12889009724983807463"/>
   <Criterion comparison="5" passIfMissing="false" id="13680621263398561291" keyType="conversation"/>
  </Criteria>
  <Writeback>
   <Fact id="13680621263399057602" value="1" time="0" type="1"/>
  </Writeback>
 </ResponseRule>
 <ResponseRule id="13680621263399057644" name="December ClickMe: After Giving KeyCode In NM Foyer, Last" cooldown="10" description="January tries to explain why she/he zapped December. Last comment to send the player one their way." oneshot="1" response="13680621263399057731" conversation="0">
  <Criteria>
   <Criterion id="15659330456318451386" value="13680621263353091056" comparison="6" type="guid"/>
   <Criterion id="15659330456318451410" comparison="0" value="onUsed" fromResponse="0" type="default"/>
   <Criterion comparison="0" passIfMissing="false" id="15659330456318451477" type="guid" keyType="default" value="13680621263395080327"/>
   <Criterion comparison="0" passIfMissing="false" id="10739735956111935346" type="guid" keyType="default" value="12889009724983807463"/>
   <Criterion comparison="5" passIfMissing="false" id="13680621263398561291" keyType="conversation"/>
   <Criterion comparison="0" passIfMissing="false" id="13680621263399057602" type="default" keyType="writeback" value="3"/>
  </Criteria>
 </ResponseRule>
 <ResponseSet id="13680621263398561543">
  <Response dialog="13680621263398561542" id="13680621263398561544" cooldown="0" weight="1" oneshot="0" completeConversation="0" delay="0" cutoff="0" targetId="0" targetType="1" speakerTrackMethod="2" targetTrackMethod="0"/>
 </ResponseSet>
 <ResponseSet id="13680621263398561613">
  <Response dialog="13680621263398561612" id="13680621263398561614" cooldown="0" weight="1" oneshot="true" completeConversation="1" delay="0" cutoff="0" targetId="0" targetType="1" speakerTrackMethod="2" targetTrackMethod="0"/>
  <Response dialog="13680621263398561625" id="13680621263398561626" cooldown="0" weight="1" oneshot="true" completeConversation="1" delay="0" cutoff="0" targetId="0" targetType="1" speakerTrackMethod="2" targetTrackMethod="0"/>
  <Response dialog="13680621263399057393" id="13680621263399057394" cooldown="0" weight="1" oneshot="true" completeConversation="1" delay="0" cutoff="0" targetId="0" targetType="1" speakerTrackMethod="2" targetTrackMethod="0"/>
 </ResponseSet>
 <ResponseRule id="13680621263398642925" name="December TS: GUTS Nag--Interrupted by January" cooldown="" description="Decemberreminds the player of their task to grab the escape pod key from the Neuromod Div--but January intervenese and destroys December." oneshot="1" response="13680621263398644895">
  <Criteria>
   <Criterion id="15659330456318451386" value="13680621263353091056" comparison="6" type="guid"/>
   <Criterion id="15659330456318451410" comparison="0" value="onTranscribeTrigger" fromResponse="0" type="default"/>
   <Criterion comparison="0" passIfMissing="false" id="15659330456318451477" type="guid" keyType="default" value="13680621263395080327"/>
  </Criteria>
 </ResponseRule>
 <ResponseRule id="13680621263398645394" name="January TS: GUTS After Zapping December" cooldown="" description="January calls a few seconds after zapping december to explain." oneshot="1" response="13680621263398645466">
  <Criteria>
   <Criterion id="15659330456318451386" value="13680621263353091056" comparison="6" type="guid"/>
   <Criterion id="15659330456318451410" comparison="0" value="onTranscribeTrigger" fromResponse="0" type="default"/>
   <Criterion comparison="0" passIfMissing="false" id="15659330456318451477" type="guid" keyType="default" value="13680621263358635980"/>
  </Criteria>
 </ResponseRule>
 <ResponseRule id="13680621263398643002" name="December TS: GUTS Nag" cooldown="" description="Decemberreminds the player of their task to grab the escape pod key from the Neuromod Div." oneshot="1" response="13680621263398646294">
  <Criteria>
   <Criterion id="15659330456318451386" value="13680621263353091056" comparison="6" type="guid" compare="0"/>
   <Criterion id="15659330456318451410" comparison="0" value="onTranscribeTrigger" fromResponse="0" type="default"/>
   <Criterion id="15659330456318451477" value="13680621263395080327" compare="0" type="guid"/>
  </Criteria>
 </ResponseRule>
 <ResponseRule id="13680621263398696881" name="December TS: Found Alex Room Key -- Catch Up" cooldown="" description="December calls after the player finds Alex&apos;s Room key in the office Safe. The player has ignoring December up to this point." oneshot="1" response="13680621263398696971" conversation="1">
  <Criteria>
   <Criterion id="15659330456318451386" value="13680621263353091056" comparison="6" type="guid" compare="0"/>
   <Criterion id="15659330456318451410" comparison="0" value="onTranscribeTrigger" fromResponse="0" type="default"/>
   <Criterion id="15659330456318451477" value="13680621263395080327" compare="0" type="guid"/>
  </Criteria>
 </ResponseRule>
 <ResponseRule id="13680621263398696975" name="December TS: Found Alex Room Key" cooldown="" description="December calls after the player finds Alex&apos;s Room key in the office Safe." oneshot="1" response="13680621263398697061" conversation="1">
  <Criteria>
   <Criterion id="15659330456318451386" value="13680621263353091056" comparison="6" type="guid" compare="0"/>
   <Criterion id="15659330456318451410" comparison="0" value="onTranscribeTrigger" fromResponse="0" type="default"/>
   <Criterion id="15659330456318451477" value="13680621263395080327" compare="0" type="guid"/>
  </Criteria>
 </ResponseRule>
 <ResponseRule id="13680621263398557223" name="December TS: Meet At Escape Pod" cooldown="" description="December offers to meet the player at the escape POD for the final farewell. This branch is only possible because January is dead." oneshot="1" response="13680621263398557418">
  <Criteria>
   <Criterion id="15659330456318451386" value="13680621263353091056" comparison="6" type="guid"/>
   <Criterion id="15659330456318451410" comparison="0" value="onTranscribeTrigger" fromResponse="0" type="default"/>
   <Criterion comparison="0" passIfMissing="false" id="15659330456318451477" type="guid" keyType="default" value="13680621263395080327"/>
  </Criteria>
 </ResponseRule>
 <ResponseRule id="13680621263398643131" name="December TS: Final Nag" cooldown="" description="Near the end of the game, December reminds the player of their task to escape the space station. Only plays if January is dead (and therefore hasn&apos;t killed december) and the player has been ignoring December&apos;s tasks up to this point (post Apex likely)." oneshot="1" response="13680621263398646254">
  <Criteria>
   <Criterion id="15659330456318451386" value="13680621263353091056" comparison="6" type="guid"/>
   <Criterion id="15659330456318451410" comparison="0" value="onTranscribeTrigger" fromResponse="0" type="default"/>
   <Criterion comparison="0" passIfMissing="false" id="15659330456318451477" type="guid" keyType="default" value="13680621263395080327"/>
  </Criteria>
 </ResponseRule>
 <ResponseRule id="13680621263398557437" name="December: Escape Pod Final Farewell" cooldown="" description="December offers to meet the player at the escape POD for the final farewell. This branch is only possible because January is dead. December self-destructs after saying its last words." oneshot="1" response="13680621263398561543" conversation="1" priority="0">
  <Criteria>
   <Criterion id="15659330456318451386" value="13680621263353091056" comparison="6" type="guid"/>
   <Criterion id="15659330456318451410" comparison="0" value="onPlayerApproachNear" fromResponse="0" type="default"/>
   <Criterion comparison="0" passIfMissing="false" id="15659330456318451477" type="guid" keyType="default" value="13680621263395080327"/>
   <Criterion comparison="0" passIfMissing="false" id="10739735956111935346" type="guid" keyType="default" value="1713490239386284818"/>
  </Criteria>
 </ResponseRule>
 <ResponseSet id="13680621263398644895">
  <Response dialog="13680621263398644894" id="13680621263398644896" cooldown="0" weight="1" oneshot="0" completeConversation="0" delay="0" cutoff="0"/>
 </ResponseSet>
 <ResponseRule id="13680621263398645157" name="" cooldown="" response="13680621263398645158">
  <Criteria>
   <Criterion id="15659330456318451386" value="13680621263353091056" comparison="6" type="guid"/>
   <Criterion id="15659330456318451410" comparison="0" value="13680621263398644896" fromResponse="1" type="guid"/>
   <Criterion id="15659330456318451477" value="13680621263395080327" comparison="0" type="guid"/>
  </Criteria>
 </ResponseRule>
 <ResponseSet id="13680621263398645158">
  <Response dialog="13680621263395081875" id="13680621263398645159" cooldown="0" weight="1" oneshot="0" completeConversation="0" delay="0" cutoff="0"/>
 </ResponseSet>
 <ResponseRule id="13680621263398645210" name="" cooldown="" response="13680621263398645211">
  <Criteria>
   <Criterion id="15659330456318451386" value="13680621263353091056" comparison="6" type="guid"/>
   <Criterion id="15659330456318451410" comparison="0" value="13680621263398645159" fromResponse="1" type="guid"/>
   <Criterion id="15659330456318451477" value="13680621263395080327" comparison="0" type="guid"/>
  </Criteria>
 </ResponseRule>
 <ResponseSet id="13680621263398645211">
  <Response dialog="13680621263398645209" id="13680621263398645212" cooldown="0" weight="1" oneshot="0" completeConversation="1" delay="0" cutoff="0"/>
 </ResponseSet>
 <ResponseSet id="13680621263398645466">
  <Response dialog="13680621263398645465" id="13680621263398645467" cooldown="0" weight="1" oneshot="0" completeConversation="0" delay="0" cutoff="0"/>
 </ResponseSet>
 <ResponseRule id="13680621263398645688" name="" cooldown="" response="13680621263398645689">
  <Criteria>
   <Criterion id="15659330456318451386" value="13680621263353091056" comparison="6" type="guid"/>
   <Criterion id="15659330456318451410" comparison="0" value="13680621263398645467" fromResponse="1" type="guid"/>
   <Criterion id="15659330456318451477" value="13680621263358635980" comparison="0" type="guid"/>
  </Criteria>
 </ResponseRule>
 <ResponseSet id="13680621263398645689">
  <Response dialog="13680621263398645687" id="13680621263398645690" cooldown="0" weight="1" oneshot="0" completeConversation="0" delay="0" cutoff="0"/>
 </ResponseSet>
 <ResponseRule id="13680621263398645701" name="" cooldown="" response="13680621263398645702">
  <Criteria>
   <Criterion id="15659330456318451386" value="13680621263353091056" comparison="6" type="guid"/>
   <Criterion id="15659330456318451410" comparison="0" value="13680621263398645690" fromResponse="1" type="guid"/>
   <Criterion id="15659330456318451477" value="13680621263358635980" comparison="0" type="guid"/>
  </Criteria>
 </ResponseRule>
 <ResponseSet id="13680621263398645702">
  <Response dialog="13680621263395082515" id="13680621263398645703" cooldown="0" weight="1" oneshot="0" completeConversation="0" delay="0" cutoff="0"/>
 </ResponseSet>
 <ResponseRule id="13680621263398645720" name="" cooldown="" response="13680621263398645721">
  <Criteria>
   <Criterion id="15659330456318451386" value="13680621263353091056" comparison="6" type="guid"/>
   <Criterion id="15659330456318451410" comparison="0" value="13680621263398645703" fromResponse="1" type="guid"/>
   <Criterion id="15659330456318451477" value="13680621263358635980" comparison="0" type="guid"/>
  </Criteria>
 </ResponseRule>
 <ResponseSet id="13680621263398645721">
  <Response dialog="13680621263395082523" id="13680621263398645722" cooldown="0" weight="1" oneshot="0" completeConversation="1" delay="0" cutoff="0"/>
 </ResponseSet>
 <ResponseSet id="13680621263398646209">
  <Response dialog="13680621263398646293" id="13680621263398646210" cooldown="0" weight="1" oneshot="0" completeConversation="1" delay="0" cutoff="0"/>
 </ResponseSet>
 <ResponseSet id="13680621263398646254">
  <Response dialog="13680621263398646253" id="13680621263398646255" cooldown="0" weight="1" oneshot="0" completeConversation="0" delay="0" cutoff="0"/>
 </ResponseSet>
 <ResponseSet id="13680621263398646294">
  <Response dialog="13680621263398646208" id="13680621263398646295" cooldown="0" weight="1" oneshot="0" completeConversation="0" delay="0" cutoff="0"/>
 </ResponseSet>
 <ResponseRule id="13680621263398646296" name="" cooldown="" response="13680621263398646209">
  <Criteria>
   <Criterion id="15659330456318451386" value="13680621263353091056" comparison="6" type="guid"/>
   <Criterion id="15659330456318451410" comparison="0" value="13680621263398646295" fromResponse="1" type="guid"/>
   <Criterion comparison="0" passIfMissing="false" id="15659330456318451477" type="guid" keyType="default" value="13680621263395080327"/>
  </Criteria>
 </ResponseRule>
 <ResponseSet id="13680621263398696971">
  <Response dialog="13680621263398696970" id="13680621263398696972" cooldown="0" weight="1" oneshot="0" completeConversation="0" delay="0" cutoff="0"/>
 </ResponseSet>
 <ResponseSet id="13680621263398697061">
  <Response dialog="13680621263398697060" id="13680621263398697062" cooldown="0" weight="1" oneshot="0" completeConversation="0" delay="0" cutoff="0"/>
 </ResponseSet>
 <ResponseRule id="13680621263398697896" name="" cooldown="" response="13680621263398697897">
  <Criteria>
   <Criterion id="15659330456318451386" value="13680621263353091056" comparison="6" type="guid"/>
   <Criterion id="15659330456318451410" comparison="0" value="13680621263399056285" fromResponse="1" type="guid"/>
   <Criterion id="15659330456318451477" value="13680621263395080327" comparison="0" type="guid"/>
   <Criterion comparison="0" passIfMissing="false" id="10739735956111935346" type="guid" keyType="default" value="12889009724983807463"/>
  </Criteria>
 </ResponseRule>
 <ResponseSet id="13680621263398697897">
  <Response dialog="13680621263398697895" id="13680621263398697898" cooldown="0" weight="1" oneshot="0" completeConversation="1" delay="0" cutoff="0" targetId="0" targetType="1" speakerTrackMethod="2" targetTrackMethod="0"/>
 </ResponseSet>
 <ResponseSet id="13680621263399055036">
  <Response dialog="577514304977668344" id="13680621263399055037" cooldown="0" weight="1" oneshot="0" completeConversation="0" delay="0" cutoff="0" targetId="0" targetType="1" speakerTrackMethod="2" targetTrackMethod="0"/>
 </ResponseSet>
 <ResponseRule id="13680621263399055049" name="" cooldown="" response="13680621263399055050">
  <Criteria>
   <Criterion id="15659330456318451386" value="13680621263353091056" comparison="6" type="guid"/>
   <Criterion id="15659330456318451410" comparison="0" value="13680621263399055037" fromResponse="1" type="guid"/>
   <Criterion id="15659330456318451477" value="13680621263395080327" comparison="0" type="guid"/>
   <Criterion comparison="0" passIfMissing="false" id="10739735956111935346" type="guid" keyType="default" value="12889009724983807463"/>
  </Criteria>
 </ResponseRule>
 <ResponseSet id="13680621263399055050">
  <Response dialog="577514304977668353" id="13680621263399055051" cooldown="0" weight="1" oneshot="0" completeConversation="1" delay="1" cutoff="0" targetId="0" targetType="1" speakerTrackMethod="2" targetTrackMethod="0"/>
 </ResponseSet>
 <ResponseRule id="13680621263399056209" name="" cooldown="" response="13680621263399056210">
  <Criteria>
   <Criterion id="15659330456318451386" value="13680621263353091056" comparison="6" type="guid"/>
   <Criterion id="15659330456318451410" comparison="0" value="13680621263398561425" fromResponse="1" type="guid"/>
   <Criterion id="15659330456318451477" value="13680621263395080327" comparison="0" type="guid"/>
   <Criterion comparison="0" passIfMissing="false" id="10739735956111935346" type="guid" keyType="default" value="12889009724983807463"/>
  </Criteria>
 </ResponseRule>
 <ResponseSet id="13680621263399056210">
  <Response dialog="13680621263399056208" id="13680621263399056211" cooldown="0" weight="1" oneshot="0" completeConversation="0" delay="0" cutoff="0" targetId="0" targetType="1" speakerTrackMethod="2" targetTrackMethod="0"/>
 </ResponseSet>
 <ResponseRule id="13680621263399056261" name="" cooldown="" response="13680621263399056262">
  <Criteria>
   <Criterion id="15659330456318451386" value="13680621263353091056" comparison="6" type="guid"/>
   <Criterion id="15659330456318451410" comparison="0" value="13680621263399056211" fromResponse="1" type="guid"/>
   <Criterion id="15659330456318451477" value="13680621263395080327" comparison="0" type="guid"/>
   <Criterion comparison="0" passIfMissing="false" id="10739735956111935346" type="guid" keyType="default" value="12889009724983807463"/>
  </Criteria>
 </ResponseRule>
 <ResponseSet id="13680621263399056262">
  <Response dialog="13680621263399056260" id="13680621263399056263" cooldown="0" weight="1" oneshot="0" completeConversation="0" delay="0" cutoff="0" targetId="0" targetType="1" speakerTrackMethod="2" targetTrackMethod="0"/>
 </ResponseSet>
 <ResponseRule id="13680621263399056283" name="" cooldown="" response="13680621263399056284">
  <Criteria>
   <Criterion id="15659330456318451386" value="13680621263353091056" comparison="6" type="guid"/>
   <Criterion id="15659330456318451410" comparison="0" value="13680621263399056263" fromResponse="1" type="guid"/>
   <Criterion id="15659330456318451477" value="13680621263395080327" comparison="0" type="guid"/>
   <Criterion comparison="0" passIfMissing="false" id="10739735956111935346" type="guid" keyType="default" value="12889009724983807463"/>
  </Criteria>
 </ResponseRule>
 <ResponseSet id="13680621263399056284">
  <Response dialog="13680621263399056282" id="13680621263399056285" cooldown="0" weight="1" oneshot="0" completeConversation="0" delay="0" cutoff="0" targetId="0" targetType="1" speakerTrackMethod="2" targetTrackMethod="0"/>
 </ResponseSet>
 <ResponseSet id="13680621263399057731">
  <Response dialog="13680621263398561621" id="13680621263399057732" cooldown="0" weight="1" oneshot="0" completeConversation="1" delay="0" cutoff="0" targetId="0" targetType="1" speakerTrackMethod="2" targetTrackMethod="0"/>
 </ResponseSet>
 <ResponseRule id="13680621263399060205" name="" cooldown="" response="13680621263399060206">
  <Criteria>
   <Criterion id="15659330456318451386" value="13680621263353091056" comparison="6" type="guid"/>
   <Criterion id="15659330456318451410" comparison="0" value="13680621263398696972" fromResponse="1" type="guid"/>
   <Criterion id="15659330456318451477" value="13680621263395080327" comparison="0" type="guid"/>
  </Criteria>
 </ResponseRule>
 <ResponseSet id="13680621263399060206">
  <Response dialog="13680621263399060204" id="13680621263399060207" cooldown="0" weight="1" oneshot="0" completeConversation="1" delay="0" cutoff="0"/>
 </ResponseSet>
 <ResponseRule id="13680621263399061461" name="" cooldown="" response="13680621263399060206">
  <Criteria>
   <Criterion id="15659330456318451386" value="13680621263353091056" comparison="6" type="guid"/>
   <Criterion id="15659330456318451410" comparison="0" value="13680621263398697062" fromResponse="1" type="guid"/>
   <Criterion comparison="0" passIfMissing="false" id="15659330456318451477" type="guid" keyType="default" value="13680621263395080327"/>
  </Criteria>
 </ResponseRule>
 <ResponseRule id="13680621263399061574" name="" cooldown="" response="13680621263399061575">
  <Criteria>
   <Criterion id="15659330456318451386" value="13680621263353091056" comparison="6" type="guid"/>
   <Criterion id="15659330456318451410" comparison="0" value="13680621263398557419" fromResponse="1" type="guid"/>
   <Criterion id="15659330456318451477" value="13680621263395080327" comparison="0" type="guid"/>
  </Criteria>
 </ResponseRule>
 <ResponseSet id="13680621263399061575">
  <Response dialog="13680621263399061573" id="13680621263399061576" cooldown="0" weight="1" oneshot="0" completeConversation="1" delay="0" cutoff="0"/>
 </ResponseSet>
 <ResponseRule id="13680621263399061879" name="" cooldown="" response="13680621263399061880">
  <Criteria>
   <Criterion id="15659330456318451386" value="13680621263353091056" comparison="6" type="guid"/>
   <Criterion id="15659330456318451410" comparison="0" value="13680621263398561544" fromResponse="1" type="guid"/>
   <Criterion id="15659330456318451477" value="13680621263395080327" comparison="0" type="guid"/>
  </Criteria>
 </ResponseRule>
 <ResponseSet id="13680621263399061880">
  <Response dialog="13680621263399061878" id="13680621263399061881" cooldown="0" weight="1" oneshot="0" completeConversation="0" delay="1" cutoff="0" targetId="0" targetType="1" speakerTrackMethod="2" targetTrackMethod="0"/>
 </ResponseSet>
 <ResponseRule id="13680621263399061897" name="" cooldown="" response="13680621263399061898">
  <Criteria>
   <Criterion id="15659330456318451386" value="13680621263353091056" comparison="6" type="guid"/>
   <Criterion id="15659330456318451410" comparison="0" value="13680621263399061881" fromResponse="1" type="guid"/>
   <Criterion id="15659330456318451477" value="13680621263395080327" comparison="0" type="guid"/>
  </Criteria>
 </ResponseRule>
 <ResponseSet id="13680621263399061898">
  <Response dialog="13680621263399061896" id="13680621263399061899" cooldown="0" weight="1" oneshot="0" completeConversation="0" delay="0" cutoff="0" targetId="0" targetType="1" speakerTrackMethod="2" targetTrackMethod="0"/>
 </ResponseSet>
 <ResponseRule id="13680621263399061909" name="" cooldown="" response="13680621263399061910">
  <Criteria>
   <Criterion id="15659330456318451386" value="13680621263353091056" comparison="6" type="guid"/>
   <Criterion id="15659330456318451410" comparison="0" value="13680621263399061899" fromResponse="1" type="guid"/>
   <Criterion id="15659330456318451477" value="13680621263395080327" comparison="0" type="guid"/>
  </Criteria>
 </ResponseRule>
 <ResponseSet id="13680621263399061910">
  <Response dialog="13680621263399061908" id="13680621263399061911" cooldown="0" weight="1" oneshot="0" completeConversation="0" delay="1" cutoff="0" targetId="0" targetType="1" speakerTrackMethod="2" targetTrackMethod="0"/>
 </ResponseSet>
 <ResponseRule id="13680621263399061921" name="" cooldown="" response="13680621263399061922">
  <Criteria>
   <Criterion id="15659330456318451386" value="13680621263353091056" comparison="6" type="guid"/>
   <Criterion id="15659330456318451410" comparison="0" value="13680621263399061911" fromResponse="1" type="guid"/>
   <Criterion id="15659330456318451477" value="13680621263395080327" comparison="0" type="guid"/>
  </Criteria>
 </ResponseRule>
 <ResponseSet id="13680621263399061922">
  <Response dialog="13680621263399061920" id="13680621263399061923" cooldown="0" weight="1" oneshot="0" completeConversation="0" delay="1" cutoff="0" targetId="0" targetType="1" speakerTrackMethod="2" targetTrackMethod="0"/>
 </ResponseSet>
 <ResponseRule id="13680621263399061930" name="" cooldown="" response="13680621263399061931">
  <Criteria>
   <Criterion id="15659330456318451386" value="13680621263353091056" comparison="6" type="guid"/>
   <Criterion id="15659330456318451410" comparison="0" value="13680621263399061923" fromResponse="1" type="guid"/>
   <Criterion id="15659330456318451477" value="13680621263395080327" comparison="0" type="guid"/>
  </Criteria>
 </ResponseRule>
 <ResponseSet id="13680621263399061931">
  <Response dialog="13680621263399061929" id="13680621263399061932" cooldown="0" weight="1" oneshot="0" completeConversation="1" delay="1.5" cutoff="0" targetId="0" targetType="1" speakerTrackMethod="2" targetTrackMethod="0"/>
 </ResponseSet>
 <ResponseRule id="13680621263399062321" name="" cooldown="" response="13680621263399062322">
  <Criteria>
   <Criterion id="15659330456318451386" value="13680621263353091056" comparison="6" type="guid"/>
   <Criterion id="15659330456318451410" comparison="0" value="13680621263398646255" fromResponse="1" type="guid"/>
   <Criterion id="15659330456318451477" value="13680621263395080327" comparison="0" type="guid"/>
  </Criteria>
 </ResponseRule>
 <ResponseSet id="13680621263399062322">
  <Response dialog="13680621263399062320" id="13680621263399062323" cooldown="0" weight="1" oneshot="0" completeConversation="0" delay="0" cutoff="0"/>
 </ResponseSet>
 <ResponseRule id="13680621263399062523" name="" cooldown="" response="13680621263399062524">
  <Criteria>
   <Criterion id="15659330456318451386" value="13680621263353091056" comparison="6" type="guid"/>
   <Criterion id="15659330456318451410" comparison="0" value="13680621263399062323" fromResponse="1" type="guid"/>
   <Criterion id="15659330456318451477" value="13680621263395080327" comparison="0" type="guid"/>
  </Criteria>
 </ResponseRule>
 <ResponseSet id="13680621263399062524">
  <Response dialog="13680621263399062522" id="13680621263399062525" cooldown="0" weight="1" oneshot="0" completeConversation="1" delay="0" cutoff="0"/>
 </ResponseSet>
 <ResponseSet id="13680621263403275764">
  <Response dialog="13680621263395080758" id="13680621263403275765" cooldown="0" weight="1" oneshot="0" completeConversation="0" delay="0" cutoff="0"/>
 </ResponseSet>
 <ResponseRule id="13680621263403275778" name="" cooldown="" response="13680621263403275779">
  <Criteria>
   <Criterion id="15659330456318451386" value="13680621263353091056" comparison="6" type="guid"/>
   <Criterion id="15659330456318451410" comparison="0" value="13680621263403275765" fromResponse="1" type="guid"/>
   <Criterion id="15659330456318451477" value="13680621263395080327" comparison="0" type="guid"/>
  </Criteria>
 </ResponseRule>
 <ResponseSet id="13680621263403275779">
  <Response dialog="13680621263395080774" id="13680621263403275780" cooldown="0" weight="1" oneshot="0" completeConversation="0" delay="0" cutoff="0"/>
 </ResponseSet>
 <ResponseRule id="13680621263403276150" name="" cooldown="" response="13680621263403276151">
  <Criteria>
   <Criterion id="15659330456318451386" value="13680621263353091056" comparison="6" type="guid"/>
   <Criterion id="15659330456318451410" comparison="0" value="13680621263403275780" fromResponse="1" type="guid"/>
   <Criterion id="15659330456318451477" value="13680621263395080327" comparison="0" type="guid"/>
  </Criteria>
 </ResponseRule>
 <ResponseSet id="13680621263403276151">
  <Response dialog="13680621263395080794" id="13680621263403276152" cooldown="0" weight="1" oneshot="0" completeConversation="0" delay="0" cutoff="0"/>
 </ResponseSet>
 <ResponseRule id="13680621263403276235" name="" cooldown="" response="13680621263395081048">
  <Criteria>
   <Criterion id="15659330456318451386" value="13680621263353091056" comparison="6" type="guid"/>
   <Criterion id="15659330456318451410" comparison="0" value="13680621263403276152" fromResponse="1" type="guid"/>
   <Criterion comparison="0" passIfMissing="false" id="15659330456318451477" type="guid" keyType="default" value="13680621263395080327"/>
  </Criteria>
 </ResponseRule>
 <ResponseRule id="13680621263403277434" name="" cooldown="" response="13680621263403277435">
  <Criteria>
   <Criterion id="15659330456318451386" value="13680621263353091056" comparison="6" type="guid"/>
   <Criterion id="15659330456318451410" comparison="0" value="13680621263395080797" fromResponse="1" type="guid"/>
   <Criterion id="15659330456318451477" value="13680621263395080327" comparison="0" type="guid"/>
  </Criteria>
 </ResponseRule>
 <ResponseSet id="13680621263403277435">
  <Response dialog="13680621263403276149" id="13680621263403277436" cooldown="0" weight="1" oneshot="0" completeConversation="0" delay=".5" cutoff="0"/>
 </ResponseSet>
</ResponseRules>