
<ArkSecurityStations>
 <SecurityStations>
  <ArkSecurityStation ID="7293080054601832667" Name="Test1" Location="12889009724980689392" User="4349723564897456793">
   <Emails>
    <Email Value="12889009724998299763"/>
    <Email Value="12889009725000645605"/>
   </Emails>
   <Personnel>
    <Character Value="1713490239389130908"/>
    <Character Value="844024417277872913"/>
    <Character Value="13680621263389037313"/>
    <Character Value="4349723564897456793"/>
    <Character Value="11824555372635796966"/>
   </Personnel>
   <Utilities>
    <ArkButtonUtility ID="7293080054601894611" Name="Utility 1" Label="@loc_15373294129887560704" Enabled="true">
     <Buttons/>
    </ArkButtonUtility>
    <ArkButtonUtility ID="7293080054601894628" Name="Utility 2" Label="@loc_15373294129887560705" Enabled="true">
     <Buttons/>
    </ArkButtonUtility>
   </Utilities>
  </ArkSecurityStation>
  <ArkSecurityStation ID="6732635291179999452" Name="Psychotronics" Location="11824555372632688907" User="11824555372636510400">
   <Emails>
    <Email Value="11824555372636510712"/>
   </Emails>
   <Personnel/>
   <Utilities>
    <ArkButtonUtility ID="6732635291220019130" Name="Door controls" Label="@loc_15373294129887560706" Enabled="true" Hidden="false">
     <Buttons>
      <Button ID="6732635291229000971" Name="Lock security booth" Label="@loc_6732635291229000972" Enabled="true" Hidden="false"/>
      <Button ID="6732635291229000997" Name="Unlock security booth" Label="@loc_6732635291229000998" Enabled="true" Hidden="false"/>
     </Buttons>
    </ArkButtonUtility>
    <ArkButtonUtility ID="844024417316242706" Name="Reveal Map" Label="@loc_844024417316242707" Enabled="true" Hidden="false">
     <Buttons>
      <Button ID="13680621263405958133" Name="Map" Label="@loc_13680621263405958134" Enabled="true" Hidden="false"/>
     </Buttons>
    </ArkButtonUtility>
   </Utilities>
  </ArkSecurityStation>
  <ArkSecurityStation ID="12889009725015170735" Name="Volunteer" Location="12889009724983807463" User="4349723564911789705">
   <Emails/>
   <Personnel>
    <Character Value="4349723564911789827"/>
    <Character Value="13680621263361473334"/>
    <Character Value="4349723564911789705"/>
    <Character Value="4349723564911789614"/>
    <Character Value="4349723564911789561"/>
    <Character Value="4349723564911789669"/>
    <Character Value="4349723564911789482"/>
    <Character Value="11824555372663636922"/>
    <Character Value="4349723564911789769"/>
    <Character Value="11824555372663636983"/>
    <Character Value="11824555372663637314"/>
    <Character Value="11824555372663637396"/>
    <Character Value="11824555372664079473"/>
    <Character Value="11824555372664079516"/>
    <Character Value="11824555372664079560"/>
    <Character Value="4349723564946355802"/>
    <Character Value="4349723564946356390"/>
    <Character Value="4349723564946356393"/>
   </Personnel>
   <Utilities/>
  </ArkSecurityStation>
  <ArkSecurityStation ID="12889009724997694039" Name="Simulation" Location="12889009724983807463" User="12889009725044695624">
   <Emails>
    <Email Value="12889009725044695566"/>
   </Emails>
   <Personnel/>
   <Utilities>
    <ArkButtonUtility ID="12889009725001250563" Name="OverrideFabLock" Label="@loc_15373294129887560708" Enabled="true" Hidden="false" Description="@loc_13680621263405958365">
     <Buttons>
      <Button ID="13680621263405958231" Name="SkillRecUnlock" Label="@loc_13680621263405958232" Enabled="true" Hidden="false"/>
      <Button ID="13680621263405958259" Name="SkillReLock" Label="@loc_13680621263405958260" Enabled="true" Hidden="false"/>
     </Buttons>
    </ArkButtonUtility>
    <ArkButtonUtility ID="844024417316242738" Name="reveal map" Label="@loc_844024417316242739" Enabled="true" Hidden="false">
     <Buttons>
      <Button ID="13680621263405958213" Name="Map" Label="@loc_13680621263405958214" Enabled="true" Hidden="false"/>
     </Buttons>
    </ArkButtonUtility>
   </Utilities>
  </ArkSecurityStation>
  <ArkSecurityStation ID="12889009724999009415" Name="Trauma" Location="1713490239432063056" User="12889009724999010166">
   <Emails>
    <Email Value="12889009725032013899"/>
    <Email Value="12889009725019925107"/>
   </Emails>
   <Personnel/>
   <Utilities>
    <ArkButtonUtility ID="844024417316249684" Name="Reveal Map" Label="@loc_844024417316249685" Enabled="true" Hidden="false">
     <Buttons>
      <Button ID="13680621263405958373" Name="Map" Label="@loc_13680621263405958374" Enabled="true" Hidden="false"/>
     </Buttons>
    </ArkButtonUtility>
   </Utilities>
  </ArkSecurityStation>
  <ArkSecurityStation ID="844024417270980694" Name="Hardware Labs" Location="844024417263019221" User="844024417270980984">
   <Emails/>
   <Personnel/>
   <Utilities>
    <ArkButtonUtility ID="844024417316249688" Name="Reveal Map" Label="@loc_844024417316249689" Enabled="true" Hidden="false">
     <Buttons>
      <Button ID="13680621263405958451" Name="Map" Label="@loc_13680621263405958452" Enabled="true" Hidden="false"/>
     </Buttons>
    </ArkButtonUtility>
    <ArkButtonUtility ID="761057047992612654" Name="Security Utilities" Label="@loc_15373294129887560709" Enabled="false" Hidden="false">
     <Buttons>
      <Button ID="13680621263405958654" Name="ResetChkPoint" Label="@loc_13680621263405958655" Enabled="true" Hidden="false"/>
      <Button ID="13680621263405958656" Name="UnlockLocker" Label="@loc_13680621263405958657" Enabled="true" Hidden="false"/>
      <Button ID="13680621263405958658" Name="LockLocker" Label="@loc_13680621263405958659" Enabled="true" Hidden="false"/>
     </Buttons>
    </ArkButtonUtility>
   </Utilities>
  </ArkSecurityStation>
  <ArkSecurityStation ID="761057047955985893" Name="GUTs" Location="4349723564886052417" User="761057047955986078">
   <Emails>
    <Email Value="761057047996339690"/>
    <Email Value="761057047955716050"/>
   </Emails>
   <Personnel/>
   <Utilities>
    <ArkButtonUtility ID="844024417316249694" Name="Reveal Map" Label="@loc_844024417316249695" Enabled="true" Hidden="false">
     <Buttons>
      <Button ID="13680621263405958881" Name="Map" Label="@loc_13680621263405958882" Enabled="true" Hidden="false"/>
     </Buttons>
    </ArkButtonUtility>
   </Utilities>
  </ArkSecurityStation>
  <ArkSecurityStation ID="844024417273150845" Name="Crew Quarters" Location="844024417252490146" User="844024417273150903">
   <Emails>
    <Email Value="844024417299137333"/>
    <Email Value="844024417299137265"/>
    <Email Value="844024417299136864"/>
    <Email Value="844024417305192097"/>
   </Emails>
   <Personnel/>
   <Utilities>
    <ArkButtonUtility ID="844024417316249699" Name="Reveal Map" Label="@loc_844024417316249700" Enabled="true" Hidden="false">
     <Buttons>
      <Button ID="13680621263405959319" Name="Map" Label="@loc_13680621263405959320" Enabled="true" Hidden="false"/>
     </Buttons>
    </ArkButtonUtility>
    <ArkButtonUtility ID="6732635291236881734" Name="Surveillance" Label="@loc_6732635291236881735" Enabled="true" Hidden="false" NoDefaultButton="false" Description="@loc_13680621263413771231">
     <Buttons>
      <Button ID="6732635291236882277" Name="Surveillance Recording" Label="@loc_6732635291236882278" Enabled="true" Hidden="false"/>
      <Button ID="13680621263413771183" Name="Surveillance Report" Label="@loc_13680621263413771184" Enabled="true" Hidden="false"/>
     </Buttons>
    </ArkButtonUtility>
   </Utilities>
  </ArkSecurityStation>
  <ArkSecurityStation ID="1713490239396473179" Name="Lobby" Location="1713490239377285936" User="1713490239396473362">
   <Emails>
    <Email Value="13680621263404433606"/>
    <Email Value="13680621263404433595"/>
    <Email Value="13680621263404433481"/>
    <Email Value="13680621263404432951"/>
    <Email Value="13680621263412021249"/>
   </Emails>
   <Personnel/>
   <Utilities>
    <ArkButtonUtility ID="844024417316249704" Name="Reveal Map" Label="@loc_844024417316249705" Enabled="true" Hidden="false">
     <Buttons>
      <Button ID="13680621263405959610" Name="Map" Label="@loc_13680621263405959611" Enabled="true" Hidden="false"/>
     </Buttons>
    </ArkButtonUtility>
   </Utilities>
  </ArkSecurityStation>
  <ArkSecurityStation ID="11824555372644263740" Name="Power Plant" Location="6732635291182790112" User="844024417327504121">
   <Emails/>
   <Personnel/>
   <Utilities>
    <ArkButtonUtility ID="844024417316249708" Name="Reveal Map" Label="@loc_844024417316249709" Enabled="true" Hidden="false">
     <Buttons>
      <Button ID="13680621263405959641" Name="Map" Label="@loc_13680621263405959642" Enabled="true" Hidden="false"/>
     </Buttons>
    </ArkButtonUtility>
    <ArkButtonUtility ID="11824555372645320855" Name="Allow access to Engineering Control" Label="@loc_15373294129887560712" Enabled="true" Description="@loc_13680621263405959744">
     <Buttons>
      <Button ID="13680621263405959706" Name="GrantAccess" Label="@loc_13680621263405959707" Enabled="true" Hidden="false"/>
      <Button ID="13680621263405959709" Name="DenyAccess" Label="@loc_13680621263405959710" Enabled="true" Hidden="false"/>
     </Buttons>
    </ArkButtonUtility>
   </Utilities>
  </ArkSecurityStation>
  <ArkSecurityStation ID="4349723564921653185" Name="Bridge" Location="844024417275035158" User="4349723564911788796">
   <Emails/>
   <Personnel/>
   <Utilities>
    <ArkButtonUtility ID="844024417316249712" Name="Reveal Map" Label="@loc_844024417316249713" Enabled="true" Hidden="false">
     <Buttons>
      <Button ID="13680621263405959930" Name="Map" Label="@loc_13680621263405959931" Enabled="true" Hidden="false"/>
     </Buttons>
    </ArkButtonUtility>
   </Utilities>
  </ArkSecurityStation>
  <ArkSecurityStation ID="4349723564910759687" Name="Cargo Bay" Location="15659330456296333985" User="4349723564897456793">
   <Emails/>
   <Personnel/>
   <Utilities>
    <ArkButtonUtility ID="844024417316249716" Name="Reveal Map" Label="@loc_844024417316249717" Enabled="true" Hidden="false">
     <Buttons>
      <Button ID="13680621263405959958" Name="Map" Label="@loc_13680621263405959959" Enabled="true" Hidden="false"/>
     </Buttons>
    </ArkButtonUtility>
   </Utilities>
  </ArkSecurityStation>
  <ArkSecurityStation ID="14667999412531069637" Name="Arboretum" Location="1713490239386284818" User="14667999412531341564">
   <Emails/>
   <Personnel/>
   <Utilities>
    <ArkButtonUtility ID="844024417316249719" Name="Reveal Map" Label="@loc_844024417316249720" Enabled="true" Hidden="false">
     <Buttons>
      <Button ID="13680621263405959982" Name="Map" Label="@loc_13680621263405959983" Enabled="true" Hidden="false"/>
     </Buttons>
    </ArkButtonUtility>
    <ArkButtonUtility ID="14667999412576969541" Name="Security Door Control" Label="@loc_14667999412576969542" Enabled="true" Hidden="false" NoDefaultButton="false">
     <Buttons>
      <Button ID="14667999412576969699" Name="Lock" Label="@loc_14667999412576969700" Enabled="true" Hidden="true"/>
      <Button ID="14667999412576970002" Name="Unlock" Label="@loc_14667999412576970003" Enabled="true" Hidden="false"/>
     </Buttons>
    </ArkButtonUtility>
   </Utilities>
  </ArkSecurityStation>
  <ArkSecurityStation ID="13856881013191094409" Name="Life Support" Location="4349723564895209499" User="4349723564911788077">
   <Emails>
    <Email Value="13856881013192036220"/>
    <Email Value="13856881013192553787"/>
    <Email Value="11824555372663718819"/>
   </Emails>
   <Personnel/>
   <Utilities>
    <ArkButtonUtility ID="844024417316249723" Name="Reveal Map" Label="@loc_844024417316249724" Enabled="true" Hidden="false">
     <Buttons>
      <Button ID="13680621263405960078" Name="Map" Label="@loc_13680621263405960079" Enabled="true" Hidden="false"/>
     </Buttons>
    </ArkButtonUtility>
   </Utilities>
  </ArkSecurityStation>
  <ArkSecurityStation ID="1713490239409870143" Name="Deep Storage" Location="1713490239377738413" User="4349723564911788717">
   <Emails/>
   <Personnel/>
   <Utilities>
    <ArkButtonUtility ID="844024417316249727" Name="Reveal Map" Label="@loc_844024417316249728" Enabled="true" Hidden="false">
     <Buttons>
      <Button ID="13680621263405960094" Name="Map" Label="@loc_13680621263405960095" Enabled="true" Hidden="false"/>
     </Buttons>
    </ArkButtonUtility>
   </Utilities>
  </ArkSecurityStation>
  <ArkSecurityStation ID="14667999412542572358" Name="VIPShuttleBay" Location="1713490239386284988" User="14667999412542572477">
   <Emails>
    <Email Value="13680621263404758471"/>
   </Emails>
   <Personnel/>
   <Utilities>
    <ArkButtonUtility ID="844024417316249731" Name="Reveal Map" Label="@loc_844024417316249732" Enabled="true" Hidden="false">
     <Buttons>
      <Button ID="13680621263405960152" Name="Map" Label="@loc_13680621263405960153" Enabled="true" Hidden="false"/>
     </Buttons>
    </ArkButtonUtility>
   </Utilities>
  </ArkSecurityStation>
 </SecurityStations>
</ArkSecurityStations>