
<ArkAbilityPDA>
 <Categories>
  <ArkAbilityCategory Name="Scientist" Label="@ui_ScientistName" Description="@ui_ScientistDesc" Icon="ui_icon_ability_category_scientist">
   <Rows>
    <ArkAbilityRow>
     <Abilities>
      <Ability/>
      <Ability Value="3149325216929346740"/>
     </Abilities>
    </ArkAbilityRow>
    <ArkAbilityRow>
     <Abilities>
      <Ability/>
      <Ability Value="3149325216929347144"/>
     </Abilities>
    </ArkAbilityRow>
    <ArkAbilityRow>
     <Abilities>
      <Ability Value="3149325216929346737"/>
      <Ability Value="3149325216929346738"/>
     </Abilities>
    </ArkAbilityRow>
    <ArkAbilityRow>
     <Abilities>
      <Ability Value="12348086275133481755"/>
      <Ability Value="12348086275133481459"/>
      <Ability Value="3149325216928600147"/>
      <Ability Value="3149325216928600154"/>
     </Abilities>
    </ArkAbilityRow>
    <ArkAbilityRow>
     <Abilities>
      <Ability/>
      <Ability Value="3149325216929347147"/>
      <Ability Value="3149325216977824648"/>
     </Abilities>
    </ArkAbilityRow>
    <ArkAbilityRow>
     <Abilities>
      <Ability Value="3149325216929347148"/>
      <Ability Value="3149325216929347150"/>
      <Ability Value="3149325216929347152"/>
     </Abilities>
    </ArkAbilityRow>
    <ArkAbilityRow>
     <Abilities>
      <Ability/>
      <Ability Value="3149325216929347153"/>
      <Ability Value="3149325216929347155"/>
      <Ability Value="3149325216929347156"/>
     </Abilities>
    </ArkAbilityRow>
   </Rows>
  </ArkAbilityCategory>
  <ArkAbilityCategory Name="Engineer" Label="@ui_EngineerName" Description="@ui_EngineerDesc" Icon="ui_icon_ability_category_engineer">
   <Rows>
    <ArkAbilityRow>
     <Abilities>
      <Ability Value="3149325216928599448"/>
      <Ability Value="3149325216928599824"/>
      <Ability Value="3149325216933436173"/>
     </Abilities>
    </ArkAbilityRow>
    <ArkAbilityRow>
     <Abilities>
      <Ability/>
      <Ability Value="3149325216929347173"/>
      <Ability Value="3149325216929347317"/>
     </Abilities>
    </ArkAbilityRow>
    <ArkAbilityRow>
     <Abilities>
      <Ability Value="3149325216929347161"/>
      <Ability Value="3149325216929347163"/>
      <Ability Value="3149325216929347167"/>
     </Abilities>
    </ArkAbilityRow>
    <ArkAbilityRow>
     <Abilities>
      <Ability/>
      <Ability Value="3149325216929347329"/>
      <Ability Value="3149325216929347333"/>
      <Ability Value="3149325216929347335"/>
     </Abilities>
    </ArkAbilityRow>
    <ArkAbilityRow>
     <Abilities>
      <Ability/>
      <Ability Value="3149325216929347172"/>
     </Abilities>
    </ArkAbilityRow>
    <ArkAbilityRow>
     <Abilities>
      <Ability Value="3149325216957631045"/>
      <Ability Value="3149325216929346685"/>
      <Ability Value="3149325216929346734"/>
     </Abilities>
    </ArkAbilityRow>
    <ArkAbilityRow>
     <Abilities>
      <Ability Value="3149325216929347318"/>
      <Ability Value="3149325216929347322"/>
      <Ability Value="3149325216929347327"/>
     </Abilities>
    </ArkAbilityRow>
   </Rows>
  </ArkAbilityCategory>
  <ArkAbilityCategory Name="Security" Label="@ui_SecurityName" Description="@ui_SecurityDesc" Icon="ui_icon_ability_category_security">
   <Rows>
    <ArkAbilityRow>
     <Abilities>
      <Ability Value="3149325216929347337"/>
      <Ability Value="3149325216929347338"/>
     </Abilities>
    </ArkAbilityRow>
    <ArkAbilityRow>
     <Abilities>
      <Ability/>
      <Ability Value="3149325216929347520"/>
      <Ability Value="3149325216929347518"/>
      <Ability Value="3149325216929347516"/>
     </Abilities>
    </ArkAbilityRow>
    <ArkAbilityRow>
     <Abilities>
      <Ability Value="3149325216964528002"/>
      <Ability Value="3149325216964511506"/>
      <Ability Value="3149325216964516907"/>
     </Abilities>
    </ArkAbilityRow>
    <ArkAbilityRow>
     <Abilities>
      <Ability/>
      <Ability Value="3149325216929347345"/>
      <Ability Value="3149325216929347498"/>
     </Abilities>
    </ArkAbilityRow>
    <ArkAbilityRow>
     <Abilities>
      <Ability Value="3149325216951898868"/>
      <Ability Value="3149325216979649415"/>
      <Ability Value="3149325216979649412"/>
     </Abilities>
    </ArkAbilityRow>
    <ArkAbilityRow>
     <Abilities>
      <Ability Value="3149325216929347556"/>
      <Ability Value="3149325216929347559"/>
      <Ability Value="3149325216929347561"/>
     </Abilities>
    </ArkAbilityRow>
    <ArkAbilityRow>
     <Abilities>
      <Ability/>
      <Ability Value="3149325216929347574"/>
      <Ability Value="3149325216957629639"/>
     </Abilities>
    </ArkAbilityRow>
   </Rows>
  </ArkAbilityCategory>
  <ArkAbilityCategory Name="Energy" Label="@ui_EnergyName" Description="@ui_EnergyDesc" Icon="ui_icon_ability_category_energy" IsAlien="true">
   <Rows>
    <ArkAbilityRow>
     <Abilities>
      <Ability Value="12348086275133482478"/>
      <Ability Value="3149325216929348629"/>
      <Ability Value="3149325216929348634"/>
     </Abilities>
    </ArkAbilityRow>
    <ArkAbilityRow>
     <Abilities>
      <Ability/>
      <Ability Value="3149325216929348643"/>
      <Ability Value="3149325216929348650"/>
     </Abilities>
    </ArkAbilityRow>
    <ArkAbilityRow>
     <Abilities>
      <Ability/>
      <Ability Value="3149325216929348322"/>
      <Ability Value="3149325216929348335"/>
     </Abilities>
    </ArkAbilityRow>
    <ArkAbilityRow>
     <Abilities>
      <Ability Value="3149325216929348280"/>
      <Ability Value="3149325216929348297"/>
      <Ability Value="3149325216929348303"/>
     </Abilities>
    </ArkAbilityRow>
    <ArkAbilityRow>
     <Abilities>
      <Ability Value="3149325216929348386"/>
      <Ability Value="3149325216929348396"/>
      <Ability Value="3149325216929348401"/>
     </Abilities>
    </ArkAbilityRow>
    <ArkAbilityRow>
     <Abilities>
      <Ability/>
      <Ability Value="3149325216929348410"/>
      <Ability Value="3149325216929348418"/>
     </Abilities>
    </ArkAbilityRow>
   </Rows>
  </ArkAbilityCategory>
  <ArkAbilityCategory Name="Morph" Label="@ui_EtherName" Description="@ui_EtherDesc" Icon="ui_icon_ability_category_ether" IsAlien="true">
   <Rows>
    <ArkAbilityRow>
     <Abilities>
      <Ability Value="12348086275133481882"/>
      <Ability Value="12348086275133482182"/>
      <Ability Value="3149325216929348778"/>
     </Abilities>
    </ArkAbilityRow>
    <ArkAbilityRow>
     <Abilities>
      <Ability/>
      <Ability Value="3149325216929348911"/>
      <Ability Value="3149325216957629675"/>
     </Abilities>
    </ArkAbilityRow>
    <ArkAbilityRow>
     <Abilities>
      <Ability/>
      <Ability Value="3149325216969124146"/>
      <Ability Value="3149325216969124537"/>
     </Abilities>
    </ArkAbilityRow>
    <ArkAbilityRow>
     <Abilities>
      <Ability/>
      <Ability Value="3149325216929348919"/>
      <Ability Value="3149325216929348928"/>
     </Abilities>
    </ArkAbilityRow>
    <ArkAbilityRow>
     <Abilities>
      <Ability Value="3149325216929348840"/>
      <Ability Value="3149325216929348853"/>
     </Abilities>
    </ArkAbilityRow>
   </Rows>
  </ArkAbilityCategory>
  <ArkAbilityCategory Name="Telepath" Label="@ui_TelepathName" Description="@ui_TelepathDesc" Icon="ui_icon_ability_category_telekinesis" IsAlien="true">
   <Rows>
    <ArkAbilityRow>
     <Abilities>
      <Ability/>
      <Ability Value="3149325216929349159"/>
     </Abilities>
    </ArkAbilityRow>
    <ArkAbilityRow>
     <Abilities>
      <Ability Value="12348086275133482358"/>
      <Ability Value="3149325216929348608"/>
      <Ability Value="3149325216929348616"/>
     </Abilities>
    </ArkAbilityRow>
    <ArkAbilityRow>
     <Abilities>
      <Ability/>
      <Ability Value="3149325216929349177"/>
      <Ability Value="3149325216929349169"/>
      <Ability Value="3149325216929348807"/>
     </Abilities>
    </ArkAbilityRow>
    <ArkAbilityRow>
     <Abilities>
      <Ability Value="3149325216929349114"/>
      <Ability Value="3149325216929349124"/>
      <Ability Value="3149325216929349128"/>
     </Abilities>
    </ArkAbilityRow>
    <ArkAbilityRow>
     <Abilities>
      <Ability Value="3149325216929348589"/>
      <Ability Value="3149325216929348687"/>
      <Ability Value="3149325216929348694"/>
     </Abilities>
    </ArkAbilityRow>
    <ArkAbilityRow>
     <Abilities>
      <Ability/>
      <Ability Value="3149325216929348752"/>
      <Ability Value="3149325216929348761"/>
      <Ability Value="3149325216929348766"/>
     </Abilities>
    </ArkAbilityRow>
   </Rows>
  </ArkAbilityCategory>
 </Categories>
</ArkAbilityPDA>