
<ArkFabricationPlans XLargeRawMaterialModel="Objects/ArkEffects/Gameplay/Fabricator/fabmat_turretlblock_00.cgf" LargeRawMaterialModel="Objects/ArkEffects/Gameplay/Fabricator/fabmat_laserblock_00.cgf" MediumRawMaterialModel="Objects/ArkEffects/Gameplay/Fabricator/fabmat_medblock_00.cgf" SmallRawMaterialModel="Objects/ArkEffects/Gameplay/Fabricator/fabmat_smallblock_00.cgf" SmallRawMaterialLongAnim="5424032354703425369" MediumRawMaterialLongAnim="5424032354703427873" LargeRawMaterialLongAnim="5424032354703427651" XLargeRawMaterialLongAnim="5424032354703426606" SmallRawMaterialShortAnim="5424032354706302416" MediumRawMaterialShortAnim="5424032354706302093">
 <FabricationPlans>
  <ArkFabricationPlan id="844024417328377529" name="@i_alexstationkey" archetype="ArkPickups.MissionItems.SelfDestructKey_Alex" description="@i_fabplanalexstationkeydesc" organicCount="0" mineralCount="1" syntheticCount="0" exoticCount="0" rawMaterialClass="Small" positionOffset="0,0,0.265" rotationOffset="90,0,90" useShortAnimation="false"/>
  <ArkFabricationPlan id="10641886185815635003" name="@i_AmmoGoo" archetype="ArkPickups.Ammo.GooGun" description="@i_fabplanammogoogundesc" organicCount="2" mineralCount="2" syntheticCount="0" exoticCount="0" rawMaterialClass="Small" positionOffset="0, 0, 0.13" rotationOffset="0,0,0" useShortAnimation="true"/>
  <ArkFabricationPlan id="10641886185830403605" name="@i_ammotoygun" archetype="ArkPickups.Ammo.ToyGunDarts" description="@i_fabplanammotoygunDesc" organicCount="0" mineralCount="0" syntheticCount="1" exoticCount="0" rawMaterialClass="Small" positionOffset="-0.155, 0,0.1896" rotationOffset="0,0,-90" useShortAnimation="true"/>
  <ArkFabricationPlan id="10641886185815635015" name="@i_AmmoLaser" archetype="ArkPickups.Ammo.InstaLaser" description="@i_fabplanammolaserdesc" organicCount="0" mineralCount="3" syntheticCount="3" exoticCount="0" rawMaterialClass="Small" positionOffset="0, 0, 0.12" rotationOffset="0, 0, 90" useShortAnimation="true"/>
  <ArkFabricationPlan id="10641886185815634963" name="@i_Ammoshotgunshells" archetype="ArkPickups.Ammo.ShotgunShells" description="@i_fabplanammoshotgunshellsdesc" organicCount="0" mineralCount="3" syntheticCount="2" exoticCount="0" rawMaterialClass="Small" positionOffset="0, 0, 0.13" rotationOffset="0, 0, 90" useShortAnimation="true"/>
  <ArkFabricationPlan id="10641886185833266462" name="@i_weaponEMPgrenade" archetype="ArkPickups.Ammo.EMPGrenades" description="@i_fabplanweaponempgrenadesdesc" organicCount="0" mineralCount="1" syntheticCount="2" exoticCount="0" rawMaterialClass="Small" positionOffset="0, 0, 0.13" rotationOffset="0, 90, 90" useShortAnimation="true"/>
  <ArkFabricationPlan id="10641886185833266345" name="@i_ammoPistolBullets" archetype="ArkPickups.Ammo.PistolBullets" description="@i_fabplanammoPistolDesc" organicCount="0" mineralCount="3" syntheticCount="1" exoticCount="0" rawMaterialClass="Small" positionOffset="0, 0, 0.11" rotationOffset="0,0,0" useShortAnimation="true"/>
  <ArkFabricationPlan id="10641886185833266560" name="@i_weaponluregrenade" archetype="ArkPickups.Ammo.LureGrenades" description="@i_fabplanweaponluregrenadesdesc" organicCount="0" mineralCount="2" syntheticCount="1" exoticCount="1" rawMaterialClass="Small" positionOffset="0, 0, 0.19" rotationOffset="0,0,90" useShortAnimation="true"/>
  <ArkFabricationPlan id="10641886185833266584" name="@i_weaponnullwavetransmitter" archetype="ArkPickups.Ammo.NullwaveTransmitter" description="@i_fabplanweaponnullwavedesc" organicCount="0" mineralCount="1" syntheticCount="2" exoticCount="1" rawMaterialClass="Small" positionOffset="0, 0, 0.20" rotationOffset="0,0,0" useShortAnimation="true"/>
  <ArkFabricationPlan id="10641886185837121955" name="@i_ammostungun" archetype="ArkPickups.Ammo.StunGunAmmo" description="@i_fabplanammostungunDesc" organicCount="0" mineralCount="2" syntheticCount="2" exoticCount="0" rawMaterialClass="Small" positionOffset="0,0,0.1393" rotationOffset="0,0,0" useShortAnimation="true"/>
  <ArkFabricationPlan id="10641886185815634819" name="@i_weapongoogun" archetype="ArkPickups.Weapons.GooGun" description="@i_fabplanweapongoogunDesc" organicCount="0" mineralCount="3" syntheticCount="3" exoticCount="0" rawMaterialClass="Medium" positionOffset="-0.27, 0, 0.16" rotationOffset="0, 0, -90" useShortAnimation="false"/>
  <ArkFabricationPlan id="10641886185830401026" name="@i_weaponstungun" archetype="ArkPickups.Weapons.StunGun" description="@i_fabplanweaponstungundesc" organicCount="0" mineralCount="1" syntheticCount="2" exoticCount="0" rawMaterialClass="Small" positionOffset="-0.08, 0, 0.15" rotationOffset="-20, 0, -90" useShortAnimation="false"/>
  <ArkFabricationPlan id="10641886185830401055" name="@i_weapontoygun" archetype="ArkPickups.Weapons.ToyGun" description="@i_fabplanweapontoygundesc" organicCount="0" mineralCount="0" syntheticCount="2" exoticCount="0" rawMaterialClass="Medium" positionOffset="-0.1791,-0.0425,0.1519" rotationOffset="0,-46,-90" useShortAnimation="false"/>
  <ArkFabricationPlan id="10641886185833266784" name="@i_weaponpistol" archetype="ArkPickups.Weapons.Pistol" description="@i_fabplanweaponpistoldesc" organicCount="0" mineralCount="2" syntheticCount="1" exoticCount="0" rawMaterialClass="Small" positionOffset="-0.08, 0, 0.14" rotationOffset="-20, 0, -90" useShortAnimation="false"/>
  <ArkFabricationPlan id="10641886185815634938" name="@i_weaponwrench" archetype="ArkPickups.Weapons.Wrench" description="@i_fabplanweaponwrenchdesc" organicCount="0" mineralCount="2" syntheticCount="0" exoticCount="0" rawMaterialClass="Medium" positionOffset="-0.14, -0.02, 0.17" rotationOffset="-90, 0, -90" useShortAnimation="false"/>
  <ArkFabricationPlan id="10641886185815634975" name="@i_weaponinstalaser" archetype="ArkPickups.Weapons.Instalaser" description="@i_fabplanweaponinstalaserdesc" organicCount="0" mineralCount="3" syntheticCount="3" exoticCount="0" rawMaterialClass="Large" positionOffset="-0.579, -0.1288, 0.317" rotationOffset="0, 0, -90" useShortAnimation="false"/>
  <ArkFabricationPlan id="10641886185815634827" name="@i_weaponshotgun" archetype="ArkPickups.Weapons.Shotgun" description="@i_fabplanweaponshotgunDesc" organicCount="0" mineralCount="3" syntheticCount="2" exoticCount="0" rawMaterialClass="Large" positionOffset="-0.1498, 0, 0.254" rotationOffset="0, 0, -90" useShortAnimation="false"/>
  <ArkFabricationPlan id="10641886185852692183" name="@i_weaponpreordershotgun" archetype="ArkPickups.Weapons.Shotgun" description="@i_fabplanweaponpreordershotgundesc" organicCount="0" mineralCount="1" syntheticCount="1" exoticCount="0" positionOffset="-0.1498, 0, 0.254" rotationOffset="0, 0, -90" rawMaterialClass="Large" useShortAnimation="false"/>
  <ArkFabricationPlan id="10641886185815634909" name="@i_weaponrecyclegrenade" archetype="ArkPickups.Ammo.RecyclerGrenades" description="@i_fabplanweaponrecyclegrenadedesc" organicCount="0" mineralCount="2" syntheticCount="1" exoticCount="0" rawMaterialClass="Small" positionOffset="0, 0, 0.15" rotationOffset="0, 90, 0" useShortAnimation="true"/>
  <ArkFabricationPlan id="10641886185823059447" name="@i_weaponkit" archetype="ArkPickups.Mods.Weapon.WeaponUpgradeKit" description="@i_fabplanweaponkitDesc" organicCount="0" mineralCount="3" syntheticCount="3" exoticCount="0" rawMaterialClass="Medium" positionOffset="0, 0, 0.19" rotationOffset="35, 0, 180" useShortAnimation="true"/>
  <ArkFabricationPlan id="10641886185837486500" name="@i_pharmaAntiRad" archetype="ArkPickups.Medical.TraumaPharmas.AntiRad" description="@i_fabplanpharmaAntiRadDesc" organicCount="1" mineralCount="0" syntheticCount="0" exoticCount="0" rawMaterialClass="Small" positionOffset="0,0,0.13" rotationOffset="0,0,-90" useShortAnimation="true"/>
  <ArkFabricationPlan id="10641886185837487011" name="@i_pharmaAntiCripple" archetype="ArkPickups.Medical.TraumaPharmas.AntiCripple_2" description="@i_fabplanpharmaAntiCrippleDesc" organicCount="0" mineralCount="1" syntheticCount="0" exoticCount="0" rawMaterialClass="Small" positionOffset="0,0,0.13" rotationOffset="0,0,-90" useShortAnimation="true"/>
  <ArkFabricationPlan id="10641886185837486980" name="@i_pharmaAntiConcussion" archetype="ArkPickups.Medical.TraumaPharmas.AntiConcussion_2" description="@i_fabplanpharmaAntiConcussionDesc" organicCount="0" mineralCount="1" syntheticCount="0" exoticCount="0" rawMaterialClass="Small" positionOffset="0,0,0.13" rotationOffset="0,0,-90" useShortAnimation="true"/>
  <ArkFabricationPlan id="10641886185837486962" name="@i_pharmaAntiBurn" archetype="ArkPickups.Medical.TraumaPharmas.AntiBurn_2" description="@i_fabplanpharmaAntiBurnDesc" organicCount="1" mineralCount="0" syntheticCount="0" exoticCount="0" rawMaterialClass="Small" positionOffset="0,0,0.13" rotationOffset="0,0,-90" useShortAnimation="true"/>
  <ArkFabricationPlan id="10641886185837486943" name="@i_pharmaAntiBleed" archetype="ArkPickups.Medical.TraumaPharmas.AntiBleed_2" description="@i_fabplanpharmaAntiBleedDesc" organicCount="0" mineralCount="0" syntheticCount="1" exoticCount="0" rawMaterialClass="Small" positionOffset="0,0,0.2" rotationOffset="0,0,-90" useShortAnimation="true"/>
  <ArkFabricationPlan id="10641886185815634843" name="@i_fabplanfertilizer" archetype="ArkPickups.MissionItems.MM_GrowthFormula" description="@i_fabplanFertilizerDesc" organicCount="3" mineralCount="1" syntheticCount="1" exoticCount="1" rawMaterialClass="Small" positionOffset="0,0,0" rotationOffset="0,0,0" useShortAnimation="true"/>
  <ArkFabricationPlan id="10641886185815634990" name="@i_arkhypopsi" archetype="ArkPickups.Medical.PsiHypo" description="@i_fabplanhypopsiDesc" organicCount="1" mineralCount="1" syntheticCount="0" exoticCount="1" rawMaterialClass="Small" positionOffset="0, 0, 0.1984" rotationOffset="0, 0, 0" useShortAnimation="true"/>
  <ArkFabricationPlan id="10641886185815634849" name="@i_medkit" archetype="ArkPickups.Medical.MedKit" description="@i_fabplanmedkitDesc" organicCount="2" mineralCount="1" syntheticCount="1" exoticCount="0" rawMaterialClass="Medium" positionOffset="0, 0, 0.0938" rotationOffset="0,0,0" useShortAnimation="true"/>
  <ArkFabricationPlan id="7293080054608467589" name="@i_neuromod" archetype="ArkPickups.Player.Neuromod" description="@i_fabplanneuromodDesc" organicCount="1" mineralCount="2" syntheticCount="2" exoticCount="3" rawMaterialClass="Small" positionOffset="-0.1, 0, 0.17" rotationOffset="-90, -30, 180" useShortAnimation="true"/>
  <ArkFabricationPlan id="10641886185831969152" name="@i_suitpatchkit" archetype="ArkPickups.Player.SuitPatchKit" description="@i_fabplansuitpatchkitDesc" organicCount="0" mineralCount="0" syntheticCount="2" exoticCount="0" rawMaterialClass="Medium" positionOffset="0,0,0.1541" rotationOffset="-38,0,0" useShortAnimation="true"/>
  <ArkFabricationPlan id="10641886185815634859" name="@i_o2bottle" archetype="ArkPickups.Player.O2Bottle" description="@i_fabplano2bottleDesc" organicCount="0" mineralCount="2" syntheticCount="0" exoticCount="0" rawMaterialClass="Medium" positionOffset="-0.32, 0, 0.21" rotationOffset="90, -30, 90" useShortAnimation="true"/>
  <ArkFabricationPlan id="10641886185815634839" name="@npc_portableturret" archetype="ArkRobots.Turrets.Turret_Default" description="@i_fabplanturretDesc" organicCount="0" mineralCount="3" syntheticCount="3" exoticCount="0" rawMaterialClass="XLarge" positionOffset="0, -0.34, 0.16" rotationOffset="0, -90, -90" useShortAnimation="false"/>
  <ArkFabricationPlan id="10641886185815634852" name="@i_zerogsuit" archetype="ArkPickups.Player.ZeroGSuit" description="@i_fabplanzerogDesc" organicCount="0" mineralCount="1" syntheticCount="1" exoticCount="0" rawMaterialClass="Small" positionOffset="0, 0, 0.114" rotationOffset="0,0,-90" useShortAnimation="false"/>
  <ArkFabricationPlan id="10641886185823579312" name="@i_bignullwavetransmitter" archetype="ArkPickups.MissionItems.BigNullwaveTransmitter" description="@i_fabplanbignullwavetransmitterDesc" organicCount="0" mineralCount="3" syntheticCount="3" exoticCount="3" rawMaterialClass="Small" positionOffset="0,0,0.14" rotationOffset="0,0,0" useShortAnimation="false"/>
  <ArkFabricationPlan id="10641886185827464674" name="@i_morganstationkey" archetype="ArkPickups.MissionItems.SelfDestructKey_Morgan" description="@i_fabplanmorganstationkeydesc" organicCount="0" mineralCount="1" syntheticCount="0" exoticCount="0" rawMaterialClass="Small" positionOffset="0,0,0.265" rotationOffset="90,0,90" useShortAnimation="false"/>
  <ArkFabricationPlan id="13856881013204633566" name="@i_oxygenfuse" archetype="ArkPickups.MissionItems.NB_OxygenFuse" description="@i_fabplanoxygenfuseDesc" organicCount="0" mineralCount="2" syntheticCount="1" exoticCount="0" rawMaterialClass="Medium" positionOffset="0,0,0.1684" rotationOffset="-45,0,0" useShortAnimation="false"/>
  <ArkFabricationPlan id="844024417322636279" name="@i_ChipsetCanScanCoral" archetype="ArkPickups.Mods.Psychoscope.CanScanCoral" description="@i_ChipsetCanScanCoralDesc" organicCount="0" mineralCount="1" syntheticCount="1" exoticCount="1" positionOffset="0,-0.0655,0.147" rotationOffset="-90,0,0" rawMaterialClass="Small" useShortAnimation="false"/>
  <ArkFabricationPlan id="10641886185862791554" name="@i_WaterPressureRegulator" archetype="ArkPickups.MissionItems.WaterPressureRegulator" description="@i_waterpressureregulatordesc" organicCount="0" mineralCount="1" syntheticCount="0" exoticCount="0" positionOffset="-0.1407,0,0.1642" rotationOffset="0,90,0" rawMaterialClass="Small" useShortAnimation="false"/>
  <ArkFabricationPlan id="844024417326889502" name="@i_ChipsetRecyclerLootLimiter" archetype="ArkPickups.Mods.Suit.RecyclerLootLimiter" description="@i_fabplantreasurehuntmod_baddesc" organicCount="0" mineralCount="3" syntheticCount="2" exoticCount="0" positionOffset="0,-0.0655,0.147" rotationOffset="-90,0,0" rawMaterialClass="Small" useShortAnimation="false"/>
  <ArkFabricationPlan id="844024417326889656" name="@i_ChipsetRecyclerLootBonus" archetype="ArkPickups.Mods.Suit.RecyclerLootBonus" description="@i_fabplantreasurehuntmod_gooddesc" organicCount="0" mineralCount="3" syntheticCount="2" exoticCount="0" positionOffset="0,-0.0655,0.147" rotationOffset="-90,0,0" rawMaterialClass="Small" useShortAnimation="false"/>
 </FabricationPlans>
</ArkFabricationPlans>