
<ArkResearchTopics>
 <Topics>
  <ArkResearchTopic id="3149325216953486352" name="Apex" loreScansRequired="1" label="@npc_apex">
   <AbilityGroups/>
   <MetaTags>
    <Tag value="3149325216953405170"/>
   </MetaTags>
  </ArkResearchTopic>
  <ArkResearchTopic id="3149325216953405232" name="ApexTentacles" loreScansRequired="3" label="@npc_apextentacle" lore="3149325216953405334">
   <AbilityGroups>
    <ArkResearchTopicAbilityGroup scansRequired="2">
     <Abilities>
      <Ability value="3149325216969124146"/>
     </Abilities>
    </ArkResearchTopicAbilityGroup>
    <ArkResearchTopicAbilityGroup scansRequired="3">
     <Abilities>
      <Ability value="3149325216969124537"/>
     </Abilities>
    </ArkResearchTopicAbilityGroup>
   </AbilityGroups>
   <MetaTags>
    <Tag value="3149325216953405181"/>
   </MetaTags>
  </ArkResearchTopic>
  <ArkResearchTopic id="3149325216948275658" name="Coral Node" loreScansRequired="2" label="@npc_coral" lore="3149325216948275716">
   <AbilityGroups/>
   <MetaTags>
    <Tag value="3149325216948275473"/>
   </MetaTags>
  </ArkResearchTopic>
  <ArkResearchTopic id="13856881013228065214" name="CorruptedDeviceNode" loreScansRequired="2" label="@npc_corrupteddevice" lore="13856881013228071081">
   <AbilityGroups/>
   <MetaTags>
    <Tag value="13856881013228064767"/>
   </MetaTags>
  </ArkResearchTopic>
  <ArkResearchTopic id="3149325216945013566" name="MindControlledHuman" label="@npc_corrupthuman" loreScansRequired="3" lore="3149325216957355189">
   <AbilityGroups>
    <ArkResearchTopicAbilityGroup scansRequired="2">
     <Abilities>
      <Ability value="3149325216929349114"/>
     </Abilities>
    </ArkResearchTopicAbilityGroup>
    <ArkResearchTopicAbilityGroup scansRequired="3">
     <Abilities>
      <Ability value="3149325216929349177"/>
     </Abilities>
    </ArkResearchTopicAbilityGroup>
   </AbilityGroups>
   <MetaTags>
    <Tag value="9469288860518010452"/>
   </MetaTags>
  </ArkResearchTopic>
  <ArkResearchTopic id="3149325216945013436" name="CorruptedOperator" label="@npc_corruptoperator" loreScansRequired="3" lore="3149325216957278063">
   <AbilityGroups>
    <ArkResearchTopicAbilityGroup scansRequired="2">
     <Abilities>
      <Ability value="3149325216929348589"/>
     </Abilities>
    </ArkResearchTopicAbilityGroup>
    <ArkResearchTopicAbilityGroup scansRequired="3">
     <Abilities>
      <Ability value="3149325216929348752"/>
     </Abilities>
    </ArkResearchTopicAbilityGroup>
   </AbilityGroups>
   <MetaTags>
    <Tag value="3149325216945013533"/>
   </MetaTags>
  </ArkResearchTopic>
  <ArkResearchTopic id="10739735956124565241" name="Cystoid" lore="10739735956124564978" loreScansRequired="2" label="@npc_cystoid">
   <AbilityGroups>
    <ArkResearchTopicAbilityGroup scansRequired="2">
     <Abilities>
      <Ability value="12348086275133482478"/>
     </Abilities>
    </ArkResearchTopicAbilityGroup>
   </AbilityGroups>
   <MetaTags>
    <Tag value="3149325216945014945"/>
   </MetaTags>
  </ArkResearchTopic>
  <ArkResearchTopic id="3149325216951915740" name="CystoidNest" loreScansRequired="1" label="@npc_cystoidnest" lore="3149325216951915819">
   <AbilityGroups/>
   <MetaTags>
    <Tag value="3149325216951915782"/>
   </MetaTags>
  </ArkResearchTopic>
  <ArkResearchTopic id="3149325216951841155" name="EliteMimic" loreScansRequired="3" label="@npc_elitemimic" lore="3149325216957279022">
   <AbilityGroups>
    <ArkResearchTopicAbilityGroup scansRequired="2">
     <Abilities>
      <Ability value="3149325216929348778"/>
      <Ability value="12348086275133482182"/>
      <Ability value="12348086275133481882"/>
     </Abilities>
    </ArkResearchTopicAbilityGroup>
    <ArkResearchTopicAbilityGroup scansRequired="3">
     <Abilities>
      <Ability value="3149325216929348911"/>
     </Abilities>
    </ArkResearchTopicAbilityGroup>
   </AbilityGroups>
   <MetaTags>
    <Tag value="3149325216945014938"/>
   </MetaTags>
  </ArkResearchTopic>
  <ArkResearchTopic id="3149325216954188045" name="EngineeringOperator" loreScansRequired="1" label="@npc_engoperator" lore="3149325216954187631">
   <AbilityGroups/>
   <MetaTags>
    <Tag value="9469288860517748098"/>
    <Tag value="3149325216957280890"/>
   </MetaTags>
  </ArkResearchTopic>
  <ArkResearchTopic id="7293080054614092182" name="EthericPhantom" label="@npc_etherphantom" loreScansRequired="5" lore="3149325216948279946">
   <AbilityGroups>
    <ArkResearchTopicAbilityGroup scansRequired="2">
     <Abilities>
      <Ability value="3149325216929348840"/>
     </Abilities>
    </ArkResearchTopicAbilityGroup>
    <ArkResearchTopicAbilityGroup scansRequired="3">
     <Abilities>
      <Ability value="3149325216969124146"/>
     </Abilities>
    </ArkResearchTopicAbilityGroup>
    <ArkResearchTopicAbilityGroup scansRequired="4">
     <Abilities>
      <Ability value="3149325216969124537"/>
     </Abilities>
    </ArkResearchTopicAbilityGroup>
    <ArkResearchTopicAbilityGroup scansRequired="5">
     <Abilities>
      <Ability value="3149325216929348853"/>
     </Abilities>
    </ArkResearchTopicAbilityGroup>
   </AbilityGroups>
   <MetaTags>
    <Tag value="9469288860501638642"/>
   </MetaTags>
  </ArkResearchTopic>
  <ArkResearchTopic id="3149325216954187232" name="Human" loreScansRequired="1" label="@npc_human" lore="3149325216954187461">
   <AbilityGroups/>
   <MetaTags>
    <Tag value="9469288860498988629"/>
   </MetaTags>
  </ArkResearchTopic>
  <ArkResearchTopic id="3149325216957280439" name="MedicalOperator" loreScansRequired="1" label="@npc_medoperator" lore="3149325216957278421">
   <AbilityGroups/>
   <MetaTags>
    <Tag value="9469288860517748104"/>
    <Tag value="3149325216957280890"/>
   </MetaTags>
  </ArkResearchTopic>
  <ArkResearchTopic id="3149325216957280566" name="MilitaryOperator" loreScansRequired="1" label="@npc_militaryoperator" lore="3149325216957280481">
   <AbilityGroups/>
   <MetaTags>
    <Tag value="9469288860517748113"/>
    <Tag value="3149325216957280890"/>
   </MetaTags>
  </ArkResearchTopic>
  <ArkResearchTopic id="3149325216957280653" name="ScienceOperator" loreScansRequired="1" label="@npc_scioperator" lore="3149325216957278422">
   <AbilityGroups/>
   <MetaTags>
    <Tag value="9469288860517748082"/>
    <Tag value="3149325216957280890"/>
   </MetaTags>
  </ArkResearchTopic>
  <ArkResearchTopic id="7293080054614092671" name="Mimic" label="@npc_mimic" loreScansRequired="6" lore="3149325216946835596">
   <AbilityGroups>
    <ArkResearchTopicAbilityGroup scansRequired="2">
     <Abilities>
      <Ability value="12348086275133481882"/>
     </Abilities>
    </ArkResearchTopicAbilityGroup>
    <ArkResearchTopicAbilityGroup scansRequired="4">
     <Abilities>
      <Ability value="12348086275133482182"/>
     </Abilities>
    </ArkResearchTopicAbilityGroup>
    <ArkResearchTopicAbilityGroup scansRequired="6">
     <Abilities>
      <Ability value="3149325216929348778"/>
     </Abilities>
    </ArkResearchTopicAbilityGroup>
   </AbilityGroups>
   <MetaTags>
    <Tag value="3149325216952791168"/>
   </MetaTags>
  </ArkResearchTopic>
  <ArkResearchTopic id="10739735956162066854" name="MorganDoppelgangerF" loreScansRequired="1" label="Morgan&apos;s Doppelganger (Female)" lore="418270515496710446">
   <AbilityGroups/>
   <MetaTags>
    <Tag value="3149325216977828431"/>
    <Tag value="10739735956162066768"/>
   </MetaTags>
  </ArkResearchTopic>
  <ArkResearchTopic id="3149325216977828314" name="MorganDoppelgangerM" loreScansRequired="1" label="Morgan&apos;s Doppelganger (Male)" lore="3149325216977828498">
   <AbilityGroups/>
   <MetaTags>
    <Tag value="3149325216977828431"/>
    <Tag value="10739735956162066759"/>
   </MetaTags>
  </ArkResearchTopic>
  <ArkResearchTopic id="7293080054614092232" name="Nightmare" label="@npc_nightmare" loreScansRequired="5" lore="3149325216946835908">
   <AbilityGroups>
    <ArkResearchTopicAbilityGroup scansRequired="2">
     <Abilities>
      <Ability value="3149325216957629675"/>
      <Ability value="3149325216929348911"/>
     </Abilities>
    </ArkResearchTopicAbilityGroup>
    <ArkResearchTopicAbilityGroup scansRequired="3">
     <Abilities>
      <Ability value="3149325216929348616"/>
      <Ability value="3149325216929348608"/>
      <Ability value="12348086275133482358"/>
     </Abilities>
    </ArkResearchTopicAbilityGroup>
    <ArkResearchTopicAbilityGroup scansRequired="4">
     <Abilities>
      <Ability value="3149325216929349159"/>
     </Abilities>
    </ArkResearchTopicAbilityGroup>
    <ArkResearchTopicAbilityGroup scansRequired="5">
     <Abilities>
      <Ability value="3149325216929348634"/>
      <Ability value="3149325216929348629"/>
      <Ability value="12348086275133482478"/>
     </Abilities>
    </ArkResearchTopicAbilityGroup>
   </AbilityGroups>
   <MetaTags>
    <Tag value="9469288860501638608"/>
   </MetaTags>
  </ArkResearchTopic>
  <ArkResearchTopic id="3149325216938881385" name="Phantom" label="@npc_phantom" loreScansRequired="4" lore="3149325216946835715">
   <AbilityGroups>
    <ArkResearchTopicAbilityGroup scansRequired="2">
     <Abilities>
      <Ability value="12348086275133482478"/>
     </Abilities>
    </ArkResearchTopicAbilityGroup>
    <ArkResearchTopicAbilityGroup scansRequired="4">
     <Abilities>
      <Ability value="3149325216929348629"/>
     </Abilities>
    </ArkResearchTopicAbilityGroup>
   </AbilityGroups>
   <MetaTags>
    <Tag value="3149325216938884081"/>
   </MetaTags>
  </ArkResearchTopic>
  <ArkResearchTopic id="3149325216945015361" name="Poltergeist" label="@npc_poltergeist" loreScansRequired="5" lore="3149325216954859471">
   <AbilityGroups>
    <ArkResearchTopicAbilityGroup scansRequired="2">
     <Abilities>
      <Ability value="3149325216929348589"/>
     </Abilities>
    </ArkResearchTopicAbilityGroup>
    <ArkResearchTopicAbilityGroup scansRequired="3">
     <Abilities>
      <Ability value="3149325216929348643"/>
     </Abilities>
    </ArkResearchTopicAbilityGroup>
    <ArkResearchTopicAbilityGroup scansRequired="4">
     <Abilities>
      <Ability value="3149325216929348687"/>
     </Abilities>
    </ArkResearchTopicAbilityGroup>
    <ArkResearchTopicAbilityGroup scansRequired="5">
     <Abilities>
      <Ability value="3149325216929348650"/>
     </Abilities>
    </ArkResearchTopicAbilityGroup>
   </AbilityGroups>
   <MetaTags>
    <Tag value="3149325216945014930"/>
   </MetaTags>
  </ArkResearchTopic>
  <ArkResearchTopic id="7293080054614080958" name="Telepath" label="@npc_telepath" loreScansRequired="4" lore="3149325216954859254">
   <AbilityGroups>
    <ArkResearchTopicAbilityGroup scansRequired="2">
     <Abilities>
      <Ability value="3149325216929349128"/>
      <Ability value="3149325216929349124"/>
      <Ability value="3149325216929349114"/>
     </Abilities>
    </ArkResearchTopicAbilityGroup>
    <ArkResearchTopicAbilityGroup scansRequired="3">
     <Abilities>
      <Ability value="3149325216929348807"/>
      <Ability value="3149325216929349169"/>
      <Ability value="3149325216929349177"/>
     </Abilities>
    </ArkResearchTopicAbilityGroup>
    <ArkResearchTopicAbilityGroup scansRequired="4">
     <Abilities>
      <Ability value="3149325216929348634"/>
      <Ability value="3149325216929348629"/>
      <Ability value="12348086275133482478"/>
     </Abilities>
    </ArkResearchTopicAbilityGroup>
   </AbilityGroups>
   <MetaTags>
    <Tag value="9469288860498988731"/>
   </MetaTags>
  </ArkResearchTopic>
  <ArkResearchTopic id="3149325216938881545" name="Technopath" label="@npc_technopath" loreScansRequired="4" lore="3149325216954859119">
   <AbilityGroups>
    <ArkResearchTopicAbilityGroup scansRequired="2">
     <Abilities>
      <Ability value="3149325216929348694"/>
      <Ability value="3149325216929348687"/>
      <Ability value="3149325216929348589"/>
     </Abilities>
    </ArkResearchTopicAbilityGroup>
    <ArkResearchTopicAbilityGroup scansRequired="3">
     <Abilities>
      <Ability value="3149325216929348766"/>
      <Ability value="3149325216929348761"/>
      <Ability value="3149325216929348752"/>
     </Abilities>
    </ArkResearchTopicAbilityGroup>
    <ArkResearchTopicAbilityGroup scansRequired="4">
     <Abilities>
      <Ability value="3149325216929348303"/>
      <Ability value="3149325216929348297"/>
      <Ability value="3149325216929348280"/>
     </Abilities>
    </ArkResearchTopicAbilityGroup>
   </AbilityGroups>
   <MetaTags>
    <Tag value="3149325216938884677"/>
   </MetaTags>
  </ArkResearchTopic>
  <ArkResearchTopic id="7293080054614092871" name="ThermalPhantom" label="@npc_thermalphantom" loreScansRequired="5" lore="3149325216948279624">
   <AbilityGroups>
    <ArkResearchTopicAbilityGroup scansRequired="2">
     <Abilities>
      <Ability value="3149325216929348396"/>
      <Ability value="3149325216929348386"/>
     </Abilities>
    </ArkResearchTopicAbilityGroup>
    <ArkResearchTopicAbilityGroup scansRequired="3">
     <Abilities>
      <Ability value="3149325216929348410"/>
     </Abilities>
    </ArkResearchTopicAbilityGroup>
    <ArkResearchTopicAbilityGroup scansRequired="4">
     <Abilities>
      <Ability value="3149325216929348418"/>
     </Abilities>
    </ArkResearchTopicAbilityGroup>
    <ArkResearchTopicAbilityGroup scansRequired="5">
     <Abilities>
      <Ability value="3149325216929348401"/>
     </Abilities>
    </ArkResearchTopicAbilityGroup>
   </AbilityGroups>
   <MetaTags>
    <Tag value="9469288860501638616"/>
   </MetaTags>
  </ArkResearchTopic>
  <ArkResearchTopic id="3149325216954188009" name="Turret" loreScansRequired="1" label="@npc_portableturret" lore="3149325216954187791">
   <AbilityGroups/>
   <MetaTags>
    <Tag value="9469288860498988699"/>
   </MetaTags>
  </ArkResearchTopic>
  <ArkResearchTopic id="3149325216945014924" name="Weaver" loreScansRequired="4" lore="3149325216954859366" label="@npc_weaver">
   <AbilityGroups>
    <ArkResearchTopicAbilityGroup scansRequired="2">
     <Abilities>
      <Ability value="3149325216929348608"/>
      <Ability value="12348086275133482358"/>
     </Abilities>
    </ArkResearchTopicAbilityGroup>
    <ArkResearchTopicAbilityGroup scansRequired="3">
     <Abilities>
      <Ability value="3149325216929348928"/>
      <Ability value="3149325216929348919"/>
     </Abilities>
    </ArkResearchTopicAbilityGroup>
    <ArkResearchTopicAbilityGroup scansRequired="4">
     <Abilities>
      <Ability value="3149325216929348616"/>
     </Abilities>
    </ArkResearchTopicAbilityGroup>
   </AbilityGroups>
   <MetaTags>
    <Tag value="3149325216945014919"/>
   </MetaTags>
  </ArkResearchTopic>
  <ArkResearchTopic id="7293080054614092113" name="VoltaicPhantom" label="@npc_voltaicphantom" loreScansRequired="5" lore="3149325216948279742">
   <AbilityGroups>
    <ArkResearchTopicAbilityGroup scansRequired="2">
     <Abilities>
      <Ability value="3149325216929348297"/>
      <Ability value="3149325216929348280"/>
     </Abilities>
    </ArkResearchTopicAbilityGroup>
    <ArkResearchTopicAbilityGroup scansRequired="3">
     <Abilities>
      <Ability value="3149325216929348322"/>
     </Abilities>
    </ArkResearchTopicAbilityGroup>
    <ArkResearchTopicAbilityGroup scansRequired="4">
     <Abilities>
      <Ability value="3149325216929348335"/>
     </Abilities>
    </ArkResearchTopicAbilityGroup>
    <ArkResearchTopicAbilityGroup scansRequired="5">
     <Abilities>
      <Ability value="3149325216929348303"/>
     </Abilities>
    </ArkResearchTopicAbilityGroup>
   </AbilityGroups>
   <MetaTags>
    <Tag value="3149325216938884708"/>
   </MetaTags>
  </ArkResearchTopic>
 </Topics>
</ArkResearchTopics>