
<ResponseRules description="Alfred Rose. Alfred is trying to wrap his head around what&apos;s going on. He&apos;s tired, worn down, and the presence of aliens (especially the Weaver) outside the window is creeping him out. He also is more disappointed when he finds out he didn&apos;t spot Quentin&apos;s smuggling operation, which makes him wonder if he&apos;s fit for duty (and re-evaluating his life choices in the short time he has left). ">
 <WritebackKeys>
  <WritebackKey id="4349723564930202901" name="TalkToKat1"/>
  <WritebackKey id="4349723564930203351" name=""/>
  <WritebackKey id="4349723564930203383" name="TalkToKat2"/>
 </WritebackKeys>
 <ResponseRule id="4349723564907564286" name="Alfred Rose Guard Duty Bark" cooldown="" conversation="0" response="4349723564907564772" oneshot="0" description="He is standing guard in the Cargo Bay. Just beyond the doors and windows there are unimaginable horrors stalking about, so tension is very high. The guards here have witnessed a great deal of death and chaos in the last few hours. ">
  <Criteria>
   <Criterion id="15659330456318451386" value="13680621263353094521" comparison="0" type="guid"/>
   <Criterion id="15659330456318451410" comparison="0" value="onUsed" fromResponse="0" type="default"/>
   <Criterion comparison="0" passIfMissing="false" id="15659330456318451477" type="guid" keyType="default" value="4349723564907034758"/>
   <Criterion comparison="0" passIfMissing="false" id="15659330456340490449" type="default" keyType="default" value="1"/>
   <Criterion comparison="0" passIfMissing="false" id="10739735956111935346" type="guid" keyType="default" value="15659330456296333985"/>
   <Criterion comparison="0" passIfMissing="false" id="10850392949532183294" type="default" keyType="default" value=""/>
   <Criterion comparison="0" passIfMissing="false" id="5310807215636213157" type="default" keyType="default" value="0"/>
  </Criteria>
 </ResponseRule>
 <ResponseSet id="4349723564907564772">
  <Response dialog="4349723564907564771" id="4349723564907564773" cooldown="0" weight="1" oneshot="true" completeConversation="1" targetId="0" targetType="1" speakerTrackMethod="3" targetTrackMethod="0" emotion="3152439162748318066"/>
  <Response dialog="4349723564930205248" id="4349723564930205249" cooldown="0" weight="1" oneshot="true" completeConversation="1" delay="0" targetId="0" targetType="1" speakerTrackMethod="3" targetTrackMethod="0" emotion="3152439162748318010"/>
  <Response dialog="4349723564930205259" id="4349723564930205260" cooldown="0" weight="1" oneshot="true" completeConversation="1" delay="0" targetId="0" targetType="1" speakerTrackMethod="3" targetTrackMethod="0" emotion="3152439162748318010"/>
  <Response dialog="4349723564930205278" id="4349723564930205279" cooldown="0" weight="1" oneshot="true" completeConversation="1" delay="0" emotion="15659330456346423977" targetId="0" targetType="1" speakerTrackMethod="3" targetTrackMethod="0"/>
  <Response dialog="4349723564930205290" id="4349723564930205291" cooldown="0" weight="1" oneshot="true" completeConversation="1" delay="0" emotion="3152439162748318026" targetId="0" targetType="1" speakerTrackMethod="3" targetTrackMethod="0"/>
  <Response dialog="4349723564930205302" id="4349723564930205303" cooldown="0" weight="1" oneshot="true" completeConversation="1" delay="0" emotion="15659330456346423977" targetId="0" targetType="1" speakerTrackMethod="3" targetTrackMethod="0"/>
  <Response dialog="4349723564930205317" id="4349723564930205318" cooldown="0" weight="1" oneshot="true" completeConversation="1" delay="0" emotion="3152439162748318046" targetId="0" targetType="1" speakerTrackMethod="3" targetTrackMethod="0"/>
 </ResponseSet>
 <ResponseRule id="4349723564913358821" name="Alfred Rose Smuggler Warning (Transcribe)" cooldown="" oneshot="1" response="4349723564913358969" description="Sarah tells him to be aware of a smuggling operation on board the space station. A group is stealing high-value technology and smuggling it off Talos for sale on the black markets on Earth. Alfred is on assignment to investigate this ring and report findings back to Sarah. The helmet he refers to is out-of-the question for his position and rumor says they allow use of psycic powers or something.">
  <Criteria>
   <Criterion id="15659330456318451386" value="13680621263353094521" comparison="0" type="guid"/>
   <Criterion id="15659330456318451410" comparison="0" value="onTranscribeTrigger" fromResponse="0" type="default"/>
   <Criterion comparison="0" passIfMissing="false" id="15659330456318451477" type="guid" keyType="default" value="4349723564907034758"/>
  </Criteria>
 </ResponseRule>
 <ResponseSet id="4349723564913358969">
  <Response dialog="4349723564913358968" id="4349723564913358970" cooldown="0" weight="1" oneshot="0" completeConversation="0" delay="0"/>
 </ResponseSet>
 <ResponseRule id="4349723564913359030" name="" cooldown="" response="4349723564913359118">
  <Criteria>
   <Criterion id="15659330456318451386" value="13680621263361472472" comparison="0" type="guid"/>
   <Criterion id="15659330456318451410" comparison="0" value="4349723564913358970" fromResponse="1" type="guid"/>
   <Criterion id="15659330456318451477" value="4349723564897456793" comparison="0" type="guid"/>
  </Criteria>
 </ResponseRule>
 <ResponseSet id="4349723564913359118">
  <Response dialog="4349723564913359117" id="4349723564913359119" cooldown="0" weight="1" oneshot="0" completeConversation="0" delay="0" targetType="2" targetId="4349723564907034758" speakerTrackMethod="1" targetTrackMethod="0"/>
 </ResponseSet>
 <ResponseRule id="4349723564913359202" name="" cooldown="" response="4349723564913359203">
  <Criteria>
   <Criterion id="15659330456318451386" value="13680621263353094521" comparison="0" type="guid"/>
   <Criterion id="15659330456318451410" comparison="0" value="4349723564913359119" fromResponse="1" type="guid"/>
   <Criterion id="15659330456318451477" value="4349723564907034758" comparison="0" type="guid"/>
  </Criteria>
 </ResponseRule>
 <ResponseSet id="4349723564913359203">
  <Response dialog="4349723564913359201" id="4349723564913359204" cooldown="0" weight="1" oneshot="0" completeConversation="0" delay="0" targetType="2" targetId="4349723564897456793" speakerTrackMethod="1" targetTrackMethod="0"/>
 </ResponseSet>
 <ResponseRule id="4349723564913359211" name="" cooldown="" response="4349723564913359212">
  <Criteria>
   <Criterion id="15659330456318451386" value="13680621263361472472" comparison="0" type="guid"/>
   <Criterion id="15659330456318451410" comparison="0" value="4349723564913359204" fromResponse="1" type="guid"/>
   <Criterion id="15659330456318451477" value="4349723564897456793" comparison="0" type="guid"/>
  </Criteria>
 </ResponseRule>
 <ResponseSet id="4349723564913359212">
  <Response dialog="4349723564913359210" id="4349723564913359213" cooldown="0" weight="1" oneshot="0" completeConversation="0" delay="0" targetType="2" targetId="4349723564907034758" speakerTrackMethod="1" targetTrackMethod="0"/>
 </ResponseSet>
 <ResponseRule id="4349723564913359216" name="" cooldown="" response="4349723564913359217">
  <Criteria>
   <Criterion id="15659330456318451386" value="13680621263353094521" comparison="0" type="guid"/>
   <Criterion id="15659330456318451410" comparison="0" value="4349723564913359213" fromResponse="1" type="guid"/>
   <Criterion id="15659330456318451477" value="4349723564907034758" comparison="0" type="guid"/>
  </Criteria>
 </ResponseRule>
 <ResponseSet id="4349723564913359217">
  <Response dialog="4349723564913359215" id="4349723564913359218" cooldown="0" weight="1" oneshot="0" completeConversation="0" delay="0" targetType="2" targetId="4349723564897456793" speakerTrackMethod="1" targetTrackMethod="0"/>
 </ResponseSet>
 <ResponseRule id="4349723564913359241" name="" cooldown="" response="4349723564913359242">
  <Criteria>
   <Criterion id="15659330456318451386" value="13680621263361472472" comparison="0" type="guid"/>
   <Criterion id="15659330456318451410" comparison="0" value="4349723564913359218" fromResponse="1" type="guid"/>
   <Criterion id="15659330456318451477" value="4349723564897456793" comparison="0" type="guid"/>
  </Criteria>
 </ResponseRule>
 <ResponseSet id="4349723564913359242">
  <Response dialog="4349723564913359240" id="4349723564913359243" cooldown="0" weight="1" oneshot="0" completeConversation="1" delay="0" targetType="2" targetId="4349723564907034758" speakerTrackMethod="1" targetTrackMethod="0"/>
 </ResponseSet>
 <ResponseRule id="4349723564913691715" name="Alfred Rose: OnUse, All Aliens Dead" cooldown="" oneshot="0" response="4349723564913692069" description="Security guards have been trapped by a swarm of aliens and holding out for a miracle, and Morgan has delivered it to them. Morgan made turrets that, combined with the security small-arms fire, wiped out the attacking aliens in this section. But the battle was costly">
  <Criteria>
   <Criterion id="15659330456318451386" value="13680621263353094521" comparison="0" type="guid"/>
   <Criterion id="15659330456318451410" comparison="0" value="onUsed" fromResponse="0" type="default"/>
   <Criterion comparison="0" passIfMissing="false" id="15659330456318451477" type="guid" keyType="default" value="4349723564907034758"/>
   <Criterion comparison="0" passIfMissing="false" id="845010755" keyType="gameToken" value="1"/>
   <Criterion comparison="0" passIfMissing="false" id="10739735956111935346" type="guid" keyType="default" value="15659330456296333985"/>
   <Criterion comparison="0" passIfMissing="false" id="10850392949532183294" type="default" keyType="default" value=""/>
   <Criterion comparison="0" passIfMissing="false" id="5310807215636213157" type="default" keyType="default" value="0"/>
  </Criteria>
 </ResponseRule>
 <ResponseRule id="4349723564913691719" name="Alfred Rose: Loiter, Ready for Combat" cooldown="" oneshot="1" response="4349723564913692093" description="Security is bracing for an imminent battle with alien forces. They have been holed up in a safe place, but the time has come to fight the aliens">
  <Criteria>
   <Criterion id="15659330456318451386" value="13680621263353094521" comparison="0" type="guid"/>
   <Criterion id="15659330456318451410" comparison="0" value="onPlayerLoiter" fromResponse="0" type="default"/>
   <Criterion comparison="0" passIfMissing="false" id="15659330456318451477" type="guid" keyType="default" value="4349723564907034758"/>
   <Criterion comparison="0" passIfMissing="false" id="10850392949532183301" type="default" keyType="default" value=""/>
   <Criterion comparison="0" passIfMissing="false" id="10739735956111935346" type="guid" keyType="default" value="15659330456296333985"/>
   <Criterion comparison="0" passIfMissing="false" id="5310807215636213157" type="default" keyType="default" value="0"/>
   <Criterion comparison="0" passIfMissing="false" id="10850392949532183294" type="default" keyType="default" value=""/>
   <Criterion comparison="0" passIfMissing="false" id="1730830942" keyType="gameToken" value="3" type="default"/>
   <Criterion comparison="0" passIfMissing="false" id="436835719" keyType="gameToken" value="0"/>
  </Criteria>
 </ResponseRule>
 <ResponseRule id="4349723564930208457" name="Alfred Rose: OnUse, Turrets Ready" cooldown="" oneshot="1" response="4349723564930208488" description="">
  <Criteria>
   <Criterion id="15659330456318451386" value="13680621263353094521" comparison="0" type="guid"/>
   <Criterion id="15659330456318451410" comparison="0" value="onUsed" fromResponse="0" type="default"/>
   <Criterion comparison="0" passIfMissing="false" id="15659330456318451477" type="guid" keyType="default" value="4349723564907034758"/>
   <Criterion comparison="0" passIfMissing="false" id="10850392949532183301" type="default" keyType="default" value=""/>
   <Criterion comparison="0" passIfMissing="false" id="10739735956111935346" type="guid" keyType="default" value="15659330456296333985"/>
   <Criterion comparison="0" passIfMissing="false" id="10850392949532183294" type="default" keyType="default" value=""/>
   <Criterion comparison="0" passIfMissing="false" id="5310807215636213157" type="default" keyType="default" value="0"/>
   <Criterion comparison="0" passIfMissing="false" id="1730830942" keyType="gameToken" value="3" type="default"/>
   <Criterion comparison="0" passIfMissing="false" id="436835719" keyType="gameToken" value="0"/>
  </Criteria>
 </ResponseRule>
 <ResponseSet id="4349723564913692069">
  <Response dialog="4349723564913692068" id="4349723564913692070" cooldown="0" weight="1" oneshot="true" completeConversation="1" delay="0" targetId="0" targetType="1" speakerTrackMethod="3" targetTrackMethod="0" emotion="3152439162748318087"/>
  <Response dialog="4349723564930205400" id="4349723564930205401" cooldown="0" weight="1" oneshot="true" completeConversation="1" delay="0" targetId="0" targetType="1" speakerTrackMethod="3" targetTrackMethod="0" emotion="3152439162748318087"/>
  <Response dialog="4349723564930205420" id="4349723564930205421" cooldown="0" weight="1" oneshot="true" completeConversation="1" delay="0" targetId="0" targetType="1" speakerTrackMethod="3" targetTrackMethod="0" emotion="15659330456346423989"/>
 </ResponseSet>
 <ResponseSet id="4349723564913692093">
  <Response dialog="4349723564913692092" id="4349723564913692094" cooldown="0" weight="1" oneshot="true" completeConversation="1" delay="0" emotion="15659330456346423977"/>
  <Response dialog="4349723564930205011" id="4349723564930205012" cooldown="0" weight="1" oneshot="true" completeConversation="1" delay="0" emotion="3152439162748318010"/>
  <Response dialog="4349723564930205026" id="4349723564930205027" cooldown="0" weight="1" oneshot="true" completeConversation="1" delay="0" emotion="15659330456346423977"/>
  <Response dialog="4349723564930205053" id="4349723564930205054" cooldown="0" weight="1" oneshot="true" completeConversation="1" delay="0" emotion="15659330456346423977"/>
 </ResponseSet>
 <ResponseSet id="4349723564913692152">
  <Response dialog="4349723564913692151" id="4349723564913692153" cooldown="0" weight="1" oneshot="true" completeConversation="1" delay="0" emotion="3152439162748318046"/>
  <Response dialog="4349723564930205094" id="4349723564930205095" cooldown="0" weight="1" oneshot="true" completeConversation="1" delay="0" targetId="0" targetType="1" speakerTrackMethod="3" targetTrackMethod="0" emotion="15659330456346423977"/>
  <Response dialog="4349723564930205104" id="4349723564930205105" cooldown="0" weight="1" oneshot="true" completeConversation="1" delay="0" emotion="3152439162748318046"/>
 </ResponseSet>
 <ResponseRule id="4349723564913692635" name="Alfred Rose Smuggler Ring In Progress" cooldown="" oneshot="1" response="4349723564913692691" description="He was investigating a smuggling operation on board the space station. A group is stealing high-value technology and smuggling it off Talos for sale on the black markets on Earth. Alfred is on assignment to investigate this ring and report findings back to Sarah. Only now he lears, after-the-fact, that one of the ring leaders was working right under his nose the whole time. (The smuggler is dead now)">
  <Criteria>
   <Criterion id="15659330456318451386" value="13680621263353094521" comparison="0" type="guid"/>
   <Criterion id="15659330456318451410" comparison="0" value="onPlayerApproachNear" fromResponse="0" type="default"/>
   <Criterion comparison="0" passIfMissing="false" id="15659330456318451477" type="guid" keyType="default" value="4349723564907034758"/>
   <Criterion comparison="0" passIfMissing="false" id="10850392949532183301" type="default" keyType="default" value=""/>
   <Criterion comparison="0" passIfMissing="false" id="1008825921" keyType="gameToken" value="0"/>
   <Criterion comparison="0" passIfMissing="false" id="13680621263373309487" keyType="objective" value="2"/>
  </Criteria>
 </ResponseRule>
 <ResponseSet id="4349723564913692691">
  <Response dialog="4349723564913692690" id="4349723564913692692" cooldown="0" weight="1" oneshot="true" completeConversation="0" delay="0" targetId="0" targetType="1" speakerTrackMethod="2" targetTrackMethod="0"/>
 </ResponseSet>
 <ResponseRule id="4349723564922860096" name="Alfred Rose and Sam Hertz Watch the Weaver" cooldown="" oneshot="0" conversation="1" description="Alfred Rose and Sam Hertz stand guard at a window and watch the bizzare alien ecology unfold in the chamber next to them. Tension is very high with the aliens being so close, but at the moment they are safe behind thier protective bulkhead and shatterproof glass. They just saw someone they know raised from a corpse to become an alien" response="4349723564922860409" priority="2" trackView="1">
  <Criteria>
   <Criterion id="15659330456318451386" value="13680621263353094521" comparison="0" type="guid"/>
   <Criterion id="15659330456318451410" comparison="0" value="onConversationTrigger" fromResponse="0" type="default"/>
   <Criterion comparison="0" passIfMissing="false" id="15659330456318451477" type="guid" keyType="default" value="4349723564907034758"/>
   <Criterion comparison="0" passIfMissing="false" id="10739735956111935346" type="guid" keyType="default" value="15659330456296333985"/>
  </Criteria>
 </ResponseRule>
 <ResponseSet id="4349723564922860409">
  <Response dialog="4349723564922860408" id="4349723564922860410" cooldown="0" weight="1" oneshot="0" completeConversation="0" delay="0" emotion="3152439162748318060"/>
 </ResponseSet>
 <ResponseRule id="4349723564922860564" name="" cooldown="" response="4349723564922860688" trackView="1">
  <Criteria>
   <Criterion id="15659330456318451386" value="13680621263365953228" comparison="0" type="guid"/>
   <Criterion id="15659330456318451410" comparison="0" value="4349723564922860410" fromResponse="1" type="guid"/>
   <Criterion comparison="0" passIfMissing="false" id="15659330456318451477" type="guid" keyType="default" value="4349723564907034854"/>
  </Criteria>
 </ResponseRule>
 <ResponseSet id="4349723564922860688">
  <Response dialog="4349723564922860687" id="4349723564922860689" cooldown="0" weight="1" oneshot="0" completeConversation="0" delay="0" targetType="2" targetId="4349723564907034758" speakerTrackMethod="1" targetTrackMethod="0" emotion="3152439162748318087"/>
 </ResponseSet>
 <ResponseRule id="4349723564922861448" name="" cooldown="" response="4349723564922861449" trackView="1">
  <Criteria>
   <Criterion id="15659330456318451386" value="13680621263353094521" comparison="0" type="guid"/>
   <Criterion id="15659330456318451410" comparison="0" value="4349723564922860689" fromResponse="1" type="guid"/>
   <Criterion id="15659330456318451477" value="4349723564907034758" comparison="0" type="guid"/>
  </Criteria>
 </ResponseRule>
 <ResponseSet id="4349723564922861449">
  <Response dialog="4349723564922861447" id="4349723564922861450" cooldown="0" weight="1" oneshot="0" completeConversation="0" delay="0" targetType="2" targetId="4349723564907034854" speakerTrackMethod="1" targetTrackMethod="0" emotion="3152439162748318060"/>
 </ResponseSet>
 <ResponseRule id="4349723564922861484" name="" cooldown="" response="4349723564922861485" trackView="1">
  <Criteria>
   <Criterion id="15659330456318451386" value="13680621263365953228" comparison="0" type="guid"/>
   <Criterion id="15659330456318451410" comparison="0" value="4349723564922861450" fromResponse="1" type="guid"/>
   <Criterion id="15659330456318451477" value="4349723564907034854" comparison="0" type="guid"/>
  </Criteria>
 </ResponseRule>
 <ResponseSet id="4349723564922861485">
  <Response dialog="4349723564922861483" id="4349723564922861486" cooldown="0" weight="1" oneshot="0" completeConversation="0" delay="0" targetType="2" targetId="4349723564907034758" speakerTrackMethod="1" targetTrackMethod="0" emotion="3152439162748318010"/>
 </ResponseSet>
 <ResponseRule id="4349723564922861558" name="" cooldown="" response="4349723564922861559" trackView="1">
  <Criteria>
   <Criterion id="15659330456318451386" value="13680621263353094521" comparison="0" type="guid"/>
   <Criterion id="15659330456318451410" comparison="0" value="4349723564922861486" fromResponse="1" type="guid"/>
   <Criterion id="15659330456318451477" value="4349723564907034758" comparison="0" type="guid"/>
  </Criteria>
 </ResponseRule>
 <ResponseSet id="4349723564922861559">
  <Response dialog="4349723564922861557" id="4349723564922861560" cooldown="0" weight="1" oneshot="0" completeConversation="0" delay="0" targetType="2" targetId="4349723564907034854" speakerTrackMethod="1" targetTrackMethod="0" emotion="15659330456346423977"/>
 </ResponseSet>
 <ResponseRule id="4349723564922861624" name="" cooldown="" response="4349723564922861625" trackView="1">
  <Criteria>
   <Criterion id="15659330456318451386" value="13680621263365953228" comparison="0" type="guid"/>
   <Criterion id="15659330456318451410" comparison="0" value="4349723564922861560" fromResponse="1" type="guid"/>
   <Criterion id="15659330456318451477" value="4349723564907034854" comparison="0" type="guid"/>
  </Criteria>
 </ResponseRule>
 <ResponseSet id="4349723564922861625">
  <Response dialog="4349723564922861623" id="4349723564922861626" cooldown="0" weight="1" oneshot="0" completeConversation="0" delay="0" targetType="2" targetId="4349723564907034758" speakerTrackMethod="1" targetTrackMethod="0" emotion="3152439162748318087"/>
 </ResponseSet>
 <ResponseRule id="4349723564922861647" name="" cooldown="" response="4349723564922861648" trackView="1">
  <Criteria>
   <Criterion id="15659330456318451386" value="13680621263353094521" comparison="0" type="guid"/>
   <Criterion id="15659330456318451410" comparison="0" value="4349723564922861626" fromResponse="1" type="guid"/>
   <Criterion id="15659330456318451477" value="4349723564907034758" comparison="0" type="guid"/>
  </Criteria>
 </ResponseRule>
 <ResponseSet id="4349723564922861648">
  <Response dialog="4349723564922861646" id="4349723564922861649" cooldown="0" weight="1" oneshot="0" completeConversation="1" delay="0" targetType="2" targetId="4349723564907034854" speakerTrackMethod="1" targetTrackMethod="0" emotion="3152439162748318026"/>
 </ResponseSet>
 <ResponseRule id="4349723564930202847" name="Alfred Rose: Talks to Ekaterina 1" cooldown="" oneshot="1" response="4349723564930202960" description="The Chief of Security, Sarah Elazar, died in combat with the aliens. Even though the security forces won they mourn her death. She enabled them to survive this far." conversation="1">
  <Criteria>
   <Criterion id="15659330456318451386" value="13680621263353094521" comparison="0" type="guid"/>
   <Criterion id="15659330456318451410" comparison="0" value="onConversationTrigger" fromResponse="0" type="default"/>
   <Criterion comparison="0" passIfMissing="false" id="15659330456318451477" type="guid" keyType="default" value="4349723564907034758"/>
   <Criterion comparison="0" passIfMissing="false" id="10739735956111935346" type="guid" keyType="default" value="15659330456296333985"/>
  </Criteria>
  <Writeback>
   <Fact id="4349723564930202901" value="1" time="0"/>
  </Writeback>
 </ResponseRule>
 <ResponseSet id="4349723564930202960">
  <Response dialog="4349723564930202959" id="4349723564930202961" cooldown="0" weight="1" oneshot="0" completeConversation="0" delay="0" targetId="4349723564911798464" targetType="2" speakerTrackMethod="2" targetTrackMethod="3"/>
 </ResponseSet>
 <ResponseRule id="4349723564930202975" name="" cooldown="" response="4349723564930202976">
  <Criteria>
   <Criterion id="15659330456318451386" value="4349723564911543122" comparison="0" type="guid"/>
   <Criterion id="15659330456318451410" comparison="0" value="4349723564930202961" fromResponse="1" type="guid"/>
   <Criterion comparison="0" passIfMissing="false" id="15659330456318451477" type="guid" keyType="default" value="4349723564911798464"/>
   <Criterion comparison="0" passIfMissing="false" id="10739735956111935346" type="guid" keyType="default" value="15659330456296333985"/>
  </Criteria>
 </ResponseRule>
 <ResponseSet id="4349723564930202976">
  <Response dialog="4349723564930202974" id="4349723564930202977" cooldown="0" weight="1" oneshot="0" completeConversation="0" delay="0" targetType="2" targetId="4349723564907034758" speakerTrackMethod="1" targetTrackMethod="2" emotion="15659330456346423989"/>
 </ResponseSet>
 <ResponseRule id="4349723564930203001" name="" cooldown="" response="4349723564930203002">
  <Criteria>
   <Criterion id="15659330456318451386" value="13680621263353094521" comparison="0" type="guid"/>
   <Criterion id="15659330456318451410" comparison="0" value="4349723564930202977" fromResponse="1" type="guid"/>
   <Criterion id="15659330456318451477" value="4349723564907034758" comparison="0" type="guid"/>
   <Criterion comparison="0" passIfMissing="false" id="10739735956111935346" type="guid" keyType="default" value="15659330456296333985"/>
  </Criteria>
 </ResponseRule>
 <ResponseSet id="4349723564930203002">
  <Response dialog="4349723564930203000" id="4349723564930203003" cooldown="0" weight="1" oneshot="0" completeConversation="0" delay="0" targetId="4349723564911798464" targetType="2" speakerTrackMethod="2" targetTrackMethod="3"/>
 </ResponseSet>
 <ResponseRule id="4349723564930203011" name="" cooldown="" response="4349723564930203012">
  <Criteria>
   <Criterion id="15659330456318451386" value="4349723564911543122" comparison="0" type="guid"/>
   <Criterion id="15659330456318451410" comparison="0" value="4349723564930203003" fromResponse="1" type="guid"/>
   <Criterion comparison="0" passIfMissing="false" id="15659330456318451477" type="guid" keyType="default" value="4349723564911798464"/>
   <Criterion comparison="0" passIfMissing="false" id="10739735956111935346" type="guid" keyType="default" value="15659330456296333985"/>
  </Criteria>
 </ResponseRule>
 <ResponseSet id="4349723564930203012">
  <Response dialog="4349723564930203010" id="4349723564930203013" cooldown="0" weight="1" oneshot="0" completeConversation="0" delay="0" targetType="2" targetId="4349723564907034758" speakerTrackMethod="1" targetTrackMethod="2" emotion="15659330456346423989"/>
 </ResponseSet>
 <ResponseRule id="4349723564930203023" name="" cooldown="" response="4349723564930203024">
  <Criteria>
   <Criterion id="15659330456318451386" value="13680621263353094521" comparison="0" type="guid"/>
   <Criterion id="15659330456318451410" comparison="0" value="4349723564930203013" fromResponse="1" type="guid"/>
   <Criterion id="15659330456318451477" value="4349723564907034758" comparison="0" type="guid"/>
   <Criterion comparison="0" passIfMissing="false" id="10739735956111935346" type="guid" keyType="default" value="15659330456296333985"/>
  </Criteria>
 </ResponseRule>
 <ResponseSet id="4349723564930203024">
  <Response dialog="4349723564930203022" id="4349723564930203025" cooldown="0" weight="1" oneshot="0" completeConversation="0" delay="0" targetId="4349723564911798464" targetType="2" speakerTrackMethod="2" targetTrackMethod="3"/>
 </ResponseSet>
 <ResponseRule id="4349723564930203042" name="" cooldown="" response="4349723564930203043">
  <Criteria>
   <Criterion id="15659330456318451386" value="4349723564911543122" comparison="0" type="guid"/>
   <Criterion id="15659330456318451410" comparison="0" value="4349723564930203025" fromResponse="1" type="guid"/>
   <Criterion comparison="0" passIfMissing="false" id="15659330456318451477" type="guid" keyType="default" value="4349723564911798464"/>
   <Criterion comparison="0" passIfMissing="false" id="10739735956111935346" type="guid" keyType="default" value="15659330456296333985"/>
  </Criteria>
 </ResponseRule>
 <ResponseSet id="4349723564930203043">
  <Response dialog="4349723564930203041" id="4349723564930203044" cooldown="0" weight="1" oneshot="0" completeConversation="0" delay="0" targetType="2" targetId="4349723564907034758" speakerTrackMethod="1" targetTrackMethod="2" emotion="3152439162748318033"/>
 </ResponseSet>
 <ResponseRule id="4349723564930203055" name="" cooldown="" response="4349723564930203056">
  <Criteria>
   <Criterion id="15659330456318451386" value="13680621263353094521" comparison="0" type="guid"/>
   <Criterion id="15659330456318451410" comparison="0" value="4349723564930203044" fromResponse="1" type="guid"/>
   <Criterion id="15659330456318451477" value="4349723564907034758" comparison="0" type="guid"/>
   <Criterion comparison="0" passIfMissing="false" id="10739735956111935346" type="guid" keyType="default" value="15659330456296333985"/>
  </Criteria>
 </ResponseRule>
 <ResponseSet id="4349723564930203056">
  <Response dialog="4349723564930203054" id="4349723564930203057" cooldown="0" weight="1" oneshot="0" completeConversation="0" delay="0" targetId="4349723564911798464" targetType="2" speakerTrackMethod="2" targetTrackMethod="3" emotion="15659330456346423989"/>
 </ResponseSet>
 <ResponseRule id="4349723564930203072" name="" cooldown="" response="4349723564930203073">
  <Criteria>
   <Criterion id="15659330456318451386" value="4349723564911543122" comparison="0" type="guid"/>
   <Criterion id="15659330456318451410" comparison="0" value="4349723564930203057" fromResponse="1" type="guid"/>
   <Criterion comparison="0" passIfMissing="false" id="15659330456318451477" type="guid" keyType="default" value="4349723564911798464"/>
   <Criterion comparison="0" passIfMissing="false" id="10739735956111935346" type="guid" keyType="default" value="15659330456296333985"/>
  </Criteria>
 </ResponseRule>
 <ResponseSet id="4349723564930203073">
  <Response dialog="4349723564930203071" id="4349723564930203074" cooldown="0" weight="1" oneshot="0" completeConversation="1" delay="0" targetType="2" targetId="4349723564907034758" speakerTrackMethod="1" targetTrackMethod="2" emotion="15659330456346423989"/>
 </ResponseSet>
 <ResponseRule id="4349723564930203171" name="Alfred Rose: Talks to Ekaterina 2" cooldown="" oneshot="1" response="4349723564930203225" description="The Chief of Security, Sarah Elazar, died in combat with the aliens. Even though the security forces won they mourn her death. She enabled them to survive this far." conversation="1">
  <Criteria>
   <Criterion id="15659330456318451386" value="13680621263353094521" comparison="0" type="guid"/>
   <Criterion id="15659330456318451410" comparison="0" value="onConversationTrigger" fromResponse="0" type="default"/>
   <Criterion comparison="0" passIfMissing="false" id="15659330456318451477" type="guid" keyType="default" value="4349723564907034758"/>
   <Criterion comparison="0" passIfMissing="false" id="4349723564930202901" type="default" keyType="writeback" value="1"/>
   <Criterion comparison="0" passIfMissing="false" id="10739735956111935346" type="guid" keyType="default" value="15659330456296333985"/>
  </Criteria>
  <Writeback>
   <Fact id="4349723564930203383" value="1" time="0"/>
  </Writeback>
 </ResponseRule>
 <ResponseSet id="4349723564930203225">
  <Response dialog="4349723564930203224" id="4349723564930203226" cooldown="0" weight="1" oneshot="0" completeConversation="0" delay="0" targetId="4349723564911798464" targetType="2" speakerTrackMethod="2" targetTrackMethod="3"/>
 </ResponseSet>
 <ResponseRule id="4349723564930203245" name="" cooldown="" response="4349723564930203246">
  <Criteria>
   <Criterion id="15659330456318451386" value="4349723564911543122" comparison="0" type="guid"/>
   <Criterion id="15659330456318451410" comparison="0" value="4349723564930203226" fromResponse="1" type="guid"/>
   <Criterion comparison="0" passIfMissing="false" id="15659330456318451477" type="guid" keyType="default" value="4349723564911798464"/>
   <Criterion comparison="0" passIfMissing="false" id="10739735956111935346" type="guid" keyType="default" value="15659330456296333985"/>
  </Criteria>
 </ResponseRule>
 <ResponseSet id="4349723564930203246">
  <Response dialog="4349723564930203244" id="4349723564930203247" cooldown="0" weight="1" oneshot="0" completeConversation="0" delay="0" targetType="2" targetId="4349723564907034758" speakerTrackMethod="1" targetTrackMethod="2" emotion="15659330456346424008"/>
 </ResponseSet>
 <ResponseRule id="4349723564930203312" name="" cooldown="" response="4349723564930203313">
  <Criteria>
   <Criterion id="15659330456318451386" value="13680621263353094521" comparison="0" type="guid"/>
   <Criterion id="15659330456318451410" comparison="0" value="4349723564930203247" fromResponse="1" type="guid"/>
   <Criterion id="15659330456318451477" value="4349723564907034758" comparison="0" type="guid"/>
   <Criterion comparison="0" passIfMissing="false" id="10739735956111935346" type="guid" keyType="default" value="15659330456296333985"/>
  </Criteria>
 </ResponseRule>
 <ResponseSet id="4349723564930203313">
  <Response dialog="4349723564930203311" id="4349723564930203314" cooldown="0" weight="1" oneshot="0" completeConversation="0" delay="0" emotion="3152439162748317787" targetId="4349723564911798464" targetType="2" speakerTrackMethod="2" targetTrackMethod="3"/>
 </ResponseSet>
 <ResponseRule id="4349723564930203330" name="" cooldown="" response="4349723564930203331">
  <Criteria>
   <Criterion id="15659330456318451386" value="4349723564911543122" comparison="0" type="guid"/>
   <Criterion id="15659330456318451410" comparison="0" value="4349723564930203314" fromResponse="1" type="guid"/>
   <Criterion comparison="0" passIfMissing="false" id="15659330456318451477" type="guid" keyType="default" value="4349723564911798464"/>
   <Criterion comparison="0" passIfMissing="false" id="10739735956111935346" type="guid" keyType="default" value="15659330456296333985"/>
  </Criteria>
 </ResponseRule>
 <ResponseSet id="4349723564930203331">
  <Response dialog="4349723564930203329" id="4349723564930203332" cooldown="0" weight="1" oneshot="0" completeConversation="0" delay="0" targetType="2" targetId="4349723564907034758" speakerTrackMethod="1" targetTrackMethod="2" emotion="15659330456346423989"/>
 </ResponseSet>
 <ResponseRule id="4349723564930203341" name="" cooldown="" response="4349723564930203342">
  <Criteria>
   <Criterion id="15659330456318451386" value="13680621263353094521" comparison="0" type="guid"/>
   <Criterion id="15659330456318451410" comparison="0" value="4349723564930203332" fromResponse="1" type="guid"/>
   <Criterion id="15659330456318451477" value="4349723564907034758" comparison="0" type="guid"/>
   <Criterion comparison="0" passIfMissing="false" id="10739735956111935346" type="guid" keyType="default" value="15659330456296333985"/>
  </Criteria>
  <Writeback>
   <Fact id="4349723564930203351" value="" time="0"/>
  </Writeback>
 </ResponseRule>
 <ResponseSet id="4349723564930203342">
  <Response dialog="4349723564930203340" id="4349723564930203343" cooldown="0" weight="1" oneshot="0" completeConversation="1" delay="0" emotion="15659330456346423989"/>
 </ResponseSet>
 <ResponseRule id="4349723564930203426" name="Alfred Rose: Talks to Ekaterina 3" cooldown="" oneshot="1" response="4349723564930203456" description="The Chief of Security, Sarah Elazar, died in combat with the aliens. Even though the security forces won they mourn her death. She enabled them to survive this far." conversation="1">
  <Criteria>
   <Criterion id="15659330456318451386" value="13680621263353094521" comparison="0" type="guid"/>
   <Criterion id="15659330456318451410" comparison="0" value="onConversationTrigger" fromResponse="0" type="default"/>
   <Criterion comparison="0" passIfMissing="false" id="15659330456318451477" type="guid" keyType="default" value="4349723564907034758"/>
   <Criterion comparison="0" passIfMissing="false" id="4349723564930203383" type="default" keyType="writeback" value="1"/>
   <Criterion comparison="0" passIfMissing="false" id="10739735956111935346" type="guid" keyType="default" value="15659330456296333985"/>
  </Criteria>
 </ResponseRule>
 <ResponseSet id="4349723564930203456">
  <Response dialog="4349723564930203455" id="4349723564930203457" cooldown="0" weight="1" oneshot="0" completeConversation="0" delay="0" targetId="4349723564911798464" targetType="2" speakerTrackMethod="2" targetTrackMethod="3" emotion="3152439162748317787"/>
 </ResponseSet>
 <ResponseRule id="4349723564930203472" name="" cooldown="" response="4349723564930203473">
  <Criteria>
   <Criterion id="15659330456318451386" value="4349723564911543122" comparison="0" type="guid"/>
   <Criterion id="15659330456318451410" comparison="0" value="4349723564930203457" fromResponse="1" type="guid"/>
   <Criterion comparison="0" passIfMissing="false" id="15659330456318451477" type="guid" keyType="default" value="4349723564911798464"/>
   <Criterion comparison="0" passIfMissing="false" id="10739735956111935346" type="guid" keyType="default" value="15659330456296333985"/>
  </Criteria>
 </ResponseRule>
 <ResponseSet id="4349723564930203473">
  <Response dialog="4349723564930203471" id="4349723564930203474" cooldown="0" weight="1" oneshot="0" completeConversation="0" delay="0" targetType="2" targetId="4349723564907034758" speakerTrackMethod="1" targetTrackMethod="0" emotion="3152439162748317787"/>
 </ResponseSet>
 <ResponseRule id="4349723564930203513" name="" cooldown="" response="4349723564930203514">
  <Criteria>
   <Criterion id="15659330456318451386" value="13680621263353094521" comparison="0" type="guid"/>
   <Criterion id="15659330456318451410" comparison="0" value="4349723564930203474" fromResponse="1" type="guid"/>
   <Criterion id="15659330456318451477" value="4349723564907034758" comparison="0" type="guid"/>
   <Criterion comparison="0" passIfMissing="false" id="10739735956111935346" type="guid" keyType="default" value="15659330456296333985"/>
  </Criteria>
 </ResponseRule>
 <ResponseSet id="4349723564930203514">
  <Response dialog="4349723564930203512" id="4349723564930203515" cooldown="0" weight="1" oneshot="0" completeConversation="1" delay="0" targetId="4349723564911798464" targetType="2" speakerTrackMethod="2" targetTrackMethod="3" emotion="3152439162748318033"/>
 </ResponseSet>
 <ResponseRule id="4349723564930204792" name="Alfred Rose: OnUsed, All Aliens Dead" cooldown="" oneshot="0" response="4349723564930204841" description="Security guards have been trapped by a swarm of aliens and holding out for a miracle, and Morgan has delivered it to them. Morgan made turrets that, combined with the security small-arms fire, wiped out the attacking aliens in this section. But the battle was costly">
  <Criteria>
   <Criterion id="15659330456318451386" value="13680621263353094521" comparison="0" type="guid"/>
   <Criterion id="15659330456318451410" comparison="0" value="onUsed" fromResponse="0" type="default"/>
   <Criterion comparison="0" passIfMissing="false" id="15659330456318451477" type="guid" keyType="default" value="4349723564907034758"/>
   <Criterion comparison="0" passIfMissing="false" id="845010755" keyType="gameToken" value="1"/>
   <Criterion comparison="0" passIfMissing="false" id="10739735956111935346" type="guid" keyType="default" value="15659330456296333985"/>
   <Criterion comparison="0" passIfMissing="false" id="5310807215636213157" type="default" keyType="default" value="0"/>
   <Criterion comparison="0" passIfMissing="false" id="10850392949532183294" type="default" keyType="default" value=""/>
  </Criteria>
 </ResponseRule>
 <ResponseSet id="4349723564930204841">
  <Response dialog="4349723564930204840" id="4349723564930204842" cooldown="0" weight="1" oneshot="true" completeConversation="1" delay="0" emotion="15659330456346423977" targetId="0" targetType="1" speakerTrackMethod="1" targetTrackMethod="0"/>
 </ResponseSet>
 <ResponseRule id="4349723564930205476" name="Alfred Rose: Player Futz with Door" cooldown="" conversation="0" response="4349723564930205885" oneshot="1" description="Player messes with a door that will flood the compartment with aliens if opened.">
  <Criteria>
   <Criterion id="15659330456318451386" value="13680621263353094521" comparison="0" type="guid"/>
   <Criterion id="15659330456318451410" comparison="0" value="onConversationTrigger" fromResponse="0" type="default"/>
   <Criterion comparison="0" passIfMissing="false" id="15659330456318451477" type="guid" keyType="default" value="4349723564907034758"/>
   <Criterion comparison="0" passIfMissing="false" id="10739735956111935346" type="guid" keyType="default" value="15659330456296333985"/>
  </Criteria>
 </ResponseRule>
 <ResponseRule id="4349723564913691721" name="Alfred Rose: Mourning Sarah" cooldown="" oneshot="0" response="4349723564913692152" description="The Chief of Security, Sarah Elazar, died in combat with the aliens. Even though the security forces won they mourn her death. She enabled them to survive this far." priority="1">
  <Criteria>
   <Criterion id="15659330456318451386" value="13680621263353094521" comparison="0" type="guid"/>
   <Criterion id="15659330456318451410" comparison="0" value="onPlayerLoiter" fromResponse="0" type="default"/>
   <Criterion comparison="0" passIfMissing="false" id="15659330456318451477" type="guid" keyType="default" value="4349723564907034758"/>
   <Criterion comparison="0" passIfMissing="false" id="1230984417" keyType="gameToken" value="1"/>
   <Criterion comparison="0" passIfMissing="false" id="10850392949532183301" type="default" keyType="default" value=""/>
   <Criterion comparison="0" passIfMissing="false" id="10739735956111935346" type="guid" keyType="default" value="15659330456296333985"/>
   <Criterion comparison="0" passIfMissing="false" id="10850392949532183294" type="default" keyType="default" value=""/>
   <Criterion comparison="0" passIfMissing="false" id="5310807215636213157" type="default" keyType="default" value="0"/>
  </Criteria>
 </ResponseRule>
 <ResponseSet id="4349723564930205885">
  <Response dialog="4349723564930205884" id="4349723564930205886" cooldown="0" weight="1" oneshot="0" completeConversation="1" delay="0" emotion="15659330456346423977" targetId="0" targetType="1" speakerTrackMethod="1" targetTrackMethod="0"/>
  <Response dialog="4349723564930205897" id="4349723564930205898" cooldown="0" weight="1" oneshot="0" completeConversation="1" delay="0" emotion="15659330456346423977" targetId="0" targetType="1" speakerTrackMethod="1" targetTrackMethod="0"/>
  <Response dialog="4349723564930205910" id="4349723564930205911" cooldown="0" weight="1" oneshot="0" completeConversation="1" delay="0" emotion="15659330456346423977" targetId="0" targetType="1" speakerTrackMethod="1" targetTrackMethod="0"/>
 </ResponseSet>
 <ResponseRule id="4349723564930205936" name="Alfred Rose: Mourning Darcy Maddox" cooldown="" conversation="1" response="4349723564930206276" oneshot="1" description="Mourning a fallen Security Officer" priority="1">
  <Criteria>
   <Criterion id="15659330456318451386" value="13680621263353094521" comparison="0" type="guid"/>
   <Criterion id="15659330456318451410" comparison="0" value="onConversationTrigger" fromResponse="0" type="default"/>
   <Criterion comparison="0" passIfMissing="false" id="15659330456318451477" type="guid" keyType="default" value="4349723564907034758"/>
   <Criterion comparison="0" passIfMissing="false" id="10739735956111935346" type="guid" keyType="default" value="15659330456296333985"/>
   <Criterion comparison="0" passIfMissing="false" id="164725461" keyType="gameToken" value="1"/>
  </Criteria>
 </ResponseRule>
 <ResponseSet id="4349723564930206276">
  <Response dialog="4349723564930206275" id="4349723564930206277" cooldown="0" weight="1" oneshot="true" completeConversation="1" delay="0" emotion="3152439162748318046" targetId="0" targetType="1" speakerTrackMethod="3" targetTrackMethod="0"/>
 </ResponseSet>
 <ResponseRule id="4349723564930206314" name="Alfred Rose: Mourning Austin Cool" cooldown="" conversation="1" response="4349723564930206372" oneshot="1" description="Mourning a fallen Security Officer" priority="1">
  <Criteria>
   <Criterion id="15659330456318451386" value="13680621263353094521" comparison="0" type="guid"/>
   <Criterion id="15659330456318451410" comparison="0" value="onConversationTrigger" fromResponse="0" type="default"/>
   <Criterion comparison="0" passIfMissing="false" id="15659330456318451477" type="guid" keyType="default" value="4349723564907034758"/>
   <Criterion comparison="0" passIfMissing="false" id="10739735956111935346" type="guid" keyType="default" value="15659330456296333985"/>
   <Criterion comparison="0" passIfMissing="false" id="651297438" keyType="gameToken" value="1"/>
  </Criteria>
 </ResponseRule>
 <ResponseSet id="4349723564930206372">
  <Response dialog="4349723564930206371" id="4349723564930206373" cooldown="0" weight="1" oneshot="true" completeConversation="0" delay="0" emotion="15659330456346423977" targetId="4349723564907034688" targetType="2" speakerTrackMethod="2" targetTrackMethod="0"/>
 </ResponseSet>
 <ResponseRule id="4349723564930206393" name="" cooldown="" response="4349723564930206394">
  <Criteria>
   <Criterion id="15659330456318451386" value="13680621263353094521" comparison="0" type="guid"/>
   <Criterion id="15659330456318451410" comparison="0" value="4349723564930206373" fromResponse="1" type="guid"/>
   <Criterion id="15659330456318451477" value="4349723564907034758" comparison="0" type="guid"/>
   <Criterion comparison="0" passIfMissing="false" id="10739735956111935346" type="guid" keyType="default" value="15659330456296333985"/>
  </Criteria>
 </ResponseRule>
 <ResponseSet id="4349723564930206394">
  <Response dialog="4349723564930206392" id="4349723564930206395" cooldown="0" weight="1" oneshot="0" completeConversation="1" delay="0" emotion="3152439162748318046" targetId="4349723564907034688" targetType="2" speakerTrackMethod="2" targetTrackMethod="0"/>
 </ResponseSet>
 <ResponseRule id="4349723564930206409" name="Alfred Rose: Mourning Kevin Hague (Ring Not Done)" cooldown="" conversation="1" response="4349723564930206475" oneshot="1" description="Mourning a fallen Security Officer" priority="1">
  <Criteria>
   <Criterion id="15659330456318451386" value="13680621263353094521" comparison="0" type="guid"/>
   <Criterion id="15659330456318451410" comparison="0" value="onConversationTrigger" fromResponse="0" type="default"/>
   <Criterion comparison="0" passIfMissing="false" id="15659330456318451477" type="guid" keyType="default" value="4349723564907034758"/>
   <Criterion comparison="0" passIfMissing="false" id="1074463772" keyType="gameToken" value="1"/>
  </Criteria>
 </ResponseRule>
 <ResponseSet id="4349723564930206475">
  <Response dialog="4349723564930206474" id="4349723564930206476" cooldown="0" weight="1" oneshot="true" completeConversation="1" delay="0" emotion="3152439162748318046" targetId="0" targetType="1" speakerTrackMethod="3" targetTrackMethod="0"/>
 </ResponseSet>
 <ResponseRule id="4349723564930206678" name="Alfred Rose: Mourning Kevin Hague (Ring Done)" cooldown="" conversation="1" response="4349723564930206737" oneshot="1" description="Mourning a fallen Security Officer" priority="1">
  <Criteria>
   <Criterion id="15659330456318451386" value="13680621263353094521" comparison="0" type="guid"/>
   <Criterion id="15659330456318451410" comparison="0" value="onConversationTrigger" fromResponse="0" type="default"/>
   <Criterion comparison="0" passIfMissing="false" id="15659330456318451477" type="guid" keyType="default" value="4349723564907034758"/>
   <Criterion comparison="0" passIfMissing="false" id="1074463772" keyType="gameToken" value="1"/>
  </Criteria>
 </ResponseRule>
 <ResponseSet id="4349723564930206737">
  <Response dialog="4349723564930206736" id="4349723564930206738" cooldown="0" weight="1" oneshot="true" completeConversation="1" delay="0" emotion="3152439162748318046" targetId="0" targetType="1" speakerTrackMethod="3" targetTrackMethod="0"/>
 </ResponseSet>
 <ResponseRule id="4349723564930206763" name="Alfred Rose: Mourning Sam Hertz" cooldown="" conversation="1" response="4349723564930206808" oneshot="1" description="Mourning a fallen Security Officer" priority="1">
  <Criteria>
   <Criterion id="15659330456318451386" value="13680621263353094521" comparison="0" type="guid"/>
   <Criterion id="15659330456318451410" comparison="0" value="onConversationTrigger" fromResponse="0" type="default"/>
   <Criterion comparison="0" passIfMissing="false" id="15659330456318451477" type="guid" keyType="default" value="4349723564907034758"/>
   <Criterion comparison="0" passIfMissing="false" id="10739735956111935346" type="guid" keyType="default" value="15659330456296333985"/>
   <Criterion comparison="0" passIfMissing="false" id="749395434" keyType="gameToken" value="1"/>
  </Criteria>
 </ResponseRule>
 <ResponseSet id="4349723564930206808">
  <Response dialog="4349723564930206807" id="4349723564930206809" cooldown="0" weight="1" oneshot="true" completeConversation="1" delay="0" emotion="15659330456346423977" targetId="4349723564907034854" targetType="2" speakerTrackMethod="3" targetTrackMethod="0"/>
 </ResponseSet>
 <ResponseRule id="4349723564930206828" name="Alfred Rose: Mourning Tamiko" cooldown="" conversation="1" response="4349723564930206906" oneshot="1" description="Mourning a fallen Security Officer" priority="1">
  <Criteria>
   <Criterion id="15659330456318451386" value="13680621263353094521" comparison="0" type="guid"/>
   <Criterion id="15659330456318451410" comparison="0" value="onConversationTrigger" fromResponse="0" type="default"/>
   <Criterion comparison="0" passIfMissing="false" id="15659330456318451477" type="guid" keyType="default" value="4349723564907034758"/>
   <Criterion comparison="0" passIfMissing="false" id="10739735956111935346" type="guid" keyType="default" value="15659330456296333985"/>
   <Criterion comparison="0" passIfMissing="false" id="773972724" keyType="gameToken" value="1"/>
  </Criteria>
 </ResponseRule>
 <ResponseSet id="4349723564930206906">
  <Response dialog="4349723564930206905" id="4349723564930206907" cooldown="0" weight="1" oneshot="true" completeConversation="1" delay="0" targetId="4349723564907034870" targetType="2" speakerTrackMethod="3" targetTrackMethod="0" emotion="3152439162748318046"/>
 </ResponseSet>
 <ResponseRule id="4349723564930207120" name="Alfred Rose: Go See Sarah" cooldown="" oneshot="1" response="4349723564930207169" description="">
  <Criteria>
   <Criterion id="15659330456318451386" value="13680621263353094521" comparison="0" type="guid"/>
   <Criterion id="15659330456318451410" comparison="0" value="onUsed" fromResponse="0" type="default"/>
   <Criterion comparison="0" passIfMissing="false" id="15659330456318451477" type="guid" keyType="default" value="4349723564907034758"/>
   <Criterion comparison="0" passIfMissing="false" id="4349723564878623606" keyType="task"/>
   <Criterion comparison="0" passIfMissing="false" id="10739735956111935346" type="guid" keyType="default" value="15659330456296333985"/>
  </Criteria>
 </ResponseRule>
 <ResponseSet id="4349723564930207169">
  <Response dialog="4349723564930207168" id="4349723564930207170" cooldown="0" weight="1" oneshot="true" completeConversation="1" delay="0" targetId="0" targetType="1" speakerTrackMethod="3" targetTrackMethod="0"/>
  <Response dialog="4349723564930207186" id="4349723564930207187" cooldown="0" weight="1" oneshot="true" completeConversation="1" delay="0" emotion="15659330456346423977" targetId="0" targetType="1" speakerTrackMethod="3" targetTrackMethod="0"/>
 </ResponseSet>
 <ResponseRule id="4349723564930207233" name="Alfred Rose: Player Attacks Guards" cooldown="" oneshot="1" response="4349723564930207284" description="">
  <Criteria>
   <Criterion id="15659330456318451386" value="13680621263353094521" comparison="0" type="guid"/>
   <Criterion id="15659330456318451410" comparison="0" value="onConversationTrigger" fromResponse="0" type="default"/>
   <Criterion comparison="0" passIfMissing="false" id="15659330456318451477" type="guid" keyType="default" value="4349723564907034758"/>
   <Criterion comparison="0" passIfMissing="false" id="10739735956111935346" type="guid" keyType="default" value="15659330456296333985"/>
  </Criteria>
 </ResponseRule>
 <ResponseSet id="4349723564930207284">
  <Response dialog="4349723564930207283" id="4349723564930207285" cooldown="0" weight="1" oneshot="0" completeConversation="0" delay="0" targetId="0" targetType="1" speakerTrackMethod="2" targetTrackMethod="0" emotion="3152439162748318060"/>
 </ResponseSet>
 <ResponseRule id="4349723564930207287" name="" cooldown="" response="4349723564930207315">
  <Criteria>
   <Criterion id="15659330456318451386" value="13680621263353094521" comparison="0" type="guid"/>
   <Criterion id="15659330456318451410" comparison="0" value="4349723564930207285" fromResponse="1" type="guid"/>
   <Criterion comparison="0" passIfMissing="false" id="15659330456318451477" type="guid" keyType="default" value="4349723564907034758"/>
   <Criterion comparison="0" passIfMissing="false" id="211598630" keyType="gameToken"/>
   <Criterion comparison="0" passIfMissing="false" id="10739735956111935346" type="guid" keyType="default" value="15659330456296333985"/>
  </Criteria>
 </ResponseRule>
 <ResponseSet id="4349723564930207315">
  <Response dialog="4349723564930207314" id="4349723564930207316" cooldown="0" weight="1" oneshot="0" completeConversation="1" delay="0" emotion="15659330456346423977" targetId="0" targetType="1" speakerTrackMethod="2" targetTrackMethod="0"/>
 </ResponseSet>
 <ResponseRule id="4349723564930207362" name="" cooldown="" response="4349723564930207394">
  <Criteria>
   <Criterion id="15659330456318451386" value="13680621263353094521" comparison="0" type="guid"/>
   <Criterion id="15659330456318451410" comparison="0" value="4349723564930207285" fromResponse="1" type="guid"/>
   <Criterion comparison="0" passIfMissing="false" id="15659330456318451477" type="guid" keyType="default" value="4349723564907034758"/>
   <Criterion comparison="0" passIfMissing="false" id="211598630" keyType="gameToken" value="1"/>
   <Criterion comparison="0" passIfMissing="false" id="10739735956111935346" type="guid" keyType="default" value="15659330456296333985"/>
  </Criteria>
 </ResponseRule>
 <ResponseSet id="4349723564930207394">
  <Response dialog="4349723564930207393" id="4349723564930207395" cooldown="0" weight="1" oneshot="0" completeConversation="1" delay="0"/>
 </ResponseSet>
 <ResponseRule id="4349723564930207449" name="Alfred Rose: OnUse, Elevator Power On" cooldown="" oneshot="1" response="4349723564930207506" description="">
  <Criteria>
   <Criterion id="15659330456318451386" value="13680621263353094521" comparison="0" type="guid"/>
   <Criterion id="15659330456318451410" comparison="0" value="onConversationTrigger" fromResponse="0" type="default"/>
   <Criterion comparison="0" passIfMissing="false" id="15659330456318451477" type="guid" keyType="default" value="4349723564907034758"/>
   <Criterion comparison="0" passIfMissing="false" id="5310807215636213157" type="default" keyType="default" value="0"/>
   <Criterion comparison="0" passIfMissing="false" id="10850392949532183294" type="default" keyType="default" value=""/>
  </Criteria>
 </ResponseRule>
 <ResponseSet id="4349723564930207506">
  <Response dialog="4349723564930207505" id="4349723564930207507" cooldown="0" weight="1" oneshot="true" completeConversation="0" delay="0" targetId="0" targetType="1" speakerTrackMethod="3" targetTrackMethod="0"/>
  <Response dialog="4349723564930207688" id="4349723564930207689" cooldown="0" weight="1" oneshot="true" completeConversation="0" delay="0" emotion="15659330456346423989" targetId="0" targetType="1" speakerTrackMethod="3" targetTrackMethod="0"/>
 </ResponseSet>
 <ResponseRule id="4349723564930207759" name="" cooldown="" response="4349723564930207793">
  <Criteria>
   <Criterion id="15659330456318451386" value="13680621263353094521" comparison="0" type="guid"/>
   <Criterion id="15659330456318451410" comparison="0" value="4349723564930207507" fromResponse="1" type="guid"/>
   <Criterion comparison="0" passIfMissing="false" id="15659330456318451477" type="guid" keyType="default" value="4349723564907034758"/>
   <Criterion comparison="0" passIfMissing="false" id="211598630" keyType="gameToken" value="1"/>
  </Criteria>
 </ResponseRule>
 <ResponseSet id="4349723564930207793">
  <Response dialog="4349723564930207792" id="4349723564930207794" cooldown="0" weight="1" oneshot="0" completeConversation="0" delay="0" targetId="0" targetType="1" speakerTrackMethod="3" targetTrackMethod="0" emotion="15659330456346423989"/>
 </ResponseSet>
 <ResponseRule id="4349723564930207918" name="" cooldown="" response="4349723564930207919">
  <Criteria>
   <Criterion id="15659330456318451386" value="13680621263353094521" comparison="0" type="guid"/>
   <Criterion id="15659330456318451410" comparison="0" value="4349723564930207689" fromResponse="1" type="guid"/>
   <Criterion id="15659330456318451477" value="4349723564907034758" comparison="0" type="guid"/>
  </Criteria>
 </ResponseRule>
 <ResponseSet id="4349723564930207919">
  <Response dialog="4349723564930207700" id="4349723564930207920" cooldown="0" weight="1" oneshot="0" completeConversation="0" delay="0" targetId="0" targetType="1" speakerTrackMethod="3" targetTrackMethod="0" emotion="3152439162748318046"/>
 </ResponseSet>
 <ResponseRule id="4349723564930207931" name="" cooldown="" response="4349723564930207932">
  <Criteria>
   <Criterion id="15659330456318451386" value="13680621263353094521" comparison="0" type="guid"/>
   <Criterion id="15659330456318451410" comparison="0" value="4349723564930207920" fromResponse="1" type="guid"/>
   <Criterion id="15659330456318451477" value="4349723564907034758" comparison="0" type="guid"/>
  </Criteria>
 </ResponseRule>
 <ResponseSet id="4349723564930207932">
  <Response dialog="4349723564930207717" id="4349723564930207933" cooldown="0" weight="1" oneshot="0" completeConversation="1" delay="0" targetId="0" targetType="1" speakerTrackMethod="3" targetTrackMethod="0" emotion="15659330456346423977"/>
 </ResponseSet>
 <ResponseRule id="4349723564930208053" name="" cooldown="" response="4349723564930208054">
  <Criteria>
   <Criterion id="15659330456318451386" value="13680621263353094521" comparison="0" type="guid"/>
   <Criterion id="15659330456318451410" comparison="0" value="4349723564930207794" fromResponse="1" type="guid"/>
   <Criterion id="15659330456318451477" value="4349723564907034758" comparison="0" type="guid"/>
  </Criteria>
 </ResponseRule>
 <ResponseSet id="4349723564930208054">
  <Response dialog="4349723564930207700" id="4349723564930208055" cooldown="0" weight="1" oneshot="0" completeConversation="0" delay="0" targetId="0" targetType="1" speakerTrackMethod="3" targetTrackMethod="0" emotion="3152439162748318026"/>
 </ResponseSet>
 <ResponseRule id="4349723564930208066" name="" cooldown="" response="4349723564930208067">
  <Criteria>
   <Criterion id="15659330456318451386" value="13680621263353094521" comparison="0" type="guid"/>
   <Criterion id="15659330456318451410" comparison="0" value="4349723564930208055" fromResponse="1" type="guid"/>
   <Criterion id="15659330456318451477" value="4349723564907034758" comparison="0" type="guid"/>
  </Criteria>
 </ResponseRule>
 <ResponseSet id="4349723564930208067">
  <Response dialog="4349723564930207717" id="4349723564930208068" cooldown="0" weight="1" oneshot="0" completeConversation="1" delay="0" emotion="15659330456346423977" targetId="0" targetType="1" speakerTrackMethod="3" targetTrackMethod="0"/>
 </ResponseSet>
 <ResponseRule id="4349723564930208088" name="Alfred Rose: Player Uses Alien Power" cooldown="" oneshot="1" response="4349723564930208129" description="">
  <Criteria>
   <Criterion id="15659330456318451386" value="13680621263353094521" comparison="0" type="guid"/>
   <Criterion id="15659330456318451410" comparison="0" value="onConversationTrigger" fromResponse="0" type="default"/>
   <Criterion comparison="0" passIfMissing="false" id="15659330456318451477" type="guid" keyType="default" value="4349723564907034758"/>
   <Criterion comparison="0" passIfMissing="false" id="5310807215636213157" type="default" keyType="default" value="0"/>
   <Criterion comparison="0" passIfMissing="false" id="10850392949532183294" type="default" keyType="default" value=""/>
   <Criterion comparison="3" passIfMissing="false" id="5310807215636213148" type="default" keyType="default" value="2"/>
   <Criterion comparison="0" passIfMissing="false" id="10739735956111935346" type="guid" keyType="default" value="15659330456296333985"/>
  </Criteria>
 </ResponseRule>
 <ResponseSet id="4349723564930208129">
  <Response dialog="4349723564930208128" id="4349723564930208130" cooldown="0" weight="1" oneshot="0" completeConversation="1" delay="0" targetId="0" targetType="1" speakerTrackMethod="2" targetTrackMethod="0" emotion="3152439162748318060"/>
  <Response dialog="4349723564930208137" id="4349723564930208138" cooldown="0" weight="1" oneshot="0" completeConversation="1" delay="0" targetId="0" targetType="1" speakerTrackMethod="2" targetTrackMethod="0" emotion="3152439162748318060"/>
  <Response dialog="4349723564930208147" id="4349723564930208148" cooldown="0" weight="1" oneshot="0" completeConversation="1" delay="0" targetId="0" targetType="1" speakerTrackMethod="2" targetTrackMethod="0" emotion="15659330456346423977"/>
 </ResponseSet>
 <ResponseRule id="4349723564930208177" name="Alfred Rose: OnUse, Waiting On Turrets" cooldown="" oneshot="1" response="4349723564930208406" description="">
  <Criteria>
   <Criterion id="15659330456318451386" value="13680621263353094521" comparison="0" type="guid"/>
   <Criterion id="15659330456318451410" comparison="0" value="onUsed" fromResponse="0" type="default"/>
   <Criterion comparison="0" passIfMissing="false" id="15659330456318451477" type="guid" keyType="default" value="4349723564907034758"/>
   <Criterion comparison="0" passIfMissing="false" id="4349723564915764486" keyType="objective" value="1"/>
   <Criterion comparison="0" passIfMissing="false" id="4349723564915765035" keyType="task" value="1"/>
   <Criterion comparison="0" passIfMissing="false" id="10739735956111935346" type="guid" keyType="default" value="15659330456296333985"/>
  </Criteria>
 </ResponseRule>
 <ResponseSet id="4349723564930208406">
  <Response dialog="4349723564930208405" id="4349723564930208407" cooldown="0" weight="1" oneshot="true" completeConversation="0" delay="0"/>
  <Response dialog="4349723564930208438" id="4349723564930208439" cooldown="0" weight="1" oneshot="true" completeConversation="1" delay="0"/>
 </ResponseSet>
 <ResponseRule id="4349723564930208417" name="" cooldown="" response="4349723564930208418">
  <Criteria>
   <Criterion id="15659330456318451386" value="13680621263353094521" comparison="0" type="guid"/>
   <Criterion id="15659330456318451410" comparison="0" value="4349723564930208407" fromResponse="1" type="guid"/>
   <Criterion id="15659330456318451477" value="4349723564907034758" comparison="0" type="guid"/>
   <Criterion comparison="0" passIfMissing="false" id="10739735956111935346" type="guid" keyType="default" value="15659330456296333985"/>
  </Criteria>
 </ResponseRule>
 <ResponseSet id="4349723564930208418">
  <Response dialog="4349723564930208416" id="4349723564930208419" cooldown="0" weight="1" oneshot="0" completeConversation="1" delay="0"/>
 </ResponseSet>
 <ResponseSet id="4349723564930208488">
  <Response dialog="4349723564930208487" id="4349723564930208489" cooldown="0" weight="1" oneshot="true" completeConversation="1" delay="0" emotion="3152439162748318010" targetId="0" targetType="1" speakerTrackMethod="3" targetTrackMethod="0"/>
  <Response dialog="4349723564930208532" id="4349723564930208533" cooldown="0" weight="1" oneshot="true" completeConversation="0" delay="0" targetId="0" targetType="1" speakerTrackMethod="3" targetTrackMethod="0" emotion="3152439162748318026"/>
 </ResponseSet>
 <ResponseRule id="4349723564930208555" name="" cooldown="" response="4349723564930208556">
  <Criteria>
   <Criterion id="15659330456318451386" value="13680621263353094521" comparison="0" type="guid"/>
   <Criterion id="15659330456318451410" comparison="0" value="4349723564930208533" fromResponse="1" type="guid"/>
   <Criterion id="15659330456318451477" value="4349723564907034758" comparison="0" type="guid"/>
   <Criterion comparison="0" passIfMissing="false" id="10739735956111935346" type="guid" keyType="default" value="15659330456296333985"/>
  </Criteria>
 </ResponseRule>
 <ResponseSet id="4349723564930208556">
  <Response dialog="4349723564930208554" id="4349723564930208557" cooldown="0" weight="1" oneshot="0" completeConversation="1" delay="0" targetId="0" targetType="1" speakerTrackMethod="3" targetTrackMethod="0" emotion="3152439162748318087"/>
 </ResponseSet>
 <ResponseRule id="4349723564930208606" name="Alfred Rose: Loiter, Door Opened Early" cooldown="" oneshot="1" response="4349723564930208646" description="">
  <Criteria>
   <Criterion id="15659330456318451386" value="13680621263353094521" comparison="0" type="guid"/>
   <Criterion id="15659330456318451410" comparison="0" value="onPlayerLoiter" fromResponse="0" type="default"/>
   <Criterion comparison="0" passIfMissing="false" id="15659330456318451477" type="guid" keyType="default" value="4349723564907034758"/>
   <Criterion comparison="0" passIfMissing="false" id="10850392949532183301" type="default" keyType="default" value=""/>
   <Criterion comparison="0" passIfMissing="false" id="1965443384" keyType="gameToken" value="0"/>
   <Criterion comparison="0" passIfMissing="false" id="436835719" keyType="gameToken" value="1"/>
   <Criterion comparison="0" passIfMissing="false" id="10739735956111935346" type="guid" keyType="default" value="15659330456296333985"/>
   <Criterion comparison="0" passIfMissing="false" id="10850392949532183294" type="default" keyType="default" value=""/>
   <Criterion comparison="0" passIfMissing="false" id="5310807215636213157" type="default" keyType="default" value="0"/>
  </Criteria>
 </ResponseRule>
 <ResponseSet id="4349723564930208646">
  <Response dialog="4349723564930208645" id="4349723564930208647" cooldown="0" weight="1" oneshot="true" completeConversation="0" delay="0" targetId="0" targetType="1" speakerTrackMethod="2" targetTrackMethod="0" emotion="15659330456346423977"/>
 </ResponseSet>
 <ResponseRule id="4349723564930208672" name="" cooldown="" response="4349723564930208673">
  <Criteria>
   <Criterion id="15659330456318451386" value="13680621263353094521" comparison="0" type="guid"/>
   <Criterion id="15659330456318451410" comparison="0" value="4349723564930208647" fromResponse="1" type="guid"/>
   <Criterion id="15659330456318451477" value="4349723564907034758" comparison="0" type="guid"/>
   <Criterion comparison="0" passIfMissing="false" id="436835719" keyType="gameToken" value="1"/>
   <Criterion comparison="0" passIfMissing="false" id="1965443384" keyType="gameToken"/>
   <Criterion comparison="0" passIfMissing="false" id="10739735956111935346" type="guid" keyType="default" value="15659330456296333985"/>
  </Criteria>
 </ResponseRule>
 <ResponseSet id="4349723564930208673">
  <Response dialog="4349723564930208671" id="4349723564930208674" cooldown="0" weight="1" oneshot="0" completeConversation="1" delay="0" targetId="0" targetType="1" speakerTrackMethod="2" targetTrackMethod="0" emotion="15659330456346423977"/>
 </ResponseSet>
 <ResponseRule id="4349723564930208799" name="Alfred Rose: Loiter, Dahl Arrived" cooldown="" oneshot="1" response="4349723564930208835" description="" priority="2">
  <Criteria>
   <Criterion id="15659330456318451386" value="13680621263353094521" comparison="0" type="guid"/>
   <Criterion id="15659330456318451410" comparison="0" value="onPlayerLoiter" fromResponse="0" type="default"/>
   <Criterion comparison="0" passIfMissing="false" id="15659330456318451477" type="guid" keyType="default" value="4349723564907034758"/>
   <Criterion comparison="0" passIfMissing="false" id="1990946021" keyType="gameToken" value="1"/>
   <Criterion comparison="0" passIfMissing="false" id="10850392949532183301" type="default" keyType="default" value=""/>
   <Criterion comparison="0" passIfMissing="false" id="10739735956111935346" type="guid" keyType="default" value="15659330456296333985"/>
   <Criterion comparison="0" passIfMissing="false" id="10850392949532183294" type="default" keyType="default" value=""/>
   <Criterion comparison="0" passIfMissing="false" id="5310807215636213157" type="default" keyType="default" value="0"/>
  </Criteria>
 </ResponseRule>
 <ResponseSet id="4349723564930208835">
  <Response dialog="4349723564930208834" id="4349723564930208836" cooldown="0" weight="1" oneshot="true" completeConversation="0" delay="0" targetId="0" targetType="1" speakerTrackMethod="3" targetTrackMethod="0" emotion="3152439162748318060"/>
 </ResponseSet>
 <ResponseRule id="4349723564930208928" name="" cooldown="" response="4349723564930208929">
  <Criteria>
   <Criterion id="15659330456318451386" value="13680621263353094521" comparison="0" type="guid"/>
   <Criterion id="15659330456318451410" comparison="0" value="4349723564930208836" fromResponse="1" type="guid"/>
   <Criterion id="15659330456318451477" value="4349723564907034758" comparison="0" type="guid"/>
   <Criterion comparison="0" passIfMissing="false" id="10739735956111935346" type="guid" keyType="default" value="15659330456296333985"/>
  </Criteria>
 </ResponseRule>
 <ResponseSet id="4349723564930208929">
  <Response dialog="4349723564930208927" id="4349723564930208930" cooldown="0" weight="1" oneshot="0" completeConversation="0" delay="0" targetId="0" targetType="1" speakerTrackMethod="3" targetTrackMethod="0" emotion="15659330456346423977"/>
 </ResponseSet>
 <ResponseRule id="4349723564930208937" name="" cooldown="" response="4349723564930208938">
  <Criteria>
   <Criterion id="15659330456318451386" value="13680621263353094521" comparison="0" type="guid"/>
   <Criterion id="15659330456318451410" comparison="0" value="4349723564930208930" fromResponse="1" type="guid"/>
   <Criterion id="15659330456318451477" value="4349723564907034758" comparison="0" type="guid"/>
   <Criterion comparison="0" passIfMissing="false" id="10739735956111935346" type="guid" keyType="default" value="15659330456296333985"/>
  </Criteria>
 </ResponseRule>
 <ResponseSet id="4349723564930208938">
  <Response dialog="4349723564930208936" id="4349723564930208939" cooldown="0" weight="1" oneshot="0" completeConversation="1" delay="0" targetId="0" targetType="1" speakerTrackMethod="3" targetTrackMethod="0" emotion="3152439162748317984"/>
 </ResponseSet>
 <ResponseRule id="4349723564930208977" name="Alfred Rose: Loiter, Dahl Defeated" cooldown="" oneshot="1" response="4349723564930209036" description="">
  <Criteria>
   <Criterion id="15659330456318451386" value="13680621263353094521" comparison="0" type="guid"/>
   <Criterion id="15659330456318451410" comparison="0" value="onPlayerLoiter" fromResponse="0" type="default"/>
   <Criterion comparison="0" passIfMissing="false" id="15659330456318451477" type="guid" keyType="default" value="4349723564907034758"/>
   <Criterion comparison="0" passIfMissing="false" id="844024417287653148" keyType="task" value="2"/>
   <Criterion comparison="0" passIfMissing="false" id="10850392949532183301" type="default" keyType="default" value=""/>
   <Criterion comparison="0" passIfMissing="false" id="10850392949532183294" type="default" keyType="default" value=""/>
   <Criterion comparison="0" passIfMissing="false" id="5310807215636213157" type="default" keyType="default" value="0"/>
  </Criteria>
 </ResponseRule>
 <ResponseSet id="4349723564930209036">
  <Response dialog="4349723564930209035" id="4349723564930209037" cooldown="0" weight="1" oneshot="true" completeConversation="1" delay="0" targetId="0" targetType="1" speakerTrackMethod="3" targetTrackMethod="0" emotion="15659330456346423977"/>
  <Response dialog="4349723564930209045" id="4349723564930209046" cooldown="0" weight="1" oneshot="true" completeConversation="1" delay="0" emotion="15659330456346423977" targetId="0" targetType="1" speakerTrackMethod="3" targetTrackMethod="0"/>
  <Response dialog="4349723564930209056" id="4349723564930209057" cooldown="0" weight="1" oneshot="true" completeConversation="1" delay="0" emotion="15659330456346423977" targetId="0" targetType="1" speakerTrackMethod="2" targetTrackMethod="0"/>
 </ResponseSet>
 <ResponseRule id="4349723564930209065" name="Alfred Rose: Loiter, Dahl Killed" cooldown="" oneshot="1" response="4349723564930209107" description="">
  <Criteria>
   <Criterion id="15659330456318451386" value="13680621263353094521" comparison="0" type="guid"/>
   <Criterion id="15659330456318451410" comparison="0" value="onPlayerLoiter" fromResponse="0" type="default"/>
   <Criterion comparison="0" passIfMissing="false" id="15659330456318451477" type="guid" keyType="default" value="4349723564907034758"/>
   <Criterion comparison="0" passIfMissing="false" id="417275679" keyType="gameToken" value="1"/>
   <Criterion comparison="0" passIfMissing="false" id="10850392949532183301" type="default" keyType="default" value=""/>
   <Criterion comparison="0" passIfMissing="false" id="10850392949532183294" type="default" keyType="default" value=""/>
   <Criterion comparison="0" passIfMissing="false" id="5310807215636213157" type="default" keyType="default" value="0"/>
  </Criteria>
 </ResponseRule>
 <ResponseSet id="4349723564930209107">
  <Response dialog="4349723564930209106" id="4349723564930209108" cooldown="0" weight="1" oneshot="true" completeConversation="1" delay="0" targetId="0" targetType="1" speakerTrackMethod="3" targetTrackMethod="0" emotion="15659330456346423977"/>
  <Response dialog="4349723564930209121" id="4349723564930209122" cooldown="0" weight="1" oneshot="true" completeConversation="0" delay="0" emotion="15659330456346423989" targetId="0" targetType="1" speakerTrackMethod="3" targetTrackMethod="0"/>
 </ResponseSet>
 <ResponseRule id="4349723564930209132" name="" cooldown="" response="4349723564930209133">
  <Criteria>
   <Criterion id="15659330456318451386" value="13680621263353094521" comparison="0" type="guid"/>
   <Criterion id="15659330456318451410" comparison="0" value="4349723564930209122" fromResponse="1" type="guid"/>
   <Criterion id="15659330456318451477" value="4349723564907034758" comparison="0" type="guid"/>
  </Criteria>
 </ResponseRule>
 <ResponseSet id="4349723564930209133">
  <Response dialog="4349723564930209131" id="4349723564930209134" cooldown="0" weight="1" oneshot="0" completeConversation="1" delay="0" emotion="15659330456346423977" targetId="0" targetType="1" speakerTrackMethod="3" targetTrackMethod="0"/>
 </ResponseSet>
 <ResponseRule id="4349723564930209163" name="Alfred Rose: OnUse, Rani Rescued" cooldown="" conversation="0" response="4349723564930209225" oneshot="1" description="Mourning a fallen Security Officer">
  <Criteria>
   <Criterion id="15659330456318451386" value="13680621263353094521" comparison="0" type="guid"/>
   <Criterion id="15659330456318451410" comparison="0" value="onConversationTrigger" fromResponse="0" type="default"/>
   <Criterion comparison="0" passIfMissing="false" id="15659330456318451477" type="guid" keyType="default" value="4349723564907034758"/>
   <Criterion comparison="0" passIfMissing="false" id="14667999412548025540" keyType="task" value="2"/>
   <Criterion comparison="0" passIfMissing="false" id="10850392949532183294" type="default" keyType="default" value=""/>
   <Criterion comparison="0" passIfMissing="false" id="5310807215636213157" type="default" keyType="default" value="0"/>
   <Criterion comparison="0" passIfMissing="false" id="1018317790" keyType="gameToken" value="0"/>
  </Criteria>
 </ResponseRule>
 <ResponseSet id="4349723564930209225">
  <Response dialog="4349723564930209224" id="4349723564930209226" cooldown="0" weight="1" oneshot="true" completeConversation="0" delay="0" targetId="0" targetType="1" speakerTrackMethod="2" targetTrackMethod="0" emotion="15659330456346423989"/>
 </ResponseSet>
 <ResponseRule id="4349723564930209243" name="" cooldown="" response="4349723564930209244">
  <Criteria>
   <Criterion id="15659330456318451386" value="13680621263353094521" comparison="0" type="guid"/>
   <Criterion id="15659330456318451410" comparison="0" value="4349723564930209226" fromResponse="1" type="guid"/>
   <Criterion id="15659330456318451477" value="4349723564907034758" comparison="0" type="guid"/>
  </Criteria>
 </ResponseRule>
 <ResponseSet id="4349723564930209244">
  <Response dialog="4349723564930209242" id="4349723564930209245" cooldown="0" weight="1" oneshot="0" completeConversation="1" delay="0" emotion="3152439162748318087" targetId="0" targetType="1" speakerTrackMethod="2" targetTrackMethod="0"/>
 </ResponseSet>
 <ResponseRule id="4349723564930209266" name="Alfred Rose: No Hope" cooldown="" oneshot="1" response="4349723564930209293" description="">
  <Criteria>
   <Criterion id="15659330456318451386" value="13680621263353094521" comparison="0" type="guid"/>
   <Criterion id="15659330456318451410" comparison="0" value="onConversationTrigger" fromResponse="0" type="default"/>
   <Criterion comparison="0" passIfMissing="false" id="15659330456318451477" type="guid" keyType="default" value="4349723564907034758"/>
   <Criterion comparison="0" passIfMissing="false" id="10850392949532183294" type="default" keyType="default" value=""/>
   <Criterion comparison="0" passIfMissing="false" id="5310807215636213157" type="default" keyType="default" value="0"/>
   <Criterion comparison="0" passIfMissing="false" id="417275679" keyType="gameToken" value="1"/>
   <Criterion comparison="0" passIfMissing="false" id="659909599" keyType="gameToken" value="1"/>
  </Criteria>
 </ResponseRule>
 <ResponseSet id="4349723564930209293">
  <Response dialog="4349723564930209292" id="4349723564930209294" cooldown="0" weight="1" oneshot="0" completeConversation="1" delay="0" emotion="15659330456346423977" targetId="0" targetType="1" speakerTrackMethod="3" targetTrackMethod="0"/>
  <Response dialog="4349723564930209308" id="4349723564930209309" cooldown="0" weight="1" oneshot="0" completeConversation="0" delay="0" targetId="0" targetType="1" speakerTrackMethod="3" targetTrackMethod="0" emotion="15659330456346423977"/>
  <Response dialog="4349723564930209495" id="4349723564930209496" cooldown="0" weight="1" oneshot="0" completeConversation="1" delay="0" targetId="0" targetType="1" speakerTrackMethod="3" targetTrackMethod="0" emotion="15659330456346423977"/>
 </ResponseSet>
 <ResponseRule id="4349723564930209318" name="" cooldown="" response="4349723564930209342">
  <Criteria>
   <Criterion id="15659330456318451386" value="13680621263353094521" comparison="0" type="guid"/>
   <Criterion id="15659330456318451410" comparison="0" value="4349723564930209309" fromResponse="1" type="guid"/>
   <Criterion comparison="0" passIfMissing="false" id="15659330456318451477" type="guid" keyType="default" value="4349723564907034758"/>
   <Criterion comparison="0" passIfMissing="false" id="211598630" keyType="gameToken"/>
  </Criteria>
 </ResponseRule>
 <ResponseSet id="4349723564930209342">
  <Response dialog="4349723564930209341" id="4349723564930209343" cooldown="0" weight="1" oneshot="0" completeConversation="1" delay="0" targetId="0" targetType="1" speakerTrackMethod="3" targetTrackMethod="0" emotion="15659330456346423977"/>
 </ResponseSet>
 <ResponseRule id="4349723564930209346" name="" cooldown="" response="4349723564930209367">
  <Criteria>
   <Criterion id="15659330456318451386" value="13680621263353094521" comparison="0" type="guid"/>
   <Criterion id="15659330456318451410" comparison="0" value="4349723564930209309" fromResponse="1" type="guid"/>
   <Criterion comparison="0" passIfMissing="false" id="211598630" keyType="gameToken" value="1"/>
   <Criterion comparison="0" passIfMissing="false" id="15659330456318451477" type="guid" keyType="default" value="4349723564907034758"/>
  </Criteria>
 </ResponseRule>
 <ResponseSet id="4349723564930209367">
  <Response dialog="4349723564930209366" id="4349723564930209368" cooldown="0" weight="1" oneshot="0" completeConversation="1" delay="0" targetId="0" targetType="1" speakerTrackMethod="3" targetTrackMethod="0"/>
 </ResponseSet>
 <ResponseRule id="4349723564930209572" name="" cooldown="" response="4349723564930209573">
  <Criteria>
   <Criterion id="15659330456318451386" value="13680621263353094521" comparison="0" type="guid"/>
   <Criterion id="15659330456318451410" comparison="0" value="4349723564913692692" fromResponse="1" type="guid"/>
   <Criterion id="15659330456318451477" value="4349723564907034758" comparison="0" type="guid"/>
   <Criterion comparison="0" passIfMissing="false" id="1008825921" keyType="gameToken"/>
  </Criteria>
 </ResponseRule>
 <ResponseSet id="4349723564930209573">
  <Response dialog="4349723564930209571" id="4349723564930209574" cooldown="0" weight="1" oneshot="0" completeConversation="0" delay="0" targetId="0" targetType="1" speakerTrackMethod="2" targetTrackMethod="0"/>
 </ResponseSet>
 <ResponseRule id="4349723564930209584" name="" cooldown="" response="4349723564930209585">
  <Criteria>
   <Criterion id="15659330456318451386" value="13680621263353094521" comparison="0" type="guid"/>
   <Criterion id="15659330456318451410" comparison="0" value="4349723564930209574" fromResponse="1" type="guid"/>
   <Criterion id="15659330456318451477" value="4349723564907034758" comparison="0" type="guid"/>
  </Criteria>
 </ResponseRule>
 <ResponseSet id="4349723564930209585">
  <Response dialog="4349723564930209583" id="4349723564930209586" cooldown="0" weight="1" oneshot="0" completeConversation="0" delay="0" targetId="0" targetType="1" speakerTrackMethod="2" targetTrackMethod="0" emotion="3152439162748318026"/>
 </ResponseSet>
 <ResponseRule id="4349723564930209594" name="" cooldown="" response="4349723564930209595">
  <Criteria>
   <Criterion id="15659330456318451386" value="13680621263353094521" comparison="0" type="guid"/>
   <Criterion id="15659330456318451410" comparison="0" value="4349723564930209586" fromResponse="1" type="guid"/>
   <Criterion id="15659330456318451477" value="4349723564907034758" comparison="0" type="guid"/>
  </Criteria>
 </ResponseRule>
 <ResponseSet id="4349723564930209595">
  <Response dialog="4349723564930209593" id="4349723564930209596" cooldown="0" weight="1" oneshot="0" completeConversation="1" delay="0" targetId="0" targetType="1" speakerTrackMethod="2" targetTrackMethod="0" emotion="15659330456346423977"/>
 </ResponseSet>
 <ResponseRule id="4349723564930209876" name="Alfred Rose Smuggler Ring Complete" cooldown="" oneshot="1" response="4349723564930210026" description="He was investigating a smuggling operation on board the space station. A group is stealing high-value technology and smuggling it off Talos for sale on the black markets on Earth. Alfred is on assignment to investigate this ring and report findings back to Sarah. Only now he lears, after-the-fact, that one of the ring leaders was working right under his nose the whole time. (The smuggler is dead now)">
  <Criteria>
   <Criterion id="15659330456318451386" value="13680621263353094521" comparison="0" type="guid"/>
   <Criterion id="15659330456318451410" comparison="0" value="onPlayerApproachNear" fromResponse="0" type="default"/>
   <Criterion comparison="0" passIfMissing="false" id="15659330456318451477" type="guid" keyType="default" value="4349723564907034758"/>
   <Criterion comparison="0" passIfMissing="false" id="13680621263373309487" keyType="objective" value="2"/>
   <Criterion comparison="0" passIfMissing="false" id="10850392949532183301" type="default" keyType="default" value=""/>
   <Criterion comparison="0" passIfMissing="false" id="10850392949532183294" type="default" keyType="default" value=""/>
   <Criterion comparison="0" passIfMissing="false" id="5310807215636213157" type="default" keyType="default" value="0"/>
   <Criterion comparison="0" passIfMissing="false" id="1008825921" keyType="gameToken" value="0"/>
  </Criteria>
 </ResponseRule>
 <ResponseSet id="4349723564930210026">
  <Response dialog="4349723564930210025" id="4349723564930210027" cooldown="0" weight="1" oneshot="true" completeConversation="0" delay="0" targetId="0" targetType="1" speakerTrackMethod="2" targetTrackMethod="0" emotion="15659330456346423977"/>
 </ResponseSet>
 <ResponseRule id="4349723564930210045" name="" cooldown="" response="4349723564930210046">
  <Criteria>
   <Criterion id="15659330456318451386" value="13680621263353094521" comparison="0" type="guid"/>
   <Criterion id="15659330456318451410" comparison="0" value="4349723564930210027" fromResponse="1" type="guid"/>
   <Criterion id="15659330456318451477" value="4349723564907034758" comparison="0" type="guid"/>
  </Criteria>
 </ResponseRule>
 <ResponseSet id="4349723564930210046">
  <Response dialog="4349723564930210044" id="4349723564930210047" cooldown="0" weight="1" oneshot="0" completeConversation="0" delay="0" targetId="0" targetType="1" speakerTrackMethod="2" targetTrackMethod="0" emotion="15659330456346423977"/>
 </ResponseSet>
 <ResponseRule id="4349723564930210055" name="" cooldown="" response="4349723564930210056">
  <Criteria>
   <Criterion id="15659330456318451386" value="13680621263353094521" comparison="0" type="guid"/>
   <Criterion id="15659330456318451410" comparison="0" value="4349723564930210047" fromResponse="1" type="guid"/>
   <Criterion id="15659330456318451477" value="4349723564907034758" comparison="0" type="guid"/>
  </Criteria>
 </ResponseRule>
 <ResponseSet id="4349723564930210056">
  <Response dialog="4349723564930210054" id="4349723564930210057" cooldown="0" weight="1" oneshot="0" completeConversation="0" delay="0" targetId="0" targetType="1" speakerTrackMethod="2" targetTrackMethod="0" emotion="3152439162748318026"/>
 </ResponseSet>
 <ResponseRule id="4349723564930210084" name="" cooldown="" response="4349723564930210085">
  <Criteria>
   <Criterion id="15659330456318451386" value="13680621263353094521" comparison="0" type="guid"/>
   <Criterion id="15659330456318451410" comparison="0" value="4349723564930210057" fromResponse="1" type="guid"/>
   <Criterion id="15659330456318451477" value="4349723564907034758" comparison="0" type="guid"/>
  </Criteria>
 </ResponseRule>
 <ResponseSet id="4349723564930210085">
  <Response dialog="4349723564930210083" id="4349723564930210086" cooldown="0" weight="1" oneshot="0" completeConversation="0" delay="0" targetId="0" targetType="1" speakerTrackMethod="2" targetTrackMethod="0" emotion="3152439162748318046"/>
 </ResponseSet>
 <ResponseRule id="4349723564930210140" name="" cooldown="" response="4349723564930210141">
  <Criteria>
   <Criterion id="15659330456318451386" value="13680621263353094521" comparison="0" type="guid"/>
   <Criterion id="15659330456318451410" comparison="0" value="4349723564930210086" fromResponse="1" type="guid"/>
   <Criterion id="15659330456318451477" value="4349723564907034758" comparison="0" type="guid"/>
  </Criteria>
 </ResponseRule>
 <ResponseSet id="4349723564930210141">
  <Response dialog="4349723564930210139" id="4349723564930210142" cooldown="0" weight="1" oneshot="0" completeConversation="1" delay="0" targetId="0" targetType="1" speakerTrackMethod="2" targetTrackMethod="0" emotion="3152439162748318026"/>
 </ResponseSet>
 <ResponseRule id="13680621263410554079" name="" cooldown="" response="4349723564930209585">
  <Criteria>
   <Criterion id="15659330456318451386" value="13680621263353094521" comparison="0" type="guid"/>
   <Criterion id="15659330456318451410" comparison="0" value="4349723564913692692" fromResponse="1" type="guid"/>
   <Criterion id="15659330456318451477" value="4349723564907034758" comparison="0" type="guid"/>
   <Criterion comparison="0" passIfMissing="false" id="1008825921" keyType="gameToken" value="1"/>
  </Criteria>
 </ResponseRule>
</ResponseRules>