entity,tags
Admin.Anastacia Uriegas,"[Admin, Anastacia Uriegas, ArkHuman, ArkHumans]"
Admin.Beth Ino,"[Admin, ArkHuman, ArkHumans, Beth Ino]"
Admin.Bianca Goodwin,"[Admin, ArkHuman, ArkHumans, Bianca Goodwin]"
Admin.BruceCobb,"[Admin, ArkHuman, ArkHumans, BruceCobb]"
Admin.Chloe Burgess,"[Admin, ArkHuman, ArkHumans, Chloe Burgess]"
Admin.DaisyWhite,"[Admin, ArkHuman, ArkHumans, DaisyWhite]"
Admin.Dan Billingsly,"[Admin, ArkHuman, ArkHumans, Dan Billingsly]"
Admin.David Branch,"[Admin, ArkHuman, ArkHumans, David Branch]"
Admin.David Simmonds,"[Admin, ArkHuman, ArkHumans, David Simmonds]"
Admin.Don Davis,"[Admin, ArkHuman, ArkHumans, Don Davis]"
Admin.Edena Burton,"[Admin, ArkHuman, ArkHumans, Edena Burton]"
Admin.Emma Beatty,"[Admin, ArkHuman, ArkHumans, Emma Beatty]"
Admin.Eva Loveless,"[Admin, ArkHuman, ArkHumans, Eva Loveless]"
Admin.Franz Klinger,"[Admin, ArkHuman, ArkHumans, Franz Klinger]"
Admin.Garfield Langly,"[Admin, ArkHuman, ArkHumans, Garfield Langly]"
Admin.Gary Snow,"[Admin, ArkHuman, ArkHumans, Gary Snow]"
Admin.GordonBitz,"[Admin, ArkHuman, ArkHumans, GordonBitz]"
Admin.Guy Jameson,"[Admin, ArkHuman, ArkHumans, Guy Jameson]"
Admin.Harley Grainger,"[Admin, ArkHuman, ArkHumans, Harley Grainger]"
Admin.Harvey Clausen,"[Admin, ArkHuman, ArkHumans, Harvey Clausen]"
Admin.Indigo Lake,"[Admin, ArkHuman, ArkHumans, Indigo Lake]"
Admin.Izumi Minami,"[Admin, ArkHuman, ArkHumans, Izumi Minami]"
Admin.Jada Marks - Captain,"[Admin, ArkHuman, ArkHumans, Jada Marks - Captain]"
Admin.Jason Chang,"[Admin, ArkHuman, ArkHumans, Jason Chang]"
Admin.Kade Mason,"[Admin, ArkHuman, ArkHumans, Kade Mason]"
Admin.Kelly Randolph,"[Admin, ArkHuman, ArkHumans, Kelly Randolph]"
Admin.Kevin Sabian,"[Admin, ArkHuman, ArkHumans, Kevin Sabian]"
Admin.Leon Woods,"[Admin, ArkHuman, ArkHumans, Leon Woods]"
Admin.Lia Macy,"[Admin, ArkHuman, ArkHumans, Lia Macy]"
Admin.Mary Page,"[Admin, ArkHuman, ArkHumans, Mary Page]"
Admin.MathiasKohl,"[Admin, ArkHuman, ArkHumans, MathiasKohl]"
Admin.Maxine Ford,"[Admin, ArkHuman, ArkHumans, Maxine Ford]"
Admin.Octavia Figgs,"[Admin, ArkHuman, ArkHumans, Octavia Figgs]"
Admin.Oliver Benoit,"[Admin, ArkHuman, ArkHumans, Oliver Benoit]"
Admin.Phong Vu,"[Admin, ArkHuman, ArkHumans, Phong Vu]"
Admin.Richard Coveney,"[Admin, ArkHuman, ArkHumans, Richard Coveney]"
Admin.Spencer Ogden,"[Admin, ArkHuman, ArkHumans, Spencer Ogden]"
Admin.Thomas Tucker,"[Admin, ArkHuman, ArkHumans, Thomas Tucker]"
Admin.Will Mitchell,"[Admin, ArkHuman, ArkHumans, Will Mitchell]"
Admin._ArkHumanAdmin,"[Admin, ArkHuman, ArkHumans, _ArkHumanAdmin]"
Admin._ArkHumanAdminFemale,"[Admin, ArkHuman, ArkHumans, _ArkHumanAdminFemale]"
AlienPowers.NightmareProjectile,"[AlienPowers, ArkProjectileHomingPsiBlast, ArkProjectiles, NightmareProjectile]"
AlienPowers.PhantomProjectile_Default,"[AlienPowers, ArkProjectileHomingPsiBlast, ArkProjectiles, PhantomProjectile_Default]"
AlienPowers.PhantomProjectile_EMP,"[AlienPowers, ArkProjectileHomingPsiBlast, ArkProjectiles, PhantomProjectile_EMP]"
AlienPowers.TechnopathElectricalHazard_0g,"[AlienPowers, ArkProjectiles, ArkTechnopathEMPHazard, TechnopathElectricalHazard_0g]"
AlienPowers.TechnopathElectricalHazard_1g,"[AlienPowers, ArkProjectiles, ArkTechnopathEMPHazard, TechnopathElectricalHazard_1g]"
AlienPowers.TelepathProjectile,"[AlienPowers, ArkProjectileHomingPsiBlast, ArkProjectiles, TelepathProjectile]"
Ammo.EMPGrenades,"[Ammo, ArkAmmoPickupEMPGrenades, ArkPickups, EMPGrenades]"
Ammo.GooGun,"[Ammo, ArkAmmoPickupGooGun, ArkPickups, GooGun]"
Ammo.InstaLaser,"[Ammo, ArkAmmoPickupHeavyLaser, ArkPickups, InstaLaser]"
Ammo.LureGrenades,"[Ammo, ArkAmmoPickupLureGrenades, ArkPickups, LureGrenades]"
Ammo.NullwaveTransmitter,"[Ammo, ArkAmmoPickupNullwaveTransmitter, ArkPickups, NullwaveTransmitter]"
Ammo.OperatorGrenade,"[Ammo, ArkPickups, ArkProjectileOperatorGrenade, OperatorGrenade]"
Ammo.PistolBullets,"[Ammo, ArkAmmoPickupBullets, ArkPickups, PistolBullets]"
Ammo.RecyclerGrenades,"[Ammo, ArkAmmoPickupRecyclerGrenades, ArkPickups, RecyclerGrenades]"
Ammo.ShotgunShells,"[Ammo, ArkAmmoPickupShells, ArkPickups, ShotgunShells]"
Ammo.StunGunAmmo,"[Ammo, ArkAmmoPickupStunGun, ArkPickups, StunGunAmmo]"
Ammo.ToyGunDarts,"[Ammo, ArkAmmoPickupToyDarts, ArkPickups, ToyGunDarts]"
Apartment.Alarmclock_A,"[Alarmclock_A, Apartment, ArkLight, ArkPhysicsProps]"
Apartment.Bin_Fabric_A,"[Apartment, ArkPhysicsProps, Bin_Fabric_A, RigidBodyEx]"
Apartment.Bin_Parts_A,"[Apartment, ArkPhysicsProps, Bin_Parts_A, RigidBodyEx]"
Apartment.Boltcase_A,"[Apartment, ArkPhysicsProps, Boltcase_A, RigidBodyEx]"
Apartment.Bottle_Cleaner_A,"[Apartment, ArkPhysicsProps, Bottle_Cleaner_A, RigidBodyEx]"
Apartment.Bottle_Soap_A,"[Apartment, ArkPhysicsProps, Bottle_Soap_A, RigidBodyEx]"
Apartment.Chair Fake Transtar,"[Apartment, ArkPhysicsProps, Chair Fake Transtar, RigidBodyEx]"
Apartment.Chair_Apt_Computer_A,"[Apartment, ArkPhysicsProps, Chair_Apt_Computer_A, RigidBodyEx]"
Apartment.CoffeeTable_Apt,"[Apartment, ArkPhysicsProps, CoffeeTable_Apt, RigidBodyEx]"
Apartment.Couch Apt,"[Apartment, ArkPhysicsProps, Couch Apt, RigidBodyEx]"
Apartment.Couch Hallway,"[Apartment, ArkPhysicsProps, Couch Hallway, RigidBodyEx]"
Apartment.Dinner_Plate,"[Apartment, ArkBreakable, ArkPhysicsProps, Dinner_Plate]"
Apartment.Dishrack_A,"[Apartment, ArkPhysicsProps, Dishrack_A, RigidBodyEx]"
Apartment.GameConsole_Controller,"[Apartment, ArkLight, ArkPhysicsProps, GameConsole_Controller]"
Apartment.MilitaryOperator_Gunless,"[Apartment, ArkPhysicsProps, MilitaryOperator_Gunless, RigidBodyEx]"
Apartment.Monitor_Apt_A,"[Apartment, ArkPhysicsProps, Monitor_Apt_A, RigidBodyEx]"
Apartment.OperatorPart_Cartridge,"[Apartment, ArkPhysicsProps, OperatorPart_Cartridge, RigidBodyEx]"
Apartment.OperatorPart_Chassis,"[Apartment, ArkPhysicsProps, OperatorPart_Chassis, RigidBodyEx]"
Apartment.OperatorPart_Engine,"[Apartment, ArkPhysicsProps, OperatorPart_Engine, RigidBodyEx]"
Apartment.OperatorPart_Exhaust,"[Apartment, ArkPhysicsProps, OperatorPart_Exhaust, RigidBodyEx]"
Apartment.OperatorPart_Eye,"[Apartment, ArkPhysicsProps, OperatorPart_Eye, RigidBodyEx]"
Apartment.Photo Family,"[Apartment, ArkPhysicsProps, Photo Family, RigidBodyEx]"
Apartment.Pizzabox_A,"[Apartment, ArkPhysicsProps, Pizzabox_A, RigidBodyEx]"
Apartment.Shelf_Furniture_Apt,"[Apartment, ArkPhysicsProps, RigidBodyEx, Shelf_Furniture_Apt]"
Apartment.Steamer_A,"[Apartment, ArkPhysicsProps, RigidBodyEx, Steamer_A]"
Apartment.Stool_Apt_Bar_A,"[Apartment, ArkPhysicsProps, RigidBodyEx, Stool_Apt_Bar_A]"
Apartment.Test_Sim_Box_A,"[Apartment, ArkPhysicsProps, RigidBodyEx, Test_Sim_Box_A]"
Apartment.ToiletPaper_Roll,"[Apartment, ArkPhysicsProps, RigidBodyEx, ToiletPaper_Roll]"
Apartment.ToiletPaper_Roll_Unbreakable,"[Apartment, ArkPhysicsProps, RigidBodyEx, ToiletPaper_Roll_Unbreakable]"
Apartment.VideoGame_A,"[Apartment, ArkPhysicsProps, RigidBodyEx, VideoGame_A]"
Apartment.YellowTulipInvite,"[Apartment, ArkBreakable, ArkPhysicsProps, YellowTulipInvite]"
ApexTentacle.Tentacle_Large,"[ApexTentacle, ArkApexTentacle, ArkNpcs, Tentacle_Large]"
ApexTentacle.Tentacle_Large_Guard,"[ApexTentacle, ArkApexTentacle, ArkNpcs, Tentacle_Large_Guard]"
ApexTentacle.Tentacle_Medium,"[ApexTentacle, ArkApexTentacle, ArkNpcs, Tentacle_Medium]"
ApexTentacle.Tentacle_Medium_Guard,"[ApexTentacle, ArkApexTentacle, ArkNpcs, Tentacle_Medium_Guard]"
ApexTentacle.Tentacle_Small,"[ApexTentacle, ArkApexTentacle, ArkNpcs, Tentacle_Small]"
ApexTentacle.Tentacle_Small_Guard,"[ApexTentacle, ArkApexTentacle, ArkNpcs, Tentacle_Small_Guard]"
Architecture.Panel_Airlock_Hardware,"[Architecture, ArkPhysicsProps, Panel_Airlock_Hardware, RigidBodyEx]"
Architecture.Panel_Hanging_Industrial,"[Architecture, ArkPhysicsProps, Panel_Hanging_Industrial, RigidBodyEx]"
Architecture.Podbay_Lower_Panel_Hatch,"[Architecture, ArkPhysicsProps, Podbay_Lower_Panel_Hatch, RigidBodyEx]"
ArkNightmare,"[ArkNightmare, ArkNpcs]"
ArkPoltergeist,"[ArkNpcs, ArkPoltergeist]"
Bathroom.Bucket_A,"[ArkPhysicsProps, Bathroom, Bucket_A, RigidBodyEx]"
Bathroom.Cleaner_Large,"[ArkPhysicsProps, Bathroom, Cleaner_Large, RigidBodyEx]"
Bathroom.Cleaner_Small,"[ArkPhysicsProps, Bathroom, Cleaner_Small, RigidBodyEx]"
Bathroom.Shampoo_Large,"[ArkPhysicsProps, Bathroom, RigidBodyEx, Shampoo_Large]"
Bathroom.Shampoo_Small,"[ArkPhysicsProps, Bathroom, RigidBodyEx, Shampoo_Small]"
Bathroom.ShavingCream_Female,"[ArkPhysicsProps, Bathroom, RigidBodyEx, ShavingCream_Female]"
Bathroom.ShavingCream_Male,"[ArkPhysicsProps, Bathroom, RigidBodyEx, ShavingCream_Male]"
Bathroom.Soap,"[ArkBreakable, ArkPhysicsProps, Bathroom, Soap]"
Bathroom.Towels,"[ArkPhysicsProps, Bathroom, RigidBodyEx, Towels]"
Boxes-Crates.Box_Folders_Closed,"[ArkBreakable, ArkPhysicsProps, Box_Folders_Closed, Boxes-Crates]"
Boxes-Crates.Cardboard_Box_100x50x100,"[ArkPhysicsProps, Boxes-Crates, Cardboard_Box_100x50x100, RigidBodyEx]"
Boxes-Crates.Cardboard_Box_30x20x20,"[ArkPhysicsProps, Boxes-Crates, Cardboard_Box_30x20x20, RigidBodyEx]"
Boxes-Crates.Cardboard_Box_50x25x40,"[ArkPhysicsProps, Boxes-Crates, Cardboard_Box_50x25x40, RigidBodyEx]"
Boxes-Crates.Cardboard_Box_70x35x35,"[ArkPhysicsProps, Boxes-Crates, Cardboard_Box_70x35x35, RigidBodyEx]"
Boxes-Crates.Cardboard_Box_80x180x40,"[ArkPhysicsProps, Boxes-Crates, Cardboard_Box_80x180x40, RigidBodyEx]"
Boxes-Crates.Cardboard_Box_80x80x80,"[ArkPhysicsProps, Boxes-Crates, Cardboard_Box_80x80x80, RigidBodyEx]"
Boxes-Crates.Cardboard_Box_Damaged,"[ArkPhysicsProps, Boxes-Crates, Cardboard_Box_Damaged, RigidBodyEx]"
Boxes-Crates.Cargo_A_Large,"[ArkPhysicsProps, Boxes-Crates, Cargo_A_Large, RigidBodyEx]"
Boxes-Crates.Cargo_A_Small,"[ArkPhysicsProps, Boxes-Crates, Cargo_A_Small, RigidBodyEx]"
Boxes-Crates.Cargo_A_Small_2,"[ArkPhysicsProps, Boxes-Crates, Cargo_A_Small_2, RigidBodyEx]"
Boxes-Crates.Crate_B,"[ArkPhysicsProps, Boxes-Crates, Crate_B, RigidBodyEx]"
Boxes-Crates.Crate_B_Large,"[ArkPhysicsProps, Boxes-Crates, Crate_B_Large, RigidBodyEx]"
Boxes-Crates.Crate_B_Med,"[ArkPhysicsProps, Boxes-Crates, Crate_B_Med, RigidBodyEx]"
Boxes-Crates.Crate_Small_A,"[ArkPhysicsProps, Boxes-Crates, Crate_Small_A, RigidBodyEx]"
Bullets.PistolRound_Dahl,"[ArkProjectilePistolBullet, ArkProjectiles, Bullets, PistolRound_Dahl]"
Bullets.PistolRound_Default,"[ArkProjectilePistolBullet, ArkProjectiles, Bullets, PistolRound_Default]"
Bullets.PistolRound_Golden,"[ArkProjectilePistolBullet, ArkProjectiles, Bullets, PistolRound_Golden]"
Bullets.PistolRound_NPC,"[ArkProjectilePistolBullet, ArkProjectiles, Bullets, PistolRound_NPC]"
Bullets.Scripted_WindowBreak,"[ArkProjectileTurretBullet, ArkProjectiles, Bullets, Scripted_WindowBreak]"
Bullets.ShotgunBlast_Default,"[ArkProjectileShotgunBlast, ArkProjectiles, Bullets, ShotgunBlast_Default]"
Bullets.ShotgunPellet_Default,"[ArkProjectileShotgunShell, ArkProjectiles, Bullets, ShotgunPellet_Default]"
Bullets.ToygunDart_Default,"[ArkProjectileToyGun, ArkProjectiles, Bullets, ToygunDart_Default]"
Bullets.Tracer_Default,"[ArkProjectileTracer, ArkProjectiles, Bullets, Tracer_Default]"
Bullets.TurretRound_Default,"[ArkProjectileTurretBullet, ArkProjectiles, Bullets, TurretRound_Default]"
Chairs.Bench_Leather,"[ArkPhysicsProps, Bench_Leather, Chairs, RigidBodyEx]"
Chairs.Bench_Leather_Single,"[ArkPhysicsProps, Bench_Leather_Single, Chairs, RigidBodyEx]"
Chairs.Chair_BarStool,"[ArkPhysicsProps, Chair_BarStool, Chairs, RigidBodyEx]"
Chairs.Chair_Boss,"[ArkPhysicsProps, Chair_Boss, Chairs, RigidBodyEx]"
Chairs.Chair_Breakroom,"[ArkPhysicsProps, Chair_Breakroom, Chairs, RigidBodyEx]"
Chairs.Chair_Conference_A,"[ArkPhysicsProps, Chair_Conference_A, Chairs, RigidBodyEx]"
Chairs.Chair_Dining,"[ArkPhysicsProps, Chair_Dining, Chairs, RigidBodyEx]"
Chairs.Chair_Dining_Apartment,"[ArkPhysicsProps, Chair_Dining_Apartment, Chairs, RigidBodyEx]"
Chairs.Chair_Lab_A,"[ArkPhysicsProps, Chair_Lab_A, Chairs, RigidBodyEx]"
Chairs.Chair_Office_A,"[ArkPhysicsProps, Chair_Office_A, Chairs, RigidBodyEx]"
Chairs.Stool_Lab_A,"[ArkPhysicsProps, Chairs, RigidBodyEx, Stool_Lab_A]"
Chairs.Stool_Lab_Short_A,"[ArkPhysicsProps, Chairs, RigidBodyEx, Stool_Lab_Short_A]"
Charges.EMP,"[ArkProjectileEMPGrenade, ArkProjectiles, Charges, EMP]"
Charges.Lure,"[ArkProjectileLureGrenade, ArkProjectiles, Charges, Lure]"
Charges.Nullwave,"[ArkProjectileNullwaveTransmitter, ArkProjectiles, Charges, Nullwave]"
Charges.Recycler,"[ArkProjectileRecyclerGrenade, ArkProjectiles, Charges, Recycler]"
Charges.RecyclerTrap,"[ArkProjectileRecyclerGrenade, ArkProjectiles, Charges, RecyclerTrap]"
Charges.Recycler_TestChamber,"[ArkProjectileRecyclerGrenade, ArkProjectiles, Charges, Recycler_TestChamber]"
CinematicCharacters.CinematicCharacter_AlexYu,"[ArkCinematicCharacter, ArkHumans, CinematicCharacter_AlexYu, CinematicCharacters]"
CinematicCharacters.CinematicCharacter_CommanderDahl,"[ArkCinematicCharacter, ArkHumans, CinematicCharacter_CommanderDahl, CinematicCharacters]"
CinematicCharacters.CinematicCharacter_GarfieldLangley,"[ArkCinematicCharacter, ArkHumans, CinematicCharacter_GarfieldLangley, CinematicCharacters]"
CinematicCharacters.CinematicCharacter_LorenzoCalvino,"[ArkCinematicCharacter, ArkHumans, CinematicCharacter_LorenzoCalvino, CinematicCharacters]"
CinematicCharacters.CinematicCharacter_MiyuSato,"[ArkCinematicCharacter, ArkHumans, CinematicCharacter_MiyuSato, CinematicCharacters]"
CinematicCharacters.CinematicCharacter_MorganFemale,"[ArkCinematicCharacter, ArkHumans, CinematicCharacter_MorganFemale, CinematicCharacters]"
CinematicCharacters.CinematicCharacter_MorganMale,"[ArkCinematicCharacter, ArkHumans, CinematicCharacter_MorganMale, CinematicCharacters]"
Crafting.FabricationPlans.AlexStationKeyFabPlan,"[AlexStationKeyFabPlan, ArkFabricationPlan, ArkPickups, Crafting, FabricationPlans]"
Crafting.FabricationPlans.Ammo.GooGunAmmoFabPlan,"[Ammo, ArkFabricationPlanAmmo, ArkPickups, Crafting, FabricationPlans, GooGunAmmoFabPlan]"
Crafting.FabricationPlans.Ammo.LaserAmmoFabPlan,"[Ammo, ArkFabricationPlan, ArkPickups, Crafting, FabricationPlans, LaserAmmoFabPlan]"
Crafting.FabricationPlans.Ammo.PistolAmmoFabPlan,"[Ammo, ArkFabricationPlanAmmo, ArkPickups, Crafting, FabricationPlans, PistolAmmoFabPlan]"
Crafting.FabricationPlans.Ammo.Random,"[Ammo, ArkFabricationPlanAmmo, ArkPickups, Crafting, FabricationPlans, Random]"
Crafting.FabricationPlans.Ammo.ShotgunShellsFabPlan,"[Ammo, ArkFabricationPlanAmmo, ArkPickups, Crafting, FabricationPlans, ShotgunShellsFabPlan]"
Crafting.FabricationPlans.Ammo.StunGunAmmoFabPlan,"[Ammo, ArkFabricationPlanAmmo, ArkPickups, Crafting, FabricationPlans, StunGunAmmoFabPlan]"
Crafting.FabricationPlans.Ammo.ToyGunAmmoFabPlan,"[Ammo, ArkFabricationPlan, ArkPickups, Crafting, FabricationPlans, ToyGunAmmoFabPlan]"
Crafting.FabricationPlans.ArboretumFertilizerFabPlan,"[ArboretumFertilizerFabPlan, ArkFabricationPlan, ArkPickups, Crafting, FabricationPlans]"
Crafting.FabricationPlans.BigNullwaveTransmitterFabPlan,"[ArkFabricationPlan, ArkPickups, BigNullwaveTransmitterFabPlan, Crafting, FabricationPlans]"
Crafting.FabricationPlans.BigNullwaveTransmitterFabPlan_Cinematic,"[ArkFabricationPlan, ArkPickups, BigNullwaveTransmitterFabPlan_Cinematic, Crafting, FabricationPlans]"
Crafting.FabricationPlans.Charge.AlienLureFabPlan,"[AlienLureFabPlan, ArkFabricationPlanCharge, ArkPickups, Charge, Crafting, FabricationPlans]"
Crafting.FabricationPlans.Charge.EMPGrenadesFabPlan,"[ArkFabricationPlanCharge, ArkPickups, Charge, Crafting, EMPGrenadesFabPlan, FabricationPlans]"
Crafting.FabricationPlans.Charge.NullwaveTransmitterFabPlan,"[ArkFabricationPlanCharge, ArkPickups, Charge, Crafting, FabricationPlans, NullwaveTransmitterFabPlan]"
Crafting.FabricationPlans.Charge.Random,"[ArkFabricationPlanCharge, ArkPickups, Charge, Crafting, FabricationPlans, Random]"
Crafting.FabricationPlans.Charge.RecyclerGrenadeFabPlan,"[ArkFabricationPlan, ArkPickups, Charge, Crafting, FabricationPlans, RecyclerGrenadeFabPlan]"
Crafting.FabricationPlans.CoralScanModFabPlan,"[ArkFabricationPlan, ArkPickups, CoralScanModFabPlan, Crafting, FabricationPlans]"
Crafting.FabricationPlans.MedKitFabPlan,"[ArkFabricationPlan, ArkPickups, Crafting, FabricationPlans, MedKitFabPlan]"
Crafting.FabricationPlans.MorganStationKeyFabPlan,"[ArkFabricationPlan, ArkPickups, Crafting, FabricationPlans, MorganStationKeyFabPlan]"
Crafting.FabricationPlans.NeuroModFabPlan,"[ArkFabricationPlan, ArkPickups, Crafting, FabricationPlans, NeuroModFabPlan]"
Crafting.FabricationPlans.OxygenFuseFabPlan,"[ArkFabricationPlan, ArkPickups, Crafting, FabricationPlans, OxygenFuseFabPlan]"
Crafting.FabricationPlans.Pharma.PharmaAntiBleedFabPlan,"[ArkFabricationPlanPharma, ArkPickups, Crafting, FabricationPlans, Pharma, PharmaAntiBleedFabPlan]"
Crafting.FabricationPlans.Pharma.PharmaAntiBurnFabPlan,"[ArkFabricationPlanPharma, ArkPickups, Crafting, FabricationPlans, Pharma, PharmaAntiBurnFabPlan]"
Crafting.FabricationPlans.Pharma.PharmaAntiConcussionFabPlan,"[ArkFabricationPlanPharma, ArkPickups, Crafting, FabricationPlans, Pharma, PharmaAntiConcussionFabPlan]"
Crafting.FabricationPlans.Pharma.PharmaAntiCrippleFabPlan,"[ArkFabricationPlanPharma, ArkPickups, Crafting, FabricationPlans, Pharma, PharmaAntiCrippleFabPlan]"
Crafting.FabricationPlans.Pharma.PharmaAntiRadFabPlan,"[ArkFabricationPlanPharma, ArkPickups, Crafting, FabricationPlans, Pharma, PharmaAntiRadFabPlan]"
Crafting.FabricationPlans.Pharma.Random,"[ArkFabricationPlanPharma, ArkPickups, Crafting, FabricationPlans, Pharma, Random]"
Crafting.FabricationPlans.PropulsionSystemFabPlan,"[ArkFabricationPlan, ArkPickups, Crafting, FabricationPlans, PropulsionSystemFabPlan]"
Crafting.FabricationPlans.PsiHypoFabPlan,"[ArkFabricationPlan, ArkPickups, Crafting, FabricationPlans, PsiHypoFabPlan]"
Crafting.FabricationPlans.SuitMaint.OxygenBottleFabPlan,"[ArkFabricationPlanSuitMaint, ArkPickups, Crafting, FabricationPlans, OxygenBottleFabPlan, SuitMaint]"
Crafting.FabricationPlans.SuitMaint.Random,"[ArkFabricationPlanSuitMaint, ArkPickups, Crafting, FabricationPlans, Random, SuitMaint]"
Crafting.FabricationPlans.SuitMaint.SuitPatchKitFabPlan,"[ArkFabricationPlanSuitMaint, ArkPickups, Crafting, FabricationPlans, SuitMaint, SuitPatchKitFabPlan]"
Crafting.FabricationPlans.TreasureHuntModFabPlan_Bad,"[ArkFabricationPlan, ArkPickups, Crafting, FabricationPlans, TreasureHuntModFabPlan_Bad]"
Crafting.FabricationPlans.TreasureHuntModFabPlan_Good,"[ArkFabricationPlan, ArkPickups, Crafting, FabricationPlans, TreasureHuntModFabPlan_Good]"
Crafting.FabricationPlans.TurretFabPlan,"[ArkFabricationPlan, ArkPickups, Crafting, FabricationPlans, TurretFabPlan]"
Crafting.FabricationPlans.WaterPressureRegulator,"[ArkFabricationPlan, ArkPickups, Crafting, FabricationPlans, WaterPressureRegulator]"
Crafting.FabricationPlans.Weapon.GooGunFabPlan,"[ArkFabricationPlanWeapon, ArkPickups, Crafting, FabricationPlans, GooGunFabPlan, Weapon]"
Crafting.FabricationPlans.Weapon.InstalaserFabPlan,"[ArkFabricationPlan, ArkPickups, Crafting, FabricationPlans, InstalaserFabPlan, Weapon]"
Crafting.FabricationPlans.Weapon.PistolFabPlan,"[ArkFabricationPlanWeapon, ArkPickups, Crafting, FabricationPlans, PistolFabPlan, Weapon]"
Crafting.FabricationPlans.Weapon.Random,"[ArkFabricationPlanWeapon, ArkPickups, Crafting, FabricationPlans, Random, Weapon]"
Crafting.FabricationPlans.Weapon.ShotgunFabPlan,"[ArkFabricationPlanWeapon, ArkPickups, Crafting, FabricationPlans, ShotgunFabPlan, Weapon]"
Crafting.FabricationPlans.Weapon.ShotgunPreorderFabPlan,"[ArkFabricationPlanWeapon, ArkPickups, Crafting, FabricationPlans, ShotgunPreorderFabPlan, Weapon]"
Crafting.FabricationPlans.Weapon.TaserPistolFabPlan,"[ArkFabricationPlanWeapon, ArkPickups, Crafting, FabricationPlans, TaserPistolFabPlan, Weapon]"
Crafting.FabricationPlans.Weapon.ToyGunFabPlan,"[ArkFabricationPlan, ArkPickups, Crafting, FabricationPlans, ToyGunFabPlan, Weapon]"
Crafting.FabricationPlans.Weapon.WrenchFabPlan,"[ArkFabricationPlan, ArkPickups, Crafting, FabricationPlans, Weapon, WrenchFabPlan]"
Crafting.FabricationPlans.WeaponKitFabPlan,"[ArkFabricationPlan, ArkPickups, Crafting, FabricationPlans, WeaponKitFabPlan]"
Crafting.FabricationPlans.WrenchModFabPlan,"[ArkFabricationPlan, ArkPickups, Crafting, FabricationPlans, WrenchModFabPlan]"
Crafting.Ingredients.Exotic,"[ArkCraftingIngredient, ArkPickups, Crafting, Exotic, Ingredients]"
Crafting.Ingredients.Mineral,"[ArkCraftingIngredient, ArkPickups, Crafting, Ingredients, Mineral]"
Crafting.Ingredients.Organic,"[ArkCraftingIngredient, ArkPickups, Crafting, Ingredients, Organic]"
Crafting.Ingredients.Random,"[ArkCraftingIngredient, ArkPickups, Crafting, Ingredients, Random]"
Crafting.Ingredients.Synthetic,"[ArkCraftingIngredient, ArkPickups, Crafting, Ingredients, Synthetic]"
Crafting.RecyclerJunk.AsteroidFragment,"[ArkPickups, ArkRecyclerJunk, AsteroidFragment, Crafting, RecyclerJunk]"
Crafting.RecyclerJunk.BaseballGlove,"[ArkPickups, ArkRecyclerJunk, BaseballGlove, Crafting, RecyclerJunk]"
Crafting.RecyclerJunk.BiohazardWaste,"[ArkPickups, ArkRecyclerJunk, BiohazardWaste, Crafting, RecyclerJunk]"
Crafting.RecyclerJunk.BrokenCoolerFan,"[ArkPickups, ArkRecyclerJunk, BrokenCoolerFan, Crafting, RecyclerJunk]"
Crafting.RecyclerJunk.BurntCircuitBoard,"[ArkPickups, ArkRecyclerJunk, BurntCircuitBoard, Crafting, RecyclerJunk]"
Crafting.RecyclerJunk.CompostBananaPeel,"[ArkPickups, ArkRecyclerJunk, CompostBananaPeel, Crafting, RecyclerJunk]"
Crafting.RecyclerJunk.CompostEelScraps,"[ArkPickups, ArkRecyclerJunk, CompostEelScraps, Crafting, RecyclerJunk]"
Crafting.RecyclerJunk.CompostLemonPeel,"[ArkPickups, ArkRecyclerJunk, CompostLemonPeel, Crafting, RecyclerJunk]"
Crafting.RecyclerJunk.CorrodedCoil,"[ArkPickups, ArkRecyclerJunk, CorrodedCoil, Crafting, RecyclerJunk]"
Crafting.RecyclerJunk.CrumpledPaper,"[ArkPickups, ArkRecyclerJunk, Crafting, CrumpledPaper, RecyclerJunk]"
Crafting.RecyclerJunk.EmptyCan,"[ArkPickups, ArkRecyclerJunk, Crafting, EmptyCan, RecyclerJunk]"
Crafting.RecyclerJunk.Exotic.AlienOrganSmall,"[AlienOrganSmall, ArkPickups, ArkRecyclerJunkExotic, Crafting, Exotic, RecyclerJunk]"
Crafting.RecyclerJunk.Exotic.MimicTumor,"[ArkPickups, ArkRecyclerJunkExotic, Crafting, Exotic, MimicTumor, RecyclerJunk]"
Crafting.RecyclerJunk.Exotic.RandomExotic,"[ArkPickups, ArkRecyclerJunkExotic, Crafting, Exotic, RandomExotic, RecyclerJunk]"
Crafting.RecyclerJunk.Exotic.TyphonCortex,"[ArkPickups, ArkRecyclerJunkExotic, Crafting, Exotic, RecyclerJunk, TyphonCortex]"
Crafting.RecyclerJunk.Exotic.TyphonGanglion,"[ArkPickups, ArkRecyclerJunkExotic, Crafting, Exotic, RecyclerJunk, TyphonGanglion]"
Crafting.RecyclerJunk.Exotic.TyphonPlasma,"[ArkPickups, ArkRecyclerJunkExotic, Crafting, Exotic, RecyclerJunk, TyphonPlasma]"
Crafting.RecyclerJunk.ExpiredPlasmaBag,"[ArkPickups, ArkRecyclerJunk, Crafting, ExpiredPlasmaBag, RecyclerJunk]"
Crafting.RecyclerJunk.Flowers_A,"[ArkPickups, ArkRecyclerJunk, Crafting, Flowers_A, RecyclerJunk]"
Crafting.RecyclerJunk.Flowers_B,"[ArkPickups, ArkRecyclerJunk, Crafting, Flowers_B, RecyclerJunk]"
Crafting.RecyclerJunk.Flowers_C,"[ArkPickups, ArkRecyclerJunk, Crafting, Flowers_C, RecyclerJunk]"
Crafting.RecyclerJunk.Flowers_D,"[ArkPickups, ArkRecyclerJunk, Crafting, Flowers_D, RecyclerJunk]"
Crafting.RecyclerJunk.FriedHardDrive,"[ArkPickups, ArkRecyclerJunk, Crafting, FriedHardDrive, RecyclerJunk]"
Crafting.RecyclerJunk.PetriDishSample,"[ArkPickups, ArkRecyclerJunk, Crafting, PetriDishSample, RecyclerJunk]"
Crafting.RecyclerJunk.PlasticTubing,"[ArkPickups, ArkRecyclerJunk, Crafting, PlasticTubing, RecyclerJunk]"
Crafting.RecyclerJunk.Random,"[ArkPickups, ArkRecyclerJunk, Crafting, Random, RecyclerJunk]"
Crafting.RecyclerJunk.TestTubeSample,"[ArkPickups, ArkRecyclerJunk, Crafting, RecyclerJunk, TestTubeSample]"
Crafting.RecyclerJunk.UsedCigar,"[ArkPickups, ArkRecyclerJunk, Crafting, RecyclerJunk, UsedCigar]"
Crafting.RecyclerJunk.WireSpool,"[ArkPickups, ArkRecyclerJunk, Crafting, RecyclerJunk, WireSpool]"
Crafting.RecyclerJunk.Yellow_Tulips_A_Pickup,"[ArkPickups, ArkRecyclerJunk, Crafting, RecyclerJunk, Yellow_Tulips_A_Pickup]"
Custom.FakeTechnopath,"[ArkNpcs, ArkTechnopath, Custom, FakeTechnopath]"
Cystoids.Cystoid,"[ArkAlienJelly, ArkNpcs, Cystoid, Cystoids]"
Cystoids.CystoidNest_Ceiling,"[ArkCystoidNest, ArkNpcs, CystoidNest_Ceiling, Cystoids]"
Cystoids.CystoidNest_Floor,"[ArkCystoidNest, ArkNpcs, CystoidNest_Floor, Cystoids]"
Cystoids.CystoidNest_Wall,"[ArkCystoidNest, ArkNpcs, CystoidNest_Wall, Cystoids]"
Cystoids.Cystoid_IgnorePlayer,"[ArkAlienJelly, ArkNpcs, Cystoid_IgnorePlayer, Cystoids]"
Data.Keycard,"[ArkKeycard, ArkPickups, Data, Keycard]"
Data.Keycard_Cinematic,"[ArkKeycard, ArkPickups, Data, Keycard_Cinematic]"
Data.Notes.AnnaliseThumbDrive,"[AnnaliseThumbDrive, ArkPages, ArkPickups, Data, Notes]"
Data.Notes.Clipboard,"[ArkPages, ArkPickups, Clipboard, Data, Notes]"
Data.Notes.Memo,"[ArkPages, ArkPickups, Data, Memo, Notes]"
Data.Notes.Memo2,"[ArkPages, ArkPickups, Data, Memo2, Notes]"
Data.Notes.Memo2_Crumpled,"[ArkPages, ArkPickups, Data, Memo2_Crumpled, Notes]"
Data.Notes.Stickynote,"[ArkPages, ArkPickups, Data, Notes, Stickynote]"
Data.Notes.Stickynote_Mimic,"[ArkPages, ArkPickups, Data, Notes, Stickynote_Mimic]"
Data.Notes.Stickynote_Stack,"[ArkPages, ArkPickups, Data, Notes, Stickynote_Stack]"
Data.Thumb Drive,"[ArkKeycard, ArkPickups, Data, Thumb Drive]"
Data.TrackingChip,"[ArkPickups, ArkTrackingChip, Data, TrackingChip]"
Data.TranScribe,"[ArkPickups, ArkTranScribe, Data, TranScribe]"
DoubleWrench,"[ArkSpecialWeapons, ArkWeaponDoubleWrench, DoubleWrench]"
EMPGrenadeWeapon,"[ArkSpecialWeapons, ArkWeaponEMPGrenade, EMPGrenadeWeapon]"
Engineers.Abigail Foy,"[Abigail Foy, ArkHuman, ArkHumans, Engineers]"
Engineers.Aime Schmidt,"[Aime Schmidt, ArkHuman, ArkHumans, Engineers]"
Engineers.Alan Bianchi,"[Alan Bianchi, ArkHuman, ArkHumans, Engineers]"
Engineers.Alika James,"[Alika James, ArkHuman, ArkHumans, Engineers]"
Engineers.Anders Kline,"[Anders Kline, ArkHuman, ArkHumans, Engineers]"
Engineers.Andrew Grey,"[Andrew Grey, ArkHuman, ArkHumans, Engineers]"
Engineers.Anong Lao,"[Anong Lao, ArkHuman, ArkHumans, Engineers]"
Engineers.Anthony Aquilante,"[Anthony Aquilante, ArkHuman, ArkHumans, Engineers]"
Engineers.Ari Liudnarht,"[Ari Liudnarht, ArkHuman, ArkHumans, Engineers]"
Engineers.Ash Lasair,"[ArkHuman, ArkHumans, Ash Lasair, Engineers]"
Engineers.Augusto Vera,"[ArkHuman, ArkHumans, Augusto Vera, Engineers]"
Engineers.Bernard Griffith,"[ArkHuman, ArkHumans, Bernard Griffith, Engineers]"
Engineers.Bill Nixon-Greene,"[ArkHuman, ArkHumans, Bill Nixon-Greene, Engineers]"
Engineers.Brandi Pester,"[ArkHuman, ArkHumans, Brandi Pester, Engineers]"
Engineers.Brenda Cabrera,"[ArkHuman, ArkHumans, Brenda Cabrera, Engineers]"
Engineers.Brittany LaValley,"[ArkHuman, ArkHumans, Brittany LaValley, Engineers]"
Engineers.Carin Buckley,"[ArkHuman, ArkHumans, Carin Buckley, Engineers]"
Engineers.Carlos Popinga,"[ArkHuman, ArkHumans, Carlos Popinga, Engineers]"
Engineers.Carol Sikes,"[ArkHuman, ArkHumans, Carol Sikes, Engineers]"
Engineers.Clarke Rafferty,"[ArkHuman, ArkHumans, Clarke Rafferty, Engineers]"
Engineers.Clive Lawrence,"[ArkHuman, ArkHumans, Clive Lawrence, Engineers]"
Engineers.Colette May-Schultz,"[ArkHuman, ArkHumans, Colette May-Schultz, Engineers]"
Engineers.Cynthia Dringus,"[ArkHuman, ArkHumans, Cynthia Dringus, Engineers]"
Engineers.Danielle Sho,"[ArkHuman, ArkHumans, Danielle Sho, Engineers]"
Engineers.Diane Washington,"[ArkHuman, ArkHumans, Diane Washington, Engineers]"
Engineers.Divya Naaz,"[ArkHuman, ArkHumans, Divya Naaz, Engineers]"
Engineers.Donald Hall,"[ArkHuman, ArkHumans, Donald Hall, Engineers]"
Engineers.Drew Springer,"[ArkHuman, ArkHumans, Drew Springer, Engineers]"
Engineers.Duncan Krassikoff,"[ArkHuman, ArkHumans, Duncan Krassikoff, Engineers]"
Engineers.Eddie Voss,"[ArkHuman, ArkHumans, Eddie Voss, Engineers]"
Engineers.Edward Douglas,"[ArkHuman, ArkHumans, Edward Douglas, Engineers]"
Engineers.Ekaterina Mulsaev,"[ArkHuman, ArkHumans, Ekaterina Mulsaev, Engineers]"
Engineers.Elle Gold,"[ArkHuman, ArkHumans, Elle Gold, Engineers]"
Engineers.Emily Carter,"[ArkHuman, ArkHumans, Emily Carter, Engineers]"
Engineers.Emmanuel Mendez,"[ArkHuman, ArkHumans, Emmanuel Mendez, Engineers]"
Engineers.Enoch Kouneva,"[ArkHuman, ArkHumans, Engineers, Enoch Kouneva]"
Engineers.Frank Jones,"[ArkHuman, ArkHumans, Engineers, Frank Jones]"
Engineers.Galel Seif,"[ArkHuman, ArkHumans, Engineers, Galel Seif]"
Engineers.Gerald Wildman,"[ArkHuman, ArkHumans, Engineers, Gerald Wildman]"
Engineers.Grant Lockwood,"[ArkHuman, ArkHumans, Engineers, Grant Lockwood]"
Engineers.Grete Mikkelsen,"[ArkHuman, ArkHumans, Engineers, Grete Mikkelsen]"
Engineers.Gus Magill,"[ArkHuman, ArkHumans, Engineers, Gus Magill]"
Engineers.Guy Croal,"[ArkHuman, ArkHumans, Engineers, Guy Croal]"
Engineers.Halden Graves,"[ArkHuman, ArkHumans, Engineers, Halden Graves]"
Engineers.Hank Majors,"[ArkHuman, ArkHumans, Engineers, Hank Majors]"
Engineers.Heather Bentz,"[ArkHuman, ArkHumans, Engineers, Heather Bentz]"
Engineers.Hunter Hale,"[ArkHuman, ArkHumans, Engineers, Hunter Hale]"
Engineers.IanRolston,"[ArkHuman, ArkHumans, Engineers, IanRolston]"
Engineers.IkeStewart,"[ArkHuman, ArkHumans, Engineers, IkeStewart]"
Engineers.Iris Stein,"[ArkHuman, ArkHumans, Engineers, Iris Stein]"
Engineers.Ivy Park,"[ArkHuman, ArkHumans, Engineers, Ivy Park]"
Engineers.Jean Faure,"[ArkHuman, ArkHumans, Engineers, Jean Faure]"
Engineers.Jessica Wiley,"[ArkHuman, ArkHumans, Engineers, Jessica Wiley]"
Engineers.Jillian Quigg,"[ArkHuman, ArkHumans, Engineers, Jillian Quigg]"
Engineers.Jose Costa,"[ArkHuman, ArkHumans, Engineers, Jose Costa]"
Engineers.Joseph McSorley,"[ArkHuman, ArkHumans, Engineers, Joseph McSorley]"
Engineers.Julien Howard,"[ArkHuman, ArkHumans, Engineers, Julien Howard]"
Engineers.Junior Bookman,"[ArkHuman, ArkHumans, Engineers, Junior Bookman]"
Engineers.Kane Rosito,"[ArkHuman, ArkHumans, Engineers, Kane Rosito]"
Engineers.KirkRemmer,"[ArkHuman, ArkHumans, Engineers, KirkRemmer]"
Engineers.Lan Nguyen,"[ArkHuman, ArkHumans, Engineers, Lan Nguyen]"
Engineers.Laurel Davis,"[ArkHuman, ArkHumans, Engineers, Laurel Davis]"
Engineers.Lawrence Baxter,"[ArkHuman, ArkHumans, Engineers, Lawrence Baxter]"
Engineers.Lily Morris,"[ArkHuman, ArkHumans, Engineers, Lily Morris]"
Engineers.Lloyd Thompson,"[ArkHuman, ArkHumans, Engineers, Lloyd Thompson]"
Engineers.Luther Glass,"[ArkHuman, ArkHumans, Engineers, Luther Glass]"
Engineers.Mariana Arias,"[ArkHuman, ArkHumans, Engineers, Mariana Arias]"
Engineers.Marietta Kyrkos,"[ArkHuman, ArkHumans, Engineers, Marietta Kyrkos]"
Engineers.Mary Malinaro,"[ArkHuman, ArkHumans, Engineers, Mary Malinaro]"
Engineers.Mary Stevens,"[ArkHuman, ArkHumans, Engineers, Mary Stevens]"
Engineers.Matthew Connolly,"[ArkHuman, ArkHumans, Engineers, Matthew Connolly]"
Engineers.Max Weigel-Goetz,"[ArkHuman, ArkHumans, Engineers, Max Weigel-Goetz]"
Engineers.Mia Bayer,"[ArkHuman, ArkHumans, Engineers, Mia Bayer]"
Engineers.Mickey Pitt,"[ArkHuman, ArkHumans, Engineers, Mickey Pitt]"
Engineers.Mike Devlin,"[ArkHuman, ArkHumans, Engineers, Mike Devlin]"
Engineers.Mike Turner,"[ArkHuman, ArkHumans, Engineers, Mike Turner]"
Engineers.Mikhaila Ilyushin (healthy),"[ArkHuman, ArkHumans, Engineers, Mikhaila Ilyushin (healthy)]"
Engineers.Mikhaila Ilyushin (sick),"[ArkHuman, ArkHumans, Engineers, Mikhaila Ilyushin (sick)]"
Engineers.Mischa Lazarev,"[ArkHuman, ArkHumans, Engineers, Mischa Lazarev]"
Engineers.Nicholas Stillwater,"[ArkHuman, ArkHumans, Engineers, Nicholas Stillwater]"
Engineers.Nickie Tannar,"[ArkHuman, ArkHumans, Engineers, Nickie Tannar]"
Engineers.Omar Bolivar,"[ArkHuman, ArkHumans, Engineers, Omar Bolivar]"
Engineers.Patricia Varma,"[ArkHuman, ArkHumans, Engineers, Patricia Varma]"
Engineers.Perry Fullbright,"[ArkHuman, ArkHumans, Engineers, Perry Fullbright]"
Engineers.Price Broadway,"[ArkHuman, ArkHumans, Engineers, Price Broadway]"
Engineers.Quinten Purvis,"[ArkHuman, ArkHumans, Engineers, Quinten Purvis]"
Engineers.Ramon Ridley,"[ArkHuman, ArkHumans, Engineers, Ramon Ridley]"
Engineers.Randall Wood,"[ArkHuman, ArkHumans, Engineers, Randall Wood]"
Engineers.Raya Leiruat,"[ArkHuman, ArkHumans, Engineers, Raya Leiruat]"
Engineers.Rich Ivers,"[ArkHuman, ArkHumans, Engineers, Rich Ivers]"
Engineers.Rodney S Poole,"[ArkHuman, ArkHumans, Engineers, Rodney S Poole]"
Engineers.Roger Meir,"[ArkHuman, ArkHumans, Engineers, Roger Meir]"
Engineers.Scott Parker,"[ArkHuman, ArkHumans, Engineers, Scott Parker]"
Engineers.Skye Braxton,"[ArkHuman, ArkHumans, Engineers, Skye Braxton]"
Engineers.Steve Folson,"[ArkHuman, ArkHumans, Engineers, Steve Folson]"
Engineers.StoneBlanchard,"[ArkHuman, ArkHumans, Engineers, StoneBlanchard]"
Engineers.Talia Brooks,"[ArkHuman, ArkHumans, Engineers, Talia Brooks]"
Engineers.Tana Vale,"[ArkHuman, ArkHumans, Engineers, Tana Vale]"
Engineers.Thomas Lutz,"[ArkHuman, ArkHumans, Engineers, Thomas Lutz]"
Engineers.Tina Snow,"[ArkHuman, ArkHumans, Engineers, Tina Snow]"
Engineers.Todd Matsuyama,"[ArkHuman, ArkHumans, Engineers, Todd Matsuyama]"
Engineers.Tom Cooper,"[ArkHuman, ArkHumans, Engineers, Tom Cooper]"
Engineers.Umi Isaka,"[ArkHuman, ArkHumans, Engineers, Umi Isaka]"
Engineers.Vincent Schubel,"[ArkHuman, ArkHumans, Engineers, Vincent Schubel]"
Engineers.Zachary West,"[ArkHuman, ArkHumans, Engineers, Zachary West]"
Engineers._ArkHumanEngineer,"[ArkHuman, ArkHumans, Engineers, _ArkHumanEngineer]"
Engineers._ArkHumanEngineerFemale,"[ArkHuman, ArkHumans, Engineers, _ArkHumanEngineerFemale]"
Food.Alcohol.Bourbon,"[Alcohol, ArkAlcohol, ArkPickups, Bourbon, Food]"
Food.Alcohol.Champagne,"[Alcohol, ArkAlcohol, ArkPickups, Champagne, Food]"
Food.Alcohol.DuckBeer,"[Alcohol, ArkAlcohol, ArkPickups, DuckBeer, Food]"
Food.Alcohol.Gin,"[Alcohol, ArkAlcohol, ArkPickups, Food, Gin]"
Food.Alcohol.Moonshine,"[Alcohol, ArkAlcohol, ArkPickups, Food, Moonshine]"
Food.Alcohol.Random,"[Alcohol, ArkAlcohol, ArkPickups, Food, Random]"
Food.Alcohol.Vodka,"[Alcohol, ArkAlcohol, ArkPickups, Food, Vodka]"
Food.Bag.BigBangCandy,"[ArkFood, ArkPickups, Bag, BigBangCandy, Food]"
Food.Bag.Glucassist,"[ArkFood, ArkPickups, Bag, Food, Glucassist]"
Food.Bag.SunDriedTomatoJerky,"[ArkFood, ArkPickups, Bag, Food, SunDriedTomatoJerky]"
Food.Bag.VeggieBlend,"[ArkFood, ArkPickups, Bag, Food, VeggieBlend]"
Food.Bowl.BananaPudding,"[ArkFood, ArkPickups, BananaPudding, Bowl, Food]"
Food.Bowl.DimSum,"[ArkFood, ArkPickups, Bowl, DimSum, Food]"
Food.Bowl.UdonNoodles,"[ArkFood, ArkPickups, Bowl, Food, UdonNoodles]"
Food.Box.BliniCakes,"[ArkFood, ArkPickups, BliniCakes, Box, Food]"
Food.Box.CrispyFrites,"[ArkFood, ArkPickups, Box, CrispyFrites, Food]"
Food.Box.FishSticks,"[ArkFood, ArkPickups, Box, FishSticks, Food]"
Food.Box.LemonPieSlice,"[ArkFood, ArkPickups, Box, Food, LemonPieSlice]"
Food.Box.SkeksisUnagiRollz,"[ArkFood, ArkPickups, Box, Food, SkeksisUnagiRollz]"
Food.Box.SpiraliteCookies,"[ArkFood, ArkPickups, Box, Food, SpiraliteCookies]"
Food.Can.GreenTea,"[ArkFood, ArkPickups, Can, Food, GreenTea]"
Food.Can.KafeKarsk,"[ArkFood, ArkPickups, Can, Food, KafeKarsk]"
Food.Can.PopStar,"[ArkFood, ArkPickups, Can, Food, PopStar]"
Food.Produce.Apple,"[Apple, ArkFood, ArkPickups, Food, Produce]"
Food.Produce.Banana,"[ArkFood, ArkPickups, Banana, Food, Produce]"
Food.Produce.BananaBunch,"[ArkFood, ArkPickups, BananaBunch, Food, Produce]"
Food.Produce.BluePomegranate,"[ArkFood, ArkPickups, BluePomegranate, Food, Produce]"
Food.Produce.Lemon,"[ArkFood, ArkPickups, Food, Lemon, Produce]"
Food.Produce.Tomato,"[ArkFood, ArkPickups, Food, Produce, Tomato]"
Food.Random,"[ArkFood, ArkPickups, Food, Random]"
Food.Tin.Caviar,"[ArkFood, ArkPickups, Caviar, Food, Tin]"
Food.Tin.JelliedEels,"[ArkFood, ArkPickups, Food, JelliedEels, Tin]"
Gameplay.Debris_Panel_01,"[ArkPhysicsProps, Debris_Panel_01, Gameplay, RigidBodyEx]"
Gameplay.Goo_Breakable,"[ArkPhysicsProps, ArkScalableBreakable, Gameplay, Goo_Breakable]"
Gameplay.Goo_Breakable_Cutscene,"[ArkPhysicsProps, ArkScalableBreakable, Gameplay, Goo_Breakable_Cutscene]"
Gameplay.Goo_Breakable_Mimickable,"[ArkPhysicsProps, ArkScalableBreakable, Gameplay, Goo_Breakable_Mimickable]"
Gameplay.Roof_Panel_PowerSource,"[ArkPhysicsProps, Gameplay, RigidBodyEx, Roof_Panel_PowerSource]"
Garden.Bag_Garden,"[ArkPhysicsProps, Bag_Garden, Garden, RigidBodyEx]"
Garden.Bag_Garden_Stack,"[ArkPhysicsProps, Bag_Garden_Stack, Garden, RigidBodyEx]"
Garden.Can_Water,"[ArkPhysicsProps, Can_Water, Garden, RigidBodyEx]"
Garden.Lily_Pad_A,"[ArkPhysicsProps, Garden, Lily_Pad_A, RigidBodyEx]"
Garden.Rock_Small,"[ArkPhysicsProps, Garden, RigidBodyEx, Rock_Small]"
Garden.Shears,"[ArkPhysicsProps, Garden, RigidBodyEx, Shears]"
Garden.Trowel,"[ArkPhysicsProps, Garden, RigidBodyEx, Trowel]"
Gloo.GlooAccretion,"[ArkProjectileGoo, ArkProjectiles, Gloo, GlooAccretion]"
Gloo.GlooShot,"[ArkProjectileGooBall, ArkProjectiles, Gloo, GlooShot]"
Guest.Gustav Leitner,"[ArkHuman, ArkHumans, Guest, Gustav Leitner]"
Gym.Dumbbell_III_Large,"[ArkPhysicsProps, Dumbbell_III_Large, Gym, RigidBodyEx]"
Gym.Dumbbell_II_Medium,"[ArkPhysicsProps, Dumbbell_II_Medium, Gym, RigidBodyEx]"
Gym.Dumbbell_I_Small,"[ArkPhysicsProps, Dumbbell_I_Small, Gym, RigidBodyEx]"
Gym.Kettle_Bell_A,"[ArkPhysicsProps, Gym, Kettle_Bell_A, RigidBodyEx]"
Gym.Punching_Bag,"[ArkPhysicsProps, Gym, Punching_Bag, RigidBodyEx]"
HumanPlaceholders.ArkHumanArmed,"[ArkHuman, ArkHumanArmed, ArkHumans, HumanPlaceholders]"
HumanPlaceholders.ArkHumanMindControlled,"[ArkHuman, ArkHumanMindControlled, ArkHumans, HumanPlaceholders]"
HumanPlaceholders.ArkHumanUnarmed,"[ArkHuman, ArkHumanUnarmed, ArkHumans, HumanPlaceholders]"
Industrial.Detail_Tank_Large_A_Part2,"[ArkPhysicsProps, Detail_Tank_Large_A_Part2, Industrial, RigidBodyEx]"
Industrial.Detail_Tank_Large_A_Part3,"[ArkPhysicsProps, Detail_Tank_Large_A_Part3, Industrial, RigidBodyEx]"
Industrial.Detail_Tank_Large_A_Part5,"[ArkPhysicsProps, Detail_Tank_Large_A_Part5, Industrial, RigidBodyEx]"
Industrial.Fan_Utility_Blades,"[ArkPhysicsProps, Fan_Utility_Blades, Industrial, RigidBodyEx]"
Industrial.GUT_Pipe_Large_Chunk1,"[ArkPhysicsProps, GUT_Pipe_Large_Chunk1, Industrial, RigidBodyEx]"
Industrial.GUT_Pipe_Large_Chunk2,"[ArkPhysicsProps, GUT_Pipe_Large_Chunk2, Industrial, RigidBodyEx]"
Industrial.Girder_Hub_01,"[ArkPhysicsProps, Girder_Hub_01, Industrial, RigidBodyEx]"
Industrial.Laser_Lab_A_Part_3,"[ArkPhysicsProps, Industrial, Laser_Lab_A_Part_3, RigidBodyEx]"
Industrial.Palette_A,"[ArkPhysicsProps, Industrial, Palette_A, RigidBodyEx]"
Industrial.Security_Cage,"[ArkPhysicsProps, Industrial, RigidBodyEx, Security_Cage]"
Industrial.Sign_Radiation_A,"[ArkPhysicsProps, Industrial, RigidBodyEx, Sign_Radiation_A]"
Kitchen.Coffee_Mug_A,"[ArkBreakable, ArkPhysicsProps, Coffee_Mug_A, Kitchen]"
Kitchen.Coffee_Mug_B,"[ArkBreakable, ArkPhysicsProps, Coffee_Mug_B, Kitchen]"
Kitchen.Cup,"[ArkBreakable, ArkPhysicsProps, Cup, Kitchen]"
Kitchen.CuttingBoard_A,"[ArkPhysicsProps, CuttingBoard_A, Kitchen, RigidBodyEx]"
Kitchen.Flatware_Knife_LG,"[ArkPhysicsProps, Flatware_Knife_LG, Kitchen, RigidBodyEx]"
Kitchen.Glass_Bottle,"[ArkBreakable, ArkPhysicsProps, Glass_Bottle, Kitchen]"
Kitchen.Grinder,"[ArkPhysicsProps, Grinder, Kitchen, RigidBodyEx]"
Kitchen.Kitchen_Plate,"[ArkBreakable, ArkPhysicsProps, Kitchen, Kitchen_Plate]"
Kitchen.Ladle,"[ArkPhysicsProps, Kitchen, Ladle, RigidBodyEx]"
Kitchen.Neo_Bottle,"[ArkBreakable, ArkPhysicsProps, Kitchen, Neo_Bottle]"
Kitchen.Orange_Bottle,"[ArkBreakable, ArkPhysicsProps, Kitchen, Orange_Bottle]"
Kitchen.Plate_Stack_A,"[ArkBreakable, ArkPhysicsProps, Kitchen, Plate_Stack_A]"
Kitchen.Skimmer,"[ArkPhysicsProps, Kitchen, RigidBodyEx, Skimmer]"
Kitchen.Teapot_Chinese_A,"[ArkPhysicsProps, Kitchen, RigidBodyEx, Teapot_Chinese_A]"
Light_Fixtures.Light_Flood_B,"[ArkPhysicsProps, Light_Fixtures, Light_Flood_B, RigidBodyEx]"
Light_Fixtures.Light_Worklight_A,"[ArkPhysicsProps, Light_Fixtures, Light_Worklight_A, RigidBodyEx]"
LureGrenadeWeapon,"[ArkSpecialWeapons, ArkWeaponLureGrenade, LureGrenadeWeapon]"
Luxury.Ashtray,"[ArkPhysicsProps, Ashtray, Luxury, RigidBodyEx]"
Luxury.Bass_A_Base,"[ArkPhysicsProps, Bass_A_Base, Luxury, RigidBodyEx]"
Luxury.Chair_Lounge_A,"[ArkPhysicsProps, Chair_Lounge_A, Luxury, RigidBodyEx]"
Luxury.Cigarette_Butts,"[ArkBreakable, ArkPhysicsProps, Cigarette_Butts, Luxury]"
Luxury.Coffee Table A,"[ArkPhysicsProps, Coffee Table A, Luxury, RigidBodyEx]"
Luxury.Coffee Table B,"[ArkPhysicsProps, Coffee Table B, Luxury, RigidBodyEx]"
Luxury.Decanter,"[ArkBreakable, ArkPhysicsProps, Decanter, Luxury]"
Luxury.Gilded Tray,"[ArkPhysicsProps, Gilded Tray, Luxury, RigidBodyEx]"
Luxury.Kettle,"[ArkPhysicsProps, Kettle, Luxury, RigidBodyEx]"
Luxury.Martini Glass,"[ArkBreakable, ArkPhysicsProps, Luxury, Martini Glass]"
Luxury.Martini Shaker,"[ArkPhysicsProps, Luxury, Martini Shaker, RigidBodyEx]"
Luxury.Martini Tumbler,"[ArkBreakable, ArkPhysicsProps, Luxury, Martini Tumbler]"
Luxury.PingPong_Paddle_A,"[ArkPhysicsProps, Luxury, PingPong_Paddle_A, RigidBodyEx]"
Luxury.Serving Cart,"[ArkPhysicsProps, Luxury, RigidBodyEx, Serving Cart]"
Luxury.SideTable_A,"[ArkPhysicsProps, Luxury, RigidBodyEx, SideTable_A]"
Luxury.Sign_Stand_A,"[ArkPhysicsProps, Luxury, RigidBodyEx, Sign_Stand_A]"
Luxury.SmokingSet_A_Ashtray,"[ArkPhysicsProps, Luxury, RigidBodyEx, SmokingSet_A_Ashtray]"
Luxury.SmokingSet_A_Cigarbox,"[ArkPhysicsProps, Luxury, RigidBodyEx, SmokingSet_A_Cigarbox]"
Luxury.Sofa,"[ArkPhysicsProps, Luxury, RigidBodyEx, Sofa]"
Luxury.Sofa Chair,"[ArkPhysicsProps, Luxury, RigidBodyEx, Sofa Chair]"
Luxury.Table Hallway,"[ArkPhysicsProps, Luxury, RigidBodyEx, Table Hallway]"
Luxury.Table Placemat,"[ArkPhysicsProps, Luxury, RigidBodyEx, Table Placemat]"
Luxury.Table Rectangle,"[ArkPhysicsProps, Luxury, RigidBodyEx, Table Rectangle]"
Luxury.Table Round,"[ArkPhysicsProps, Luxury, RigidBodyEx, Table Round]"
Luxury.Table Round B,"[ArkPhysicsProps, Luxury, RigidBodyEx, Table Round B]"
Luxury.Table_Chess_A,"[ArkPhysicsProps, Luxury, RigidBodyEx, Table_Chess_A]"
Luxury.Table_Chess_A_Timer,"[ArkPhysicsProps, Luxury, RigidBodyEx, Table_Chess_A_Timer]"
Luxury.Table_Lounge_A,"[ArkLight, ArkPhysicsProps, Luxury, Table_Lounge_A]"
Luxury.Tea Pot,"[ArkPhysicsProps, Luxury, RigidBodyEx, Tea Pot]"
Main.Alex Karl,"[Alex Karl, ArkHuman, ArkHumans, Main]"
Main.Alex Karl Variant,"[Alex Karl Variant, ArkHuman, ArkHumans, Main]"
Main.Commander Dahl,"[ArkHuman, ArkHumans, Commander Dahl, Main]"
Main.Commander Dahl_Unarmed,"[ArkHuman, ArkHumans, Commander Dahl_Unarmed, Main]"
Medical.MedKit,"[ArkMedKit, ArkPickups, MedKit, Medical]"
Medical.MedKit_Wall_Mounted,"[ArkFruitTree, ArkPickups, MedKit_Wall_Mounted, Medical]"
Medical.PsiHypo,"[ArkConsumable, ArkPickups, Medical, PsiHypo]"
Medical.TraumaPharmas.AntiBleed,"[AntiBleed, ArkCure, ArkPickups, Medical, TraumaPharmas]"
Medical.TraumaPharmas.AntiBleed_2,"[AntiBleed_2, ArkCure, ArkPickups, Medical, TraumaPharmas]"
Medical.TraumaPharmas.AntiBurn,"[AntiBurn, ArkCure, ArkPickups, Medical, TraumaPharmas]"
Medical.TraumaPharmas.AntiBurn_2,"[AntiBurn_2, ArkCure, ArkPickups, Medical, TraumaPharmas]"
Medical.TraumaPharmas.AntiConcussion,"[AntiConcussion, ArkCure, ArkPickups, Medical, TraumaPharmas]"
Medical.TraumaPharmas.AntiConcussion_2,"[AntiConcussion_2, ArkCure, ArkPickups, Medical, TraumaPharmas]"
Medical.TraumaPharmas.AntiCripple,"[AntiCripple, ArkCure, ArkPickups, Medical, TraumaPharmas]"
Medical.TraumaPharmas.AntiCripple_2,"[AntiCripple_2, ArkCure, ArkPickups, Medical, TraumaPharmas]"
Medical.TraumaPharmas.AntiRad,"[AntiRad, ArkCure, ArkPickups, Medical, TraumaPharmas]"
Medical.TraumaPharmas.Random,"[ArkCure, ArkPickups, Medical, Random, TraumaPharmas]"
Mimic_Placeholder.Carry_Placeholder_Xlarge,"[ArkPhysicsProps, Carry_Placeholder_Xlarge, Mimic_Placeholder, RigidBodyEx]"
Mimic_Placeholder.Mimic_Placeholder_Large,"[ArkPhysicsProps, Mimic_Placeholder, Mimic_Placeholder_Large, RigidBodyEx]"
Mimic_Placeholder.Mimic_Placeholder_Medium,"[ArkPhysicsProps, Mimic_Placeholder, Mimic_Placeholder_Medium, RigidBodyEx]"
Mimic_Placeholder.Mimic_Placeholder_Small,"[ArkPhysicsProps, Mimic_Placeholder, Mimic_Placeholder_Small, RigidBodyEx]"
Mimics.EliteMimic,"[ArkMimicElite, ArkNpcs, EliteMimic, Mimics]"
Mimics.Mimic,"[ArkMimic, ArkNpcs, Mimic, Mimics]"
Misc.Amp_Guitar_A,"[Amp_Guitar_A, ArkPhysicsProps, Misc, RigidBodyEx]"
Misc.Baseball_Homeplate,"[ArkPhysicsProps, Baseball_Homeplate, Misc, RigidBodyEx]"
Misc.Baseball_Pitcher,"[ArkPhysicsProps, Baseball_Pitcher, Misc, RigidBodyEx]"
Misc.Brush_Toilet_A,"[ArkPhysicsProps, Brush_Toilet_A, Misc, RigidBodyEx]"
Misc.Cards_Playing_A,"[ArkBreakable, ArkPhysicsProps, Cards_Playing_A, Misc]"
Misc.Cards_Playing_A1,"[ArkBreakable, ArkPhysicsProps, Cards_Playing_A1, Misc]"
Misc.Cards_Playing_A2,"[ArkBreakable, ArkPhysicsProps, Cards_Playing_A2, Misc]"
Misc.Cards_Playing_A3,"[ArkBreakable, ArkPhysicsProps, Cards_Playing_A3, Misc]"
Misc.Cards_Playing_A7,"[ArkBreakable, ArkPhysicsProps, Cards_Playing_A7, Misc]"
Misc.Cards_Playing_A8,"[ArkBreakable, ArkPhysicsProps, Cards_Playing_A8, Misc]"
Misc.Cards_Playing_A9,"[ArkBreakable, ArkPhysicsProps, Cards_Playing_A9, Misc]"
Misc.Cart_Laundry_A,"[ArkPhysicsProps, Cart_Laundry_A, Misc, RigidBodyEx]"
Misc.Case_Display_B_Broken_Small,"[ArkPhysicsProps, Case_Display_B_Broken_Small, Misc, RigidBodyEx]"
Misc.Ceiling Debris A,"[ArkBreakable, ArkPhysicsProps, Ceiling Debris A, Misc]"
Misc.Ceiling Debris A1,"[ArkBreakable, ArkPhysicsProps, Ceiling Debris A1, Misc]"
Misc.Ceiling Debris A2,"[ArkBreakable, ArkPhysicsProps, Ceiling Debris A2, Misc]"
Misc.Ceiling Debris A3,"[ArkBreakable, ArkPhysicsProps, Ceiling Debris A3, Misc]"
Misc.Ceiling Debris A4,"[ArkBreakable, ArkPhysicsProps, Ceiling Debris A4, Misc]"
Misc.Ceiling Debris A5,"[ArkBreakable, ArkPhysicsProps, Ceiling Debris A5, Misc]"
Misc.Ceiling Lobby Panel,"[ArkBreakable, ArkPhysicsProps, Ceiling Lobby Panel, Misc]"
Misc.Ceiling Panel Industrial Lrg,"[ArkBreakable, ArkPhysicsProps, Ceiling Panel Industrial Lrg, Misc]"
Misc.Ceiling Panel Industrial Sml,"[ArkBreakable, ArkPhysicsProps, Ceiling Panel Industrial Sml, Misc]"
Misc.Ceiling Tile Hanging,"[ArkBreakable, ArkPhysicsProps, Ceiling Tile Hanging, Misc]"
Misc.Ceiling Tile Hanging_Unbreakable,"[ArkBreakable, ArkPhysicsProps, Ceiling Tile Hanging_Unbreakable, Misc]"
Misc.Clothes_Bin_A,"[ArkPhysicsProps, Clothes_Bin_A, Misc, RigidBodyEx]"
Misc.Clothes_Bin_A_Loose,"[ArkPhysicsProps, Clothes_Bin_A_Loose, Misc, RigidBodyEx]"
Misc.Clothes_Shoes_A_Female1_L,"[ArkPhysicsProps, Clothes_Shoes_A_Female1_L, Misc, RigidBodyEx]"
Misc.Clothes_Shoes_A_Female1_R,"[ArkPhysicsProps, Clothes_Shoes_A_Female1_R, Misc, RigidBodyEx]"
Misc.Clothes_Shoes_A_Male1_L,"[ArkPhysicsProps, Clothes_Shoes_A_Male1_L, Misc, RigidBodyEx]"
Misc.Clothes_Shoes_A_Male1_R,"[ArkPhysicsProps, Clothes_Shoes_A_Male1_R, Misc, RigidBodyEx]"
Misc.Cosmonaut_GloveL,"[ArkPhysicsProps, Cosmonaut_GloveL, Misc, RigidBodyEx]"
Misc.Cosmonaut_GloveR,"[ArkPhysicsProps, Cosmonaut_GloveR, Misc, RigidBodyEx]"
Misc.Cosmonaut_Helmet,"[ArkPhysicsProps, Cosmonaut_Helmet, Misc, RigidBodyEx]"
Misc.Cot_A,"[ArkPhysicsProps, Cot_A, Misc, RigidBodyEx]"
Misc.Cot_Rollup,"[ArkPhysicsProps, Cot_Rollup, Misc, RigidBodyEx]"
Misc.Eel,"[ArkEel, ArkPhysicsProps, Eel, Misc]"
Misc.Envelope_Chinese_Single,"[ArkBreakable, ArkPhysicsProps, Envelope_Chinese_Single, Misc]"
Misc.Envelope_Chinese_Stack,"[ArkBreakable, ArkPhysicsProps, Envelope_Chinese_Stack, Misc]"
Misc.Gaming_DiceTube_A,"[ArkPhysicsProps, Gaming_DiceTube_A, Misc, RigidBodyEx]"
Misc.Globe_1,"[ArkPhysicsProps, Globe_1, Misc, RigidBodyEx]"
Misc.Globe_2,"[ArkPhysicsProps, Globe_2, Misc, RigidBodyEx]"
Misc.Grate_A_NeoDeco,"[ArkPhysicsProps, Grate_A_NeoDeco, Misc, RigidBodyEx]"
Misc.Guitar_A,"[ArkPhysicsProps, Guitar_A, Misc, RigidBodyEx]"
Misc.Guitar_A_Stand,"[ArkPhysicsProps, Guitar_A_Stand, Misc, RigidBodyEx]"
Misc.Headphones,"[ArkPhysicsProps, Headphones, Misc, RigidBodyEx]"
Misc.Keytar_A,"[ArkPhysicsProps, Keytar_A, Misc, RigidBodyEx]"
Misc.Lobby_Lectern,"[ArkPhysicsProps, Lobby_Lectern, Misc, RigidBodyEx]"
Misc.Luggage_Cart,"[ArkPhysicsProps, Luggage_Cart, Misc, RigidBodyEx]"
Misc.Morgan_MessengerBag_Male,"[ArkPhysicsProps, Misc, Morgan_MessengerBag_Male, RigidBodyEx]"
Misc.Morgan_Purse_Female,"[ArkPhysicsProps, Misc, Morgan_Purse_Female, RigidBodyEx]"
Misc.Oil_Canister ,"[ArkPhysicsProps, Misc, Oil_Canister , RigidBodyEx]"
Misc.Paint_Bottles,"[ArkPhysicsProps, Misc, Paint_Bottles, RigidBodyEx]"
Misc.Papers_A0,"[ArkBreakable, ArkPhysicsProps, Misc, Papers_A0]"
Misc.Papers_A1,"[ArkBreakable, ArkPhysicsProps, Misc, Papers_A1]"
Misc.Papers_A2,"[ArkBreakable, ArkPhysicsProps, Misc, Papers_A2]"
Misc.Papers_A3,"[ArkBreakable, ArkPhysicsProps, Misc, Papers_A3]"
Misc.Papers_A4,"[ArkBreakable, ArkPhysicsProps, Misc, Papers_A4]"
Misc.Papers_B1,"[ArkBreakable, ArkPhysicsProps, Misc, Papers_B1]"
Misc.Papers_B2,"[ArkBreakable, ArkPhysicsProps, Misc, Papers_B2]"
Misc.Papers_B3,"[ArkBreakable, ArkPhysicsProps, Misc, Papers_B3]"
Misc.Papers_B4,"[ArkBreakable, ArkPhysicsProps, Misc, Papers_B4]"
Misc.Papers_B5,"[ArkBreakable, ArkPhysicsProps, Misc, Papers_B5]"
Misc.Pillow_Bed,"[ArkPhysicsProps, Misc, Pillow_Bed, RigidBodyEx]"
Misc.Pillow_Bed2,"[ArkPhysicsProps, Misc, Pillow_Bed2, RigidBodyEx]"
Misc.Pillow_Bed3,"[ArkPhysicsProps, Misc, Pillow_Bed3, RigidBodyEx]"
Misc.Pillow_Throw,"[ArkPhysicsProps, Misc, Pillow_Throw, RigidBodyEx]"
Misc.Pinball_A,"[ArkLight, ArkPhysicsProps, Misc, Pinball_A]"
Misc.Pipe_Chunk_Large_A,"[ArkPhysicsProps, Misc, Pipe_Chunk_Large_A, RigidBodyEx]"
Misc.Pipe_Chunk_Large_A2,"[ArkPhysicsProps, Misc, Pipe_Chunk_Large_A2, RigidBodyEx]"
Misc.Pipe_Chunk_Medium_A,"[ArkPhysicsProps, Misc, Pipe_Chunk_Medium_A, RigidBodyEx]"
Misc.Pipe_Chunk_Medium_A2,"[ArkPhysicsProps, Misc, Pipe_Chunk_Medium_A2, RigidBodyEx]"
Misc.Post_Divider_A,"[ArkPhysicsProps, Misc, Post_Divider_A, RigidBodyEx]"
Misc.Post_Divider_A_RedRope,"[ArkPhysicsProps, Misc, Post_Divider_A_RedRope, RigidBodyEx]"
Misc.Poster_Movie_Stand,"[ArkLight, ArkPhysicsProps, Misc, Poster_Movie_Stand]"
Misc.Poster_Movie_Stand_Blank,"[ArkLight, ArkPhysicsProps, Misc, Poster_Movie_Stand_Blank]"
Misc.Rock_Tile,"[ArkPhysicsProps, Misc, RigidBodyEx, Rock_Tile]"
Misc.Rock_Tile_Large,"[ArkPhysicsProps, Misc, RigidBodyEx, Rock_Tile_Large]"
Misc.SignPole,"[ArkPhysicsProps, Misc, RigidBodyEx, SignPole]"
Misc.Sign_Maintenance_A,"[ArkLight, ArkPhysicsProps, Misc, Sign_Maintenance_A]"
Misc.Sign_NoEntry_Industrial,"[ArkPhysicsProps, Misc, RigidBodyEx, Sign_NoEntry_Industrial]"
Misc.Sign_WetFloor,"[ArkPhysicsProps, Misc, RigidBodyEx, Sign_WetFloor]"
Misc.SpareParts,"[ArkItem, ArkPickups, Misc, SpareParts]"
Misc.Statue_Mineral_A,"[ArkBreakable, ArkPhysicsProps, Misc, Statue_Mineral_A]"
Misc.Statue_Mineral_B,"[ArkBreakable, ArkPhysicsProps, Misc, Statue_Mineral_B]"
Misc.Statue_Mineral_C,"[ArkBreakable, ArkPhysicsProps, Misc, Statue_Mineral_C]"
Misc.Statue_Moon_Marble_A,"[ArkPhysicsProps, Misc, RigidBodyEx, Statue_Moon_Marble_A]"
Misc.Tank_Eel_A,"[ArkPhysicsProps, Misc, RigidBodyEx, Tank_Eel_A]"
Misc.Tank_Eel_A_Open,"[ArkPhysicsProps, Misc, RigidBodyEx, Tank_Eel_A_Open]"
Misc.Tank_Eel_Lid_A,"[ArkPhysicsProps, Misc, RigidBodyEx, Tank_Eel_Lid_A]"
Misc.Tarp_Fabric_A_Folded,"[ArkPhysicsProps, Misc, RigidBodyEx, Tarp_Fabric_A_Folded]"
Misc.Tissuebox_A,"[ArkPhysicsProps, Misc, RigidBodyEx, Tissuebox_A]"
Misc.Tissuebox_A_Open,"[ArkPhysicsProps, Misc, RigidBodyEx, Tissuebox_A_Open]"
Misc.Transtar_Logo,"[ArkPhysicsProps, Misc, RigidBodyEx, Transtar_Logo]"
Misc.Tray_Metal_A,"[ArkPhysicsProps, Misc, RigidBodyEx, Tray_Metal_A]"
Misc.TurretPickup,"[ArkPickups, ArkTurretPickup, Misc, TurretPickup]"
Misc.Vase_A,"[ArkBreakable, ArkPhysicsProps, Misc, Vase_A]"
Misc.Vase_B,"[ArkBreakable, ArkPhysicsProps, Misc, Vase_B]"
Misc.Vase_C,"[ArkBreakable, ArkPhysicsProps, Misc, Vase_C]"
Misc.Wood_Panel,"[ArkPhysicsProps, Misc, RigidBodyEx, Wood_Panel]"
MissionItems.AM_LeitnerConnectome,"[AM_LeitnerConnectome, ArkItem, ArkPickups, MissionItems]"
MissionItems.AirCirculatorComponent,"[AirCirculatorComponent, ArkItem, ArkPickups, MissionItems]"
MissionItems.BigNullwaveTransmitter,"[ArkItem, ArkPickups, BigNullwaveTransmitter, MissionItems]"
MissionItems.BigNullwave_Alex_Cinematic,"[ArkPickups, BasicEntity, BigNullwave_Alex_Cinematic, MissionItems]"
MissionItems.CherishedFamilyPhoto,"[ArkItem, ArkPickups, CherishedFamilyPhoto, MissionItems]"
MissionItems.CherishedFamilyPhoto_NoteVersion,"[ArkPages, ArkPickups, CherishedFamilyPhoto_NoteVersion, MissionItems]"
MissionItems.CookingAward,"[ArkItem, ArkPickups, CookingAward, MissionItems]"
MissionItems.JC_CalvinoThermos,"[ArkItem, ArkPickups, JC_CalvinoThermos, MissionItems]"
MissionItems.JC_CommunicationDevice,"[ArkItem, ArkPickups, JC_CommunicationDevice, MissionItems]"
MissionItems.MM_GrowthFormula,"[ArkItem, ArkPickups, MM_GrowthFormula, MissionItems]"
MissionItems.MM_Superfruit,"[ArkPickups, ArkSuperFood, MM_Superfruit, MissionItems]"
MissionItems.MikhailaFathersRing,"[ArkItem, ArkPickups, MikhailaFathersRing, MissionItems]"
MissionItems.MikhailasThumbDrive,"[ArkItem, ArkPickups, MikhailasThumbDrive, MissionItems]"
MissionItems.NB_OxygenFuse,"[ArkItem, ArkPickups, MissionItems, NB_OxygenFuse]"
MissionItems.NB_QuantumTransmogrifier,"[ArkItem, ArkPickups, MissionItems, NB_QuantumTransmogrifier]"
MissionItems.SE_MikhailasMedicine,"[ArkItem, ArkPickups, MissionItems, SE_MikhailasMedicine]"
MissionItems.SelfDestructKey_Alex,"[ArkItem, ArkPickups, MissionItems, SelfDestructKey_Alex]"
MissionItems.SelfDestructKey_Morgan,"[ArkItem, ArkPickups, MissionItems, SelfDestructKey_Morgan]"
MissionItems.SelfDestructKey_Morgan_Cinematic,"[ArkPickups, BasicEntity, MissionItems, SelfDestructKey_Morgan_Cinematic]"
MissionItems.WaterPressureRegulator,"[ArkItem, ArkPickups, MissionItems, WaterPressureRegulator]"
MissionItems.WeddingRing,"[ArkItem, ArkPickups, MissionItems, WeddingRing]"
Mods.Psychoscope.AbsorbCoral,"[AbsorbCoral, ArkPickups, ArkPsychoscopeMod, Mods, Psychoscope]"
Mods.Psychoscope.BuffControlPowers,"[ArkPickups, ArkPsychoscopeMod, BuffControlPowers, Mods, Psychoscope]"
Mods.Psychoscope.BuffDamagePowers,"[ArkPickups, ArkPsychoscopeMod, BuffDamagePowers, Mods, Psychoscope]"
Mods.Psychoscope.CanScanCoral,"[ArkPickups, ArkPsychoscopeMod, CanScanCoral, Mods, Psychoscope]"
Mods.Psychoscope.CritChancePlus10_Pistol,"[ArkPickups, ArkPsychoscopeMod, CritChancePlus10_Pistol, Mods, Psychoscope]"
Mods.Psychoscope.CritChancePlus10_Shotgun,"[ArkPickups, ArkPsychoscopeMod, CritChancePlus10_Shotgun, Mods, Psychoscope]"
Mods.Psychoscope.CritChancePlus10_Wrench,"[ArkPickups, ArkPsychoscopeMod, CritChancePlus10_Wrench, Mods, Psychoscope]"
Mods.Psychoscope.DecreaseScanningTime,"[ArkPickups, ArkPsychoscopeMod, DecreaseScanningTime, Mods, Psychoscope]"
Mods.Psychoscope.DetectEliteMimicAndPoltergeist,"[ArkPickups, ArkPsychoscopeMod, DetectEliteMimicAndPoltergeist, Mods, Psychoscope]"
Mods.Psychoscope.DetectMimics,"[ArkPickups, ArkPsychoscopeMod, DetectMimics, Mods, Psychoscope]"
Mods.Psychoscope.ElectrostaticBuff,"[ArkPickups, ArkPsychoscopeMod, ElectrostaticBuff, Mods, Psychoscope]"
Mods.Psychoscope.EnhancedPSI,"[ArkPickups, ArkPsychoscopeMod, EnhancedPSI, Mods, Psychoscope]"
Mods.Psychoscope.FasterPowersCooldown,"[ArkPickups, ArkPsychoscopeMod, FasterPowersCooldown, Mods, Psychoscope]"
Mods.Psychoscope.FearBomb,"[ArkPickups, ArkPsychoscopeMod, FearBomb, Mods, Psychoscope]"
Mods.Psychoscope.FearResistance,"[ArkPickups, ArkPsychoscopeMod, FearResistance, Mods, Psychoscope]"
Mods.Psychoscope.FreePsiCast,"[ArkPickups, ArkPsychoscopeMod, FreePsiCast, Mods, Psychoscope]"
Mods.Psychoscope.IncreaseScanningRange,"[ArkPickups, ArkPsychoscopeMod, IncreaseScanningRange, Mods, Psychoscope]"
Mods.Psychoscope.KineticBlastBuff,"[ArkPickups, ArkPsychoscopeMod, KineticBlastBuff, Mods, Psychoscope]"
Mods.Psychoscope.MarkedEnemiesDamage,"[ArkPickups, ArkPsychoscopeMod, MarkedEnemiesDamage, Mods, Psychoscope]"
Mods.Psychoscope.MechTechs,"[ArkPickups, ArkPsychoscopeMod, MechTechs, Mods, Psychoscope]"
Mods.Psychoscope.NullwaveShield,"[ArkPickups, ArkPsychoscopeMod, Mods, NullwaveShield, Psychoscope]"
Mods.Psychoscope.PSIRegen,"[ArkPickups, ArkPsychoscopeMod, Mods, PSIRegen, Psychoscope]"
Mods.Psychoscope.PsychoshockBuff,"[ArkPickups, ArkPsychoscopeMod, Mods, Psychoscope, PsychoshockBuff]"
Mods.Psychoscope.PsychoshockResist,"[ArkPickups, ArkPsychoscopeMod, Mods, Psychoscope, PsychoshockResist]"
Mods.Psychoscope.Random,"[ArkPickups, ArkPsychoscopeMod, Mods, Psychoscope, Random]"
Mods.Psychoscope.ReducePsiCostEnergy,"[ArkPickups, ArkPsychoscopeMod, Mods, Psychoscope, ReducePsiCostEnergy]"
Mods.Psychoscope.ReducePsiCostMorph,"[ArkPickups, ArkPsychoscopeMod, Mods, Psychoscope, ReducePsiCostMorph]"
Mods.Psychoscope.ReducePsiCostTelepathic,"[ArkPickups, ArkPsychoscopeMod, Mods, Psychoscope, ReducePsiCostTelepathic]"
Mods.Psychoscope.SneakAttackRestoresPSI,"[ArkPickups, ArkPsychoscopeMod, Mods, Psychoscope, SneakAttackRestoresPSI]"
Mods.Psychoscope.SpendHealthAsPSI,"[ArkPickups, ArkPsychoscopeMod, Mods, Psychoscope, SpendHealthAsPSI]"
Mods.Psychoscope.ThermalBlastBuff,"[ArkPickups, ArkPsychoscopeMod, Mods, Psychoscope, ThermalBlastBuff]"
Mods.Suit.BacklashBuff,"[ArkEquipmentMod, ArkPickups, BacklashBuff, Mods, Suit]"
Mods.Suit.DecreaseTraumaChance,"[ArkPickups, ArkPsychoscopeMod, DecreaseTraumaChance, Mods, Suit]"
Mods.Suit.EMP_Shielding,"[ArkEquipmentMod, ArkPickups, EMP_Shielding, Mods, Suit]"
Mods.Suit.FallDamagesNPCs,"[ArkEquipmentMod, ArkPickups, FallDamagesNPCs, Mods, Suit]"
Mods.Suit.FlashlightDuration,"[ArkEquipmentMod, ArkPickups, FlashlightDuration, Mods, Suit]"
Mods.Suit.HeavyMachineryAssist,"[ArkEquipmentMod, ArkPickups, HeavyMachineryAssist, Mods, Suit]"
Mods.Suit.ImprovedStamina,"[ArkEquipmentMod, ArkPickups, ImprovedStamina, Mods, Suit]"
Mods.Suit.LaserShield,"[ArkEquipmentMod, ArkPickups, LaserShield, Mods, Suit]"
Mods.Suit.LastChance,"[ArkEquipmentMod, ArkPickups, LastChance, Mods, Suit]"
Mods.Suit.LeverageAssist,"[ArkEquipmentMod, ArkPickups, LeverageAssist, Mods, Suit]"
Mods.Suit.NeverDrunk,"[ArkEquipmentMod, ArkPickups, Mods, NeverDrunk, Suit]"
Mods.Suit.OnRobotDeath,"[ArkEquipmentMod, ArkPickups, Mods, OnRobotDeath, Suit]"
Mods.Suit.PhysicalDamageShield,"[ArkPickups, ArkPsychoscopeMod, Mods, PhysicalDamageShield, Suit]"
Mods.Suit.PlayerNotRecyclable,"[ArkEquipmentMod, ArkPickups, Mods, PlayerNotRecyclable, Suit]"
Mods.Suit.PropulsionUpgrade_I,"[ArkEquipmentMod, ArkPickups, Mods, PropulsionUpgrade_I, Suit]"
Mods.Suit.PropulsionUpgrade_II,"[ArkEquipmentMod, ArkPickups, Mods, PropulsionUpgrade_II, Suit]"
Mods.Suit.Random,"[ArkEquipmentMod, ArkPickups, Mods, Random, Suit]"
Mods.Suit.RecyclerLootBonus,"[ArkEquipmentMod, ArkPickups, Mods, RecyclerLootBonus, Suit]"
Mods.Suit.RecyclerLootLimiter,"[ArkEquipmentMod, ArkPickups, Mods, RecyclerLootLimiter, Suit]"
Mods.Suit.ReduceSpaceCrashDamage,"[ArkEquipmentMod, ArkPickups, Mods, ReduceSpaceCrashDamage, Suit]"
Mods.Suit.ResistElectric,"[ArkEquipmentMod, ArkPickups, Mods, ResistElectric, Suit]"
Mods.Suit.ResistEther,"[ArkEquipmentMod, ArkPickups, Mods, ResistEther, Suit]"
Mods.Suit.ResistFire,"[ArkEquipmentMod, ArkPickups, Mods, ResistFire, Suit]"
Mods.Suit.ResistRad,"[ArkEquipmentMod, ArkPickups, Mods, ResistRad, Suit]"
Mods.Suit.SlidingReduceDamage,"[ArkEquipmentMod, ArkPickups, Mods, SlidingReduceDamage, Suit]"
Mods.Suit.SneakAttackRestoreHealth,"[ArkEquipmentMod, ArkPickups, Mods, SneakAttackRestoreHealth, Suit]"
Mods.Suit.SpringStep,"[ArkEquipmentMod, ArkPickups, Mods, SpringStep, Suit]"
Mods.Suit.SuitIntegrityBuff,"[ArkPickups, ArkPsychoscopeMod, Mods, Suit, SuitIntegrityBuff]"
Mods.Suit.WrenchKnockback,"[ArkEquipmentMod, ArkPickups, Mods, Suit, WrenchKnockback]"
Mods.Weapon.WeaponUpgradeKit,"[ArkPickups, ArkWeaponMod, Mods, Weapon, WeaponUpgradeKit]"
Named Phantoms.ArkBeta_ArgentenoPero,"[ArkBeta, ArkBeta_ArgentenoPero, ArkNpcs, Named Phantoms]"
Named Phantoms.ArkBeta_CliveLawrence,"[ArkBeta, ArkBeta_CliveLawrence, ArkNpcs, Named Phantoms]"
Named Phantoms.ArkBeta_CrispinBoyer,"[ArkBeta, ArkBeta_CrispinBoyer, ArkNpcs, Named Phantoms]"
Named Phantoms.ArkBeta_EnochKouneva,"[ArkBeta, ArkBeta_EnochKouneva, ArkNpcs, Named Phantoms]"
Named Phantoms.ArkBeta_GarfieldLangley,"[ArkBeta, ArkBeta_GarfieldLangley, ArkNpcs, Named Phantoms]"
Named Phantoms.ArkBeta_HelenCombs,"[ArkBeta, ArkBeta_HelenCombs, ArkNpcs, Named Phantoms]"
Named Phantoms.ArkBeta_IvyPark,"[ArkBeta, ArkBeta_IvyPark, ArkNpcs, Named Phantoms]"
Named Phantoms.ArkBeta_JeanFaure,"[ArkBeta, ArkBeta_JeanFaure, ArkNpcs, Named Phantoms]"
Named Phantoms.ArkBeta_JorgenThorstein,"[ArkBeta, ArkBeta_JorgenThorstein, ArkNpcs, Named Phantoms]"
Named Phantoms.ArkBeta_KirkRemmer,"[ArkBeta, ArkBeta_KirkRemmer, ArkNpcs, Named Phantoms]"
Named Phantoms.ArkBeta_LaneCarpenter,"[ArkBeta, ArkBeta_LaneCarpenter, ArkNpcs, Named Phantoms]"
Named Phantoms.ArkBeta_LawrenceBaxter,"[ArkBeta, ArkBeta_LawrenceBaxter, ArkNpcs, Named Phantoms]"
Named Phantoms.ArkBeta_MaliahFowles,"[ArkBeta, ArkBeta_MaliahFowles, ArkNpcs, Named Phantoms]"
Named Phantoms.ArkBeta_NicoleHague,"[ArkBeta, ArkBeta_NicoleHague, ArkNpcs, Named Phantoms]"
Named Phantoms.ArkBeta_ReginaSellers,"[ArkBeta, ArkBeta_ReginaSellers, ArkNpcs, Named Phantoms]"
Named Phantoms.ArkBeta_YuriKimura,"[ArkBeta, ArkBeta_YuriKimura, ArkNpcs, Named Phantoms]"
Named Phantoms.Etheric_RandolfHutchinson,"[ArkBeta, ArkNpcs, Etheric_RandolfHutchinson, Named Phantoms]"
NullwaveTransmitterWeapon,"[ArkSpecialWeapons, ArkWeaponNullwaveTransmitter, NullwaveTransmitterWeapon]"
Office.Binder_A,"[ArkPhysicsProps, Binder_A, Office, RigidBodyEx]"
Office.Binder_A2,"[ArkPhysicsProps, Binder_A2, Office, RigidBodyEx]"
Office.Binder_A3,"[ArkPhysicsProps, Binder_A3, Office, RigidBodyEx]"
Office.Binder_A4,"[ArkPhysicsProps, Binder_A4, Office, RigidBodyEx]"
Office.Calendar,"[ArkPhysicsProps, Calendar, Office, RigidBodyEx]"
Office.Clock_Desk,"[ArkPhysicsProps, Clock_Desk, Office, RigidBodyEx]"
Office.Desk_Box,"[ArkPhysicsProps, Desk_Box, Office, RigidBodyEx]"
Office.Desk_Fan,"[ArkPhysicsProps, Desk_Fan, Office, RigidBodyEx]"
Office.Desk_Plant,"[ArkPhysicsProps, Desk_Plant, Office, RigidBodyEx]"
Office.Divider,"[ArkPhysicsProps, Divider, Office, RigidBodyEx]"
Office.Filecase,"[ArkPhysicsProps, Filecase, Office, RigidBodyEx]"
Office.Folders_Tied_A,"[ArkPhysicsProps, Folders_Tied_A, Office, RigidBodyEx]"
Office.Folders_Tied_A2,"[ArkPhysicsProps, Folders_Tied_A2, Office, RigidBodyEx]"
Office.Monitor_A,"[ArkPhysicsProps, Monitor_A, Office, RigidBodyEx]"
Office.PaperTray,"[ArkPhysicsProps, Office, PaperTray, RigidBodyEx]"
Office.Pencil_Case_A,"[ArkPhysicsProps, Office, Pencil_Case_A, RigidBodyEx]"
Office.Phone_Desk,"[ArkPhysicsProps, Office, Phone_Desk, RigidBodyEx]"
Office.Plant_Potted_E,"[ArkPhysicsProps, Office, Plant_Potted_E, RigidBodyEx]"
Office.Statue_Desk,"[ArkPhysicsProps, Office, RigidBodyEx, Statue_Desk]"
Office.Statue_Desk_B,"[ArkPhysicsProps, Office, RigidBodyEx, Statue_Desk_B]"
Office.Tape_Dispenser,"[ArkPhysicsProps, Office, RigidBodyEx, Tape_Dispenser]"
Office.Whiteboard,"[ArkPhysicsProps, Office, RigidBodyEx, Whiteboard]"
Office.Whiteboard_Eraser,"[ArkPhysicsProps, Office, RigidBodyEx, Whiteboard_Eraser]"
Office.Whiteboard_Markers,"[ArkPhysicsProps, Office, RigidBodyEx, Whiteboard_Markers]"
Operators\Generic.EngineeringOperator,"[ArkOperatorEngineer, ArkRobots, EngineeringOperator, Operators\Generic]"
Operators\Generic.MedicalOperator,"[ArkOperatorMedic, ArkRobots, MedicalOperator, Operators\Generic]"
Operators\Generic.MilitaryOperator,"[ArkOperatorMilitary, ArkRobots, MilitaryOperator, Operators\Generic]"
Operators\Generic.ScienceOperator,"[ArkOperatorScience, ArkRobots, Operators\Generic, ScienceOperator]"
Operators\Generic\Corrupted.EngineeringOperatorCorrupted,"[ArkOperatorEngineer, ArkRobots, EngineeringOperatorCorrupted, Operators\Generic\Corrupted]"
Operators\Generic\Corrupted.MedicalOperatorCorrupted,"[ArkOperatorMedic, ArkRobots, MedicalOperatorCorrupted, Operators\Generic\Corrupted]"
Operators\Generic\Corrupted.MilitaryOperatorCorrupted,"[ArkOperatorMilitary, ArkRobots, MilitaryOperatorCorrupted, Operators\Generic\Corrupted]"
Operators\Generic\Corrupted.ScienceOperatorCorrupted,"[ArkOperatorScience, ArkRobots, Operators\Generic\Corrupted, ScienceOperatorCorrupted]"
Operators\Named.Cazavor,"[ArkOperatorScience, ArkRobots, Cazavor, Operators\Named]"
Operators\Named.DanielleBot,"[ArkOperatorScience, ArkRobots, DanielleBot, Operators\Named]"
Operators\Named.December,"[ArkOperatorScience, ArkRobots, December, Operators\Named]"
Operators\Named.IgweBot,"[ArkOperatorScience, ArkRobots, IgweBot, Operators\Named]"
Operators\Named.January,"[ArkOperatorScience, ArkRobots, January, Operators\Named]"
Operators\Named.January_Bridge,"[ArkOperatorScience, ArkRobots, January_Bridge, Operators\Named]"
Operators\Named.Kaspar,"[ArkOperatorMilitary, ArkRobots, Kaspar, Operators\Named]"
Operators\Named.MikhailaBot,"[ArkOperatorScience, ArkRobots, MikhailaBot, Operators\Named]"
Operators\Named.MilitaryOperatorCopycat,"[ArkOperatorMilitary, ArkRobots, MilitaryOperatorCopycat, Operators\Named]"
Operators\Named.SarahBot,"[ArkOperatorMilitary, ArkRobots, Operators\Named, SarahBot]"
Operators\Named.Skillet,"[ArkOperatorEngineer, ArkRobots, Operators\Named, Skillet]"
Operators\Named.Softshell,"[ArkOperatorEngineer, ArkRobots, Operators\Named, Softshell]"
Operators\Named.Tizzy,"[ArkOperatorScience, ArkRobots, Operators\Named, Tizzy]"
Overseers.Technopath,"[ArkNpcs, ArkTechnopath, Overseers, Technopath]"
Overseers.Telepath,"[ArkNpcs, ArkTelepath, Overseers, Telepath]"
Overseers.Weaver,"[ArkNpcs, ArkWeaver, Overseers, Weaver]"
Phantoms.BasePhantom,"[ArkBeta, ArkNpcs, BasePhantom, Phantoms]"
Phantoms.EthericDoppelganger,"[ArkBeta, ArkNpcs, EthericDoppelganger, Phantoms]"
Phantoms.EthericPhantom,"[ArkBeta, ArkNpcs, EthericPhantom, Phantoms]"
Phantoms.ThermalPhantom,"[ArkBeta, ArkNpcs, Phantoms, ThermalPhantom]"
Phantoms.VoltaicPhantom,"[ArkNpcs, ArkPhantomVoltaic, Phantoms, VoltaicPhantom]"
Player.Morgan Karl Female,"[ArkHuman, ArkHumans, Morgan Karl Female, Player]"
Player.Morgan Karl Female_RedEye,"[ArkHuman, ArkHumans, Morgan Karl Female_RedEye, Player]"
Player.Morgan Karl Male,"[ArkHuman, ArkHumans, Morgan Karl Male, Player]"
Player.Morgan Karl Male_RedEye,"[ArkHuman, ArkHumans, Morgan Karl Male_RedEye, Player]"
Player.Neuromod,"[ArkNeuroMod, ArkPickups, Neuromod, Player]"
Player.Neuromod_Calibration,"[ArkFruitTree, ArkPickups, Neuromod_Calibration, Player]"
Player.Neuromod_Case,"[ArkFruitTree, ArkPickups, Neuromod_Case, Player]"
Player.Neuromod_Cinematic,"[AnimObject, ArkPickups, Neuromod_Cinematic, Player]"
Player.O2Bottle,"[ArkOxygenBottle, ArkPickups, O2Bottle, Player]"
Player.O2Bottle_Wall_Mounted,"[ArkFruitTree, ArkPickups, O2Bottle_Wall_Mounted, Player]"
Player.PhantomFemale,"[ArkEtherDuplicate, ArkHumans, PhantomFemale, Player]"
Player.PhantomMale,"[ArkEtherDuplicate, ArkHumans, PhantomMale, Player]"
Player.Psychoscope,"[ArkPickups, ArkPsychoscope, Player, Psychoscope]"
Player.Psychoscope_Cinematic,"[AnimObject, ArkPickups, Player, Psychoscope_Cinematic]"
Player.SuitPatchKit,"[ArkPickups, ArkSuitPatch, Player, SuitPatchKit]"
Player.ZeroGSuit,"[ArkPickups, ArkZeroGSuit, Player, ZeroGSuit]"
Player.ZeroGSuit_Cinematic,"[AnimObject, ArkPickups, Player, ZeroGSuit_Cinematic]"
RecyclerGrenadeWeapon,"[ArkSpecialWeapons, ArkWeaponRecyclerGrenade, RecyclerGrenadeWeapon]"
Science.Alembic_A_1,"[Alembic_A_1, ArkPhysicsProps, RigidBodyEx, Science]"
Science.Alembic_A_2,"[Alembic_A_2, ArkPhysicsProps, RigidBodyEx, Science]"
Science.Alembic_A_3,"[Alembic_A_3, ArkBreakable, ArkPhysicsProps, Science]"
Science.Compression_Wrap,"[ArkPhysicsProps, Compression_Wrap, RigidBodyEx, Science]"
Science.Culture_Counter,"[ArkLight, ArkPhysicsProps, Culture_Counter, Science]"
Science.Flask_A,"[ArkPhysicsProps, Flask_A, RigidBodyEx, Science]"
Science.Flask_B,"[ArkBreakable, ArkPhysicsProps, Flask_B, Science]"
Science.Flask_Base,"[ArkPhysicsProps, Flask_Base, RigidBodyEx, Science]"
Science.Flask_C,"[ArkPhysicsProps, Flask_C, RigidBodyEx, Science]"
Science.Gauzebox_A,"[ArkPhysicsProps, Gauzebox_A, RigidBodyEx, Science]"
Science.Glovebox_A,"[ArkPhysicsProps, Glovebox_A, RigidBodyEx, Science]"
Science.Gurney,"[ArkPhysicsProps, Gurney, RigidBodyEx, Science]"
Science.Hotplate,"[ArkPhysicsProps, Hotplate, RigidBodyEx, Science]"
Science.IVStand,"[ArkPhysicsProps, IVStand, RigidBodyEx, Science]"
Science.Lab_Magnifier,"[ArkPhysicsProps, Lab_Magnifier, RigidBodyEx, Science]"
Science.Lightbox_Lab_A,"[ArkLight, ArkPhysicsProps, Lightbox_Lab_A, Science]"
Science.Microscope,"[ArkPhysicsProps, Microscope, RigidBodyEx, Science]"
Science.Prototype_Neuromod_A,"[ArkBreakable, ArkPhysicsProps, Prototype_Neuromod_A, Science]"
Science.ScrewBin,"[ArkPhysicsProps, RigidBodyEx, Science, ScrewBin]"
Science.ScrewBin2,"[ArkPhysicsProps, RigidBodyEx, Science, ScrewBin2]"
Science.ScrewBin3,"[ArkPhysicsProps, RigidBodyEx, Science, ScrewBin3]"
Science.Soldering_Iron,"[ArkPhysicsProps, RigidBodyEx, Science, Soldering_Iron]"
Science.Specimen_A,"[ArkBreakable, ArkPhysicsProps, Science, Specimen_A]"
Science.Specimen_B,"[ArkBreakable, ArkPhysicsProps, Science, Specimen_B]"
Science.Table_Lab_A,"[ArkLight, ArkPhysicsProps, Science, Table_Lab_A]"
Science.Tool_Measuring_A,"[ArkPhysicsProps, RigidBodyEx, Science, Tool_Measuring_A]"
Science.Tool_Measuring_B,"[ArkPhysicsProps, RigidBodyEx, Science, Tool_Measuring_B]"
Science.Tool_Measuring_C,"[ArkPhysicsProps, RigidBodyEx, Science, Tool_Measuring_C]"
Science.Tool_Medical_A,"[ArkPhysicsProps, RigidBodyEx, Science, Tool_Medical_A]"
Science.Tool_Medical_B,"[ArkPhysicsProps, RigidBodyEx, Science, Tool_Medical_B]"
Science.Tool_Medical_C,"[ArkPhysicsProps, RigidBodyEx, Science, Tool_Medical_C]"
Science.Tool_Medical_D,"[ArkPhysicsProps, RigidBodyEx, Science, Tool_Medical_D]"
Science.Trauma_Cart,"[ArkPhysicsProps, RigidBodyEx, Science, Trauma_Cart]"
Science.Voltmeter,"[ArkLight, ArkPhysicsProps, Science, Voltmeter]"
Science.Xray_Head_Double_A,"[ArkLight, ArkPhysicsProps, Science, Xray_Head_Double_A]"
Scientists.Alejandro Mata,"[Alejandro Mata, ArkHuman, ArkHumans, Scientists]"
Scientists.Alice Aiken,"[Alice Aiken, ArkHuman, ArkHumans, Scientists]"
Scientists.Allison Brady,"[Allison Brady, ArkHuman, ArkHumans, Scientists]"
Scientists.Andrea Hudson,"[Andrea Hudson, ArkHuman, ArkHumans, Scientists]"
Scientists.Angela Diaz,"[Angela Diaz, ArkHuman, ArkHumans, Scientists]"
Scientists.Anna Goldcrest,"[Anna Goldcrest, ArkHuman, ArkHumans, Scientists]"
Scientists.Annalise Gallegos,"[Annalise Gallegos, ArkHuman, ArkHumans, Scientists]"
Scientists.April McGuire,"[April McGuire, ArkHuman, ArkHumans, Scientists]"
Scientists.Brett Seydel,"[ArkHuman, ArkHumans, Brett Seydel, Scientists]"
Scientists.Caleb Hawethorne,"[ArkHuman, ArkHumans, Caleb Hawethorne, Scientists]"
Scientists.Chris Wade,"[ArkHuman, ArkHumans, Chris Wade, Scientists]"
Scientists.Conrad Birchman,"[ArkHuman, ArkHumans, Conrad Birchman, Scientists]"
Scientists.Crispin Boyer,"[ArkHuman, ArkHumans, Crispin Boyer, Scientists]"
Scientists.Daniel Landon,"[ArkHuman, ArkHumans, Daniel Landon, Scientists]"
Scientists.Dayo Igwe,"[ArkHuman, ArkHumans, Dayo Igwe, Scientists]"
Scientists.Demian Linn,"[ArkHuman, ArkHumans, Demian Linn, Scientists]"
Scientists.Elizabeth Bay,"[ArkHuman, ArkHumans, Elizabeth Bay, Scientists]"
Scientists.Emmanuella DeSilva,"[ArkHuman, ArkHumans, Emmanuella DeSilva, Scientists]"
Scientists.Eric Berger,"[ArkHuman, ArkHumans, Eric Berger, Scientists]"
Scientists.EveCoolidge,"[ArkHuman, ArkHumans, EveCoolidge, Scientists]"
Scientists.Evelyn McCarthy,"[ArkHuman, ArkHumans, Evelyn McCarthy, Scientists]"
Scientists.Franklin Goode,"[ArkHuman, ArkHumans, Franklin Goode, Scientists]"
Scientists.Gennady Mironov,"[ArkHuman, ArkHumans, Gennady Mironov, Scientists]"
Scientists.Gregory Kepner,"[ArkHuman, ArkHumans, Gregory Kepner, Scientists]"
Scientists.Hadley Dalton,"[ArkHuman, ArkHumans, Hadley Dalton, Scientists]"
Scientists.Hans Kelstrup,"[ArkHuman, ArkHumans, Hans Kelstrup, Scientists]"
Scientists.Helen Croft,"[ArkHuman, ArkHumans, Helen Croft, Scientists]"
Scientists.Hendrik DeVries,"[ArkHuman, ArkHumans, Hendrik DeVries, Scientists]"
Scientists.Hope Ellis,"[ArkHuman, ArkHumans, Hope Ellis, Scientists]"
Scientists.Janos Jozsef,"[ArkHuman, ArkHumans, Janos Jozsef, Scientists]"
Scientists.Jennifer Lee,"[ArkHuman, ArkHumans, Jennifer Lee, Scientists]"
Scientists.JennyKing,"[ArkHuman, ArkHumans, JennyKing, Scientists]"
Scientists.Jerome Elliot,"[ArkHuman, ArkHumans, Jerome Elliot, Scientists]"
Scientists.Jiao-Long Heng,"[ArkHuman, ArkHumans, Jiao-Long Heng, Scientists]"
Scientists.Joel Weeks,"[ArkHuman, ArkHumans, Joel Weeks, Scientists]"
Scientists.Johnny Brungen,"[ArkHuman, ArkHumans, Johnny Brungen, Scientists]"
Scientists.Jorgen Thorstien,"[ArkHuman, ArkHumans, Jorgen Thorstien, Scientists]"
Scientists.Josh Dalton,"[ArkHuman, ArkHumans, Josh Dalton, Scientists]"
Scientists.Joshua Vanstry,"[ArkHuman, ArkHumans, Joshua Vanstry, Scientists]"
Scientists.JovanGavrilovic,"[ArkHuman, ArkHumans, JovanGavrilovic, Scientists]"
Scientists.Karisma Chouhan,"[ArkHuman, ArkHumans, Karisma Chouhan, Scientists]"
Scientists.Karisma Chouhan_NoTracking,"[ArkHuman, ArkHumans, Karisma Chouhan_NoTracking, Scientists]"
Scientists.Kimberly Bomo,"[ArkHuman, ArkHumans, Kimberly Bomo, Scientists]"
Scientists.Kristine Lloyd,"[ArkHuman, ArkHumans, Kristine Lloyd, Scientists]"
Scientists.Lane Carpenter,"[ArkHuman, ArkHumans, Lane Carpenter, Scientists]"
Scientists.Laura McAvoy,"[ArkHuman, ArkHumans, Laura McAvoy, Scientists]"
Scientists.Lisa Larson,"[ArkHuman, ArkHumans, Lisa Larson, Scientists]"
Scientists.Lorenzo Calvino,"[ArkHuman, ArkHumans, Lorenzo Calvino, Scientists]"
Scientists.Lucia Jimenez,"[ArkHuman, ArkHumans, Lucia Jimenez, Scientists]"
Scientists.Lucia Jimenez Corpse,"[ArkHuman, ArkHumans, Lucia Jimenez Corpse, Scientists]"
Scientists.Lyn Cloyer,"[ArkHuman, ArkHumans, Lyn Cloyer, Scientists]"
Scientists.Marc Sellers,"[ArkHuman, ArkHumans, Marc Sellers, Scientists]"
Scientists.MarcoSimmons,"[ArkHuman, ArkHumans, MarcoSimmons, Scientists]"
Scientists.Mitsuo Tokaji,"[ArkHuman, ArkHumans, Mitsuo Tokaji, Scientists]"
Scientists.Miyu Sato,"[ArkHuman, ArkHumans, Miyu Sato, Scientists]"
Scientists.Natasha Nikova,"[ArkHuman, ArkHumans, Natasha Nikova, Scientists]"
Scientists.NeilWarnes,"[ArkHuman, ArkHumans, NeilWarnes, Scientists]"
Scientists.Otto Lauda,"[ArkHuman, ArkHumans, Otto Lauda, Scientists]"
Scientists.Pablo Meyers,"[ArkHuman, ArkHumans, Pablo Meyers, Scientists]"
Scientists.Penny Tennyson,"[ArkHuman, ArkHumans, Penny Tennyson, Scientists]"
Scientists.Peter Coleman,"[ArkHuman, ArkHumans, Peter Coleman, Scientists]"
Scientists.Randolf Hutchinson,"[ArkHuman, ArkHumans, Randolf Hutchinson, Scientists]"
Scientists.Regina Sellers,"[ArkHuman, ArkHumans, Regina Sellers, Scientists]"
Scientists.Robert Gage,"[ArkHuman, ArkHumans, Robert Gage, Scientists]"
Scientists.Rory Manion,"[ArkHuman, ArkHumans, Rory Manion, Scientists]"
Scientists.Ruby Stone,"[ArkHuman, ArkHumans, Ruby Stone, Scientists]"
Scientists.SadieHall,"[ArkHuman, ArkHumans, SadieHall, Scientists]"
Scientists.Salman Kapoor,"[ArkHuman, ArkHumans, Salman Kapoor, Scientists]"
Scientists.Sanjay Puri,"[ArkHuman, ArkHumans, Sanjay Puri, Scientists]"
Scientists.Sebastian Avery,"[ArkHuman, ArkHumans, Scientists, Sebastian Avery]"
Scientists.Steven Mueller,"[ArkHuman, ArkHumans, Scientists, Steven Mueller]"
Scientists.Sylvian Bellamy,"[ArkHuman, ArkHumans, Scientists, Sylvian Bellamy]"
Scientists.Sylvian Bellamy Husked,"[ArkHuman, ArkHumans, Scientists, Sylvian Bellamy Husked]"
Scientists.Thaddeus York,"[ArkHuman, ArkHumans, Scientists, Thaddeus York]"
Scientists.Titus Kromwell,"[ArkHuman, ArkHumans, Scientists, Titus Kromwell]"
Scientists.Tobias Frost,"[ArkHuman, ArkHumans, Scientists, Tobias Frost]"
Scientists.Trevor J Young,"[ArkHuman, ArkHumans, Scientists, Trevor J Young]"
Scientists._ArkHumanScientist,"[ArkHuman, ArkHumans, Scientists, _ArkHumanScientist]"
Scientists._ArkHumanScientistFemale,"[ArkHuman, ArkHumans, Scientists, _ArkHumanScientistFemale]"
Security.Akande Benin,"[Akande Benin, ArkHuman, ArkHumans, Security]"
Security.Alfred Rose,"[Alfred Rose, ArkHuman, ArkHumans, Security]"
Security.Alton Weber,"[Alton Weber, ArkHuman, ArkHumans, Security]"
Security.Austin Cool,"[ArkHuman, ArkHumans, Austin Cool, Security]"
Security.Blaine Cooly,"[ArkHuman, ArkHumans, Blaine Cooly, Security]"
Security.ChristopherSmith,"[ArkHuman, ArkHumans, ChristopherSmith, Security]"
Security.Cory Richard,"[ArkHuman, ArkHumans, Cory Richard, Security]"
Security.Darcy Maddox,"[ArkHuman, ArkHumans, Darcy Maddox, Security]"
Security.DemetriBowser,"[ArkHuman, ArkHumans, DemetriBowser, Security]"
Security.Elias Black,"[ArkHuman, ArkHumans, Elias Black, Security]"
Security.Erica Teague,"[ArkHuman, ArkHumans, Erica Teague, Security]"
Security.Frederick Steele,"[ArkHuman, ArkHumans, Frederick Steele, Security]"
Security.Jia Kyung-Ho,"[ArkHuman, ArkHumans, Jia Kyung-Ho, Security]"
Security.John Haskins,"[ArkHuman, ArkHumans, John Haskins, Security]"
Security.Keira Whitman,"[ArkHuman, ArkHumans, Keira Whitman, Security]"
Security.Kevin Hague ,"[ArkHuman, ArkHumans, Kevin Hague , Security]"
Security.Lizzy Colton,"[ArkHuman, ArkHumans, Lizzy Colton, Security]"
Security.Maliah Fowles,"[ArkHuman, ArkHumans, Maliah Fowles, Security]"
Security.Martin Giroud,"[ArkHuman, ArkHumans, Martin Giroud, Security]"
Security.Matt Cothron,"[ArkHuman, ArkHumans, Matt Cothron, Security]"
Security.Miguel Lopez,"[ArkHuman, ArkHumans, Miguel Lopez, Security]"
Security.Nash Underwood,"[ArkHuman, ArkHumans, Nash Underwood, Security]"
Security.Nils Kjaergaard,"[ArkHuman, ArkHumans, Nils Kjaergaard, Security]"
Security.Patricia Wang,"[ArkHuman, ArkHumans, Patricia Wang, Security]"
Security.Rani Chaudhary,"[ArkHuman, ArkHumans, Rani Chaudhary, Security]"
Security.Riley Butler,"[ArkHuman, ArkHumans, Riley Butler, Security]"
Security.Rodrigo Diaz,"[ArkHuman, ArkHumans, Rodrigo Diaz, Security]"
Security.Sam Hertz,"[ArkHuman, ArkHumans, Sam Hertz, Security]"
Security.Sarah Elazar,"[ArkHuman, ArkHumans, Sarah Elazar, Security]"
Security.Sean Larsen,"[ArkHuman, ArkHumans, Sean Larsen, Security]"
Security.Tamiko Hayashi,"[ArkHuman, ArkHumans, Security, Tamiko Hayashi]"
Security.Veer Singh,"[ArkHuman, ArkHumans, Security, Veer Singh]"
Security._ArkHumanSecurity,"[ArkHuman, ArkHumans, Security, _ArkHumanSecurity]"
Security._ArkHumanSecurityFemale,"[ArkHuman, ArkHumans, Security, _ArkHumanSecurityFemale]"
Space.Escape_Pod_Chair,"[ArkPhysicsProps, Escape_Pod_Chair, RigidBodyEx, Space]"
Space.Robot_Construction_A_Arm,"[ArkPhysicsProps, RigidBodyEx, Robot_Construction_A_Arm, Space]"
Space.Robot_Construction_A_Body_Zero-G-Only,"[ArkPhysicsProps, RigidBodyEx, Robot_Construction_A_Body_Zero-G-Only, Space]"
Space.Solar_Panel_Dmg_02,"[ArkPhysicsProps, RigidBodyEx, Solar_Panel_Dmg_02, Space]"
Space.Solar_Panel_Dmg_03,"[ArkPhysicsProps, RigidBodyEx, Solar_Panel_Dmg_03, Space]"
Space.Solar_Panel_Dmg_04,"[ArkPhysicsProps, RigidBodyEx, Solar_Panel_Dmg_04, Space]"
Space.Solar_Panel_Dmg_05,"[ArkPhysicsProps, RigidBodyEx, Solar_Panel_Dmg_05, Space]"
Space.Solar_Panel_Dmg_06,"[ArkPhysicsProps, RigidBodyEx, Solar_Panel_Dmg_06, Space]"
Space.Solar_Panel_Small,"[ArkPhysicsProps, RigidBodyEx, Solar_Panel_Small, Space]"
Space.Soviet_Spacecraft_Door,"[ArkPhysicsProps, RigidBodyEx, Soviet_Spacecraft_Door, Space]"
Space.Station_Panel_01,"[ArkPhysicsProps, RigidBodyEx, Space, Station_Panel_01]"
Space.Station_Panel_02,"[ArkPhysicsProps, RigidBodyEx, Space, Station_Panel_02]"
Static_ArkLights.Circuitbox_A,"[ArkLight, ArkPhysicsProps, Circuitbox_A, Static_ArkLights]"
Static_ArkLights.Circuitbox_A_Panel_01,"[ArkLight, ArkPhysicsProps, Circuitbox_A_Panel_01, Static_ArkLights]"
Static_ArkLights.Circuitbox_A_Panel_01_small,"[ArkLight, ArkPhysicsProps, Circuitbox_A_Panel_01_small, Static_ArkLights]"
Static_ArkLights.Circuitbox_A_Panel_02,"[ArkLight, ArkPhysicsProps, Circuitbox_A_Panel_02, Static_ArkLights]"
Static_ArkLights.Circuitbox_A_Panel_02_small,"[ArkLight, ArkPhysicsProps, Circuitbox_A_Panel_02_small, Static_ArkLights]"
Static_ArkLights.Circuitbox_A_Panel_03,"[ArkLight, ArkPhysicsProps, Circuitbox_A_Panel_03, Static_ArkLights]"
Static_ArkLights.Circuitbox_A_Panel_03_small,"[ArkLight, ArkPhysicsProps, Circuitbox_A_Panel_03_small, Static_ArkLights]"
Static_ArkLights.Circuitbox_A_scaled_half,"[ArkLight, ArkPhysicsProps, Circuitbox_A_scaled_half, Static_ArkLights]"
Static_ArkLights.Circuitbox_A_small,"[ArkLight, ArkPhysicsProps, Circuitbox_A_small, Static_ArkLights]"
Static_ArkLights.Desk_Reception_A,"[ArkLight, ArkPhysicsProps, Desk_Reception_A, Static_ArkLights]"
Static_ArkLights.Shuttlebay_controlroom_orbit_map,"[ArkLight, ArkPhysicsProps, Shuttlebay_controlroom_orbit_map, Static_ArkLights]"
Static_ArkLights.Shuttlebay_controlroom_orbit_map_large,"[ArkLight, ArkPhysicsProps, Shuttlebay_controlroom_orbit_map_large, Static_ArkLights]"
Static_ArkLights.Sign_Danger_A,"[ArkLight, ArkPhysicsProps, Sign_Danger_A, Static_ArkLights]"
Static_ArkLights.Sign_NoSmoking_A,"[ArkLight, ArkPhysicsProps, Sign_NoSmoking_A, Static_ArkLights]"
Static_ArkLights.SkillRecorder_A,"[ArkLight, ArkPhysicsProps, SkillRecorder_A, Static_ArkLights]"
Static_ArkLights.Wall_Debrief_A,"[ArkLight, ArkPhysicsProps, Static_ArkLights, Wall_Debrief_A]"
Static_ArkLights.cabinet_lab_a,"[ArkLight, ArkPhysicsProps, Static_ArkLights, cabinet_lab_a]"
Static_ArkLights.circuitbox_a1,"[ArkLight, ArkPhysicsProps, Static_ArkLights, circuitbox_a1]"
Static_ArkLights.circuitbox_a1_Small,"[ArkLight, ArkPhysicsProps, Static_ArkLights, circuitbox_a1_Small]"
Static_ArkLights.circuitbox_a1_large,"[ArkLight, ArkPhysicsProps, Static_ArkLights, circuitbox_a1_large]"
Static_ArkLights.circuitbox_a2,"[ArkLight, ArkPhysicsProps, Static_ArkLights, circuitbox_a2]"
Static_ArkLights.circuitbox_a2_Small,"[ArkLight, ArkPhysicsProps, Static_ArkLights, circuitbox_a2_Small]"
Static_ArkLights.circuitbox_a7,"[ArkLight, ArkPhysicsProps, Static_ArkLights, circuitbox_a7]"
Static_ArkLights.circuitbox_custom_a,"[ArkLight, ArkPhysicsProps, Static_ArkLights, circuitbox_custom_a]"
Static_ArkLights.circuitbox_tower_a,"[ArkLight, ArkPhysicsProps, Static_ArkLights, circuitbox_tower_a]"
Static_ArkLights.computer_server_a,"[ArkLight, ArkPhysicsProps, Static_ArkLights, computer_server_a]"
Static_ArkLights.computer_server_a2,"[ArkLight, ArkPhysicsProps, Static_ArkLights, computer_server_a2]"
Static_ArkLights.computer_server_a2_blue,"[ArkLight, ArkPhysicsProps, Static_ArkLights, computer_server_a2_blue]"
Static_ArkLights.computer_server_a3,"[ArkLight, ArkPhysicsProps, Static_ArkLights, computer_server_a3]"
Static_ArkLights.computer_server_a_blue,"[ArkLight, ArkPhysicsProps, Static_ArkLights, computer_server_a_blue]"
Static_ArkLights.deepstorage_central_computer_light,"[ArkLight, ArkPhysicsProps, Static_ArkLights, deepstorage_central_computer_light]"
Static_ArkLights.desk_reception_a_light_panel_signbacking,"[ArkLight, ArkPhysicsProps, Static_ArkLights, desk_reception_a_light_panel_signbacking]"
Static_ArkLights.electricalbox_support_a_hardware,"[ArkLight, ArkPhysicsProps, Static_ArkLights, electricalbox_support_a_hardware]"
Static_ArkLights.electricalbox_support_a_large,"[ArkLight, ArkPhysicsProps, Static_ArkLights, electricalbox_support_a_large]"
Static_ArkLights.electricalbox_support_a_small,"[ArkLight, ArkPhysicsProps, Static_ArkLights, electricalbox_support_a_small]"
Static_ArkLights.electricalbox_support_a_small_b,"[ArkLight, ArkPhysicsProps, Static_ArkLights, electricalbox_support_a_small_b]"
Static_ArkLights.light_panel_a_dataejection,"[ArkLight, ArkPhysicsProps, Static_ArkLights, light_panel_a_dataejection]"
Static_ArkLights.sign_restroom_a_men,"[ArkLight, ArkPhysicsProps, Static_ArkLights, sign_restroom_a_men]"
Static_ArkLights.sign_restroom_a_men_small,"[ArkLight, ArkPhysicsProps, Static_ArkLights, sign_restroom_a_men_small]"
Static_ArkLights.sign_restroom_a_women,"[ArkLight, ArkPhysicsProps, Static_ArkLights, sign_restroom_a_women]"
Static_ArkLights.sign_restroom_a_women_small,"[ArkLight, ArkPhysicsProps, Static_ArkLights, sign_restroom_a_women_small]"
Static_ArkLights.sign_security_a,"[ArkLight, ArkPhysicsProps, Static_ArkLights, sign_security_a]"
Static_ArkLights.sign_stairs_a,"[ArkLight, ArkPhysicsProps, Static_ArkLights, sign_stairs_a]"
Static_ArkLights.sign_stairs_a_down,"[ArkLight, ArkPhysicsProps, Static_ArkLights, sign_stairs_a_down]"
Static_ArkLights.stairs_neodeco_a/stairs_neodeco_a_double_turn_solid_r,"[ArkLight, ArkPhysicsProps, Static_ArkLights, stairs_neodeco_a/stairs_neodeco_a_double_turn_solid_r]"
Static_ArkLights.stairs_neodeco_a_2step_3_75m_solid,"[ArkLight, ArkPhysicsProps, Static_ArkLights, stairs_neodeco_a_2step_3_75m_solid]"
Static_ArkLights.stairs_neodeco_a_2step_4m_solid,"[ArkLight, ArkPhysicsProps, Static_ArkLights, stairs_neodeco_a_2step_4m_solid]"
Static_ArkLights.stairs_neodeco_a_half_3_75m_solid,"[ArkLight, ArkPhysicsProps, Static_ArkLights, stairs_neodeco_a_half_3_75m_solid]"
Static_ArkLights.stairs_neodeco_a_half_4m_solid,"[ArkLight, ArkPhysicsProps, Static_ArkLights, stairs_neodeco_a_half_4m_solid]"
Static_ArkLights.stairs_neodeco_a_half_4m_solid1,"[ArkLight, ArkPhysicsProps, Static_ArkLights, stairs_neodeco_a_half_4m_solid1]"
Static_ArkLights.stairs_neodeco_a_qtr_4m_solid,"[ArkLight, ArkPhysicsProps, Static_ArkLights, stairs_neodeco_a_qtr_4m_solid]"
Tech.Cabinet Reel B,"[ArkLight, ArkPhysicsProps, Cabinet Reel B, Tech]"
Tech.Cabinet Reel Single,"[ArkPhysicsProps, Cabinet Reel Single, RigidBodyEx, Tech]"
Tech.Computer Cart,"[ArkPhysicsProps, Computer Cart, RigidBodyEx, Tech]"
Tech.Computer Server A,"[ArkLight, ArkPhysicsProps, Computer Server A, Tech]"
Tech.Computer Server A2,"[ArkLight, ArkPhysicsProps, Computer Server A2, Tech]"
Tech.Computer Server A3,"[ArkLight, ArkPhysicsProps, Computer Server A3, Tech]"
Tech.Computer Server A4,"[ArkLight, ArkPhysicsProps, Computer Server A4, Tech]"
Tech.Lens_LookingGlass_Center,"[ArkPhysicsProps, Lens_LookingGlass_Center, RigidBodyEx, Tech]"
Tech.LookingGlass_Hanging_Part_B,"[ArkPhysicsProps, LookingGlass_Hanging_Part_B, RigidBodyEx, Tech]"
Tech.LookingGlass_Hanging_Part_B1,"[ArkPhysicsProps, LookingGlass_Hanging_Part_B1, RigidBodyEx, Tech]"
Tech.LookingGlass_Hanging_Part_B2,"[ArkPhysicsProps, LookingGlass_Hanging_Part_B2, RigidBodyEx, Tech]"
Tech.LookingGlass_Hanging_Part_B3,"[ArkPhysicsProps, LookingGlass_Hanging_Part_B3, RigidBodyEx, Tech]"
Tech.LookingGlass_Hanging_Part_B4,"[ArkPhysicsProps, LookingGlass_Hanging_Part_B4, RigidBodyEx, Tech]"
Tech.LookingGlass_Hanging_Part_C1,"[ArkPhysicsProps, LookingGlass_Hanging_Part_C1, RigidBodyEx, Tech]"
Tech.LookingGlass_Hanging_Part_C2,"[ArkPhysicsProps, LookingGlass_Hanging_Part_C2, RigidBodyEx, Tech]"
Tech.LookingGlass_Hanging_Part_C3,"[ArkPhysicsProps, LookingGlass_Hanging_Part_C3, RigidBodyEx, Tech]"
Tech.LookingGlass_Hanging_Part_C4,"[ArkPhysicsProps, LookingGlass_Hanging_Part_C4, RigidBodyEx, Tech]"
Tech.LookingGlass_Heatsinks_a1.cgf,"[ArkPhysicsProps, LookingGlass_Heatsinks_a1, RigidBodyEx, Tech, cgf]"
Tech.Microphone,"[ArkPhysicsProps, Microphone, RigidBodyEx, Tech]"
Tech.NeuromodCalibration,"[ArkPhysicsProps, NeuromodCalibration, RigidBodyEx, Tech]"
Tech.NeuromodCalibration_ManikinHead,"[ArkPhysicsProps, NeuromodCalibration_ManikinHead, RigidBodyEx, Tech]"
Tech.Portable Computer,"[ArkPhysicsProps, Portable Computer, RigidBodyEx, Tech]"
Tech.Reel_Rack,"[ArkPhysicsProps, Reel_Rack, RigidBodyEx, Tech]"
Tech.Reployer,"[ArkLight, ArkPhysicsProps, Reployer, Tech]"
Tech.Server_Box_A,"[ArkPhysicsProps, RigidBodyEx, Server_Box_A, Tech]"
Tech.Speaker_Floor,"[ArkInteractiveObject, ArkPhysicsProps, Speaker_Floor, Tech]"
Tech.Tank Storage,"[ArkPhysicsProps, RigidBodyEx, Tank Storage, Tech]"
Tech.Tape Drive A,"[ArkPhysicsProps, RigidBodyEx, Tape Drive A, Tech]"
Tech.Visor_LookingGlass_Prototype,"[ArkPhysicsProps, RigidBodyEx, Tech, Visor_LookingGlass_Prototype]"
Tech.Visor_LookingGlass_Prototype_Frame,"[ArkPhysicsProps, RigidBodyEx, Tech, Visor_LookingGlass_Prototype_Frame]"
Tech.Visor_LookingGlass_Prototype_Headband,"[ArkPhysicsProps, RigidBodyEx, Tech, Visor_LookingGlass_Prototype_Headband]"
Tech.Visor_LookingGlass_Prototype_wStand,"[ArkPhysicsProps, RigidBodyEx, Tech, Visor_LookingGlass_Prototype_wStand]"
Turrets.Turret_Default,"[ArkRobots, ArkTurret, Turret_Default, Turrets]"
Volunteer.Aaron Ingram (Armed),"[Aaron Ingram (Armed), ArkHuman, ArkHumans, Volunteer]"
Volunteer.Aaron Ingram (Unarmed),"[Aaron Ingram (Unarmed), ArkHuman, ArkHumans, Volunteer]"
Volunteer.Adrian Holland,"[Adrian Holland, ArkHuman, ArkHumans, Volunteer]"
Volunteer.Evgeni Charzov,"[ArkHuman, ArkHumans, Evgeni Charzov, Volunteer]"
Volunteer.Jordan Yax,"[ArkHuman, ArkHumans, Jordan Yax, Volunteer]"
Volunteer.Kolya Korneyev,"[ArkHuman, ArkHumans, Kolya Korneyev, Volunteer]"
Volunteer.Luka Golubkin,"[ArkHuman, ArkHumans, Luka Golubkin, Volunteer]"
Volunteer.Neno Nikolic,"[ArkHuman, ArkHumans, Neno Nikolic, Volunteer]"
Volunteer.Oksana Groysman,"[ArkHuman, ArkHumans, Oksana Groysman, Volunteer]"
Volunteer.Vanya Razin,"[ArkHuman, ArkHumans, Vanya Razin, Volunteer]"
Volunteer.VolunteerB,"[ArkHuman, ArkHumans, Volunteer, VolunteerB]"
Volunteer.VolunteerC,"[ArkHuman, ArkHumans, Volunteer, VolunteerC]"
Volunteer.VolunteerD,"[ArkHuman, ArkHumans, Volunteer, VolunteerD]"
Volunteer.VolunteerE,"[ArkHuman, ArkHumans, Volunteer, VolunteerE]"
Volunteer.VolunteerF,"[ArkHuman, ArkHumans, Volunteer, VolunteerF]"
Volunteer.VolunteerG,"[ArkHuman, ArkHumans, Volunteer, VolunteerG]"
Volunteer.VolunteerH,"[ArkHuman, ArkHumans, Volunteer, VolunteerH]"
Volunteer.VolunteerI,"[ArkHuman, ArkHumans, Volunteer, VolunteerI]"
Volunteer.VolunteerJ,"[ArkHuman, ArkHumans, Volunteer, VolunteerJ]"
Volunteer.Yuri Andronov,"[ArkHuman, ArkHumans, Volunteer, Yuri Andronov]"
Volunteer.Zhao Sun,"[ArkHuman, ArkHumans, Volunteer, Zhao Sun]"
Volunteer._ArkHumanVolunteer,"[ArkHuman, ArkHumans, Volunteer, _ArkHumanVolunteer]"
Weapons.GooGun,"[ArkPickups, ArkWeaponGooGun, GooGun, Weapons]"
Weapons.Instalaser,"[ArkPickups, ArkWeaponInstalaser, Instalaser, Weapons]"
Weapons.Pistol,"[ArkPickups, ArkWeaponPistol, Pistol, Weapons]"
Weapons.Shotgun,"[ArkPickups, ArkWeaponShotgun, Shotgun, Weapons]"
Weapons.StunGun,"[ArkPickups, ArkWeaponStunGun, StunGun, Weapons]"
Weapons.ToyGun,"[ArkPickups, ArkWeaponToyGun, ToyGun, Weapons]"
Weapons.Unique.Pistol_Golden,"[ArkPickups, ArkWeaponPistol, Pistol_Golden, Unique, Weapons]"
Weapons.Unique.Shotgun_Golden,"[ArkPickups, ArkWeaponShotgun, Shotgun_Golden, Unique, Weapons]"
Weapons.Wrench,"[ArkPickups, ArkWeaponWrench, Weapons, Wrench]"
