<EntityPrototypeLibrary Name="Level">
 <EntityPrototype Name="Psychotronics.ContainmentButton" Id="{40D9716B-A587-4C68-897A-B5EB8B4A61D9}" Library="Level" Class="ArkInteractiveObject" Description="" ArchetypeId="6732635291225397015">
  <Properties textActiveUseMessage="" carryForwardOffset="0" carryHeightOffset="0" ability_CarryRequirement="" bCollisionInteraction="0" material_DisabledMaterial="Materials/User/astifter/Invisible_Collision" bDisableOnUse="0" bDisallowGrenades="0" textDisplayName="@FG_LOC_PT_ContainmentShield" fDuration="1" material_EnabledMaterial="Materials/User/astifter/Invisible_Collision" glintconfig_GlintConfig="13856881013222815427" bInteractLOSToParent="1" bIsMimicable="0" object_Model="Objects/Environment/Props/Gameplay/Button_Interactive_A/Button_Interactive_A.cgf" textUseMessage="@FG_LOC_PT_OpenContainmentShield" bUseSafeCarry="0" sVfxBoneName="" vector_vfxDirInDegrees="0,0,0" vector_vfxOffset="0,0,0" fVfxPulsePeriod="1" fVfxScale="1">
   <Animation anim_Activated="" anim_Deactivated=""/>
   <Disrupt disruptionProfile_Profile="10739735956140212131" audioTrigger_SparkSFX="" particleeffect_SparkVFX=""/>
   <Effects particleeffect_Activated=""/>
   <GameNoise gameNoiseLoudness_GameNoiseLoudness="" gameNoiseType_GameNoiseType=""/>
   <Glow color_DisabledColor="1,1,1" fDisabledGlowAmount="0" color_EnabledColor="1,0,0" fEnabledGlowAmount="1" nGlowSubmatIdA="0" sSkinAttachmentName="" bUseGlow="0"/>
   <MissionReward signalPackage_HealthOnUse="" gametokenid_IsPsiAddedToWater="" bIsWaterSource="0" signalPackage_PsiRewardOnUse=""/>
   <Physics Density="-1" Mass="-1" bPhysicalize="0" bPushableByAI="0" bPushableByPlayers="0" bRigidBody="0">
    <CollisionFiltering>
     <collisionIgnore bT_collision_class_articulated="1" bT_collision_class_living="1" bT_collision_class_particle="1" bT_collision_class_soft="1" bT_collision_class_terrain="1" bT_collision_class_wheeled="1" bT_gcc_ai="1" bT_gcc_breakable="1" bT_gcc_coral="1" bT_gcc_goo="1" bT_gcc_permeable="1" bT_gcc_permeable_to_AOE="1" bT_gcc_player_body="1" bT_gcc_player_capsule="1" bT_gcc_projectile="1" bT_gcc_ragdoll="1" bT_gcc_rigid="1" bT_gcc_smokeform="1" bT_gcc_transparent="1" bT_gcc_unclimbable="1" bT_gcc_vehicle="1"/>
     <collisionType bT_collision_class_articulated="0" bT_collision_class_living="0" bT_collision_class_particle="0" bT_collision_class_soft="0" bT_collision_class_terrain="0" bT_collision_class_wheeled="0" bT_gcc_ai="0" bT_gcc_breakable="0" bT_gcc_coral="0" bT_gcc_goo="0" bT_gcc_permeable="1" bT_gcc_permeable_to_AOE="0" bT_gcc_player_body="0" bT_gcc_player_capsule="0" bT_gcc_projectile="0" bT_gcc_ragdoll="0" bT_gcc_rigid="0" bT_gcc_smokeform="0" bT_gcc_transparent="0" bT_gcc_unclimbable="0" bT_gcc_vehicle="0"/>
    </CollisionFiltering>
   </Physics>
   <RecycleData exotic="0" mineral="0" organic="0" synthetic="0"/>
   <Silhouette fAlpha="0.25" color_RGB="1,1,1"/>
   <Sound audioTrigger_Carry="" audioTrigger_HoldCarryCancel="" audioTrigger_HoldCarryStart="" audioTrigger_Start="" audioTrigger_Stop=""/>
   <AdditionalArchetypeProperties PrototypeMaterial=""/>
  </Properties>
  <ObjectVars OutdoorOnly="0" CastShadow="1" CastShadowMinspec="1" DynamicDistanceShadows="0" ShadowCasterType="0" CastSunShadowMinSpec="8" LodRatio="100" ViewDistRatio="100" CastShadowViewDistRatio="0" HiddenInGame="0" GlobalInSegmentedWorld="0" RecvWind="0" RenderNearest="0" NoStaticDecals="0" CreatedThroughPool="0" SceneIndex="0" HiddenInProbes="0"/>
 </EntityPrototype>
 <EntityPrototype Name="Psychotronics.CalibrationButton" Id="{F7F30FF4-8497-4A2B-BCDF-4AF30F31673F}" Library="Level" Class="ArkInteractiveObject" Description="" ArchetypeId="6732635291239199981">
  <Properties textActiveUseMessage="" carryForwardOffset="0" carryHeightOffset="0" ability_CarryRequirement="" bCollisionInteraction="0" material_DisabledMaterial="Materials/User/astifter/Invisible_Collision" bDisableOnUse="0" bDisallowGrenades="0" textDisplayName="" fDuration="1" material_EnabledMaterial="Materials/User/astifter/Invisible_Collision" glintconfig_GlintConfig="13856881013222815427" bInteractLOSToParent="1" bIsMimicable="0" object_Model="Objects/Environment/Props/Gameplay/Button_Interactive_A/Button_Interactive_A.cgf" textUseMessage="@ui_press" bUseSafeCarry="0" sVfxBoneName="" vector_vfxDirInDegrees="0,0,0" vector_vfxOffset="0,0,0" fVfxPulsePeriod="1" fVfxScale="1">
   <Animation anim_Activated="" anim_Deactivated=""/>
   <Disrupt disruptionProfile_Profile="10739735956140212131" audioTrigger_SparkSFX="" particleeffect_SparkVFX=""/>
   <Effects particleeffect_Activated=""/>
   <GameNoise gameNoiseLoudness_GameNoiseLoudness="" gameNoiseType_GameNoiseType=""/>
   <Glow color_DisabledColor="1,1,1" fDisabledGlowAmount="0" color_EnabledColor="1,0,0" fEnabledGlowAmount="1" nGlowSubmatIdA="0" sSkinAttachmentName="" bUseGlow="0"/>
   <MissionReward signalPackage_HealthOnUse="" gametokenid_IsPsiAddedToWater="" bIsWaterSource="0" signalPackage_PsiRewardOnUse=""/>
   <Physics Density="-1" Mass="-1" bPhysicalize="0" bPushableByAI="0" bPushableByPlayers="0" bRigidBody="0">
    <CollisionFiltering>
     <collisionIgnore bT_collision_class_articulated="1" bT_collision_class_living="1" bT_collision_class_particle="1" bT_collision_class_soft="1" bT_collision_class_terrain="1" bT_collision_class_wheeled="1" bT_gcc_ai="1" bT_gcc_breakable="1" bT_gcc_coral="1" bT_gcc_goo="1" bT_gcc_permeable="1" bT_gcc_permeable_to_AOE="1" bT_gcc_player_body="1" bT_gcc_player_capsule="1" bT_gcc_projectile="1" bT_gcc_ragdoll="1" bT_gcc_rigid="1" bT_gcc_smokeform="1" bT_gcc_transparent="1" bT_gcc_unclimbable="1" bT_gcc_vehicle="1"/>
     <collisionType bT_collision_class_articulated="0" bT_collision_class_living="0" bT_collision_class_particle="0" bT_collision_class_soft="0" bT_collision_class_terrain="0" bT_collision_class_wheeled="0" bT_gcc_ai="0" bT_gcc_breakable="0" bT_gcc_coral="0" bT_gcc_goo="0" bT_gcc_permeable="1" bT_gcc_permeable_to_AOE="0" bT_gcc_player_body="0" bT_gcc_player_capsule="0" bT_gcc_projectile="0" bT_gcc_ragdoll="0" bT_gcc_rigid="0" bT_gcc_smokeform="0" bT_gcc_transparent="0" bT_gcc_unclimbable="0" bT_gcc_vehicle="0"/>
    </CollisionFiltering>
   </Physics>
   <RecycleData exotic="0" mineral="0" organic="0" synthetic="0"/>
   <Silhouette fAlpha="0.25" color_RGB="1,1,1"/>
   <Sound audioTrigger_Carry="" audioTrigger_HoldCarryCancel="" audioTrigger_HoldCarryStart="" audioTrigger_Start="Workstation_Select" audioTrigger_Stop=""/>
   <AdditionalArchetypeProperties PrototypeMaterial=""/>
  </Properties>
  <ObjectVars OutdoorOnly="0" CastShadow="1" CastShadowMinspec="1" DynamicDistanceShadows="0" ShadowCasterType="0" CastSunShadowMinSpec="8" LodRatio="100" ViewDistRatio="100" CastShadowViewDistRatio="0" HiddenInGame="0" GlobalInSegmentedWorld="0" RecvWind="0" RenderNearest="0" NoStaticDecals="0" CreatedThroughPool="0" SceneIndex="0" HiddenInProbes="0"/>
 </EntityPrototype>
</EntityPrototypeLibrary>
