<LevelData SandboxVersion="3.7.0.179">
 <LevelInfo CreationDate="08/01/18" Name="Psychotronics" HeightmapSize="400" HeightmapUnitSize="2" HeightmapMaxHeight="1024" WaterLevel="-1000000" TerrainSectorSizeInMeters="64"/>
 <SurfaceTypes>
  <SurfaceType Name="Materials/material_terrain_default" SurfaceTypeID="0" DetailTexture="" DetailScaleX="1" DetailScaleY="1" DetailMaterial="Materials/material_terrain_default" ProjectAxis="2" Bumpmap="" ProjAxis="Z"/>
 </SurfaceTypes>
 <CollisionClasses>
  <CollisionClass type="0" ignore="0"/>
  <CollisionClass type="8192" ignore="0"/>
  <CollisionClass type="0" ignore="128"/>
  <CollisionClass type="524288" ignore="0"/>
  <CollisionClass type="0" ignore="16384"/>
  <CollisionClass type="0" ignore="65536"/>
  <CollisionClass type="1024" ignore="0"/>
  <CollisionClass type="4194304" ignore="0"/>
  <CollisionClass type="8192" ignore="65536"/>
  <CollisionClass type="1024" ignore="1024"/>
  <CollisionClass type="0" ignore="16768"/>
  <CollisionClass type="9216" ignore="0"/>
  <CollisionClass type="2105344" ignore="65536"/>
  <CollisionClass type="2097152" ignore="0"/>
 </CollisionClasses>
 <Layers>
  <Layer Name="Psychotronics_Nightmare" Parent="" Id="1" Specs="-1"/>
  <Layer Name="Player_Collision" Parent="" Id="2" Specs="-1"/>
  <Layer Name="MimicExtraction_Sq02" Parent="Psychotronics_Cinematics" Id="3" Specs="-1"/>
  <Layer Name="Psychotronics_Coral_Phase4" Parent="" Id="4" Specs="-1" LoadTokenId="1570678163" LoadTokenValue="4"/>
  <Layer Name="Geo_Psychotronics_Containment" Parent="" Id="5" Specs="-1"/>
  <Layer Name="Decals_Kletka" Parent="" Id="6" Specs="-1"/>
  <Layer Name="Occluder_Designer" Parent="" Id="7" Specs="-1"/>
  <Layer Name="Main" Parent="" Id="8" Specs="-1"/>
  <Layer Name="Geo_Psychotronics_Office_Director" Parent="" Id="9" Specs="-1"/>
  <Layer Name="Psychotronics_Coral_Phase2" Parent="" Id="10" Specs="-1" LoadTokenId="1570678163" LoadTokenValue="2"/>
  <Layer Name="Psychotronics_Offices_Geo" Parent="Psychotronics_Offices" Id="11" Specs="-1"/>
  <Layer Name="Geo_ALT_Decontamination" Parent="" Id="12" Specs="-1"/>
  <Layer Name="Geo_Psychotronics_LiveExam" Parent="" Id="13" Specs="-1"/>
  <Layer Name="Psychotronics_FX" Parent="" Id="14" Specs="-1"/>
  <Layer Name="Psychotronics_Speakers" Parent="" Id="15" Specs="-1"/>
  <Layer Name="Psychotronics_AudioVolumes" Parent="" Id="16" Specs="-1"/>
  <Layer Name="Psychotronics_Coral_Phase3" Parent="" Id="17" Specs="-1" LoadTokenId="1570678163" LoadTokenValue="3"/>
  <Layer Name="MimicExtraction_Sq01" Parent="Psychotronics_Cinematics" Id="18" Specs="-1"/>
  <Layer Name="Nathan_Temp" Parent="" Id="19" Specs="-1"/>
  <Layer Name="Geo_Psychotronics_Containment_Lower" Parent="" Id="20" Specs="-1"/>
  <Layer Name="Geo_Psychotronics_Exit_GUTS" Parent="" Id="21" Specs="-1"/>
  <Layer Name="Geo_ALT_Entry" Parent="" Id="22" Specs="-1"/>
  <Layer Name="Geo_ALT_Security" Parent="" Id="23" Specs="-1"/>
  <Layer Name="Psychotronics_Sound" Parent="" Id="24" Specs="-1"/>
  <Layer Name="Pyschotronics_DataAnalysis" Parent="" Id="25" Specs="-1"/>
  <Layer Name="Geo_Psychotronics_Airlock" Parent="" Id="26" Specs="-1"/>
  <Layer Name="Psychotronics_Breadcrumbing" Parent="" Id="27" Specs="-1"/>
  <Layer Name="Geo_LookingGlass" Parent="" Id="28" Specs="-1"/>
  <Layer Name="Psychotronics_Offices" Parent="" Id="29" Specs="-1"/>
  <Layer Name="Psychotronics_FX_02" Parent="" Id="30" Specs="-1"/>
  <Layer Name="Geo_ALT_LowerTunnel" Parent="" Id="31" Specs="-1"/>
  <Layer Name="Psychotronics_Scripting_CoralScanning" Parent="" Id="32" Specs="-1"/>
  <Layer Name="Shadow_Shells" Parent="" Id="33" Specs="-1"/>
  <Layer Name="Psychotronics_Contaiment" Parent="" Id="34" Specs="-1"/>
  <Layer Name="Psychotronics_Cinematics" Parent="" Id="35" Specs="-1"/>
  <Layer Name="Psychotronics_Lighting_Final" Parent="Psychotronics_Lighting" Id="36" Specs="-1"/>
  <Layer Name="Psychotronics_Sq_05" Parent="" Id="37" Specs="-1"/>
  <Layer Name="Psychotronics_Coral_Phase5" Parent="" Id="38" Specs="-1" LoadTokenId="1570678163" LoadTokenValue="5"/>
  <Layer Name="Psychotronics_Tutorial" Parent="" Id="39" Specs="-1"/>
  <Layer Name="Geo_Psychotronics_Elevators" Parent="" Id="40" Specs="-1"/>
  <Layer Name="Vis_Area" Parent="" Id="41" Specs="-1"/>
  <Layer Name="Geo_ALT_LockerRooms" Parent="" Id="42" Specs="-1"/>
  <Layer Name="Geo_ALT" Parent="" Id="43" Specs="-1"/>
  <Layer Name="Psychotronics_Sq_06_PsychoscopeFemale" Parent="" Id="44" Specs="-1"/>
  <Layer Name="Psychotronics_Coral_Phase1" Parent="" Id="45" Specs="-1" LoadTokenId="1570678163" LoadTokenValue="1"/>
  <Layer Name="Geo_Psychotronics_Mimic_Extraction" Parent="" Id="46" Specs="-1"/>
  <Layer Name="Ark_MetricCameras" Parent="" Id="47" Specs="-1"/>
  <Layer Name="Toilet_Explosion" Parent="" Id="48" Specs="-1"/>
  <Layer Name="Psychotronics_Lighting" Parent="" Id="49" Specs="-1"/>
  <Layer Name="Psychotronics_Sq_04" Parent="" Id="50" Specs="-1"/>
  <Layer Name="Psychotronics_Sq_06_PsychoscopeMale" Parent="" Id="51" Specs="-1"/>
  <Layer Name="MimicExtraction_Sq04" Parent="Psychotronics_Cinematics" Id="52" Specs="-1"/>
  <Layer Name="Psychotronics_Sq_00" Parent="" Id="53" Specs="-1"/>
  <Layer Name="MimicExtraction_Sq03" Parent="Psychotronics_Cinematics" Id="54" Specs="-1"/>
  <Layer Name="Psychotronics_Apex" Parent="" Id="55" Specs="-1" LoadTokenId="659909599" LoadTokenValue="1"/>
  <Layer Name="Psychotronics_Sq_01" Parent="" Id="56" Specs="-1"/>
  <Layer Name="Geo_Psychotronics_Morgue" Parent="" Id="57" Specs="-1"/>
  <Layer Name="Psychotronics_Scripting" Parent="" Id="58" Specs="-1" DefaultLoaded="1"/>
  <Layer Name="Psychotronics_Lighting_Backup" Parent="Psychotronics_Lighting" Id="59" Specs="-1"/>
  <Layer Name="Psychotronics_Distractions" Parent="" Id="60" Specs="-1"/>
 </Layers>
 <Vegetation />
 <MaterialsLibrary>
  <Library Name="Level"/>
 </MaterialsLibrary>
 <ParticlesLibrary>
  <Library Name="Characters"/>
  <Library Name="Screen"/>
  <Library Name="LevelShared"/>
  <Library Name="MaterialEffects"/>
  <Library Name="PlayerWeapons"/>
  <Library Name="Interactables"/>
  <Library Name="LevelSpecific"/>
  <Library Name="Player"/>
 </ParticlesLibrary>
 <GameTokensLibraryReferences>
  <Library Name="GT_Global"/>
  <Library Name="GT_GameTime"/>
  <Library Name="GT_GlobalStrings"/>
 </GameTokensLibraryReferences>
</LevelData>
