<EntitySerialization>
 <Entity id="1"/>
 <Entity id="2"/>
 <Entity id="3"/>
 <Entity id="4"/>
 <Entity id="5"/>
 <Entity id="6"/>
 <Entity id="7"/>
 <Entity id="8"/>
 <Entity id="9"/>
 <Entity id="10"/>
 <Entity id="11"/>
 <Entity id="12"/>
 <Entity id="13"/>
 <Entity id="14"/>
 <Entity id="15"/>
 <Entity id="16"/>
 <Entity id="17"/>
 <Entity id="18"/>
 <Entity id="19"/>
 <Entity id="20"/>
 <Entity id="21"/>
 <Entity id="22"/>
 <Entity id="23"/>
 <Entity id="24"/>
 <Entity id="25"/>
 <Entity id="26"/>
 <Entity id="27"/>
 <Entity id="28"/>
 <Entity id="29"/>
 <Entity id="30"/>
 <Entity id="31"/>
 <Entity id="32"/>
 <Entity id="33"/>
 <Entity id="34"/>
 <Entity id="35"/>
 <Entity id="36"/>
 <Entity id="37"/>
 <Entity id="38"/>
 <Entity id="39"/>
 <Entity id="40"/>
 <Entity id="41"/>
 <Entity id="42"/>
 <Entity id="43"/>
 <Entity id="44"/>
 <Entity id="45"/>
 <Entity id="46"/>
 <Entity id="47"/>
 <Entity id="48"/>
 <Entity id="49"/>
 <Entity id="50"/>
 <Entity id="51"/>
 <Entity id="52"/>
 <Entity id="53"/>
 <Entity id="54"/>
 <Entity id="55"/>
 <Entity id="56"/>
 <Entity id="57"/>
 <Entity id="58"/>
 <Entity id="59"/>
 <Entity id="60"/>
 <Entity id="61"/>
 <Entity id="62"/>
 <Entity id="63"/>
 <Entity id="64"/>
 <Entity id="65"/>
 <Entity id="66"/>
 <Entity id="67"/>
 <Entity id="68"/>
 <Entity id="69"/>
 <Entity id="70"/>
 <Entity id="71"/>
 <Entity id="72"/>
 <Entity id="73"/>
 <Entity id="74"/>
 <Entity id="75"/>
 <Entity id="76"/>
 <Entity id="77"/>
 <Entity id="78"/>
 <Entity id="79"/>
 <Entity id="80"/>
 <Entity id="81"/>
 <Entity id="82"/>
 <Entity id="83"/>
 <Entity id="84"/>
 <Entity id="85"/>
 <Entity id="86"/>
 <Entity id="87"/>
 <Entity id="88"/>
 <Entity id="89"/>
 <Entity id="90"/>
 <Entity id="91"/>
 <Entity id="92"/>
 <Entity id="93"/>
 <Entity id="94"/>
 <Entity id="95"/>
 <Entity id="96"/>
 <Entity id="97"/>
 <Entity id="98"/>
 <Entity id="99"/>
 <Entity id="100"/>
 <Entity id="101"/>
 <Entity id="102"/>
 <Entity id="103"/>
 <Entity id="104"/>
 <Entity id="105"/>
 <Entity id="106"/>
 <Entity id="107"/>
 <Entity id="108"/>
 <Entity id="109"/>
 <Entity id="110"/>
 <Entity id="111"/>
 <Entity id="112"/>
 <Entity id="113"/>
 <Entity id="114"/>
 <Entity id="115"/>
 <Entity id="116"/>
 <Entity id="117"/>
 <Entity id="118"/>
 <Entity id="119"/>
 <Entity id="120"/>
 <Entity id="121"/>
 <Entity id="122"/>
 <Entity id="123"/>
 <Entity id="124"/>
 <Entity id="125"/>
 <Entity id="126"/>
 <Entity id="127"/>
 <Entity id="128"/>
 <Entity id="129"/>
 <Entity id="130"/>
 <Entity id="131"/>
 <Entity id="132"/>
 <Entity id="133"/>
 <Entity id="134"/>
 <Entity id="135"/>
 <Entity id="136"/>
 <Entity id="137"/>
 <Entity id="138"/>
 <Entity id="139"/>
 <Entity id="140"/>
 <Entity id="141"/>
 <Entity id="142"/>
 <Entity id="143"/>
 <Entity id="144"/>
 <Entity id="145"/>
 <Entity id="146"/>
 <Entity id="147"/>
 <Entity id="148"/>
 <Entity id="149"/>
 <Entity id="150"/>
 <Entity id="151"/>
 <Entity id="152"/>
 <Entity id="153"/>
 <Entity id="154"/>
 <Entity id="155"/>
 <Entity id="156"/>
 <Entity id="157"/>
 <Entity id="158"/>
 <Entity id="159"/>
 <Entity id="160"/>
 <Entity id="161"/>
 <Entity id="162"/>
 <Entity id="163"/>
 <Entity id="164"/>
 <Entity id="165"/>
 <Entity id="166"/>
 <Entity id="167"/>
 <Entity id="168"/>
 <Entity id="169"/>
 <Entity id="170"/>
 <Entity id="171"/>
 <Entity id="172"/>
 <Entity id="173"/>
 <Entity id="174"/>
 <Entity id="175"/>
 <Entity id="176"/>
 <Entity id="177"/>
 <Entity id="178"/>
 <Entity id="179"/>
 <Entity id="180"/>
 <Entity id="181"/>
 <Entity id="182"/>
 <Entity id="183"/>
 <Entity id="184"/>
 <Entity id="185"/>
 <Entity id="186"/>
 <Entity id="187"/>
 <Entity id="188"/>
 <Entity id="189"/>
 <Entity id="190"/>
 <Entity id="191"/>
 <Entity id="192"/>
 <Entity id="193"/>
 <Entity id="194"/>
 <Entity id="195"/>
 <Entity id="196"/>
 <Entity id="197"/>
 <Entity id="198"/>
 <Entity id="199"/>
 <Entity id="200"/>
 <Entity id="201"/>
 <Entity id="202"/>
 <Entity id="203"/>
 <Entity id="204"/>
 <Entity id="205"/>
 <Entity id="206"/>
 <Entity id="207"/>
 <Entity id="208"/>
 <Entity id="209"/>
 <Entity id="210"/>
 <Entity id="211"/>
 <Entity id="212"/>
 <Entity id="213"/>
 <Entity id="214"/>
 <Entity id="216"/>
 <Entity id="218"/>
 <Entity id="220"/>
 <Entity id="222"/>
 <Entity id="223"/>
 <Entity id="224"/>
 <Entity id="225"/>
 <Entity id="226"/>
 <Entity id="227"/>
 <Entity id="229"/>
 <Entity id="231"/>
 <Entity id="233"/>
 <Entity id="234"/>
 <Entity id="235"/>
 <Entity id="236"/>
 <Entity id="237"/>
 <Entity id="238"/>
 <Entity id="239"/>
 <Entity id="240"/>
 <Entity id="241"/>
 <Entity id="243"/>
 <Entity id="244"/>
 <Entity id="246"/>
 <Entity id="247"/>
 <Entity id="248"/>
 <Entity id="249"/>
 <Entity id="251"/>
 <Entity id="252"/>
 <Entity id="253"/>
 <Entity id="254"/>
 <Entity id="255"/>
 <Entity id="258"/>
 <Entity id="259"/>
 <Entity id="260"/>
 <Entity id="261"/>
 <Entity id="262"/>
 <Entity id="263"/>
 <Entity id="264"/>
 <Entity id="265"/>
 <Entity id="266"/>
 <Entity id="267"/>
 <Entity id="268"/>
 <Entity id="269"/>
 <Entity id="270"/>
 <Entity id="271"/>
 <Entity id="272"/>
 <Entity id="273"/>
 <Entity id="274"/>
 <Entity id="275"/>
 <Entity id="276"/>
 <Entity id="277"/>
 <Entity id="278"/>
 <Entity id="279"/>
 <Entity id="280"/>
 <Entity id="281"/>
 <Entity id="284"/>
 <Entity id="285"/>
 <Entity id="286"/>
 <Entity id="287"/>
 <Entity id="288"/>
 <Entity id="289"/>
 <Entity id="290"/>
 <Entity id="291"/>
 <Entity id="292"/>
 <Entity id="294"/>
 <Entity id="295"/>
 <Entity id="297"/>
 <Entity id="298"/>
 <Entity id="300"/>
 <Entity id="301"/>
 <Entity id="302"/>
 <Entity id="303"/>
 <Entity id="304"/>
 <Entity id="306"/>
 <Entity id="308"/>
 <Entity id="309"/>
 <Entity id="311"/>
 <Entity id="312"/>
 <Entity id="313"/>
 <Entity id="314"/>
 <Entity id="315"/>
 <Entity id="316"/>
 <Entity id="317"/>
 <Entity id="318"/>
 <Entity id="319"/>
 <Entity id="320"/>
 <Entity id="323"/>
 <Entity id="324"/>
 <Entity id="325"/>
 <Entity id="327"/>
 <Entity id="328"/>
 <Entity id="329"/>
 <Entity id="330"/>
 <Entity id="332"/>
 <Entity id="333"/>
 <Entity id="335"/>
 <Entity id="336"/>
 <Entity id="337"/>
 <Entity id="338"/>
 <Entity id="339"/>
 <Entity id="340"/>
 <Entity id="341"/>
 <Entity id="342"/>
 <Entity id="345"/>
 <Entity id="346"/>
 <Entity id="347"/>
 <Entity id="348"/>
 <Entity id="349"/>
 <Entity id="350"/>
 <Entity id="351"/>
 <Entity id="352"/>
 <Entity id="353"/>
 <Entity id="354"/>
 <Entity id="355"/>
 <Entity id="356"/>
 <Entity id="357"/>
 <Entity id="358"/>
 <Entity id="359"/>
 <Entity id="360"/>
 <Entity id="361"/>
 <Entity id="362"/>
 <Entity id="363"/>
 <Entity id="364"/>
 <Entity id="365"/>
 <Entity id="366"/>
 <Entity id="367"/>
 <Entity id="368"/>
 <Entity id="369"/>
 <Entity id="370"/>
 <Entity id="371"/>
 <Entity id="372"/>
 <Entity id="373"/>
 <Entity id="374"/>
 <Entity id="375"/>
 <Entity id="376"/>
 <Entity id="377"/>
 <Entity id="379"/>
 <Entity id="380"/>
 <Entity id="381"/>
 <Entity id="382"/>
 <Entity id="383"/>
 <Entity id="384"/>
 <Entity id="385"/>
 <Entity id="386"/>
 <Entity id="387"/>
 <Entity id="388"/>
 <Entity id="389"/>
 <Entity id="390"/>
 <Entity id="392"/>
 <Entity id="393"/>
 <Entity id="394"/>
 <Entity id="395"/>
 <Entity id="396"/>
 <Entity id="397"/>
 <Entity id="399"/>
 <Entity id="400"/>
 <Entity id="401"/>
 <Entity id="402"/>
 <Entity id="403"/>
 <Entity id="404"/>
 <Entity id="405"/>
 <Entity id="406"/>
 <Entity id="407"/>
 <Entity id="409"/>
 <Entity id="411"/>
 <Entity id="412"/>
 <Entity id="413"/>
 <Entity id="417"/>
 <Entity id="418"/>
 <Entity id="419"/>
 <Entity id="420"/>
 <Entity id="421"/>
 <Entity id="422"/>
 <Entity id="423"/>
 <Entity id="424"/>
 <Entity id="425"/>
 <Entity id="427"/>
 <Entity id="428"/>
 <Entity id="429"/>
 <Entity id="431"/>
 <Entity id="432"/>
 <Entity id="434"/>
 <Entity id="435"/>
 <Entity id="436"/>
 <Entity id="437"/>
 <Entity id="438"/>
 <Entity id="439"/>
 <Entity id="440"/>
 <Entity id="441"/>
 <Entity id="442"/>
 <Entity id="443"/>
 <Entity id="444"/>
 <Entity id="445"/>
 <Entity id="446"/>
 <Entity id="447"/>
 <Entity id="448"/>
 <Entity id="449"/>
 <Entity id="450"/>
 <Entity id="451"/>
 <Entity id="453"/>
 <Entity id="456"/>
 <Entity id="457"/>
 <Entity id="459"/>
 <Entity id="460"/>
 <Entity id="508"/>
 <Entity id="528"/>
 <Entity id="565"/>
 <Entity id="566"/>
 <Entity id="599"/>
 <Entity id="622"/>
 <Entity id="635"/>
 <Entity id="687"/>
 <Entity id="689"/>
 <Entity id="738"/>
 <Entity id="826"/>
 <Entity id="827"/>
 <Entity id="828"/>
 <Entity id="830"/>
 <Entity id="832"/>
 <Entity id="833"/>
 <Entity id="834"/>
 <Entity id="835"/>
 <Entity id="836"/>
 <Entity id="837"/>
 <Entity id="838"/>
 <Entity id="839"/>
 <Entity id="840"/>
 <Entity id="842"/>
 <Entity id="844"/>
 <Entity id="845"/>
 <Entity id="846"/>
 <Entity id="847"/>
 <Entity id="849"/>
 <Entity id="850"/>
 <Entity id="854"/>
 <Entity id="856"/>
 <Entity id="860"/>
 <Entity id="861"/>
 <Entity id="862"/>
 <Entity id="863"/>
 <Entity id="864"/>
 <Entity id="865"/>
 <Entity id="866"/>
 <Entity id="867"/>
 <Entity id="868"/>
 <Entity id="869"/>
 <Entity id="870"/>
 <Entity id="871"/>
 <Entity id="873"/>
 <Entity id="874"/>
 <Entity id="875"/>
 <Entity id="876"/>
 <Entity id="878"/>
 <Entity id="879"/>
 <Entity id="880"/>
 <Entity id="881"/>
 <Entity id="884"/>
 <Entity id="885"/>
 <Entity id="886"/>
 <Entity id="887"/>
 <Entity id="888"/>
 <Entity id="889"/>
 <Entity id="890"/>
 <Entity id="891"/>
 <Entity id="892"/>
 <Entity id="894"/>
 <Entity id="895"/>
 <Entity id="896"/>
 <Entity id="902"/>
 <Entity id="903"/>
 <Entity id="904"/>
 <Entity id="905"/>
 <Entity id="907"/>
 <Entity id="909"/>
 <Entity id="910"/>
 <Entity id="911"/>
 <Entity id="912"/>
 <Entity id="913"/>
 <Entity id="914"/>
 <Entity id="915"/>
 <Entity id="916"/>
 <Entity id="917"/>
 <Entity id="919"/>
 <Entity id="922"/>
 <Entity id="923"/>
 <Entity id="924"/>
 <Entity id="925"/>
 <Entity id="927"/>
 <Entity id="928"/>
 <Entity id="930"/>
 <Entity id="931"/>
 <Entity id="932"/>
 <Entity id="933"/>
 <Entity id="934"/>
 <Entity id="935"/>
 <Entity id="936"/>
 <Entity id="937"/>
 <Entity id="939"/>
 <Entity id="940"/>
 <Entity id="941"/>
 <Entity id="943"/>
 <Entity id="947"/>
 <Entity id="948"/>
 <Entity id="950"/>
 <Entity id="952"/>
 <Entity id="953"/>
 <Entity id="954"/>
 <Entity id="955"/>
 <Entity id="956"/>
 <Entity id="957"/>
 <Entity id="959"/>
 <Entity id="960"/>
 <Entity id="962"/>
 <Entity id="964"/>
 <Entity id="965"/>
 <Entity id="967"/>
 <Entity id="968"/>
 <Entity id="969"/>
 <Entity id="970"/>
 <Entity id="971"/>
 <Entity id="973"/>
 <Entity id="974"/>
 <Entity id="975"/>
 <Entity id="976"/>
 <Entity id="977"/>
 <Entity id="978"/>
 <Entity id="981"/>
 <Entity id="982"/>
 <Entity id="983"/>
 <Entity id="984"/>
 <Entity id="985"/>
 <Entity id="990"/>
 <Entity id="991"/>
 <Entity id="992"/>
 <Entity id="994"/>
 <Entity id="996"/>
 <Entity id="997"/>
 <Entity id="998"/>
 <Entity id="999"/>
 <Entity id="1000"/>
 <Entity id="1001"/>
 <Entity id="1002"/>
 <Entity id="1003"/>
 <Entity id="1006"/>
 <Entity id="1008"/>
 <Entity id="1009"/>
 <Entity id="1010"/>
 <Entity id="1011"/>
 <Entity id="1012"/>
 <Entity id="1015"/>
 <Entity id="1016"/>
 <Entity id="1017"/>
 <Entity id="1018"/>
 <Entity id="1023"/>
 <Entity id="1025"/>
 <Entity id="1026"/>
 <Entity id="1027"/>
 <Entity id="1028"/>
 <Entity id="1029"/>
 <Entity id="1030"/>
 <Entity id="1031"/>
 <Entity id="1032"/>
 <Entity id="1033"/>
 <Entity id="1034"/>
 <Entity id="1035"/>
 <Entity id="1038"/>
 <Entity id="1040"/>
 <Entity id="1044"/>
 <Entity id="1046"/>
 <Entity id="1047"/>
 <Entity id="1048"/>
 <Entity id="1049"/>
 <Entity id="1051"/>
 <Entity id="1052"/>
 <Entity id="1053"/>
 <Entity id="1054"/>
 <Entity id="1056"/>
 <Entity id="1058"/>
 <Entity id="1059"/>
 <Entity id="1060"/>
 <Entity id="1063"/>
 <Entity id="1064"/>
 <Entity id="1065"/>
 <Entity id="1068"/>
 <Entity id="1069"/>
 <Entity id="1070"/>
 <Entity id="1071"/>
 <Entity id="1072"/>
 <Entity id="1073"/>
 <Entity id="1074"/>
 <Entity id="1075"/>
 <Entity id="1076"/>
 <Entity id="1078"/>
 <Entity id="1079"/>
 <Entity id="1080"/>
 <Entity id="1081"/>
 <Entity id="1082"/>
 <Entity id="1083"/>
 <Entity id="1086"/>
 <Entity id="1087"/>
 <Entity id="1089"/>
 <Entity id="1090"/>
 <Entity id="1091"/>
 <Entity id="1093"/>
 <Entity id="1094"/>
 <Entity id="1096"/>
 <Entity id="1097"/>
 <Entity id="1098"/>
 <Entity id="1099"/>
 <Entity id="1100"/>
 <Entity id="1101"/>
 <Entity id="1102"/>
 <Entity id="1103"/>
 <Entity id="1104"/>
 <Entity id="1106"/>
 <Entity id="1107"/>
 <Entity id="1108"/>
 <Entity id="1112"/>
 <Entity id="1113"/>
 <Entity id="1114"/>
 <Entity id="1116"/>
 <Entity id="1119"/>
 <Entity id="1121"/>
 <Entity id="1125"/>
 <Entity id="1126"/>
 <Entity id="1127"/>
 <Entity id="1128"/>
 <Entity id="1129"/>
 <Entity id="1130"/>
 <Entity id="1131"/>
 <Entity id="1132"/>
 <Entity id="1134"/>
 <Entity id="1135"/>
 <Entity id="1137"/>
 <Entity id="1138"/>
 <Entity id="1139"/>
 <Entity id="1140"/>
 <Entity id="1141"/>
 <Entity id="1142"/>
 <Entity id="1143"/>
 <Entity id="1146"/>
 <Entity id="1150"/>
 <Entity id="1152"/>
 <Entity id="1153"/>
 <Entity id="1157"/>
 <Entity id="1158"/>
 <Entity id="1160"/>
 <Entity id="1161"/>
 <Entity id="1162"/>
 <Entity id="1163"/>
 <Entity id="1165"/>
 <Entity id="1167"/>
 <Entity id="1169"/>
 <Entity id="1170"/>
 <Entity id="1171"/>
 <Entity id="1172"/>
 <Entity id="1173"/>
 <Entity id="1174"/>
 <Entity id="1176"/>
 <Entity id="1178"/>
 <Entity id="1179"/>
 <Entity id="1180"/>
 <Entity id="1182"/>
 <Entity id="1183"/>
 <Entity id="1184"/>
 <Entity id="1187"/>
 <Entity id="1188"/>
 <Entity id="1189"/>
 <Entity id="1190"/>
 <Entity id="1191"/>
 <Entity id="1192"/>
 <Entity id="1194"/>
 <Entity id="1195"/>
 <Entity id="1196"/>
 <Entity id="1197"/>
 <Entity id="1198"/>
 <Entity id="1199"/>
 <Entity id="1200"/>
 <Entity id="1201"/>
 <Entity id="1202"/>
 <Entity id="1203"/>
 <Entity id="1204"/>
 <Entity id="1205"/>
 <Entity id="1206"/>
 <Entity id="1207"/>
 <Entity id="1208"/>
 <Entity id="1209"/>
 <Entity id="1211"/>
 <Entity id="1212"/>
 <Entity id="1213"/>
 <Entity id="1216"/>
 <Entity id="1217"/>
 <Entity id="1219"/>
 <Entity id="1220"/>
 <Entity id="1221"/>
 <Entity id="1222"/>
 <Entity id="1223"/>
 <Entity id="1224"/>
 <Entity id="1225"/>
 <Entity id="1226"/>
 <Entity id="1227"/>
 <Entity id="1229"/>
 <Entity id="1230"/>
 <Entity id="1231"/>
 <Entity id="1232"/>
 <Entity id="1233"/>
 <Entity id="1234"/>
 <Entity id="1236"/>
 <Entity id="1237"/>
 <Entity id="1239"/>
 <Entity id="1240"/>
 <Entity id="1241"/>
 <Entity id="1243"/>
 <Entity id="1244"/>
 <Entity id="1245"/>
 <Entity id="1246"/>
 <Entity id="1247"/>
 <Entity id="1248"/>
 <Entity id="1250"/>
 <Entity id="1253"/>
 <Entity id="1257"/>
 <Entity id="1259"/>
 <Entity id="1260"/>
 <Entity id="1261"/>
 <Entity id="1262"/>
 <Entity id="1263"/>
 <Entity id="1264"/>
 <Entity id="1265"/>
 <Entity id="1267"/>
 <Entity id="1268"/>
 <Entity id="1269"/>
 <Entity id="1270"/>
 <Entity id="1271"/>
 <Entity id="1272"/>
 <Entity id="1273"/>
 <Entity id="1274"/>
 <Entity id="1275"/>
 <Entity id="1276"/>
 <Entity id="1277"/>
 <Entity id="1278"/>
 <Entity id="1279"/>
 <Entity id="1280"/>
 <Entity id="1281"/>
 <Entity id="1282"/>
 <Entity id="1283"/>
 <Entity id="1284"/>
 <Entity id="1285"/>
 <Entity id="1286"/>
 <Entity id="1287"/>
 <Entity id="1288"/>
 <Entity id="1289"/>
 <Entity id="1290"/>
 <Entity id="1291"/>
 <Entity id="1292"/>
 <Entity id="1293"/>
 <Entity id="1294"/>
 <Entity id="1295"/>
 <Entity id="1296"/>
 <Entity id="1297"/>
 <Entity id="1298"/>
 <Entity id="1299"/>
 <Entity id="1300"/>
 <Entity id="1301"/>
 <Entity id="1302"/>
 <Entity id="1303"/>
 <Entity id="1304"/>
 <Entity id="1305"/>
 <Entity id="1306"/>
 <Entity id="1307"/>
 <Entity id="1308"/>
 <Entity id="1309"/>
 <Entity id="1310"/>
 <Entity id="1311"/>
 <Entity id="1312"/>
 <Entity id="1313"/>
 <Entity id="1314"/>
 <Entity id="1315"/>
 <Entity id="1316"/>
 <Entity id="1317"/>
 <Entity id="1318"/>
 <Entity id="1320"/>
 <Entity id="1321"/>
 <Entity id="1322"/>
 <Entity id="1323"/>
 <Entity id="1324"/>
 <Entity id="1325"/>
 <Entity id="1326"/>
 <Entity id="1327"/>
 <Entity id="1328"/>
 <Entity id="1329"/>
 <Entity id="1330"/>
 <Entity id="1331"/>
 <Entity id="1332"/>
 <Entity id="1333"/>
 <Entity id="1334"/>
 <Entity id="1335"/>
 <Entity id="1336"/>
 <Entity id="1337"/>
 <Entity id="1338"/>
 <Entity id="1339"/>
 <Entity id="1340"/>
 <Entity id="1341"/>
 <Entity id="1342"/>
 <Entity id="1343"/>
 <Entity id="1344"/>
 <Entity id="1345"/>
 <Entity id="1346"/>
 <Entity id="1347"/>
 <Entity id="1348"/>
 <Entity id="1349"/>
 <Entity id="1350"/>
 <Entity id="1351"/>
 <Entity id="1352"/>
 <Entity id="1353"/>
 <Entity id="1354"/>
 <Entity id="1355"/>
 <Entity id="1356"/>
 <Entity id="1357"/>
 <Entity id="1358"/>
 <Entity id="1359"/>
 <Entity id="1360"/>
 <Entity id="1361"/>
 <Entity id="1362"/>
 <Entity id="1363"/>
 <Entity id="1364"/>
 <Entity id="1365"/>
 <Entity id="1366"/>
 <Entity id="1367"/>
 <Entity id="1368"/>
 <Entity id="1369"/>
 <Entity id="1370"/>
 <Entity id="1372"/>
 <Entity id="1373"/>
 <Entity id="1374"/>
 <Entity id="1375"/>
 <Entity id="1376"/>
 <Entity id="1377"/>
 <Entity id="1378"/>
 <Entity id="1379"/>
 <Entity id="1380"/>
 <Entity id="1381"/>
 <Entity id="1382"/>
 <Entity id="1383"/>
 <Entity id="1384"/>
 <Entity id="1385"/>
 <Entity id="1386"/>
 <Entity id="1387"/>
 <Entity id="1388"/>
 <Entity id="1389"/>
 <Entity id="1390"/>
 <Entity id="1391"/>
 <Entity id="1392"/>
 <Entity id="1393"/>
 <Entity id="1394"/>
 <Entity id="1395"/>
 <Entity id="1396"/>
 <Entity id="1397"/>
 <Entity id="1398"/>
 <Entity id="1399"/>
 <Entity id="1400"/>
 <Entity id="1401"/>
 <Entity id="1402"/>
 <Entity id="1403"/>
 <Entity id="1404"/>
 <Entity id="1405"/>
 <Entity id="1406"/>
 <Entity id="1407"/>
 <Entity id="1408"/>
 <Entity id="1409"/>
 <Entity id="1410"/>
 <Entity id="1411"/>
 <Entity id="1412"/>
 <Entity id="1413"/>
 <Entity id="1414"/>
 <Entity id="1415"/>
 <Entity id="1416"/>
 <Entity id="1417"/>
 <Entity id="1418"/>
 <Entity id="1419"/>
 <Entity id="1420"/>
 <Entity id="1421"/>
 <Entity id="1422"/>
 <Entity id="1423"/>
 <Entity id="1424"/>
 <Entity id="1425"/>
 <Entity id="1426"/>
 <Entity id="1427"/>
 <Entity id="1428"/>
 <Entity id="1429"/>
 <Entity id="1430"/>
 <Entity id="1431"/>
 <Entity id="1432"/>
 <Entity id="1433"/>
 <Entity id="1434"/>
 <Entity id="1435"/>
 <Entity id="1436"/>
 <Entity id="1437"/>
 <Entity id="1438"/>
 <Entity id="1439"/>
 <Entity id="1440"/>
 <Entity id="1441"/>
 <Entity id="1442"/>
 <Entity id="1443"/>
 <Entity id="1445"/>
 <Entity id="1446"/>
 <Entity id="1447"/>
 <Entity id="1448"/>
 <Entity id="1449"/>
 <Entity id="1450"/>
 <Entity id="1451"/>
 <Entity id="1452"/>
 <Entity id="1453"/>
 <Entity id="1454"/>
 <Entity id="1455"/>
 <Entity id="1456"/>
 <Entity id="1457"/>
 <Entity id="1458"/>
 <Entity id="1459"/>
 <Entity id="1460"/>
 <Entity id="1461"/>
 <Entity id="1462"/>
 <Entity id="1463"/>
 <Entity id="1464"/>
 <Entity id="1465"/>
 <Entity id="1466"/>
 <Entity id="1467"/>
 <Entity id="1468"/>
 <Entity id="1469"/>
 <Entity id="1470"/>
 <Entity id="1471"/>
 <Entity id="1472"/>
 <Entity id="1473"/>
 <Entity id="1474"/>
 <Entity id="1475"/>
 <Entity id="1476"/>
 <Entity id="1477"/>
 <Entity id="1479"/>
 <Entity id="1480"/>
 <Entity id="1481"/>
 <Entity id="1482"/>
 <Entity id="1483"/>
 <Entity id="1484"/>
 <Entity id="1485"/>
 <Entity id="1487"/>
 <Entity id="1488"/>
 <Entity id="1489"/>
 <Entity id="1490"/>
 <Entity id="1491"/>
 <Entity id="1492"/>
 <Entity id="1493"/>
 <Entity id="1494"/>
 <Entity id="1496"/>
 <Entity id="1497"/>
 <Entity id="1498"/>
 <Entity id="1499"/>
 <Entity id="1500"/>
 <Entity id="1501"/>
 <Entity id="1502"/>
 <Entity id="1503"/>
 <Entity id="1504"/>
 <Entity id="1505"/>
 <Entity id="1506"/>
 <Entity id="1507"/>
 <Entity id="1508"/>
 <Entity id="1509"/>
 <Entity id="1510"/>
 <Entity id="1511"/>
 <Entity id="1512"/>
 <Entity id="1513"/>
 <Entity id="1514"/>
 <Entity id="1515"/>
 <Entity id="1516"/>
 <Entity id="1517"/>
 <Entity id="1518"/>
 <Entity id="1519"/>
 <Entity id="1520"/>
 <Entity id="1521"/>
 <Entity id="1522"/>
 <Entity id="1523"/>
 <Entity id="1524"/>
 <Entity id="1525"/>
 <Entity id="1526"/>
 <Entity id="1527"/>
 <Entity id="1528"/>
 <Entity id="1529"/>
 <Entity id="1531"/>
 <Entity id="1532"/>
 <Entity id="1533"/>
 <Entity id="1534"/>
 <Entity id="1535"/>
 <Entity id="1536"/>
 <Entity id="1537"/>
 <Entity id="1538"/>
 <Entity id="1539"/>
 <Entity id="1540"/>
 <Entity id="1541"/>
 <Entity id="1542"/>
 <Entity id="1543"/>
 <Entity id="1544"/>
 <Entity id="1545"/>
 <Entity id="1546"/>
 <Entity id="1547"/>
 <Entity id="1548"/>
 <Entity id="1549"/>
 <Entity id="1550"/>
 <Entity id="1551"/>
 <Entity id="1552"/>
 <Entity id="1553"/>
 <Entity id="1554"/>
 <Entity id="1555"/>
 <Entity id="1556"/>
 <Entity id="1557"/>
 <Entity id="1558"/>
 <Entity id="1559"/>
 <Entity id="1560"/>
 <Entity id="1561"/>
 <Entity id="1562"/>
 <Entity id="1563"/>
 <Entity id="1564"/>
 <Entity id="1565"/>
 <Entity id="1566"/>
 <Entity id="1567"/>
 <Entity id="1568"/>
 <Entity id="1569"/>
 <Entity id="1570"/>
 <Entity id="1571"/>
 <Entity id="1572"/>
 <Entity id="1573"/>
 <Entity id="1574"/>
 <Entity id="1575"/>
 <Entity id="1576"/>
 <Entity id="1577"/>
 <Entity id="1578"/>
 <Entity id="1579"/>
 <Entity id="1580"/>
 <Entity id="1581"/>
 <Entity id="1582"/>
 <Entity id="1583"/>
 <Entity id="1584"/>
 <Entity id="1585"/>
 <Entity id="1586"/>
 <Entity id="1587"/>
 <Entity id="1588"/>
 <Entity id="1589"/>
 <Entity id="1590"/>
 <Entity id="1591"/>
 <Entity id="1592"/>
 <Entity id="1593"/>
 <Entity id="1594"/>
 <Entity id="1595"/>
 <Entity id="1596"/>
 <Entity id="1597"/>
 <Entity id="1598"/>
 <Entity id="1599"/>
 <Entity id="1600"/>
 <Entity id="1601"/>
 <Entity id="1602"/>
 <Entity id="1603"/>
 <Entity id="1604"/>
 <Entity id="1605"/>
 <Entity id="1606"/>
 <Entity id="1607"/>
 <Entity id="1608"/>
 <Entity id="1609"/>
 <Entity id="1610"/>
 <Entity id="1611"/>
 <Entity id="1612"/>
 <Entity id="1613"/>
 <Entity id="1614"/>
 <Entity id="1615"/>
 <Entity id="1616"/>
 <Entity id="1617"/>
 <Entity id="1618"/>
 <Entity id="1619"/>
 <Entity id="1620"/>
 <Entity id="1621"/>
 <Entity id="1622"/>
 <Entity id="1623"/>
 <Entity id="1624"/>
 <Entity id="1625"/>
 <Entity id="1626"/>
 <Entity id="1627"/>
 <Entity id="1628"/>
 <Entity id="1629"/>
 <Entity id="1630"/>
 <Entity id="1631"/>
 <Entity id="1632"/>
 <Entity id="1633"/>
 <Entity id="1634"/>
 <Entity id="1635"/>
 <Entity id="1636"/>
 <Entity id="1637"/>
 <Entity id="1638"/>
 <Entity id="1639"/>
 <Entity id="1640"/>
 <Entity id="1641"/>
 <Entity id="1642"/>
 <Entity id="1643"/>
 <Entity id="1644"/>
 <Entity id="1645"/>
 <Entity id="1646"/>
 <Entity id="1647"/>
 <Entity id="1648"/>
 <Entity id="1649"/>
 <Entity id="1650"/>
 <Entity id="1651"/>
 <Entity id="1652"/>
 <Entity id="1653"/>
 <Entity id="1654"/>
 <Entity id="1655"/>
 <Entity id="1656"/>
 <Entity id="1657"/>
 <Entity id="1658"/>
 <Entity id="1659"/>
 <Entity id="1660"/>
 <Entity id="1661"/>
 <Entity id="1662"/>
 <Entity id="1663"/>
 <Entity id="1664"/>
 <Entity id="1665"/>
 <Entity id="1666"/>
 <Entity id="1667"/>
 <Entity id="1668"/>
 <Entity id="1669"/>
 <Entity id="1670"/>
 <Entity id="1671"/>
 <Entity id="1672"/>
 <Entity id="1673"/>
 <Entity id="1674"/>
 <Entity id="1675"/>
 <Entity id="1676"/>
 <Entity id="1677"/>
 <Entity id="1678"/>
 <Entity id="1679"/>
 <Entity id="1680"/>
 <Entity id="1681"/>
 <Entity id="1682"/>
 <Entity id="1683"/>
 <Entity id="1684"/>
 <Entity id="1685"/>
 <Entity id="1686"/>
 <Entity id="1687"/>
 <Entity id="1688"/>
 <Entity id="1689"/>
 <Entity id="1690"/>
 <Entity id="1691"/>
 <Entity id="1692"/>
 <Entity id="1693"/>
 <Entity id="1694"/>
 <Entity id="1695"/>
 <Entity id="1696"/>
 <Entity id="1697"/>
 <Entity id="1698"/>
 <Entity id="1699"/>
 <Entity id="1700"/>
 <Entity id="1701"/>
 <Entity id="1702"/>
 <Entity id="1703"/>
 <Entity id="1704"/>
 <Entity id="1705"/>
 <Entity id="1706"/>
 <Entity id="1707"/>
 <Entity id="1708"/>
 <Entity id="1709"/>
 <Entity id="1710"/>
 <Entity id="1711"/>
 <Entity id="1712"/>
 <Entity id="1713"/>
 <Entity id="1714"/>
 <Entity id="1715"/>
 <Entity id="1716"/>
 <Entity id="1718"/>
 <Entity id="1719"/>
 <Entity id="1720"/>
 <Entity id="1721"/>
 <Entity id="1722"/>
 <Entity id="1723"/>
 <Entity id="1724"/>
 <Entity id="1725"/>
 <Entity id="1877"/>
 <Entity id="1878"/>
 <Entity id="1879"/>
 <Entity id="1880"/>
 <Entity id="1881"/>
 <Entity id="1882"/>
 <Entity id="1883"/>
 <Entity id="1884"/>
 <Entity id="1885"/>
 <Entity id="1886"/>
 <Entity id="1887"/>
 <Entity id="1888"/>
 <Entity id="1889"/>
 <Entity id="1890"/>
 <Entity id="1891"/>
 <Entity id="1892"/>
 <Entity id="1893"/>
 <Entity id="1894"/>
 <Entity id="1895"/>
 <Entity id="1896"/>
 <Entity id="1897"/>
 <Entity id="1898"/>
 <Entity id="1899"/>
 <Entity id="1900"/>
 <Entity id="1901"/>
 <Entity id="1902"/>
 <Entity id="1903"/>
 <Entity id="1904"/>
 <Entity id="1905"/>
 <Entity id="1906"/>
 <Entity id="1907"/>
 <Entity id="1908"/>
 <Entity id="1909"/>
 <Entity id="1910"/>
 <Entity id="1911"/>
 <Entity id="1912"/>
 <Entity id="1913"/>
 <Entity id="1914"/>
 <Entity id="1915"/>
 <Entity id="1916"/>
 <Entity id="1917"/>
 <Entity id="1918"/>
 <Entity id="1919"/>
 <Entity id="1920"/>
 <Entity id="1922"/>
 <Entity id="1923"/>
 <Entity id="1924"/>
 <Entity id="1925"/>
 <Entity id="1926"/>
 <Entity id="1927"/>
 <Entity id="1929"/>
 <Entity id="1932"/>
 <Entity id="1934"/>
 <Entity id="1935"/>
 <Entity id="1953"/>
 <Entity id="1954"/>
 <Entity id="1955"/>
 <Entity id="1956"/>
 <Entity id="1957"/>
 <Entity id="1958"/>
 <Entity id="1959"/>
 <Entity id="1960"/>
 <Entity id="1961"/>
 <Entity id="1962"/>
 <Entity id="1963"/>
 <Entity id="1964"/>
 <Entity id="1965"/>
 <Entity id="1966"/>
 <Entity id="1967"/>
 <Entity id="1968"/>
 <Entity id="1969"/>
 <Entity id="1970"/>
 <Entity id="1971"/>
 <Entity id="1972"/>
 <Entity id="1973"/>
 <Entity id="1974"/>
 <Entity id="1975"/>
 <Entity id="1976"/>
 <Entity id="1977"/>
 <Entity id="1978"/>
 <Entity id="1979"/>
 <Entity id="1980"/>
 <Entity id="1981"/>
 <Entity id="1982"/>
 <Entity id="1983"/>
 <Entity id="1984"/>
 <Entity id="1985"/>
 <Entity id="1986"/>
 <Entity id="1987"/>
 <Entity id="1988"/>
 <Entity id="1989"/>
 <Entity id="1990"/>
 <Entity id="1991"/>
 <Entity id="1992"/>
 <Entity id="1995"/>
 <Entity id="1996"/>
 <Entity id="1997"/>
 <Entity id="1998"/>
 <Entity id="1999"/>
 <Entity id="2000"/>
 <Entity id="2001"/>
 <Entity id="2002"/>
 <Entity id="2004"/>
 <Entity id="2005"/>
 <Entity id="2006"/>
 <Entity id="2007"/>
 <Entity id="2018"/>
 <Entity id="2019"/>
 <Entity id="2020"/>
 <Entity id="2021"/>
 <Entity id="2022"/>
 <Entity id="2023"/>
 <Entity id="2024"/>
 <Entity id="2025"/>
 <Entity id="2026"/>
 <Entity id="2027"/>
 <Entity id="2028"/>
 <Entity id="2029"/>
 <Entity id="2030"/>
 <Entity id="2031"/>
 <Entity id="2032"/>
 <Entity id="2033"/>
 <Entity id="2034"/>
 <Entity id="2035"/>
 <Entity id="2036"/>
 <Entity id="2037"/>
 <Entity id="2038"/>
 <Entity id="2039"/>
 <Entity id="2040"/>
 <Entity id="2041"/>
 <Entity id="2042"/>
 <Entity id="2043"/>
 <Entity id="2044"/>
 <Entity id="2045"/>
 <Entity id="2046"/>
 <Entity id="2047"/>
 <Entity id="2048"/>
 <Entity id="2049"/>
 <Entity id="2050"/>
 <Entity id="2051"/>
 <Entity id="2052"/>
 <Entity id="2053"/>
 <Entity id="2054"/>
 <Entity id="2055"/>
 <Entity id="2056"/>
 <Entity id="2057"/>
 <Entity id="2058"/>
 <Entity id="2059"/>
 <Entity id="2060"/>
 <Entity id="2061"/>
 <Entity id="2062"/>
 <Entity id="2063"/>
 <Entity id="2064"/>
 <Entity id="2065"/>
 <Entity id="2066"/>
 <Entity id="2067"/>
 <Entity id="2068"/>
 <Entity id="2069"/>
 <Entity id="2070"/>
 <Entity id="2071"/>
 <Entity id="2072"/>
 <Entity id="2073"/>
 <Entity id="2074"/>
 <Entity id="2075"/>
 <Entity id="2076"/>
 <Entity id="2077"/>
 <Entity id="2078"/>
 <Entity id="2079"/>
 <Entity id="2080"/>
 <Entity id="2081"/>
 <Entity id="2082"/>
 <Entity id="2083"/>
 <Entity id="2084"/>
 <Entity id="2085"/>
 <Entity id="2086"/>
 <Entity id="2087"/>
 <Entity id="2088"/>
 <Entity id="2089"/>
 <Entity id="2090"/>
 <Entity id="2091"/>
 <Entity id="2092"/>
 <Entity id="2093"/>
 <Entity id="2094"/>
 <Entity id="2095"/>
 <Entity id="2096"/>
 <Entity id="2097"/>
 <Entity id="2098"/>
 <Entity id="2099"/>
 <Entity id="2100"/>
 <Entity id="2135"/>
 <Entity id="2137"/>
 <Entity id="2150"/>
 <Entity id="2153"/>
 <Entity id="2155"/>
 <Entity id="2159"/>
 <Entity id="2160"/>
 <Entity id="2161"/>
 <Entity id="2162"/>
 <Entity id="2164"/>
 <Entity id="2165"/>
 <Entity id="2169"/>
 <Entity id="2172"/>
 <Entity id="2185"/>
 <Entity id="2186"/>
 <Entity id="2189"/>
 <Entity id="2191"/>
 <Entity id="2192"/>
 <Entity id="2193"/>
 <Entity id="2194"/>
 <Entity id="2195"/>
 <Entity id="2196"/>
 <Entity id="2197"/>
 <Entity id="2198"/>
 <Entity id="2200"/>
 <Entity id="2202"/>
 <Entity id="2203"/>
 <Entity id="2204"/>
 <Entity id="2207"/>
 <Entity id="2208"/>
 <Entity id="2212"/>
 <Entity id="2217"/>
 <Entity id="2221"/>
 <Entity id="2223"/>
 <Entity id="2230"/>
 <Entity id="2231"/>
 <Entity id="2232"/>
 <Entity id="2233"/>
 <Entity id="2234"/>
 <Entity id="2235"/>
 <Entity id="2236"/>
 <Entity id="2237"/>
 <Entity id="2238"/>
 <Entity id="2239"/>
 <Entity id="2240"/>
 <Entity id="2241"/>
 <Entity id="2242"/>
 <Entity id="2243"/>
 <Entity id="2244"/>
 <Entity id="2245"/>
 <Entity id="2246"/>
 <Entity id="2247"/>
 <Entity id="2248"/>
 <Entity id="2249"/>
 <Entity id="2250"/>
 <Entity id="2251"/>
 <Entity id="2252"/>
 <Entity id="2253"/>
 <Entity id="2254"/>
 <Entity id="2255"/>
 <Entity id="2256"/>
 <Entity id="2257"/>
 <Entity id="2258"/>
 <Entity id="2259"/>
 <Entity id="2260"/>
 <Entity id="2261"/>
 <Entity id="2262"/>
 <Entity id="2263"/>
 <Entity id="2264"/>
 <Entity id="2265"/>
 <Entity id="2266"/>
 <Entity id="2267"/>
 <Entity id="2268"/>
 <Entity id="2269"/>
 <Entity id="2270"/>
 <Entity id="2271"/>
 <Entity id="2272"/>
 <Entity id="2273"/>
 <Entity id="2274"/>
 <Entity id="2275"/>
 <Entity id="2276"/>
 <Entity id="2277"/>
 <Entity id="2278"/>
 <Entity id="2279"/>
 <Entity id="2280"/>
 <Entity id="2281"/>
 <Entity id="2282"/>
 <Entity id="2283"/>
 <Entity id="2284"/>
 <Entity id="2285"/>
 <Entity id="2286"/>
 <Entity id="2287"/>
 <Entity id="2288"/>
 <Entity id="2289"/>
 <Entity id="2290"/>
 <Entity id="2291"/>
 <Entity id="2292"/>
 <Entity id="2293"/>
 <Entity id="2294"/>
 <Entity id="2295"/>
 <Entity id="2296"/>
 <Entity id="2297"/>
 <Entity id="2298"/>
 <Entity id="2299"/>
 <Entity id="2300"/>
 <Entity id="2301"/>
 <Entity id="2302"/>
 <Entity id="2303"/>
 <Entity id="2304"/>
 <Entity id="2305"/>
 <Entity id="2306"/>
 <Entity id="2307"/>
 <Entity id="2308"/>
 <Entity id="2309"/>
 <Entity id="2310"/>
 <Entity id="2311"/>
 <Entity id="2312"/>
 <Entity id="2313"/>
 <Entity id="2314"/>
 <Entity id="2315"/>
 <Entity id="2316"/>
 <Entity id="2317"/>
 <Entity id="2318"/>
 <Entity id="2319"/>
 <Entity id="2320"/>
 <Entity id="2321"/>
 <Entity id="2322"/>
 <Entity id="2323"/>
 <Entity id="2324"/>
 <Entity id="2325"/>
 <Entity id="2326"/>
 <Entity id="2327"/>
 <Entity id="2328"/>
 <Entity id="2329"/>
 <Entity id="2330"/>
 <Entity id="2331"/>
 <Entity id="2332"/>
 <Entity id="2333"/>
 <Entity id="2334"/>
 <Entity id="2335"/>
 <Entity id="2336"/>
 <Entity id="2337"/>
 <Entity id="2338"/>
 <Entity id="2339"/>
 <Entity id="2340"/>
 <Entity id="2341"/>
 <Entity id="2343"/>
 <Entity id="2348"/>
 <Entity id="2352"/>
 <Entity id="2353"/>
 <Entity id="2357"/>
 <Entity id="2359"/>
 <Entity id="2360"/>
 <Entity id="2362"/>
 <Entity id="2365"/>
 <Entity id="2367"/>
 <Entity id="2369"/>
 <Entity id="2370"/>
 <Entity id="2373"/>
 <Entity id="2374"/>
 <Entity id="2375"/>
 <Entity id="2376"/>
 <Entity id="2377"/>
 <Entity id="2379"/>
 <Entity id="2380"/>
 <Entity id="2381"/>
 <Entity id="2382"/>
 <Entity id="2385"/>
 <Entity id="2387"/>
 <Entity id="2388"/>
 <Entity id="2389"/>
 <Entity id="2391"/>
 <Entity id="2393"/>
 <Entity id="2394"/>
 <Entity id="2396"/>
 <Entity id="2397"/>
 <Entity id="2398"/>
 <Entity id="2399"/>
 <Entity id="2400"/>
 <Entity id="2401"/>
 <Entity id="2402"/>
 <Entity id="2406"/>
 <Entity id="2407"/>
 <Entity id="2417"/>
 <Entity id="2418"/>
 <Entity id="2420"/>
 <Entity id="2421"/>
 <Entity id="2425"/>
 <Entity id="2426"/>
 <Entity id="2427"/>
 <Entity id="2428"/>
 <Entity id="2431"/>
 <Entity id="2436"/>
 <Entity id="2437"/>
 <Entity id="2440"/>
 <Entity id="2442"/>
 <Entity id="2444"/>
 <Entity id="2447"/>
 <Entity id="2452"/>
 <Entity id="2455"/>
 <Entity id="2467"/>
 <Entity id="2471"/>
 <Entity id="2472"/>
 <Entity id="2474"/>
 <Entity id="2476"/>
 <Entity id="2479"/>
 <Entity id="2482"/>
 <Entity id="2483"/>
 <Entity id="2484"/>
 <Entity id="2486"/>
 <Entity id="2487"/>
 <Entity id="2490"/>
 <Entity id="2491"/>
 <Entity id="2493"/>
 <Entity id="2495"/>
 <Entity id="2496"/>
 <Entity id="2499"/>
 <Entity id="2502"/>
 <Entity id="2505"/>
 <Entity id="2507"/>
 <Entity id="2510"/>
 <Entity id="2511"/>
 <Entity id="2512"/>
 <Entity id="2513"/>
 <Entity id="2515"/>
 <Entity id="2518"/>
 <Entity id="2521"/>
 <Entity id="2522"/>
 <Entity id="2526"/>
 <Entity id="2532"/>
 <Entity id="2534"/>
 <Entity id="2535"/>
 <Entity id="2541"/>
 <Entity id="2546"/>
 <Entity id="2549"/>
 <Entity id="2550"/>
 <Entity id="2552"/>
 <Entity id="2554"/>
 <Entity id="2558"/>
 <Entity id="2559"/>
 <Entity id="2562"/>
 <Entity id="2563"/>
 <Entity id="2568"/>
 <Entity id="2571"/>
 <Entity id="2578"/>
 <Entity id="2581"/>
 <Entity id="2583"/>
 <Entity id="2589"/>
 <Entity id="2592"/>
 <Entity id="2595"/>
 <Entity id="2597"/>
 <Entity id="2598"/>
 <Entity id="2612"/>
 <Entity id="2616"/>
 <Entity id="2619"/>
 <Entity id="2621"/>
 <Entity id="2631"/>
 <Entity id="2635"/>
 <Entity id="2638"/>
 <Entity id="2639"/>
 <Entity id="2640"/>
 <Entity id="2642"/>
 <Entity id="2643"/>
 <Entity id="2645"/>
 <Entity id="2646"/>
 <Entity id="2647"/>
 <Entity id="2652"/>
 <Entity id="2655"/>
 <Entity id="2656"/>
 <Entity id="2657"/>
 <Entity id="2658"/>
 <Entity id="2660"/>
 <Entity id="2661"/>
 <Entity id="2662"/>
 <Entity id="2668"/>
 <Entity id="2669"/>
 <Entity id="2670"/>
 <Entity id="2673"/>
 <Entity id="2675"/>
 <Entity id="2676"/>
 <Entity id="2679"/>
 <Entity id="2681"/>
 <Entity id="2684"/>
 <Entity id="2686"/>
 <Entity id="2689"/>
 <Entity id="2703"/>
 <Entity id="2706"/>
 <Entity id="2707"/>
 <Entity id="2708"/>
 <Entity id="2709"/>
 <Entity id="2711"/>
 <Entity id="2714"/>
 <Entity id="2715"/>
 <Entity id="2723"/>
 <Entity id="2728"/>
 <Entity id="2734"/>
 <Entity id="2741"/>
 <Entity id="2744"/>
 <Entity id="2745"/>
 <Entity id="2752"/>
 <Entity id="2753"/>
 <Entity id="2755"/>
 <Entity id="2757"/>
 <Entity id="2759"/>
 <Entity id="2764"/>
 <Entity id="2765"/>
 <Entity id="2768"/>
 <Entity id="2769"/>
 <Entity id="2770"/>
 <Entity id="2783"/>
 <Entity id="2785"/>
 <Entity id="2789"/>
 <Entity id="2791"/>
 <Entity id="2792"/>
 <Entity id="2793"/>
 <Entity id="2794"/>
 <Entity id="2799"/>
 <Entity id="2807"/>
 <Entity id="2809"/>
 <Entity id="2811"/>
 <Entity id="2812"/>
 <Entity id="2818"/>
 <Entity id="2824"/>
 <Entity id="2828"/>
 <Entity id="2830"/>
 <Entity id="2831"/>
 <Entity id="2832"/>
 <Entity id="2835"/>
 <Entity id="2836"/>
 <Entity id="2837"/>
 <Entity id="2838"/>
 <Entity id="2840"/>
 <Entity id="2841"/>
 <Entity id="2842"/>
 <Entity id="2844"/>
 <Entity id="2846"/>
 <Entity id="2847"/>
 <Entity id="2848"/>
 <Entity id="2852"/>
 <Entity id="2854"/>
 <Entity id="2855"/>
 <Entity id="2858"/>
 <Entity id="2860"/>
 <Entity id="2861"/>
 <Entity id="2865"/>
 <Entity id="2867"/>
 <Entity id="2868"/>
 <Entity id="2871"/>
 <Entity id="2875"/>
 <Entity id="2883"/>
 <Entity id="2884"/>
 <Entity id="2886"/>
 <Entity id="2888"/>
 <Entity id="2891"/>
 <Entity id="2894"/>
 <Entity id="2896"/>
 <Entity id="2897"/>
 <Entity id="2898"/>
 <Entity id="2899"/>
 <Entity id="2900"/>
 <Entity id="2901"/>
 <Entity id="2902"/>
 <Entity id="2903"/>
 <Entity id="2905"/>
 <Entity id="2906"/>
 <Entity id="2908"/>
 <Entity id="2909"/>
 <Entity id="2910"/>
 <Entity id="2911"/>
 <Entity id="2912"/>
 <Entity id="2913"/>
 <Entity id="2915"/>
 <Entity id="2916"/>
 <Entity id="2917"/>
 <Entity id="2918"/>
 <Entity id="2919"/>
 <Entity id="2920"/>
 <Entity id="2921"/>
 <Entity id="2923"/>
 <Entity id="2924"/>
 <Entity id="2925"/>
 <Entity id="2926"/>
 <Entity id="2927"/>
 <Entity id="2928"/>
 <Entity id="2929"/>
 <Entity id="2931"/>
 <Entity id="2932"/>
 <Entity id="2933"/>
 <Entity id="2934"/>
 <Entity id="2935"/>
 <Entity id="2936"/>
 <Entity id="2938"/>
 <Entity id="2940"/>
 <Entity id="2942"/>
 <Entity id="2943"/>
 <Entity id="2944"/>
 <Entity id="2945"/>
 <Entity id="2946"/>
 <Entity id="2947"/>
 <Entity id="2948"/>
 <Entity id="2950"/>
 <Entity id="2951"/>
 <Entity id="2952"/>
 <Entity id="2953"/>
 <Entity id="2955"/>
 <Entity id="2958"/>
 <Entity id="2960"/>
 <Entity id="2961"/>
 <Entity id="2962"/>
 <Entity id="2963"/>
 <Entity id="2964"/>
 <Entity id="2965"/>
 <Entity id="2966"/>
 <Entity id="2967"/>
 <Entity id="2969"/>
 <Entity id="2970"/>
 <Entity id="2971"/>
 <Entity id="2972"/>
 <Entity id="2973"/>
 <Entity id="2974"/>
 <Entity id="2975"/>
 <Entity id="2976"/>
 <Entity id="2977"/>
 <Entity id="2978"/>
 <Entity id="2980"/>
 <Entity id="2981"/>
 <Entity id="2982"/>
 <Entity id="2983"/>
 <Entity id="2984"/>
 <Entity id="2985"/>
 <Entity id="2987"/>
 <Entity id="2988"/>
 <Entity id="2990"/>
 <Entity id="2991"/>
 <Entity id="2992"/>
 <Entity id="2993"/>
 <Entity id="2994"/>
 <Entity id="2997"/>
 <Entity id="2998"/>
 <Entity id="2999"/>
 <Entity id="3000"/>
 <Entity id="3001"/>
 <Entity id="3002"/>
 <Entity id="3003"/>
 <Entity id="3005"/>
 <Entity id="3006"/>
 <Entity id="3007"/>
 <Entity id="3008"/>
 <Entity id="3009"/>
 <Entity id="3010"/>
 <Entity id="3011"/>
 <Entity id="3012"/>
 <Entity id="3014"/>
 <Entity id="3015"/>
 <Entity id="3016"/>
 <Entity id="3017"/>
 <Entity id="3018"/>
 <Entity id="3019"/>
 <Entity id="3020"/>
 <Entity id="3021"/>
 <Entity id="3022"/>
 <Entity id="3023"/>
 <Entity id="3024"/>
 <Entity id="3026"/>
 <Entity id="3029"/>
 <Entity id="3031"/>
 <Entity id="3032"/>
 <Entity id="3033"/>
 <Entity id="3034"/>
 <Entity id="3035"/>
 <Entity id="3038"/>
 <Entity id="3039"/>
 <Entity id="3040"/>
 <Entity id="3041"/>
 <Entity id="3042"/>
 <Entity id="3043"/>
 <Entity id="3046"/>
 <Entity id="3048"/>
 <Entity id="3049"/>
 <Entity id="3050"/>
 <Entity id="3051"/>
 <Entity id="3052"/>
 <Entity id="3055"/>
 <Entity id="3061"/>
 <Entity id="3062"/>
 <Entity id="3063"/>
 <Entity id="3064"/>
 <Entity id="3065"/>
 <Entity id="3066"/>
 <Entity id="3067"/>
 <Entity id="3068"/>
 <Entity id="3070"/>
 <Entity id="3071"/>
 <Entity id="3072"/>
 <Entity id="3073"/>
 <Entity id="3075"/>
 <Entity id="3076"/>
 <Entity id="3079"/>
 <Entity id="3084"/>
 <Entity id="3087"/>
 <Entity id="3088"/>
 <Entity id="3092"/>
 <Entity id="3094"/>
 <Entity id="3095"/>
 <Entity id="3100"/>
 <Entity id="3101"/>
 <Entity id="3103"/>
 <Entity id="3105"/>
 <Entity id="3109"/>
 <Entity id="3110"/>
 <Entity id="3111"/>
 <Entity id="3112"/>
 <Entity id="3114"/>
 <Entity id="3115"/>
 <Entity id="3117"/>
 <Entity id="3118"/>
 <Entity id="3119"/>
 <Entity id="3120"/>
 <Entity id="3122"/>
 <Entity id="3124"/>
 <Entity id="3125"/>
 <Entity id="3127"/>
 <Entity id="3128"/>
 <Entity id="3129"/>
 <Entity id="3133"/>
 <Entity id="3136"/>
 <Entity id="3138"/>
 <Entity id="3141"/>
 <Entity id="3142"/>
 <Entity id="3143"/>
 <Entity id="3146"/>
 <Entity id="3147"/>
 <Entity id="3148"/>
 <Entity id="3149"/>
 <Entity id="3151"/>
 <Entity id="3152"/>
 <Entity id="3156"/>
 <Entity id="3157"/>
 <Entity id="3158"/>
 <Entity id="3159"/>
 <Entity id="3162"/>
 <Entity id="3166"/>
 <Entity id="3167"/>
 <Entity id="3169"/>
 <Entity id="3174"/>
 <Entity id="3176"/>
 <Entity id="3177"/>
 <Entity id="3178"/>
 <Entity id="3179"/>
 <Entity id="3180"/>
 <Entity id="3181"/>
 <Entity id="3182"/>
 <Entity id="3183"/>
 <Entity id="3191"/>
 <Entity id="3192"/>
 <Entity id="3193"/>
 <Entity id="3194"/>
 <Entity id="3196"/>
 <Entity id="3197"/>
 <Entity id="3199"/>
 <Entity id="3202"/>
 <Entity id="3203"/>
 <Entity id="3208"/>
 <Entity id="3209"/>
 <Entity id="3213"/>
 <Entity id="3214"/>
 <Entity id="3216"/>
 <Entity id="3219"/>
 <Entity id="3221"/>
 <Entity id="3222"/>
 <Entity id="3225"/>
 <Entity id="3230"/>
 <Entity id="3232"/>
 <Entity id="3234"/>
 <Entity id="3235"/>
 <Entity id="3236"/>
 <Entity id="3237"/>
 <Entity id="3239"/>
 <Entity id="3241"/>
 <Entity id="3242"/>
 <Entity id="3243"/>
 <Entity id="3244"/>
 <Entity id="3247"/>
 <Entity id="3249"/>
 <Entity id="3250"/>
 <Entity id="3253"/>
 <Entity id="3255"/>
 <Entity id="3259"/>
 <Entity id="3261"/>
 <Entity id="3263"/>
 <Entity id="3265"/>
 <Entity id="3266"/>
 <Entity id="3267"/>
 <Entity id="3269"/>
 <Entity id="3270"/>
 <Entity id="3271"/>
 <Entity id="3272"/>
 <Entity id="3275"/>
 <Entity id="3279"/>
 <Entity id="3281"/>
 <Entity id="3282"/>
 <Entity id="3283"/>
 <Entity id="3285"/>
 <Entity id="3289"/>
 <Entity id="3290"/>
 <Entity id="3291"/>
 <Entity id="3292"/>
 <Entity id="3293"/>
 <Entity id="3297"/>
 <Entity id="3299"/>
 <Entity id="3300"/>
 <Entity id="3301"/>
 <Entity id="3302"/>
 <Entity id="3303"/>
 <Entity id="3304"/>
 <Entity id="3305"/>
 <Entity id="3308"/>
 <Entity id="3309"/>
 <Entity id="3311"/>
 <Entity id="3312"/>
 <Entity id="3313"/>
 <Entity id="3316"/>
 <Entity id="3317"/>
 <Entity id="3318"/>
 <Entity id="3320"/>
 <Entity id="3321"/>
 <Entity id="3323"/>
 <Entity id="3326"/>
 <Entity id="3330"/>
 <Entity id="3335"/>
 <Entity id="3337"/>
 <Entity id="3339"/>
 <Entity id="3340"/>
 <Entity id="3342"/>
 <Entity id="3343"/>
 <Entity id="3346"/>
 <Entity id="3347"/>
 <Entity id="3349"/>
 <Entity id="3351"/>
 <Entity id="3353"/>
 <Entity id="3354"/>
 <Entity id="3355"/>
 <Entity id="3356"/>
 <Entity id="3357"/>
 <Entity id="3359"/>
 <Entity id="3360"/>
 <Entity id="3361"/>
 <Entity id="3362"/>
 <Entity id="3365"/>
 <Entity id="3366"/>
 <Entity id="3368"/>
 <Entity id="3369"/>
 <Entity id="3370"/>
 <Entity id="3371"/>
 <Entity id="3372"/>
 <Entity id="3373"/>
 <Entity id="3374"/>
 <Entity id="3375"/>
 <Entity id="3377"/>
 <Entity id="3378"/>
 <Entity id="3381"/>
 <Entity id="3382"/>
 <Entity id="3383"/>
 <Entity id="3384"/>
 <Entity id="3388"/>
 <Entity id="3390"/>
 <Entity id="3391"/>
 <Entity id="3392"/>
 <Entity id="3395"/>
 <Entity id="3396"/>
 <Entity id="3397"/>
 <Entity id="3398"/>
 <Entity id="3399"/>
 <Entity id="3400"/>
 <Entity id="3403"/>
 <Entity id="3404"/>
 <Entity id="3415"/>
 <Entity id="3416"/>
 <Entity id="3417"/>
 <Entity id="3418"/>
 <Entity id="3419"/>
 <Entity id="3421"/>
 <Entity id="3422"/>
 <Entity id="3423"/>
 <Entity id="3425"/>
 <Entity id="3426"/>
 <Entity id="3428"/>
 <Entity id="3431"/>
 <Entity id="3433"/>
 <Entity id="3437"/>
 <Entity id="3439"/>
 <Entity id="3441"/>
 <Entity id="3442"/>
 <Entity id="3444"/>
 <Entity id="3450"/>
 <Entity id="3454"/>
 <Entity id="3455"/>
 <Entity id="3457"/>
 <Entity id="3458"/>
 <Entity id="3460"/>
 <Entity id="3461"/>
 <Entity id="3465"/>
 <Entity id="3468"/>
 <Entity id="3469"/>
 <Entity id="3470"/>
 <Entity id="3474"/>
 <Entity id="3477"/>
 <Entity id="3480"/>
 <Entity id="3483"/>
 <Entity id="3486"/>
 <Entity id="3488"/>
 <Entity id="3489"/>
 <Entity id="3490"/>
 <Entity id="3491"/>
 <Entity id="3492"/>
 <Entity id="3494"/>
 <Entity id="3496"/>
 <Entity id="3497"/>
 <Entity id="3498"/>
 <Entity id="3500"/>
 <Entity id="3501"/>
 <Entity id="3502"/>
 <Entity id="3504"/>
 <Entity id="3508"/>
 <Entity id="3509"/>
 <Entity id="3512"/>
 <Entity id="3514"/>
 <Entity id="3515"/>
 <Entity id="3520"/>
 <Entity id="3523"/>
 <Entity id="3524"/>
 <Entity id="3528"/>
 <Entity id="3534"/>
 <Entity id="3537"/>
 <Entity id="3540"/>
 <Entity id="3543"/>
 <Entity id="3544"/>
 <Entity id="3546"/>
 <Entity id="3548"/>
 <Entity id="3550"/>
 <Entity id="3551"/>
 <Entity id="3552"/>
 <Entity id="3553"/>
 <Entity id="3554"/>
 <Entity id="3556"/>
 <Entity id="3557"/>
 <Entity id="3558"/>
 <Entity id="3559"/>
 <Entity id="3560"/>
 <Entity id="3562"/>
 <Entity id="3563"/>
 <Entity id="3564"/>
 <Entity id="3566"/>
 <Entity id="3569"/>
 <Entity id="3570"/>
 <Entity id="3571"/>
 <Entity id="3572"/>
 <Entity id="3576"/>
 <Entity id="3578"/>
 <Entity id="3581"/>
 <Entity id="3582"/>
 <Entity id="3586"/>
 <Entity id="3587"/>
 <Entity id="3588"/>
 <Entity id="3592"/>
 <Entity id="3595"/>
 <Entity id="3596"/>
 <Entity id="3598"/>
 <Entity id="3599"/>
 <Entity id="3601"/>
 <Entity id="3605"/>
 <Entity id="3606"/>
 <Entity id="3607"/>
 <Entity id="3609"/>
 <Entity id="3610"/>
 <Entity id="3613"/>
 <Entity id="3617"/>
 <Entity id="3623"/>
 <Entity id="3624"/>
 <Entity id="3626"/>
 <Entity id="3628"/>
 <Entity id="3630"/>
 <Entity id="3631"/>
 <Entity id="3633"/>
 <Entity id="3635"/>
 <Entity id="3636"/>
 <Entity id="3640"/>
 <Entity id="3643"/>
 <Entity id="3644"/>
 <Entity id="3648"/>
 <Entity id="3649"/>
 <Entity id="3654"/>
 <Entity id="3656"/>
 <Entity id="3657"/>
 <Entity id="3658"/>
 <Entity id="3659"/>
 <Entity id="3662"/>
 <Entity id="3669"/>
 <Entity id="3670"/>
 <Entity id="3671"/>
 <Entity id="3674"/>
 <Entity id="3678"/>
 <Entity id="3679"/>
 <Entity id="3680"/>
 <Entity id="3681"/>
 <Entity id="3682"/>
 <Entity id="3683"/>
 <Entity id="3684"/>
 <Entity id="3690"/>
 <Entity id="3691"/>
 <Entity id="3694"/>
 <Entity id="3698"/>
 <Entity id="3700"/>
 <Entity id="3703"/>
 <Entity id="3705"/>
 <Entity id="3708"/>
 <Entity id="3709"/>
 <Entity id="3710"/>
 <Entity id="3713"/>
 <Entity id="3714"/>
 <Entity id="3715"/>
 <Entity id="3716"/>
 <Entity id="3723"/>
 <Entity id="3728"/>
 <Entity id="3730"/>
 <Entity id="3733"/>
 <Entity id="3745"/>
 <Entity id="3747"/>
 <Entity id="3748"/>
 <Entity id="3751"/>
 <Entity id="3752"/>
 <Entity id="3754"/>
 <Entity id="3756"/>
 <Entity id="3757"/>
 <Entity id="3759"/>
 <Entity id="3760"/>
 <Entity id="3762"/>
 <Entity id="3763"/>
 <Entity id="3764"/>
 <Entity id="3768"/>
 <Entity id="3769"/>
 <Entity id="3770"/>
 <Entity id="3772"/>
 <Entity id="3776"/>
 <Entity id="3777"/>
 <Entity id="3779"/>
 <Entity id="3780"/>
 <Entity id="3781"/>
 <Entity id="3782"/>
 <Entity id="3783"/>
 <Entity id="3784"/>
 <Entity id="3785"/>
 <Entity id="3786"/>
 <Entity id="3787"/>
 <Entity id="3788"/>
 <Entity id="3789"/>
 <Entity id="3790"/>
 <Entity id="3791"/>
 <Entity id="3792"/>
 <Entity id="3793"/>
 <Entity id="3794"/>
 <Entity id="3797"/>
 <Entity id="3798"/>
 <Entity id="3802"/>
 <Entity id="3803"/>
 <Entity id="3804"/>
 <Entity id="3808"/>
 <Entity id="3810"/>
 <Entity id="3811"/>
 <Entity id="3812"/>
 <Entity id="3813"/>
 <Entity id="3814"/>
 <Entity id="3815"/>
 <Entity id="3816"/>
 <Entity id="3817"/>
 <Entity id="3820"/>
 <Entity id="3821"/>
 <Entity id="3822"/>
 <Entity id="3823"/>
 <Entity id="3824"/>
 <Entity id="3825"/>
 <Entity id="3827"/>
 <Entity id="3828"/>
 <Entity id="3829"/>
 <Entity id="3830"/>
 <Entity id="3831"/>
 <Entity id="3832"/>
 <Entity id="3833"/>
 <Entity id="3834"/>
 <Entity id="3835"/>
 <Entity id="3836"/>
 <Entity id="3837"/>
 <Entity id="3838"/>
 <Entity id="3839"/>
 <Entity id="3840"/>
 <Entity id="3841"/>
 <Entity id="3842"/>
 <Entity id="3844"/>
 <Entity id="3846"/>
 <Entity id="3847"/>
 <Entity id="3849"/>
 <Entity id="3850"/>
 <Entity id="3851"/>
 <Entity id="3852"/>
 <Entity id="3854"/>
 <Entity id="3855"/>
 <Entity id="3856"/>
 <Entity id="3857"/>
 <Entity id="3858"/>
 <Entity id="3860"/>
 <Entity id="3861"/>
 <Entity id="3862"/>
 <Entity id="3863"/>
 <Entity id="3864"/>
 <Entity id="3865"/>
 <Entity id="3866"/>
 <Entity id="3869"/>
 <Entity id="3871"/>
 <Entity id="3872"/>
 <Entity id="3873"/>
 <Entity id="3874"/>
 <Entity id="3875"/>
 <Entity id="3877"/>
 <Entity id="3878"/>
 <Entity id="3879"/>
 <Entity id="3880"/>
 <Entity id="3881"/>
 <Entity id="3882"/>
 <Entity id="3883"/>
 <Entity id="3886"/>
 <Entity id="3888"/>
 <Entity id="3891"/>
 <Entity id="3892"/>
 <Entity id="3893"/>
 <Entity id="3894"/>
 <Entity id="3895"/>
 <Entity id="3896"/>
 <Entity id="3898"/>
 <Entity id="3899"/>
 <Entity id="3900"/>
 <Entity id="3902"/>
 <Entity id="3903"/>
 <Entity id="3904"/>
 <Entity id="3905"/>
 <Entity id="3906"/>
 <Entity id="3907"/>
 <Entity id="3908"/>
 <Entity id="3910"/>
 <Entity id="3912"/>
 <Entity id="3913"/>
 <Entity id="3914"/>
 <Entity id="3915"/>
 <Entity id="3916"/>
 <Entity id="3917"/>
 <Entity id="3918"/>
 <Entity id="3919"/>
 <Entity id="3920"/>
 <Entity id="3921"/>
 <Entity id="3922"/>
 <Entity id="3923"/>
 <Entity id="3924"/>
 <Entity id="3925"/>
 <Entity id="3926"/>
 <Entity id="3931"/>
 <Entity id="3932"/>
 <Entity id="3933"/>
 <Entity id="3934"/>
 <Entity id="3937"/>
 <Entity id="3939"/>
 <Entity id="3940"/>
 <Entity id="3941"/>
 <Entity id="3942"/>
 <Entity id="3943"/>
 <Entity id="3944"/>
 <Entity id="3947"/>
 <Entity id="3948"/>
 <Entity id="3950"/>
 <Entity id="3951"/>
 <Entity id="3953"/>
 <Entity id="3955"/>
 <Entity id="3957"/>
 <Entity id="3958"/>
 <Entity id="3959"/>
 <Entity id="3961"/>
 <Entity id="3962"/>
 <Entity id="3963"/>
 <Entity id="3964"/>
 <Entity id="3965"/>
 <Entity id="3968"/>
 <Entity id="3969"/>
 <Entity id="3970"/>
 <Entity id="3972"/>
 <Entity id="3973"/>
 <Entity id="3974"/>
 <Entity id="3977"/>
 <Entity id="3982"/>
 <Entity id="3984"/>
 <Entity id="3985"/>
 <Entity id="3987"/>
 <Entity id="3990"/>
 <Entity id="3991"/>
 <Entity id="3994"/>
 <Entity id="3996"/>
 <Entity id="3999"/>
 <Entity id="4001"/>
 <Entity id="4004"/>
 <Entity id="4005"/>
 <Entity id="4009"/>
 <Entity id="4011"/>
 <Entity id="4013"/>
 <Entity id="4014"/>
 <Entity id="4015"/>
 <Entity id="4016"/>
 <Entity id="4018"/>
 <Entity id="4020"/>
 <Entity id="4022"/>
 <Entity id="4023"/>
 <Entity id="4027"/>
 <Entity id="4028"/>
 <Entity id="4032"/>
 <Entity id="4034"/>
 <Entity id="4038"/>
 <Entity id="4042"/>
 <Entity id="4043"/>
 <Entity id="4045"/>
 <Entity id="4051"/>
 <Entity id="4053"/>
 <Entity id="4054"/>
 <Entity id="4056"/>
 <Entity id="4057"/>
 <Entity id="4058"/>
 <Entity id="4059"/>
 <Entity id="4063"/>
 <Entity id="4066"/>
 <Entity id="4067"/>
 <Entity id="4068"/>
 <Entity id="4069"/>
 <Entity id="4071"/>
 <Entity id="4074"/>
 <Entity id="4075"/>
 <Entity id="4078"/>
 <Entity id="4079"/>
 <Entity id="4080"/>
 <Entity id="4081"/>
 <Entity id="4082"/>
 <Entity id="4083"/>
 <Entity id="4084"/>
 <Entity id="4086"/>
 <Entity id="4087"/>
 <Entity id="4091"/>
 <Entity id="4092"/>
 <Entity id="4093"/>
 <Entity id="4094"/>
 <Entity id="4097"/>
 <Entity id="4098"/>
 <Entity id="4099"/>
 <Entity id="4102"/>
 <Entity id="4103"/>
 <Entity id="4107"/>
 <Entity id="4108"/>
 <Entity id="4111"/>
 <Entity id="4112"/>
 <Entity id="4113"/>
 <Entity id="4114"/>
 <Entity id="4115"/>
 <Entity id="4116"/>
 <Entity id="4118"/>
 <Entity id="4119"/>
 <Entity id="4120"/>
 <Entity id="4121"/>
 <Entity id="4123"/>
 <Entity id="4124"/>
 <Entity id="4125"/>
 <Entity id="4126"/>
 <Entity id="4128"/>
 <Entity id="4129"/>
 <Entity id="4130"/>
 <Entity id="4131"/>
 <Entity id="4132"/>
 <Entity id="4133"/>
 <Entity id="4134"/>
 <Entity id="4139"/>
 <Entity id="4140"/>
 <Entity id="4144"/>
 <Entity id="4145"/>
 <Entity id="4146"/>
 <Entity id="4147"/>
 <Entity id="4148"/>
 <Entity id="4149"/>
 <Entity id="4150"/>
 <Entity id="4152"/>
 <Entity id="4153"/>
 <Entity id="4154"/>
 <Entity id="4159"/>
 <Entity id="4160"/>
 <Entity id="4162"/>
 <Entity id="4163"/>
 <Entity id="4164"/>
 <Entity id="4166"/>
 <Entity id="4169"/>
 <Entity id="4172"/>
 <Entity id="4173"/>
 <Entity id="4174"/>
 <Entity id="4175"/>
 <Entity id="4176"/>
 <Entity id="4179"/>
 <Entity id="4181"/>
 <Entity id="4182"/>
 <Entity id="4187"/>
 <Entity id="4188"/>
 <Entity id="4191"/>
 <Entity id="4192"/>
 <Entity id="4195"/>
 <Entity id="4199"/>
 <Entity id="4200"/>
 <Entity id="4207"/>
 <Entity id="4208"/>
 <Entity id="4209"/>
 <Entity id="4211"/>
 <Entity id="4213"/>
 <Entity id="4215"/>
 <Entity id="4216"/>
 <Entity id="4217"/>
 <Entity id="4219"/>
 <Entity id="4221"/>
 <Entity id="4223"/>
 <Entity id="4225"/>
 <Entity id="4228"/>
 <Entity id="4230"/>
 <Entity id="4231"/>
 <Entity id="4233"/>
 <Entity id="4235"/>
 <Entity id="4236"/>
 <Entity id="4237"/>
 <Entity id="4240"/>
 <Entity id="4241"/>
 <Entity id="4243"/>
 <Entity id="4245"/>
 <Entity id="4246"/>
 <Entity id="4248"/>
 <Entity id="4250"/>
 <Entity id="4251"/>
 <Entity id="4252"/>
 <Entity id="4253"/>
 <Entity id="4255"/>
 <Entity id="4256"/>
 <Entity id="4257"/>
 <Entity id="4259"/>
 <Entity id="4260"/>
 <Entity id="4263"/>
 <Entity id="4264"/>
 <Entity id="4265"/>
 <Entity id="4267"/>
 <Entity id="4268"/>
 <Entity id="4271"/>
 <Entity id="4274"/>
 <Entity id="4276"/>
 <Entity id="4279"/>
 <Entity id="4281"/>
 <Entity id="4284"/>
 <Entity id="4285"/>
 <Entity id="4286"/>
 <Entity id="4288"/>
 <Entity id="4289"/>
 <Entity id="4290"/>
 <Entity id="4292"/>
 <Entity id="4293"/>
 <Entity id="4295"/>
 <Entity id="4296"/>
 <Entity id="4298"/>
 <Entity id="4300"/>
 <Entity id="4301"/>
 <Entity id="4302"/>
 <Entity id="4303"/>
 <Entity id="4304"/>
 <Entity id="4307"/>
 <Entity id="4308"/>
 <Entity id="4309"/>
 <Entity id="4310"/>
 <Entity id="4311"/>
 <Entity id="4314"/>
 <Entity id="4315"/>
 <Entity id="4316"/>
 <Entity id="4317"/>
 <Entity id="4318"/>
 <Entity id="4320"/>
 <Entity id="4321"/>
 <Entity id="4322"/>
 <Entity id="4324"/>
 <Entity id="4327"/>
 <Entity id="4328"/>
 <Entity id="4329"/>
 <Entity id="4331"/>
 <Entity id="4332"/>
 <Entity id="4334"/>
 <Entity id="4335"/>
 <Entity id="4337"/>
 <Entity id="4339"/>
 <Entity id="4340"/>
 <Entity id="4342"/>
 <Entity id="4344"/>
 <Entity id="4345"/>
 <Entity id="4347"/>
 <Entity id="4349"/>
 <Entity id="4350"/>
 <Entity id="4353"/>
 <Entity id="4355"/>
 <Entity id="4357"/>
 <Entity id="4358"/>
 <Entity id="4359"/>
 <Entity id="4360"/>
 <Entity id="4366"/>
 <Entity id="4368"/>
 <Entity id="4370"/>
 <Entity id="4372"/>
 <Entity id="4373"/>
 <Entity id="4375"/>
 <Entity id="4378"/>
 <Entity id="4379"/>
 <Entity id="4381"/>
 <Entity id="4382"/>
 <Entity id="4383"/>
 <Entity id="4387"/>
 <Entity id="4390"/>
 <Entity id="4391"/>
 <Entity id="4392"/>
 <Entity id="4393"/>
 <Entity id="4395"/>
 <Entity id="4397"/>
 <Entity id="4401"/>
 <Entity id="4402"/>
 <Entity id="4404"/>
 <Entity id="4405"/>
 <Entity id="4406"/>
 <Entity id="4409"/>
 <Entity id="4410"/>
 <Entity id="4411"/>
 <Entity id="4417"/>
 <Entity id="4418"/>
 <Entity id="4419"/>
 <Entity id="4421"/>
 <Entity id="4422"/>
 <Entity id="4423"/>
 <Entity id="4425"/>
 <Entity id="4426"/>
 <Entity id="4427"/>
 <Entity id="4430"/>
 <Entity id="4432"/>
 <Entity id="4433"/>
 <Entity id="4434"/>
 <Entity id="4438"/>
 <Entity id="4444"/>
 <Entity id="4445"/>
 <Entity id="4446"/>
 <Entity id="4447"/>
 <Entity id="4448"/>
 <Entity id="4450"/>
 <Entity id="4452"/>
 <Entity id="4455"/>
 <Entity id="4456"/>
 <Entity id="4460"/>
 <Entity id="4461"/>
 <Entity id="4464"/>
 <Entity id="4465"/>
 <Entity id="4467"/>
 <Entity id="4468"/>
 <Entity id="4471"/>
 <Entity id="4472"/>
 <Entity id="4473"/>
 <Entity id="4474"/>
 <Entity id="4476"/>
 <Entity id="4477"/>
 <Entity id="4478"/>
 <Entity id="4480"/>
 <Entity id="4483"/>
 <Entity id="4484"/>
 <Entity id="4487"/>
 <Entity id="4489"/>
 <Entity id="4491"/>
 <Entity id="4494"/>
 <Entity id="4496"/>
 <Entity id="4498"/>
 <Entity id="4499"/>
 <Entity id="4501"/>
 <Entity id="4502"/>
 <Entity id="4504"/>
 <Entity id="4506"/>
 <Entity id="4509"/>
 <Entity id="4514"/>
 <Entity id="4515"/>
 <Entity id="4516"/>
 <Entity id="4517"/>
 <Entity id="4518"/>
 <Entity id="4519"/>
 <Entity id="4520"/>
 <Entity id="4526"/>
 <Entity id="4527"/>
 <Entity id="4529"/>
 <Entity id="4530"/>
 <Entity id="4531"/>
 <Entity id="4535"/>
 <Entity id="4537"/>
 <Entity id="4538"/>
 <Entity id="4541"/>
 <Entity id="4542"/>
 <Entity id="4544"/>
 <Entity id="4546"/>
 <Entity id="4548"/>
 <Entity id="4549"/>
 <Entity id="4550"/>
 <Entity id="4551"/>
 <Entity id="4552"/>
 <Entity id="4554"/>
 <Entity id="4559"/>
 <Entity id="4564"/>
 <Entity id="4565"/>
 <Entity id="4566"/>
 <Entity id="4567"/>
 <Entity id="4568"/>
 <Entity id="4569"/>
 <Entity id="4571"/>
 <Entity id="4572"/>
 <Entity id="4573"/>
 <Entity id="4574"/>
 <Entity id="4575"/>
 <Entity id="4576"/>
 <Entity id="4577"/>
 <Entity id="4578"/>
 <Entity id="4579"/>
 <Entity id="4580"/>
 <Entity id="4583"/>
 <Entity id="4584"/>
 <Entity id="4586"/>
 <Entity id="4587"/>
 <Entity id="4589"/>
 <Entity id="4590"/>
 <Entity id="4591"/>
 <Entity id="4594"/>
 <Entity id="4595"/>
 <Entity id="4597"/>
 <Entity id="4599"/>
 <Entity id="4601"/>
 <Entity id="4603"/>
 <Entity id="4605"/>
 <Entity id="4607"/>
 <Entity id="4609"/>
 <Entity id="4611"/>
 <Entity id="4612"/>
 <Entity id="4613"/>
 <Entity id="4616"/>
 <Entity id="4618"/>
 <Entity id="4619"/>
 <Entity id="4620"/>
 <Entity id="4622"/>
 <Entity id="4625"/>
 <Entity id="4627"/>
 <Entity id="4628"/>
 <Entity id="4631"/>
 <Entity id="4632"/>
 <Entity id="4633"/>
 <Entity id="4634"/>
 <Entity id="4635"/>
 <Entity id="4636"/>
 <Entity id="4639"/>
 <Entity id="4640"/>
 <Entity id="4641"/>
 <Entity id="4643"/>
 <Entity id="4645"/>
 <Entity id="4646"/>
 <Entity id="4649"/>
 <Entity id="4650"/>
 <Entity id="4653"/>
 <Entity id="4654"/>
 <Entity id="4655"/>
 <Entity id="4656"/>
 <Entity id="4657"/>
 <Entity id="4660"/>
 <Entity id="4665"/>
 <Entity id="4668"/>
 <Entity id="4671"/>
 <Entity id="4673"/>
 <Entity id="4675"/>
 <Entity id="4676"/>
 <Entity id="4678"/>
 <Entity id="4680"/>
 <Entity id="4681"/>
 <Entity id="4685"/>
 <Entity id="4687"/>
 <Entity id="4688"/>
 <Entity id="4692"/>
 <Entity id="4693"/>
 <Entity id="4694"/>
 <Entity id="4696"/>
 <Entity id="4697"/>
 <Entity id="4698"/>
 <Entity id="4700"/>
 <Entity id="4701"/>
 <Entity id="4704"/>
 <Entity id="4707"/>
 <Entity id="4708"/>
 <Entity id="4712"/>
 <Entity id="4714"/>
 <Entity id="4718"/>
 <Entity id="4719"/>
 <Entity id="4720"/>
 <Entity id="4723"/>
 <Entity id="4724"/>
 <Entity id="4725"/>
 <Entity id="4727"/>
 <Entity id="4728"/>
 <Entity id="4729"/>
 <Entity id="4731"/>
 <Entity id="4733"/>
 <Entity id="4734"/>
 <Entity id="4735"/>
 <Entity id="4738"/>
 <Entity id="4739"/>
 <Entity id="4740"/>
 <Entity id="4742"/>
 <Entity id="4748"/>
 <Entity id="4752"/>
 <Entity id="4757"/>
 <Entity id="4758"/>
 <Entity id="4760"/>
 <Entity id="4763"/>
 <Entity id="4766"/>
 <Entity id="4768"/>
 <Entity id="4769"/>
 <Entity id="4770"/>
 <Entity id="4771"/>
 <Entity id="4772"/>
 <Entity id="4775"/>
 <Entity id="4777"/>
 <Entity id="4779"/>
 <Entity id="4781"/>
 <Entity id="4783"/>
 <Entity id="4786"/>
 <Entity id="4787"/>
 <Entity id="4788"/>
 <Entity id="4789"/>
 <Entity id="4790"/>
 <Entity id="4794"/>
 <Entity id="4795"/>
 <Entity id="4797"/>
 <Entity id="4803"/>
 <Entity id="4805"/>
 <Entity id="4806"/>
 <Entity id="4807"/>
 <Entity id="4808"/>
 <Entity id="4809"/>
 <Entity id="4813"/>
 <Entity id="4814"/>
 <Entity id="4815"/>
 <Entity id="4817"/>
 <Entity id="4818"/>
 <Entity id="4821"/>
 <Entity id="4825"/>
 <Entity id="4826"/>
 <Entity id="4827"/>
 <Entity id="4829"/>
 <Entity id="4831"/>
 <Entity id="4832"/>
 <Entity id="4833"/>
 <Entity id="4838"/>
 <Entity id="4839"/>
 <Entity id="4843"/>
 <Entity id="4844"/>
 <Entity id="4846"/>
 <Entity id="4847"/>
 <Entity id="4848"/>
 <Entity id="4849"/>
 <Entity id="4850"/>
 <Entity id="4851"/>
 <Entity id="4852"/>
 <Entity id="4853"/>
 <Entity id="4854"/>
 <Entity id="4855"/>
 <Entity id="4856"/>
 <Entity id="4857"/>
 <Entity id="4858"/>
 <Entity id="4859"/>
 <Entity id="4860"/>
 <Entity id="4861"/>
 <Entity id="4862"/>
 <Entity id="4863"/>
 <Entity id="4864"/>
 <Entity id="4865"/>
 <Entity id="4866"/>
 <Entity id="4867"/>
 <Entity id="4868"/>
 <Entity id="4869"/>
 <Entity id="4870"/>
 <Entity id="4871"/>
 <Entity id="4872"/>
 <Entity id="4873"/>
</EntitySerialization>
