
<ResponseRules>
 <ResponseRule id="13680621263392488642" name="Danielle: Help in Deep Storage (Met Danielle, Cook Dead)" cooldown="" description="Danielle contacts Morgan in Deep Storage to help with the escape--in this version the player has met Danielle and helped her by killing the cook. Danielle is outside the station and nearly out of oxygen." response="13680621263392492355">
  <Criteria>
   <Criterion id="15659330456318451386" value="13680621263377201655" comparison="0" type="guid"/>
   <Criterion id="15659330456318451410" comparison="0" value="onTranscribeTrigger" fromResponse="0" type="default"/>
   <Criterion comparison="0" passIfMissing="false" id="15659330456318451477" type="guid" keyType="default" value="844024417273151090"/>
  </Criteria>
 </ResponseRule>
 <WritebackKeys/>
 <ResponseSet id="13680621263392492355">
  <Response dialog="13680621263392492354" id="13680621263392492356" cooldown="0" weight="1" oneshot="0" completeConversation="0" delay="0" cutoff="0"/>
 </ResponseSet>
 <ResponseRule id="13680621263392492390" name="" cooldown="" response="13680621263392492391">
  <Criteria>
   <Criterion id="15659330456318451386" value="13680621263377201655" comparison="0" type="guid"/>
   <Criterion id="15659330456318451410" comparison="0" value="13680621263392492356" fromResponse="1" type="guid"/>
   <Criterion id="15659330456318451477" value="844024417273151090" comparison="0" type="guid"/>
  </Criteria>
 </ResponseRule>
 <ResponseSet id="13680621263392492391">
  <Response dialog="13680621263392492389" id="13680621263392492392" cooldown="0" weight="1" oneshot="0" completeConversation="0" delay="0" cutoff="0"/>
 </ResponseSet>
 <ResponseRule id="13680621263392492422" name="" cooldown="" response="13680621263392492423">
  <Criteria>
   <Criterion id="15659330456318451386" value="13680621263377201655" comparison="0" type="guid"/>
   <Criterion id="15659330456318451410" comparison="0" value="13680621263392492392" fromResponse="1" type="guid"/>
   <Criterion id="15659330456318451477" value="844024417273151090" comparison="0" type="guid"/>
  </Criteria>
 </ResponseRule>
 <ResponseSet id="13680621263392492423">
  <Response dialog="13680621263392492421" id="13680621263392492424" cooldown="0" weight="1" oneshot="0" completeConversation="0" delay="0" cutoff="0"/>
 </ResponseSet>
 <ResponseRule id="13680621263392492444" name="" cooldown="" response="13680621263392492445">
  <Criteria>
   <Criterion id="15659330456318451386" value="13680621263377201655" comparison="0" type="guid"/>
   <Criterion id="15659330456318451410" comparison="0" value="13680621263392492424" fromResponse="1" type="guid"/>
   <Criterion id="15659330456318451477" value="844024417273151090" comparison="0" type="guid"/>
  </Criteria>
 </ResponseRule>
 <ResponseSet id="13680621263392492445">
  <Response dialog="13680621263392492443" id="13680621263392492446" cooldown="0" weight="1" oneshot="0" completeConversation="0" delay="0" cutoff="0"/>
 </ResponseSet>
 <ResponseRule id="13680621263392492467" name="" cooldown="" response="13680621263392492468">
  <Criteria>
   <Criterion id="15659330456318451386" value="13680621263377201655" comparison="0" type="guid"/>
   <Criterion id="15659330456318451410" comparison="0" value="13680621263392492446" fromResponse="1" type="guid"/>
   <Criterion id="15659330456318451477" value="844024417273151090" comparison="0" type="guid"/>
  </Criteria>
 </ResponseRule>
 <ResponseSet id="13680621263392492468">
  <Response dialog="13680621263392492466" id="13680621263392492469" cooldown="0" weight="1" oneshot="0" completeConversation="0" delay="0" cutoff="0"/>
 </ResponseSet>
 <ResponseRule id="13680621263392492508" name="" cooldown="" response="13680621263392492509">
  <Criteria>
   <Criterion id="15659330456318451386" value="13680621263377201655" comparison="0" type="guid"/>
   <Criterion id="15659330456318451410" comparison="0" value="13680621263392492469" fromResponse="1" type="guid"/>
   <Criterion id="15659330456318451477" value="844024417273151090" comparison="0" type="guid"/>
  </Criteria>
 </ResponseRule>
 <ResponseSet id="13680621263392492509">
  <Response dialog="13680621263392492507" id="13680621263392492510" cooldown="0" weight="1" oneshot="0" completeConversation="0" delay="0" cutoff="0"/>
 </ResponseSet>
 <ResponseRule id="13680621263392492514" name="" cooldown="" response="13680621263392492515">
  <Criteria>
   <Criterion id="15659330456318451386" value="13680621263377201655" comparison="0" type="guid"/>
   <Criterion id="15659330456318451410" comparison="0" value="13680621263392492510" fromResponse="1" type="guid"/>
   <Criterion id="15659330456318451477" value="844024417273151090" comparison="0" type="guid"/>
  </Criteria>
 </ResponseRule>
 <ResponseSet id="13680621263392492515">
  <Response dialog="13680621263392492513" id="13680621263392492516" cooldown="0" weight="1" oneshot="0" completeConversation="0" delay="0" cutoff="0"/>
 </ResponseSet>
 <ResponseRule id="13680621263392492983" name="" cooldown="" response="13680621263392492984">
  <Criteria>
   <Criterion id="15659330456318451386" value="13680621263377201655" comparison="0" type="guid"/>
   <Criterion id="15659330456318451410" comparison="0" value="13680621263392492516" fromResponse="1" type="guid"/>
   <Criterion id="15659330456318451477" value="844024417273151090" comparison="0" type="guid"/>
  </Criteria>
 </ResponseRule>
 <ResponseSet id="13680621263392492984">
  <Response dialog="13680621263392492982" id="13680621263392492985" cooldown="0" weight="1" oneshot="0" completeConversation="0" delay="0" cutoff="0"/>
 </ResponseSet>
 <ResponseRule id="13680621263392492997" name="" cooldown="" response="13680621263392492998">
  <Criteria>
   <Criterion id="15659330456318451386" value="13680621263377201655" comparison="0" type="guid"/>
   <Criterion id="15659330456318451410" comparison="0" value="13680621263392492985" fromResponse="1" type="guid"/>
   <Criterion id="15659330456318451477" value="844024417273151090" comparison="0" type="guid"/>
   <Criterion comparison="5" passIfMissing="false" id="13680621263400342827" keyType="conversation"/>
  </Criteria>
 </ResponseRule>
 <ResponseSet id="13680621263392492998">
  <Response dialog="13680621263392492996" id="13680621263392492999" cooldown="0" weight="1" oneshot="0" completeConversation="1" delay="0" cutoff="0"/>
 </ResponseSet>
 <ResponseRule id="13680621263392493073" name="Danielle: Help In Deep Storage (Met Danielle, Cook Alive)" cooldown="" description="Danielle contacts Morgan in Deep Storage to help with the escape--in this version the player has met Danielle but not yet killed the cook. Danielle is outside the station and nearly out of oxygen." response="13680621263392493139">
  <Criteria>
   <Criterion id="15659330456318451386" value="13680621263377201655" comparison="0" type="guid"/>
   <Criterion id="15659330456318451410" comparison="0" value="onTranscribeTrigger" fromResponse="0" type="default"/>
   <Criterion comparison="0" passIfMissing="false" id="15659330456318451477" type="guid" keyType="default" value="844024417273151090"/>
  </Criteria>
 </ResponseRule>
 <ResponseSet id="13680621263392493139">
  <Response dialog="13680621263392492354" id="13680621263392493140" cooldown="0" weight="1" oneshot="0" completeConversation="0" delay="0" cutoff="0"/>
 </ResponseSet>
 <ResponseRule id="13680621263392493150" name="" cooldown="" response="13680621263392493151">
  <Criteria>
   <Criterion id="15659330456318451386" value="13680621263377201655" comparison="0" type="guid"/>
   <Criterion id="15659330456318451410" comparison="0" value="13680621263392493140" fromResponse="1" type="guid"/>
   <Criterion id="15659330456318451477" value="844024417273151090" comparison="0" type="guid"/>
  </Criteria>
 </ResponseRule>
 <ResponseSet id="13680621263392493151">
  <Response dialog="13680621263392492389" id="13680621263392493152" cooldown="0" weight="1" oneshot="0" completeConversation="0" delay="0" cutoff="0"/>
 </ResponseSet>
 <ResponseRule id="13680621263392493159" name="" cooldown="" response="13680621263392493160">
  <Criteria>
   <Criterion id="15659330456318451386" value="13680621263377201655" comparison="0" type="guid"/>
   <Criterion id="15659330456318451410" comparison="0" value="13680621263392493152" fromResponse="1" type="guid"/>
   <Criterion id="15659330456318451477" value="844024417273151090" comparison="0" type="guid"/>
  </Criteria>
 </ResponseRule>
 <ResponseSet id="13680621263392493160">
  <Response dialog="13680621263392492421" id="13680621263392493161" cooldown="0" weight="1" oneshot="0" completeConversation="0" delay="0" cutoff="0"/>
 </ResponseSet>
 <ResponseRule id="13680621263392493167" name="" cooldown="" response="13680621263392493168">
  <Criteria>
   <Criterion id="15659330456318451386" value="13680621263377201655" comparison="0" type="guid"/>
   <Criterion id="15659330456318451410" comparison="0" value="13680621263392493161" fromResponse="1" type="guid"/>
   <Criterion id="15659330456318451477" value="844024417273151090" comparison="0" type="guid"/>
  </Criteria>
 </ResponseRule>
 <ResponseSet id="13680621263392493168">
  <Response dialog="13680621263392492443" id="13680621263392493169" cooldown="0" weight="1" oneshot="0" completeConversation="0" delay="0" cutoff="0"/>
 </ResponseSet>
 <ResponseRule id="13680621263392493173" name="" cooldown="" response="13680621263392493174">
  <Criteria>
   <Criterion id="15659330456318451386" value="13680621263377201655" comparison="0" type="guid"/>
   <Criterion id="15659330456318451410" comparison="0" value="13680621263392493169" fromResponse="1" type="guid"/>
   <Criterion id="15659330456318451477" value="844024417273151090" comparison="0" type="guid"/>
  </Criteria>
 </ResponseRule>
 <ResponseSet id="13680621263392493174">
  <Response dialog="13680621263392492466" id="13680621263392493175" cooldown="0" weight="1" oneshot="0" completeConversation="0" delay="0" cutoff="0"/>
 </ResponseSet>
 <ResponseRule id="13680621263392493182" name="" cooldown="" response="13680621263392493183">
  <Criteria>
   <Criterion id="15659330456318451386" value="13680621263377201655" comparison="0" type="guid"/>
   <Criterion id="15659330456318451410" comparison="0" value="13680621263392493175" fromResponse="1" type="guid"/>
   <Criterion id="15659330456318451477" value="844024417273151090" comparison="0" type="guid"/>
  </Criteria>
 </ResponseRule>
 <ResponseSet id="13680621263392493183">
  <Response dialog="13680621263392492507" id="13680621263392493184" cooldown="0" weight="1" oneshot="0" completeConversation="0" delay="0" cutoff="0"/>
 </ResponseSet>
 <ResponseRule id="13680621263392493191" name="" cooldown="" response="13680621263392493192">
  <Criteria>
   <Criterion id="15659330456318451386" value="13680621263377201655" comparison="0" type="guid"/>
   <Criterion id="15659330456318451410" comparison="0" value="13680621263392493184" fromResponse="1" type="guid"/>
   <Criterion id="15659330456318451477" value="844024417273151090" comparison="0" type="guid"/>
  </Criteria>
 </ResponseRule>
 <ResponseSet id="13680621263392493192">
  <Response dialog="13680621263392492513" id="13680621263392493193" cooldown="0" weight="1" oneshot="0" completeConversation="0" delay="0" cutoff="0"/>
 </ResponseSet>
 <ResponseRule id="13680621263392493200" name="" cooldown="" response="13680621263392493201">
  <Criteria>
   <Criterion id="15659330456318451386" value="13680621263377201655" comparison="0" type="guid"/>
   <Criterion id="15659330456318451410" comparison="0" value="13680621263392493193" fromResponse="1" type="guid"/>
   <Criterion id="15659330456318451477" value="844024417273151090" comparison="0" type="guid"/>
  </Criteria>
 </ResponseRule>
 <ResponseSet id="13680621263392493201">
  <Response dialog="13680621263392492982" id="13680621263392493202" cooldown="0" weight="1" oneshot="0" completeConversation="0" delay="0" cutoff="0"/>
 </ResponseSet>
 <ResponseRule id="13680621263392493213" name="" cooldown="" response="13680621263392493214">
  <Criteria>
   <Criterion id="15659330456318451386" value="13680621263377201655" comparison="0" type="guid"/>
   <Criterion id="15659330456318451410" comparison="0" value="13680621263392493202" fromResponse="1" type="guid"/>
   <Criterion id="15659330456318451477" value="844024417273151090" comparison="0" type="guid"/>
  </Criteria>
 </ResponseRule>
 <ResponseSet id="13680621263392493214">
  <Response dialog="13680621263392493212" id="13680621263392493215" cooldown="0" weight="1" oneshot="0" completeConversation="1" delay="0" cutoff="0"/>
 </ResponseSet>
 <ResponseRule id="13680621263392493256" name="Danielle: Help In Deep Storage (Not Met Danielle, Cook Dead)" cooldown="" description="Danielle contacts Morgan in Deep Storage to help with the escape - in this version the player has NOT met Danielle, but has killed the cook. Danielle is outside the station and nearly out of oxygen." response="13680621263392493323">
  <Criteria>
   <Criterion id="15659330456318451386" value="13680621263377201655" comparison="0" type="guid"/>
   <Criterion id="15659330456318451410" comparison="0" value="onTranscribeTrigger" fromResponse="0" type="default"/>
   <Criterion comparison="0" passIfMissing="false" id="15659330456318451477" type="guid" keyType="default" value="844024417273151090"/>
  </Criteria>
 </ResponseRule>
 <ResponseSet id="13680621263392493323">
  <Response dialog="13680621263392493322" id="13680621263392493324" cooldown="0" weight="1" oneshot="0" completeConversation="0" delay="0" cutoff="0"/>
 </ResponseSet>
 <ResponseRule id="13680621263392493365" name="" cooldown="" response="13680621263392493366">
  <Criteria>
   <Criterion id="15659330456318451386" value="13680621263377201655" comparison="0" type="guid"/>
   <Criterion id="15659330456318451410" comparison="0" value="13680621263392493324" fromResponse="1" type="guid"/>
   <Criterion id="15659330456318451477" value="844024417273151090" comparison="0" type="guid"/>
  </Criteria>
 </ResponseRule>
 <ResponseSet id="13680621263392493366">
  <Response dialog="13680621263392493364" id="13680621263392493367" cooldown="0" weight="1" oneshot="0" completeConversation="0" delay="0" cutoff="0"/>
 </ResponseSet>
 <ResponseRule id="13680621263392493401" name="" cooldown="" response="13680621263392493402">
  <Criteria>
   <Criterion id="15659330456318451386" value="13680621263377201655" comparison="0" type="guid"/>
   <Criterion id="15659330456318451410" comparison="0" value="13680621263392493367" fromResponse="1" type="guid"/>
   <Criterion id="15659330456318451477" value="844024417273151090" comparison="0" type="guid"/>
  </Criteria>
 </ResponseRule>
 <ResponseSet id="13680621263392493402">
  <Response dialog="13680621263392493400" id="13680621263392493403" cooldown="0" weight="1" oneshot="0" completeConversation="0" delay="0" cutoff="0"/>
 </ResponseSet>
 <ResponseRule id="13680621263392493407" name="" cooldown="" response="13680621263392493408">
  <Criteria>
   <Criterion id="15659330456318451386" value="13680621263377201655" comparison="0" type="guid"/>
   <Criterion id="15659330456318451410" comparison="0" value="13680621263392493403" fromResponse="1" type="guid"/>
   <Criterion id="15659330456318451477" value="844024417273151090" comparison="0" type="guid"/>
  </Criteria>
 </ResponseRule>
 <ResponseSet id="13680621263392493408">
  <Response dialog="13680621263392492421" id="13680621263392493409" cooldown="0" weight="1" oneshot="0" completeConversation="0" delay="0" cutoff="0"/>
 </ResponseSet>
 <ResponseRule id="13680621263392493415" name="" cooldown="" response="13680621263392493416">
  <Criteria>
   <Criterion id="15659330456318451386" value="13680621263377201655" comparison="0" type="guid"/>
   <Criterion id="15659330456318451410" comparison="0" value="13680621263392493409" fromResponse="1" type="guid"/>
   <Criterion id="15659330456318451477" value="844024417273151090" comparison="0" type="guid"/>
  </Criteria>
 </ResponseRule>
 <ResponseSet id="13680621263392493416">
  <Response dialog="13680621263392492443" id="13680621263392493417" cooldown="0" weight="1" oneshot="0" completeConversation="0" delay="0" cutoff="0"/>
 </ResponseSet>
 <ResponseRule id="13680621263392493419" name="" cooldown="" response="13680621263392493420">
  <Criteria>
   <Criterion id="15659330456318451386" value="13680621263377201655" comparison="0" type="guid"/>
   <Criterion id="15659330456318451410" comparison="0" value="13680621263392493417" fromResponse="1" type="guid"/>
   <Criterion id="15659330456318451477" value="844024417273151090" comparison="0" type="guid"/>
  </Criteria>
 </ResponseRule>
 <ResponseSet id="13680621263392493420">
  <Response dialog="13680621263392492466" id="13680621263392493421" cooldown="0" weight="1" oneshot="0" completeConversation="0" delay="0" cutoff="0"/>
 </ResponseSet>
 <ResponseRule id="13680621263392493426" name="" cooldown="" response="13680621263392493427">
  <Criteria>
   <Criterion id="15659330456318451386" value="13680621263377201655" comparison="0" type="guid"/>
   <Criterion id="15659330456318451410" comparison="0" value="13680621263392493421" fromResponse="1" type="guid"/>
   <Criterion id="15659330456318451477" value="844024417273151090" comparison="0" type="guid"/>
  </Criteria>
 </ResponseRule>
 <ResponseSet id="13680621263392493427">
  <Response dialog="13680621263392492507" id="13680621263392493428" cooldown="0" weight="1" oneshot="0" completeConversation="0" delay="0" cutoff="0"/>
 </ResponseSet>
 <ResponseRule id="13680621263392493432" name="" cooldown="" response="13680621263392493433">
  <Criteria>
   <Criterion id="15659330456318451386" value="13680621263377201655" comparison="0" type="guid"/>
   <Criterion id="15659330456318451410" comparison="0" value="13680621263392493428" fromResponse="1" type="guid"/>
   <Criterion id="15659330456318451477" value="844024417273151090" comparison="0" type="guid"/>
  </Criteria>
 </ResponseRule>
 <ResponseSet id="13680621263392493433">
  <Response dialog="13680621263392492513" id="13680621263392493434" cooldown="0" weight="1" oneshot="0" completeConversation="0" delay="0" cutoff="0"/>
 </ResponseSet>
 <ResponseRule id="13680621263392493443" name="" cooldown="" response="13680621263392493444">
  <Criteria>
   <Criterion id="15659330456318451386" value="13680621263377201655" comparison="0" type="guid"/>
   <Criterion id="15659330456318451410" comparison="0" value="13680621263392493434" fromResponse="1" type="guid"/>
   <Criterion id="15659330456318451477" value="844024417273151090" comparison="0" type="guid"/>
  </Criteria>
 </ResponseRule>
 <ResponseSet id="13680621263392493444">
  <Response dialog="13680621263392492982" id="13680621263392493445" cooldown="0" weight="1" oneshot="0" completeConversation="0" delay="0" cutoff="0"/>
 </ResponseSet>
 <ResponseRule id="13680621263392493457" name="Danielle: I&apos;ll Help On If You Help Me (Not Met, Cook Alive)" cooldown="" response="13680621263392493458">
  <Criteria>
   <Criterion id="15659330456318451386" value="13680621263377201655" comparison="0" type="guid"/>
   <Criterion id="15659330456318451410" comparison="0" value="13680621263392493445" fromResponse="1" type="guid"/>
   <Criterion id="15659330456318451477" value="844024417273151090" comparison="0" type="guid"/>
  </Criteria>
 </ResponseRule>
 <ResponseSet id="13680621263392493458">
  <Response dialog="13680621263392493456" id="13680621263392493459" cooldown="0" weight="1" oneshot="0" completeConversation="1" delay="0" cutoff="0"/>
 </ResponseSet>
 <ResponseRule id="13680621263392493516" name="Danielle: Help Me and I&apos;ll Help You (Not Met Danielle, Cook Alive)" cooldown="" description="Worst case scenario. Danielle contacts Morgan in Deep Storage to help with the escape--in this version the player has NOT met Danielle, and has NOT killed the cook. Danielle is outside the station and nearly out of oxygen." response="13680621263392493600">
  <Criteria>
   <Criterion id="15659330456318451386" value="13680621263377201655" comparison="0" type="guid"/>
   <Criterion id="15659330456318451410" comparison="0" value="onTranscribeTrigger" fromResponse="0" type="default"/>
   <Criterion comparison="0" passIfMissing="false" id="15659330456318451477" type="guid" keyType="default" value="844024417273151090"/>
  </Criteria>
 </ResponseRule>
 <ResponseSet id="13680621263392493600">
  <Response dialog="13680621263392493599" id="13680621263392493601" cooldown="0" weight="1" oneshot="0" completeConversation="0" delay="0" cutoff="0"/>
 </ResponseSet>
 <ResponseRule id="13680621263392493626" name="" cooldown="" response="13680621263392493627">
  <Criteria>
   <Criterion id="15659330456318451386" value="13680621263377201655" comparison="0" type="guid"/>
   <Criterion id="15659330456318451410" comparison="0" value="13680621263392493601" fromResponse="1" type="guid"/>
   <Criterion id="15659330456318451477" value="844024417273151090" comparison="0" type="guid"/>
  </Criteria>
 </ResponseRule>
 <ResponseSet id="13680621263392493627">
  <Response dialog="13680621263392493625" id="13680621263392493628" cooldown="0" weight="1" oneshot="0" completeConversation="0" delay="0" cutoff="0"/>
 </ResponseSet>
 <ResponseRule id="13680621263392493633" name="" cooldown="" response="13680621263392493634">
  <Criteria>
   <Criterion id="15659330456318451386" value="13680621263377201655" comparison="0" type="guid"/>
   <Criterion id="15659330456318451410" comparison="0" value="13680621263392493628" fromResponse="1" type="guid"/>
   <Criterion id="15659330456318451477" value="844024417273151090" comparison="0" type="guid"/>
  </Criteria>
 </ResponseRule>
 <ResponseSet id="13680621263392493634">
  <Response dialog="13680621263392493632" id="13680621263392493635" cooldown="0" weight="1" oneshot="0" completeConversation="0" delay="0" cutoff="0"/>
 </ResponseSet>
 <ResponseRule id="13680621263392493645" name="" cooldown="" response="13680621263392493646">
  <Criteria>
   <Criterion id="15659330456318451386" value="13680621263377201655" comparison="0" type="guid"/>
   <Criterion id="15659330456318451410" comparison="0" value="13680621263392493635" fromResponse="1" type="guid"/>
   <Criterion id="15659330456318451477" value="844024417273151090" comparison="0" type="guid"/>
  </Criteria>
 </ResponseRule>
 <ResponseSet id="13680621263392493646">
  <Response dialog="13680621263392493644" id="13680621263392493647" cooldown="0" weight="1" oneshot="0" completeConversation="0" delay="0" cutoff="0"/>
 </ResponseSet>
 <ResponseRule id="13680621263392493691" name="" cooldown="" response="13680621263392493699">
  <Criteria>
   <Criterion id="15659330456318451386" value="13680621263377201655" comparison="0" type="guid"/>
   <Criterion id="15659330456318451410" comparison="0" value="13680621263392493647" fromResponse="1" type="guid"/>
   <Criterion id="15659330456318451477" value="844024417273151090" comparison="0" type="guid"/>
  </Criteria>
 </ResponseRule>
 <ResponseSet id="13680621263392493699">
  <Response dialog="13680621263392493697" id="13680621263392493700" cooldown="0" weight="1" oneshot="0" completeConversation="0" delay="0" cutoff="0"/>
 </ResponseSet>
 <ResponseRule id="13680621263392493750" name="" cooldown="" response="13680621263392493751">
  <Criteria>
   <Criterion id="15659330456318451386" value="13680621263377201655" comparison="0" type="guid"/>
   <Criterion id="15659330456318451410" comparison="0" value="13680621263392493700" fromResponse="1" type="guid"/>
   <Criterion id="15659330456318451477" value="844024417273151090" comparison="0" type="guid"/>
  </Criteria>
 </ResponseRule>
 <ResponseSet id="13680621263392493751">
  <Response dialog="13680621263392493749" id="13680621263392493752" cooldown="0" weight="1" oneshot="0" completeConversation="0" delay="0" cutoff="0"/>
 </ResponseSet>
 <ResponseRule id="13680621263392493758" name="" cooldown="" response="13680621263392493759">
  <Criteria>
   <Criterion id="15659330456318451386" value="13680621263377201655" comparison="0" type="guid"/>
   <Criterion id="15659330456318451410" comparison="0" value="13680621263392493752" fromResponse="1" type="guid"/>
   <Criterion id="15659330456318451477" value="844024417273151090" comparison="0" type="guid"/>
  </Criteria>
 </ResponseRule>
 <ResponseSet id="13680621263392493759">
  <Response dialog="13680621263392493757" id="13680621263392493760" cooldown="0" weight="1" oneshot="0" completeConversation="0" delay="0" cutoff="0"/>
 </ResponseSet>
 <ResponseRule id="13680621263392493763" name="" cooldown="" response="13680621263392493764">
  <Criteria>
   <Criterion id="15659330456318451386" value="13680621263377201655" comparison="0" type="guid"/>
   <Criterion id="15659330456318451410" comparison="0" value="13680621263392493760" fromResponse="1" type="guid"/>
   <Criterion id="15659330456318451477" value="844024417273151090" comparison="0" type="guid"/>
  </Criteria>
 </ResponseRule>
 <ResponseSet id="13680621263392493764">
  <Response dialog="13680621263392492466" id="13680621263392493765" cooldown="0" weight="1" oneshot="0" completeConversation="0" delay="0" cutoff="0"/>
 </ResponseSet>
 <ResponseRule id="13680621263392493776" name="" cooldown="" response="13680621263392493777">
  <Criteria>
   <Criterion id="15659330456318451386" value="13680621263377201655" comparison="0" type="guid"/>
   <Criterion id="15659330456318451410" comparison="0" value="13680621263392493765" fromResponse="1" type="guid"/>
   <Criterion id="15659330456318451477" value="844024417273151090" comparison="0" type="guid"/>
  </Criteria>
 </ResponseRule>
 <ResponseSet id="13680621263392493777">
  <Response dialog="13680621263392492513" id="13680621263392493778" cooldown="0" weight="1" oneshot="0" completeConversation="0" delay="0" cutoff="0"/>
 </ResponseSet>
 <ResponseRule id="13680621263392493785" name="" cooldown="" response="13680621263392493786">
  <Criteria>
   <Criterion id="15659330456318451386" value="13680621263377201655" comparison="0" type="guid"/>
   <Criterion id="15659330456318451410" comparison="0" value="13680621263392493778" fromResponse="1" type="guid"/>
   <Criterion id="15659330456318451477" value="844024417273151090" comparison="0" type="guid"/>
  </Criteria>
 </ResponseRule>
 <ResponseSet id="13680621263392493786">
  <Response dialog="13680621263392493784" id="13680621263392493787" cooldown="0" weight="1" oneshot="0" completeConversation="1" delay="0" cutoff="0"/>
 </ResponseSet>
 <ResponseRule id="13680621263398391190" name="Danielle: How to Reboot a Space Station" cooldown="" description="Danielle contacts the player one last time - this is a failsafe of a failsafe, in case January and Mikhaila are already dead and no able to tell the player how to reboot the station. " response="14538910657199630821">
  <Criteria>
   <Criterion id="15659330456318451386" value="13680621263377201655" comparison="0" type="guid"/>
   <Criterion id="15659330456318451410" comparison="0" value="onTranscribeTrigger" fromResponse="0" type="default"/>
   <Criterion comparison="0" passIfMissing="false" id="15659330456318451477" type="guid" keyType="default" value="844024417273151090"/>
  </Criteria>
 </ResponseRule>
 <ResponseSet id="14538910657199630821">
  <Response dialog="14538910657199630820" id="14538910657199630822" cooldown="0" weight="1" oneshot="0" completeConversation="0" delay="0" cutoff="0"/>
 </ResponseSet>
 <ResponseRule id="14538910657199630884" name="" cooldown="" response="14538910657199630885">
  <Criteria>
   <Criterion id="15659330456318451386" value="13680621263377201655" comparison="0" type="guid"/>
   <Criterion id="15659330456318451410" comparison="0" value="14538910657199630822" fromResponse="1" type="guid"/>
   <Criterion id="15659330456318451477" value="844024417273151090" comparison="0" type="guid"/>
  </Criteria>
 </ResponseRule>
 <ResponseSet id="14538910657199630885">
  <Response dialog="14538910657199630883" id="14538910657199630886" cooldown="0" weight="1" oneshot="0" completeConversation="0" delay="0" cutoff="0"/>
 </ResponseSet>
 <ResponseRule id="14538910657199630964" name="" cooldown="" response="14538910657199630965">
  <Criteria>
   <Criterion id="15659330456318451386" value="13680621263377201655" comparison="0" type="guid"/>
   <Criterion id="15659330456318451410" comparison="0" value="14538910657199630886" fromResponse="1" type="guid"/>
   <Criterion id="15659330456318451477" value="844024417273151090" comparison="0" type="guid"/>
  </Criteria>
 </ResponseRule>
 <ResponseSet id="14538910657199630965">
  <Response dialog="14538910657199630963" id="14538910657199630966" cooldown="0" weight="1" oneshot="0" completeConversation="0" delay="0" cutoff="0"/>
 </ResponseSet>
 <ResponseRule id="14538910657199631299" name="Optional: Sympathetic to Morgan" cooldown="" response="14538910657199631300">
  <Criteria>
   <Criterion id="15659330456318451386" value="13680621263377201655" comparison="0" type="guid"/>
   <Criterion id="15659330456318451410" comparison="0" value="14538910657199630966" fromResponse="1" type="guid"/>
   <Criterion id="15659330456318451477" value="844024417273151090" comparison="0" type="guid"/>
   <Criterion comparison="0" passIfMissing="false" id="1861551678" keyType="gameToken"/>
  </Criteria>
 </ResponseRule>
 <ResponseSet id="14538910657199631300">
  <Response dialog="14538910657199631298" id="14538910657199631301" cooldown="0" weight="1" oneshot="0" completeConversation="0" delay="0" cutoff="0"/>
 </ResponseSet>
 <ResponseRule id="14538910657199631312" name="Optional: Danielle hates Morgan or Morgan&apos;s a Psycho" cooldown="" response="14538910657199631611">
  <Criteria>
   <Criterion id="15659330456318451386" value="13680621263377201655" comparison="0" type="guid"/>
   <Criterion id="15659330456318451410" comparison="0" value="14538910657199630966" fromResponse="1" type="guid"/>
   <Criterion comparison="0" passIfMissing="false" id="15659330456318451477" type="guid" keyType="default" value="844024417273151090"/>
   <Criterion comparison="0" passIfMissing="false" id="1861551678" keyType="gameToken" value="1"/>
  </Criteria>
 </ResponseRule>
 <ResponseSet id="14538910657199631611">
  <Response dialog="14538910657199631248" id="14538910657199631612" cooldown="0" weight="1" oneshot="0" completeConversation="0" delay="0" cutoff="0"/>
 </ResponseSet>
 <ResponseRule id="13680621263403298610" name="" cooldown="" response="13680621263403298611">
  <Criteria>
   <Criterion id="15659330456318451386" value="13680621263377201655" comparison="0" type="guid"/>
   <Criterion id="15659330456318451410" comparison="0" value="14538910657199631301" fromResponse="1" type="guid"/>
   <Criterion id="15659330456318451477" value="844024417273151090" comparison="0" type="guid"/>
  </Criteria>
 </ResponseRule>
 <ResponseSet id="13680621263403298611">
  <Response dialog="13680621263403298609" id="13680621263403298612" cooldown="0" weight="1" oneshot="0" completeConversation="1" delay="0" cutoff="0"/>
 </ResponseSet>
 <ResponseRule id="13680621263403298625" name="" cooldown="" response="13680621263403298626">
  <Criteria>
   <Criterion id="15659330456318451386" value="13680621263377201655" comparison="0" type="guid"/>
   <Criterion id="15659330456318451410" comparison="0" value="14538910657199631612" fromResponse="1" type="guid"/>
   <Criterion id="15659330456318451477" value="844024417273151090" comparison="0" type="guid"/>
  </Criteria>
 </ResponseRule>
 <ResponseSet id="13680621263403298626">
  <Response dialog="13680621263403298609" id="13680621263403298627" cooldown="0" weight="1" oneshot="0" completeConversation="1" delay="0" cutoff="0"/>
 </ResponseSet>
 <ResponseRule id="13680621263408641808" name="Female Branch, Localization" cooldown="" response="13680621263408642039">
  <Criteria>
   <Criterion id="15659330456318451386" value="13680621263377201655" comparison="0" type="guid"/>
   <Criterion id="15659330456318451410" comparison="0" value="13680621263392493367" fromResponse="1" type="guid"/>
   <Criterion id="15659330456318451477" value="844024417273151090" comparison="0" type="guid"/>
   <Criterion comparison="0" passIfMissing="false" id="211598630" keyType="gameToken"/>
  </Criteria>
 </ResponseRule>
 <ResponseSet id="13680621263408642039">
  <Response dialog="13680621263408642038" id="13680621263408642040" cooldown="0" weight="1" oneshot="0" completeConversation="0" delay="0" cutoff="0"/>
 </ResponseSet>
 <ResponseRule id="13680621263408642056" name="" cooldown="" response="13680621263392493408">
  <Criteria>
   <Criterion id="15659330456318451386" value="13680621263377201655" comparison="0" type="guid"/>
   <Criterion id="15659330456318451410" comparison="0" value="13680621263408642040" fromResponse="1" type="guid"/>
  </Criteria>
 </ResponseRule>
</ResponseRules>