<Graph isModule="1" moduleName="ArkLights_IntroHall" isObjectList="1" objectListClass="ArkLight" Description="" Group="" enabled="1" MultiPlayer="ClientServer">
 <Nodes>
  <Node Id="6" Class="entity:ArkLight" pos="-1261.1469,-689.11475,0" EntityGUID="{87E7DA20-607B-450E-8916-75062C8B9042}" EntityGUID_64="450E607B87E7DA20">
   <Inputs entityId="0" Brightness="0" DiffuseColor1="0,0,0" DiffuseColor2="0,0,0" LightStyle1="0" LightStyle2="0" Off="0" On="0" ResetBrightness="0"/>
  </Node>
  <Node Id="8" Class="entity:ArkLight" pos="-1260,-450,0" EntityGUID="{61058AA1-7226-4093-8D2A-3F20FA08C7D4}" EntityGUID_64="4093722661058AA1">
   <Inputs entityId="0" Brightness="0" DiffuseColor1="0,0,0" DiffuseColor2="0,0,0" LightStyle1="0" LightStyle2="0" Off="0" On="0" ResetBrightness="0"/>
  </Node>
  <Node Id="10" Class="entity:ArkLight" pos="-1260,-660,0" EntityGUID="{F5FB6545-8047-452D-B2E8-665DA53007DC}" EntityGUID_64="452D8047F5FB6545">
   <Inputs entityId="0" Brightness="0" DiffuseColor1="0,0,0" DiffuseColor2="0,0,0" LightStyle1="0" LightStyle2="0" Off="0" On="0" ResetBrightness="0"/>
  </Node>
  <Node Id="12" Class="entity:ArkLight" pos="-757,-733,0" EntityGUID="{0C90E894-B1CD-4946-ABD6-113134359497}" EntityGUID_64="4946B1CD0C90E894">
   <Inputs entityId="0" Brightness="0" DiffuseColor1="0,0,0" DiffuseColor2="0,0,0" LightStyle1="0" LightStyle2="0" Off="0" On="0" ResetBrightness="0"/>
  </Node>
  <Node Id="14" Class="entity:ArkLight" pos="-757,-708,0" EntityGUID="{6A0745B2-0393-4A91-A725-968296A00BD5}" EntityGUID_64="4A9103936A0745B2">
   <Inputs entityId="0" Brightness="0" DiffuseColor1="0,0,0" DiffuseColor2="0,0,0" LightStyle1="0" LightStyle2="0" Off="0" On="0" ResetBrightness="0"/>
  </Node>
  <Node Id="16" Class="entity:ArkLight" pos="-757,-683,0" EntityGUID="{A93996C3-CCA2-4D41-B439-1D94A49B258C}" EntityGUID_64="4D41CCA2A93996C3">
   <Inputs entityId="0" Brightness="0" DiffuseColor1="0,0,0" DiffuseColor2="0,0,0" LightStyle1="0" LightStyle2="0" Off="0" On="0" ResetBrightness="0"/>
  </Node>
  <Node Id="18" Class="entity:ArkLight" pos="-757,-658,0" EntityGUID="{CD7FD75F-1AEE-42E0-95F5-F51F67F94562}" EntityGUID_64="42E01AEECD7FD75F">
   <Inputs entityId="0" Brightness="0" DiffuseColor1="0,0,0" DiffuseColor2="0,0,0" LightStyle1="0" LightStyle2="0" Off="0" On="0" ResetBrightness="0"/>
  </Node>
  <Node Id="20" Class="entity:ArkLight" pos="-757,-633,0" EntityGUID="{D85DE31F-75FF-4C5B-B9D1-251ECC00F5EF}" EntityGUID_64="4C5B75FFD85DE31F">
   <Inputs entityId="0" Brightness="0" DiffuseColor1="0,0,0" DiffuseColor2="0,0,0" LightStyle1="0" LightStyle2="0" Off="0" On="0" ResetBrightness="0"/>
  </Node>
  <Node Id="22" Class="entity:ArkLight" pos="-98.099648,-741.51788,0" EntityGUID="{2306C685-6B86-43A5-A162-5EDDC0866155}" EntityGUID_64="43A56B862306C685">
   <Inputs entityId="0" Brightness="0" DiffuseColor1="0,0,0" DiffuseColor2="0,0,0" LightStyle1="0" LightStyle2="0" Off="0" On="0" ResetBrightness="0"/>
  </Node>
  <Node Id="24" Class="entity:ArkLight" pos="-98.099648,-716.51788,0" EntityGUID="{226EB93D-47D4-4459-8AEE-A886BB8495B1}" EntityGUID_64="445947D4226EB93D">
   <Inputs entityId="0" Brightness="0" DiffuseColor1="0,0,0" DiffuseColor2="0,0,0" LightStyle1="0" LightStyle2="0" Off="0" On="0" ResetBrightness="0"/>
  </Node>
  <Node Id="26" Class="entity:ArkLight" pos="-1728.2849,-748.73114,0" EntityGUID="{A7CBAB9E-7F82-4E67-B730-05679E394A4B}" EntityGUID_64="4E677F82A7CBAB9E">
   <Inputs entityId="0" Brightness="0" DiffuseColor1="0,0,0" DiffuseColor2="0,0,0" LightStyle1="0" LightStyle2="0" Off="0" On="0" ResetBrightness="0"/>
  </Node>
  <Node Id="28" Class="entity:ArkLight" pos="-1728.2849,-723.73114,0" EntityGUID="{FFC1A13A-73E4-4807-B6AE-5CAA72DCFA78}" EntityGUID_64="480773E4FFC1A13A">
   <Inputs entityId="0" Brightness="0" DiffuseColor1="0,0,0" DiffuseColor2="0,0,0" LightStyle1="0" LightStyle2="0" Off="0" On="0" ResetBrightness="0"/>
  </Node>
  <Node Id="30" Class="entity:ArkLight" pos="-1728.2849,-698.73114,0" EntityGUID="{90A7A8C4-5824-4509-84C6-A3C59D49E192}" EntityGUID_64="4509582490A7A8C4">
   <Inputs entityId="0" Brightness="0" DiffuseColor1="0,0,0" DiffuseColor2="0,0,0" LightStyle1="0" LightStyle2="0" Off="0" On="0" ResetBrightness="0"/>
  </Node>
  <Node Id="32" Class="entity:ArkLight" pos="-2104.0344,-731.75543,0" EntityGUID="{965973B0-EA53-428A-BCB2-B86080B41BE6}" EntityGUID_64="428AEA53965973B0">
   <Inputs entityId="0" Brightness="0" DiffuseColor1="0,0,0" DiffuseColor2="0,0,0" LightStyle1="0" LightStyle2="0" Off="0" On="0" ResetBrightness="0"/>
  </Node>
  <Node Id="34" Class="entity:ArkLight" pos="-2423.6853,-744.98523,0" EntityGUID="{36402AF2-A534-4C55-8017-EC308985C629}" EntityGUID_64="4C55A53436402AF2">
   <Inputs entityId="0" Brightness="0" DiffuseColor1="0,0,0" DiffuseColor2="0,0,0" LightStyle1="0" LightStyle2="0" Off="0" On="0" ResetBrightness="0"/>
  </Node>
  <Node Id="36" Class="entity:ArkLight" pos="-2827.6328,-693.11218,0" EntityGUID="{2449B754-AAEB-47DF-8601-41E360DD631E}" EntityGUID_64="47DFAAEB2449B754">
   <Inputs entityId="0" Brightness="0" DiffuseColor1="0,0,0" DiffuseColor2="0,0,0" LightStyle1="0" LightStyle2="0" Off="0" On="0" ResetBrightness="0"/>
  </Node>
  <Node Id="38" Class="entity:ArkLight" pos="-2827.6328,-668.11218,0" EntityGUID="{267AD15B-2533-4F0C-8D02-ECC8FB4D1837}" EntityGUID_64="4F0C2533267AD15B">
   <Inputs entityId="0" Brightness="0" DiffuseColor1="0,0,0" DiffuseColor2="0,0,0" LightStyle1="0" LightStyle2="0" Off="0" On="0" ResetBrightness="0"/>
  </Node>
  <Node Id="40" Class="entity:ArkLight" pos="-2827.6328,-643.11218,0" EntityGUID="{E934DCC5-873F-4C3E-B2D3-469D725C4B0B}" EntityGUID_64="4C3E873FE934DCC5">
   <Inputs entityId="0" Brightness="0" DiffuseColor1="0,0,0" DiffuseColor2="0,0,0" LightStyle1="0" LightStyle2="0" Off="0" On="0" ResetBrightness="0"/>
  </Node>
  <Node Id="42" Class="entity:ArkLight" pos="-2827.6328,-618.11218,0" EntityGUID="{27A5DCDD-67A8-4318-9CB7-238A701D3054}" EntityGUID_64="431867A827A5DCDD">
   <Inputs entityId="0" Brightness="0" DiffuseColor1="0,0,0" DiffuseColor2="0,0,0" LightStyle1="0" LightStyle2="0" Off="0" On="0" ResetBrightness="0"/>
  </Node>
  <Node Id="44" Class="entity:ArkLight" pos="-2407.2776,-169.01489,0" EntityGUID="{468DBD74-4EFF-49BD-88DB-A3EF71AD9C79}" EntityGUID_64="49BD4EFF468DBD74">
   <Inputs entityId="0" Brightness="0" DiffuseColor1="0,0,0" DiffuseColor2="0,0,0" LightStyle1="0" LightStyle2="0" Off="0" On="0" ResetBrightness="0"/>
  </Node>
  <Node Id="46" Class="entity:ArkLight" pos="-2620,-170,0" EntityGUID="{2393E7B1-2D06-4059-87EC-266B9FEC915E}" EntityGUID_64="40592D062393E7B1">
   <Inputs entityId="0" Brightness="0" DiffuseColor1="0,0,0" DiffuseColor2="0,0,0" LightStyle1="0" LightStyle2="0" Off="0" On="0" ResetBrightness="0"/>
  </Node>
  <Node Id="48" Class="entity:ArkLight" pos="-2536.803,372.78052,0" EntityGUID="{BAD55DD4-D71F-48CF-88A0-63011A48FA8D}" EntityGUID_64="48CFD71FBAD55DD4">
   <Inputs entityId="0" Brightness="0" DiffuseColor1="0,0,0" DiffuseColor2="0,0,0" LightStyle1="0" LightStyle2="0" Off="0" On="0" ResetBrightness="0"/>
  </Node>
  <Node Id="50" Class="entity:ArkLight" pos="-2536.803,397.78052,0" EntityGUID="{DD880AD0-CA25-42B4-96EB-47831DECEC5C}" EntityGUID_64="42B4CA25DD880AD0">
   <Inputs entityId="0" Brightness="0" DiffuseColor1="0,0,0" DiffuseColor2="0,0,0" LightStyle1="0" LightStyle2="0" Off="0" On="0" ResetBrightness="0"/>
  </Node>
  <Node Id="58" Class="entity:ArkLight" pos="-1893.9146,396.20093,0" EntityGUID="{996A3E29-EA83-4458-A566-01251A9AE8B1}" EntityGUID_64="4458EA83996A3E29">
   <Inputs entityId="0" Brightness="0" DiffuseColor1="0,0,0" DiffuseColor2="0,0,0" LightStyle1="0" LightStyle2="0" Off="0" On="0" ResetBrightness="0"/>
  </Node>
  <Node Id="60" Class="entity:ArkLight" pos="-1893.9146,421.20093,0" EntityGUID="{64B5F563-05A0-48DB-9ED4-9AB4B26D9C4D}" EntityGUID_64="48DB05A064B5F563">
   <Inputs entityId="0" Brightness="0" DiffuseColor1="0,0,0" DiffuseColor2="0,0,0" LightStyle1="0" LightStyle2="0" Off="0" On="0" ResetBrightness="0"/>
  </Node>
  <Node Id="64" Class="entity:ArkLight" pos="-1893.9146,471.20093,0" EntityGUID="{5F45D233-C175-41FF-A3F0-4009685D78E2}" EntityGUID_64="41FFC1755F45D233">
   <Inputs entityId="0" Brightness="0" DiffuseColor1="0,0,0" DiffuseColor2="0,0,0" LightStyle1="0" LightStyle2="0" Off="0" On="0" ResetBrightness="0"/>
  </Node>
  <Node Id="68" Class="entity:ArkLight" pos="-2339.3557,846.38074,0" EntityGUID="{D4C3A955-6267-4B26-A735-0DC621995CA4}" EntityGUID_64="4B266267D4C3A955">
   <Inputs entityId="0" Brightness="0" DiffuseColor1="0,0,0" DiffuseColor2="0,0,0" LightStyle1="0" LightStyle2="0" Off="0" On="0" ResetBrightness="0"/>
  </Node>
  <Node Id="72" Class="entity:ArkLight" pos="-2339.3557,896.38074,0" EntityGUID="{C4D3E72A-2F57-4AB4-A7C9-65FA5003068C}" EntityGUID_64="4AB42F57C4D3E72A">
   <Inputs entityId="0" Brightness="0" DiffuseColor1="0,0,0" DiffuseColor2="0,0,0" LightStyle1="0" LightStyle2="0" Off="0" On="0" ResetBrightness="0"/>
  </Node>
  <Node Id="75" Class="entity:ArkLight" pos="-1625.3862,848.23358,0" EntityGUID="{579804E1-99B9-4AC5-AF6D-F05774748F51}" EntityGUID_64="4AC599B9579804E1">
   <Inputs entityId="0" Brightness="0" DiffuseColor1="0,0,0" DiffuseColor2="0,0,0" LightStyle1="0" LightStyle2="0" Off="0" On="0" ResetBrightness="0"/>
  </Node>
  <Node Id="77" Class="entity:ArkLight" pos="-1625.3862,873.23358,0" EntityGUID="{7C82D73E-DE48-4FA2-99F9-536B962AE730}" EntityGUID_64="4FA2DE487C82D73E">
   <Inputs entityId="0" Brightness="0" DiffuseColor1="0,0,0" DiffuseColor2="0,0,0" LightStyle1="0" LightStyle2="0" Off="0" On="0" ResetBrightness="0"/>
  </Node>
  <Node Id="79" Class="entity:ArkLight" pos="-1625.3862,898.23358,0" EntityGUID="{9EE5E21D-9F15-41E9-99BB-D762861F6975}" EntityGUID_64="41E99F159EE5E21D">
   <Inputs entityId="0" Brightness="0" DiffuseColor1="0,0,0" DiffuseColor2="0,0,0" LightStyle1="0" LightStyle2="0" Off="0" On="0" ResetBrightness="0"/>
  </Node>
  <Node Id="81" Class="entity:ArkLight" pos="-1625.3862,923.23358,0" EntityGUID="{95DAE21D-BA18-4E66-8C21-1DB3A9A9CDCA}" EntityGUID_64="4E66BA1895DAE21D">
   <Inputs entityId="0" Brightness="0" DiffuseColor1="0,0,0" DiffuseColor2="0,0,0" LightStyle1="0" LightStyle2="0" Off="0" On="0" ResetBrightness="0"/>
  </Node>
  <Node Id="83" Class="entity:ArkLight" pos="-1625.3862,948.23358,0" EntityGUID="{A9159B36-5907-488D-B07D-1AD118229AE8}" EntityGUID_64="488D5907A9159B36">
   <Inputs entityId="0" Brightness="0" DiffuseColor1="0,0,0" DiffuseColor2="0,0,0" LightStyle1="0" LightStyle2="0" Off="0" On="0" ResetBrightness="0"/>
  </Node>
  <Node Id="85" Class="entity:ArkLight" pos="-1625.3862,973.23358,0" EntityGUID="{0485F839-AD59-4847-A8E5-49E38BE46129}" EntityGUID_64="4847AD590485F839">
   <Inputs entityId="0" Brightness="0" DiffuseColor1="0,0,0" DiffuseColor2="0,0,0" LightStyle1="0" LightStyle2="0" Off="0" On="0" ResetBrightness="0"/>
  </Node>
  <Node Id="87" Class="entity:ArkLight" pos="-1625.3862,998.23358,0" EntityGUID="{4D4A1F3B-7C00-4FDD-9EDB-7B4228BE1C5D}" EntityGUID_64="4FDD7C004D4A1F3B">
   <Inputs entityId="0" Brightness="0" DiffuseColor1="0,0,0" DiffuseColor2="0,0,0" LightStyle1="0" LightStyle2="0" Off="0" On="0" ResetBrightness="0"/>
  </Node>
  <Node Id="89" Class="entity:ArkLight" pos="-1625.3862,1023.2336,0" EntityGUID="{154D7465-B5B1-45F3-B90B-83024811CC3C}" EntityGUID_64="45F3B5B1154D7465">
   <Inputs entityId="0" Brightness="0" DiffuseColor1="0,0,0" DiffuseColor2="0,0,0" LightStyle1="0" LightStyle2="0" Off="0" On="0" ResetBrightness="0"/>
  </Node>
  <Node Id="91" Class="entity:ArkLight" pos="-1625.3862,1048.2336,0" EntityGUID="{C36E7919-FE8D-4236-81A4-17200DC1EC99}" EntityGUID_64="4236FE8DC36E7919">
   <Inputs entityId="0" Brightness="0" DiffuseColor1="0,0,0" DiffuseColor2="0,0,0" LightStyle1="0" LightStyle2="0" Off="0" On="0" ResetBrightness="0"/>
  </Node>
  <Node Id="93" Class="entity:ArkLight" pos="-1625.3862,1073.2336,0" EntityGUID="{7309CA0D-DA36-41CC-A562-98DC88418080}" EntityGUID_64="41CCDA367309CA0D">
   <Inputs entityId="0" Brightness="0" DiffuseColor1="0,0,0" DiffuseColor2="0,0,0" LightStyle1="0" LightStyle2="0" Off="0" On="0" ResetBrightness="0"/>
  </Node>
  <Node Id="95" Class="entity:ArkLight" pos="-1700,1280,0" EntityGUID="{189A5031-B610-4DC6-88FC-891F04407B24}" EntityGUID_64="4DC6B610189A5031">
   <Inputs entityId="0" Brightness="0" DiffuseColor1="0,0,0" DiffuseColor2="0,0,0" LightStyle1="0" LightStyle2="0" Off="0" On="0" ResetBrightness="0"/>
  </Node>
  <Node Id="97" Class="entity:ArkLight" pos="-703.45111,96.627899,0" EntityGUID="{046AC211-24D8-4921-BEA3-CCCE2582296F}" EntityGUID_64="492124D8046AC211">
   <Inputs entityId="0" Brightness="0" DiffuseColor1="0,0,0" DiffuseColor2="0,0,0" LightStyle1="0" LightStyle2="0" Off="0" On="0" ResetBrightness="0"/>
  </Node>
  <Node Id="99" Class="entity:ArkLight" pos="-703.45111,121.6279,0" EntityGUID="{BA3601C6-80D2-441C-9AF4-12A6FC8B1895}" EntityGUID_64="441C80D2BA3601C6">
   <Inputs entityId="0" Brightness="0" DiffuseColor1="0,0,0" DiffuseColor2="0,0,0" LightStyle1="0" LightStyle2="0" Off="0" On="0" ResetBrightness="0"/>
  </Node>
  <Node Id="101" Class="entity:ArkLight" pos="-703.45111,146.6279,0" EntityGUID="{D1315D63-A9A7-4D1C-87A5-4FAE4AB1790D}" EntityGUID_64="4D1CA9A7D1315D63">
   <Inputs entityId="0" Brightness="0" DiffuseColor1="0,0,0" DiffuseColor2="0,0,0" LightStyle1="0" LightStyle2="0" Off="0" On="0" ResetBrightness="0"/>
  </Node>
  <Node Id="103" Class="entity:ArkLight" pos="-966.27899,815.53943,0" EntityGUID="{FE5050B7-D3CD-45A3-9DEC-2A4C536E7B82}" EntityGUID_64="45A3D3CDFE5050B7">
   <Inputs entityId="0" Brightness="0" DiffuseColor1="0,0,0" DiffuseColor2="0,0,0" LightStyle1="0" LightStyle2="0" Off="0" On="0" ResetBrightness="0"/>
  </Node>
  <Node Id="106" Class="entity:ArkLight" pos="-966.27899,840.53943,0" EntityGUID="{75375F9A-9683-4582-83B8-99BBBE8EB3BD}" EntityGUID_64="4582968375375F9A">
   <Inputs entityId="0" Brightness="0" DiffuseColor1="0,0,0" DiffuseColor2="0,0,0" LightStyle1="0" LightStyle2="0" Off="0" On="0" ResetBrightness="0"/>
  </Node>
  <Node Id="108" Class="entity:ArkLight" pos="-966.27899,865.53943,0" EntityGUID="{F77CEEE5-F872-4250-81D4-ADB317318770}" EntityGUID_64="4250F872F77CEEE5">
   <Inputs entityId="0" Brightness="0" DiffuseColor1="0,0,0" DiffuseColor2="0,0,0" LightStyle1="0" LightStyle2="0" Off="0" On="0" ResetBrightness="0"/>
  </Node>
  <Node Id="110" Class="entity:ArkLight" pos="-966.27899,890.53943,0" EntityGUID="{0E91C03E-62FE-42BC-9FE2-02F136957886}" EntityGUID_64="42BC62FE0E91C03E">
   <Inputs entityId="0" Brightness="0" DiffuseColor1="0,0,0" DiffuseColor2="0,0,0" LightStyle1="0" LightStyle2="0" Off="0" On="0" ResetBrightness="0"/>
  </Node>
 </Nodes>
 <Edges />
 <GraphTokens />
</Graph>
