<Graph isModule="1" moduleName="ArkParticles_Intro" isObjectList="1" objectListClass="ParticleEffect" Description="" Group="" enabled="1" MultiPlayer="ClientServer">
 <Nodes>
  <Node Id="2" Class="entity:ParticleEffect" pos="-147.36842,-85.526314,0" EntityGUID="{F3453110-06C1-4E3E-9976-EA631C81B607}" EntityGUID_64="4E3E06C1F3453110">
   <Inputs entityId="0" Disable="0" Enable="0" Kill="0" Restart="0" Spawn="0"/>
  </Node>
  <Node Id="4" Class="entity:ParticleEffect" pos="-147.36842,-60.526314,0" EntityGUID="{A9121767-1A40-43DF-901B-C62F9CC868A8}" EntityGUID_64="43DF1A40A9121767">
   <Inputs entityId="0" Disable="0" Enable="0" Kill="0" Restart="0" Spawn="0"/>
  </Node>
  <Node Id="6" Class="entity:ParticleEffect" pos="-147.36842,-35.526314,0" EntityGUID="{D6E042E0-D9D4-41E5-9F1F-2C363F387534}" EntityGUID_64="41E5D9D4D6E042E0">
   <Inputs entityId="0" Disable="0" Enable="0" Kill="0" Restart="0" Spawn="0"/>
  </Node>
  <Node Id="8" Class="entity:ParticleEffect" pos="-147.36842,-10.526314,0" EntityGUID="{DCA7E555-8DE4-4318-AF0F-AD0FA3FCD970}" EntityGUID_64="43188DE4DCA7E555">
   <Inputs entityId="0" Disable="0" Enable="0" Kill="0" Restart="0" Spawn="0"/>
  </Node>
  <Node Id="10" Class="entity:ParticleEffect" pos="-147.36842,14.473686,0" EntityGUID="{EE70A2ED-0C09-494D-970A-4341367E66B6}" EntityGUID_64="494D0C09EE70A2ED">
   <Inputs entityId="0" Disable="0" Enable="0" Kill="0" Restart="0" Spawn="0"/>
  </Node>
  <Node Id="12" Class="entity:ParticleEffect" pos="-147.36842,39.473686,0" EntityGUID="{8A055086-8075-45A2-8DC1-C206E5212ECC}" EntityGUID_64="45A280758A055086">
   <Inputs entityId="0" Disable="0" Enable="0" Kill="0" Restart="0" Spawn="0"/>
  </Node>
  <Node Id="14" Class="entity:ParticleEffect" pos="-147.36842,64.473686,0" EntityGUID="{98E3A811-84C5-4182-8522-82E58912CB91}" EntityGUID_64="418284C598E3A811">
   <Inputs entityId="0" Disable="0" Enable="0" Kill="0" Restart="0" Spawn="0"/>
  </Node>
  <Node Id="16" Class="entity:ParticleEffect" pos="-147.36842,89.473686,0" EntityGUID="{B182D550-BE3D-45AD-B951-8004D98775BB}" EntityGUID_64="45ADBE3DB182D550">
   <Inputs entityId="0" Disable="0" Enable="0" Kill="0" Restart="0" Spawn="0"/>
  </Node>
  <Node Id="18" Class="entity:ParticleEffect" pos="-147.36842,114.47369,0" EntityGUID="{BA6DB141-C439-47FA-8406-2A53B2FEFC69}" EntityGUID_64="47FAC439BA6DB141">
   <Inputs entityId="0" Disable="0" Enable="0" Kill="0" Restart="0" Spawn="0"/>
  </Node>
  <Node Id="20" Class="entity:ParticleEffect" pos="-147.36842,139.47369,0" EntityGUID="{0E8F5751-9CB8-4B33-BFF0-317E1CA62433}" EntityGUID_64="4B339CB80E8F5751">
   <Inputs entityId="0" Disable="0" Enable="0" Kill="0" Restart="0" Spawn="0"/>
  </Node>
  <Node Id="22" Class="entity:ParticleEffect" pos="-147.36842,164.47369,0" EntityGUID="{31F965D3-7B24-4AA3-81B0-780F60A6625D}" EntityGUID_64="4AA37B2431F965D3">
   <Inputs entityId="0" Disable="0" Enable="0" Kill="0" Restart="0" Spawn="0"/>
  </Node>
  <Node Id="24" Class="entity:ParticleEffect" pos="-147.36842,189.47369,0" EntityGUID="{B132A8C4-6C5D-44D2-8D3B-9E758A29E417}" EntityGUID_64="44D26C5DB132A8C4">
   <Inputs entityId="0" Disable="0" Enable="0" Kill="0" Restart="0" Spawn="0"/>
  </Node>
  <Node Id="26" Class="entity:ParticleEffect" pos="-147.36842,214.47369,0" EntityGUID="{F8AC228E-F3D4-4A2C-8E12-F0DD5FC76A92}" EntityGUID_64="4A2CF3D4F8AC228E">
   <Inputs entityId="0" Disable="0" Enable="0" Kill="0" Restart="0" Spawn="0"/>
  </Node>
  <Node Id="28" Class="entity:ParticleEffect" pos="-147.36842,239.47369,0" EntityGUID="{D40AC830-9857-48BA-A58B-8E8F1FA0B2B6}" EntityGUID_64="48BA9857D40AC830">
   <Inputs entityId="0" Disable="0" Enable="0" Kill="0" Restart="0" Spawn="0"/>
  </Node>
  <Node Id="30" Class="entity:ParticleEffect" pos="-147.36842,264.47369,0" EntityGUID="{CE90FDB3-7348-4ED4-AF27-01DAAABADCF0}" EntityGUID_64="4ED47348CE90FDB3">
   <Inputs entityId="0" Disable="0" Enable="0" Kill="0" Restart="0" Spawn="0"/>
  </Node>
  <Node Id="32" Class="entity:ParticleEffect" pos="-147.36842,289.47369,0" EntityGUID="{F5B86838-F858-4603-90B8-FE7A2FA5BA06}" EntityGUID_64="4603F858F5B86838">
   <Inputs entityId="0" Disable="0" Enable="0" Kill="0" Restart="0" Spawn="0"/>
  </Node>
  <Node Id="34" Class="entity:ParticleEffect" pos="-147.36842,314.47369,0" EntityGUID="{41804CD9-9856-4E14-AE80-8719CE50DF29}" EntityGUID_64="4E14985641804CD9">
   <Inputs entityId="0" Disable="0" Enable="0" Kill="0" Restart="0" Spawn="0"/>
  </Node>
  <Node Id="36" Class="entity:ParticleEffect" pos="-147.36842,339.47369,0" EntityGUID="{E25BF70D-33EB-48CD-9A86-DBA65038B4CF}" EntityGUID_64="48CD33EBE25BF70D">
   <Inputs entityId="0" Disable="0" Enable="0" Kill="0" Restart="0" Spawn="0"/>
  </Node>
  <Node Id="38" Class="entity:ParticleEffect" pos="-147.36842,364.47369,0" EntityGUID="{F31488BB-4BAC-4A5C-B954-0C1336CD216D}" EntityGUID_64="4A5C4BACF31488BB">
   <Inputs entityId="0" Disable="0" Enable="0" Kill="0" Restart="0" Spawn="0"/>
  </Node>
  <Node Id="40" Class="entity:ParticleEffect" pos="-147.36842,389.47369,0" EntityGUID="{21CC6B68-552E-4EEB-9DB8-06F3D9CC028C}" EntityGUID_64="4EEB552E21CC6B68">
   <Inputs entityId="0" Disable="0" Enable="0" Kill="0" Restart="0" Spawn="0"/>
  </Node>
  <Node Id="42" Class="entity:ParticleEffect" pos="-147.36842,414.47369,0" EntityGUID="{438C1D34-D858-4A14-B2C6-33F4E424A8F2}" EntityGUID_64="4A14D858438C1D34">
   <Inputs entityId="0" Disable="0" Enable="0" Kill="0" Restart="0" Spawn="0"/>
  </Node>
  <Node Id="44" Class="entity:ParticleEffect" pos="-147.36842,439.47369,0" EntityGUID="{017FA4AB-1737-47C1-97D1-CF7395D566E2}" EntityGUID_64="47C11737017FA4AB">
   <Inputs entityId="0" Disable="0" Enable="0" Kill="0" Restart="0" Spawn="0"/>
  </Node>
  <Node Id="46" Class="entity:ParticleEffect" pos="-147.36842,464.47369,0" EntityGUID="{EA795D86-BDAB-4648-9242-BA8CBA87245A}" EntityGUID_64="4648BDABEA795D86">
   <Inputs entityId="0" Disable="0" Enable="0" Kill="0" Restart="0" Spawn="0"/>
  </Node>
  <Node Id="48" Class="entity:ParticleEffect" pos="-147.36842,489.47369,0" EntityGUID="{EF46C476-FEDB-4569-81A8-7A6B74253728}" EntityGUID_64="4569FEDBEF46C476">
   <Inputs entityId="0" Disable="0" Enable="0" Kill="0" Restart="0" Spawn="0"/>
  </Node>
  <Node Id="50" Class="entity:ParticleEffect" pos="-147.36842,514.47369,0" EntityGUID="{63A1CA1F-372A-49FE-BC3C-9AA50C2506C1}" EntityGUID_64="49FE372A63A1CA1F">
   <Inputs entityId="0" Disable="0" Enable="0" Kill="0" Restart="0" Spawn="0"/>
  </Node>
  <Node Id="52" Class="entity:ParticleEffect" pos="-147.36842,539.47369,0" EntityGUID="{862C6CD1-BB81-4F01-A6E6-68ED21E82641}" EntityGUID_64="4F01BB81862C6CD1">
   <Inputs entityId="0" Disable="0" Enable="0" Kill="0" Restart="0" Spawn="0"/>
  </Node>
  <Node Id="54" Class="entity:ParticleEffect" pos="-147.36842,564.47369,0" EntityGUID="{9B144C1E-90F4-48DC-9974-2C0BAEBFECC8}" EntityGUID_64="48DC90F49B144C1E">
   <Inputs entityId="0" Disable="0" Enable="0" Kill="0" Restart="0" Spawn="0"/>
  </Node>
  <Node Id="56" Class="entity:ParticleEffect" pos="-147.36842,589.47369,0" EntityGUID="{31A2EF17-B7A3-4B2B-954D-18E7F2DA972D}" EntityGUID_64="4B2BB7A331A2EF17">
   <Inputs entityId="0" Disable="0" Enable="0" Kill="0" Restart="0" Spawn="0"/>
  </Node>
  <Node Id="58" Class="entity:ParticleEffect" pos="-147.36842,614.47369,0" EntityGUID="{0BC82B6F-EA98-4316-906F-0423AF216FD6}" EntityGUID_64="4316EA980BC82B6F">
   <Inputs entityId="0" Disable="0" Enable="0" Kill="0" Restart="0" Spawn="0"/>
  </Node>
  <Node Id="60" Class="entity:ParticleEffect" pos="-147.36842,639.47369,0" EntityGUID="{DAFF9845-1C89-4765-9012-350F79228F72}" EntityGUID_64="47651C89DAFF9845">
   <Inputs entityId="0" Disable="0" Enable="0" Kill="0" Restart="0" Spawn="0"/>
  </Node>
  <Node Id="62" Class="entity:ParticleEffect" pos="-147.36842,664.47369,0" EntityGUID="{2B924CD9-799A-4862-8681-9209D8D38336}" EntityGUID_64="4862799A2B924CD9">
   <Inputs entityId="0" Disable="0" Enable="0" Kill="0" Restart="0" Spawn="0"/>
  </Node>
  <Node Id="64" Class="entity:ParticleEffect" pos="-147.36842,689.47369,0" EntityGUID="{537C91A3-5F48-46AE-ACCB-EFC224BB8258}" EntityGUID_64="46AE5F48537C91A3">
   <Inputs entityId="0" Disable="0" Enable="0" Kill="0" Restart="0" Spawn="0"/>
  </Node>
  <Node Id="66" Class="entity:ParticleEffect" pos="-147.36842,714.47369,0" EntityGUID="{B6898FAA-68C8-4140-94D1-B47B0B323090}" EntityGUID_64="414068C8B6898FAA">
   <Inputs entityId="0" Disable="0" Enable="0" Kill="0" Restart="0" Spawn="0"/>
  </Node>
  <Node Id="68" Class="entity:ParticleEffect" pos="-147.36842,739.47369,0" EntityGUID="{1EFC42B4-1E13-4FE1-8D77-27348E13ECC6}" EntityGUID_64="4FE11E131EFC42B4">
   <Inputs entityId="0" Disable="0" Enable="0" Kill="0" Restart="0" Spawn="0"/>
  </Node>
  <Node Id="70" Class="entity:ParticleEffect" pos="-147.36842,764.47369,0" EntityGUID="{FFDC1AB0-6AD9-46E0-95FA-F04E3DC22119}" EntityGUID_64="46E06AD9FFDC1AB0">
   <Inputs entityId="0" Disable="0" Enable="0" Kill="0" Restart="0" Spawn="0"/>
  </Node>
  <Node Id="72" Class="entity:ParticleEffect" pos="-147.36842,789.47369,0" EntityGUID="{85F1B714-AAC0-4E70-8E78-E9D8C9BAB7AC}" EntityGUID_64="4E70AAC085F1B714">
   <Inputs entityId="0" Disable="0" Enable="0" Kill="0" Restart="0" Spawn="0"/>
  </Node>
  <Node Id="74" Class="entity:ParticleEffect" pos="-147.36842,814.47369,0" EntityGUID="{BF1EB89B-1EC1-453E-92EF-DAFEEB645912}" EntityGUID_64="453E1EC1BF1EB89B">
   <Inputs entityId="0" Disable="0" Enable="0" Kill="0" Restart="0" Spawn="0"/>
  </Node>
  <Node Id="76" Class="entity:ParticleEffect" pos="-147.36842,839.47369,0" EntityGUID="{8C5F900A-3936-4129-AE6A-B9EF91E263A5}" EntityGUID_64="412939368C5F900A">
   <Inputs entityId="0" Disable="0" Enable="0" Kill="0" Restart="0" Spawn="0"/>
  </Node>
  <Node Id="78" Class="entity:ParticleEffect" pos="-147.36842,864.47369,0" EntityGUID="{599DC500-1EC6-4DC3-9C16-804C68873943}" EntityGUID_64="4DC31EC6599DC500">
   <Inputs entityId="0" Disable="0" Enable="0" Kill="0" Restart="0" Spawn="0"/>
  </Node>
  <Node Id="80" Class="entity:ParticleEffect" pos="-147.36842,889.47369,0" EntityGUID="{BAE83D33-4BEB-4517-9BC9-C415E08D8BC6}" EntityGUID_64="45174BEBBAE83D33">
   <Inputs entityId="0" Disable="0" Enable="0" Kill="0" Restart="0" Spawn="0"/>
  </Node>
  <Node Id="82" Class="entity:ParticleEffect" pos="-147.36842,914.47369,0" EntityGUID="{C806FE8E-610B-4534-ABBB-902A151277EA}" EntityGUID_64="4534610BC806FE8E">
   <Inputs entityId="0" Disable="0" Enable="0" Kill="0" Restart="0" Spawn="0"/>
  </Node>
  <Node Id="84" Class="entity:ParticleEffect" pos="-147.36842,939.47369,0" EntityGUID="{A00A741A-9AF0-4AB6-8231-E201A04C11DB}" EntityGUID_64="4AB69AF0A00A741A">
   <Inputs entityId="0" Disable="0" Enable="0" Kill="0" Restart="0" Spawn="0"/>
  </Node>
  <Node Id="86" Class="entity:ParticleEffect" pos="-147.36842,964.47369,0" EntityGUID="{0043CA88-6AA0-453D-9808-ACCEC99D1384}" EntityGUID_64="453D6AA00043CA88">
   <Inputs entityId="0" Disable="0" Enable="0" Kill="0" Restart="0" Spawn="0"/>
  </Node>
  <Node Id="88" Class="entity:ParticleEffect" pos="-147.36842,989.47369,0" EntityGUID="{A780EDA8-CF63-4C9C-AEB6-16E30AB39F3C}" EntityGUID_64="4C9CCF63A780EDA8">
   <Inputs entityId="0" Disable="0" Enable="0" Kill="0" Restart="0" Spawn="0"/>
  </Node>
  <Node Id="90" Class="entity:ParticleEffect" pos="-147.36842,1014.4737,0" EntityGUID="{5A3A4F27-A3ED-4D3B-BDD5-37B3C6B8CB18}" EntityGUID_64="4D3BA3ED5A3A4F27">
   <Inputs entityId="0" Disable="0" Enable="0" Kill="0" Restart="0" Spawn="0"/>
  </Node>
  <Node Id="92" Class="entity:ParticleEffect" pos="-147.36842,1039.4736,0" EntityGUID="{A444F484-6861-48AD-AFCD-42D53620FD59}" EntityGUID_64="48AD6861A444F484">
   <Inputs entityId="0" Disable="0" Enable="0" Kill="0" Restart="0" Spawn="0"/>
  </Node>
  <Node Id="94" Class="entity:ParticleEffect" pos="-147.36842,1064.4736,0" EntityGUID="{C79E2E14-CFB3-4EF4-92BC-F56EDD9A37ED}" EntityGUID_64="4EF4CFB3C79E2E14">
   <Inputs entityId="0" Disable="0" Enable="0" Kill="0" Restart="0" Spawn="0"/>
  </Node>
  <Node Id="96" Class="entity:ParticleEffect" pos="-147.36842,1089.4736,0" EntityGUID="{B509F8C4-6967-4B8F-9EFF-B5C6B382CE8A}" EntityGUID_64="4B8F6967B509F8C4">
   <Inputs entityId="0" Disable="0" Enable="0" Kill="0" Restart="0" Spawn="0"/>
  </Node>
  <Node Id="98" Class="entity:ParticleEffect" pos="-147.36842,1114.4736,0" EntityGUID="{C20627FA-A793-4453-ABB9-8F340DA1D373}" EntityGUID_64="4453A793C20627FA">
   <Inputs entityId="0" Disable="0" Enable="0" Kill="0" Restart="0" Spawn="0"/>
  </Node>
  <Node Id="100" Class="entity:ParticleEffect" pos="-147.36842,1139.4736,0" EntityGUID="{6A46898B-2BCD-441E-984A-4AA43C364B3A}" EntityGUID_64="441E2BCD6A46898B">
   <Inputs entityId="0" Disable="0" Enable="0" Kill="0" Restart="0" Spawn="0"/>
  </Node>
  <Node Id="102" Class="entity:ParticleEffect" pos="-147.36842,1164.4736,0" EntityGUID="{C2B43953-ED23-4DBC-A155-888A5DA1B2A6}" EntityGUID_64="4DBCED23C2B43953">
   <Inputs entityId="0" Disable="0" Enable="0" Kill="0" Restart="0" Spawn="0"/>
  </Node>
  <Node Id="104" Class="entity:ParticleEffect" pos="260,1130,0" EntityGUID="{34A598A3-A23C-49D8-AA0A-8F3DFC1E2A74}" EntityGUID_64="49D8A23C34A598A3">
   <Inputs entityId="0" Disable="0" Enable="0" Kill="0" Restart="0" Spawn="0"/>
  </Node>
  <Node Id="106" Class="entity:ParticleEffect" pos="260,1170,0" EntityGUID="{69631C2B-3416-4860-8F4D-F4302125160A}" EntityGUID_64="4860341669631C2B">
   <Inputs entityId="0" Disable="0" Enable="0" Kill="0" Restart="0" Spawn="0"/>
  </Node>
  <Node Id="108" Class="entity:ParticleEffect" pos="260,1210,0" EntityGUID="{792C7138-FB0D-48D5-913A-6A7CCD64B295}" EntityGUID_64="48D5FB0D792C7138">
   <Inputs entityId="0" Disable="0" Enable="0" Kill="0" Restart="0" Spawn="0"/>
  </Node>
 </Nodes>
 <Edges />
 <GraphTokens />
</Graph>
