
<Dialog>
 <Dialog id="13680621263386017542" text="Uh..." modified="02/19/2016 08:45:58 PM" notes="Prolonged, as in &quot;Did that just happen?&quot;"/>
 <Dialog id="13680621263386017623" text="Was that really you?" modified="02/19/2016 08:47:19 PM" notes="Incredulous. "/>
 <Dialog id="13680621263386017654" text="I don&apos;t know how that&apos;s possible." modified="02/19/2016 08:47:50 PM"/>
 <Dialog id="13680621263386017717" text="I can&apos;t explain that." modified="02/19/2016 08:48:53 PM" notes="Doesn&apos;t believe it."/>
 <Dialog id="13680621263386017723" text="No way." modified="02/19/2016 08:48:59 PM" notes="Awe."/>
 <Dialog id="13680621263386017936" text="Holy shit!" modified="02/19/2016 08:52:32 PM" notes="Sharp. Like, I just saw a rattle snake."/>
 <Dialog id="13680621263386017984" text="That&apos;s not right." modified="02/19/2016 08:53:20 PM" notes="Shaking head. Horrified."/>
 <Dialog id="13680621263386018005" text="Jesus! Are you... one of them?" modified="02/19/2016 08:53:41 PM" notes="Shocked. Repulsed."/>
 <Dialog id="13680621263386018122" text="My God." modified="02/19/2016 08:55:38 PM" notes="Under breath, awe."/>
 <Dialog id="13680621263386018184" text="That&apos;s impossible." modified="02/19/2016 08:56:40 PM" notes="under breath."/>
 <Dialog id="13680621263386018383" text="You all right?" modified="07/08/2016 05:32:02 PM"/>
 <Dialog id="13680621263386018397" text="You don&apos;t look so good." modified="02/19/2016 09:00:13 PM"/>
 <Dialog id="13680621263386018423" text="You look like you need a Medical Operator." modified="07/08/2016 10:32:15 PM"/>
 <Dialog id="13680621263386018679" text="That&apos;s it!" modified="02/19/2016 09:05:41 PM" notes="Angry. Exhasperrated. Turning Hostile to player."/>
 <Dialog id="13680621263386018687" text="You crossed a line." modified="02/19/2016 09:05:03 PM" notes="Angry. Exhasperrated. Turning Hostile to player."/>
 <Dialog id="13680621263386018697" text="That&apos;s enough!" modified="02/19/2016 09:05:13 PM" notes="Angry. Exhasperrated. Turning Hostile to player."/>
 <Dialog id="13680621263386018711" text="What&apos;s wrong with you?" modified="02/19/2016 09:05:27 PM" notes="Angry. Exhasperrated. Turning Hostile to player."/>
 <Dialog id="13680621263386018717" text="You lost your mind?" modified="02/19/2016 09:05:33 PM" notes="Angry. Exhasperrated. Turning Hostile to player."/>
 <Dialog id="13680621263386018729" text="Sick of you!" modified="02/19/2016 09:05:45 PM" notes="Angry. Exhasperrated. Turning Hostile to player."/>
 <Dialog id="13680621263386018835" text="Seriously?" modified="02/19/2016 09:07:31 PM" notes="Are you a child?"/>
 <Dialog id="13680621263386018842" text="Not a good time." modified="02/19/2016 09:07:38 PM" notes="Irritated."/>
 <Dialog id="13680621263386018856" text="Quit messing around." modified="02/19/2016 09:07:52 PM" notes="Irritated."/>
 <Dialog id="13680621263386018871" text="Stop it." modified="02/19/2016 09:08:07 PM" notes="Irritated."/>
 <Dialog id="13680621263386018922" text="Yeah, that&apos;s hilarious." modified="02/19/2016 09:09:30 PM" notes="Sarcastic."/>
 <Dialog id="13680621263386018933" text="(Sigh)" modified="02/19/2016 09:09:09 PM" notes="Losing patience."/>
 <Dialog id="13680621263386019671" text="(Sigh) Thank God that&apos;s over." modified="07/08/2016 04:02:52 PM" notes="After combat. Releived."/>
 <Dialog id="13680621263386019680" text="We made it." modified="02/19/2016 09:21:36 PM" notes="After combat. Releived."/>
 <Dialog id="13680621263386019707" text="Can&apos;t believe I survived." modified="02/19/2016 09:22:08 PM" notes="After combat. Releived."/>
 <Dialog id="13680621263386019749" text="Is that all of them?" modified="02/19/2016 09:22:45 PM" notes="Worried."/>
 <Dialog id="13680621263386019765" text="Did we get&apos;em all?" modified="02/19/2016 09:23:01 PM" notes="Worried."/>
 <Dialog id="13680621263386019983" text="Mimic!" modified="02/19/2016 09:26:39 PM" notes="Loud. Frantic."/>
 <Dialog id="13680621263386019998" text="Don&apos;t let it grab you!" modified="02/19/2016 09:26:54 PM" notes="Loud. Frantic."/>
 <Dialog id="13680621263386020004" text="Don&apos;t let it get away!" modified="02/19/2016 09:27:00 PM" notes="Loud. Frantic."/>
 <Dialog id="13680621263386020027" text="(Cry)" modified="02/19/2016 09:27:23 PM" notes="Frightened exclamation."/>
 <Dialog id="13680621263386020040" text="No!" modified="02/19/2016 09:27:36 PM" notes="Frightened exclamation."/>
 <Dialog id="13680621263386020082" text="Kill it! Quick!" modified="02/19/2016 09:38:02 PM" notes="Loud. Frantic."/>
 <Dialog id="13680621263386020306" text="Phantom!" modified="02/19/2016 09:32:02 PM"/>
 <Dialog id="13680621263386020315" text="That thing used to be one of us." modified="02/19/2016 09:32:11 PM" notes="Horrified."/>
 <Dialog id="13680621263386020400" text="It&apos;s a mimic!" modified="02/19/2016 09:33:36 PM" notes="Loud. Frantic."/>
 <Dialog id="13680621263386020464" text="(Growl)" modified="02/19/2016 09:34:40 PM" notes="Almost thru the teeth as they squeeze the trigger"/>
 <Dialog id="13680621263386020483" text="Go to hell!" modified="02/19/2016 09:34:59 PM"/>
 <Dialog id="13680621263386020513" text="Son of a bitch." modified="02/19/2016 09:35:29 PM" notes="Underbreath. Harsh Whisper."/>
 <Dialog id="13680621263386020568" text="Die already." modified="02/19/2016 09:36:24 PM" notes="Angry."/>
 <Dialog id="13680621263386020678" text="Don&apos;t let it get close!" modified="02/19/2016 09:39:09 PM"/>
 <Dialog id="13680621263386020761" text="Shit. We&apos;re dead." modified="02/19/2016 09:39:37 PM" notes="To self. "/>
 <Dialog id="13680621263386021214" text="Get away from me!" modified="02/19/2016 09:47:10 PM"/>
 <Dialog id="13680621263386021303" text="Piece of shit trash can." modified="02/19/2016 09:48:39 PM"/>
 <Dialog id="13680621263386021350" text="Shut it down!" modified="02/19/2016 09:57:42 PM"/>
 <Dialog id="13680621263386022004" text="What was that?" modified="02/19/2016 10:00:20 PM" notes="Suspicious."/>
 <Dialog id="13680621263386022025" text="I don&apos;t think that was a rat." modified="07/08/2016 04:47:22 PM" notes="Nervous."/>
 <Dialog id="13680621263386022039" text="There&apos;s something over there." modified="02/19/2016 10:00:55 PM" notes="Nervous."/>
 <Dialog id="13680621263386022048" text="I swear..." modified="02/19/2016 10:01:04 PM" notes="trails off. Implied &quot;... i heard something.&quot;"/>
 <Dialog id="13680621263386022260" text="That&apos;s not right." modified="02/19/2016 10:04:36 PM" notes="Heard / Saw something."/>
 <Dialog id="13680621263386022414" text="Shhh... there&apos;s something." modified="02/23/2016 05:34:17 PM" notes="Low. Nervous."/>
 <Dialog id="13680621263386022493" text="I&apos;m going to take look over here." modified="02/19/2016 10:11:55 PM" notes="Tense."/>
 <Dialog id="13680621263386022511" text="There better not be anything." modified="02/19/2016 10:08:47 PM" notes="Self-talk."/>
 <Dialog id="13680621263386022530" text="Just give me a clean shot." modified="02/29/2016 09:54:15 PM" notes="Almost talking under breath..."/>
 <Dialog id="13680621263386022565" text="Come out." modified="02/19/2016 10:09:41 PM" notes="Nervous. Please don&apos;t come out."/>
 <Dialog id="13680621263386022637" text="I don&apos;t see anything yet." modified="02/19/2016 10:11:52 PM" notes="Tense."/>
 <Dialog id="13680621263386022783" text="I didn&apos;t find anything." modified="02/19/2016 10:13:19 PM"/>
 <Dialog id="13680621263386022787" text="Nothing." modified="02/19/2016 10:13:23 PM"/>
 <Dialog id="13680621263386022809" text="I must be losing my mind." modified="02/19/2016 10:13:45 PM"/>
 <Dialog id="13680621263386022824" text="I swear there was something here a second ago." modified="02/19/2016 10:14:00 PM"/>
 <Dialog id="13680621263386022911" text="...just vanished." modified="02/19/2016 10:15:27 PM" notes="Frustrated."/>
 <Dialog id="13680621263386022945" text="It was just here." modified="02/19/2016 10:16:01 PM"/>
 <Dialog id="13680621263386022949" text="He was just here." modified="02/19/2016 10:16:05 PM" notes="Frustrated."/>
 <Dialog id="13680621263386022954" text="She was just here." modified="02/19/2016 10:16:10 PM" notes="Frustrated."/>
 <Dialog id="13680621263386022970" text="Gone." modified="02/19/2016 10:16:35 PM" notes="Frustrated."/>
 <Dialog id="13680621263386022993" text="Means we&apos;re going to have to fight it again later, huh?" modified="02/19/2016 10:17:05 PM" notes="Frustrated."/>
 <Dialog id="13680621263386023027" text="I got a bad feeling." modified="02/19/2016 10:17:23 PM" notes="To self. Dread."/>
 <Dialog id="13680621263386023043" text="What the hell was that?" modified="02/19/2016 10:17:39 PM" notes="Dread."/>
 <Dialog id="13680621263386023109" text="How are we supposed to fight that!" modified="02/19/2016 10:18:45 PM" notes="Dread"/>
 <Dialog id="13680621263386023125" text="No way we can take that!" modified="02/19/2016 10:19:01 PM"/>
 <Dialog id="13680621263386023164" text="What is that thing?" modified="02/19/2016 10:22:35 PM"/>
 <Dialog id="13680621263386023309" text="Oh shit, we&apos;re so dead!" modified="07/08/2016 05:13:38 PM" notes="Despair"/>
 <Dialog id="13680621263386023357" text="This is some kind of bad dream." modified="02/19/2016 10:22:53 PM" notes="Distressed. Wants to wake up."/>
 <Dialog id="13680621263386213775" text="I&apos;ll try to get somewhere safe as soon as I catch my breath." modified="07/08/2016 04:50:09 PM" notes="Post-Mind Control. Shaken. Relieved. "/>
 <Dialog id="13680621263386213852" text="Still a little woozy. I&apos;ll head out as soon as I feel better." modified="02/22/2016 03:17:48 AM" notes="Post-Mind Control. Shaken. Relieved. "/>
 <Dialog id="13680621263386213879" text="Thanks, Morgan. My head&apos;s clear. I just need a minute." modified="07/07/2016 03:56:31 PM" notes="Post-Mind Control. Shaken. Relieved. "/>
 <Dialog id="13680621263386213927" text="Appreciate the help. Maybe I&apos;ll try the Cargo Bay. Heard Chief Elazar&apos;s there." modified="02/22/2016 03:37:40 AM" notes="Post-Mind Control. Shaken. Relieved. "/>
 <Dialog id="13680621263386213942" text="You ever been half-awake - can&apos;t move your body no matter how hard you try. What do they call that... sleep paralysis?" modified="07/07/2016 03:59:58 PM" notes="Post-Mind Control. Shaken. Relieved. "/>
 <Dialog id="13680621263386214327" text="I&apos;m out of here as soon as my legs stop shaking. " modified="02/22/2016 03:25:43 AM" notes="Post-Mind Control. Shaken. Relieved. "/>
 <Dialog id="13680621263386214362" text="That&apos;s what it was like. Terrifying." modified="02/22/2016 03:26:18 AM" notes="Post-Mind Control. Shaken. Relieved. "/>
 <Dialog id="13680621263386214490" text="I can&apos;t believe you beat that thing." modified="02/22/2016 03:28:26 AM" notes="Post-Mind Control. Shaken. Relieved. "/>
 <Dialog id="13680621263386214572" text="Where did something like that even come from?" modified="02/22/2016 03:29:48 AM" notes="Post-Mind Control. Shaken. Relieved. "/>
 <Dialog id="13680621263386214631" text="I don&apos;t know if I want to live in a universe where something like that is possible." modified="02/22/2016 03:31:10 AM"/>
 <Dialog id="13680621263386214800" text="I just want to get home. Feel real grass under my feet. " modified="02/22/2016 03:33:36 AM"/>
 <Dialog id="13680621263386214874" text="Did we... make that in one of the labs? God, I hope not." modified="02/22/2016 03:34:50 AM"/>
 <Dialog id="13680621263386214906" text="(Sigh)" modified="02/22/2016 03:35:22 AM" notes="Post Mind Control. Intense relief. Just survied hardest experience."/>
 <Dialog id="5310807215661801965" text="Rule [HumanGeneric] Player Bumped/Touched Player" modified="11/02/2016 10:00:13 PM" notes="DNR"/>
</Dialog>