
<Dialog>
 <Dialog id="13680621263367713195" text="Morgan. I heard the announcement." modified="07/05/2016 10:19:38 PM" notes="Worried." facefx="2"/>
 <Dialog id="13680621263367713208" text="No - no, I will not give you up - you were there for me, I am here for you." modified="07/05/2016 10:19:57 PM" notes="Realizing Morgan may think he&apos;s giving him up." facefx="2"/>
 <Dialog id="13680621263367713312" text="I know Dahl&apos;s type - and more importantly, the man himself, I&apos;ve read his medical transcripts." modified="01/27/2016 04:42:49 AM" notes="Dahl&apos;s type = black ops betrayer." facefx="2"/>
 <Dialog id="13680621263367713445" text="Doctor Yu. Doctor Igwe. We have the subject - Dahl, and his lifesigns are stable - thank you. We are prepping him in the Neuromod Division now - come as soon as you can." modified="01/27/2016 04:58:49 AM" facefx="2"/>
 <Dialog id="4349723564912403448" text="Wait. Wait, what are you doing?! Stop, stop, damn you, st-" modified="07/05/2016 10:15:22 PM" notes="Abruptly cut off as all of Igwe&apos;s atmosphere is expelled." facefx="2"/>
 <Dialog id="4349723564912488751" text="This is Doctor Dayo Igwe. I&apos;m broadcasting to all contacts in proximity. Please, whoever is out there - listen to me. Oxygen is low, and I have no space suit." modified="07/05/2016 10:15:31 PM" notes="{Urgent}" facefx="2"/>
 <Dialog id="4349723564912488808" text="An accident in Cargo Bay forced me to seal myself in this... container. But I have no way to dock with the station from in here." modified="01/24/2016 08:59:06 PM" facefx="2"/>
 <Dialog id="13680621263369508757" text="Shame about Dahl. He was our only way off this station. Probably wouldn&apos;t have worked anyway." modified="07/05/2016 09:58:47 PM"/>
 <Dialog id="13680621263369580432" text="The subject... Dahl... has been... secured." modified="07/05/2016 07:48:06 PM" notes="Glancing at the unconscious victim in the chair, briefly goes into soulless doctor mode" sync="true" facefx="3"/>
 <Dialog id="13680621263369580624" text="All perfectly normal so far..." modified="07/05/2016 09:02:53 PM" notes="Clinical. Contrast to the discomfort Dahl is experiencing."/>
 <Dialog id="13680621263369580933" text="I believe I&apos;ve isolated the correct Neuromod." modified="07/05/2016 09:02:27 PM" sync="true" facefx="3"/>
 <Dialog id="13680621263369581379" text="Commander... Dahl. I am Doctor Igwe, chief... physician here. You&apos;ve-" modified="01/20/2016 02:14:41 AM" notes="Tries to be consoling and lying" sync="true" facefx="3"/>
 <Dialog id="13680621263369581739" text="Doctor Yu. Morgan. I was afraid you wouldn&apos;t make it." modified="01/27/2016 07:29:39 PM" notes="Relief. " sync="true" facefx="3"/>
 <Dialog id="13680621263369585996" text="Doctor Yu - Morgan. It was an honor to work with you on Talos. And your brother." modified="07/12/2016 05:41:42 PM" notes="Respectful"/>
 <Dialog id="13680621263369586043" text="And thank you for retrieving Leitner&apos;s remains... Maya always loved the sound of his playing." modified="01/28/2016 12:12:37 AM"/>
 <Dialog id="13680621263369586049" text="...I couldn&apos;t let it die with the station. " modified="07/05/2016 10:31:47 PM"/>
 <Dialog id="13680621263369586057" text="His was a rare gift, and his skill should be shared - not only with me, but with others." modified="01/28/2016 12:13:12 AM"/>
 <Dialog id="13680621263369666887" text="Morgan. This is Doctor Igwe." modified="07/05/2016 10:22:22 PM" facefx="2"/>
 <Dialog id="4349723564913359824" text="This is Doctor Dayo Igwe, my last words. Oxygen is short, I estimate I only have... minutes left." modified="01/25/2016 06:41:07 PM" notes="Resolved, quiet, maintaining dignity" facefx="2"/>
 <Dialog id="4349723564913359948" text="I thought I detected someone passing by, but it may have been my hopes - running away with me." modified="07/05/2016 10:15:41 PM" facefx="2"/>
 <Dialog id="4349723564913359995" text="First, to those of Earth - my theories were correct. Psionics are possible, and the Talos databanks will prove this out." modified="07/05/2016 10:15:43 PM" facefx="2"/>
 <Dialog id="4349723564913360253" text="Second, we are not alone in the universe. I have evacuated Talos in light of what appears to be an alien... manifestation." modified="07/05/2016 10:15:45 PM" facefx="2"/>
 <Dialog id="13680621263369934954" text="Morgan. Thank you. Thank you for what you&apos;ve done for us." modified="07/05/2016 10:22:52 PM" facefx="2"/>
 <Dialog id="4349723564913613131" text="Doctor Yu. Again - I want to thank you for the timely rescue." modified="07/05/2016 07:43:07 PM" notes="{Relieved}"/>
 <Dialog id="4349723564913617454" text="Microgravity upsets my equilibrium. I need to steady myself after the slow roll of the crate." modified="07/05/2016 07:43:26 PM"/>
 <Dialog id="4349723564913617739" text="I could feel it... turning, you know. My stomach along with it. Closest I&apos;ve ever come to vertigo. And claustrophobia." modified="01/24/2016 09:51:53 PM"/>
 <Dialog id="4349723564913617760" text="Must be a Neuromod that could cure that." modified="01/19/2017 05:24:34 PM" notes="To himself."/>
 <Dialog id="4349723564914283721" text="I was... working in the Cargo Bay when the attack came. Sudden decompression - violent, actually. Barely managed to get to the crate and seal it." modified="01/24/2016 09:50:00 PM" notes=""/>
 <Dialog id="4349723564914283739" text="I... hope you recall me. Doctor Igwe. Dayo Igwe. Your brother - Alex - brought me to the station to head up Neuromod research." modified="01/24/2016 09:49:40 PM" notes="  {Realizing Morgan may have lost his/her memory}"/>
 <Dialog id="4349723564918013219" text="Hello? Oh mercy - at last. Is someone out there? Can you hear me? It&apos;s Dr. Igwe. From the Neuromod Division, please. I&apos;m trapped. I need assistance, I&apos;m running out of air." modified="01/24/2016 09:04:02 PM" facefx="2"/>
 <Dialog id="4349723564918013253" text="Please, I have no space suit - if there&apos;s some way to dock the container with the cargo bay..." modified="01/24/2016 09:08:40 PM" facefx="2"/>
 <Dialog id="4349723564918712735" text="At last - I thought that crate would be my coffin. Even the stale air of Talos, laced with faint hint of nicotine and anti-bacteriants..." modified="01/24/2016 09:34:27 PM" facefx="2"/>
 <Dialog id="13680621263375368022" text="This is certainly better than the cargo crate - but I suspect we are still trapped." modified="07/05/2016 09:52:06 PM"/>
 <Dialog id="13680621263375368029" text="I wish I could make my way to my quarters... I have some personal effects I&apos;d rather not leave behind." modified="01/26/2016 03:12:26 PM"/>
 <Dialog id="13680621263375368034" text="I hope you don&apos;t mind if I use your Fabricator. I&apos;d like to help." modified="01/26/2016 03:51:47 PM"/>
 <Dialog id="13680621263375368192" text="Morgan." modified="01/26/2016 03:01:42 PM" notes="Acknowledgement. Good to see you."/>
 <Dialog id="13680621263375368207" text="Any luck finding a way off the station?" modified="07/05/2016 06:26:42 PM"/>
 <Dialog id="13680621263375368213" text="[humming]" modified="02/23/2017 08:13:18 PM" notes="Some piano concerto. Absent minded. Not perky."/>
 <Dialog id="13680621263375368218" text="I&apos;ve been trying to see what I can access from here, but most of the systems are locked down." modified="01/26/2016 03:55:05 PM"/>
 <Dialog id="13680621263375368334" text="My lord... who would have thought? That creature... it&apos;s almost beyond comprehension." modified="01/27/2016 07:56:48 PM" notes="Awe"/>
 <Dialog id="13680621263375368339" text="That Typhon will tear this station apart - if only... if only we could communicate with it somehow..." modified="01/27/2016 07:57:00 PM" notes="Awe"/>
 <Dialog id="13680621263375368345" text="Alex... and you, Morgan... had always theorized there was something guiding these things, but... the reality of it..." modified="01/27/2016 07:57:51 PM" notes="Awe. Then at a loss for words."/>
 <Dialog id="13680621263375369726" text="...fascinating." modified="01/26/2016 03:23:03 PM"/>
 <Dialog id="13680621263375369818" text="Could really... go for a cigarette right now." modified="07/05/2016 10:03:52 PM" notes="Slight nervous, doesn&apos;t realize what he&apos;s saying."/>
 <Dialog id="13680621263375369895" text="Morgan, this is a fascinating device-" modified="01/26/2016 03:30:07 PM" notes="Worried."/>
 <Dialog id="13680621263375369911" text="Well, there you are. " modified="10/19/2015 03:05:27 PM"/>
 <Dialog id="13680621263378046573" text="Please, Morgan. We can&apos;t wait forever. Time is running out." modified="11/19/2015 02:36:29 PM" facefx="2"/>
 <Dialog id="13680621263378145078" text="Alex must have had a good reason for shutting down the elevators - he may be trying to quarantine the station." modified="07/05/2016 07:43:54 PM"/>
 <Dialog id="13680621263383359026" text="Ah... Commander Dahl, you&apos;ve suffered a severe head injury as a result of a - crisis here on the station." modified="07/05/2016 09:03:06 PM" notes="Wobbles because of dig, then recovers, pretending to be a med doctor." sync="true" facefx="3"/>
 <Dialog id="13680621263383359439" text="We need to evacuate at once, but we... we couldn&apos;t leave without you. Are you able to pilot a shuttle?" modified="07/05/2016 09:03:09 PM" sync="true" facefx="3"/>
 <Dialog id="13680621263383359733" text="I&apos;m afraid there&apos;s no time to explain. We need to get to the Shuttle Bay and prepare for departure." modified="07/05/2016 10:44:22 PM" notes="Calm. Level." sync="true" facefx="3"/>
 <Dialog id="13680621263383359810" text="TranStar mandate. Dr. Yu can confirm." modified="01/20/2016 02:36:45 AM" notes="Adding 2nd sentence after a beat. " sync="true" facefx="3"/>
 <Dialog id="13680621263383769592" text="The aliens must have breached here recently." modified="07/05/2016 07:43:47 PM"/>
 <Dialog id="13680621263383769603" text="One of the crew must have failed to close a door in time - or the aliens found another way in." modified="07/05/2016 07:43:51 PM" notes="Glances around."/>
 <Dialog id="13680621263383769745" text="Morgan - I&apos;m in the cargo bay... I found some of the crew..." modified="07/05/2016 10:17:08 PM" notes="{Quiet, horrified}" facefx="2"/>
 <Dialog id="13680621263383769753" text="And... oh my god, is that Elazar?" modified="07/05/2016 10:17:11 PM" facefx="2"/>
 <Dialog id="13680621263383769759" text="The Typhon must have broken in - I hope you&apos;re all right." modified="11/18/2016 08:28:17 PM" notes="{Doesn&apos;t consider Morgan to blame}" facefx="2"/>
 <Dialog id="13680621263383769763" text="I&apos;ll remain here until we can get the lifts working." modified="01/24/2016 08:23:34 PM" facefx="2"/>
 <Dialog id="13680621263383770082" text="Any luck with the lifts?" modified="01/24/2016 08:28:18 PM"/>
 <Dialog id="13680621263383770104" text="My specialty is Neuromod engineering, but if there&apos;s some other way I can assist..." modified="01/24/2016 08:28:40 PM" notes="{Doubts he can help, but wants to, even if his delivery is weak}"/>
 <Dialog id="13680621263383770191" text="I am worried the lifts were sealed for a reason, but I don&apos;t know if that will prevent the aliens moving through the station." modified="01/24/2016 08:30:07 PM" notes="Thinking."/>
 <Dialog id="13680621263383770368" text="Very innovative thinking, cycling the main reactor." modified="07/05/2016 07:44:10 PM" notes="{Nods, impressed}V"/>
 <Dialog id="13680621263383770380" text="Alex may have wanted to protect us from what&apos;s in the upper decks." modified="07/05/2016 07:44:15 PM" notes="{Thinking, then gets worried at the end}"/>
 <Dialog id="13680621263383770384" text="I need a few moments here, then I&apos;ll follow you up and we can meet in your office." modified="07/05/2016 07:44:20 PM"/>
 <Dialog id="13680621263383771168" text="My word. Is that the new Neuromod tech?" modified="07/05/2016 07:40:56 PM" notes="{Quiet, fascinated}"/>
 <Dialog id="13680621263383771178" text="You are living proof of psionic theory - on a level... why, on a level I never imagined." modified="07/05/2016 07:41:00 PM" notes="Quiet, fascinated."/>
 <Dialog id="13680621263383771185" text="Acting like they are. Manifesting the same abilities. Remarkable." modified="07/05/2016 07:41:07 PM"/>
 <Dialog id="13680621263383771189" text="We must secure the station - your abilities merit further study. If this is lost... if you are lost... it&apos;s unthinkable." modified="07/05/2016 07:40:38 PM" notes="Determined - for science! Emphasis on &quot;if YOU are lost...&quot;"/>
 <Dialog id="13680621263383771482" text="Morgan, I can&apos;t imagine what it felt like - those powers you manifested, the Typhon&apos;s abilities - you&apos;re able to use them... outside of a test environment." modified="07/05/2016 09:57:31 PM" notes="Quiet, fascinated."/>
 <Dialog id="13680621263383771492" text="To think, an alien race, sparking our potential. Psionics, at last... within human reach." modified="07/05/2016 09:57:34 PM" notes="To himself."/>
 <Dialog id="13680621263383771498" text="We must find a way off the station, Morgan. You need to be protected. Studied - this is a scientific revolution, don&apos;t you see?" modified="07/05/2016 09:57:37 PM"/>
 <Dialog id="13680621263383771691" text="What? No - we need to get Morgan to safety." modified="01/24/2016 08:55:07 PM"/>
 <Dialog id="13680621263383772576" text="The echo in here... is fierce. I can hear you quite well, I assure you." modified="07/05/2016 10:16:11 PM"/>
 <Dialog id="13680621263383772587" text="Is... is that Morse code? I&apos;m embarrased to say... I do not know it." modified="07/05/2016 10:16:17 PM"/>
 <Dialog id="13680621263383772605" text="Stop it, this isn&apos;t a drum! Technically." modified="01/24/2016 09:12:32 PM" notes="&quot;Technically&quot; under his breath to himself."/>
 <Dialog id="13680621263383772613" text="Air is running short. I need your help. Can you get me back to the Cargo Bay?" modified="07/05/2016 10:16:34 PM"/>
 <Dialog id="13680621263383774067" text="...is like Spring." modified="01/24/2016 09:34:43 PM" notes=" Takes a deep breath." facefx="2"/>
 <Dialog id="13680621263383774182" text="You have my thanks, Doctor Yu. But I thought..." modified="11/09/2016 09:00:02 PM" facefx="2"/>
 <Dialog id="13680621263383774248" text="Well. You&apos;re no longer running the memory hamster wheel, I see. I hope you&apos;re coming in after me. Would be good to see a familiar face." modified="07/05/2016 10:16:58 PM" facefx="2"/>
 <Dialog id="13680621263383774968" text="Psionics being such a young field - and barely reaching credibility at this stage." modified="07/05/2016 07:43:22 PM"/>
 <Dialog id="13680621263383775125" text="I have one, but no aptitude template... was saving it, but... well, now might be best." modified="07/05/2016 07:43:38 PM"/>
 <Dialog id="13680621263383775206" text="Here, I&apos;m sure you could make better use of it." modified="07/05/2016 07:43:44 PM" notes="Igwe gives the player a Neuromod."/>
 <Dialog id="13680621263383850249" text="They are demonstrating psychic abilities on a scale... on a scale not even I had imagined. If only..." modified="01/25/2016 06:45:23 PM" notes="If only I could have studied them" facefx="2"/>
 <Dialog id="13680621263383850321" text="Maya, I wish you could have witnessed this." modified="07/05/2016 10:15:52 PM" notes="Quiet." facefx="2"/>
 <Dialog id="13680621263383850345" text="I met Leitner, you know. His... skills, I could have played for you." modified="01/25/2016 06:46:13 PM" notes="{Brief human moment, as if talking to his wife}" facefx="2"/>
 <Dialog id="13680621263383850364" text="But... taken away. Just as you were. And now the others on the station - so many. Such a waste." modified="07/05/2016 10:31:37 PM" notes="{Sad for loss of life, but equally the scientific achievement}" facefx="2"/>
 <Dialog id="13680621263383850426" text="I assume this sarcophagus will drift at the LaGrange point indefinitely, but I cannot be sure without an exact measurement of Talos&apos; mass." modified="01/29/2016 10:12:34 PM" notes="Sigh" facefx="2"/>
 <Dialog id="13680621263383850632" text="What will earth be like when the ashes of my re-entry drift down to the surface?" modified="01/25/2016 06:50:48 PM" facefx="2"/>
 <Dialog id="13680621263383850691" text="What protocols were broken? Who... who was fool enough to ignore procedure? We... we could have elevated all mankind - and now, what? Talos is nothing. A monument of man&apos;s inability to comprehend what is right in front of him and treat it with the respect it deserves. So. Much. Lost. Such a waste." modified="01/25/2016 06:51:51 PM" notes="Alt Ending to Igwe&apos;s final words."/>
 <Dialog id="13680621263383852161" text="I don&apos;t know what I would have done had you not come along. Nothing, most likely. Anything else would have been worse." modified="01/25/2016 07:17:23 PM"/>
 <Dialog id="13680621263383852174" text="What an odd thought. That to do nothing is the best thing. How counterproductive." modified="07/07/2016 03:51:44 PM" notes="Reflecting."/>
 <Dialog id="13680621263383852246" text="You are familiar with Neuromods still, I take it, the basics?" modified="01/25/2016 07:17:42 PM"/>
 <Dialog id="13680621263383852265" text="To think it was considered... chicanery. Flim-flam. Pseudoscience. Made me quite the target for mockery." modified="07/05/2016 07:44:40 PM"/>
 <Dialog id="13680621263383852306" text="But your brother - your brother, he believed. And so did you..." modified="01/25/2016 07:18:42 PM"/>
 <Dialog id="13680621263383852321" text="At least you did before your self-experiment in the Sim Lab." modified="01/25/2016 07:19:05 PM" notes="Tone: I hope it&apos;s still true."/>
 <Dialog id="13680621263383852351" text="Psionics - it&apos;s all true, isn&apos;t it? What these aliens can do? What we can do." modified="07/05/2016 07:44:49 PM" notes="Slight emphasis on WE."/>
 <Dialog id="13680621263383852368" text="How wrong they were. The skeptics. How wrong we all were." modified="07/05/2016 07:45:06 PM"/>
 <Dialog id="13680621263383852379" text="But I knew, I had a premonition if you will, that I was on to something." modified="01/25/2016 07:19:55 PM" notes="{Firm, pleased with self} Premonition double-meaning."/>
 <Dialog id="13680621263383852458" text="&quot;It&apos;s all rather Clarke-sian,&quot; they said, fiction of the most... vapid sort. &quot;It&apos;s not Childhood&apos;s End, Igwe, it&apos;s Career&apos;s End for you.&quot;" modified="07/05/2016 07:45:15 PM"/>
 <Dialog id="13680621263383852492" text="I remember one time my detractors even replaced my speech notes with zenzer cards during the TSN Summit and subtitled my speech with circles, wavy lines... childish." modified="07/05/2016 07:45:19 PM" notes="{Snorts, to himself, slightly rueful}"/>
 <Dialog id="13680621263383852693" text="I&apos;ve lost count the times I&apos;ve suffered ridicule for my work with ganzfield telepathy, epiderminal conductivity, PK... yet, despite their arrows, I continued on." modified="07/05/2016 07:45:22 PM"/>
 <Dialog id="13680621263383852962" text="They said the brain was too wet. Too noisy. Yet, evidence in the microtubules suggests othewise. Quantum interactions influencing brain state... even matter." modified="07/05/2016 07:45:25 PM"/>
 <Dialog id="13680621263383858673" text="Yes, a cargo crate. I just managed to get inside - and seal it up before decompression. Quite a close thing. Then Dr. Yu - Morgan - came along." modified="01/25/2016 09:06:42 PM" notes="To head of security, trying to spin a yarn, but..." sync="true"/>
 <Dialog id="13680621263383921155" text="Yes, well, technically, I saved myself, and Morgan did the - secondary saving." modified="07/05/2016 07:45:30 PM" notes="Correcting." sync="true"/>
 <Dialog id="13680621263383921195" text="Too long. Enough to miss Talos&apos; stark corridors, that&apos;s for sure-" modified="01/26/2016 02:26:51 PM" notes="Trying to chuckle." sync="true"/>
 <Dialog id="13680621263383921214" text="Pardon me?" modified="01/26/2016 02:27:10 PM" sync="true"/>
 <Dialog id="13680621263383921239" text="Well... I held it. No telling how long I&apos;d have to be in there." modified="01/26/2016 02:27:35 PM" sync="true"/>
 <Dialog id="13680621263383921562" text="I... don&apos;t know what you mean. No one would... no one wanted this to happen." modified="01/26/2016 02:32:58 PM" sync="true"/>
 <Dialog id="13680621263383922402" text="Morgan - Dr. Yu, good to see a friendly face." modified="07/05/2016 09:49:35 PM" notes="Relieved"/>
 <Dialog id="13680621263383922644" text="Was worried I might not make it here myself, but my luck held out." modified="01/26/2016 02:51:00 PM" notes="Sort of patting himself on the back too"/>
 <Dialog id="13680621263383922672" text="Ah - I hope you don&apos;t mind, but I made use of your Fabricator." modified="01/26/2016 02:51:28 PM"/>
 <Dialog id="13680621263383922850" text="I was able to gather the right materials to make several refill canisters for your GLOO gun." modified="01/26/2016 02:54:26 PM"/>
 <Dialog id="13680621263383922902" text="Also, if I may show you, with this kit I think I can increase the fluid intake efficiency without detriment to the weapon&apos;s effectiveness. Here." modified="01/26/2016 02:55:55 PM"/>
 <Dialog id="13680621263383924689" text="So localized memory off the TranScribes was important." modified="07/05/2016 09:54:32 PM" notes="Thinking."/>
 <Dialog id="13680621263383924708" text="It certainly was helpful in this emergency." modified="07/05/2016 09:54:34 PM" notes="Beat, to himself."/>
 <Dialog id="13680621263383924787" text="And Alex, I assume?" modified="01/26/2016 03:26:43 PM"/>
 <Dialog id="13680621263383924949" text="I... see." modified="07/05/2016 09:55:15 PM" notes="Worried."/>
 <Dialog id="13680621263383925180" text="Yes... January. Simply fascinating. Although... Morgan, do you recall making this Operator? Because with your Neuromod removal, it-" modified="01/26/2016 03:33:18 PM"/>
 <Dialog id="13680621263383925222" text="Yes. Of course." modified="01/26/2016 03:33:58 PM" notes="Worried for himself."/>
 <Dialog id="13680621263383925878" text="Haven&apos;t had much success in calling up more Fabrication plans, but was able to make more canisters for your... GLOO gun. " modified="01/26/2016 03:45:06 PM" notes="Igwe fabricated supplies for Morgan. Part1/2 about GLOO"/>
 <Dialog id="13680621263383925900" text="Ridiculous name." modified="01/26/2016 03:45:16 PM" notes="To himself. Part 2/2 about the GLOO gun"/>
 <Dialog id="13680621263383926627" text="I could get access to the Sim Lab, but that does us little good now." modified="01/26/2016 03:57:23 PM"/>
 <Dialog id="13680621263383926638" text="I even began to consider if there were any ways to use the &quot;helicopter&quot; to escape the station." modified="07/05/2016 09:52:16 PM" notes=" Hmphs, disappointed in self."/>
 <Dialog id="13680621263383926660" text="Do you know the Sim Lab - your apartment - had glitches?" modified="07/05/2016 09:52:46 PM"/>
 <Dialog id="13680621263383926682" text="We had this... pigeon that would strike the window in the same place, same time, every three minutes." modified="07/05/2016 09:52:54 PM"/>
 <Dialog id="13680621263383926710" text="I tried to get Alex&apos;s permission to recalibrate the floor level indicator, but... well, Alex was always, &quot;why, bother?&quot;" modified="07/05/2016 09:52:57 PM"/>
 <Dialog id="13680621263383926713" text="He assumed you wouldn&apos;t notice - and you&apos;d forget anyway." modified="01/26/2016 03:58:49 PM"/>
 <Dialog id="13680621263383926732" text="The pigeon thing was... maddening. In the end, the programmers found out an animation file was misnamed." modified="01/26/2016 03:59:08 PM"/>
 <Dialog id="13680621263383926741" text="I was surprised when Alex began to show up to your tests personally - yet he always greeted you, the exact same way." modified="07/05/2016 09:53:08 PM"/>
 <Dialog id="13680621263383930654" text="What are you doing?" modified="07/05/2016 09:58:53 PM" notes="Shocked."/>
 <Dialog id="13680621263383930856" text="Oh my god - please, Morgan - don&apos;t... there&apos;s no need." modified="01/26/2016 05:07:52 PM"/>
 <Dialog id="13680621263383930871" text="I&apos;m not resisting. Please - I want to live." modified="01/26/2016 05:08:07 PM"/>
 <Dialog id="13680621263383930878" text="It wasn&apos;t my idea for the Sim Lab - it was yours." modified="01/26/2016 05:08:14 PM"/>
 <Dialog id="13680621263383930901" text="Please Morgan!" modified="01/26/2016 05:08:37 PM"/>
 <Dialog id="13680621263383931131" text="The Typhon! They&apos;ve gotten in!" modified="01/26/2016 05:12:27 PM"/>
 <Dialog id="13680621263383931138" text="Morgan, help - please, help me!" modified="01/26/2016 05:12:34 PM"/>
 <Dialog id="13680621263383931144" text="Get away - get away, you damn-" modified="01/26/2016 05:12:40 PM"/>
 <Dialog id="13680621263383931361" text="Morgan - Dahl&apos;s &quot;rescue&quot; Operators are here - they&apos;re trying to hack their way inside." modified="01/26/2016 05:16:23 PM" notes="gent, call for help" facefx="2"/>
 <Dialog id="13680621263383931475" text="Hurry Morgan - we don&apos;t have much time. They&apos;re almost through the lock!" modified="07/05/2016 10:19:04 PM" notes="Urgent." facefx="2"/>
 <Dialog id="13680621263383931591" text="Thank god you arrived when you did. For &quot;rescue&quot; Operators, they certainly weren&apos;t terribly... friendly." modified="07/05/2016 09:59:25 PM" notes="Relieved."/>
 <Dialog id="13680621263383931700" text="Morgan - you look a little unsteady. Maybe you should sit down, rest for a bit." modified="04/27/2016 01:14:57 PM"/>
 <Dialog id="13680621263383931707" text="You look as if you&apos;ve been through several straight shifts in the Sim - are you all right?" modified="01/26/2016 05:22:03 PM"/>
 <Dialog id="13680621263383931717" text="Your face looks a little pale. And your eyes - a bit unfocused." modified="07/05/2016 09:59:42 PM"/>
 <Dialog id="13680621263383931726" text="Reminds me of some of my students." modified="07/05/2016 09:59:38 PM" notes="Beat, to himself."/>
 <Dialog id="13680621263383931748" text="It... might be a trick of the light, but your eyes... they have the same color as the Coral." modified="07/05/2016 09:59:48 PM"/>
 <Dialog id="13680621263383939524" text="This is madness... certainly you... well, the old you... had some sort of plan should the Typhon escape." modified="07/05/2016 09:50:11 PM" notes="Slight frustration"/>
 <Dialog id="13680621263383939771" text="Alex must be aware of what&apos;s going on - we need to talk to him, reason with him. He&apos;s your brother, he&apos;ll listen to you." modified="01/26/2016 07:36:27 PM" notes="Firm, urgent - more trying to convince himself"/>
 <Dialog id="13680621263383939777" text="We cannot let this station be seized - we need to find some way to take it back." modified="07/05/2016 09:53:18 PM"/>
 <Dialog id="13680621263383940584" text="My word, my hand is shaking." modified="01/26/2016 07:50:00 PM" notes="Side effect of Neuromod psychosis."/>
 <Dialog id="13680621263383940614" text="To think, last week I was worried about a glitch in the rendering files in the Sim Lab. Now... now... that seems so far away." modified="07/05/2016 09:53:30 PM"/>
 <Dialog id="13680621263383940699" text="And what about the escape pods? Are they - No. Locked down because of quarantine, I suppose." modified="01/26/2016 07:51:55 PM"/>
 <Dialog id="13680621263383941090" text="Did you happen to find my room - it&apos;s not far from where you were." modified="01/26/2016 07:58:26 PM"/>
 <Dialog id="13680621263383941097" text="If you head that way again, recovering some of my personal effects would... set my mind at ease." modified="01/26/2016 07:58:33 PM" notes="Anxious."/>
 <Dialog id="13680621263383944004" text="I must be more rattled than I knew." modified="01/26/2016 08:47:00 PM"/>
 <Dialog id="13680621263383944025" text="This feels a bit... odd, I&apos;ve never had this craving before... but do you happen to have a cigarette? Wait - no, no, there&apos;s no need." modified="07/05/2016 09:53:59 PM"/>
 <Dialog id="13680621263383944048" text="Did you know I put in a request to Alex for a piano, here on Talos?" modified="07/05/2016 09:54:04 PM" notes="Piano comment"/>
 <Dialog id="13680621263383944051" text="What I wouldn&apos;t give to play one, would steady my nerves." modified="01/26/2016 08:47:47 PM" notes="Piano comment cont."/>
 <Dialog id="13680621263383944093" text="A piano would certainly have made your karaoke singing sessions... more bearable." modified="01/26/2016 08:48:29 PM" notes=" {isn&apos;t socially savvy enough to just &quot;karaoke&quot;}"/>
 <Dialog id="13680621263383944884" text="Thank you - it&apos;s a strange feeling - I hold Leitner&apos;s gift to the world in my hands. He will live on." modified="01/26/2016 09:15:11 PM"/>
 <Dialog id="13680621263383944956" text="I wish my wife could have heard him play again." modified="01/26/2016 09:15:17 PM"/>
 <Dialog id="13680621263383945520" text="That was brave of you, to recover the connectomes for me - I... I appreciate it." modified="07/05/2016 09:50:18 PM"/>
 <Dialog id="13680621263383945528" text="I appreciate all you and TranStar have done for me." modified="01/26/2016 09:12:24 PM" notes="Thankful to the company (genuine)."/>
 <Dialog id="13680621263383946214" text="So you placed a blank Neuromod in Morgan&apos;s skull. No data. No aptitude template - just the injection?" modified="07/05/2016 09:56:07 PM" notes="Frowns, still doesn&apos;t quite get what happened. Emphasis on BLANK."/>
 <Dialog id="13680621263383946452" text="So he stopped manifesting psionic abilities..." modified="07/05/2016 09:56:11 PM" notes="To himself at first..."/>
 <Dialog id="13680621263383946656" text="So she stopped manifesting psionic abilities..." modified="01/26/2016 09:31:12 PM" notes="to himself at first..."/>
 <Dialog id="13680621263383946747" text="...and that&apos;s why he suffered no memory loss when the testing resumed; there was no Neuromod implanted to begin with. I see now." modified="07/05/2016 09:56:14 PM" notes="...then picks up volume as he realizes what happened."/>
 <Dialog id="13680621263383946808" text="That was very dangerous. Reckless, in fact." modified="01/26/2016 09:33:44 PM"/>
 <Dialog id="13680621263383946935" text="Now hold on-" modified="07/05/2016 09:56:22 PM"/>
 <Dialog id="13680621263383947165" text="...and that&apos;s why she suffered no memory loss when the testing resumed; there was no Neuromod implanted to begin with. I see now." modified="07/05/2016 09:56:57 PM" notes="Then picks up volume as he realizes what happened."/>
 <Dialog id="13680621263383948295" text="Dr. Yu did. My quarters were right next to Dr. Calvino." modified="07/05/2016 10:01:10 PM" notes="Corrects 1st DR - emphasis on 1st &quot;doctor.&quot;"/>
 <Dialog id="13680621263383948359" text="I hardly think slandering one of the doctors is productive at this time." modified="07/05/2016 10:01:46 PM" notes="Defenstive."/>
 <Dialog id="13680621263383948419" text="Calvino is dead. And he was a skilled doctor. He deserves our respect." modified="07/05/2016 10:28:16 PM" notes="Defensive."/>
 <Dialog id="13680621263383948457" text="Dr. Yu - both of them - approved the experiment." modified="07/05/2016 10:01:51 PM"/>
 <Dialog id="13680621263383949338" text="Well... no. But now felt like the right time." modified="07/05/2016 10:04:09 PM" notes="Genuinely surprised, he&apos;s never had the craving before."/>
 <Dialog id="13680621263383949374" text="My fingers? I hadn&apos;t noticed." modified="07/05/2016 10:04:19 PM"/>
 <Dialog id="13680621263383949549" text="They should send someone, shouldn&apos;t they? From Earthside?" modified="07/05/2016 10:32:48 PM" notes="Getting Anxious."/>
 <Dialog id="13680621263383949587" text="TranStar would be the first to help us, especially to preserve our research on this station." modified="07/08/2016 08:32:54 PM" notes="Confused. Dissaproving."/>
 <Dialog id="13680621263383965522" text="Haven&apos;t had much success in calling up more Fabrication plans, but I did have a design for a Psychoscope chipset I&apos;d been tinkering with." modified="07/05/2016 09:50:04 PM"/>
 <Dialog id="13680621263383965560" text="I&apos;d be honored if you found some use for it." modified="01/27/2016 02:47:05 AM"/>
 <Dialog id="13680621263383965989" text="...wait, you said Morgan had gotten medical supplies for you? Were you injured?" modified="01/27/2016 02:53:25 AM"/>
 <Dialog id="13680621263383966084" text="Spots in your vision? Hnh. Sounds like White Noise..." modified="07/05/2016 10:02:14 PM"/>
 <Dialog id="13680621263383966112" text="You know... there was a time when we invested research into the White Noise phenomenon to see if perhaps it might be tied to psionic ab-" modified="01/27/2016 02:55:28 AM" notes="Distracted, thinking."/>
 <Dialog id="13680621263383966232" text="Miss Ilyushin... my apologies, you are correct, and that was not my intention - but..." modified="07/05/2016 10:02:23 PM"/>
 <Dialog id="13680621263383966249" text="Paraplexis. That means... no Neuromods, your body would reject them. Why - why would TranStar have allowed you on the station?" modified="01/27/2016 02:57:45 AM" notes="Uh, this is a serious problem..."/>
 <Dialog id="13680621263383966361" text="But... everyone is screened. How... that is a lot of potential litigation to take on - and the penalties..." modified="07/05/2016 10:02:29 PM"/>
 <Dialog id="13680621263383966519" text="Well, I&apos;m certainly glad we never scanned you for aptitude data... the complications..." modified="07/05/2016 10:03:01 PM" notes="Changes tune, this is highly irregular"/>
 <Dialog id="13680621263383968773" text="...it was an established process." modified="01/27/2016 03:39:49 AM"/>
 <Dialog id="13680621263383968855" text="Well... yes. They volunteered." modified="01/27/2016 03:41:11 AM"/>
 <Dialog id="13680621263383968942" text="They live on, Miss Ilyushin, they all do. Their skills, their talents, their achievements - yet now, they can do so much more." modified="07/05/2016 10:03:26 PM" notes="Goes bullshit poetical. Rings hollow."/>
 <Dialog id="13680621263383969018" text="Much like parents passing along their experiences to their children." modified="07/04/2016 07:57:31 PM"/>
 <Dialog id="13680621263383969132" text="Pardon me? What do you mean?" modified="07/04/2016 08:01:30 PM" notes="Surprised, doesn&apos;t realize how personal this is for her."/>
 <Dialog id="13680621263383969587" text="Morgan. I was worried Dahl or his rescue team had intercepted you." modified="07/05/2016 09:59:51 PM" notes="Slight relief."/>
 <Dialog id="13680621263383969599" text="Also - I hope you have not killed Dahl, as his arrival may work to our advantage." modified="07/05/2016 09:59:54 PM" notes="Uh....um, by the way..."/>
 <Dialog id="13680621263383969973" text="Yes - of course. But... Dahl. His arrival may help us. As long as you have not killed him..." modified="01/27/2016 03:59:49 AM" notes="Slightly de-railed."/>
 <Dialog id="13680621263383970404" text="You see, Dahl, he is... a recipient of... several Neuromods, a standard array of combat, tactics, interrogation mods... as I&apos;m sure you know." modified="07/05/2016 09:59:56 PM" facefx="1"/>
 <Dialog id="13680621263383970412" text="Your father, the Board, is very thorough." modified="01/27/2016 04:07:08 AM" notes="Beat, to himself." facefx="1"/>
 <Dialog id="13680621263383970443" text="But Dahl&apos;s mods are early, C-series betas - and vulnerable. As such, he has... old school thinking on some matters." modified="07/05/2016 10:00:00 PM"/>
 <Dialog id="13680621263383970458" text="But most importantly, they were installed before he left for Talos I." modified="04/27/2016 01:30:56 PM"/>
 <Dialog id="13680621263383970485" text="If we removed them... he may forget his mission here, yet we would still have access to the shuttle and a way home." modified="07/05/2016 10:00:02 PM" facefx="1"/>
 <Dialog id="13680621263383970489" text="Provided his piloting knowledge remains intact." modified="01/27/2016 04:09:10 AM" facefx="1"/>
 <Dialog id="13680621263383970545" text="It is a risk. But worth taking, I think." modified="01/27/2016 04:09:21 AM" facefx="1"/>
 <Dialog id="13680621263383970582" text="He&apos;ll have to be subdued, of course. I&apos;m afraid that task falls to you." modified="01/27/2016 04:12:38 AM" notes="Sheepish." facefx="1"/>
 <Dialog id="13680621263383971771" text="Ah, well - yes, you see, Dahl&apos;s mods are early C-series betas - and vulnerable. As such, he has... old school thinking on some matters." modified="07/05/2016 10:00:25 PM" notes="Stutters, then recovers on foundation of his own know-how."/>
 <Dialog id="13680621263383972451" text="Specifically, his Neuromods." modified="07/05/2016 10:31:04 PM" facefx="2"/>
 <Dialog id="13680621263383972459" text="And Dahl&apos;s arrival, as unwelcome as it may seem, may prove to be a fortunate one. " modified="07/05/2016 10:20:03 PM" notes="Beat, perhaps a bit too didactic b/c he has knowledge no one else does." facefx="2"/>
 <Dialog id="13680621263383972711" text="But Dahl&apos;s mods are first generation - and vulnerable. As such, he has... old school thinking on some matters." modified="07/05/2016 10:20:08 PM" facefx="1"/>
 <Dialog id="13680621263383973127" text="Morgan - you did it!" modified="07/05/2016 10:20:57 PM" notes="Player subdued dahl." facefx="2"/>
 <Dialog id="13680621263383973217" text="You&apos;ll need to get Dahl to the nearest clinc. Once that&apos;s done, I&apos;ll arrange transport with a Medical Operator." modified="02/17/2017 09:10:56 PM" facefx="2" notes="NEEDS OLD TEXT!!!"/>
 <Dialog id="13680621263383973293" text="Then we can see about removing his Neuromod - and hopefully, gaining his shuttle in the process." modified="07/05/2016 10:21:00 PM" facefx="2"/>
 <Dialog id="13680621263383973542" text="Morgan. Igwe. I&apos;ve isolated the Neuromod inception dates. I&apos;m running the secondary checks now - please, hurry. Dahl is our only way off Talos." modified="07/05/2016 10:21:41 PM" notes="Urgent." facefx="2"/>
 <Dialog id="13680621263383973600" text="Without Dahl, we have no chance of getting off the station - we&apos;re trapped here." modified="07/05/2016 10:23:02 PM" notes="A little stunned. Considering his fate." facefx="2"/>
 <Dialog id="13680621263384025859" text="When extracted, Dahl&apos;s memory should revert back to the inception date... and he should forget his... assignment here." modified="07/05/2016 07:48:21 PM" notes="trying to be delicate"/>
 <Dialog id="13680621263384025877" text="It is essential we say as little as possible of what has happened on the station and focus on the situation." modified="07/05/2016 09:02:36 PM" notes="Slightly stern." sync="true" facefx="3"/>
 <Dialog id="13680621263384025903" text="Dahl, if memory serves, should resort to field training and react accordingly. He was never one to question orders." modified="01/27/2016 07:31:59 PM" sync="true" facefx="3"/>
 <Dialog id="13680621263384025917" text="Ready when you are, Morgan." modified="07/05/2016 09:02:39 PM" notes="Swallows." sync="true" facefx="3"/>
 <Dialog id="13680621263384025927" text="Remember - if this works, say nothing." modified="01/27/2016 07:32:23 PM" notes="Almost a whipser." sync="true" facefx="3"/>
 <Dialog id="13680621263384026068" text="Doctor Yu? Ready when you are." modified="01/27/2016 07:34:44 PM"/>
 <Dialog id="13680621263384026088" text="If you&apos;re having second thoughts, performing the extraction can&apos;t set us back any more than we already are... except for time." modified="01/27/2016 07:35:04 PM"/>
 <Dialog id="13680621263384026097" text="Doctor Yu. Morgan." modified="01/27/2016 07:35:13 PM" notes="Stern."/>
 <Dialog id="13680621263384026116" text="If you&apos;re worried about the Geneva Protocols, you have my word I will say nothing about who performed the procedure." modified="01/27/2016 07:35:32 PM" notes="Calm, lowers voice slightly." facefx="0"/>
 <Dialog id="13680621263384026138" text="I am at risk as well, you know." modified="07/05/2016 07:47:28 PM" notes="Quieter."/>
 <Dialog id="13680621263384030873" text="Morgan? Doctor Igwe. Are you approaching the crew facilities? If so - this is a sentimental request, but..." modified="07/05/2016 10:17:24 PM" notes="Quiet." facefx="2"/>
 <Dialog id="13680621263384030916" text="There&apos;s some personal effects I was unable to retrieve after the accident in the Cargo Bay, and it would mean-" modified="01/27/2016 08:55:32 PM" notes="Awkward"/>
 <Dialog id="13680621263384037807" text="My collection, the gallery of photos the others use to laugh at..." modified="07/05/2016 10:17:28 PM" notes="Takes a breath." facefx="2"/>
 <Dialog id="13680621263384037848" text="Each picture is a decryption key to a set of neural data - connectomes - of the guests who came to the station..." modified="07/05/2016 10:17:38 PM" notes="Swallows." facefx="2"/>
 <Dialog id="13680621263384037965" text="...among them, Leitner, the pianist. He&apos;s... he&apos;s dead now." modified="07/05/2016 10:17:41 PM" facefx="2"/>
 <Dialog id="13680621263384038005" text="We can&apos;t let those skills be lost. It&apos;s all that&apos;s left of them." modified="07/05/2016 10:17:42 PM" notes="Rising urgency." facefx="2"/>
 <Dialog id="13680621263384038013" text="Please. Morgan - if you can... I would be grateful." modified="01/27/2016 10:53:49 PM" facefx="2"/>
 <Dialog id="13680621263384038052" text="I&apos;m sending you an audio file that will open the safe in my room. You can play it with your TranScribe." modified="01/27/2016 10:57:43 PM" facefx="2"/>
 <Dialog id="13680621263384039071" text="...the lock was keyed to the first concerto Leitner played - it was the first time Maya heard him, and we were both... I felt small in the light of his skill." modified="07/05/2016 10:18:16 PM" facefx="2"/>
 <Dialog id="13680621263384039091" text="I... can play it now, too, thanks to a Neuromod. But only in my head." modified="01/27/2016 11:11:47 PM" facefx="2"/>
 <Dialog id="13680621263384040848" text="I am not proud of the... act. Now, I am glad I did." modified="01/27/2016 11:41:04 PM" facefx="2"/>
 <Dialog id="13680621263384040902" text="I... copied their neural scans and hid the data on my TranScribe. Fabricated my own mods." modified="01/27/2016 11:55:52 PM" facefx="2"/>
 <Dialog id="13680621263384042013" text="Morgan? Morgan, this is Dr. Igwe, can you read me. Alex? Can anyone hear me?" modified="07/05/2016 10:21:51 PM" facefx="2"/>
 <Dialog id="13680621263384042021" text="I&apos;ve detected a ship... a pod leaving the station. Is that an escape pod? Morgan? Morgan. Alex? Anyone, can you hear me? This is Dr. Igwe-" modified="07/05/2016 10:21:55 PM" notes="Station go boom." facefx="2"/>
 <Dialog id="13680621263384042088" text="Morgan? Morgan, this is Dr. Igwe, can you read me." modified="07/05/2016 10:21:57 PM" facefx="2"/>
 <Dialog id="13680621263384042108" text="Morgan. Good to hear your voice-" modified="01/28/2016 12:02:04 AM" notes="Relieved" facefx="2"/>
 <Dialog id="13680621263384042133" text="What?! Morgan? Morgan, there must be some mistake... please respond. Please-" modified="01/28/2016 12:02:29 AM" notes="Kaboom" facefx="2"/>
 <Dialog id="13680621263384042284" text="Morgan, I&apos;ve reached Alex&apos;s pod. " modified="01/28/2016 12:05:00 AM" facefx="2"/>
 <Dialog id="13680621263384042301" text="But... I don&apos;t see..." modified="01/28/2016 12:05:17 AM" facefx="2"/>
 <Dialog id="13680621263384042319" text="Morgan&apos;s not here yet." modified="07/05/2016 10:22:10 PM" notes="Slightly concerned" facefx="2"/>
 <Dialog id="13680621263384042347" text="Wait. But... Morgan. Morgan!" modified="07/05/2016 10:22:14 PM" facefx="2"/>
 <Dialog id="13680621263384042507" text="I will let everyone know of your sacrifice when we are Earthbound." modified="07/05/2016 10:22:53 PM" facefx="2"/>
 <Dialog id="13680621263384042523" text="And warn Earth what is coming." modified="01/28/2016 12:08:59 AM" facefx="2"/>
 <Dialog id="13680621263384042800" text="I wish I could have retrieved Leitner&apos;s remains." modified="01/28/2016 12:13:36 AM"/>
 <Dialog id="13680621263384042823" text="I had a copy of his neural scans you know, along with others... now, no one will ever hear him play again. " modified="01/28/2016 12:13:59 AM"/>
 <Dialog id="13680621263384042835" text="Except through my hands, it seems. An... indulgence for someone with too much access to Neuromods, I considered myself... entitled to it." modified="01/28/2016 12:14:11 AM"/>
 <Dialog id="13680621263384042848" text="Maya always loved the sound of his playing... to have it die with the station..." modified="01/28/2016 12:14:24 AM" notes="Sigh. Sad."/>
 <Dialog id="13680621263384043635" text="You must hurry. We can&apos;t remain here much longer." modified="01/28/2016 12:27:31 AM" notes="To player, direct, effectively subtitling Dahl and Mik&apos;s background statements." facefx="2"/>
 <Dialog id="13680621263384044373" text="Morgan. Is Dahl... is he dead? But that was... I mean, there were no guarantees the Neuromod removal would work but..." modified="01/28/2016 12:39:49 AM" notes="Rising Concern." facefx="1"/>
 <Dialog id="13680621263384044452" text="I need to think." modified="01/28/2016 12:41:08 AM" notes="Beat, realizes circumstances have changed, he&apos;s up against a rock and a hard place." facefx="2"/>
 <Dialog id="13680621263384044457" text="Igwe out." modified="01/28/2016 12:41:13 AM" facefx="2"/>
 <Dialog id="13680621263384044590" text="But - we are trapped. Again. Only the crate is larger now." modified="01/28/2016 12:43:26 AM"/>
 <Dialog id="13680621263384044774" text="Very... very well. But... I am not sure how long we&apos;ll last, and..." modified="07/05/2016 10:23:26 PM" notes="Stifling fear"/>
 <Dialog id="13680621263384045458" text="Destroy the station? But... didn&apos;t you hear him? " modified="04/27/2016 01:13:49 PM"/>
 <Dialog id="13680621263384045472" text="The Nullwave, Alex is correct, it could work... and preserve what we have learned here - we have to try." modified="01/24/2017 11:39:09 PM"/>
 <Dialog id="13680621263384045498" text="Morgan, please - there&apos;s so much to lose - if we don&apos;t at least try, yes, but destroying the station - that should be the final option, not the first one." modified="01/28/2016 12:58:34 AM"/>
 <Dialog id="13680621263384045662" text="You don&apos;t know that!" modified="07/05/2016 09:57:14 PM" notes="{Snaps, furious - this should hint about why he suddenly becomes strong and takes action}"/>
 <Dialog id="13680621263384045675" text="Why am I arguing with a machine with nothing to lose-!" modified="01/28/2016 01:01:36 AM" notes="{Sputters}"/>
 <Dialog id="13680621263384045734" text="Morgan, the Nullwave - the science is sound. Trust your brother on this. Please." modified="01/24/2017 11:39:11 PM" notes="Cold, knows convincing Morgan will be the way out"/>
 <Dialog id="13680621263384046153" text="There must be a way... and the neuromaps in my quarters... all that human knowledge... the loss, it&apos;s senseless." modified="01/28/2016 01:09:29 AM" notes="Near the end. Frustrated about not having his mods."/>
 <Dialog id="13680621263384046200" text="If only I could get to them... lifetimes of skill, about to be lost to space." modified="01/28/2016 01:10:16 AM" notes="muttering to himself."/>
 <Dialog id="13680621263384046291" text="Morgan... I... I apologize, but I had to shut down your Operator . This is not for a machine to decide, it is for us to decide." modified="07/05/2016 10:23:39 PM" notes="{Breaks in, a little nervous and relieved.}" facefx="2"/>
 <Dialog id="13680621263384046341" text="What you are doing - it is more selfless than saving your life, or mine. We are saving humanity&apos;s future." modified="07/05/2016 10:23:40 PM" facefx="2"/>
 <Dialog id="13680621263384046350" text="Please - hurry." modified="01/28/2016 01:12:46 AM" facefx="2"/>
 <Dialog id="13680621263384046385" text="The Nullwave Generator - it&apos;s working. I knew it would. I knew it." modified="01/24/2017 11:39:14 PM"/>
 <Dialog id="13680621263384046502" text="Did I hear correctly? Destroy Talos?! But... the research here..." modified="01/28/2016 01:15:18 AM" facefx="2"/>
 <Dialog id="13680621263384046574" text="We can&apos;t let decades of work - the proof, the proof of psionics - be burned away." modified="01/28/2016 01:16:30 AM" facefx="2"/>
 <Dialog id="13680621263384046580" text="This can&apos;t be the only way, Morgan, please - we spent years, years studying these creatures, there must be something else we can do." modified="01/28/2016 01:16:36 AM" facefx="2"/>
 <Dialog id="13680621263384046590" text="Have you spoken to Alex? He may have another way, something we haven&apos;t tried." modified="07/05/2016 10:23:57 PM" facefx="2"/>
 <Dialog id="13680621263384046844" text="Morgan! Stop this - there&apos;s no guarantee this will work - that creature outside... even if you kill it, or worse, wound it..." modified="01/28/2016 01:21:00 AM" facefx="2"/>
 <Dialog id="13680621263384046922" text="Morgan, I can&apos;t allow you to do this. I&apos;ve... I&apos;ve sealed the route to the bridge." modified="07/05/2016 10:24:06 PM"/>
 <Dialog id="13680621263384046927" text="It&apos;s for the good of the station, Morgan... our research. Humanity." modified="07/05/2016 10:24:02 PM" notes="{Calmer, cold, fading a bit}"/>
 <Dialog id="13680621263384046974" text="Morgan. All we achieved... we could have reshaped the future, could have become so much more." modified="01/28/2016 01:23:10 AM" facefx="2"/>
 <Dialog id="13680621263384046979" text="My hands never even got to channel Leitner&apos;s grace with the piano..." modified="07/05/2016 10:24:12 PM" notes=" Rueful, to self." facefx="2"/>
 <Dialog id="13680621263384046992" text="All of this... a waste. All of it..." modified="01/28/2016 01:23:28 AM" facefx="2"/>
 <Dialog id="13680621263384047009" text="...and I am glad my wife never lived to see this." modified="01/28/2016 01:24:07 AM" notes=" Beat, takes a breath, broken." facefx="2"/>
 <Dialog id="13680621263384047013" text="I loved you, Maya. I still do." modified="01/28/2016 01:23:54 AM" notes=" Beat, quiet to himself." facefx="2"/>
 <Dialog id="13680621263384561729" text="Chief Ilyushin! You&apos;re alive." modified="07/05/2016 07:14:27 PM" notes="Relieved."/>
 <Dialog id="13680621263384561759" text="Thanks to Morgan." modified="07/05/2016 07:14:32 PM" notes="Rueful."/>
 <Dialog id="13680621263384562009" text="Well, yes. I think so. What are y-" modified="02/03/2016 12:27:05 AM" notes="Cuts off."/>
 <Dialog id="13680621263384562389" text="No, no, that is-" modified="07/05/2016 07:15:21 PM" notes="Correcting"/>
 <Dialog id="13680621263384569994" text="It was very sudden. I don&apos;t know the specifics, but I had to act quickly-" modified="02/03/2016 02:40:10 AM"/>
 <Dialog id="13680621263384570050" text="Oh. I don&apos;t know. Perhaps an explosion, or structural damage from the Typhon attack-" modified="02/03/2016 02:41:06 AM" notes="Doesn&apos;t realize she&apos;s questioning him. Digging for an answer."/>
 <Dialog id="13680621263384570933" text="I... I&apos;m not certain. " modified="02/03/2016 02:55:49 AM" notes="Genuinely confused, doesn&apos;t know where she&apos;s going with this"/>
 <Dialog id="13680621263384571262" text="I found the right materials for the GLOO gun as well, was able to make several canisters." modified="07/05/2016 06:32:49 PM" notes="Interjects, trying to emphasize he&apos;s being helpful."/>
 <Dialog id="13680621263384571380" text="Pardon me?" modified="07/05/2016 06:32:56 PM" notes="Surprised, as if someone said his food was poisoned."/>
 <Dialog id="13680621263384655046" text="Their names... when they had names, the procedures proved... more difficult. I&apos;m sorry." modified="02/04/2016 02:17:42 AM" notes="Embarrassed." facefx="2"/>
 <Dialog id="13680621263384655316" text="That is correct. There may be some trace of your father there. But..." modified="07/05/2016 07:19:30 PM" notes="Igwe knows what the problem is, so he&apos;s trying to help Morgan not realize what he did, and protect Morgan"/>
 <Dialog id="13680621263384655337" text="Morgan, if you go... it&apos;s risky at best." modified="02/04/2016 02:29:37 AM" notes="Intended as a subtle warning to Morgan, (if YOU go) he doesn&apos;t want Morgan to get burned by this, and he knows what probably happened." facefx="1"/>
 <Dialog id="13680621263384656096" text="Each Volunteer was given an ID number before departure from Earth." modified="07/05/2016 07:18:25 PM" facefx="2"/>
 <Dialog id="13680621263384656169" text="No, not there - they would have been deleted." modified="02/04/2016 02:36:25 AM" facefx="2"/>
 <Dialog id="13680621263384656220" text="Maybe, but only because of the disruption in power... but..." modified="07/05/2016 07:18:31 PM" notes="Reluctant to divulge. Igwe knows what the problem is, so he&apos;s trying to help Morgan not realize what he did, and protect Morgan." facefx="2"/>
 <Dialog id="13680621263384701073" text="Morgan. This is Igwe - I stepped out for a moment..." modified="02/04/2016 03:08:30 PM" notes="Quieter" facefx="2"/>
 <Dialog id="13680621263384701084" text="...Miss Ilyushin&apos;s father, Andronov, the cosmonaut... he was here. I know he was." modified="07/05/2016 10:31:49 PM" facefx="2"/>
 <Dialog id="13680621263384701096" text="I&apos;m sure there are logs, records in Deep Storage... but Morgan..." modified="07/05/2016 10:18:49 PM" facefx="2"/>
 <Dialog id="13680621263384701111" text="...you know what happened to him already, you&apos;ve simply forgotten what you did." modified="02/04/2016 03:05:57 PM" notes="{this is tough to say}" facefx="2"/>
 <Dialog id="13680621263384701143" text="Miss Ilyushin - she may not understand." modified="07/05/2016 10:30:58 PM" facefx="2"/>
 <Dialog id="13680621263384701152" text="Do what you must." modified="07/05/2016 10:18:56 PM" facefx="2"/>
 <Dialog id="13680621263384701161" text="But if the records are gone... or happen to be destroyed due to the station damage - it would be for the best." modified="07/05/2016 10:19:00 PM" notes="Giving a moral dilemma here" facefx="2"/>
 <Dialog id="13680621263384702020" text="They were likely destroyed." modified="02/04/2016 03:20:36 PM" notes="Quiet, feels bad for Morgan." facefx="2"/>
 <Dialog id="13680621263384708890" text="(Coughs) Chief Ilyushin, this is a complicated matter..." modified="02/04/2016 05:15:06 PM" notes="Quietly" facefx="3" sync="true"/>
 <Dialog id="13680621263384730316" text="Well... the Russian penal system is quite unforgiving, and their alliance with TranStar interests... economically coincided. " modified="02/04/2016 11:12:14 PM" notes="Slightly disapproving at the &quot;economics&quot; of the last bit (which is the wrong thing to be disapproving about)."/>
 <Dialog id="13680621263384730372" text="It was Catherine Yu&apos;s idea - their mother - and Alex saw the advantages." modified="07/05/2016 05:51:44 PM"/>
 <Dialog id="13680621263384730941" text="The term &quot;murder&quot; I would dispute, but I do not wish to lie to you." modified="07/05/2016 05:52:01 PM"/>
 <Dialog id="13680621263384730953" text="Those two factors made them good candidates for the research development here." modified="07/05/2016 05:53:02 PM"/>
 <Dialog id="13680621263384731040" text="It is far easier to persuade a man to volunteer for experimental trials when his other prospects include capital punishment or life in prison." modified="07/05/2016 05:52:12 PM"/>
 <Dialog id="13680621263384733242" text="That is correct, Miss Ilyushin. Morgan&apos;s memories were lost with every Neuromod removal." modified="02/05/2016 12:01:04 AM"/>
 <Dialog id="13680621263384733272" text="He was seeing you for the first time." modified="02/05/2016 12:01:28 AM" notes="He WAS seeing you."/>
 <Dialog id="13680621263384733388" text="No, no... the wipe is quite complete. It&apos;s like the brain is reset... and any memories since arriving on Talos I are gone. " modified="07/05/2016 05:56:25 PM"/>
 <Dialog id="13680621263384733480" text="Are you all right?" modified="02/05/2016 12:04:56 AM" notes="Sees her face."/>
 <Dialog id="13680621263384733583" text="She was seeing you for the first time. " modified="02/05/2016 12:06:39 AM" notes="She WAS seeing you."/>
 <Dialog id="13680621263384737138" text="Commander Dahl is making a speedy recovery and we are making our way to the Shuttle Bay." modified="07/05/2016 07:16:49 PM" facefx="2"/>
 <Dialog id="13680621263384737159" text="I have informed him of the threat to the station and-" modified="02/05/2016 01:06:15 AM" facefx="2"/>
 <Dialog id="13680621263384739119" text="Of course it&apos;s a risk, but we&apos;ve seen the generator work." modified="02/05/2016 01:39:03 AM"/>
 <Dialog id="13680621263384739141" text="To destroy all this... to murder a species... and the research, lost, it&apos;s-" modified="02/05/2016 01:39:17 AM"/>
 <Dialog id="13680621263384739340" text="Morgan, please -  destroying the station should be the last option, not the first." modified="02/05/2016 01:42:47 AM"/>
 <Dialog id="13680621263384741589" text="What? You can&apos;t be serious..." modified="02/05/2016 02:20:05 AM"/>
 <Dialog id="13680621263386273627" text="I don&apos;t - I don&apos;t understand." modified="07/05/2016 07:41:16 PM" notes="Confused."/>
 <Dialog id="13680621263386273631" text="Morgan?" modified="02/22/2016 07:54:07 PM" notes="Just confused."/>
 <Dialog id="13680621263386273746" text="(Clears throat)" modified="02/22/2016 07:56:02 PM" notes="Uncomfortable."/>
 <Dialog id="13680621263386273771" text="Is this a joke?" modified="02/22/2016 07:56:27 PM"/>
 <Dialog id="13680621263386273987" text="I think you got them all." modified="02/22/2016 08:00:03 PM"/>
 <Dialog id="13680621263386274002" text="My word. I never thought we&apos;d be in danger." modified="02/22/2016 08:00:18 PM"/>
 <Dialog id="13680621263386274056" text="I think something moved over there." modified="02/22/2016 08:01:12 PM" notes="Afraid."/>
 <Dialog id="13680621263386274072" text="Hhmm..." modified="02/22/2016 08:01:28 PM" notes="Worried."/>
 <Dialog id="13680621263386274318" text="What was that?" modified="02/22/2016 08:05:34 PM" notes="Worried."/>
 <Dialog id="13680621263386275039" text="My word. That... cry. I felt it more than heard it." modified="02/22/2016 08:30:22 PM" notes="Emphasis on FELT."/>
 <Dialog id="13680621263386275911" text="Morgan... Did you feel that? A projection of that magnitude... the creature that produced it must be... must be..." modified="02/22/2016 08:36:13 PM" notes="Morgan&apos;s name is almost a whisper. He&apos;s in awe.. partially hiding his terror behind scientific descriptions."/>
 <Dialog id="13680621263387665022" text="If you&apos;d indulge me... I have a proposal that could get us off Talos I without any more bloodshed." modified="07/05/2016 10:20:33 PM" facefx="2"/>
 <Dialog id="13680621263387665063" text="Just... don&apos;t harm Dahl until we&apos;ve had a chance to speak in person." modified="03/09/2016 10:27:17 PM" facefx="2"/>
 <Dialog id="13680621263387665452" text="Ah - thank you, Morgan, for being willing to hear me out. " modified="07/07/2016 03:48:40 PM" notes="Genuinely grateful."/>
 <Dialog id="13680621263390570437" text="Grace. Leitner&apos;s work is the very definition of the word." modified="04/12/2016 01:27:33 PM"/>
 <Dialog id="13680621263391218702" text="We&apos;ll meet you there, Morgan." modified="04/20/2016 01:31:58 AM"/>
 <Dialog id="13680621263391218721" text="Just need to check your vitals... wouldn&apos;t want our pilot to faint." modified="04/20/2016 01:34:46 AM"/>
 <Dialog id="13680621263391218840" text="Lead the way, Morgan. We&apos;ll catch up." modified="04/20/2016 01:34:16 AM"/>
 <Dialog id="13680621263392330876" text="Please - whatever you do, don&apos;t open the door. I don&apos;t have a helmet." modified="05/02/2016 10:28:53 PM" facefx="2"/>
 <Dialog id="13680621263392494075" text="I&apos;m transmitting the code to the crate I was in." modified="05/04/2016 07:48:23 PM" facefx="2"/>
 <Dialog id="13856881013209907036" text="" modified="05/17/2016 03:57:16 PM" notes="No dialog, just used to force Igwe to stop wandering around." facefx="2"/>
 <Dialog id="13856881013209907621" text="" modified="05/17/2016 04:07:01 PM" notes="No dialog, just used to force Igwe to stop wandering around." facefx="2"/>
 <Dialog id="13680621263397229847" text="Morgan - this is Dr. Igwe... I&apos;ve made it to your office." modified="07/04/2016 04:53:42 PM" notes="Relieved, had to make it here past aliens."/>
 <Dialog id="14538910657198855416" text="I&apos;ll remain here until you return... and see if perhaps I can use this Fabricator of yours to make something of use." modified="07/04/2016 04:55:20 PM"/>
 <Dialog id="14538910657198855593" text="I&apos;ll remain here until-" modified="07/04/2016 04:58:17 PM"/>
 <Dialog id="14538910657198855658" text="I&apos;ll remain here until-" modified="07/04/2016 04:59:53 PM" notes="Cut off as January robot hovers in and says hello."/>
 <Dialog id="14538910657198856548" text="My word - what are you? And why are you speaking in Morgan&apos;s voice?" modified="07/04/2016 05:14:16 PM" notes="Surprised by robot that just flew in speaking with Morgan&apos;s voice. Beat before 2nd Q, confused."/>
 <Dialog id="14538910657198856708" text="Well... January. Sorry - your arrival was a bit of a shock. Quite a day today, you know." modified="07/04/2016 05:16:52 PM" notes="Addresses January as if wrapping his head around this, then tries to make light of the situation at end."/>
 <Dialog id="14538910657198856961" text="I... yes. It... wait, is that Fabricator functioning? I might be able to make use of it - with your permission, Morgan. Er, January." modified="07/04/2016 05:21:05 PM" notes="Uncomfortable, didn&apos;t mean to make light of the disaster."/>
 <Dialog id="14538910657198857042" text="I&apos;ll remain here in your office until you return, Morgan - I may be able to be of use." modified="07/05/2016 10:24:54 PM" notes="Slightly relieved at end he&apos;s able to pitch in."/>
 <Dialog id="14538910657198857261" text="Chief Ilyushin! Well... I made it here - thanks to Morgan. And well-manufactured cargo crate docking seals." modified="07/04/2016 05:29:56 PM" notes="Equally surprised, then explains."/>
 <Dialog id="14538910657198857603" text="Chief Ilyushin! Well... I-" modified="07/04/2016 05:31:47 PM" notes="Relieved, then cut off as robot flies in."/>
 <Dialog id="14538910657198857643" text="My word - what is that? Is - is that you, Morgan?" modified="07/04/2016 05:50:51 PM" notes="Surprised as robot flies in. Beat before second question."/>
 <Dialog id="14538910657198858672" text="Yes, Chief Ilyushin - and, uh - January." modified="07/04/2016 07:20:00 PM" notes="Subduded, still processing what&apos;s going on."/>
 <Dialog id="14538910657198864440" text="Morgan, I&apos;ve reached your office... and my word - there&apos;s what looks like a destroyed Operator here... but not a type I&apos;ve seen before." modified="07/04/2016 07:27:06 PM" notes="More curious than alarmed in second part."/>
 <Dialog id="14538910657198864567" text="Not sure if it&apos;s safe to be here, but... I&apos;ll wait for your return, Morgan. And hope whatever destroyed this Operator doesn&apos;t return." modified="07/04/2016 07:27:51 PM" notes="Looking around, slightly worried. 2nd half is more to himself."/>
 <Dialog id="14538910657198864676" text="Morgan., I&apos;ve reached your office... and my word - there&apos;s a body here... Chief Ilyushin? ...Chief Ilyushin?" modified="07/04/2016 07:29:40 PM" notes="Surprise, then checking the Chief&apos;s corpse uncertainly."/>
 <Dialog id="14538910657198864730" text="Morgan, Chief Ilyushin is here, dead, no sign of her attacker. I&apos;ll remain here - and hope whatever killed her does not return." modified="07/04/2016 07:30:34 PM" notes="Faster, more urgent, reporting in. Second half is worried, to self."/>
 <Dialog id="14538910657198864859" text="Morgan, I&apos;ve reached your office and... my word. There&apos;s a body here... it&apos;s Chief Ilyushin." modified="07/04/2016 07:32:43 PM" notes="Surprise, sees a fellow officer. (Not close.)"/>
 <Dialog id="14538910657198864911" text="And... what looks to be the remains of an Operator... destroyed. Not a type I&apos;ve seen before... it may have been what killed Miss Ilyushin." modified="07/04/2016 07:33:35 PM" notes="Looking at robot wreckage. Last part is more curiousity than fear."/>
 <Dialog id="14538910657198864964" text="Morgan, I&apos;m not certain what happened here, but I&apos;ll remain until you return... and see if I can make myself useful." modified="07/04/2016 07:35:44 PM" notes="Uncertain, but doesn&apos;t want to leave. Last part is a little more thoughful (sees workbench)."/>
 <Dialog id="14538910657198865242" text="Morgan - Dr. Igwe. I&apos;ve managed to put together something you might find useful... come to your office, and I&apos;ll have it ready." modified="07/04/2016 07:39:06 PM"/>
 <Dialog id="14538910657198865338" text="Morgan - Dr. Igwe here - I&apos;ve been able to construct that Psychoscope chipset I mentioned before. Come to your office, and I&apos;ll pass it on to you." modified="07/07/2016 03:40:13 PM"/>
 <Dialog id="14538910657198866059" text="Wait... is that an Arming Key? Please tell me you aren&apos;t planning on using it!" modified="12/05/2016 09:31:14 PM" notes="Worried."/>
 <Dialog id="14538910657198866182" text="Excellent... the scientific principles behind the Nullwave are sound. Granted, we would have preferred further testing..." modified="01/24/2017 11:39:22 PM" notes="Pleased. "/>
 <Dialog id="14538910657198866241" text="...but circumstances being what they are, I think we can afford to bypass quality assurance this once." modified="07/04/2016 07:55:45 PM" notes="A little quieter, knows the risks."/>
 <Dialog id="14538910657199110329" text="Morgan - Dr. Igwe here - I&apos;ve been able to construct a chipset for your Psychoscope that you might find useful." modified="11/18/2016 08:29:50 PM"/>
 <Dialog id="14538910657199110357" text="I&apos;ll have it ready for you when you return to your office." modified="07/07/2016 03:44:21 PM"/>
 <Dialog id="13680621263399210408" text="Ah... well, yes. In a manner of speaking." modified="07/21/2016 01:27:04 PM" notes="Hesitating"/>
 <Dialog id="13680621263399211427" text="Hmm. No, I don&apos;t think so. I&apos;d say the Coral bears a striking resemblance to a nervous system." modified="07/21/2016 01:50:04 PM" notes="A skeptical sound at the beginning."/>
 <Dialog id="13680621263399211861" text="It&apos;s only a hunch. If I had more time to study it..." modified="07/21/2016 01:52:56 PM" notes="Shrugging, then almost to self."/>
 <Dialog id="13680621263399500781" text="I know Alex. He always has a backup plan. He must." modified="07/24/2016 10:06:37 PM"/>
 <Dialog id="13680621263399518039" text="Morgan! I don&apos;t understand. Why would make things more difficult?" modified="07/25/2016 02:54:15 AM" notes="Shocked, angry."/>
 <Dialog id="13680621263399518147" text="(exasperated sigh) Go on. We&apos;ll meet you in the shuttle bay as soon as Dahl has recovered." modified="07/25/2016 02:56:32 AM"/>
 <Dialog id="13680621263399912096" text="Activation of the mirror neurons is promising. Empathy Quotient shows to be..." modified="07/29/2016 04:21:52 PM" notes="Clinical. Like reading charts." facefx="2"/>
 <Dialog id="13680621263399912142" text="...low, I&apos;m afraid." modified="07/29/2016 04:22:38 PM" facefx="2"/>
 <Dialog id="13680621263399912153" text="...in the middle range." modified="07/29/2016 04:22:49 PM" facefx="2"/>
 <Dialog id="13680621263399912200" text="...exceptionally high." modified="07/29/2016 04:23:36 PM" facefx="2"/>
 <Dialog id="13680621263399912685" text="You&apos;re assuming it thinks like us." modified="07/29/2016 04:31:41 PM" facefx="2" sync="true"/>
 <Dialog id="13680621263399913509" text="It killed me. Why would be difficult to say." modified="07/29/2016 04:45:25 PM" facefx="2"/>
 <Dialog id="13680621263399913641" text="Perhaps it was due to indifference, but it never freed me from the cargo container." modified="07/29/2016 04:47:37 PM" facefx="2"/>
 <Dialog id="13680621263399913658" text="Perhaps it was due to ignorance, but it never freed me from the cargo container." modified="07/29/2016 04:47:54 PM" facefx="2"/>
 <Dialog id="13680621263399913691" text="It saved me from the cargo container. I would have suffocated, otherwise." modified="07/29/2016 04:48:27 PM" facefx="2"/>
 <Dialog id="13680621263399913735" text="It&apos;s remarkable that it never installed a single Typhon-based Neuromod." modified="07/29/2016 04:49:23 PM" facefx="2"/>
 <Dialog id="13680621263399913751" text="In my view, this demonstrates a strong identification with us." modified="07/29/2016 04:49:27 PM" facefx="2"/>
 <Dialog id="13680621263399913831" text="It installed multiple Typhon-based Neuromods." modified="07/29/2016 04:50:47 PM" facefx="2"/>
 <Dialog id="13680621263399913837" text="It could mean an instinctive return to its own kind or... an attempt to integrate its dual natures." modified="07/29/2016 04:58:27 PM" facefx="2"/>
 <Dialog id="13680621263399914989" text="And later, it recovered the Leitner connectomes. They were of no practical use - except that... they were deeply meaningful to me." modified="07/29/2016 05:18:32 PM" facefx="2"/>
 <Dialog id="13680621263399915252" text="But it&apos;s most surprising act was sparing Dahl." modified="07/29/2016 05:14:36 PM" facefx="2"/>
 <Dialog id="13680621263399915263" text="While perhaps for purely selfish reasons, this, at least in principle, enabled others to escape Talos I." modified="07/29/2016 05:14:39 PM" facefx="2"/>
 <Dialog id="13680621263400009522" text="In the end it chose to destroy Talos I. Why? To protect Earth?" modified="07/30/2016 07:25:38 PM" facefx="2"/>
 <Dialog id="13680621263400009534" text="In the end it chose to activate the Nullwave device. Why? To preserve the Typhon technology?" modified="01/24/2017 11:39:17 PM" facefx="2"/>
 <Dialog id="13680621263400009554" text="We can&apos;t really know what its motives were for anything it did." modified="07/30/2016 07:26:10 PM" facefx="2"/>
 <Dialog id="13680621263400010131" text="Activation of the mirror neurons was... not promising. Empathy Quotient shows to be almost non-existent." modified="07/30/2016 07:35:55 PM"/>
 <Dialog id="13680621263400010294" text="There&apos;s no question   at every test, every juncture, it showed little to no identification with the crew or their suffering." modified="07/30/2016 07:38:30 PM"/>
 <Dialog id="13680621263400861152" text="It&apos;s in shock." modified="08/09/2016 03:59:28 PM"/>
 <Dialog id="13680621263400861238" text="Rejecting the new cell lines. Fighting them off like an anti-virus." modified="08/09/2016 04:00:54 PM" notes="Reading off a medical screen, asnwering Alex."/>
 <Dialog id="13680621263400861587" text="More? But -" modified="08/09/2016 04:06:43 PM"/>
 <Dialog id="13680621263401308646" text="Neuromods can already adapt Typhon material to the human mind. There&apos;s no reason, in principle, the reverse wouldn&apos;t work." modified="08/14/2016 08:17:44 PM"/>
 <Dialog id="13680621263401328380" text="I&apos;ve always felt that consciousness is more like music than computation." modified="08/15/2016 01:46:36 AM" notes="Almost to himself. Musing."/>
 <Dialog id="13680621263406486843" text="I&apos;ll arrange transport with a Medical Operator." modified="10/13/2016 06:40:59 PM" facefx="2"/>
 <Dialog id="13680621263408639412" text="My word - what are you? And why are you speaking in Morgan&apos;s voice?" modified="11/07/2016 04:37:26 PM" notes="Female Branch, Localization"/>
 <Dialog id="13680621263408639750" text="Alex must be aware of what&apos;s going on - we need to talk to him, reason with him. He&apos;s your brother, he&apos;ll listen to you." modified="11/07/2016 04:43:08 PM" notes="Female Branch, Localization"/>
 <Dialog id="13680621263408640057" text="I was surprised when Alex began to show up to your tests personally - yet he always greeted you, the exact same way." modified="11/07/2016 04:48:01 PM" notes="Female Branch, Localization"/>
 <Dialog id="13680621263408640525" text="Your face looks a little pale. And your eyes - a bit unfocused." modified="11/07/2016 04:55:54 PM" notes="Female Branch, Localization"/>
</Dialog>