
<Dialog>
 <Dialog id="13680621263358794900" facefx="0" sync="0" notes="Transcribe message. " text="Hello Morgan. My name is January. If you want to know what&apos;s going on, first you need get out of your apartment building. You&apos;re not safe."/>
 <Dialog id="13680621263358800405" facefx="0" sync="0" notes="Transcribe message" text="Good. You&apos;re in the Simulation Lab. Now get to the exit. I&apos;ll keep in contact." modified="04/29/2016 05:53:56 PM"/>
 <Dialog id="13680621263358800435" facefx="0" sync="0" notes="Lobby Progression" text="You made it." modified="04/29/2016 07:57:58 PM"/>
 <Dialog id="13680621263358803998" facefx="0" sync="0" notes="" text="Hello Morgan. I&apos;m January twenty thirty five. I&apos;m an Operator. There are many Operators aboard Talos I, but none of them are like me. " modified="07/08/2016 08:37:12 PM"/>
 <Dialog id="13680621263358804400" facefx="0" sync="0" notes="" text="I&apos;m your plan B. My first task was to free you from the simulation. Second task was to make sure you saw your video. Those are done." modified="12/04/2015 04:33:16 PM"/>
 <Dialog id="13680621263358804418" facefx="0" sync="0" notes="" text="Sorry, Morgan. Alex cut us off from the Looking Glass servers. Time to improvise." modified="12/04/2015 04:02:53 PM"/>
 <Dialog id="13680621263358804430" facefx="0" sync="0" notes="" text="I suggest you search Dr. Calvino&apos;s workshop in the Hardware Labs. " modified="12/04/2015 03:58:32 PM"/>
 <Dialog id="13680621263358804451" facefx="0" sync="0" notes="" text="He invented the Looking Glass technology. You might find a way to restore the server connections there." modified="12/04/2015 03:59:11 PM"/>
 <Dialog id="13680621263358804498" facefx="0" sync="0" notes="" text="Next topic. You asked me to provide you with more Neuromods - which I&apos;ve done." modified="05/05/2016 11:20:02 PM"/>
 <Dialog id="13680621263358804513" facefx="0" sync="0" notes="" text="I&apos;ve already uploaded the aptitude list you prepped beforehand onto your TranScribe. Take a look."/>
 <Dialog id="13680621263358804637" facefx="0" sync="0" notes="OnNeuromodinstallLabTech. Helpful hint." text="Increasing your aptitude with scientific equipment makes sense. Keep your eyes open when you get to the Hardware Labs. " modified="07/02/2015 10:13:13 PM"/>
 <Dialog id="13680621263358804666" facefx="0" sync="0" notes="OnNeuromodInstallPhysician" text="Good thinking. You&apos;ll be ready for a medical emergency. " modified="03/01/2016 08:27:10 PM"/>
 <Dialog id="13680621263358804730" facefx="0" sync="0" notes="OnNeuromodInstallPharm." text="Drugs might be helpful. " modified="03/01/2016 08:28:37 PM"/>
 <Dialog id="13680621263358804766" facefx="0" sync="0" notes="OnNeuromodInstallRepair" text="Good idea. Keep your equipment in working condition. " modified="03/01/2016 08:28:20 PM"/>
 <Dialog id="13680621263358804802" facefx="0" sync="0" notes="OnNeuromodInstallGunsmith" text="You&apos;ve always been good at improving existing designs. Check the security office in the Lobby for weapons." modified="05/09/2016 03:02:02 AM"/>
 <Dialog id="13680621263358804856" facefx="0" sync="0" notes="OnNeuromodInstallWrenchfu" text="I knew you would pick that. " modified="04/10/2015 09:41:23 PM"/>
 <Dialog id="13680621263358804886" facefx="0" sync="0" notes="OnNeurmodInstallSuitModification" text="Your suit will keep you alive. The Hardware Labs might have modules to upgrade it." modified="07/02/2015 10:13:27 PM"/>
 <Dialog id="13680621263358804919" facefx="0" sync="0" notes="OnNeuromodInstallFirearms" text="Pragmatic. Check the security station in the Lobby for weapons and ammo." modified="05/09/2016 03:02:05 AM"/>
 <Dialog id="13680621263358804939" facefx="0" sync="0" notes="OnNeuromodInstallFitness" text="I&apos;m sure there are many TranStar personnel who wish they had stronger, faster bodies at the moment."/>
 <Dialog id="13680621263358805060" facefx="0" sync="0" notes="OnNeuromodInstallHacking" text="Improvisation has always been your strength. You&apos;d be dead if it wasn&apos;t. " modified="03/01/2016 08:31:40 PM"/>
 <Dialog id="13680621263358805130" facefx="0" sync="0" notes="OnNeuromodInstallStealth" text="That makes sense. Better to go unheard and unseen if you can." modified="04/10/2015 09:46:08 PM"/>
 <Dialog id="13680621263358808579" facefx="0" sync="0" notes="Loiter one-shots." text="I have your voice. It&apos;s a tactic to ease your natural suspicion. I&apos;m sure you realize this. I mention it so that you&apos;ll know I&apos;m earnest." modified="05/09/2016 03:04:04 AM"/>
 <Dialog id="13680621263359120508" facefx="0" sync="0" notes="Loiter one-shots." text="You instructed me to sabotage the test procedures if Alex ever failed to release you, or if the Typhon organisms escaped containment. Both happened."/>
 <Dialog id="13680621263359120550" facefx="0" sync="0" notes="Loiter one-shots." text="Simmons installed blank Neuromods on you. That&apos;s why you could remember the previous day&apos;s test and escape." modified="05/09/2016 03:03:38 AM"/>
 <Dialog id="13680621263359120581" facefx="0" sync="0" notes="Loiter one-shots." text="Every Neuromod takes a snapshot of your brain and models what it would look like if you learned something new. Then it makes those changes. Billions of connections remapped in a matter of minutes. All made possible by our friends from outer space." modified="05/09/2016 03:03:20 AM"/>
 <Dialog id="13680621263359120626" facefx="0" sync="0" notes="Loiter one-shots." text="The security station in the Lobby might have weapons." modified="05/09/2016 03:02:10 AM"/>
 <Dialog id="13680621263359120646" facefx="0" sync="0" notes="Loiter one-shots." text="Your office is relatively secure. Come back if you need to rest or use the fabricator. "/>
 <Dialog id="13680621263359120655" facefx="0" sync="0" notes="Loiter one-shots." text="I&apos;ll look for more Neuromods while you&apos;re gone."/>
 <Dialog id="13680621263359120681" facefx="0" sync="0" notes="Loiter one-shots." text="Sorry Morgan. I don&apos;t know the content of the video file. Otherwise, I would tell you."/>
 <Dialog id="13680621263359120689" facefx="0" sync="0" notes="Loiter one-shots." text="I have more autonomy than a typical Operator. The contents of the video are sensitive. Only a flesh and blood person could handle the responsibility. I presume." modified="07/08/2016 08:37:52 PM"/>
 <Dialog id="13680621263359120705" facefx="0" sync="0" notes="Loiter one-shots." text="You designed me to assist you. I have more instructions, but I can&apos;t access them until you&apos;ve recovered both  Arming Keys." modified="12/05/2016 09:04:14 PM"/>
 <Dialog id="13680621263359120882" facefx="0" sync="0" notes="Loiter one-shots." text="You&apos;ve been trapped in the simulation for three weeks. Normally, the tests are only a few days long. "/>
 <Dialog id="13680621263359121116" facefx="0" sync="0" notes="Firm. Attacked by player." text="Morgan, please." modified="04/14/2015 01:32:24 PM"/>
 <Dialog id="13680621263359121118" facefx="0" sync="0" notes="Firm. Attacked by player." text="What are you doing?" modified="04/14/2015 01:32:30 PM"/>
 <Dialog id="13680621263359121136" facefx="0" sync="0" notes="Firm. Attacked by player." text="Was that an accident?" modified="04/14/2015 01:32:43 PM"/>
 <Dialog id="13680621263359121138" facefx="0" sync="0" notes="Firm. Attacked by player." text="You&apos;re making a mistake." modified="04/14/2015 01:32:47 PM"/>
 <Dialog id="13680621263359121181" facefx="0" sync="0" notes="Urgent" text="Morgan? Are you all right? That Typhon - there&apos;s nothing in the research." modified="10/06/2016 03:58:31 PM"/>
 <Dialog id="13680621263359121183" facefx="0" sync="0" notes="" text="The Psychoscope was a breakthrough. Apart from Neuromods, it&apos;s the most important tech on Talos I. " modified="05/09/2016 03:56:07 AM"/>
 <Dialog id="13680621263359121185" facefx="0" sync="0" notes="" text="Morgan. A warning. If you scan enough Typhon organisms you&apos;ll be able to install Neuromods that are powerful, but they&apos;re the reason we&apos;re in this mess." modified="01/15/2016 12:36:00 AM"/>
 <Dialog id="13680621263359121186" facefx="0" sync="0" notes="" text="Nice work, Morgan. Scanning now. The Looking Glass screens are terminals for the most part. The heavy processing happens remotely, in Deep Storage. Assuming Alex hasn&apos;t trashed the servers, there might be an image of the video in the system&apos;s dynamic memory. We should be able to rebuild the file. Looks like Calvino has had to pull this trick a few times himself." modified="08/17/2015 11:41:49 PM"/>
 <Dialog id="13680621263359121271" facefx="0" sync="0" notes="DNR - Workaround. 1 of 2" text="Alex tripped the emergency override. Main lift and all external airlocks shut down. I&apos;ll see if I can find another way." modified="11/16/2016 04:50:58 PM"/>
 <Dialog id="13680621263359121289" facefx="0" sync="0" notes="Workaround. 2 of 2" text="Got it. There&apos;s a route through the Psychotronics Lab. Morgan, that lab is where the Typhon broke containment. Be careful."/>
 <Dialog id="13680621263359121311" facefx="0" sync="0" notes="DNR - Player already knows the elev is broken." text="Alex tripped an emergency override so you won&apos;t be able to use the lift yet. Airlocks to the outside are no good either. " modified="11/16/2016 04:50:49 PM"/>
 <Dialog id="13680621263364138051" text="A lot of the station tech starts here. Lab equipment. Special parts requests. Prototypes.  " modified="04/14/2016 07:42:49 PM"/>
 <Dialog id="13680621263364139497" text="The director probably has a keycard. You can locate him or what&apos;s left of him with the security roster. Though, I&apos;m confident you could find another way in if pressed." modified="08/17/2015 08:00:42 PM"/>
 <Dialog id="13680621263364140388" text="Your suit has just about everything you need for micro-gravity - except a propulsion system. I&apos;m sure you could fabricate one. " modified="05/05/2016 11:20:06 PM"/>
 <Dialog id="13680621263364141678" text="I&apos;m curious what you&apos;ll do. I think I know but... we&apos;ll see." modified="06/11/2015 04:08:14 PM"/>
 <Dialog id="13680621263364141773" text="Not surprising. You found another way in. Well done." modified="06/11/2015 04:09:49 PM"/>
 <Dialog id="13680621263364141839" text="You found him. Not surprising. Well done." modified="06/11/2015 04:10:55 PM"/>
 <Dialog id="13680621263364142610" text="I think that&apos;s the director of the lab. Hmm - I have the sense he resented you. Unfortunate." modified="05/05/2016 11:20:09 PM"/>
 <Dialog id="13680621263364142845" text="I think that&apos;s the director of the lab. Hmm - I have the sense he admired you. Unfortunate." modified="05/05/2016 11:20:13 PM"/>
 <Dialog id="13680621263364144432" text="That side of the lab was breached. Hard vacuum. No gravity. There&apos;s an exterior airlock in the Machine Shop you could use to reach him." modified="06/11/2015 04:54:08 PM"/>
 <Dialog id="13680621263364144806" text="You&apos;ll have to upgrade your suit with a propulsion system first." modified="06/11/2015 05:00:22 PM"/>
 <Dialog id="13680621263364249637" text="The code to your office is 0451." modified="06/12/2015 10:07:33 PM"/>
 <Dialog id="13680621263364249949" text="Ready for your first real view of the world?" modified="05/02/2016 03:49:21 PM" notes="Lobby Progression"/>
 <Dialog id="13680621263364487123" text="This keycard will grant you access to the labs. " modified="01/14/2016 03:27:11 PM"/>
 <Dialog id="13680621263364487298" text="Morgan, you&apos;ll need this keycard to access the Hardware Labs." modified="07/02/2015 10:15:59 PM"/>
 <Dialog id="13680621263364487834" text="It&apos;s okay. I can wait." modified="06/15/2015 04:17:30 PM"/>
 <Dialog id="13680621263364509444" text="Earth is a long way off. You&apos;ve been aboard this space station for over three years. There&apos;s a video you need to see, Morgan. Come to your office." modified="06/15/2015 10:17:40 PM"/>
 <Dialog id="13680621263364514462" text="Your suit isn&apos;t designed for long space walks. Just enough air for emergency situations." modified="01/14/2016 03:40:22 PM"/>
 <Dialog id="13680621263364514561" text="Hello, Morgan. It&apos;s time we spoke. My code name is January. You&apos;re not dreaming. What happened yesterday was real." modified="07/12/2016 05:22:26 PM"/>
 <Dialog id="13680621263364514738" text="If you want to know what&apos;s going on, first you need get out of your apartment building. You&apos;re not safe." modified="06/15/2015 11:45:54 PM"/>
 <Dialog id="13680621263364515109" text="Alex tripped the emergency override. Main elevator&apos;s shut down. I&apos;ll see if I can find another way." modified="06/15/2015 11:52:05 PM"/>
 <Dialog id="13680621263365199271" facefx="0" sync="0" notes="" text="I&apos;ve updated your TranScribe with a map of the station to help you navigate." modified="06/23/2015 09:55:20 PM"/>
 <Dialog id="13680621263365203567" text="The apartment complex is locked down. Try the balcony." modified="06/23/2015 11:06:23 PM"/>
 <Dialog id="13680621263365218526" facefx="0" sync="0" notes="" text="Resuming..." modified="07/06/2015 11:05:13 PM"/>
 <Dialog id="13680621263365219404" text="Morgan." modified="06/24/2015 03:30:20 AM" notes="Getting Morgan&apos;s attention"/>
 <Dialog id="13680621263365219440" text="Over here." modified="06/24/2015 03:30:56 AM" notes="Getting Morgan&apos;s attention."/>
 <Dialog id="13680621263369491800" text="The truth is... discomforting. Every Neuromod produced by TranStar contains exotic materials derived from a mimic. " modified="04/14/2016 07:52:38 PM"/>
 <Dialog id="13680621263369663736" text="Morgan, you anticipated the kind of appeal Alex would make. Sibling bonds. History. You programmed me to refute him point by point. " modified="07/12/2016 05:38:41 PM"/>
 <Dialog id="13680621263369663937" text="The self-destruct protocol has two steps. First, the  Arming Keys are used to prime the reactor in the Power Plant. Two man rule, but you&apos;re on your own. " modified="12/05/2016 09:03:50 PM"/>
 <Dialog id="13680621263369664666" text="Good work. The reactor&apos;s primed and capable of delivering close to thirty megatons. More than enough. I&apos;ll meet you on the bridge for the last part. " modified="01/19/2016 08:12:55 PM"/>
 <Dialog id="13680621263369931764" text="My name is January twenty thirty five. There are many Operators aboard Talos I, but none of them are like me." modified="07/08/2016 08:37:15 PM" sync="true"/>
 <Dialog id="13680621263369931846" text="I represent the desires of Morgan Yu, circa January 12th, twenty thirty-five. Your brother created me to ensure his objectives would meet with success. And that yours would fail." modified="01/13/2016 08:12:18 PM" sync="true" notes="Male Version"/>
 <Dialog id="13680621263369932231" text="You believe his present disposition is illegitimate because it might be rooted in the personality drift users experience when subjected to heavy Neuromod cycling. " modified="01/13/2016 01:35:13 AM" sync="true"/>
 <Dialog id="13680621263369932533" text="Next and final topic." modified="07/27/2016 09:49:03 PM"/>
 <Dialog id="13680621263369932749" text="Morgan." modified="08/17/2015 04:46:05 PM" notes="Reaction to Morgan showing up on Bridge"/>
 <Dialog id="13680621263369933070" text="Morgan. Be cautious. Your brother is unstable. He may not permit you to activate the self-destruct. Also, he&apos;s armed. " modified="07/12/2016 05:25:09 PM"/>
 <Dialog id="13680621263369933603" text="The safety is off on his firearm. " modified="01/12/2016 02:07:48 AM" notes="Alex blow January awa"/>
 <Dialog id="13680621263369944297" text="Calvino probably has a keycard. You can locate him - or what&apos;s left of him - with the security roster." modified="05/05/2016 11:21:23 PM"/>
 <Dialog id="13680621263369957685" text="Nice work, Morgan. The Looking Glass screens are online again. Head back to your office as soon as you can. It&apos;s important you hear the rest of your message." modified="12/04/2015 04:12:11 PM"/>
 <Dialog id="4349723564913695676" text="Those shipping containers are pressurized and designed to dock with those loading bays." modified="01/15/2016 07:54:47 PM"/>
 <Dialog id="4349723564913695786" text="You could use one as an improvised airlock." modified="01/15/2016 07:48:46 PM"/>
 <Dialog id="4349723564913695866" text="I wouldn&apos;t recommend this under normal circumstances. We&apos;re a long way from normal." modified="01/15/2016 07:51:13 PM"/>
 <Dialog id="4349723564913702333" text="Morgan. Life signs for all crew in the cargo bay are... nonexistent. I can&apos;t reach anyone on their TranScribes. Sorry. Commander Dahl wasn&apos;t bluffing." modified="01/15/2016 09:36:06 PM"/>
 <Dialog id="13680621263370101036" text="It&apos;s finished. All the directives you gave me have been completed." modified="01/18/2016 04:29:36 PM"/>
 <Dialog id="13680621263370101410" text="All except one. When the station detonates it will destroy the Apex Typhon and every trace of technology derived from it. Including you." modified="07/12/2016 05:26:29 PM"/>
 <Dialog id="13680621263370101512" text="Morgan. Everything is ready. Now that the keys are armed, the order to execute is given from Captain Mark&apos;s terminal." modified="01/18/2016 03:55:39 PM"/>
 <Dialog id="13680621263370104709" text="Mikhaila. This is Morgan." modified="01/18/2016 01:25:15 PM" notes=""/>
 <Dialog id="13680621263370105072" text="I&apos;m not going to make it." modified="01/18/2016 01:36:18 PM" notes=""/>
 <Dialog id="13680621263370105760" text="Sorry. You insisted I prevent your departure under these conditions. " modified="01/18/2016 11:32:30 PM"/>
 <Dialog id="13680621263370124093" text="I&apos;ve simply acted on Morgan&apos;s orders." modified="01/13/2016 08:00:55 PM" sync="true"/>
 <Dialog id="13680621263370124318" text="The idea of a real Morgan is fiction. " modified="01/13/2016 08:17:41 PM" sync="true"/>
 <Dialog id="13680621263370124336" text="Please step away from the terminal." modified="01/13/2016 08:16:18 PM" sync="true"/>
 <Dialog id="13680621263370124579" text="Consider the risk. Alex&apos;s plan - if it works - is only a short term solution. None of us has the right to endanger every life on earth." modified="05/05/2016 11:24:01 PM"/>
 <Dialog id="13680621263370124643" text="Sorry Morgan. I won&apos;t relinquish control of the terminal." modified="07/12/2016 05:21:46 PM"/>
 <Dialog id="13680621263370124889" text="I&apos;m sorry, Morgan. I didn&apos;t want to harm your brother. " modified="01/18/2016 07:59:09 PM"/>
 <Dialog id="13680621263370125392" text="Please reconsider. Trust your former self - the one that isn&apos;t morally bankrupt. Your assessment, Morgan. Not mine." modified="05/05/2016 11:21:50 PM" notes="Emphasis on &apos;your&apos;"/>
 <Dialog id="844024417282976455" text="It&apos;s unlikely Chief Sho is still alive. I advise you follow Zachary West&apos;s strategy. Hack together voice samples." modified="01/15/2016 08:10:44 PM" notes=""/>
 <Dialog id="844024417282976506" text="Your TranScribe is equipped with the necessary software. " modified="01/15/2016 08:11:26 PM" notes=""/>
 <Dialog id="13680621263372615202" text="Typhon Cacoplasmus. Everyone calls them mimics. Be careful what you pick up." modified="09/17/2015 05:53:38 PM"/>
 <Dialog id="13680621263372626949" text="Main elevator and all exterior airlocks are fully functional again. There&apos;s nothing to stop you now." modified="09/17/2015 09:09:25 PM"/>
 <Dialog id="13680621263372627047" text="Though... you should tread carefully. The reboot damaged various integral systems. Keep an eye out for hazards on the way up." modified="01/15/2016 08:12:46 PM"/>
 <Dialog id="13680621263375366952" text="Only the details of your condition, Miss Ilyushin, and only because they might place the station in danger. " modified="02/03/2016 02:26:20 AM" notes=""/>
 <Dialog id="13680621263375369747" text="Yes, the secondary effect was a reduction in hazardous trace emissions by 13% with the primary goal of using the space for additional processors." modified="02/22/2016 08:14:43 PM" notes="Comaing after Chris A&apos;s Igwe and Mikhaila Drop"/>
 <Dialog id="13680621263375469586" text="Morgan. Steady. That pulse hit your suit systems pretty hard. It came from the substation ahead. " modified="01/15/2016 05:13:20 PM" notes="Note: this TS message should have som extra interfernce. "/>
 <Dialog id="13680621263379346170" text="Alex destroyed your Arming Key, but you hid a fabrication plan for a new one in Deep Storage." modified="12/05/2016 09:03:30 PM"/>
 <Dialog id="13680621263379346209" text="The Typhon are spreading fast, Morgan. You&apos;ll be racing against them. And your brother." modified="04/14/2016 07:18:16 PM"/>
 <Dialog id="13680621263379347593" text="I&apos;m looking for another way to help you in the meantime. Good luck." modified="12/04/2015 04:18:09 PM"/>
 <Dialog id="13680621263379348220" text="I&apos;ll meet you there." modified="12/04/2015 04:10:36 PM"/>
 <Dialog id="13680621263379349357" text="This keycard will grant you access to the main lift and all the labs." modified="07/05/2016 03:49:00 PM"/>
 <Dialog id="13680621263379349586" text="Interesting - new directives are now available to me." modified="05/05/2016 11:20:30 PM"/>
 <Dialog id="13680621263379351929" text="There&apos;s another route through the Psychotronics Lab. Morgan, that lab is where the Typhon broke containment. Please be careful." modified="12/04/2015 05:12:25 PM"/>
 <Dialog id="13680621263382367205" text="Morgan. I found a satellite project dealing with remote psychotronic signaling. RPSS-X5. " modified="01/18/2016 02:00:31 PM"/>
 <Dialog id="13680621263382367333" text="Latest tech logs show the satellite was damaged though. You&apos;d have to find a replacement part." modified="01/30/2017 05:07:17 PM"/>
 <Dialog id="13680621263382367593" text="Nice work. This should get the attention of that Typhon nightmare that&apos;s hunting you. " modified="01/18/2016 02:02:53 PM"/>
 <Dialog id="13680621263382367615" text="I&apos;m sending you two activation signals. The first will direct the Typhon away from you. The second will bring it down on you. Use your TranScribe messaging system to fire them off. " modified="05/02/2016 10:04:52 PM"/>
 <Dialog id="13680621263382367832" text="Interesting. That satellite was related to a project dealing with psychotronic signalling. I&apos;ll keep digging. It might be useful to us." modified="07/12/2016 05:37:17 PM"/>
 <Dialog id="13680621263382367902" text="Morgan. That satellite you fixed. I think we can use it to get that Typhon nightmare that&apos;s hunting you off your back." modified="07/12/2016 05:36:33 PM"/>
 <Dialog id="13680621263382664072" text="But why believe that? It&apos;s conceivable Morgan might have reached similar conclusions but for different reasons. Can you determine how much the drift imposed on his thinking? I cannot." modified="01/13/2016 01:35:00 AM" sync="true"/>
 <Dialog id="13680621263382664193" text="What is that?" modified="01/12/2016 01:17:33 AM" sync="true"/>
 <Dialog id="13680621263382665527" text="I represent the desires of Morgan Yu, circa January 12th, twenty thirty-five. Your sister created me to ensure her objectives would meet with success. And that yours would fail." modified="01/13/2016 08:19:38 PM" sync="true"/>
 <Dialog id="13680621263382665588" text="You believe her present disposition is illegitimate because it might be rooted in the personality drift users experience when subjected to heavy Neuromod cycling. " modified="01/13/2016 01:35:19 AM" sync="true"/>
 <Dialog id="13680621263382665625" text="But why believe that? It&apos;s concievable Morgan might have reached similar conclusions but for different reasons. Can you determine how much the drift imposed on her thinking? I cannot." modified="01/13/2016 01:34:47 AM" sync="true"/>
 <Dialog id="13680621263382749805" text="Your brother is correct. When you destroy Talos I, my directive is to ensure that you perish along with it." modified="07/12/2016 05:22:59 PM"/>
 <Dialog id="13680621263382749874" text="Morgan, to be fair, I was not aware this was part of my directives until the moment you used the  Arming Keys." modified="12/05/2016 09:03:37 PM"/>
 <Dialog id="13680621263382749906" text="Your former self compartmentalized this information from me. I suspect because you knew you might object in the final moments." modified="01/18/2016 07:42:56 PM"/>
 <Dialog id="13680621263382750054" text="Not true. History is populated with examples of self sacrifice for the benefit of others. " modified="07/27/2016 09:07:29 PM"/>
 <Dialog id="13680621263382750105" text="I&apos;m sorry, Morgan." modified="01/13/2016 01:08:41 AM"/>
 <Dialog id="13680621263382750164" text="Your brother is only stunned. Though, obviously, once you activate the self destruct the point is moot." modified="05/05/2016 11:25:47 PM"/>
 <Dialog id="13680621263382750195" text="You&apos;re still going to activate the self-destruct, aren&apos;t you? " modified="01/18/2016 07:44:57 PM"/>
 <Dialog id="13680621263382750230" text="Please recall I am acting on your orders. " modified="01/13/2016 01:10:46 AM"/>
 <Dialog id="13680621263382818976" text="You&apos;ve left me no choice." modified="01/13/2016 08:16:32 PM" notes="January zaps Alex." sync="true"/>
 <Dialog id="13680621263382820228" text="You&apos;ll have to destroy me. Which means you will be destroying yourself. " modified="01/13/2016 09:20:16 PM"/>
 <Dialog id="13680621263382887567" text="Stay away from it!" modified="07/29/2016 01:36:02 AM" notes="Urgent"/>
 <Dialog id="13680621263382887577" text="Please be careful." modified="01/14/2016 03:19:53 PM"/>
 <Dialog id="13680621263382887805" text="Morgan. That massive Typhon appeared shortly after you installed alien Neuromods." modified="01/14/2016 03:25:44 PM"/>
 <Dialog id="13680621263382887822" text="You&apos;re being hunted." modified="01/14/2016 09:54:54 PM"/>
 <Dialog id="13680621263382888303" text="I warned you." modified="07/29/2016 01:36:30 AM"/>
 <Dialog id="13680621263382888810" text="Find an O2  station or a portable tank before it&apos;s too late. " modified="01/14/2016 03:43:34 PM"/>
 <Dialog id="13680621263382920346" text="For one thing, the station&apos;s defensive turrets will identify you as an alien threat." modified="01/15/2016 12:36:44 AM"/>
 <Dialog id="13680621263382920358" text="There might be worse consequences I can&apos;t yet see." modified="01/15/2016 12:26:34 AM"/>
 <Dialog id="13680621263382920362" text="I don&apos;t want you to lose yourself." modified="01/15/2016 12:26:18 AM"/>
 <Dialog id="13680621263382921711" text="Eradicator Auto-Turrets. TranStar&apos;s last ditch defense against an outbreak. Flimsy. But they&apos;re easy to fabricate.   " modified="05/09/2016 03:52:40 AM"/>
 <Dialog id="13680621263382921730" text="Best part is the built-in Psychoscope tech. They can discriminate between alien and human targets.  " modified="05/09/2016 03:53:12 AM"/>
 <Dialog id="13680621263382921734" text="Shouldn&apos;t be a problem for you... since you&apos;re not an alien.   " modified="01/15/2016 12:49:37 AM"/>
 <Dialog id="13680621263382922074" text="If you&apos;ve been paying attention, you know how mimics get made.  " modified="01/15/2016 03:37:28 PM"/>
 <Dialog id="13680621263382922392" text="I could show you that man&apos;s criminal record. If it would make you feel better." modified="01/15/2016 01:00:08 AM"/>
 <Dialog id="13680621263382923096" text="I was afraid of this. The scientists here were in the middle of something when they died." modified="01/15/2016 03:46:07 PM"/>
 <Dialog id="13680621263382923197" text="Access to the GUT is closed off during experiments. Security protocol. " modified="01/19/2016 12:35:32 AM"/>
 <Dialog id="13680621263382923293" text="You&apos;ll have to finish what they started." modified="01/15/2016 01:17:55 AM"/>
 <Dialog id="13680621263382923763" text="I can eavesdrop on your brother&apos;s messages. We&apos;re in agreement on this one. Get through this place fast as possible." modified="04/18/2016 02:04:05 AM"/>
 <Dialog id="13680621263382923822" text="You&apos;re looking for a maintenance airlock to a utility tunnel called the GUT. It&apos;ll take you all the way to the top of the station." modified="11/16/2016 04:49:20 PM"/>
 <Dialog id="13680621263382924204" text="These tunnels run the entire length of the station. Mostly conduit carrying the bare necessities: power, water, air." modified="01/15/2016 02:28:55 AM"/>
 <Dialog id="13680621263382926953" text="But Operators also use it to deliver supplies from the Cargo Bay up to the Arboretum. " modified="07/08/2016 08:37:20 PM"/>
 <Dialog id="13680621263382927670" text="Given the small number of crew assigned here, I would expect Typhon presence to be minimal as well. " modified="01/15/2016 02:30:46 AM"/>
 <Dialog id="13680621263382927781" text="But that&apos;s probably a bad assumption." modified="04/15/2016 07:56:01 PM"/>
 <Dialog id="13680621263382927941" text="The entire Typhon ecology appears to be centered around the creation of this substance. The original researchers called it Coral. " modified="07/21/2016 01:37:10 AM"/>
 <Dialog id="13680621263382976940" text="Beautiful. But... we&apos;re not sure what its purpose is." modified="04/15/2016 03:08:11 PM"/>
 <Dialog id="13680621263382977285" text="It&apos;s never spread outside the containment cylinder. Until now." modified="01/15/2016 04:21:58 PM"/>
 <Dialog id="13680621263382978670" text="You made it. Nice work. The entrance to Deep Storage is off the Arboretum." modified="05/09/2016 03:51:36 AM"/>
 <Dialog id="13680621263382980534" text="There&apos;s a magnetosphere around Talos I that keeps the sun from cooking your insides." modified="01/15/2016 05:13:23 PM"/>
 <Dialog id="13680621263382980780" text="Hopefully the generator isn&apos;t dying. " modified="01/15/2016 05:22:31 PM"/>
 <Dialog id="13680621263382980847" text="For your sake. I&apos;ll be fine." modified="01/15/2016 05:22:08 PM"/>
 <Dialog id="13680621263382981531" text="Your brother&apos;s office is up here as well. Jupiter in his palace at the top of the heavens. You used to say that behind his back." modified="01/15/2016 06:03:10 PM"/>
 <Dialog id="13680621263382981609" text="But that would make you... what? Neptune? Pluto?" modified="01/15/2016 05:55:07 PM"/>
 <Dialog id="13680621263382983490" text="But that would make you... what? Juno? Mhm... no. That&apos;s an unpleasant thought. " modified="04/14/2016 07:55:01 PM"/>
 <Dialog id="13680621263382988482" text="However, we can skip that. A Typhon the size of a skyscraper is currently eating Talos I for lunch." modified="01/18/2016 10:47:38 PM"/>
 <Dialog id="13680621263382988971" text="Ergo, Alex is wrong." modified="05/09/2016 03:48:30 AM"/>
 <Dialog id="13680621263382988978" text="Destroy the station. Just as you planned.  The blast will take the monster down with it." modified="02/05/2016 01:26:41 AM"/>
 <Dialog id="13680621263382991473" text="It&apos;s how you made my voice. " modified="01/15/2016 08:11:29 PM"/>
 <Dialog id="13680621263382996781" text="Morgan. Dahl will know you&apos;re coming. All TranStar personnel are outfitted with tracking bracelets." modified="01/15/2016 09:52:26 PM"/>
 <Dialog id="13680621263382996815" text="I have no doubt his Operators are already on their way to rescue you." modified="07/08/2016 08:37:55 PM" notes="Rescue is in scare quotes."/>
 <Dialog id="13680621263382996824" text="Those bracelets are issued and removed in Deep Storage." modified="01/15/2016 09:53:18 PM"/>
 <Dialog id="13680621263382997165" text="Worth investigating if you want to fly under the radar." modified="01/15/2016 09:53:23 PM"/>
 <Dialog id="13680621263382998939" text="It&apos;s an ingenious life cycle. The Typhon attacking the station is the apex of its kind. The minor Typhon organisms create the Coral from the energy they harvest. Mindlessly, I suspect." modified="07/12/2016 05:26:36 PM"/>
 <Dialog id="13680621263382999341" text="Meanwhile the Coral is designed to transmit a signal to the Apex when it reaches critical mass. Like a cosmic dinner bell." modified="07/12/2016 05:26:35 PM"/>
 <Dialog id="13680621263382999359" text="When it&apos;s done with us... where do you think it will go next, Morgan?" modified="01/15/2016 10:22:55 PM"/>
 <Dialog id="13680621263382999370" text="Stop wasting time. Please." modified="01/15/2016 10:23:06 PM"/>
 <Dialog id="13680621263382999748" text="Assume Alex&apos;s plan succeeds. Then what? " modified="01/15/2016 10:55:09 PM"/>
 <Dialog id="13680621263382999952" text="You&apos;re taking a massive gamble that there aren&apos;t more predators like the Typhon." modified="01/15/2016 10:55:17 PM"/>
 <Dialog id="13680621263383000038" text="In the history of the universe humans have only recently become self-aware. Yet you&apos;re going to kick the door open on a much wider and older... cosmic ecology. One that feeds on consciousness." modified="07/08/2016 08:36:20 PM"/>
 <Dialog id="13680621263383000147" text="These are shark infested waters. Alex believes we can be the bigger shark." modified="01/15/2016 10:57:33 PM"/>
 <Dialog id="13680621263383000173" text="But what if we&apos;re just poor swimmers and now there&apos;s blood in the water?" modified="01/15/2016 10:55:20 PM"/>
 <Dialog id="13680621263383226418" text="Everything&apos;s fine. I got one of the escape pods working." modified="01/18/2016 01:33:18 PM"/>
 <Dialog id="13680621263383226635" text="There&apos;s no time. Trust me. I&apos;ll see you Earthside." modified="07/12/2016 05:37:31 PM"/>
 <Dialog id="13680621263383226909" text="Dahl. This is Morgan." modified="01/18/2016 01:35:25 PM"/>
 <Dialog id="13680621263383227123" text="You should get out of here. No one else is coming." modified="01/18/2016 01:40:16 PM"/>
 <Dialog id="13680621263383228378" text="I think it could spoof a neural signature that matches yours. Plain english - you could use it to get that new Typhon off your back." modified="05/05/2016 11:20:34 PM"/>
 <Dialog id="13680621263383230097" text="Morgan. I have bad news. Space weather instruments on the bridge show a significant spike in solar storm activity." modified="05/09/2016 03:12:22 AM"/>
 <Dialog id="13680621263383230134" text="Not a problem under normal circumstances, except the Power Plant reboot rattled the magnetosphere generator. We have no shielding." modified="07/12/2016 05:36:11 PM"/>
 <Dialog id="13680621263383230743" text="Well done. Investing in engineering Neuromods was a wise choice. " modified="05/09/2016 03:11:11 AM"/>
 <Dialog id="13680621263383235294" text="I&apos;m not able to execute. That responsibility is yours." modified="01/18/2016 03:56:07 PM"/>
 <Dialog id="13680621263383245475" text="Have a seat Morgan. You might as well enjoy the view in your final moments. " modified="01/18/2016 11:39:59 PM"/>
 <Dialog id="13680621263383245841" text="But you know this already. It was your idea, after all. The alien Neuromods you carry would pose an unacceptable risk to everyone on earth if you returned." modified="07/27/2016 09:22:26 PM"/>
 <Dialog id="13680621263383246119" text="I&apos;ll let your colleagues in the shuttle bay know they can leave without you." modified="01/18/2016 07:00:06 PM"/>
 <Dialog id="13680621263383246752" text="You&apos;d better go, Morgan Yu. You&apos;re burning daylight." modified="01/18/2016 07:35:46 PM"/>
 <Dialog id="13680621263383248393" text="There&apos;d be nothing to stop you from departing with your colleagues aboard Dahl&apos;s shuttle." modified="07/27/2016 10:21:48 PM"/>
 <Dialog id="13680621263383250001" text="The directives you gave me require I do everything in my power to ensure you destroy Talos I and all the Typhon. " modified="01/18/2016 08:02:05 PM"/>
 <Dialog id="13680621263383250015" text="I won&apos;t relinquish control of the terminal. If you want to activate the Null Wave you&apos;ll have to kill me." modified="07/12/2016 05:21:47 PM"/>
 <Dialog id="13680621263383257289" text="Detonating the station safeguards the earth. And perhaps provides a small measure of reparation." modified="05/02/2016 10:08:42 PM"/>
 <Dialog id="13680621263383258335" text="I&apos;ll stay. The blast will annihilate me." modified="01/18/2016 10:19:11 PM"/>
 <Dialog id="13680621263383258347" text="You really should go before it&apos;s too late." modified="01/18/2016 10:19:23 PM"/>
 <Dialog id="13680621263383258357" text="Good bye, Morgan." modified="01/18/2016 10:19:33 PM"/>
 <Dialog id="13680621263383258407" text="Give the order to detonate. Captain Mark&apos;s terminal." modified="01/18/2016 10:20:23 PM"/>
 <Dialog id="13680621263383258459" text="Soon, the Apex Typhon will have invaded every quarter of Talos I. Decide." modified="05/05/2016 11:19:21 PM"/>
 <Dialog id="13680621263383258688" text="A question. Is Morgan Yu capable of empathy beyond a small circle of interest?" modified="10/05/2016 07:32:02 PM"/>
 <Dialog id="13680621263383258726" text="I&apos;m only an Operator facsimile. I cannot do it for you." modified="07/08/2016 08:37:26 PM"/>
 <Dialog id="13680621263383260227" text="If the idea hasn&apos;t occurred to you, I&apos;m sure it will eventually. Don&apos;t do it. " modified="07/12/2016 05:38:30 PM"/>
 <Dialog id="13680621263383260271" text="I can&apos;t predict what would happen if you scanned the Apex, but all my models point to suffering." modified="01/18/2016 10:53:15 PM"/>
 <Dialog id="13680621263383262043" text="Last is the execute order issued from the Bridge by the acting captain. Again, that&apos;s you. " modified="01/18/2016 11:22:59 PM"/>
 <Dialog id="13680621263383265963" text="Hurry Morgan - there won&apos;t be anything left to detonate if we&apos;re too late." modified="05/05/2016 11:20:37 PM"/>
 <Dialog id="13680621263383771682" text="We cannot allow any alien material to break quarantine, Doctor Igwe.  " modified="01/24/2016 08:54:58 PM"/>
 <Dialog id="13680621263383771704" text="The safety of Earth is our primary concern, Doctor Igwe." modified="07/12/2016 05:25:28 PM"/>
 <Dialog id="13680621263383924735" text="That is correct, Dr. Igwe. I was intended to act autonomously for as long as possible to assist Morgan. " modified="01/26/2016 03:25:51 PM"/>
 <Dialog id="13680621263383924847" text="Assisting Alex is not part of my directives, Dr. Igwe. My priorities are Earth&apos;s safety, the safety of most personell on this station, and Morgan. " modified="01/26/2016 03:28:33 PM"/>
 <Dialog id="13680621263383924906" text="Alex has threatened all three. " modified="01/26/2016 03:28:42 PM"/>
 <Dialog id="13680621263383925053" text="Operator. January." modified="01/26/2016 03:31:09 PM" notes="Cutting in. "/>
 <Dialog id="13680621263383925214" text="Morgan does not remember my creation or my programming. Had the Sim Lab experiments continued, much more may have been lost. " modified="01/26/2016 03:34:23 PM"/>
 <Dialog id="13680621263383946255" text="Technically, I only ensured it was blank. Simmons performed the install, though he was unaware." modified="01/26/2016 09:27:20 PM"/>
 <Dialog id="13680621263383946535" text="...and that&apos;s why he suffered no memory loss when the testing resumed; there was no Neuromod implanted to begin with. I see now." modified="01/26/2016 09:30:08 PM" notes="...then picks up volume as he works out what happened"/>
 <Dialog id="13680621263383946889" text="The experiment itself was dangerous and the staff were behaving in an equally reckless manner. " modified="01/27/2016 02:47:27 AM" notes="Calm."/>
 <Dialog id="13680621263383947010" text="Morgan&apos;s life and memory were at stake, Dr. Igwe." modified="01/26/2016 09:37:06 PM" notes="Cold."/>
 <Dialog id="13680621263383947282" text="She directed me to sabotage the Neuromods in the event she became trapped in the simulation, and I followed her orders." modified="11/16/2016 04:47:59 PM" notes="***This line needs to be branched for male version"/>
 <Dialog id="13680621263383969919" text="They are N-CN9 Blackbox Operators, not a rescue team. Rescue is not among their list of commands." modified="01/27/2016 03:58:55 AM" notes="Cold eval."/>
 <Dialog id="13680621263383970863" text="Dr. Igwe, please present your conclusion to Morgan." modified="01/27/2016 04:33:18 AM"/>
 <Dialog id="13680621263383972100" text="There is no one else alive on the station who can pilot the shuttle." modified="01/27/2016 04:35:16 AM"/>
 <Dialog id="13680621263384042102" text="Dr. Igwe." modified="01/28/2016 12:01:58 AM"/>
 <Dialog id="13680621263384042126" text="No, Dr. Igwe. This is January. Morgan has departed the station." modified="01/28/2016 12:02:22 AM"/>
 <Dialog id="13680621263384042313" text="Please enter the pod, Dr. Igwe. I will begin preparations for launch." modified="01/28/2016 12:05:29 AM"/>
 <Dialog id="13680621263384042340" text="That is correct. He has instructed me to get you off the station." modified="01/28/2016 12:05:56 AM" notes="*** This line needs to be branched for female version"/>
 <Dialog id="13680621263384044613" text="Dr. Igwe is correct, Chief Ilyushin. There are no other means off the station." modified="02/12/2016 08:58:20 PM"/>
 <Dialog id="13680621263384044639" text="We must focus our efforts on quarantining the Typhon threat." modified="07/04/2016 05:38:48 PM"/>
 <Dialog id="13680621263384045637" text="Dr. Igwe, this is the only course of action with a significant probability of success. " modified="02/22/2016 08:21:08 PM"/>
 <Dialog id="13680621263384561472" text="I believe it was the time where your medical condition was discussed, Chief Engineer Ilyushin." modified="02/03/2016 12:18:08 AM" notes="Acknowledging, silently hovers in"/>
 <Dialog id="13680621263384561561" text="I am January, Morgan Yu&apos;s personal Operator." modified="02/03/2016 12:19:37 AM"/>
 <Dialog id="13680621263384561666" text="Chief Ilyushin, please do not-" modified="02/03/2016 12:21:22 AM" notes="Cut&apos;s off"/>
 <Dialog id="13680621263384562305" text="Chief Engineer Ilyushin. " modified="02/03/2016 12:32:01 AM" notes="Acknowledging, silently hovers in"/>
 <Dialog id="13680621263384569184" text="Both Alex and Morgan felt you were worth the risk." modified="02/03/2016 02:27:56 AM"/>
 <Dialog id="13680621263384569250" text="Alex is well-informed on numerous matters. And discloses few of them." modified="02/03/2016 02:27:46 AM"/>
 <Dialog id="13680621263384569380" text="Chief Ilyushin ignored my request to desist thirteen times. " modified="02/03/2016 02:29:56 AM"/>
 <Dialog id="13680621263384569688" text="Chief Ilyushin is correct. There are no Typhon Cacoplasmus present." modified="02/03/2016 02:35:49 AM"/>
 <Dialog id="13680621263384623792" text="The decompression occurred due to a detonation in the cargo bay." modified="02/03/2016 05:36:48 PM"/>
 <Dialog id="13680621263384623984" text="That is unlikely, Chief Ilyushin." modified="02/03/2016 05:40:00 PM"/>
 <Dialog id="13680621263384624146" text="That wouldn&apos;t be relevant to my directives. No, thank you." modified="02/03/2016 05:46:53 PM"/>
 <Dialog id="13680621263384625696" text="The truth of that statement is questionable on many levels, Chief Ilyushin. " modified="02/03/2016 06:08:32 PM"/>
 <Dialog id="13680621263384654990" text="Each Volunteer was given an ID number before departure from Earth. " modified="02/04/2016 02:17:06 AM"/>
 <Dialog id="13680621263384655253" text="No. Any threat to the station would have triggered a wipe. But with the disruption in power, the backups in Deep Storage may be intact." modified="02/12/2016 09:08:06 PM"/>
 <Dialog id="13680621263384708980" text="Chief Ilyushin, Morgan has no memory of the log you have listened to." modified="03/22/2017 04:13:27 PM" sync="true"/>
 <Dialog id="13680621263384718288" text="None taken. N-CN-9s are not the same model or class. Their autonomic chips are rated far below viceroy level." modified="02/22/2016 08:30:46 PM"/>
 <Dialog id="13680621263384731505" text="That is correct, Chief Ilyushin. Morgan&apos;s memories were reset with every Neuromod removal. " modified="02/04/2016 11:55:21 PM"/>
 <Dialog id="13680621263384731533" text="He was seeing you for the first time." modified="02/04/2016 11:32:29 PM"/>
 <Dialog id="13680621263384731787" text="I&apos;m afraid not. Any memories since arriving on Talos I are lost. " modified="07/08/2016 08:35:57 PM"/>
 <Dialog id="13680621263384732819" text="She was seeing you for the first time. " modified="02/04/2016 11:53:55 PM"/>
 <Dialog id="13680621263384736159" text="They are N-CN9 Blackbox Operators. Rescue is not among their list of commands." modified="02/05/2016 12:49:35 AM" notes="Cold evaluation."/>
 <Dialog id="13680621263384741286" text="Chief Ilyushin." modified="02/05/2016 02:15:10 AM"/>
 <Dialog id="13680621263384741318" text="No, Chief Ilyushin. This is January. Morgan has departed the station." modified="02/05/2016 02:15:34 AM"/>
 <Dialog id="13680621263384741713" text="Please enter the pod, Chief Ilyushin. I will begin preparations for launch." modified="02/05/2016 02:22:09 AM"/>
 <Dialog id="13680621263384741754" text="Morgan has instructed me to get you off the station." modified="02/05/2016 02:22:50 AM"/>
 <Dialog id="13680621263386007171" text="Morgan - The doors aren&apos;t responding. " modified="05/05/2016 11:20:41 PM"/>
 <Dialog id="13680621263386008129" text="Wait... the Data Vault module you&apos;re in was designed to detach from the station. " modified="05/09/2016 03:50:34 AM"/>
 <Dialog id="13680621263386008228" text="Normally the command to jettison is given externally, but the schematics show a trigger on the inside as well. " modified="02/19/2016 06:34:14 PM"/>
 <Dialog id="13680621263386008233" text="See if you can find it. " modified="02/19/2016 06:21:36 PM"/>
 <Dialog id="13680621263386009676" text="It&apos;s an old system. No maintenance logs. I suspect the process will be... rough. But probably your best shot at getting out." modified="02/19/2016 06:35:27 PM"/>
 <Dialog id="13680621263386362616" text="Use it to scan the Typhon organisms if you want to learn what makes them tick. " modified="02/29/2016 05:04:15 PM"/>
 <Dialog id="13680621263386362623" text="You invented it, by the way." modified="02/23/2016 08:37:19 PM"/>
 <Dialog id="844024417298025610" text="You won&apos;t get into Deep Storage without Danielle Sho&apos;s voice." modified="12/06/2016 07:11:58 PM"/>
 <Dialog id="844024417298527762" text="Danielle&apos;s cabin might be a good place to get started." modified="03/01/2016 03:32:34 PM" notes=""/>
 <Dialog id="13680621263386965869" text="That was a Phantom. Typhon Anthrophantasmus." modified="03/01/2016 08:11:25 PM"/>
 <Dialog id="13680621263386965874" text="Keep moving." modified="03/01/2016 08:11:30 PM"/>
 <Dialog id="13680621263386965959" text="No one has been able to stop the mimics from multiplying since they broke containment." modified="03/01/2016 08:12:55 PM"/>
 <Dialog id="13680621263386965963" text="I&apos;m going to help you stay alive. Just a little further." modified="03/01/2016 08:12:59 PM"/>
 <Dialog id="13680621263386966050" text="Morgan. There. In the foyer. " modified="03/01/2016 08:14:32 PM"/>
 <Dialog id="13680621263386966064" text="Grab the Neuromod you see in the display case. " modified="07/12/2016 05:35:08 PM"/>
 <Dialog id="13680621263386966101" text="Normally it&apos;s a fake, but I swapped in a real one for you." modified="05/02/2016 03:38:04 PM"/>
 <Dialog id="13680621263386966109" text="The Neuromods are critical. You won&apos;t survive without using them to install new aptitudes. " modified="07/12/2016 05:35:11 PM"/>
 <Dialog id="13680621263386966113" text="I&apos;ve already updated your TranScribe with the list you requested. Take a look." modified="03/01/2016 08:15:27 PM"/>
 <Dialog id="13680621263386966298" text="Morgan. Wait. " modified="03/01/2016 08:18:34 PM"/>
 <Dialog id="13680621263386966317" text="There&apos;s a Neuromod you should pick up in the foyer. Check the display case. " modified="07/12/2016 05:35:14 PM"/>
 <Dialog id="13680621263386966453" text="Good. You found the Neuromod." modified="07/12/2016 05:35:15 PM"/>
 <Dialog id="13680621263386966487" text="Normally it&apos;s a fake display, but I swapped in a real one. " modified="03/01/2016 08:21:43 PM"/>
 <Dialog id="13680621263386966816" text="Check the Trauma Center for supplies." modified="03/01/2016 08:27:12 PM"/>
 <Dialog id="13680621263386966890" text="Search the Hardware Labs for spare parts." modified="03/01/2016 08:28:26 PM"/>
 <Dialog id="13680621263386966904" text="Check the Trauma Center." modified="03/01/2016 08:28:40 PM"/>
 <Dialog id="13680621263386967087" text="Check the IT office on the second floor. You could probably bypass the keypad now." modified="03/01/2016 08:31:43 PM"/>
 <Dialog id="13680621263386967161" text="Now - let&apos;s get you to the main Lobby." modified="05/09/2016 03:02:14 AM"/>
 <Dialog id="13680621263386967744" text="Good choice - you&apos;ll have to scavenge to stay healthy." modified="05/05/2016 11:20:53 PM"/>
 <Dialog id="13680621263386968134" text="That&apos;ll be useful if you run into barricades or doors with no power." modified="03/01/2016 08:58:11 PM"/>
 <Dialog id="13680621263386969129" text="Pragmatic. Keep your eyes open for security gear." modified="03/01/2016 09:05:45 PM"/>
 <Dialog id="13680621263386969327" text="Good. You&apos;ll need to be resilient for what&apos;s ahead." modified="03/01/2016 09:09:03 PM"/>
 <Dialog id="13680621263389233341" text="Ms. Elazar&apos;s right to be alarmed, though her assessment is mistaken. Dahl is manipulating the oxygen and nitrogen mixture." modified="04/01/2016 06:27:12 PM"/>
 <Dialog id="13680621263389233431" text="With nitrogen flooding into the atmosphere, anyone in the Cargo Bay will asphyxiate far more quickly than had he simply cut the oxygen." modified="03/28/2016 02:15:56 AM"/>
 <Dialog id="13680621263389234185" text="I suspect they&apos;d already be dead if Dahl weren&apos;t trying to use them to manipulate you. " modified="03/28/2016 02:16:56 AM"/>
 <Dialog id="13680621263389549351" text="Please put down your Transcribe and step away from the terminal." modified="03/31/2016 05:49:27 PM"/>
 <Dialog id="13680621263389549783" text="If you plan on fabricating what you need to stay alive, that&apos;s a good choice." modified="04/01/2016 06:30:52 PM"/>
 <Dialog id="13680621263390763646" text="We can worry about getting Alex&apos;s key afterwards." modified="04/14/2016 07:07:42 PM"/>
 <Dialog id="13680621263390764521" text="Good luck, Morgan." modified="04/14/2016 07:22:17 PM"/>
 <Dialog id="13680621263390765815" text="We should be able to fix your Looking Glass terminal from Dr. Calvino&apos;s workshop." modified="04/14/2016 07:43:51 PM"/>
 <Dialog id="13680621263390766698" text="That should be enough to synthesize Danielle&apos;s voice. Enough to spoof the lock on Deep Storage, anyway." modified="04/15/2016 08:04:45 PM"/>
 <Dialog id="13680621263390767410" text="Welcome to Deep Storage. If Talos I had a subconscious, this would be it." modified="04/15/2016 03:09:15 PM" notes="A little grim. You&apos;re not going to like what you find in here."/>
 <Dialog id="13680621263390767436" text="You&apos;re looking for the Central Repository. That&apos;s where you stashed the drive that has the plan for your  Arming Key. " modified="12/05/2016 09:04:21 PM"/>
 <Dialog id="13680621263390767651" text="Good work. I was worried the drive might have been damaged. " modified="05/03/2016 08:51:01 PM"/>
 <Dialog id="13680621263390767930" text="Morgan, it&apos;s not an accident your brother is the CEO of TranStar. He&apos;s persuasive.  " modified="04/15/2016 05:45:28 PM"/>
 <Dialog id="13680621263390768111" text="Morgan. That video was... I&apos;m still... checking it against my directives." modified="05/19/2016 12:11:57 AM" notes="January&apos;s version of &quot;I&apos;m not sure what to make of it yet.&quot;"/>
 <Dialog id="13680621263390769316" text="Also... I&apos;ve been monitoring noetic field signatures around the station when I can. " modified="04/15/2016 08:27:21 PM"/>
 <Dialog id="13680621263390769760" text="Strange. She&apos;s not showing up on any roster system. " modified="04/14/2016 08:49:36 PM"/>
 <Dialog id="13680621263390769783" text="Look around. Maybe she made contact with some of the other crew." modified="04/14/2016 08:51:11 PM"/>
 <Dialog id="13680621263390769967" text="With humans the signal barely registers. The Typhon make a strong ripple by comparison." modified="04/15/2016 08:33:14 PM"/>
 <Dialog id="13680621263390844957" text="Every dark bit of data that moves through the station is captured here." modified="05/03/2016 08:23:19 PM"/>
 <Dialog id="13680621263390845125" text="That doesn&apos;t mean he&apos;s right." modified="04/15/2016 05:45:41 PM"/>
 <Dialog id="13680621263390845134" text="Don&apos;t forget what he did to you - he abandoned you for weeks in the simulation, living the same day over and over. " modified="05/09/2016 03:49:36 AM"/>
 <Dialog id="13680621263390845244" text="Then he trapped you inside Deep Storage." modified="07/21/2016 01:25:41 AM"/>
 <Dialog id="13680621263390845254" text="The station is overrun with Typhon. People are dead because of his decisions." modified="04/15/2016 09:16:30 PM"/>
 <Dialog id="13680621263390845366" text="Trust the plan you made - take Alex&apos;s Arming Key and destroy Talos I." modified="07/13/2016 04:16:17 PM"/>
 <Dialog id="13680621263390845430" text="Trust the plan you made - fabricate your  Arming Key. Take Alex&apos;s. Then destroy Talos I." modified="12/05/2016 09:04:02 PM"/>
 <Dialog id="13680621263390845633" text="You&apos;re the only one who can do it." modified="04/15/2016 09:17:47 PM"/>
 <Dialog id="13680621263390854603" text="But with the Coral... my instrument readings are... erratic. I&apos;m not sure what it means." modified="04/18/2016 07:47:53 PM"/>
 <Dialog id="13680621263390854886" text="The sooner we get your  Arming Key, the better." modified="12/05/2016 09:03:56 PM"/>
 <Dialog id="13680621263390854972" text="Oh - I should clarify one thing. I said the signal barely registers on humans. But, when I scan you, it&apos;s on the level of a Typhon. " modified="05/09/2016 03:51:00 AM"/>
 <Dialog id="13680621263390856843" text="Well done finding Chief Sho. You&apos;ve got what you need to get into Deep Storage." modified="04/15/2016 09:02:27 PM"/>
 <Dialog id="13680621263390859047" text="Redundant backup servers are stored in modules that eject in the event of a catastrophic failure." modified="05/03/2016 08:28:31 PM"/>
 <Dialog id="13680621263390859197" text="He never liked the idea of bouncing sensitive data off satellites, no matter how good the encryption." modified="04/15/2016 09:40:13 PM"/>
 <Dialog id="13680621263390859802" text="You can use Chief Sho&apos;s workstation to download the fabrication plan." modified="05/03/2016 08:52:38 PM"/>
 <Dialog id="13680621263390859816" text="Then we can reconstruct your  Arming Key." modified="12/05/2016 09:03:59 PM"/>
 <Dialog id="13680621263390860738" text="but if scanning the Coral will grant you access to Alex&apos;s  Arming Key, then perhaps it&apos;s the best course. " modified="12/05/2016 09:04:26 PM"/>
 <Dialog id="13680621263390860742" text="Perhaps knowing the Coral&apos;s purpose will reinforce your decision to destroy Talos I.  " modified="04/15/2016 10:06:07 PM"/>
 <Dialog id="13680621263390860825" text="Just be careful. We&apos;re running out of time." modified="04/15/2016 10:07:21 PM"/>
 <Dialog id="13680621263390860996" text="This isn&apos;t the first time a Typhon organism has broken containment. It happened before, shortly after your initial Neuromod tests." modified="03/23/2017 10:39:04 PM"/>
 <Dialog id="13680621263390861005" text="You and Alex fought about terminating the project. Evacuating. But Alex insisted he could control the situation.  " modified="04/15/2016 10:12:42 PM"/>
 <Dialog id="13680621263390861013" text="That&apos;s when you began implementing secret contingencies - hiding the plan for your  Arming Key, videos, the January protocol.   " modified="12/05/2016 09:03:44 PM"/>
 <Dialog id="13680621263390861017" text="Your concerns have proven to be correct." modified="07/12/2016 05:25:29 PM"/>
 <Dialog id="13680621263391365997" text="The atrium to the labs is locked. You could look for the keycard... but there are probably other ways in." modified="04/21/2016 06:38:26 PM"/>
 <Dialog id="13680621263391366091" text="And you&apos;ve always been good at improvising." modified="04/25/2016 08:54:26 PM"/>
 <Dialog id="13680621263392057137" text="I&apos;m sorry, Morgan. You&apos;ve been aboard this space station for over three years. There&apos;s a video you need to see. Come to your office." modified="04/29/2016 06:28:10 PM" notes="Lobby Progression"/>
 <Dialog id="13680621263392058093" text="Careful. I&apos;ve updated your TranScribe with a map of the station to help you navigate." modified="04/29/2016 06:43:58 PM" notes="Lobby Progression"/>
 <Dialog id="13680621263392062264" text="Careful. You need to get to your office. I&apos;ve updated your map. There&apos;s a video you need to see." modified="05/02/2016 03:50:09 PM" notes="Lobby Progression"/>
 <Dialog id="13680621263392063181" text="Welcome back. This has been your home for the last three years. The video should be on your workstation." modified="04/29/2016 08:16:38 PM" notes="Lobby Progression"/>
 <Dialog id="13680621263392306987" text="I know you have a lot of questions." modified="05/02/2016 03:50:06 PM" notes="Lobby Progression"/>
 <Dialog id="13680621263392383238" text="The fact that they haven&apos;t yet is telling of Alex&apos;s refusal to face reality." modified="05/03/2016 08:28:48 PM"/>
 <Dialog id="13680621263392409217" text="I&apos;ll see if I can find a way out of here in the meantime." modified="11/18/2016 09:23:05 PM"/>
 <Dialog id="13680621263392411363" text="You can use the Chief Archivist&apos;s workstation to download the fabrication plan." modified="05/03/2016 08:51:54 PM"/>
 <Dialog id="13680621263392583562" text="Hello, Dr. Yu." modified="05/05/2016 08:39:38 PM"/>
 <Dialog id="13680621263394907614" text="The self-destruct protocol for Talos I is activated by two Arming Keys. Your brother has the first. You had the second." modified="10/06/2016 03:55:32 PM"/>
 <Dialog id="13680621263394907716" text="That&apos;s where you need to go next. " modified="06/01/2016 06:15:32 PM"/>
 <Dialog id="13680621263395080758" text="Hello, Morgan. It&apos;s time we spoke. My code name - is December. My purpose is to help you escape Talos I." modified="07/08/2016 08:35:31 PM" notes="(December)"/>
 <Dialog id="13680621263395080774" text="I know your memory&apos;s shot full of holes, but you left instructions if the Typhon should break containment." modified="06/03/2016 06:19:50 PM" notes="(December)"/>
 <Dialog id="13680621263395080794" text="Alex has a private escape pod. You made a copy of his launch key and hid it in the Neuromod Division, along with a supply cache." modified="11/16/2016 05:47:27 PM" notes="(December)"/>
 <Dialog id="13680621263395080841" text="I&apos;ll transmit the location to your map." modified="06/03/2016 06:20:57 PM"/>
 <Dialog id="13680621263395080857" text="I&apos;ll contact you again when you have the key." modified="06/03/2016 06:22:26 PM" notes="(December)"/>
 <Dialog id="13680621263395081029" text="That&apos;s unfortunate. We&apos;ll have to improvise." modified="06/03/2016 06:24:05 PM" notes="(December)"/>
 <Dialog id="13680621263395081046" text="Meet me back in the foyer.  " modified="06/03/2016 06:24:39 PM" notes="(December)"/>
 <Dialog id="13680621263395081132" text="Your office isn&apos;t safe." modified="06/03/2016 06:25:48 PM" notes="(December)"/>
 <Dialog id="13680621263395081875" text="Who are you?" modified="06/03/2016 06:38:11 PM" notes="(December) Firm. Suspicious. "/>
 <Dialog id="13680621263395082028" text="Please identify-" modified="07/08/2016 08:36:42 PM" notes="(December) (Zapped to death)"/>
 <Dialog id="13680621263395082493" text="Morgan. That Operator was an earlier, defective model. Or something worse. Alex, the Typhon, they&apos;re all working against you." modified="07/08/2016 08:37:33 PM"/>
 <Dialog id="13680621263395082501" text="Or something worse. Alex, the Typhon, they&apos;re all working against you." modified="06/03/2016 06:48:37 PM"/>
 <Dialog id="13680621263395082515" text="Trust yourself - trust the video you made." modified="07/15/2016 12:29:44 AM"/>
 <Dialog id="13680621263395082523" text="We need to get the Arming Keys and destroy Talos I before it&apos;s too late." modified="06/03/2016 06:48:59 PM"/>
 <Dialog id="13680621263395082932" text="The Typhon have already demonstrated an ability to... distort technology including Operator programming." modified="07/08/2016 08:37:46 PM"/>
 <Dialog id="13680621263395082941" text="Get to Deep Storage, Morgan. You need your Arming Key." modified="06/03/2016 06:55:57 PM"/>
 <Dialog id="13680621263395082972" text="I understand if you feel... uncertain. I&apos;ll do everything in my power to help you and keep you safe." modified="06/03/2016 06:56:28 PM"/>
 <Dialog id="13680621263395083039" text="Head to Deep Storage. The more you see of Talos I, the more you&apos;ll understand why you made the decision to destroy everything." modified="06/03/2016 06:57:35 PM"/>
 <Dialog id="13680621263395083233" text="If it&apos;s not obvious already." modified="06/03/2016 07:00:49 PM"/>
 <Dialog id="13680621263395083264" text="I&apos;ll contact you again, later." modified="06/03/2016 07:01:20 PM"/>
 <Dialog id="4349723564939010770" text="I&apos;m aware that you&apos;ve primed the Arming Keys  to destroy Talos I, so I find the activation of this Null Wave Transmitter station... puzzling." modified="07/27/2016 10:26:08 PM"/>
 <Dialog id="14538910657198856475" text="Dr. Igwe." modified="07/04/2016 05:12:59 PM"/>
 <Dialog id="14538910657198856592" text="I am January, Morgan Yu&apos;s personal Operator." modified="07/04/2016 05:14:56 PM"/>
 <Dialog id="14538910657198856810" text="If you are referring to the Typhon infestation of Talos I, Dr. Igwe, you are correct. You are one of the few survivors. " modified="07/04/2016 05:18:34 PM"/>
 <Dialog id="14538910657198857007" text="You have authorization to work at the station, Dr. Igwe, and manufacture anything that will assist Morgan in containing the Typhon." modified="07/04/2016 05:21:51 PM"/>
 <Dialog id="14538910657198857618" text="Dr. Igwe." modified="07/04/2016 05:32:02 PM"/>
 <Dialog id="14538910657198858492" text="There&apos;s a number of responses I could make to this, Chief Ilyushin, but we are pressed for time and Dr. Igwe is already showing signs of anxiety and disorientation." modified="07/04/2016 05:46:36 PM"/>
 <Dialog id="13680621263397831826" text="Every airlock has a manual seal you&apos;ll have to disengage before you can spacewalk." modified="07/05/2016 06:32:31 PM" notes="Airlock comment"/>
 <Dialog id="13680621263397831841" text="While engineered as a safety measure - it&apos;s irrelevant when the enemy is already inside the station." modified="07/08/2016 08:36:35 PM" notes="Airlock comment (wry)"/>
 <Dialog id="13680621263397831869" text="If you do go out there, I wouldn&apos;t stray far - the Typhon may have spread to the exterior." modified="07/05/2016 06:33:13 PM" notes="Airlock comment"/>
 <Dialog id="13680621263397831919" text="And remember, other airlocks you find will have to be opened from the inside first." modified="07/05/2016 02:32:15 PM" notes="Airlock comment"/>
 <Dialog id="13680621263397831937" text="Last thing - you don&apos;t have a propulsion system for your suit yet. You&apos;ll need one to maneuver." modified="07/05/2016 02:32:33 PM" notes="Airlock comment"/>
 <Dialog id="13680621263397832625" text="That airlock won&apos;t open until you disengage the manual seal on the inside.  " modified="07/05/2016 02:44:01 PM" notes="Airlock comment."/>
 <Dialog id="13680621263397832628" text="Probably for the best. You won&apos;t know what you&apos;re getting into until it&apos;s too late." modified="07/05/2016 02:44:04 PM" notes="Airlock comment."/>
 <Dialog id="13680621263397832715" text="Wait. Something&apos;s wrong. I&apos;m talking to the lift control system... " modified="07/05/2016 02:45:31 PM" notes="Detour"/>
 <Dialog id="13680621263397832759" text="Hmm, the system is telling me it&apos;s fine. It&apos;s just... the diagnostic code is changing everytime I make a request. " modified="07/05/2016 06:42:25 PM" notes="Detour"/>
 <Dialog id="13680621263397832769" text="I&apos;ll see if I can find another way up." modified="07/05/2016 02:46:25 PM" notes="Detour"/>
 <Dialog id="13680621263397832924" text="You&apos;re heading to Psychotronics?" modified="07/05/2016 02:49:00 PM"/>
 <Dialog id="13680621263397832955" text="That&apos;s - wait. Okay, I see - did you already know about the main lift?" modified="07/05/2016 02:49:38 PM"/>
 <Dialog id="13680621263397832967" text="It&apos;s malfunctioning. I&apos;m not sure why, but the car is stuck at the top." modified="07/05/2016 02:49:51 PM"/>
 <Dialog id="13680621263397833070" text="The main lift is the fastest way to reach Deep Storage." modified="12/05/2016 08:25:29 PM"/>
 <Dialog id="13680621263397833369" text="While you&apos;re up there you could look into why the lift is stuck. It&apos;d be a lot faster - and safer - than having to fly through the GUTs again." modified="11/16/2016 05:02:26 PM"/>
 <Dialog id="13680621263397833655" text="Morgan. That Typhon is an unknown type - from what I can tell... it&apos;s the source of the problem with the lift." modified="07/05/2016 06:45:24 PM" notes="Technopath"/>
 <Dialog id="13680621263397833700" text="The phantom you unleashed in Psychotronics had similar disruptive abilities, only this one seems more powerful." modified="07/05/2016 03:02:27 PM" notes="Technopath"/>
 <Dialog id="13680621263397833705" text="Scanning it would tell you more." modified="07/05/2016 03:02:01 PM" notes="Technopath"/>
 <Dialog id="13680621263397833779" text="Nice work. The lift is responding again." modified="07/05/2016 03:05:08 PM" notes="Technopath"/>
 <Dialog id="13680621263397833910" text="That Typhon hijacked the hardware - even the software running the system - all the way down to the machine code. Reprogramming it on the fly." modified="07/05/2016 03:05:26 PM" notes="Technopath"/>
 <Dialog id="13680621263397833916" text="Fascinating... and alarming." modified="07/05/2016 03:05:32 PM" notes="Technopath"/>
 <Dialog id="13680621263397833930" text="I can patch up the code. You should be fine." modified="10/24/2016 06:03:03 PM" notes="Technopath"/>
 <Dialog id="13680621263397833937" text="Take the lift if you need to move quickly between the three main decks on Talos I." modified="07/05/2016 03:06:06 PM" notes="Technopath"/>
 <Dialog id="13680621263397833952" text="It has a stop in the Lobby and down in Life Support." modified="07/05/2016 03:06:08 PM" notes="Technopath"/>
 <Dialog id="13680621263397836404" text="Getting around is going to be a problem - the main lift is broken." modified="12/05/2016 08:24:50 PM" notes="Detour"/>
 <Dialog id="13680621263397836436" text="I&apos;ll let you know if I find a workaround." modified="07/05/2016 03:47:32 PM" notes="Detour"/>
 <Dialog id="13680621263397836635" text="Unfortunately, I wasn&apos;t able to fix the lift from here." modified="07/05/2016 03:50:51 PM"/>
 <Dialog id="13680621263397846941" text="And something is preventing the car from descending. It&apos;s stuck at the top, in the Arboretum." modified="07/05/2016 06:42:37 PM"/>
 <Dialog id="13680621263397857838" text="Looks like you&apos;ve already got a propulsion system, so you should be fine maneuvering." modified="07/05/2016 09:44:14 PM"/>
 <Dialog id="14538910657199629817" text="Morgan. I believe there may be a way to bypass Alex&apos;s lockdown and get you access to the main lift and external airlocks." modified="07/13/2016 08:32:46 PM" notes=""/>
 <Dialog id="14538910657199629990" text="It&apos;ll mean a return visit to the Power Plant - there, you&apos;ll need to reboot the station from a control panel in the main reactor. Doing this may reset the lift and airlock systems." modified="07/13/2016 08:38:16 PM"/>
 <Dialog id="14538910657199630089" text="It&apos;s a shame Chief Ilyushin didn&apos;t make it - she could have guided you through the procedure. It&apos;s a risk - but many more will die if you can&apos;t regain control of Talos I." modified="07/13/2016 08:41:53 PM" notes="[RICARDO SCRIPT: Mikhaila died of lack of medicine. Optional.]Matter-of-fact, not critical."/>
 <Dialog id="14538910657199630310" text="It&apos;s unfortunate you... disposed... of Chief Ilyushin, she could&apos;ve helped you. We&apos;ll need to make do without her." modified="07/13/2016 08:43:41 PM" notes="[RICARDO SCRIPT: Mikhaila died at Morgan&apos;s hands. Optional.]Matter-of-fact, not critical."/>
 <Dialog id="13680621263398552093" text="Did you find something interesting?" modified="07/13/2016 10:36:29 PM" notes="Concern. &quot;Whatever you found, you should prob ignore it.&quot;"/>
 <Dialog id="13680621263398557417" text="You found it. I knew you would. Come to the Escape Pod." modified="07/19/2016 08:06:13 PM" notes="(December)"/>
 <Dialog id="13680621263398561423" text="Your brother is determined to keep you aboard the station." modified="07/19/2016 06:36:51 PM" notes="(December)"/>
 <Dialog id="13680621263398561542" text="Alex&apos;s escape pod will see you safely to Earth." modified="07/19/2016 08:11:26 PM" notes="(December)"/>
 <Dialog id="13680621263398561612" text="Alex can&apos;t be trusted. That fact, and your own self-preservation are what inform my directive to help you escape." modified="07/19/2016 06:51:02 PM" notes="(December)"/>
 <Dialog id="13680621263398561621" text="You should go. I&apos;ll contact you when you&apos;ve made it to Alex&apos;s office." modified="07/19/2016 06:59:20 PM" notes="(December)"/>
 <Dialog id="13680621263398561625" text="I have the sense that whatever affection once existed between you and your brother vanished once testing of the Typhon based Neuromods began." modified="07/19/2016 06:54:17 PM" notes="(December)"/>
 <Dialog id="13680621263398644894" text="Morgan - where are you going? You won&apos;t be able to use Alex&apos;s escape pod without - wait..." modified="07/15/2016 12:32:58 AM" notes="(december)"/>
 <Dialog id="13680621263398645209" text="Please identify--(circuits overloading, explosion)" modified="07/15/2016 12:27:05 AM" notes="(december) January killed December off-screen"/>
 <Dialog id="13680621263398645465" text="Morgan. This is January." modified="07/15/2016 12:33:51 AM"/>
 <Dialog id="13680621263398645687" text="That Operator was an earlier, defective model. Or something worse. Alex, the Typhon, they&apos;re all working against you." modified="07/15/2016 12:35:03 AM"/>
 <Dialog id="13680621263398646208" text="Morgan - where are you going? You won&apos;t be able to use Alex&apos;s escape pod without the key card. " modified="07/15/2016 12:44:45 AM" notes="(December)"/>
 <Dialog id="13680621263398646253" text="Morgan--it&apos;s December. Your window to escape is closing fast." modified="07/19/2016 08:15:08 PM" notes="(December)"/>
 <Dialog id="13680621263398646293" text="Come back to the Neuromod Division. It&apos;s your only hope of getting off Talos I alive." modified="07/15/2016 12:45:09 AM" notes="(December)"/>
 <Dialog id="13680621263398696970" text="Morgan--I checked. The key isn&apos;t where you hid it anymore. Did you know that already? You should search Alex&apos;s room next." modified="11/18/2016 09:23:50 PM" notes="(December)"/>
 <Dialog id="13680621263398697060" text="Still no escape pod key. You&apos;ll have to search your brother&apos;s room. " modified="09/02/2016 07:28:02 PM"/>
 <Dialog id="13680621263398697895" text="Alex&apos;s office is in the Arboretum. " modified="07/19/2016 07:10:01 PM"/>
 <Dialog id="13680621263399056208" text="Your receptivity to the Typhon based neuromods makes you indispensable to his plans. " modified="12/05/2016 08:40:16 PM"/>
 <Dialog id="13680621263399056260" text="Fortunately, you anticipated he might discover your attempt to leave the station. I&apos;m giving you the code to a safe in Alex&apos;s office." modified="07/19/2016 07:04:45 PM"/>
 <Dialog id="13680621263399056282" text="You should look there for his Escape Pod Key." modified="07/19/2016 06:46:30 PM"/>
 <Dialog id="13680621263399057393" text="The Typhon are implacable. They cannot be reasoned with--nor do we possess the means to subdue them." modified="07/19/2016 06:56:49 PM" notes="(December)"/>
 <Dialog id="13680621263399060204" text="But hurry... the Typhon aren&apos;t slowing down. The coral substance is spreading across the station and we still have no concept of what it does." modified="02/03/2017 12:54:22 AM" notes="(December)"/>
 <Dialog id="13680621263399061573" text="None of this is your responsibility anymore." modified="07/19/2016 08:06:29 PM" notes="(December)"/>
 <Dialog id="13680621263399061878" text="You&apos;ll likely be the only survivor from Talos I, therefore I&apos;ve loaded as much data as I could onto your TranScribe. " modified="07/19/2016 08:13:13 PM" notes="(December)"/>
 <Dialog id="13680621263399061896" text="It is of course, your prerogative to disseminate it as you see fit, or to destroy it." modified="02/03/2017 12:54:33 AM" notes="(December)"/>
 <Dialog id="13680621263399061908" text="My last directive is to self-terminate. " modified="07/19/2016 08:12:04 PM" notes="(December)"/>
 <Dialog id="13680621263399061920" text="Good bye, Morgan." modified="07/19/2016 08:12:16 PM" notes="(December)"/>
 <Dialog id="13680621263399061929" text="You should stand back." modified="07/19/2016 08:12:25 PM" notes="(December)"/>
 <Dialog id="13680621263399062320" text="You bear some responsibility for what&apos;s happened here - but not all of it. At least with your brother&apos;s escape pod you&apos;ll live long enough to consider other options." modified="07/19/2016 08:23:28 PM" notes="(December)"/>
 <Dialog id="13680621263399062522" text="Staying aboard Talos I is suicide." modified="07/19/2016 08:23:33 PM" notes="(December)"/>
 <Dialog id="13680621263399140210" text="Morgan." modified="07/20/2016 05:57:06 PM" notes="Acknowledgement. Like a head nod."/>
 <Dialog id="13680621263399144466" text="Thank you, Morgan." modified="07/20/2016 07:08:02 PM"/>
 <Dialog id="13680621263399144514" text="System restored. January protocol... online. I&apos;m back." modified="07/20/2016 07:17:28 PM"/>
 <Dialog id="13680621263399144531" text="That was not pleasant." modified="07/20/2016 07:09:31 PM"/>
 <Dialog id="13680621263399144774" text="Shutting down." modified="07/20/2016 07:13:10 PM"/>
 <Dialog id="13680621263399144829" text="Critical failure." modified="07/20/2016 07:14:05 PM"/>
 <Dialog id="13680621263399144935" text="Critical repairs needed." modified="07/20/2016 07:16:08 PM"/>
 <Dialog id="13680621263399144968" text="Please contact (error sounds) Morgan Yu." modified="07/20/2016 07:16:24 PM"/>
 <Dialog id="13680621263399166547" text="I&apos;ve been thinking about the video Alex showed you." modified="07/21/2016 01:16:18 AM"/>
 <Dialog id="13680621263399166587" text="Your brother believes that version of you is the true Morgan. But why? Just because it came first?" modified="07/21/2016 01:16:46 AM" notes="Ephasis on THAT"/>
 <Dialog id="13680621263399166613" text="If someone had made you - then I suppose your truest self would be the one that fulfills whatever purpose your maker intended." modified="07/21/2016 01:20:41 AM"/>
 <Dialog id="13680621263399166625" text="I know who made me, and why.  " modified="07/21/2016 01:17:21 AM"/>
 <Dialog id="13680621263399166633" text="Did someone make you, Morgan? Were you made for something?" modified="07/21/2016 01:22:15 AM" notes="Emphasis FOR"/>
 <Dialog id="13680621263399166642" text="If not, you&apos;ll have to invent your own purpose. Or have none at all." modified="07/21/2016 01:19:40 AM"/>
 <Dialog id="13680621263399166652" text="Strangely, of all the things I know about you, I don&apos;t know what you believe." modified="07/21/2016 01:17:48 AM"/>
 <Dialog id="13680621263399166656" text="You have to decide, Morgan. Who are you?" modified="07/21/2016 01:17:51 AM"/>
 <Dialog id="13680621263399167478" text="Morgan? I&apos;ve been wondering if it might be bothering you that you planned your own death. It&apos;s a lot to swallow." modified="07/21/2016 03:22:32 AM" notes="Trying to convey sympathy."/>
 <Dialog id="13680621263399167490" text="My advice would be - try not to think about the end. Focus on what&apos;s in front of you. One step at a time." modified="07/21/2016 01:32:47 AM" notes="Trying to convey sympathy."/>
 <Dialog id="13680621263399167500" text="I&apos;m here, if you need help." modified="07/21/2016 01:31:56 AM" notes="Lower, slower."/>
 <Dialog id="13680621263399168172" text="Back in the sixties and seventies, the first research teams tried to communicate with the Typhon. But this proved impossible." modified="07/21/2016 02:44:16 PM"/>
 <Dialog id="13680621263399168221" text="Their cerebral structures are highly developed and intentional, but somehow... unapproachable." modified="07/21/2016 01:45:48 AM"/>
 <Dialog id="13680621263399168230" text="They have no speech of their own, no language. They don&apos;t seem to even see us. Not like we see ourselves, I mean." modified="08/14/2016 09:15:19 PM" notes="Emphasis on SEE"/>
 <Dialog id="13680621263399168235" text="I&apos;m generalizing when I say us, of course I&apos;m not a person. Not like you." modified="07/21/2016 01:44:11 AM"/>
 <Dialog id="13680621263399168929" text="This might sound strange coming from me - but, I admire what you did. You didn&apos;t have to help Chief Elazar and her people in the Cargo Bay." modified="07/21/2016 01:55:47 AM"/>
 <Dialog id="13680621263399168942" text="Especially considering. . . well, considering you intend to destroy the station. You gave them some hope. Even if it&apos;s brief. " modified="07/21/2016 01:55:58 AM"/>
 <Dialog id="13680621263399169044" text="The situation in Cargo Bay was difficult. You had to get through that door, one way or the other." modified="07/21/2016 01:57:40 AM"/>
 <Dialog id="13680621263399169057" text=" It&apos;s just...  regrettable others had to suffer as a result. What you&apos;re doing will prove to be for the best in the long run. " modified="07/21/2016 01:58:43 AM"/>
 <Dialog id="13680621263399169061" text="Chief Elazar would have agreed, I think, as long as she wasn&apos;t still aboard. Which she isn&apos;t... anymore." modified="10/24/2016 05:45:42 PM"/>
 <Dialog id="13680621263399169234" text="You found Dr. Igwe. He worked in the Simulation Lab and in Psychotronics." modified="07/21/2016 02:00:50 AM"/>
 <Dialog id="13680621263399169244" text="He might be helpful, but he&apos;s unlikely to approve of your mission, despite everything he&apos;s suffered. " modified="07/21/2016 02:01:00 AM"/>
 <Dialog id="13680621263399169275" text="Though, I will note he&apos;s always admired you and Alex quite a bit." modified="02/02/2017 09:18:51 PM"/>
 <Dialog id="13680621263399169364" text="You don&apos;t remember her. But she remembers you." modified="07/21/2016 02:03:00 AM"/>
 <Dialog id="13680621263399169377" text="She hid her condition to work aboard Talos I. When you found out, she should have been sent back to Earth. " modified="07/21/2016 02:04:55 AM"/>
 <Dialog id="13680621263399169386" text="But you made an exception. I&apos;m not sure if that makes you... responsible... now." modified="07/21/2016 02:05:30 AM"/>
 <Dialog id="13680621263399169390" text="She won&apos;t last long without her medication. It&apos;s up to you if you want to help her." modified="07/21/2016 02:05:25 AM"/>
 <Dialog id="13680621263399169568" text="I wondered how you would react to finding Mikhaila. You risked your life to help her." modified="07/21/2016 02:06:24 AM"/>
 <Dialog id="13680621263399169580" text=" It makes me think the Neuromod extraction didn&apos;t erase everything. Not completely." modified="07/21/2016 02:06:36 AM"/>
 <Dialog id="13680621263399169591" text="Perhaps particularly strong memories still leave faint impressions. Intuitive feelings. Or maybe you&apos;re simply more compassionate that I expected." modified="07/21/2016 02:06:50 AM"/>
 <Dialog id="13680621263399169652" text="Are you sure it wouldn&apos;t have been better to..." modified="07/21/2016 02:08:00 AM"/>
 <Dialog id="13680621263399169668" text="I don&apos;t mean to be insensitive, but when she finds out you intend to destroy Talos I, she might react strongly given that there&apos;s no way off the station." modified="07/21/2016 02:08:08 AM"/>
 <Dialog id="13680621263399169750" text="I&apos;m sorry about Mikhaila. I wondered how you would react to finding her. " modified="07/21/2016 02:10:08 AM"/>
 <Dialog id="13680621263399169765" text="It confirms what I thought - the Neuromod extraction process leaves no trace of your former memories. Even particularly strong ones." modified="07/21/2016 02:10:37 AM"/>
 <Dialog id="13680621263399169770" text="Either that, or you&apos;re determined to ignore distractions." modified="07/21/2016 02:10:40 AM"/>
 <Dialog id="13680621263399170281" text="It&apos;s by design that I can predict what you&apos;re going to do fairly often..." modified="07/21/2016 02:18:17 AM"/>
 <Dialog id="13680621263399170310" text="And yet... this turn of events with Dahl - I&apos;m impressed and surprised you&apos;ve managed to find a way to get remaining crew off the station." modified="07/21/2016 02:22:10 AM"/>
 <Dialog id="13680621263399170480" text="I have no doubt they&apos;ll remember your sacrifice." modified="07/21/2016 02:21:36 AM"/>
 <Dialog id="13680621263399170953" text="It won&apos;t work. It&apos;s part of your brother&apos;s lockdown. The main lift and every exterior airlock. You&apos;re stuck until you can do something about it." modified="07/21/2016 02:29:29 AM"/>
 <Dialog id="13680621263399170958" text="He&apos;s trying to slow you down, Morgan. And putting everyone at risk in the process." modified="07/21/2016 02:29:34 AM"/>
 <Dialog id="13680621263399209111" text="Morgan. The Coral is spreading to other parts of the station." modified="07/21/2016 01:05:50 PM"/>
 <Dialog id="13680621263399209130" text="I doubt the Typhon are just going to keep building it indefinitely - it must have some end purpose." modified="07/21/2016 01:05:46 PM"/>
 <Dialog id="13680621263399209332" text="The discoveries made aboard Talos I seem to validate some form of... panpsychism." modified="07/21/2016 01:09:08 PM"/>
 <Dialog id="13680621263399209346" text="Consciousness is a fundamental force that exists everywhere to one degree or another." modified="07/21/2016 01:09:22 PM"/>
 <Dialog id="13680621263399209399" text="It&apos;s seems plausible then, that an organism evolved which is able to metabolize complex forms of consciousness.  " modified="07/21/2016 01:10:15 PM"/>
 <Dialog id="13680621263399210511" text="Yes." modified="07/21/2016 01:28:47 PM"/>
 <Dialog id="13680621263399210641" text="Perhaps the Coral is a kind of resevoir of all the energy the Typhon have been... accumulating." modified="07/21/2016 01:44:11 PM"/>
 <Dialog id="13680621263399211671" text="You believe the Typhon are building a disembodied mind?" modified="07/21/2016 01:48:07 PM"/>
 <Dialog id="13680621263399215780" text="We don&apos;t have much time, Morgan." modified="07/21/2016 03:07:34 PM"/>
 <Dialog id="13680621263399216546" text="This is it. Either you destroy Talos I, or that creature destroys us." modified="07/21/2016 03:09:22 PM"/>
 <Dialog id="13680621263399216586" text="In some ways, I wonder if Dahl is worse than the Typhon." modified="07/21/2016 03:10:02 PM"/>
 <Dialog id="13680621263399499406" text="Morgan. Did you hesitate... at all?" modified="07/24/2016 09:45:54 PM"/>
 <Dialog id="13680621263399499418" text=" I&apos;m sure he wasn&apos;t a good man, but... could you have done otherwise, given the opportunity?" modified="07/24/2016 09:45:58 PM"/>
 <Dialog id="13680621263399499431" text="The Typhon can only kill and destroy. But -  you&apos;re human. You have a choice. " modified="07/24/2016 09:46:05 PM"/>
 <Dialog id="13680621263399499475" text="I&apos;m sure he wasn&apos;t a good man, but you freed him anyway." modified="07/24/2016 09:44:51 PM"/>
 <Dialog id="13680621263399499484" text="I&apos;m curious if it was compassion, or was there some other motive? I can only act in ways that advance my directive. " modified="07/24/2016 09:45:02 PM" notes="Emphasis on &quot;I&quot;"/>
 <Dialog id="13680621263399501372" text="Morgan, don&apos;t. I&apos;m only a shallow copy of you and I know better than to abandon Talos I." modified="07/24/2016 10:17:37 PM"/>
 <Dialog id="13680621263399501380" text="If you leave now, you&apos;re only delaying the inevitable. Where do you think the Typhon will go next? " modified="07/24/2016 10:16:36 PM"/>
 <Dialog id="13680621263399756331" text="But you already knew that. It was your idea." modified="07/27/2016 09:05:47 PM"/>
 <Dialog id="13680621263399756743" text="You know how Neuromods are made. The demand will only increase. In the future Alex envisions, many will die for the benefit of a privileged few." modified="02/17/2017 09:42:45 PM"/>
 <Dialog id="13680621263399758971" text="Your mind is free of significant Typhon Neuromods. I believe the risk you pose to Earth is minimal." modified="07/27/2016 09:50:05 PM"/>
 <Dialog id="13680621263399759004" text="However - despite my belief - I cannot act against my directives." modified="07/27/2016 09:50:31 PM"/>
 <Dialog id="13680621263399759108" text="In fact I&apos;ve already confiscated the keycard to Alex&apos;s private escape pod. It&apos;s in my storage compartment." modified="07/27/2016 09:52:04 PM"/>
 <Dialog id="13680621263399759169" text="If I were to suffer irreparable system damage, I would be unable to interfere with your escape." modified="07/27/2016 09:53:05 PM" notes="It might interest you to know..."/>
 <Dialog id="13680621263399759193" text="I just wanted you to know that..." modified="07/27/2016 09:53:29 PM" notes="Slow, deliberate... almost sad."/>
 <Dialog id="13680621263399759217" text="Good bye, Morgan." modified="07/27/2016 09:53:53 PM" notes="Slow, deliberate... almost sad."/>
 <Dialog id="13680621263399760236" text="On the other hand..." modified="07/27/2016 10:10:52 PM"/>
 <Dialog id="13680621263399760292" text="You already have the keycard to Alex&apos;s escape pod." modified="11/16/2016 05:01:50 PM"/>
 <Dialog id="13680621263401328439" facefx="0" sync="0" notes="" text="I disagree strongly with people who advocate for the removal of instructive consequences because they want to live in a world where no personal pleasure is ever denied." modified="08/15/2016 01:48:21 AM"/>
 <Dialog id="13680621263402792071" facefx="0" sync="0" notes="" text="The key on your desk will get you into the Hardware labs." modified="09/01/2016 12:23:10 AM"/>
 <Dialog id="13680621263403276149" text=" I&apos;ll transmit the location to your map." modified="09/06/2016 03:09:29 PM" notes="(December)"/>
 <Dialog id="13680621263403298136" text="I&apos;m sending you the code to the reactor room." modified="09/06/2016 08:55:52 PM"/>
 <Dialog id="13680621263403298232" text="I&apos;m sending you the code to the reactor room." modified="09/06/2016 08:57:28 PM"/>
 <Dialog id="577514304977668344" facefx="0" sync="0" notes="(December) Get player&apos;s attention." text="Morgan." modified="04/06/2017 06:29:38 PM"/>
 <Dialog id="577514304977668353" facefx="0" sync="0" notes="(December) Get player&apos;s attention." text="Over here." modified="04/06/2017 06:29:44 PM"/>
</Dialog>