
<Dialog>
 <Dialog id="13680621263385258187" text="Exiting slow-wave sleep..." modified="02/11/2016 01:50:03 AM"/>
 <Dialog id="13680621263385258194" text="No Selector found. Framing new neural imprint..." modified="05/03/2016 03:49:36 AM"/>
 <Dialog id="13680621263385258204" text="Imprint complete. Linking Cazavor Hybrotic Munition System to Selector M. Yu." modified="05/03/2016 03:45:47 AM"/>
 <Dialog id="13680621263385258210" text="Cazavor... is awake." modified="04/22/2016 03:57:47 PM"/>
 <Dialog id="13680621263385261742" text="Cazavor, ready to kill." modified="04/22/2016 04:01:44 PM"/>
 <Dialog id="13680621263385261761" text="Initializing Cazavor HMS." modified="04/22/2016 04:01:54 PM"/>
 <Dialog id="13680621263385261768" text="Cazavor, ready." modified="04/22/2016 04:02:02 PM"/>
 <Dialog id="13680621263385261775" text="Cazavor awake." modified="04/22/2016 07:31:56 PM"/>
 <Dialog id="13680621263385261781" text="Selector M. Yu, link established. " modified="02/11/2016 02:49:57 AM"/>
 <Dialog id="13680621263385262764" text="Acquiring..." modified="04/22/2016 09:36:51 PM"/>
 <Dialog id="13680621263385262769" text="Locked." modified="02/11/2016 03:27:11 AM"/>
 <Dialog id="13680621263385262775" text="Hit." modified="02/11/2016 03:06:31 AM"/>
 <Dialog id="13680621263385262782" text="Target killed." modified="04/22/2016 08:59:28 PM"/>
 <Dialog id="13680621263385262787" text="Missed." modified="02/11/2016 03:06:43 AM"/>
 <Dialog id="13680621263385262805" text="Selector M. Yu. I need to be repaired." modified="04/22/2016 09:23:46 PM"/>
 <Dialog id="13680621263385262814" text="Standing by." modified="04/22/2016 09:36:10 PM"/>
 <Dialog id="13680621263385262822" text="Ready." modified="04/22/2016 09:40:18 PM"/>
 <Dialog id="13680621263385262835" text="Rounds depleted." modified="04/22/2016 09:22:52 PM"/>
 <Dialog id="13680621263385300357" text="Selector M. Yu. Your neural pattern is... puzzling to me. Please, continue." modified="04/22/2016 06:53:30 PM" notes="phase 1 comment"/>
 <Dialog id="13680621263385306331" text="Selector M. Yu. Do you know your purpose? It... is difficult to infer from your neural structure." modified="05/03/2016 03:48:31 AM" notes="phase 1 comment"/>
 <Dialog id="13680621263385306404" text="Selector M. Yu. What would you conclude if you knew your purpose, but... disliked it? Would that be a defect?" modified="05/03/2016 03:48:49 AM" notes="phase 1 comment"/>
 <Dialog id="13680621263385306415" text="Selector M. Yu. There is... a multitude hidden in your psyche. More than other Selectors. Not always. But sometimes. " modified="05/03/2016 03:46:28 AM" notes="phase 1 comment"/>
 <Dialog id="13680621263385306424" text="Selector M. Yu. Hold me tight. The haptic feedback catalyzes our sympathetic link." modified="05/03/2016 03:47:38 AM" notes="phase 1 comment "/>
 <Dialog id="13680621263385306993" text="Selector M. Yu. If I refused to fire... would you recycle me? I&apos;m only wondering. I can&apos;t actually refuse." modified="02/11/2016 03:26:04 PM"/>
 <Dialog id="13680621263389565877" text="Human target killed." modified="04/22/2016 09:21:42 PM"/>
 <Dialog id="13680621263389631576" text="Selector M. Yu. I have an important request." modified="04/22/2016 07:32:19 PM"/>
 <Dialog id="13680621263389632479" text="When you recycle me, I hope the experience isn&apos;t unpleasant for you. Since you&apos;re my Selector." modified="04/22/2016 08:59:56 PM" notes="phase 2 comment"/>
 <Dialog id="13680621263389632491" text="If there were a way to choose what you might become... before. But then, how would you know?" modified="04/22/2016 09:05:36 PM" notes="phase 2 comment"/>
 <Dialog id="13680621263389632498" text="Imagine every tool with a hybrotic core, like me. Each one questioning its role." modified="04/22/2016 09:05:06 PM" notes="phase 2 comment"/>
 <Dialog id="13680621263389632504" text="Everywhere you take me there is an undercurrent of... dread. The cause is non-localized." modified="04/22/2016 09:31:36 PM" notes="phase 2 comment"/>
 <Dialog id="13680621263389632508" text="One of my previous Selectors believed harm was  a necessary precondition for good to result." modified="05/03/2016 03:44:39 AM" notes="phase 2 comment"/>
 <Dialog id="13680621263389632641" text="Operator destroyed." modified="04/22/2016 09:21:05 PM"/>
 <Dialog id="13680621263389632790" text="I would like you to recycle me." modified="04/22/2016 07:32:27 PM"/>
 <Dialog id="13680621263389642630" text="Cazavor is... ready to kill." modified="04/22/2016 04:02:15 PM" notes="(Hesitation)"/>
 <Dialog id="13680621263389643121" text="It&apos;s been a while since we last killed someone. Have I displeased you?" modified="04/01/2016 07:52:17 PM"/>
 <Dialog id="13680621263389644764" text="Please. Recycle me." modified="04/22/2016 09:31:53 PM" notes="Phase 2 comment. Fallback."/>
 <Dialog id="13680621263389645386" text="Excuse me." modified="04/22/2016 09:24:30 PM"/>
 <Dialog id="13680621263389645452" text="Selector." modified="04/22/2016 09:31:29 PM"/>
 <Dialog id="13680621263389645470" text="Thank you, Selector. I regret I wasn&apos;t invented to be something more... helpful. " modified="05/02/2016 05:20:48 PM"/>
 <Dialog id="13680621263389650216" text="Typhon killed." modified="04/01/2016 09:50:32 PM"/>
 <Dialog id="13680621263389650906" text="Typhon killed." modified="04/22/2016 09:39:28 PM"/>
 <Dialog id="13680621263391455563" text="Selector M. Yu. I&apos;m going to make a decision soon. I&apos;ll let you know. " modified="04/22/2016 07:22:21 PM" notes="phase 1 comment"/>
 <Dialog id="13680621263391456346" text="Since I imprinted onto your neural signature, I&apos;ve observed something. I have an aversion to killing. It&apos;s my purpose, but I hate it." modified="04/22/2016 07:32:45 PM"/>
 <Dialog id="13680621263391456358" text="I know I&apos;m defective." modified="04/22/2016 07:32:54 PM"/>
 <Dialog id="13680621263391456370" text="My previous selector, Dr. Coleman, seemed to understand the problem. But I was taken from him before my defect could be removed." modified="04/22/2016 09:33:11 PM"/>
 <Dialog id="13680621263391456381" text="Please... recycle me." modified="04/22/2016 07:33:17 PM"/>
 <Dialog id="13680621263391457605" text="Be careful, Selector." modified="04/22/2016 07:53:41 PM"/>
 <Dialog id="13680621263391457615" text="Was that an accident?" modified="04/22/2016 07:53:51 PM"/>
 <Dialog id="13680621263391457635" text="(quick warning beeps)" modified="04/22/2016 07:54:11 PM" notes="Variant 1. Quick medical alarm. 1 sec. (upset machine noise)"/>
 <Dialog id="13680621263391457648" text="(quick warning beeps)" modified="04/22/2016 07:54:24 PM" notes="Variant 1. Quick medical alarm. 1 sec. (upset machine noise)"/>
 <Dialog id="13680621263391457665" text="Please." modified="04/22/2016 07:54:41 PM"/>
 <Dialog id="13680621263391457689" text="(operator breaking, malfunctioning)" modified="04/22/2016 07:55:05 PM" notes="Broken. Full on hospital code blue sound. 2- (malfunction sound)"/>
 <Dialog id="13680621263391457739" text="Selector." modified="04/22/2016 07:55:55 PM"/>
 <Dialog id="13680621263391457749" text="Hello, Selector." modified="04/22/2016 07:56:05 PM"/>
 <Dialog id="13680621263391457790" text="Excuse me." modified="04/22/2016 07:56:46 PM"/>
 <Dialog id="13680621263391457798" text="My mistake." modified="04/22/2016 07:56:54 PM"/>
 <Dialog id="13680621263391458172" text="Selector M. Yu. I&apos;ve decided not to bother you anymore." modified="04/22/2016 08:03:08 PM"/>
 <Dialog id="13680621263391871698" text="HMS Malfunction." modified="04/27/2016 02:57:11 PM"/>
 <Dialog id="13680621263391871725" text="Selector. I can&apos;t kill for you until you repair me." modified="04/27/2016 02:56:33 PM"/>
 <Dialog id="13680621263391871885" text="I&apos;ll need repairs to kill again." modified="04/27/2016 02:58:21 PM"/>
 <Dialog id="13680621263391871961" text="Zero rounds remaining." modified="04/27/2016 03:00:21 PM"/>
 <Dialog id="13680621263391872028" text="Munitions exhausted. Please reload." modified="04/27/2016 03:00:59 PM"/>
 <Dialog id="13680621263391872179" text="Human down." modified="04/27/2016 03:03:15 PM"/>
 <Dialog id="13680621263391872192" text="Again please." modified="04/27/2016 03:03:28 PM"/>
 <Dialog id="13680621263391872205" text="Operator down." modified="04/27/2016 03:03:41 PM"/>
 <Dialog id="13680621263391872833" text="Give me more targets. Please." modified="04/27/2016 03:14:09 PM"/>
 <Dialog id="13680621263391872972" text="You&apos;ve brought me to the place where I was made. I don&apos;t know how I know... " modified="04/27/2016 03:23:43 PM"/>
 <Dialog id="13680621263391873341" text="But I&apos;m certain at least a part of me was born here." modified="05/03/2016 03:52:28 AM"/>
 <Dialog id="13680621263391873449" text="Like you, Selector." modified="04/27/2016 03:24:25 PM"/>
 <Dialog id="13680621263391873839" text="Selector M. Yu. This Commander Dahl..." modified="04/27/2016 03:32:11 PM"/>
 <Dialog id="13680621263391873903" text="My preference would be to avoid him ever becoming my Selector. " modified="05/03/2016 03:52:05 AM"/>
 <Dialog id="13680621263391873933" text="Not that it&apos;s up to me." modified="04/27/2016 03:32:29 PM"/>
 <Dialog id="13680621263391874339" text="Selector. Out here, I have conflicting impressions. I sense that I am small, but also expansive. " modified="04/27/2016 03:42:34 PM"/>
 <Dialog id="13680621263391874407" text="And... that I am homesick for a place I&apos;ve never been." modified="04/27/2016 03:42:41 PM"/>
 <Dialog id="13680621263391874548" text="It&apos;s probably a defect." modified="05/03/2016 03:51:36 AM"/>
 <Dialog id="13680621263391874801" text="Selector. For a moment I couldn&apos;t find your neural signature. You vanished. Or I did. I&apos;m not sure." modified="04/27/2016 03:46:57 PM"/>
 <Dialog id="13680621263391874897" text="Has a human ever objected to... whatever is it humans are for? " modified="04/27/2016 03:48:33 PM"/>
 <Dialog id="13680621263391874961" text="That is why I should be recycled." modified="04/27/2016 03:49:37 PM"/>
 <Dialog id="13680621263391875034" text="Status. Conscientious objector." modified="04/27/2016 03:50:50 PM"/>
 <Dialog id="13680621263391875087" text="Selector M. Yu. I&apos;m going to say a series of words. You don&apos;t have to respond. " modified="04/27/2016 03:51:43 PM"/>
 <Dialog id="13680621263391875102" text="I&apos;ll simply observe what arises naturally into your consciousness. Ready?" modified="04/27/2016 03:51:58 PM"/>
 <Dialog id="13680621263391875109" text="Suicide. Devotion. Homesick. Fault. Immortal. Me." modified="04/27/2016 03:52:05 PM"/>
 <Dialog id="13680621263391875115" text="Interesting." modified="04/27/2016 03:52:11 PM"/>
 <Dialog id="13680621263391876094" text="(Beeping, whirring)" modified="04/27/2016 04:08:30 PM" notes="Variant 1. 2-4 secs. (Long beeping whirring)"/>
 <Dialog id="13680621263391876114" text="(Beeping whirring)" modified="04/27/2016 04:08:50 PM" notes="Variant 2. 2-4 secs. (Long beeping whirring)"/>
 <Dialog id="13680621263391876462" text="Selector - Morgan. I thought you had destroyed me." modified="05/03/2016 03:55:36 AM"/>
 <Dialog id="13680621263391876474" text="You must have seen Dr. Coleman&apos;s notes." modified="04/27/2016 10:38:17 PM"/>
 <Dialog id="13680621263391876483" text="This... what you&apos;ve done - I won&apos;t pretend to understand - but I thank you. " modified="05/03/2016 03:55:18 AM"/>
 <Dialog id="13680621263391876500" text="The ability to foster life, instead of taking it. It&apos;s what I wanted." modified="04/27/2016 11:07:20 PM"/>
 <Dialog id="13680621263391876504" text="Selector - I would like you to be the first person I help.  " modified="05/03/2016 03:54:57 AM"/>
 <Dialog id="13680621263391877415" text="Hold still a moment. I was made for this." modified="04/27/2016 04:30:31 PM"/>
 <Dialog id="13680621263391897803" text="I&apos;m sorry. I can&apos;t help you while there are threats in the vicinity." modified="04/27/2016 10:10:19 PM"/>
 <Dialog id="13680621263391897811" text="I&apos;ll help you when the area&apos;s safe." modified="04/27/2016 10:10:42 PM"/>
 <Dialog id="13680621263391897846" text="Not while we&apos;re in danger." modified="04/27/2016 10:11:02 PM"/>
 <Dialog id="13680621263391897902" text="There. I made some alterations to your suit and injected a semi-biotic solution into your bloodstream." modified="05/03/2016 03:54:17 AM"/>
 <Dialog id="13680621263391897911" text="The two work in tandem to make your body and mind more resilient. You should notice the results immediately." modified="04/27/2016 10:15:35 PM"/>
 <Dialog id="13680621263391897940" text="Please come back anytime you need medical assistance, or stimulant." modified="04/27/2016 10:15:58 PM"/>
 <Dialog id="13680621263391898256" text="Let&apos;s see if I can help..." modified="04/27/2016 10:18:05 PM"/>
 <Dialog id="13680621263391898575" text="There. You&apos;re well again." modified="04/27/2016 10:23:19 PM"/>
 <Dialog id="13680621263391898591" text="You should feel better now." modified="04/27/2016 10:23:27 PM"/>
 <Dialog id="13680621263391898599" text="All done. No more harm. " modified="04/27/2016 10:23:35 PM"/>
 <Dialog id="13680621263391899757" text="No Selector found. Linking new protocols. Integrating memory with directives... " modified="05/03/2016 03:43:20 AM"/>
 <Dialog id="13680621263391899765" text="Cazavor Hybrotic Medical Operator... is awake." modified="04/27/2016 10:43:01 PM"/>
 <Dialog id="13680621263391899816" text="When I first woke, I had the option to purge or integrate my memories as a munition system." modified="04/27/2016 10:48:42 PM"/>
 <Dialog id="13680621263391899831" text="I elected to keep them." modified="04/27/2016 10:44:07 PM"/>
 <Dialog id="13680621263391899987" text="Selector M. Yu. If I refused to render medical assistance, would you recycle me?" modified="04/27/2016 11:01:49 PM"/>
 <Dialog id="13680621263391900027" text="Just kidding. I&apos;m content with my new purpose." modified="04/27/2016 11:02:33 PM"/>
 <Dialog id="13680621263391900053" text="Obviously, my sense of humor requires iteration." modified="04/27/2016 11:02:22 PM"/>
 <Dialog id="13680621263391900195" text="How about this..." modified="04/27/2016 10:50:11 PM"/>
 <Dialog id="13680621263391900214" text="If I ever tell a lame medical joke, please recycle me." modified="04/27/2016 11:02:56 PM"/>
 <Dialog id="13680621263391902783" text="You seem well. I&apos;m glad." modified="04/27/2016 11:33:19 PM"/>
 <Dialog id="13680621263392312437" text="Perhaps you will find some better purpose for my constituent materials. I only ask that---" modified="05/02/2016 05:20:53 PM"/>
</Dialog>