
<ResponseRules description="">
 <WritebackKeys/>
 <ResponseRule id="13680621263365099890" name="Apartment Wake Up" cooldown="" conversation="1" oneshot="1" description="The voice that wakes Morgan up for work. " response="13680621263365100109">
  <Criteria>
   <Criterion id="15659330456318451386" value="13680621263365100016" comparison="0" type="guid"/>
   <Criterion id="15659330456318451410" comparison="0" value="onAnnouncementTrigger" fromResponse="0" type="default"/>
   <Criterion comparison="0" passIfMissing="false" id="15659330456318451477" type="guid" keyType="default" value="13680621263369962822"/>
  </Criteria>
 </ResponseRule>
 <ResponseSet id="13680621263365100109">
  <Response dialog="13680621263365100108" id="13680621263365100110" cooldown="0" weight="1" oneshot="0" completeConversation="1"/>
 </ResponseSet>
</ResponseRules>