
<ResponseRules description="">
 <WritebackKeys/>
 <ResponseRule id="13680621263366238955" name="Automatic Elevator VO" cooldown="" response="13680621263366238999" description="Elevator in fake TranStar facility greets the player." conversation="1">
  <Criteria>
   <Criterion id="15659330456318451386" value="13680621263372691444" comparison="0" type="guid"/>
   <Criterion id="15659330456318451410" comparison="0" value="onAnnouncementTrigger" fromResponse="0" type="default"/>
   <Criterion comparison="0" passIfMissing="false" id="15659330456318451477" type="guid" keyType="default" value="13680621263369958716"/>
   <Criterion comparison="0" passIfMissing="false" id="10739735956111935346" type="guid" keyType="default" value="12889009724983807463"/>
  </Criteria>
 </ResponseRule>
 <ResponseSet id="13680621263366238999">
  <Response dialog="13680621263391730361" id="13680621263366239000" cooldown="0" weight="1" oneshot="0" completeConversation="0"/>
 </ResponseSet>
 <ResponseRule id="13680621263366239029" name="" cooldown="" response="13680621263366239030">
  <Criteria>
   <Criterion id="15659330456318451386" value="13680621263372691444" comparison="0" type="guid"/>
   <Criterion id="15659330456318451410" comparison="0" value="13680621263366239000" fromResponse="1" type="guid"/>
   <Criterion comparison="0" passIfMissing="false" id="15659330456318451477" type="guid" keyType="default" value="13680621263369958716"/>
   <Criterion comparison="0" passIfMissing="false" id="10739735956111935346" type="guid" keyType="default" value="12889009724983807463"/>
  </Criteria>
 </ResponseRule>
 <ResponseSet id="13680621263366239030">
  <Response dialog="13680621263391730379" id="13680621263366239031" cooldown="0" weight="1" oneshot="0" completeConversation="0"/>
 </ResponseSet>
 <ResponseRule id="13680621263366239047" name="" cooldown="" response="13680621263366239048" oneshot="0" conversation="0" description="">
  <Criteria>
   <Criterion id="15659330456318451386" value="13680621263372691444" comparison="0" type="guid"/>
   <Criterion id="15659330456318451410" comparison="0" value="13680621263366239031" fromResponse="1" type="guid"/>
   <Criterion comparison="0" passIfMissing="false" id="15659330456318451477" type="guid" keyType="default" value="13680621263369958716"/>
   <Criterion comparison="0" passIfMissing="false" id="10739735956111935346" type="guid" keyType="default" value="12889009724983807463"/>
  </Criteria>
 </ResponseRule>
 <ResponseSet id="13680621263366239048">
  <Response dialog="13680621263391730394" id="13680621263366239049" cooldown="0" weight="1" oneshot="0" completeConversation="1"/>
 </ResponseSet>
</ResponseRules>