<EntityPrototypeLibrary Name="Level">
 <EntityPrototype Name="MorganOffice.LookingGlass" Id="{263C7FC0-E162-4BA1-AD02-F4C54A3418A2}" Library="Level" Class="ArkSceneWindow" Description="" ArchetypeId="1713490239437081336">
  <Properties object_Model="Objects/Environment/Props/LookingGlass/Frame_LookingGlass_A/looking_glass_frame_a_morgan_office_01.cgf">
   <Physics Density="100" Mass="-1" bPhysicalize="1" bPushableByAI="0" bPushableByPlayers="0" bResting="1" bRigidBody="0"/>
   <AdditionalArchetypeProperties PrototypeMaterial=""/>
  </Properties>
  <ObjectVars OutdoorOnly="0" CastShadow="1" CastShadowMinspec="1" DynamicDistanceShadows="0" ShadowCasterType="0" CastSunShadowMinSpec="8" LodRatio="100" ViewDistRatio="100" CastShadowViewDistRatio="0" HiddenInGame="0" GlobalInSegmentedWorld="0" RecvWind="0" RenderNearest="0" NoStaticDecals="0" CreatedThroughPool="0" SceneIndex="0" HiddenInProbes="0"/>
 </EntityPrototype>
 <EntityPrototype Name="Data.PsychotronicsCard" Id="{4AAF1498-F774-4860-942A-F701909C818B}" Library="Level" Class="ArkKeycard" Description="" ArchetypeId="1713490239442473427">
  <Properties metaTags_ArkMetaTags="3149325216957278742" bAvailableForRandom="1" bCanBeFavorited="0" bCanTriggerAreas="1" bConsumable="0" bDeprecated="0" textDescription="@i_keycardDesc" bDisallowGrenades="1" iDismantleCount="0" textDisplayName="@i_keycard" fDropDistance="2" fDropHeightOffset="0" bDroppable="1" fDropRotationMax="15" fDropRotationMin="1" object_GeometryFP="" object_GeometryTP="objects/environment/props/gameplay/keycard_pickup_a/keycard_pickup_a.cgf" glintconfig_GlintConfig="16934642289625112569" bGooCannotAttachInGravity="1" sHUDIcon="ui_icon_inv_keycard" bImportant="1" bIsMimicable="1" bIsPlotCritical="0" bIsRandom="0" bIsTrash="0" fLerpSpeed="18" material_MaterialFP="0,0,1.25" material_MaterialTP="" gameMetric_MetricPickedUp="" sStylizedIcon="" bSurvivalMode="0" sType="" bUniqueRandom="0" bUsable="0">
   <Inventory bAddToInventory="0" iHeight="1" sIcon="ui_icon_inv_keycard" ei_ItemCategory="0" iWidth="1"/>
   <Physics Density="50000" Mass="-1" bPhysicalize="1" bPushableByAI="0" bPushableByPlayers="0" bResting="1" bRigidBody="0">
    <CollisionFiltering>
     <collisionIgnore bT_collision_class_articulated="0" bT_collision_class_living="0" bT_collision_class_particle="0" bT_collision_class_soft="0" bT_collision_class_terrain="0" bT_collision_class_wheeled="0" bT_gcc_ai="0" bT_gcc_breakable="0" bT_gcc_coral="0" bT_gcc_goo="0" bT_gcc_permeable="0" bT_gcc_permeable_to_AOE="0" bT_gcc_player_body="0" bT_gcc_player_capsule="0" bT_gcc_projectile="0" bT_gcc_ragdoll="0" bT_gcc_rigid="0" bT_gcc_smokeform="0" bT_gcc_transparent="0" bT_gcc_unclimbable="0" bT_gcc_vehicle="0"/>
     <collisionType bT_collision_class_articulated="0" bT_collision_class_living="0" bT_collision_class_particle="0" bT_collision_class_soft="0" bT_collision_class_terrain="0" bT_collision_class_wheeled="0" bT_gcc_ai="0" bT_gcc_breakable="0" bT_gcc_coral="0" bT_gcc_goo="0" bT_gcc_permeable="0" bT_gcc_permeable_to_AOE="1" bT_gcc_player_body="0" bT_gcc_player_capsule="0" bT_gcc_projectile="0" bT_gcc_ragdoll="0" bT_gcc_rigid="0" bT_gcc_smokeform="0" bT_gcc_transparent="0" bT_gcc_unclimbable="0" bT_gcc_vehicle="0"/>
    </CollisionFiltering>
   </Physics>
   <RecycleData exotic="0" mineral="0" organic="0" synthetic="0"/>
   <Silhouette fAlpha="0.25" color_RGB="1,1,1"/>
   <Sound audioTrigger_InventorySFX="TEMP_UI_00" audioTrigger_PickupSFX="Play_Pickup_KeyCard"/>
   <Stacks iCount="1" iDropIncrement="1" iFabricationCount="0" iMaxCount="10" bRandomizeCount="0" iRandomMax="10" iRandomMin="1" bStackable="0"/>
   <AdditionalArchetypeProperties PrototypeMaterial=""/>
  </Properties>
  <ObjectVars OutdoorOnly="0" CastShadow="1" CastShadowMinspec="1" DynamicDistanceShadows="0" ShadowCasterType="2" CastSunShadowMinSpec="8" LodRatio="100" ViewDistRatio="255" CastShadowViewDistRatio="0" HiddenInGame="0" GlobalInSegmentedWorld="0" RecvWind="0" RenderNearest="0" NoStaticDecals="0" CreatedThroughPool="0" SceneIndex="0" HiddenInProbes="0"/>
 </EntityPrototype>
 <EntityPrototype Name="Containers/NeoDeco.PreorderDesk" Id="{A8686C17-6FC3-41DD-A76B-B136BB639EAC}" Library="Level" Class="ArkContainer" Description="" ArchetypeId="1713490239449028749">
  <Properties bCanTriggerAreas="1" carryForwardOffset="0" carryHeightOffset="0" ability_CarryRequirement="" textDisplayName="@i_container_cabinet" textDisplayText="@use_search" bIsMimicable="0" fLookAtDelay="0.15" object_Model="objects/environment/props/neodeco/desk_boss_a/desk_boss_a_left.cga" sPlayerMimicSurrogate="" vector_ThrowAngularImpulse="-10,0,0" ei_TransparencyMode="0" bUseSafeCarry="0">
   <AI bUsedAsDynamicObstacle="0"/>
   <carryDirection x="0" y="0" z="0"/>
   <ContainerInfo es_ContainerSize="MEDIUM" bPreventStorage="1">
    <Animation anim_close="boss_a_left_close" anim_open="boss_a_left_open"/>
    <Sound audioTrigger_Close="Play_Container_LargeCabinet_Close_01" audioTrigger_Open="Play_Container_LargeCabinet_Open_01"/>
   </ContainerInfo>
   <Physics Density="-1" Mass="-1" bPhysicalize="1" bPushableByAI="0" bPushableByPlayers="0" bRigidBody="0">
    <CollisionFiltering>
     <collisionIgnore bT_collision_class_articulated="0" bT_collision_class_living="0" bT_collision_class_particle="0" bT_collision_class_soft="0" bT_collision_class_terrain="0" bT_collision_class_wheeled="0" bT_gcc_ai="0" bT_gcc_breakable="0" bT_gcc_coral="0" bT_gcc_goo="0" bT_gcc_permeable="0" bT_gcc_permeable_to_AOE="0" bT_gcc_player_body="0" bT_gcc_player_capsule="0" bT_gcc_projectile="0" bT_gcc_ragdoll="0" bT_gcc_rigid="0" bT_gcc_smokeform="0" bT_gcc_transparent="0" bT_gcc_unclimbable="0" bT_gcc_vehicle="0"/>
     <collisionType bT_collision_class_articulated="0" bT_collision_class_living="0" bT_collision_class_particle="0" bT_collision_class_soft="0" bT_collision_class_terrain="0" bT_collision_class_wheeled="0" bT_gcc_ai="0" bT_gcc_breakable="0" bT_gcc_coral="0" bT_gcc_goo="0" bT_gcc_permeable="0" bT_gcc_permeable_to_AOE="0" bT_gcc_player_body="0" bT_gcc_player_capsule="0" bT_gcc_projectile="0" bT_gcc_ragdoll="0" bT_gcc_rigid="0" bT_gcc_smokeform="0" bT_gcc_transparent="0" bT_gcc_unclimbable="0" bT_gcc_vehicle="0"/>
    </CollisionFiltering>
   </Physics>
   <RecycleData exotic="0" mineral="0" organic="0" synthetic="0"/>
   <Silhouette fAlpha="0.25" color_RGB="1,1,1"/>
   <Sound audioTrigger_Carry="" audioTrigger_HoldCarryCancel="" audioTrigger_HoldCarryStart=""/>
   <AdditionalArchetypeProperties PrototypeMaterial=""/>
  </Properties>
  <ObjectVars OutdoorOnly="0" CastShadow="1" CastShadowMinspec="1" DynamicDistanceShadows="0" ShadowCasterType="0" CastSunShadowMinSpec="3" LodRatio="100" ViewDistRatio="100" CastShadowViewDistRatio="30" HiddenInGame="0" GlobalInSegmentedWorld="0" RecvWind="0" RenderNearest="0" NoStaticDecals="1" CreatedThroughPool="0" SceneIndex="0" HiddenInProbes="0"/>
 </EntityPrototype>
</EntityPrototypeLibrary>
