<EntitySerialization>
 <Entity id="1"/>
 <Entity id="2"/>
 <Entity id="3"/>
 <Entity id="4"/>
 <Entity id="5"/>
 <Entity id="6"/>
 <Entity id="7"/>
 <Entity id="8"/>
 <Entity id="9"/>
 <Entity id="10"/>
 <Entity id="11"/>
 <Entity id="12"/>
 <Entity id="13"/>
 <Entity id="14"/>
 <Entity id="15"/>
 <Entity id="16"/>
 <Entity id="17"/>
 <Entity id="18"/>
 <Entity id="19"/>
 <Entity id="20"/>
 <Entity id="21"/>
 <Entity id="22"/>
 <Entity id="23"/>
 <Entity id="24"/>
 <Entity id="25"/>
 <Entity id="26"/>
 <Entity id="27"/>
 <Entity id="28"/>
 <Entity id="29"/>
 <Entity id="30"/>
 <Entity id="31"/>
 <Entity id="32"/>
 <Entity id="33"/>
 <Entity id="34"/>
 <Entity id="35"/>
 <Entity id="36"/>
 <Entity id="37"/>
 <Entity id="38"/>
 <Entity id="39"/>
 <Entity id="40"/>
 <Entity id="41"/>
 <Entity id="42"/>
 <Entity id="43"/>
 <Entity id="44"/>
 <Entity id="45"/>
 <Entity id="46"/>
 <Entity id="47"/>
 <Entity id="48"/>
 <Entity id="49"/>
 <Entity id="50"/>
 <Entity id="51"/>
 <Entity id="52"/>
 <Entity id="53"/>
 <Entity id="54"/>
 <Entity id="55"/>
 <Entity id="56"/>
 <Entity id="57"/>
 <Entity id="58"/>
 <Entity id="59"/>
 <Entity id="60"/>
 <Entity id="61"/>
 <Entity id="62"/>
 <Entity id="63"/>
 <Entity id="64"/>
 <Entity id="65"/>
 <Entity id="66"/>
 <Entity id="67"/>
 <Entity id="68"/>
 <Entity id="69"/>
 <Entity id="70"/>
 <Entity id="71"/>
 <Entity id="72"/>
 <Entity id="73"/>
 <Entity id="74"/>
 <Entity id="75"/>
 <Entity id="76"/>
 <Entity id="77"/>
 <Entity id="78"/>
 <Entity id="79"/>
 <Entity id="80"/>
 <Entity id="81"/>
 <Entity id="82"/>
 <Entity id="83"/>
 <Entity id="84"/>
 <Entity id="85"/>
 <Entity id="86"/>
 <Entity id="87"/>
 <Entity id="88"/>
 <Entity id="89"/>
 <Entity id="90"/>
 <Entity id="91"/>
 <Entity id="92"/>
 <Entity id="93"/>
 <Entity id="94"/>
 <Entity id="95"/>
 <Entity id="96"/>
 <Entity id="97"/>
 <Entity id="98"/>
 <Entity id="99"/>
 <Entity id="100"/>
 <Entity id="101"/>
 <Entity id="102"/>
 <Entity id="103"/>
 <Entity id="104"/>
 <Entity id="105"/>
 <Entity id="106"/>
 <Entity id="107"/>
 <Entity id="108"/>
 <Entity id="109"/>
 <Entity id="110"/>
 <Entity id="111"/>
 <Entity id="112"/>
 <Entity id="113"/>
 <Entity id="114"/>
 <Entity id="115"/>
 <Entity id="116"/>
 <Entity id="117"/>
 <Entity id="118"/>
 <Entity id="119"/>
 <Entity id="120"/>
 <Entity id="121"/>
 <Entity id="122"/>
 <Entity id="123"/>
 <Entity id="124"/>
 <Entity id="125"/>
 <Entity id="126"/>
 <Entity id="127"/>
 <Entity id="128"/>
 <Entity id="129"/>
 <Entity id="130"/>
 <Entity id="131"/>
 <Entity id="132"/>
 <Entity id="133"/>
 <Entity id="134"/>
 <Entity id="135"/>
 <Entity id="136"/>
 <Entity id="137"/>
 <Entity id="138"/>
 <Entity id="139"/>
 <Entity id="140"/>
 <Entity id="141"/>
 <Entity id="142"/>
 <Entity id="143"/>
 <Entity id="144"/>
 <Entity id="145"/>
 <Entity id="146"/>
 <Entity id="147"/>
 <Entity id="148"/>
 <Entity id="149"/>
 <Entity id="150"/>
 <Entity id="151"/>
 <Entity id="152"/>
 <Entity id="153"/>
 <Entity id="154"/>
 <Entity id="155"/>
 <Entity id="156"/>
 <Entity id="157"/>
 <Entity id="158"/>
 <Entity id="159"/>
 <Entity id="160"/>
 <Entity id="161"/>
 <Entity id="162"/>
 <Entity id="163"/>
 <Entity id="164"/>
 <Entity id="165"/>
 <Entity id="166"/>
 <Entity id="167"/>
 <Entity id="168"/>
 <Entity id="169"/>
 <Entity id="170"/>
 <Entity id="171"/>
 <Entity id="172"/>
 <Entity id="173"/>
 <Entity id="174"/>
 <Entity id="175"/>
 <Entity id="176"/>
 <Entity id="177"/>
 <Entity id="178"/>
 <Entity id="179"/>
 <Entity id="180"/>
 <Entity id="181"/>
 <Entity id="182"/>
 <Entity id="183"/>
 <Entity id="184"/>
 <Entity id="185"/>
 <Entity id="186"/>
 <Entity id="187"/>
 <Entity id="188"/>
 <Entity id="189"/>
 <Entity id="190"/>
 <Entity id="191"/>
 <Entity id="192"/>
 <Entity id="193"/>
 <Entity id="194"/>
 <Entity id="195"/>
 <Entity id="196"/>
 <Entity id="197"/>
 <Entity id="198"/>
 <Entity id="199"/>
 <Entity id="200"/>
 <Entity id="201"/>
 <Entity id="202"/>
 <Entity id="203"/>
 <Entity id="204"/>
 <Entity id="205"/>
 <Entity id="206"/>
 <Entity id="207"/>
 <Entity id="208"/>
 <Entity id="209"/>
 <Entity id="210"/>
 <Entity id="211"/>
 <Entity id="212"/>
 <Entity id="213"/>
 <Entity id="214"/>
 <Entity id="215"/>
 <Entity id="216"/>
 <Entity id="217"/>
 <Entity id="218"/>
 <Entity id="219"/>
 <Entity id="220"/>
 <Entity id="221"/>
 <Entity id="222"/>
 <Entity id="223"/>
 <Entity id="224"/>
 <Entity id="225"/>
 <Entity id="226"/>
 <Entity id="227"/>
 <Entity id="228"/>
 <Entity id="229"/>
 <Entity id="230"/>
 <Entity id="231"/>
 <Entity id="232"/>
 <Entity id="233"/>
 <Entity id="234"/>
 <Entity id="235"/>
 <Entity id="236"/>
 <Entity id="237"/>
 <Entity id="238"/>
 <Entity id="239"/>
 <Entity id="240"/>
 <Entity id="241"/>
 <Entity id="242"/>
 <Entity id="243"/>
 <Entity id="244"/>
 <Entity id="245"/>
 <Entity id="246"/>
 <Entity id="247"/>
 <Entity id="248"/>
 <Entity id="249"/>
 <Entity id="250"/>
 <Entity id="251"/>
 <Entity id="252"/>
 <Entity id="253"/>
 <Entity id="254"/>
 <Entity id="255"/>
 <Entity id="256"/>
 <Entity id="257"/>
 <Entity id="258"/>
 <Entity id="259"/>
 <Entity id="260"/>
 <Entity id="261"/>
 <Entity id="262"/>
 <Entity id="263"/>
 <Entity id="264"/>
 <Entity id="265"/>
 <Entity id="266"/>
 <Entity id="268"/>
 <Entity id="269"/>
 <Entity id="270"/>
 <Entity id="271"/>
 <Entity id="272"/>
 <Entity id="274"/>
 <Entity id="275"/>
 <Entity id="279"/>
 <Entity id="280"/>
 <Entity id="282"/>
 <Entity id="283"/>
 <Entity id="284"/>
 <Entity id="285"/>
 <Entity id="286"/>
 <Entity id="287"/>
 <Entity id="288"/>
 <Entity id="290"/>
 <Entity id="291"/>
 <Entity id="292"/>
 <Entity id="294"/>
 <Entity id="295"/>
 <Entity id="296"/>
 <Entity id="297"/>
 <Entity id="299"/>
 <Entity id="300"/>
 <Entity id="301"/>
 <Entity id="302"/>
 <Entity id="304"/>
 <Entity id="311"/>
 <Entity id="312"/>
 <Entity id="313"/>
 <Entity id="318"/>
 <Entity id="321"/>
 <Entity id="322"/>
 <Entity id="324"/>
 <Entity id="329"/>
 <Entity id="330"/>
 <Entity id="331"/>
 <Entity id="332"/>
 <Entity id="333"/>
 <Entity id="334"/>
 <Entity id="335"/>
 <Entity id="336"/>
 <Entity id="337"/>
 <Entity id="338"/>
 <Entity id="339"/>
 <Entity id="341"/>
 <Entity id="342"/>
 <Entity id="343"/>
 <Entity id="344"/>
 <Entity id="346"/>
 <Entity id="347"/>
 <Entity id="348"/>
 <Entity id="349"/>
 <Entity id="350"/>
 <Entity id="351"/>
 <Entity id="353"/>
 <Entity id="354"/>
 <Entity id="355"/>
 <Entity id="356"/>
 <Entity id="357"/>
 <Entity id="358"/>
 <Entity id="359"/>
 <Entity id="361"/>
 <Entity id="363"/>
 <Entity id="364"/>
 <Entity id="366"/>
 <Entity id="367"/>
 <Entity id="368"/>
 <Entity id="369"/>
 <Entity id="370"/>
 <Entity id="371"/>
 <Entity id="372"/>
 <Entity id="374"/>
 <Entity id="375"/>
 <Entity id="376"/>
 <Entity id="377"/>
 <Entity id="378"/>
 <Entity id="380"/>
 <Entity id="382"/>
 <Entity id="383"/>
 <Entity id="384"/>
 <Entity id="385"/>
 <Entity id="386"/>
 <Entity id="387"/>
 <Entity id="388"/>
 <Entity id="389"/>
 <Entity id="391"/>
 <Entity id="392"/>
 <Entity id="393"/>
 <Entity id="395"/>
 <Entity id="396"/>
 <Entity id="397"/>
 <Entity id="398"/>
 <Entity id="399"/>
 <Entity id="400"/>
 <Entity id="401"/>
 <Entity id="402"/>
 <Entity id="403"/>
 <Entity id="404"/>
 <Entity id="405"/>
 <Entity id="406"/>
 <Entity id="407"/>
 <Entity id="408"/>
 <Entity id="409"/>
 <Entity id="410"/>
 <Entity id="411"/>
 <Entity id="412"/>
 <Entity id="415"/>
 <Entity id="416"/>
 <Entity id="417"/>
 <Entity id="418"/>
 <Entity id="419"/>
 <Entity id="420"/>
 <Entity id="421"/>
 <Entity id="422"/>
 <Entity id="423"/>
 <Entity id="425"/>
 <Entity id="426"/>
 <Entity id="427"/>
 <Entity id="429"/>
 <Entity id="431"/>
 <Entity id="434"/>
 <Entity id="435"/>
 <Entity id="436"/>
 <Entity id="437"/>
 <Entity id="438"/>
 <Entity id="439"/>
 <Entity id="445"/>
 <Entity id="447"/>
 <Entity id="448"/>
 <Entity id="449"/>
 <Entity id="450"/>
 <Entity id="451"/>
 <Entity id="453"/>
 <Entity id="454"/>
 <Entity id="455"/>
 <Entity id="456"/>
 <Entity id="458"/>
 <Entity id="459"/>
 <Entity id="463"/>
 <Entity id="464"/>
 <Entity id="470"/>
 <Entity id="471"/>
 <Entity id="472"/>
 <Entity id="475"/>
 <Entity id="477"/>
 <Entity id="478"/>
 <Entity id="486"/>
 <Entity id="492"/>
 <Entity id="497"/>
 <Entity id="506"/>
 <Entity id="518"/>
 <Entity id="527"/>
 <Entity id="533"/>
 <Entity id="548"/>
 <Entity id="550"/>
 <Entity id="553"/>
 <Entity id="554"/>
 <Entity id="556"/>
 <Entity id="558"/>
 <Entity id="611"/>
 <Entity id="612"/>
 <Entity id="614"/>
 <Entity id="621"/>
 <Entity id="627"/>
 <Entity id="634"/>
 <Entity id="635"/>
 <Entity id="640"/>
 <Entity id="643"/>
 <Entity id="657"/>
 <Entity id="675"/>
 <Entity id="677"/>
 <Entity id="696"/>
 <Entity id="697"/>
 <Entity id="698"/>
 <Entity id="699"/>
 <Entity id="700"/>
 <Entity id="701"/>
 <Entity id="702"/>
 <Entity id="703"/>
 <Entity id="704"/>
 <Entity id="706"/>
 <Entity id="707"/>
 <Entity id="708"/>
 <Entity id="709"/>
 <Entity id="710"/>
 <Entity id="711"/>
 <Entity id="712"/>
 <Entity id="713"/>
 <Entity id="715"/>
 <Entity id="717"/>
 <Entity id="718"/>
 <Entity id="719"/>
 <Entity id="720"/>
 <Entity id="721"/>
 <Entity id="722"/>
 <Entity id="723"/>
 <Entity id="724"/>
 <Entity id="725"/>
 <Entity id="726"/>
 <Entity id="727"/>
 <Entity id="728"/>
 <Entity id="729"/>
 <Entity id="730"/>
 <Entity id="731"/>
 <Entity id="732"/>
 <Entity id="733"/>
 <Entity id="734"/>
 <Entity id="735"/>
 <Entity id="736"/>
 <Entity id="738"/>
 <Entity id="739"/>
 <Entity id="747"/>
 <Entity id="749"/>
 <Entity id="764"/>
 <Entity id="765"/>
 <Entity id="770"/>
 <Entity id="785"/>
 <Entity id="786"/>
 <Entity id="787"/>
 <Entity id="788"/>
 <Entity id="789"/>
 <Entity id="790"/>
 <Entity id="791"/>
 <Entity id="792"/>
 <Entity id="793"/>
 <Entity id="794"/>
 <Entity id="795"/>
 <Entity id="796"/>
 <Entity id="797"/>
 <Entity id="798"/>
 <Entity id="799"/>
 <Entity id="800"/>
 <Entity id="801"/>
 <Entity id="802"/>
 <Entity id="803"/>
 <Entity id="804"/>
 <Entity id="805"/>
 <Entity id="806"/>
 <Entity id="807"/>
 <Entity id="808"/>
 <Entity id="809"/>
 <Entity id="810"/>
 <Entity id="811"/>
 <Entity id="812"/>
 <Entity id="813"/>
 <Entity id="814"/>
 <Entity id="815"/>
 <Entity id="816"/>
 <Entity id="817"/>
 <Entity id="818"/>
 <Entity id="819"/>
 <Entity id="820"/>
 <Entity id="821"/>
 <Entity id="822"/>
 <Entity id="823"/>
 <Entity id="824"/>
 <Entity id="825"/>
 <Entity id="826"/>
 <Entity id="827"/>
 <Entity id="828"/>
 <Entity id="829"/>
 <Entity id="830"/>
 <Entity id="831"/>
 <Entity id="832"/>
 <Entity id="834"/>
 <Entity id="835"/>
 <Entity id="836"/>
 <Entity id="837"/>
 <Entity id="838"/>
 <Entity id="839"/>
 <Entity id="840"/>
 <Entity id="841"/>
 <Entity id="842"/>
 <Entity id="843"/>
 <Entity id="844"/>
 <Entity id="845"/>
 <Entity id="846"/>
 <Entity id="847"/>
 <Entity id="848"/>
 <Entity id="849"/>
 <Entity id="851"/>
 <Entity id="852"/>
 <Entity id="853"/>
 <Entity id="854"/>
 <Entity id="855"/>
 <Entity id="856"/>
 <Entity id="857"/>
 <Entity id="858"/>
 <Entity id="859"/>
 <Entity id="861"/>
 <Entity id="862"/>
 <Entity id="863"/>
 <Entity id="864"/>
 <Entity id="865"/>
 <Entity id="866"/>
 <Entity id="867"/>
 <Entity id="868"/>
 <Entity id="869"/>
 <Entity id="870"/>
 <Entity id="871"/>
 <Entity id="872"/>
 <Entity id="873"/>
 <Entity id="874"/>
 <Entity id="875"/>
 <Entity id="877"/>
 <Entity id="878"/>
 <Entity id="879"/>
 <Entity id="881"/>
 <Entity id="882"/>
 <Entity id="883"/>
 <Entity id="884"/>
 <Entity id="885"/>
 <Entity id="886"/>
 <Entity id="887"/>
 <Entity id="888"/>
 <Entity id="889"/>
 <Entity id="890"/>
 <Entity id="891"/>
 <Entity id="892"/>
 <Entity id="893"/>
 <Entity id="894"/>
 <Entity id="895"/>
 <Entity id="896"/>
 <Entity id="897"/>
 <Entity id="899"/>
 <Entity id="900"/>
 <Entity id="901"/>
 <Entity id="902"/>
 <Entity id="904"/>
 <Entity id="905"/>
 <Entity id="907"/>
 <Entity id="908"/>
 <Entity id="910"/>
 <Entity id="911"/>
 <Entity id="912"/>
 <Entity id="913"/>
 <Entity id="914"/>
 <Entity id="915"/>
 <Entity id="916"/>
 <Entity id="917"/>
 <Entity id="919"/>
 <Entity id="920"/>
 <Entity id="921"/>
 <Entity id="924"/>
 <Entity id="925"/>
 <Entity id="927"/>
 <Entity id="928"/>
 <Entity id="929"/>
 <Entity id="930"/>
 <Entity id="931"/>
 <Entity id="932"/>
 <Entity id="933"/>
 <Entity id="934"/>
 <Entity id="935"/>
 <Entity id="936"/>
 <Entity id="937"/>
 <Entity id="938"/>
 <Entity id="939"/>
 <Entity id="940"/>
 <Entity id="941"/>
 <Entity id="942"/>
 <Entity id="943"/>
 <Entity id="944"/>
 <Entity id="946"/>
 <Entity id="948"/>
 <Entity id="949"/>
 <Entity id="950"/>
 <Entity id="951"/>
 <Entity id="952"/>
 <Entity id="954"/>
 <Entity id="955"/>
 <Entity id="957"/>
 <Entity id="958"/>
 <Entity id="960"/>
 <Entity id="961"/>
 <Entity id="962"/>
 <Entity id="963"/>
 <Entity id="964"/>
 <Entity id="965"/>
 <Entity id="966"/>
 <Entity id="967"/>
 <Entity id="968"/>
 <Entity id="969"/>
 <Entity id="970"/>
 <Entity id="971"/>
 <Entity id="972"/>
 <Entity id="973"/>
 <Entity id="974"/>
 <Entity id="975"/>
 <Entity id="976"/>
 <Entity id="977"/>
 <Entity id="978"/>
 <Entity id="979"/>
 <Entity id="980"/>
 <Entity id="981"/>
 <Entity id="982"/>
 <Entity id="983"/>
 <Entity id="985"/>
 <Entity id="986"/>
 <Entity id="987"/>
 <Entity id="989"/>
 <Entity id="990"/>
 <Entity id="992"/>
 <Entity id="993"/>
 <Entity id="995"/>
 <Entity id="996"/>
 <Entity id="999"/>
 <Entity id="1003"/>
 <Entity id="1004"/>
 <Entity id="1005"/>
 <Entity id="1006"/>
 <Entity id="1007"/>
 <Entity id="1008"/>
 <Entity id="1009"/>
 <Entity id="1010"/>
 <Entity id="1011"/>
 <Entity id="1012"/>
 <Entity id="1013"/>
 <Entity id="1014"/>
 <Entity id="1017"/>
 <Entity id="1018"/>
 <Entity id="1019"/>
 <Entity id="1020"/>
 <Entity id="1021"/>
 <Entity id="1022"/>
 <Entity id="1023"/>
 <Entity id="1024"/>
 <Entity id="1025"/>
 <Entity id="1026"/>
 <Entity id="1027"/>
 <Entity id="1028"/>
 <Entity id="1029"/>
 <Entity id="1030"/>
 <Entity id="1032"/>
 <Entity id="1033"/>
 <Entity id="1034"/>
 <Entity id="1035"/>
 <Entity id="1036"/>
 <Entity id="1037"/>
 <Entity id="1038"/>
 <Entity id="1039"/>
 <Entity id="1040"/>
 <Entity id="1041"/>
 <Entity id="1042"/>
 <Entity id="1043"/>
 <Entity id="1045"/>
 <Entity id="1046"/>
 <Entity id="1048"/>
 <Entity id="1051"/>
 <Entity id="1052"/>
 <Entity id="1053"/>
 <Entity id="1054"/>
 <Entity id="1055"/>
 <Entity id="1056"/>
 <Entity id="1057"/>
 <Entity id="1059"/>
 <Entity id="1060"/>
 <Entity id="1061"/>
 <Entity id="1065"/>
 <Entity id="1066"/>
 <Entity id="1067"/>
 <Entity id="1068"/>
 <Entity id="1071"/>
 <Entity id="1073"/>
 <Entity id="1074"/>
 <Entity id="1075"/>
 <Entity id="1076"/>
 <Entity id="1077"/>
 <Entity id="1078"/>
 <Entity id="1079"/>
 <Entity id="1080"/>
 <Entity id="1081"/>
 <Entity id="1082"/>
 <Entity id="1083"/>
 <Entity id="1084"/>
 <Entity id="1085"/>
 <Entity id="1087"/>
 <Entity id="1090"/>
 <Entity id="1091"/>
 <Entity id="1092"/>
 <Entity id="1093"/>
 <Entity id="1094"/>
 <Entity id="1095"/>
 <Entity id="1096"/>
 <Entity id="1097"/>
 <Entity id="1098"/>
 <Entity id="1099"/>
 <Entity id="1100"/>
 <Entity id="1101"/>
 <Entity id="1102"/>
 <Entity id="1103"/>
 <Entity id="1104"/>
 <Entity id="1105"/>
 <Entity id="1106"/>
 <Entity id="1107"/>
 <Entity id="1108"/>
 <Entity id="1109"/>
 <Entity id="1110"/>
 <Entity id="1111"/>
 <Entity id="1112"/>
 <Entity id="1113"/>
 <Entity id="1115"/>
 <Entity id="1116"/>
 <Entity id="1117"/>
 <Entity id="1118"/>
 <Entity id="1119"/>
 <Entity id="1120"/>
 <Entity id="1121"/>
 <Entity id="1122"/>
 <Entity id="1123"/>
 <Entity id="1124"/>
 <Entity id="1125"/>
 <Entity id="1126"/>
 <Entity id="1127"/>
 <Entity id="1128"/>
 <Entity id="1129"/>
 <Entity id="1130"/>
 <Entity id="1131"/>
 <Entity id="1132"/>
 <Entity id="1133"/>
 <Entity id="1134"/>
 <Entity id="1135"/>
 <Entity id="1136"/>
 <Entity id="1137"/>
 <Entity id="1138"/>
 <Entity id="1139"/>
 <Entity id="1140"/>
 <Entity id="1141"/>
 <Entity id="1142"/>
 <Entity id="1143"/>
 <Entity id="1144"/>
 <Entity id="1145"/>
 <Entity id="1146"/>
 <Entity id="1147"/>
 <Entity id="1148"/>
 <Entity id="1149"/>
 <Entity id="1150"/>
 <Entity id="1151"/>
 <Entity id="1152"/>
 <Entity id="1153"/>
 <Entity id="1154"/>
 <Entity id="1155"/>
 <Entity id="1156"/>
 <Entity id="1157"/>
 <Entity id="1158"/>
 <Entity id="1159"/>
 <Entity id="1160"/>
 <Entity id="1161"/>
 <Entity id="1162"/>
 <Entity id="1163"/>
 <Entity id="1164"/>
 <Entity id="1165"/>
 <Entity id="1166"/>
 <Entity id="1167"/>
 <Entity id="1168"/>
 <Entity id="1169"/>
 <Entity id="1170"/>
 <Entity id="1171"/>
 <Entity id="1172"/>
 <Entity id="1173"/>
 <Entity id="1174"/>
 <Entity id="1175"/>
 <Entity id="1176"/>
 <Entity id="1177"/>
 <Entity id="1178"/>
 <Entity id="1179"/>
 <Entity id="1180"/>
 <Entity id="1181"/>
 <Entity id="1182"/>
 <Entity id="1183"/>
 <Entity id="1184"/>
 <Entity id="1185"/>
 <Entity id="1186"/>
 <Entity id="1187"/>
 <Entity id="1188"/>
 <Entity id="1189"/>
 <Entity id="1190"/>
 <Entity id="1191"/>
 <Entity id="1192"/>
 <Entity id="1193"/>
 <Entity id="1194"/>
 <Entity id="1195"/>
 <Entity id="1196"/>
 <Entity id="1197"/>
 <Entity id="1198"/>
 <Entity id="1199"/>
 <Entity id="1200"/>
 <Entity id="1201"/>
 <Entity id="1202"/>
 <Entity id="1203"/>
 <Entity id="1204"/>
 <Entity id="1205"/>
 <Entity id="1206"/>
 <Entity id="1207"/>
 <Entity id="1208"/>
 <Entity id="1209"/>
 <Entity id="1210"/>
 <Entity id="1211"/>
 <Entity id="1212"/>
 <Entity id="1213"/>
 <Entity id="1214"/>
 <Entity id="1215"/>
 <Entity id="1216"/>
 <Entity id="1217"/>
 <Entity id="1218"/>
 <Entity id="1219"/>
 <Entity id="1220"/>
 <Entity id="1221"/>
 <Entity id="1222"/>
 <Entity id="1223"/>
 <Entity id="1224"/>
 <Entity id="1225"/>
 <Entity id="1226"/>
 <Entity id="1227"/>
 <Entity id="1228"/>
 <Entity id="1229"/>
 <Entity id="1230"/>
 <Entity id="1231"/>
 <Entity id="1232"/>
 <Entity id="1233"/>
 <Entity id="1234"/>
 <Entity id="1235"/>
 <Entity id="1236"/>
 <Entity id="1237"/>
 <Entity id="1238"/>
 <Entity id="1239"/>
 <Entity id="1240"/>
 <Entity id="1241"/>
 <Entity id="1242"/>
 <Entity id="1243"/>
 <Entity id="1244"/>
 <Entity id="1245"/>
 <Entity id="1246"/>
 <Entity id="1247"/>
 <Entity id="1248"/>
 <Entity id="1249"/>
 <Entity id="1250"/>
 <Entity id="1251"/>
 <Entity id="1252"/>
 <Entity id="1253"/>
 <Entity id="1254"/>
 <Entity id="1255"/>
 <Entity id="1256"/>
 <Entity id="1257"/>
 <Entity id="1258"/>
 <Entity id="1259"/>
 <Entity id="1260"/>
 <Entity id="1261"/>
 <Entity id="1262"/>
 <Entity id="1263"/>
 <Entity id="1265"/>
 <Entity id="1266"/>
 <Entity id="1267"/>
 <Entity id="1268"/>
 <Entity id="1269"/>
 <Entity id="1270"/>
 <Entity id="1271"/>
 <Entity id="1272"/>
 <Entity id="1273"/>
 <Entity id="1274"/>
 <Entity id="1275"/>
 <Entity id="1276"/>
 <Entity id="1277"/>
 <Entity id="1278"/>
 <Entity id="1279"/>
 <Entity id="1280"/>
 <Entity id="1282"/>
 <Entity id="1283"/>
 <Entity id="1284"/>
 <Entity id="1285"/>
 <Entity id="1286"/>
 <Entity id="1287"/>
 <Entity id="1288"/>
 <Entity id="1289"/>
 <Entity id="1290"/>
 <Entity id="1291"/>
 <Entity id="1292"/>
 <Entity id="1293"/>
 <Entity id="1294"/>
 <Entity id="1295"/>
 <Entity id="1296"/>
 <Entity id="1297"/>
 <Entity id="1298"/>
 <Entity id="1299"/>
 <Entity id="1300"/>
 <Entity id="1301"/>
 <Entity id="1302"/>
 <Entity id="1303"/>
 <Entity id="1304"/>
 <Entity id="1305"/>
 <Entity id="1306"/>
 <Entity id="1307"/>
 <Entity id="1308"/>
 <Entity id="1309"/>
 <Entity id="1310"/>
 <Entity id="1311"/>
 <Entity id="1312"/>
 <Entity id="1313"/>
 <Entity id="1314"/>
 <Entity id="1315"/>
 <Entity id="1316"/>
 <Entity id="1317"/>
 <Entity id="1318"/>
 <Entity id="1319"/>
 <Entity id="1320"/>
 <Entity id="1321"/>
 <Entity id="1322"/>
 <Entity id="1323"/>
 <Entity id="1324"/>
 <Entity id="1325"/>
 <Entity id="1326"/>
 <Entity id="1327"/>
 <Entity id="1328"/>
 <Entity id="1329"/>
 <Entity id="1330"/>
 <Entity id="1331"/>
 <Entity id="1332"/>
 <Entity id="1333"/>
 <Entity id="1334"/>
 <Entity id="1335"/>
 <Entity id="1336"/>
 <Entity id="1338"/>
 <Entity id="1353"/>
 <Entity id="1354"/>
 <Entity id="1355"/>
 <Entity id="1356"/>
 <Entity id="1357"/>
 <Entity id="1358"/>
 <Entity id="1359"/>
 <Entity id="1360"/>
 <Entity id="1361"/>
 <Entity id="1362"/>
 <Entity id="1363"/>
 <Entity id="1364"/>
 <Entity id="1365"/>
 <Entity id="1366"/>
 <Entity id="1367"/>
 <Entity id="1368"/>
 <Entity id="1369"/>
 <Entity id="1370"/>
 <Entity id="1371"/>
 <Entity id="1372"/>
 <Entity id="1373"/>
 <Entity id="1374"/>
 <Entity id="1375"/>
 <Entity id="1376"/>
 <Entity id="1377"/>
 <Entity id="1378"/>
 <Entity id="1379"/>
 <Entity id="1380"/>
 <Entity id="1381"/>
 <Entity id="1382"/>
 <Entity id="1383"/>
 <Entity id="1384"/>
 <Entity id="1385"/>
 <Entity id="1386"/>
 <Entity id="1387"/>
 <Entity id="1388"/>
 <Entity id="1389"/>
 <Entity id="1391"/>
 <Entity id="1392"/>
 <Entity id="1393"/>
 <Entity id="1394"/>
 <Entity id="1395"/>
 <Entity id="1396"/>
 <Entity id="1397"/>
 <Entity id="1398"/>
 <Entity id="1399"/>
 <Entity id="1400"/>
 <Entity id="1401"/>
 <Entity id="1402"/>
 <Entity id="1403"/>
 <Entity id="1404"/>
 <Entity id="1405"/>
 <Entity id="1406"/>
 <Entity id="1408"/>
 <Entity id="1409"/>
 <Entity id="1410"/>
 <Entity id="1411"/>
 <Entity id="1412"/>
 <Entity id="1413"/>
 <Entity id="1414"/>
 <Entity id="1415"/>
 <Entity id="1416"/>
 <Entity id="1417"/>
 <Entity id="1418"/>
 <Entity id="1419"/>
 <Entity id="1420"/>
 <Entity id="1421"/>
 <Entity id="1422"/>
 <Entity id="1423"/>
 <Entity id="1424"/>
 <Entity id="1425"/>
 <Entity id="1426"/>
 <Entity id="1427"/>
 <Entity id="1428"/>
 <Entity id="1429"/>
 <Entity id="1430"/>
 <Entity id="1431"/>
 <Entity id="1433"/>
 <Entity id="1434"/>
 <Entity id="1435"/>
 <Entity id="1436"/>
 <Entity id="1437"/>
 <Entity id="1438"/>
 <Entity id="1439"/>
 <Entity id="1440"/>
 <Entity id="1441"/>
 <Entity id="1442"/>
 <Entity id="1443"/>
 <Entity id="1444"/>
 <Entity id="1445"/>
 <Entity id="1446"/>
 <Entity id="1447"/>
 <Entity id="1448"/>
 <Entity id="1449"/>
 <Entity id="1450"/>
 <Entity id="1451"/>
 <Entity id="1452"/>
 <Entity id="1453"/>
 <Entity id="1454"/>
 <Entity id="1455"/>
 <Entity id="1456"/>
 <Entity id="1457"/>
 <Entity id="1458"/>
 <Entity id="1459"/>
 <Entity id="1460"/>
 <Entity id="1461"/>
 <Entity id="1462"/>
 <Entity id="1463"/>
 <Entity id="1464"/>
 <Entity id="1465"/>
 <Entity id="1466"/>
 <Entity id="1467"/>
 <Entity id="1468"/>
 <Entity id="1469"/>
 <Entity id="1471"/>
 <Entity id="1472"/>
 <Entity id="1473"/>
 <Entity id="1474"/>
 <Entity id="1476"/>
 <Entity id="1477"/>
 <Entity id="1479"/>
 <Entity id="1480"/>
 <Entity id="1481"/>
 <Entity id="1482"/>
 <Entity id="1483"/>
 <Entity id="1484"/>
 <Entity id="1485"/>
 <Entity id="1486"/>
 <Entity id="1488"/>
 <Entity id="1489"/>
 <Entity id="1490"/>
 <Entity id="1491"/>
 <Entity id="1492"/>
 <Entity id="1494"/>
 <Entity id="1495"/>
 <Entity id="1496"/>
 <Entity id="1497"/>
 <Entity id="1498"/>
 <Entity id="1499"/>
 <Entity id="1500"/>
 <Entity id="1501"/>
 <Entity id="1502"/>
 <Entity id="1503"/>
 <Entity id="1504"/>
 <Entity id="1505"/>
 <Entity id="1506"/>
 <Entity id="1507"/>
 <Entity id="1508"/>
 <Entity id="1509"/>
 <Entity id="1510"/>
 <Entity id="1511"/>
 <Entity id="1512"/>
 <Entity id="1513"/>
 <Entity id="1515"/>
 <Entity id="1516"/>
 <Entity id="1517"/>
 <Entity id="1518"/>
 <Entity id="1519"/>
 <Entity id="1520"/>
 <Entity id="1521"/>
 <Entity id="1522"/>
 <Entity id="1523"/>
 <Entity id="1524"/>
 <Entity id="1525"/>
 <Entity id="1526"/>
 <Entity id="1527"/>
 <Entity id="1528"/>
 <Entity id="1529"/>
 <Entity id="1530"/>
 <Entity id="1531"/>
 <Entity id="1532"/>
 <Entity id="1534"/>
 <Entity id="1535"/>
 <Entity id="1536"/>
 <Entity id="1540"/>
 <Entity id="1541"/>
 <Entity id="1542"/>
 <Entity id="1543"/>
 <Entity id="1545"/>
 <Entity id="1547"/>
 <Entity id="1548"/>
 <Entity id="1549"/>
 <Entity id="1550"/>
 <Entity id="1551"/>
 <Entity id="1553"/>
 <Entity id="1554"/>
 <Entity id="1556"/>
 <Entity id="1557"/>
 <Entity id="1558"/>
 <Entity id="1561"/>
 <Entity id="1562"/>
 <Entity id="1563"/>
 <Entity id="1564"/>
 <Entity id="1565"/>
 <Entity id="1566"/>
 <Entity id="1567"/>
 <Entity id="1568"/>
 <Entity id="1569"/>
 <Entity id="1570"/>
 <Entity id="1595"/>
 <Entity id="1605"/>
 <Entity id="1634"/>
 <Entity id="1639"/>
 <Entity id="1652"/>
 <Entity id="1717"/>
 <Entity id="1726"/>
 <Entity id="1785"/>
 <Entity id="1788"/>
 <Entity id="1800"/>
 <Entity id="1822"/>
 <Entity id="1827"/>
 <Entity id="1829"/>
 <Entity id="1847"/>
 <Entity id="1879"/>
 <Entity id="1892"/>
 <Entity id="1903"/>
 <Entity id="1910"/>
 <Entity id="1915"/>
 <Entity id="1916"/>
 <Entity id="1917"/>
 <Entity id="1918"/>
 <Entity id="1919"/>
 <Entity id="1920"/>
 <Entity id="1921"/>
 <Entity id="1922"/>
 <Entity id="1923"/>
 <Entity id="1924"/>
 <Entity id="1925"/>
 <Entity id="1926"/>
 <Entity id="1927"/>
 <Entity id="1928"/>
 <Entity id="1929"/>
 <Entity id="1930"/>
 <Entity id="1931"/>
 <Entity id="1932"/>
 <Entity id="1933"/>
 <Entity id="1934"/>
 <Entity id="1935"/>
 <Entity id="1936"/>
 <Entity id="1937"/>
 <Entity id="1938"/>
 <Entity id="1939"/>
 <Entity id="1940"/>
 <Entity id="1941"/>
 <Entity id="1942"/>
 <Entity id="1943"/>
 <Entity id="1944"/>
 <Entity id="1945"/>
 <Entity id="1946"/>
 <Entity id="1947"/>
 <Entity id="1948"/>
 <Entity id="1949"/>
 <Entity id="1950"/>
 <Entity id="1951"/>
 <Entity id="1952"/>
 <Entity id="1953"/>
 <Entity id="1954"/>
 <Entity id="1955"/>
 <Entity id="1956"/>
 <Entity id="1957"/>
 <Entity id="1958"/>
 <Entity id="1959"/>
 <Entity id="1960"/>
 <Entity id="1961"/>
 <Entity id="1962"/>
 <Entity id="1963"/>
 <Entity id="1964"/>
 <Entity id="1965"/>
 <Entity id="1966"/>
 <Entity id="1967"/>
 <Entity id="1968"/>
 <Entity id="1969"/>
 <Entity id="1970"/>
 <Entity id="1971"/>
 <Entity id="1972"/>
 <Entity id="1973"/>
 <Entity id="1974"/>
 <Entity id="1975"/>
 <Entity id="1976"/>
 <Entity id="1977"/>
 <Entity id="1978"/>
 <Entity id="1979"/>
 <Entity id="1980"/>
 <Entity id="1981"/>
 <Entity id="1982"/>
 <Entity id="1983"/>
 <Entity id="1984"/>
 <Entity id="1985"/>
 <Entity id="1986"/>
 <Entity id="1987"/>
 <Entity id="1988"/>
 <Entity id="1989"/>
 <Entity id="1990"/>
 <Entity id="1991"/>
 <Entity id="1992"/>
 <Entity id="1993"/>
 <Entity id="1994"/>
 <Entity id="1995"/>
 <Entity id="1996"/>
 <Entity id="1997"/>
 <Entity id="1998"/>
 <Entity id="1999"/>
 <Entity id="2000"/>
 <Entity id="2001"/>
 <Entity id="2002"/>
 <Entity id="2003"/>
 <Entity id="2004"/>
 <Entity id="2005"/>
 <Entity id="2006"/>
 <Entity id="2007"/>
 <Entity id="2008"/>
 <Entity id="2009"/>
 <Entity id="2010"/>
 <Entity id="2011"/>
 <Entity id="2012"/>
 <Entity id="2013"/>
 <Entity id="2014"/>
 <Entity id="2015"/>
 <Entity id="2016"/>
 <Entity id="2017"/>
 <Entity id="2018"/>
 <Entity id="2019"/>
 <Entity id="2020"/>
 <Entity id="2021"/>
 <Entity id="2022"/>
 <Entity id="2023"/>
 <Entity id="2024"/>
 <Entity id="2025"/>
 <Entity id="2026"/>
 <Entity id="2027"/>
 <Entity id="2028"/>
 <Entity id="2029"/>
 <Entity id="2030"/>
 <Entity id="2031"/>
 <Entity id="2032"/>
 <Entity id="2033"/>
 <Entity id="2034"/>
 <Entity id="2035"/>
 <Entity id="2036"/>
 <Entity id="2037"/>
 <Entity id="2038"/>
 <Entity id="2039"/>
 <Entity id="2040"/>
 <Entity id="2041"/>
 <Entity id="2042"/>
 <Entity id="2043"/>
 <Entity id="2044"/>
 <Entity id="2045"/>
 <Entity id="2046"/>
 <Entity id="2047"/>
 <Entity id="2048"/>
 <Entity id="2049"/>
 <Entity id="2050"/>
 <Entity id="2051"/>
 <Entity id="2052"/>
 <Entity id="2055"/>
 <Entity id="2056"/>
 <Entity id="2058"/>
 <Entity id="2060"/>
 <Entity id="2062"/>
 <Entity id="2065"/>
 <Entity id="2066"/>
 <Entity id="2068"/>
 <Entity id="2072"/>
 <Entity id="2075"/>
 <Entity id="2080"/>
 <Entity id="2084"/>
 <Entity id="2085"/>
 <Entity id="2087"/>
 <Entity id="2088"/>
 <Entity id="2089"/>
 <Entity id="2090"/>
 <Entity id="2091"/>
 <Entity id="2094"/>
 <Entity id="2095"/>
 <Entity id="2096"/>
 <Entity id="2097"/>
 <Entity id="2099"/>
 <Entity id="2102"/>
 <Entity id="2104"/>
 <Entity id="2106"/>
 <Entity id="2108"/>
 <Entity id="2109"/>
 <Entity id="2110"/>
 <Entity id="2111"/>
 <Entity id="2115"/>
 <Entity id="2116"/>
 <Entity id="2117"/>
 <Entity id="2119"/>
 <Entity id="2121"/>
 <Entity id="2123"/>
 <Entity id="2124"/>
 <Entity id="2125"/>
 <Entity id="2126"/>
 <Entity id="2128"/>
 <Entity id="2130"/>
 <Entity id="2132"/>
 <Entity id="2135"/>
 <Entity id="2138"/>
 <Entity id="2139"/>
 <Entity id="2140"/>
 <Entity id="2142"/>
 <Entity id="2143"/>
 <Entity id="2148"/>
 <Entity id="2149"/>
 <Entity id="2150"/>
 <Entity id="2153"/>
 <Entity id="2154"/>
 <Entity id="2156"/>
 <Entity id="2159"/>
 <Entity id="2160"/>
 <Entity id="2162"/>
 <Entity id="2172"/>
 <Entity id="2173"/>
 <Entity id="2175"/>
 <Entity id="2179"/>
 <Entity id="2180"/>
 <Entity id="2182"/>
 <Entity id="2184"/>
 <Entity id="2185"/>
 <Entity id="2188"/>
 <Entity id="2189"/>
 <Entity id="2191"/>
 <Entity id="2194"/>
 <Entity id="2198"/>
 <Entity id="2199"/>
 <Entity id="2202"/>
 <Entity id="2205"/>
 <Entity id="2208"/>
 <Entity id="2210"/>
 <Entity id="2212"/>
 <Entity id="2215"/>
 <Entity id="2216"/>
 <Entity id="2217"/>
 <Entity id="2218"/>
 <Entity id="2219"/>
 <Entity id="2224"/>
 <Entity id="2226"/>
 <Entity id="2229"/>
 <Entity id="2230"/>
 <Entity id="2231"/>
 <Entity id="2235"/>
 <Entity id="2241"/>
 <Entity id="2244"/>
 <Entity id="2246"/>
 <Entity id="2249"/>
 <Entity id="2250"/>
 <Entity id="2251"/>
 <Entity id="2254"/>
 <Entity id="2257"/>
 <Entity id="2262"/>
 <Entity id="2263"/>
 <Entity id="2265"/>
 <Entity id="2269"/>
 <Entity id="2272"/>
 <Entity id="2275"/>
 <Entity id="2277"/>
 <Entity id="2278"/>
 <Entity id="2279"/>
 <Entity id="2280"/>
 <Entity id="2281"/>
 <Entity id="2282"/>
 <Entity id="2283"/>
 <Entity id="2285"/>
 <Entity id="2287"/>
 <Entity id="2288"/>
 <Entity id="2291"/>
 <Entity id="2293"/>
 <Entity id="2297"/>
 <Entity id="2298"/>
 <Entity id="2299"/>
 <Entity id="2300"/>
 <Entity id="2302"/>
 <Entity id="2305"/>
 <Entity id="2306"/>
 <Entity id="2307"/>
 <Entity id="2311"/>
 <Entity id="2313"/>
 <Entity id="2315"/>
 <Entity id="2317"/>
 <Entity id="2318"/>
 <Entity id="2319"/>
 <Entity id="2321"/>
 <Entity id="2322"/>
 <Entity id="2324"/>
 <Entity id="2329"/>
 <Entity id="2332"/>
 <Entity id="2333"/>
 <Entity id="2335"/>
 <Entity id="2337"/>
 <Entity id="2341"/>
 <Entity id="2342"/>
 <Entity id="2343"/>
 <Entity id="2344"/>
 <Entity id="2345"/>
 <Entity id="2348"/>
 <Entity id="2351"/>
 <Entity id="2352"/>
 <Entity id="2353"/>
 <Entity id="2356"/>
 <Entity id="2357"/>
 <Entity id="2359"/>
 <Entity id="2360"/>
 <Entity id="2361"/>
 <Entity id="2363"/>
 <Entity id="2366"/>
 <Entity id="2369"/>
 <Entity id="2376"/>
 <Entity id="2378"/>
 <Entity id="2379"/>
 <Entity id="2382"/>
 <Entity id="2383"/>
 <Entity id="2386"/>
 <Entity id="2389"/>
 <Entity id="2391"/>
 <Entity id="2392"/>
 <Entity id="2394"/>
 <Entity id="2395"/>
 <Entity id="2398"/>
 <Entity id="2400"/>
 <Entity id="2401"/>
 <Entity id="2402"/>
 <Entity id="2403"/>
 <Entity id="2405"/>
 <Entity id="2414"/>
 <Entity id="2420"/>
 <Entity id="2422"/>
 <Entity id="2423"/>
 <Entity id="2424"/>
 <Entity id="2426"/>
 <Entity id="2428"/>
 <Entity id="2430"/>
 <Entity id="2431"/>
 <Entity id="2432"/>
 <Entity id="2434"/>
 <Entity id="2439"/>
 <Entity id="2440"/>
 <Entity id="2441"/>
 <Entity id="2442"/>
 <Entity id="2443"/>
 <Entity id="2444"/>
 <Entity id="2445"/>
 <Entity id="2448"/>
 <Entity id="2449"/>
 <Entity id="2450"/>
 <Entity id="2451"/>
 <Entity id="2452"/>
 <Entity id="2454"/>
 <Entity id="2456"/>
 <Entity id="2459"/>
 <Entity id="2463"/>
 <Entity id="2466"/>
 <Entity id="2467"/>
 <Entity id="2468"/>
 <Entity id="2469"/>
 <Entity id="2471"/>
 <Entity id="2473"/>
 <Entity id="2475"/>
 <Entity id="2476"/>
 <Entity id="2483"/>
 <Entity id="2489"/>
 <Entity id="2491"/>
 <Entity id="2493"/>
 <Entity id="2496"/>
 <Entity id="2498"/>
 <Entity id="2499"/>
 <Entity id="2500"/>
 <Entity id="2501"/>
 <Entity id="2503"/>
 <Entity id="2504"/>
 <Entity id="2507"/>
 <Entity id="2509"/>
 <Entity id="2512"/>
 <Entity id="2515"/>
 <Entity id="2516"/>
 <Entity id="2517"/>
 <Entity id="2518"/>
 <Entity id="2520"/>
 <Entity id="2522"/>
 <Entity id="2523"/>
 <Entity id="2525"/>
 <Entity id="2526"/>
 <Entity id="2528"/>
 <Entity id="2530"/>
 <Entity id="2532"/>
 <Entity id="2533"/>
 <Entity id="2534"/>
 <Entity id="2535"/>
 <Entity id="2543"/>
 <Entity id="2550"/>
 <Entity id="2552"/>
 <Entity id="2554"/>
 <Entity id="2555"/>
 <Entity id="2556"/>
 <Entity id="2558"/>
 <Entity id="2573"/>
 <Entity id="2590"/>
 <Entity id="2593"/>
 <Entity id="2597"/>
 <Entity id="2598"/>
 <Entity id="2599"/>
 <Entity id="2600"/>
 <Entity id="2602"/>
 <Entity id="2604"/>
 <Entity id="2606"/>
 <Entity id="2607"/>
 <Entity id="2608"/>
 <Entity id="2611"/>
 <Entity id="2612"/>
 <Entity id="2616"/>
 <Entity id="2618"/>
 <Entity id="2635"/>
 <Entity id="2638"/>
 <Entity id="2643"/>
 <Entity id="2656"/>
 <Entity id="2657"/>
 <Entity id="2671"/>
 <Entity id="2685"/>
 <Entity id="2686"/>
 <Entity id="2689"/>
 <Entity id="2697"/>
 <Entity id="2700"/>
 <Entity id="2708"/>
 <Entity id="2710"/>
 <Entity id="2713"/>
 <Entity id="2715"/>
 <Entity id="2716"/>
 <Entity id="2730"/>
 <Entity id="2733"/>
 <Entity id="2734"/>
 <Entity id="2743"/>
 <Entity id="2744"/>
 <Entity id="2745"/>
 <Entity id="2751"/>
 <Entity id="2757"/>
 <Entity id="2771"/>
 <Entity id="2772"/>
 <Entity id="2776"/>
 <Entity id="2785"/>
 <Entity id="2788"/>
 <Entity id="2792"/>
 <Entity id="2796"/>
 <Entity id="2798"/>
 <Entity id="2799"/>
 <Entity id="2802"/>
 <Entity id="2807"/>
 <Entity id="2814"/>
 <Entity id="2839"/>
 <Entity id="2842"/>
 <Entity id="2844"/>
 <Entity id="2845"/>
 <Entity id="2852"/>
 <Entity id="2854"/>
 <Entity id="2868"/>
 <Entity id="2870"/>
 <Entity id="2872"/>
 <Entity id="2877"/>
 <Entity id="2878"/>
 <Entity id="2879"/>
 <Entity id="2881"/>
 <Entity id="2882"/>
 <Entity id="2883"/>
 <Entity id="2885"/>
 <Entity id="2887"/>
 <Entity id="2888"/>
 <Entity id="2889"/>
 <Entity id="2894"/>
 <Entity id="2899"/>
 <Entity id="2901"/>
 <Entity id="2902"/>
 <Entity id="2903"/>
 <Entity id="2904"/>
 <Entity id="2909"/>
 <Entity id="2915"/>
 <Entity id="2917"/>
 <Entity id="2919"/>
 <Entity id="2920"/>
 <Entity id="2921"/>
 <Entity id="2924"/>
 <Entity id="2926"/>
 <Entity id="2927"/>
 <Entity id="2928"/>
 <Entity id="2929"/>
 <Entity id="2936"/>
 <Entity id="2939"/>
 <Entity id="2942"/>
 <Entity id="2944"/>
 <Entity id="2947"/>
 <Entity id="2951"/>
 <Entity id="2954"/>
 <Entity id="2956"/>
 <Entity id="2959"/>
 <Entity id="2960"/>
 <Entity id="2967"/>
 <Entity id="2971"/>
 <Entity id="2973"/>
 <Entity id="2976"/>
 <Entity id="2978"/>
 <Entity id="2981"/>
 <Entity id="2986"/>
 <Entity id="2987"/>
 <Entity id="2988"/>
 <Entity id="2990"/>
 <Entity id="2992"/>
 <Entity id="2996"/>
 <Entity id="2999"/>
 <Entity id="3009"/>
 <Entity id="3011"/>
 <Entity id="3015"/>
 <Entity id="3020"/>
 <Entity id="3036"/>
 <Entity id="3039"/>
 <Entity id="3040"/>
 <Entity id="3042"/>
 <Entity id="3050"/>
 <Entity id="3056"/>
 <Entity id="3061"/>
 <Entity id="3063"/>
 <Entity id="3075"/>
 <Entity id="3076"/>
 <Entity id="3079"/>
 <Entity id="3080"/>
 <Entity id="3082"/>
 <Entity id="3083"/>
 <Entity id="3086"/>
 <Entity id="3107"/>
 <Entity id="3108"/>
 <Entity id="3109"/>
 <Entity id="3110"/>
 <Entity id="3111"/>
 <Entity id="3112"/>
 <Entity id="3113"/>
 <Entity id="3114"/>
 <Entity id="3115"/>
 <Entity id="3117"/>
 <Entity id="3118"/>
 <Entity id="3120"/>
 <Entity id="3122"/>
 <Entity id="3123"/>
 <Entity id="3126"/>
 <Entity id="3129"/>
 <Entity id="3131"/>
 <Entity id="3132"/>
 <Entity id="3133"/>
 <Entity id="3137"/>
 <Entity id="3141"/>
 <Entity id="3142"/>
 <Entity id="3144"/>
 <Entity id="3146"/>
 <Entity id="3155"/>
 <Entity id="3157"/>
 <Entity id="3159"/>
 <Entity id="3163"/>
 <Entity id="3165"/>
 <Entity id="3166"/>
 <Entity id="3168"/>
 <Entity id="3170"/>
 <Entity id="3173"/>
 <Entity id="3176"/>
 <Entity id="3179"/>
 <Entity id="3181"/>
 <Entity id="3183"/>
 <Entity id="3188"/>
 <Entity id="3198"/>
 <Entity id="3205"/>
 <Entity id="3208"/>
 <Entity id="3209"/>
 <Entity id="3211"/>
 <Entity id="3219"/>
 <Entity id="3221"/>
 <Entity id="3223"/>
 <Entity id="3225"/>
 <Entity id="3226"/>
 <Entity id="3227"/>
 <Entity id="3228"/>
 <Entity id="3232"/>
 <Entity id="3233"/>
 <Entity id="3235"/>
 <Entity id="3236"/>
 <Entity id="3237"/>
 <Entity id="3238"/>
 <Entity id="3241"/>
 <Entity id="3242"/>
 <Entity id="3243"/>
 <Entity id="3244"/>
 <Entity id="3245"/>
 <Entity id="3246"/>
 <Entity id="3248"/>
 <Entity id="3250"/>
 <Entity id="3252"/>
 <Entity id="3254"/>
 <Entity id="3256"/>
 <Entity id="3257"/>
 <Entity id="3258"/>
 <Entity id="3259"/>
 <Entity id="3260"/>
 <Entity id="3261"/>
 <Entity id="3262"/>
 <Entity id="3264"/>
 <Entity id="3268"/>
 <Entity id="3275"/>
 <Entity id="3276"/>
 <Entity id="3277"/>
 <Entity id="3280"/>
 <Entity id="3283"/>
 <Entity id="3284"/>
 <Entity id="3286"/>
 <Entity id="3288"/>
 <Entity id="3291"/>
 <Entity id="3294"/>
 <Entity id="3295"/>
 <Entity id="3296"/>
 <Entity id="3297"/>
 <Entity id="3298"/>
 <Entity id="3302"/>
 <Entity id="3303"/>
 <Entity id="3308"/>
 <Entity id="3309"/>
 <Entity id="3315"/>
 <Entity id="3317"/>
 <Entity id="3320"/>
 <Entity id="3323"/>
 <Entity id="3325"/>
 <Entity id="3328"/>
 <Entity id="3333"/>
 <Entity id="3336"/>
 <Entity id="3348"/>
 <Entity id="3349"/>
 <Entity id="3357"/>
 <Entity id="3360"/>
 <Entity id="3366"/>
 <Entity id="3369"/>
 <Entity id="3370"/>
 <Entity id="3371"/>
 <Entity id="3375"/>
 <Entity id="3377"/>
 <Entity id="3379"/>
 <Entity id="3380"/>
 <Entity id="3383"/>
 <Entity id="3385"/>
 <Entity id="3386"/>
 <Entity id="3387"/>
 <Entity id="3389"/>
 <Entity id="3399"/>
 <Entity id="3405"/>
 <Entity id="3407"/>
 <Entity id="3422"/>
 <Entity id="3423"/>
 <Entity id="3426"/>
 <Entity id="3431"/>
 <Entity id="3442"/>
 <Entity id="3452"/>
 <Entity id="3454"/>
 <Entity id="3455"/>
 <Entity id="3460"/>
 <Entity id="3461"/>
 <Entity id="3464"/>
 <Entity id="3465"/>
 <Entity id="3467"/>
 <Entity id="3468"/>
 <Entity id="3472"/>
 <Entity id="3477"/>
 <Entity id="3480"/>
 <Entity id="3483"/>
 <Entity id="3484"/>
 <Entity id="3492"/>
 <Entity id="3497"/>
 <Entity id="3512"/>
 <Entity id="3513"/>
 <Entity id="3530"/>
 <Entity id="3533"/>
 <Entity id="3536"/>
 <Entity id="3543"/>
 <Entity id="3547"/>
 <Entity id="3548"/>
 <Entity id="3553"/>
 <Entity id="3561"/>
 <Entity id="3566"/>
 <Entity id="3575"/>
 <Entity id="3580"/>
 <Entity id="3586"/>
 <Entity id="3589"/>
 <Entity id="3590"/>
 <Entity id="3598"/>
 <Entity id="3600"/>
 <Entity id="3602"/>
 <Entity id="3608"/>
 <Entity id="3617"/>
 <Entity id="3619"/>
 <Entity id="3623"/>
 <Entity id="3624"/>
 <Entity id="3625"/>
 <Entity id="3626"/>
 <Entity id="3627"/>
 <Entity id="3630"/>
 <Entity id="3633"/>
 <Entity id="3636"/>
 <Entity id="3638"/>
 <Entity id="3640"/>
 <Entity id="3642"/>
 <Entity id="3643"/>
 <Entity id="3646"/>
 <Entity id="3648"/>
 <Entity id="3650"/>
 <Entity id="3651"/>
 <Entity id="3652"/>
 <Entity id="3654"/>
 <Entity id="3655"/>
 <Entity id="3656"/>
 <Entity id="3657"/>
 <Entity id="3658"/>
 <Entity id="3661"/>
 <Entity id="3662"/>
 <Entity id="3663"/>
 <Entity id="3664"/>
 <Entity id="3666"/>
 <Entity id="3672"/>
 <Entity id="3673"/>
 <Entity id="3674"/>
 <Entity id="3675"/>
 <Entity id="3678"/>
 <Entity id="3679"/>
 <Entity id="3680"/>
 <Entity id="3683"/>
 <Entity id="3687"/>
 <Entity id="3688"/>
 <Entity id="3689"/>
 <Entity id="3692"/>
 <Entity id="3694"/>
 <Entity id="3695"/>
 <Entity id="3696"/>
 <Entity id="3698"/>
 <Entity id="3703"/>
 <Entity id="3706"/>
 <Entity id="3707"/>
 <Entity id="3708"/>
 <Entity id="3709"/>
 <Entity id="3716"/>
 <Entity id="3717"/>
 <Entity id="3718"/>
 <Entity id="3719"/>
 <Entity id="3721"/>
 <Entity id="3722"/>
 <Entity id="3723"/>
 <Entity id="3724"/>
 <Entity id="3725"/>
 <Entity id="3731"/>
 <Entity id="3732"/>
 <Entity id="3733"/>
 <Entity id="3734"/>
 <Entity id="3735"/>
 <Entity id="3736"/>
 <Entity id="3737"/>
 <Entity id="3739"/>
 <Entity id="3742"/>
 <Entity id="3744"/>
 <Entity id="3746"/>
 <Entity id="3747"/>
 <Entity id="3748"/>
 <Entity id="3749"/>
 <Entity id="3751"/>
 <Entity id="3753"/>
 <Entity id="3758"/>
 <Entity id="3759"/>
 <Entity id="3760"/>
 <Entity id="3761"/>
 <Entity id="3762"/>
 <Entity id="3763"/>
 <Entity id="3765"/>
 <Entity id="3766"/>
 <Entity id="3767"/>
 <Entity id="3769"/>
 <Entity id="3770"/>
 <Entity id="3773"/>
 <Entity id="3776"/>
 <Entity id="3777"/>
 <Entity id="3778"/>
 <Entity id="3780"/>
 <Entity id="3785"/>
 <Entity id="3792"/>
 <Entity id="3793"/>
 <Entity id="3794"/>
 <Entity id="3795"/>
 <Entity id="3801"/>
 <Entity id="3806"/>
 <Entity id="3808"/>
 <Entity id="3813"/>
 <Entity id="3814"/>
 <Entity id="3818"/>
 <Entity id="3830"/>
 <Entity id="3831"/>
 <Entity id="3835"/>
 <Entity id="3837"/>
 <Entity id="3849"/>
 <Entity id="3850"/>
 <Entity id="3851"/>
 <Entity id="3863"/>
 <Entity id="3871"/>
 <Entity id="3875"/>
 <Entity id="3876"/>
 <Entity id="3877"/>
 <Entity id="3887"/>
 <Entity id="3892"/>
 <Entity id="3901"/>
 <Entity id="3903"/>
 <Entity id="3905"/>
 <Entity id="3909"/>
 <Entity id="3911"/>
 <Entity id="3916"/>
 <Entity id="3917"/>
 <Entity id="3918"/>
 <Entity id="3920"/>
 <Entity id="3921"/>
 <Entity id="3923"/>
 <Entity id="3929"/>
 <Entity id="3931"/>
 <Entity id="3935"/>
 <Entity id="3940"/>
 <Entity id="3944"/>
 <Entity id="3948"/>
 <Entity id="3965"/>
 <Entity id="3970"/>
 <Entity id="3972"/>
 <Entity id="3976"/>
 <Entity id="3987"/>
 <Entity id="3993"/>
 <Entity id="3994"/>
 <Entity id="3995"/>
 <Entity id="4012"/>
 <Entity id="4021"/>
 <Entity id="4022"/>
 <Entity id="4023"/>
 <Entity id="4024"/>
 <Entity id="4028"/>
 <Entity id="4034"/>
 <Entity id="4037"/>
 <Entity id="4042"/>
 <Entity id="4049"/>
 <Entity id="4055"/>
 <Entity id="4056"/>
 <Entity id="4059"/>
 <Entity id="4066"/>
 <Entity id="4071"/>
 <Entity id="4072"/>
 <Entity id="4075"/>
 <Entity id="4076"/>
 <Entity id="4078"/>
 <Entity id="4081"/>
 <Entity id="4089"/>
 <Entity id="4092"/>
 <Entity id="4093"/>
 <Entity id="4094"/>
 <Entity id="4097"/>
 <Entity id="4098"/>
 <Entity id="4101"/>
 <Entity id="4102"/>
 <Entity id="4104"/>
 <Entity id="4106"/>
 <Entity id="4107"/>
 <Entity id="4111"/>
 <Entity id="4113"/>
 <Entity id="4117"/>
 <Entity id="4118"/>
 <Entity id="4121"/>
 <Entity id="4126"/>
 <Entity id="4134"/>
 <Entity id="4135"/>
 <Entity id="4138"/>
 <Entity id="4139"/>
 <Entity id="4145"/>
 <Entity id="4146"/>
 <Entity id="4147"/>
 <Entity id="4150"/>
 <Entity id="4152"/>
 <Entity id="4154"/>
 <Entity id="4158"/>
 <Entity id="4160"/>
 <Entity id="4163"/>
 <Entity id="4164"/>
 <Entity id="4167"/>
 <Entity id="4168"/>
 <Entity id="4169"/>
 <Entity id="4171"/>
 <Entity id="4172"/>
 <Entity id="4173"/>
 <Entity id="4174"/>
 <Entity id="4176"/>
 <Entity id="4177"/>
 <Entity id="4178"/>
 <Entity id="4179"/>
 <Entity id="4182"/>
 <Entity id="4183"/>
 <Entity id="4184"/>
 <Entity id="4186"/>
 <Entity id="4187"/>
 <Entity id="4188"/>
 <Entity id="4189"/>
 <Entity id="4192"/>
 <Entity id="4194"/>
 <Entity id="4196"/>
 <Entity id="4199"/>
 <Entity id="4200"/>
 <Entity id="4201"/>
 <Entity id="4202"/>
 <Entity id="4203"/>
 <Entity id="4204"/>
 <Entity id="4207"/>
 <Entity id="4208"/>
 <Entity id="4209"/>
 <Entity id="4211"/>
 <Entity id="4212"/>
 <Entity id="4213"/>
 <Entity id="4214"/>
 <Entity id="4215"/>
 <Entity id="4216"/>
 <Entity id="4217"/>
 <Entity id="4218"/>
 <Entity id="4219"/>
 <Entity id="4220"/>
 <Entity id="4221"/>
 <Entity id="4222"/>
 <Entity id="4223"/>
 <Entity id="4224"/>
 <Entity id="4225"/>
 <Entity id="4227"/>
 <Entity id="4228"/>
 <Entity id="4229"/>
 <Entity id="4230"/>
 <Entity id="4231"/>
 <Entity id="4232"/>
 <Entity id="4233"/>
 <Entity id="4234"/>
 <Entity id="4235"/>
 <Entity id="4236"/>
 <Entity id="4237"/>
 <Entity id="4238"/>
 <Entity id="4239"/>
 <Entity id="4240"/>
 <Entity id="4241"/>
 <Entity id="4242"/>
 <Entity id="4243"/>
 <Entity id="4244"/>
 <Entity id="4246"/>
 <Entity id="4247"/>
 <Entity id="4248"/>
 <Entity id="4249"/>
 <Entity id="4250"/>
 <Entity id="4251"/>
 <Entity id="4252"/>
 <Entity id="4253"/>
 <Entity id="4254"/>
 <Entity id="4255"/>
 <Entity id="4257"/>
 <Entity id="4258"/>
 <Entity id="4259"/>
 <Entity id="4260"/>
 <Entity id="4261"/>
 <Entity id="4262"/>
 <Entity id="4263"/>
 <Entity id="4264"/>
 <Entity id="4265"/>
 <Entity id="4268"/>
 <Entity id="4269"/>
 <Entity id="4271"/>
 <Entity id="4272"/>
 <Entity id="4275"/>
 <Entity id="4276"/>
 <Entity id="4277"/>
 <Entity id="4278"/>
 <Entity id="4279"/>
 <Entity id="4280"/>
 <Entity id="4281"/>
 <Entity id="4282"/>
 <Entity id="4283"/>
 <Entity id="4284"/>
 <Entity id="4285"/>
 <Entity id="4286"/>
 <Entity id="4287"/>
 <Entity id="4288"/>
 <Entity id="4289"/>
 <Entity id="4290"/>
 <Entity id="4291"/>
 <Entity id="4293"/>
 <Entity id="4294"/>
 <Entity id="4295"/>
 <Entity id="4296"/>
 <Entity id="4297"/>
 <Entity id="4298"/>
 <Entity id="4299"/>
 <Entity id="4300"/>
 <Entity id="4301"/>
 <Entity id="4302"/>
 <Entity id="4303"/>
 <Entity id="4304"/>
 <Entity id="4305"/>
 <Entity id="4308"/>
 <Entity id="4311"/>
 <Entity id="4312"/>
 <Entity id="4313"/>
 <Entity id="4314"/>
 <Entity id="4315"/>
 <Entity id="4317"/>
 <Entity id="4320"/>
 <Entity id="4321"/>
 <Entity id="4322"/>
 <Entity id="4323"/>
 <Entity id="4324"/>
 <Entity id="4325"/>
 <Entity id="4326"/>
 <Entity id="4327"/>
 <Entity id="4330"/>
 <Entity id="4331"/>
 <Entity id="4332"/>
 <Entity id="4333"/>
 <Entity id="4334"/>
 <Entity id="4335"/>
 <Entity id="4337"/>
 <Entity id="4338"/>
 <Entity id="4339"/>
 <Entity id="4340"/>
 <Entity id="4341"/>
 <Entity id="4342"/>
 <Entity id="4343"/>
 <Entity id="4344"/>
 <Entity id="4345"/>
 <Entity id="4346"/>
 <Entity id="4347"/>
 <Entity id="4348"/>
 <Entity id="4349"/>
 <Entity id="4350"/>
 <Entity id="4353"/>
 <Entity id="4354"/>
 <Entity id="4356"/>
 <Entity id="4357"/>
 <Entity id="4358"/>
 <Entity id="4359"/>
 <Entity id="4360"/>
 <Entity id="4361"/>
 <Entity id="4363"/>
 <Entity id="4364"/>
 <Entity id="4366"/>
 <Entity id="4367"/>
 <Entity id="4368"/>
 <Entity id="4369"/>
 <Entity id="4370"/>
 <Entity id="4371"/>
 <Entity id="4372"/>
 <Entity id="4374"/>
 <Entity id="4375"/>
 <Entity id="4376"/>
 <Entity id="4377"/>
 <Entity id="4378"/>
 <Entity id="4379"/>
 <Entity id="4380"/>
 <Entity id="4381"/>
 <Entity id="4382"/>
 <Entity id="4383"/>
 <Entity id="4384"/>
 <Entity id="4385"/>
 <Entity id="4386"/>
 <Entity id="4389"/>
 <Entity id="4390"/>
 <Entity id="4391"/>
 <Entity id="4392"/>
 <Entity id="4393"/>
 <Entity id="4394"/>
 <Entity id="4395"/>
 <Entity id="4396"/>
 <Entity id="4397"/>
 <Entity id="4398"/>
 <Entity id="4399"/>
 <Entity id="4400"/>
 <Entity id="4401"/>
 <Entity id="4402"/>
 <Entity id="4403"/>
 <Entity id="4404"/>
 <Entity id="4405"/>
 <Entity id="4407"/>
 <Entity id="4408"/>
 <Entity id="4409"/>
 <Entity id="4410"/>
 <Entity id="4411"/>
 <Entity id="4412"/>
 <Entity id="4413"/>
 <Entity id="4414"/>
 <Entity id="4415"/>
 <Entity id="4416"/>
 <Entity id="4417"/>
 <Entity id="4418"/>
 <Entity id="4419"/>
 <Entity id="4420"/>
 <Entity id="4422"/>
 <Entity id="4423"/>
 <Entity id="4424"/>
 <Entity id="4425"/>
 <Entity id="4426"/>
 <Entity id="4427"/>
 <Entity id="4428"/>
 <Entity id="4429"/>
 <Entity id="4430"/>
 <Entity id="4431"/>
 <Entity id="4432"/>
 <Entity id="4433"/>
 <Entity id="4434"/>
 <Entity id="4435"/>
 <Entity id="4436"/>
 <Entity id="4437"/>
 <Entity id="4438"/>
 <Entity id="4439"/>
 <Entity id="4440"/>
 <Entity id="4441"/>
 <Entity id="4442"/>
 <Entity id="4443"/>
 <Entity id="4444"/>
 <Entity id="4445"/>
 <Entity id="4446"/>
 <Entity id="4447"/>
 <Entity id="4451"/>
 <Entity id="4452"/>
 <Entity id="4453"/>
 <Entity id="4454"/>
 <Entity id="4455"/>
 <Entity id="4456"/>
 <Entity id="4457"/>
 <Entity id="4458"/>
 <Entity id="4459"/>
 <Entity id="4460"/>
 <Entity id="4461"/>
 <Entity id="4462"/>
 <Entity id="4463"/>
 <Entity id="4464"/>
 <Entity id="4465"/>
 <Entity id="4466"/>
 <Entity id="4468"/>
 <Entity id="4469"/>
 <Entity id="4470"/>
 <Entity id="4471"/>
 <Entity id="4472"/>
 <Entity id="4473"/>
 <Entity id="4474"/>
 <Entity id="4476"/>
 <Entity id="4477"/>
 <Entity id="4479"/>
 <Entity id="4480"/>
 <Entity id="4481"/>
 <Entity id="4482"/>
 <Entity id="4483"/>
 <Entity id="4484"/>
 <Entity id="4485"/>
 <Entity id="4486"/>
 <Entity id="4487"/>
 <Entity id="4488"/>
 <Entity id="4489"/>
 <Entity id="4490"/>
 <Entity id="4491"/>
 <Entity id="4492"/>
 <Entity id="4493"/>
 <Entity id="4494"/>
 <Entity id="4495"/>
 <Entity id="4496"/>
 <Entity id="4497"/>
 <Entity id="4498"/>
 <Entity id="4499"/>
 <Entity id="4500"/>
 <Entity id="4501"/>
 <Entity id="4502"/>
 <Entity id="4503"/>
 <Entity id="4506"/>
 <Entity id="4507"/>
 <Entity id="4508"/>
 <Entity id="4509"/>
 <Entity id="4510"/>
 <Entity id="4511"/>
 <Entity id="4513"/>
 <Entity id="4516"/>
 <Entity id="4518"/>
 <Entity id="4519"/>
 <Entity id="4521"/>
 <Entity id="4522"/>
 <Entity id="4523"/>
 <Entity id="4524"/>
 <Entity id="4526"/>
 <Entity id="4527"/>
 <Entity id="4528"/>
 <Entity id="4529"/>
 <Entity id="4531"/>
 <Entity id="4536"/>
 <Entity id="4540"/>
 <Entity id="4547"/>
 <Entity id="4548"/>
 <Entity id="4550"/>
 <Entity id="4552"/>
 <Entity id="4553"/>
 <Entity id="4554"/>
 <Entity id="4557"/>
 <Entity id="4558"/>
 <Entity id="4559"/>
 <Entity id="4561"/>
 <Entity id="4563"/>
 <Entity id="4564"/>
 <Entity id="4565"/>
 <Entity id="4566"/>
 <Entity id="4567"/>
 <Entity id="4568"/>
 <Entity id="4570"/>
 <Entity id="4574"/>
 <Entity id="4575"/>
 <Entity id="4577"/>
 <Entity id="4581"/>
 <Entity id="4583"/>
 <Entity id="4585"/>
 <Entity id="4586"/>
 <Entity id="4587"/>
 <Entity id="4588"/>
 <Entity id="4591"/>
 <Entity id="4592"/>
 <Entity id="4598"/>
 <Entity id="4600"/>
 <Entity id="4601"/>
 <Entity id="4603"/>
 <Entity id="4604"/>
 <Entity id="4605"/>
 <Entity id="4606"/>
 <Entity id="4608"/>
 <Entity id="4609"/>
 <Entity id="4610"/>
 <Entity id="4611"/>
 <Entity id="4612"/>
 <Entity id="4614"/>
 <Entity id="4617"/>
 <Entity id="4622"/>
 <Entity id="4624"/>
 <Entity id="4625"/>
 <Entity id="4627"/>
 <Entity id="4629"/>
 <Entity id="4630"/>
 <Entity id="4631"/>
 <Entity id="4632"/>
 <Entity id="4633"/>
 <Entity id="4634"/>
 <Entity id="4635"/>
 <Entity id="4636"/>
 <Entity id="4637"/>
 <Entity id="4638"/>
 <Entity id="4639"/>
 <Entity id="4640"/>
 <Entity id="4641"/>
 <Entity id="4642"/>
 <Entity id="4643"/>
 <Entity id="4644"/>
 <Entity id="4645"/>
 <Entity id="4646"/>
 <Entity id="4647"/>
 <Entity id="4648"/>
 <Entity id="4649"/>
 <Entity id="4650"/>
 <Entity id="4651"/>
 <Entity id="4654"/>
 <Entity id="4655"/>
 <Entity id="4656"/>
 <Entity id="4657"/>
 <Entity id="4658"/>
 <Entity id="4659"/>
 <Entity id="4660"/>
 <Entity id="4661"/>
 <Entity id="4662"/>
 <Entity id="4663"/>
 <Entity id="4664"/>
 <Entity id="4665"/>
 <Entity id="4666"/>
 <Entity id="4667"/>
 <Entity id="4668"/>
 <Entity id="4669"/>
 <Entity id="4670"/>
 <Entity id="4671"/>
 <Entity id="4672"/>
 <Entity id="4673"/>
 <Entity id="4674"/>
 <Entity id="4675"/>
 <Entity id="4676"/>
 <Entity id="4677"/>
 <Entity id="4678"/>
 <Entity id="4679"/>
 <Entity id="4680"/>
 <Entity id="4681"/>
 <Entity id="4682"/>
 <Entity id="4683"/>
 <Entity id="4685"/>
 <Entity id="4686"/>
 <Entity id="4688"/>
 <Entity id="4689"/>
 <Entity id="4690"/>
 <Entity id="4691"/>
 <Entity id="4692"/>
 <Entity id="4693"/>
 <Entity id="4694"/>
 <Entity id="4695"/>
 <Entity id="4696"/>
 <Entity id="4697"/>
 <Entity id="4698"/>
 <Entity id="4699"/>
 <Entity id="4700"/>
 <Entity id="4701"/>
 <Entity id="4702"/>
 <Entity id="4703"/>
 <Entity id="4704"/>
 <Entity id="4705"/>
 <Entity id="4707"/>
 <Entity id="4708"/>
 <Entity id="4709"/>
 <Entity id="4710"/>
 <Entity id="4711"/>
 <Entity id="4712"/>
 <Entity id="4713"/>
 <Entity id="4714"/>
</EntitySerialization>
