<EntitySerialization>
 <Entity id="1"/>
 <Entity id="2"/>
 <Entity id="3"/>
 <Entity id="4"/>
 <Entity id="5"/>
 <Entity id="6"/>
 <Entity id="7"/>
 <Entity id="8"/>
 <Entity id="9"/>
 <Entity id="10"/>
 <Entity id="11"/>
 <Entity id="12"/>
 <Entity id="13"/>
 <Entity id="14"/>
 <Entity id="15"/>
 <Entity id="16"/>
 <Entity id="17"/>
 <Entity id="18"/>
 <Entity id="19"/>
 <Entity id="20"/>
 <Entity id="21"/>
 <Entity id="22"/>
 <Entity id="23"/>
 <Entity id="24"/>
 <Entity id="25"/>
 <Entity id="26"/>
 <Entity id="27"/>
 <Entity id="28"/>
 <Entity id="29"/>
 <Entity id="30"/>
 <Entity id="31"/>
 <Entity id="32"/>
 <Entity id="33"/>
 <Entity id="34"/>
 <Entity id="35"/>
 <Entity id="36"/>
 <Entity id="37"/>
 <Entity id="38"/>
 <Entity id="39"/>
 <Entity id="40"/>
 <Entity id="41"/>
 <Entity id="42"/>
 <Entity id="43"/>
 <Entity id="44"/>
 <Entity id="45"/>
 <Entity id="46"/>
 <Entity id="47"/>
 <Entity id="48"/>
 <Entity id="49"/>
 <Entity id="50"/>
 <Entity id="51"/>
 <Entity id="52"/>
 <Entity id="53"/>
 <Entity id="54"/>
 <Entity id="55"/>
 <Entity id="56"/>
 <Entity id="57"/>
 <Entity id="58"/>
 <Entity id="59"/>
 <Entity id="60"/>
 <Entity id="61"/>
 <Entity id="62"/>
 <Entity id="63"/>
 <Entity id="64"/>
 <Entity id="65"/>
 <Entity id="66"/>
 <Entity id="67"/>
 <Entity id="68"/>
 <Entity id="69"/>
 <Entity id="70"/>
 <Entity id="71"/>
 <Entity id="72"/>
 <Entity id="73"/>
 <Entity id="74"/>
 <Entity id="75"/>
 <Entity id="76"/>
 <Entity id="77"/>
 <Entity id="78"/>
 <Entity id="79"/>
 <Entity id="80"/>
 <Entity id="81"/>
 <Entity id="82"/>
 <Entity id="83"/>
 <Entity id="84"/>
 <Entity id="85"/>
 <Entity id="86"/>
 <Entity id="87"/>
 <Entity id="88"/>
 <Entity id="89"/>
 <Entity id="90"/>
 <Entity id="91"/>
 <Entity id="92"/>
 <Entity id="93"/>
 <Entity id="94"/>
 <Entity id="95"/>
 <Entity id="96"/>
 <Entity id="97"/>
 <Entity id="98"/>
 <Entity id="99"/>
 <Entity id="100"/>
 <Entity id="101"/>
 <Entity id="102"/>
 <Entity id="103"/>
 <Entity id="104"/>
 <Entity id="105"/>
 <Entity id="106"/>
 <Entity id="107"/>
 <Entity id="108"/>
 <Entity id="109"/>
 <Entity id="110"/>
 <Entity id="111"/>
 <Entity id="112"/>
 <Entity id="113"/>
 <Entity id="114"/>
 <Entity id="115"/>
 <Entity id="116"/>
 <Entity id="117"/>
 <Entity id="118"/>
 <Entity id="119"/>
 <Entity id="120"/>
 <Entity id="121"/>
 <Entity id="122"/>
 <Entity id="123"/>
 <Entity id="124"/>
 <Entity id="125"/>
 <Entity id="126"/>
 <Entity id="127"/>
 <Entity id="128"/>
 <Entity id="129"/>
 <Entity id="130"/>
 <Entity id="131"/>
 <Entity id="132"/>
 <Entity id="133"/>
 <Entity id="134"/>
 <Entity id="135"/>
 <Entity id="136"/>
 <Entity id="137"/>
 <Entity id="138"/>
 <Entity id="139"/>
 <Entity id="140"/>
 <Entity id="141"/>
 <Entity id="142"/>
 <Entity id="143"/>
 <Entity id="144"/>
 <Entity id="145"/>
 <Entity id="146"/>
 <Entity id="147"/>
 <Entity id="148"/>
 <Entity id="149"/>
 <Entity id="150"/>
 <Entity id="151"/>
 <Entity id="152"/>
 <Entity id="153"/>
 <Entity id="154"/>
 <Entity id="155"/>
 <Entity id="156"/>
 <Entity id="157"/>
 <Entity id="158"/>
 <Entity id="159"/>
 <Entity id="160"/>
 <Entity id="161"/>
 <Entity id="162"/>
 <Entity id="163"/>
 <Entity id="164"/>
 <Entity id="165"/>
 <Entity id="166"/>
 <Entity id="167"/>
 <Entity id="168"/>
 <Entity id="169"/>
 <Entity id="170"/>
 <Entity id="171"/>
 <Entity id="172"/>
 <Entity id="173"/>
 <Entity id="174"/>
 <Entity id="175"/>
 <Entity id="176"/>
 <Entity id="177"/>
 <Entity id="178"/>
 <Entity id="179"/>
 <Entity id="180"/>
 <Entity id="181"/>
 <Entity id="182"/>
 <Entity id="183"/>
 <Entity id="184"/>
 <Entity id="185"/>
 <Entity id="186"/>
 <Entity id="187"/>
 <Entity id="188"/>
 <Entity id="189"/>
 <Entity id="190"/>
 <Entity id="191"/>
 <Entity id="192"/>
 <Entity id="193"/>
 <Entity id="194"/>
 <Entity id="195"/>
 <Entity id="196"/>
 <Entity id="197"/>
 <Entity id="198"/>
 <Entity id="199"/>
 <Entity id="200"/>
 <Entity id="201"/>
 <Entity id="202"/>
 <Entity id="203"/>
 <Entity id="204"/>
 <Entity id="205"/>
 <Entity id="206"/>
 <Entity id="207"/>
 <Entity id="208"/>
 <Entity id="209"/>
 <Entity id="210"/>
 <Entity id="211"/>
 <Entity id="212"/>
 <Entity id="213"/>
 <Entity id="214"/>
 <Entity id="215"/>
 <Entity id="216"/>
 <Entity id="217"/>
 <Entity id="218"/>
 <Entity id="219"/>
 <Entity id="220"/>
 <Entity id="221"/>
 <Entity id="222"/>
 <Entity id="223"/>
 <Entity id="224"/>
 <Entity id="225"/>
 <Entity id="226"/>
 <Entity id="227"/>
 <Entity id="228"/>
 <Entity id="229"/>
 <Entity id="230"/>
 <Entity id="231"/>
 <Entity id="232"/>
 <Entity id="233"/>
 <Entity id="234"/>
 <Entity id="235"/>
 <Entity id="236"/>
 <Entity id="237"/>
 <Entity id="238"/>
 <Entity id="239"/>
 <Entity id="240"/>
 <Entity id="241"/>
 <Entity id="242"/>
 <Entity id="243"/>
 <Entity id="244"/>
 <Entity id="245"/>
 <Entity id="246"/>
 <Entity id="247"/>
 <Entity id="248"/>
 <Entity id="249"/>
 <Entity id="250"/>
 <Entity id="251"/>
 <Entity id="252"/>
 <Entity id="253"/>
 <Entity id="254"/>
 <Entity id="255"/>
 <Entity id="256"/>
 <Entity id="257"/>
 <Entity id="258"/>
 <Entity id="259"/>
 <Entity id="260"/>
 <Entity id="261"/>
 <Entity id="262"/>
 <Entity id="263"/>
 <Entity id="264"/>
 <Entity id="265"/>
 <Entity id="266"/>
 <Entity id="267"/>
 <Entity id="268"/>
 <Entity id="269"/>
 <Entity id="270"/>
 <Entity id="271"/>
 <Entity id="272"/>
 <Entity id="273"/>
 <Entity id="274"/>
 <Entity id="275"/>
 <Entity id="276"/>
 <Entity id="277"/>
 <Entity id="278"/>
 <Entity id="279"/>
 <Entity id="280"/>
 <Entity id="281"/>
 <Entity id="282"/>
 <Entity id="283"/>
 <Entity id="284"/>
 <Entity id="285"/>
 <Entity id="286"/>
 <Entity id="287"/>
 <Entity id="288"/>
 <Entity id="289"/>
 <Entity id="290"/>
 <Entity id="291"/>
 <Entity id="292"/>
 <Entity id="293"/>
 <Entity id="294"/>
 <Entity id="295"/>
 <Entity id="296"/>
 <Entity id="297"/>
 <Entity id="298"/>
 <Entity id="299"/>
 <Entity id="300"/>
 <Entity id="301"/>
 <Entity id="302"/>
 <Entity id="303"/>
 <Entity id="304"/>
 <Entity id="305"/>
 <Entity id="306"/>
 <Entity id="307"/>
 <Entity id="308"/>
 <Entity id="309"/>
 <Entity id="310"/>
 <Entity id="311"/>
 <Entity id="312"/>
 <Entity id="313"/>
 <Entity id="314"/>
 <Entity id="315"/>
 <Entity id="316"/>
 <Entity id="317"/>
 <Entity id="318"/>
 <Entity id="319"/>
 <Entity id="320"/>
 <Entity id="321"/>
 <Entity id="322"/>
 <Entity id="323"/>
 <Entity id="324"/>
 <Entity id="325"/>
 <Entity id="326"/>
 <Entity id="327"/>
 <Entity id="328"/>
 <Entity id="329"/>
 <Entity id="330"/>
 <Entity id="331"/>
 <Entity id="332"/>
 <Entity id="333"/>
 <Entity id="334"/>
 <Entity id="335"/>
 <Entity id="336"/>
 <Entity id="337"/>
 <Entity id="338"/>
 <Entity id="339"/>
 <Entity id="340"/>
 <Entity id="341"/>
 <Entity id="342"/>
 <Entity id="343"/>
 <Entity id="344"/>
 <Entity id="345"/>
 <Entity id="346"/>
 <Entity id="347"/>
 <Entity id="348"/>
 <Entity id="349"/>
 <Entity id="350"/>
 <Entity id="351"/>
 <Entity id="352"/>
 <Entity id="353"/>
 <Entity id="354"/>
 <Entity id="355"/>
 <Entity id="356"/>
 <Entity id="357"/>
 <Entity id="358"/>
 <Entity id="359"/>
 <Entity id="360"/>
 <Entity id="361"/>
 <Entity id="362"/>
 <Entity id="365"/>
 <Entity id="366"/>
 <Entity id="368"/>
 <Entity id="369"/>
 <Entity id="370"/>
 <Entity id="373"/>
 <Entity id="376"/>
 <Entity id="378"/>
 <Entity id="379"/>
 <Entity id="380"/>
 <Entity id="384"/>
 <Entity id="386"/>
 <Entity id="387"/>
 <Entity id="390"/>
 <Entity id="392"/>
 <Entity id="393"/>
 <Entity id="394"/>
 <Entity id="399"/>
 <Entity id="400"/>
 <Entity id="402"/>
 <Entity id="405"/>
 <Entity id="407"/>
 <Entity id="408"/>
 <Entity id="416"/>
 <Entity id="418"/>
 <Entity id="419"/>
 <Entity id="420"/>
 <Entity id="422"/>
 <Entity id="423"/>
 <Entity id="429"/>
 <Entity id="430"/>
 <Entity id="434"/>
 <Entity id="435"/>
 <Entity id="437"/>
 <Entity id="440"/>
 <Entity id="441"/>
 <Entity id="443"/>
 <Entity id="446"/>
 <Entity id="447"/>
 <Entity id="449"/>
 <Entity id="450"/>
 <Entity id="452"/>
 <Entity id="455"/>
 <Entity id="456"/>
 <Entity id="457"/>
 <Entity id="459"/>
 <Entity id="460"/>
 <Entity id="462"/>
 <Entity id="463"/>
 <Entity id="466"/>
 <Entity id="467"/>
 <Entity id="468"/>
 <Entity id="472"/>
 <Entity id="474"/>
 <Entity id="475"/>
 <Entity id="482"/>
 <Entity id="483"/>
 <Entity id="486"/>
 <Entity id="487"/>
 <Entity id="491"/>
 <Entity id="496"/>
 <Entity id="498"/>
 <Entity id="499"/>
 <Entity id="505"/>
 <Entity id="507"/>
 <Entity id="508"/>
 <Entity id="509"/>
 <Entity id="510"/>
 <Entity id="512"/>
 <Entity id="513"/>
 <Entity id="514"/>
 <Entity id="515"/>
 <Entity id="516"/>
 <Entity id="519"/>
 <Entity id="521"/>
 <Entity id="522"/>
 <Entity id="523"/>
 <Entity id="524"/>
 <Entity id="526"/>
 <Entity id="528"/>
 <Entity id="529"/>
 <Entity id="531"/>
 <Entity id="532"/>
 <Entity id="535"/>
 <Entity id="536"/>
 <Entity id="539"/>
 <Entity id="540"/>
 <Entity id="541"/>
 <Entity id="548"/>
 <Entity id="549"/>
 <Entity id="550"/>
 <Entity id="551"/>
 <Entity id="552"/>
 <Entity id="554"/>
 <Entity id="560"/>
 <Entity id="561"/>
 <Entity id="562"/>
 <Entity id="565"/>
 <Entity id="566"/>
 <Entity id="569"/>
 <Entity id="570"/>
 <Entity id="571"/>
 <Entity id="572"/>
 <Entity id="573"/>
 <Entity id="574"/>
 <Entity id="575"/>
 <Entity id="576"/>
 <Entity id="577"/>
 <Entity id="578"/>
 <Entity id="579"/>
 <Entity id="580"/>
 <Entity id="581"/>
 <Entity id="582"/>
 <Entity id="583"/>
 <Entity id="584"/>
 <Entity id="585"/>
 <Entity id="586"/>
 <Entity id="587"/>
 <Entity id="588"/>
 <Entity id="589"/>
 <Entity id="590"/>
 <Entity id="592"/>
 <Entity id="609"/>
 <Entity id="642"/>
 <Entity id="683"/>
 <Entity id="697"/>
 <Entity id="742"/>
 <Entity id="743"/>
 <Entity id="744"/>
 <Entity id="745"/>
 <Entity id="746"/>
 <Entity id="747"/>
 <Entity id="748"/>
 <Entity id="749"/>
 <Entity id="750"/>
 <Entity id="751"/>
 <Entity id="752"/>
 <Entity id="753"/>
 <Entity id="754"/>
 <Entity id="755"/>
 <Entity id="756"/>
 <Entity id="757"/>
 <Entity id="758"/>
 <Entity id="759"/>
 <Entity id="760"/>
 <Entity id="761"/>
 <Entity id="762"/>
 <Entity id="763"/>
 <Entity id="764"/>
 <Entity id="768"/>
 <Entity id="769"/>
 <Entity id="770"/>
 <Entity id="771"/>
 <Entity id="772"/>
 <Entity id="773"/>
 <Entity id="774"/>
 <Entity id="775"/>
 <Entity id="776"/>
 <Entity id="777"/>
 <Entity id="778"/>
 <Entity id="779"/>
 <Entity id="780"/>
 <Entity id="781"/>
 <Entity id="782"/>
 <Entity id="783"/>
 <Entity id="784"/>
 <Entity id="785"/>
 <Entity id="786"/>
 <Entity id="787"/>
 <Entity id="788"/>
 <Entity id="789"/>
 <Entity id="790"/>
 <Entity id="791"/>
 <Entity id="792"/>
 <Entity id="793"/>
 <Entity id="794"/>
 <Entity id="799"/>
 <Entity id="801"/>
 <Entity id="802"/>
 <Entity id="803"/>
 <Entity id="804"/>
 <Entity id="805"/>
 <Entity id="806"/>
 <Entity id="807"/>
 <Entity id="808"/>
 <Entity id="809"/>
 <Entity id="810"/>
 <Entity id="811"/>
 <Entity id="812"/>
 <Entity id="813"/>
 <Entity id="814"/>
 <Entity id="815"/>
 <Entity id="816"/>
 <Entity id="817"/>
 <Entity id="818"/>
 <Entity id="819"/>
 <Entity id="822"/>
 <Entity id="823"/>
 <Entity id="824"/>
 <Entity id="825"/>
 <Entity id="826"/>
 <Entity id="827"/>
 <Entity id="828"/>
 <Entity id="829"/>
 <Entity id="830"/>
 <Entity id="831"/>
 <Entity id="832"/>
 <Entity id="833"/>
 <Entity id="834"/>
 <Entity id="835"/>
 <Entity id="836"/>
 <Entity id="837"/>
 <Entity id="838"/>
 <Entity id="839"/>
 <Entity id="840"/>
 <Entity id="841"/>
 <Entity id="842"/>
 <Entity id="843"/>
 <Entity id="844"/>
 <Entity id="845"/>
 <Entity id="846"/>
 <Entity id="847"/>
 <Entity id="848"/>
 <Entity id="849"/>
 <Entity id="850"/>
 <Entity id="851"/>
 <Entity id="852"/>
 <Entity id="853"/>
 <Entity id="854"/>
 <Entity id="855"/>
 <Entity id="856"/>
 <Entity id="857"/>
 <Entity id="858"/>
 <Entity id="859"/>
 <Entity id="860"/>
 <Entity id="861"/>
 <Entity id="862"/>
 <Entity id="863"/>
 <Entity id="864"/>
 <Entity id="866"/>
 <Entity id="867"/>
 <Entity id="868"/>
 <Entity id="869"/>
 <Entity id="870"/>
 <Entity id="871"/>
 <Entity id="872"/>
 <Entity id="873"/>
 <Entity id="874"/>
 <Entity id="875"/>
 <Entity id="876"/>
 <Entity id="877"/>
 <Entity id="878"/>
 <Entity id="879"/>
 <Entity id="880"/>
 <Entity id="881"/>
 <Entity id="882"/>
 <Entity id="883"/>
 <Entity id="884"/>
 <Entity id="885"/>
 <Entity id="886"/>
 <Entity id="887"/>
 <Entity id="888"/>
 <Entity id="889"/>
 <Entity id="890"/>
 <Entity id="891"/>
 <Entity id="892"/>
 <Entity id="893"/>
 <Entity id="894"/>
 <Entity id="895"/>
 <Entity id="896"/>
 <Entity id="897"/>
 <Entity id="898"/>
 <Entity id="899"/>
 <Entity id="900"/>
 <Entity id="901"/>
 <Entity id="902"/>
 <Entity id="903"/>
 <Entity id="904"/>
 <Entity id="905"/>
 <Entity id="906"/>
 <Entity id="907"/>
 <Entity id="908"/>
 <Entity id="909"/>
 <Entity id="910"/>
 <Entity id="911"/>
 <Entity id="912"/>
 <Entity id="913"/>
 <Entity id="914"/>
 <Entity id="915"/>
 <Entity id="916"/>
 <Entity id="917"/>
 <Entity id="918"/>
 <Entity id="919"/>
 <Entity id="920"/>
 <Entity id="921"/>
 <Entity id="922"/>
 <Entity id="923"/>
 <Entity id="924"/>
 <Entity id="925"/>
 <Entity id="926"/>
 <Entity id="927"/>
 <Entity id="928"/>
 <Entity id="929"/>
 <Entity id="930"/>
 <Entity id="931"/>
 <Entity id="932"/>
 <Entity id="933"/>
 <Entity id="944"/>
 <Entity id="945"/>
 <Entity id="946"/>
 <Entity id="947"/>
 <Entity id="949"/>
 <Entity id="962"/>
 <Entity id="968"/>
 <Entity id="969"/>
 <Entity id="988"/>
 <Entity id="999"/>
 <Entity id="1008"/>
 <Entity id="1019"/>
 <Entity id="1030"/>
 <Entity id="1041"/>
 <Entity id="1059"/>
 <Entity id="1060"/>
 <Entity id="1063"/>
 <Entity id="1081"/>
 <Entity id="1084"/>
 <Entity id="1086"/>
 <Entity id="1089"/>
 <Entity id="1114"/>
 <Entity id="1122"/>
 <Entity id="1146"/>
 <Entity id="1158"/>
 <Entity id="1159"/>
 <Entity id="1160"/>
 <Entity id="1161"/>
 <Entity id="1162"/>
 <Entity id="1163"/>
 <Entity id="1164"/>
 <Entity id="1165"/>
 <Entity id="1166"/>
 <Entity id="1167"/>
 <Entity id="1168"/>
 <Entity id="1169"/>
 <Entity id="1170"/>
 <Entity id="1171"/>
 <Entity id="1172"/>
 <Entity id="1173"/>
 <Entity id="1174"/>
 <Entity id="1175"/>
 <Entity id="1176"/>
 <Entity id="1177"/>
 <Entity id="1178"/>
 <Entity id="1179"/>
 <Entity id="1180"/>
 <Entity id="1181"/>
 <Entity id="1182"/>
 <Entity id="1183"/>
 <Entity id="1184"/>
 <Entity id="1185"/>
 <Entity id="1186"/>
 <Entity id="1187"/>
 <Entity id="1188"/>
 <Entity id="1189"/>
 <Entity id="1190"/>
 <Entity id="1191"/>
 <Entity id="1192"/>
 <Entity id="1193"/>
 <Entity id="1194"/>
 <Entity id="1195"/>
 <Entity id="1196"/>
 <Entity id="1197"/>
 <Entity id="1198"/>
 <Entity id="1199"/>
 <Entity id="1200"/>
 <Entity id="1201"/>
 <Entity id="1202"/>
 <Entity id="1203"/>
 <Entity id="1204"/>
 <Entity id="1205"/>
 <Entity id="1206"/>
 <Entity id="1207"/>
 <Entity id="1208"/>
 <Entity id="1209"/>
 <Entity id="1210"/>
 <Entity id="1211"/>
 <Entity id="1212"/>
 <Entity id="1213"/>
 <Entity id="1214"/>
 <Entity id="1215"/>
 <Entity id="1216"/>
 <Entity id="1217"/>
 <Entity id="1218"/>
 <Entity id="1219"/>
 <Entity id="1220"/>
 <Entity id="1221"/>
 <Entity id="1222"/>
 <Entity id="1223"/>
 <Entity id="1224"/>
 <Entity id="1225"/>
 <Entity id="1226"/>
 <Entity id="1227"/>
 <Entity id="1228"/>
 <Entity id="1229"/>
 <Entity id="1230"/>
 <Entity id="1231"/>
 <Entity id="1232"/>
 <Entity id="1233"/>
 <Entity id="1234"/>
 <Entity id="1235"/>
 <Entity id="1236"/>
 <Entity id="1237"/>
 <Entity id="1238"/>
 <Entity id="1239"/>
 <Entity id="1241"/>
 <Entity id="1242"/>
 <Entity id="1243"/>
 <Entity id="1244"/>
 <Entity id="1245"/>
 <Entity id="1246"/>
 <Entity id="1247"/>
 <Entity id="1248"/>
 <Entity id="1249"/>
 <Entity id="1250"/>
 <Entity id="1251"/>
 <Entity id="1252"/>
 <Entity id="1253"/>
 <Entity id="1254"/>
 <Entity id="1255"/>
 <Entity id="1256"/>
 <Entity id="1257"/>
 <Entity id="1258"/>
 <Entity id="1259"/>
 <Entity id="1260"/>
 <Entity id="1261"/>
 <Entity id="1262"/>
 <Entity id="1263"/>
 <Entity id="1264"/>
 <Entity id="1265"/>
 <Entity id="1266"/>
 <Entity id="1267"/>
 <Entity id="1268"/>
 <Entity id="1269"/>
 <Entity id="1270"/>
 <Entity id="1271"/>
 <Entity id="1273"/>
 <Entity id="1274"/>
 <Entity id="1275"/>
 <Entity id="1276"/>
 <Entity id="1277"/>
 <Entity id="1278"/>
 <Entity id="1279"/>
 <Entity id="1280"/>
 <Entity id="1281"/>
 <Entity id="1282"/>
 <Entity id="1283"/>
 <Entity id="1285"/>
 <Entity id="1286"/>
 <Entity id="1287"/>
 <Entity id="1288"/>
 <Entity id="1289"/>
 <Entity id="1290"/>
 <Entity id="1292"/>
 <Entity id="1293"/>
 <Entity id="1294"/>
 <Entity id="1295"/>
 <Entity id="1296"/>
 <Entity id="1297"/>
 <Entity id="1298"/>
 <Entity id="1299"/>
 <Entity id="1300"/>
 <Entity id="1301"/>
 <Entity id="1302"/>
 <Entity id="1303"/>
 <Entity id="1304"/>
 <Entity id="1305"/>
 <Entity id="1306"/>
 <Entity id="1307"/>
 <Entity id="1308"/>
 <Entity id="1309"/>
 <Entity id="1310"/>
 <Entity id="1311"/>
 <Entity id="1312"/>
 <Entity id="1313"/>
 <Entity id="1314"/>
 <Entity id="1315"/>
 <Entity id="1316"/>
 <Entity id="1317"/>
 <Entity id="1318"/>
 <Entity id="1319"/>
 <Entity id="1320"/>
 <Entity id="1321"/>
 <Entity id="1322"/>
 <Entity id="1323"/>
 <Entity id="1324"/>
 <Entity id="1325"/>
 <Entity id="1326"/>
 <Entity id="1327"/>
 <Entity id="1328"/>
 <Entity id="1329"/>
 <Entity id="1330"/>
 <Entity id="1331"/>
 <Entity id="1332"/>
 <Entity id="1333"/>
 <Entity id="1334"/>
 <Entity id="1335"/>
 <Entity id="1336"/>
 <Entity id="1337"/>
 <Entity id="1338"/>
 <Entity id="1339"/>
 <Entity id="1340"/>
 <Entity id="1341"/>
 <Entity id="1342"/>
 <Entity id="1343"/>
 <Entity id="1344"/>
 <Entity id="1345"/>
 <Entity id="1346"/>
 <Entity id="1347"/>
 <Entity id="1348"/>
 <Entity id="1349"/>
 <Entity id="1350"/>
 <Entity id="1351"/>
 <Entity id="1352"/>
 <Entity id="1353"/>
 <Entity id="1354"/>
 <Entity id="1355"/>
 <Entity id="1356"/>
 <Entity id="1357"/>
 <Entity id="1358"/>
 <Entity id="1359"/>
 <Entity id="1360"/>
 <Entity id="1361"/>
 <Entity id="1362"/>
 <Entity id="1363"/>
 <Entity id="1364"/>
 <Entity id="1365"/>
 <Entity id="1366"/>
 <Entity id="1367"/>
 <Entity id="1368"/>
 <Entity id="1369"/>
 <Entity id="1370"/>
 <Entity id="1371"/>
 <Entity id="1373"/>
 <Entity id="1374"/>
 <Entity id="1375"/>
 <Entity id="1376"/>
 <Entity id="1377"/>
 <Entity id="1378"/>
 <Entity id="1379"/>
 <Entity id="1380"/>
 <Entity id="1381"/>
 <Entity id="1382"/>
 <Entity id="1383"/>
 <Entity id="1384"/>
 <Entity id="1385"/>
 <Entity id="1386"/>
 <Entity id="1387"/>
 <Entity id="1388"/>
 <Entity id="1389"/>
 <Entity id="1390"/>
 <Entity id="1391"/>
 <Entity id="1392"/>
 <Entity id="1393"/>
 <Entity id="1394"/>
 <Entity id="1395"/>
 <Entity id="1396"/>
 <Entity id="1397"/>
 <Entity id="1398"/>
 <Entity id="1399"/>
 <Entity id="1400"/>
 <Entity id="1401"/>
 <Entity id="1402"/>
 <Entity id="1403"/>
 <Entity id="1404"/>
 <Entity id="1405"/>
 <Entity id="1406"/>
 <Entity id="1407"/>
 <Entity id="1408"/>
 <Entity id="1409"/>
 <Entity id="1410"/>
 <Entity id="1411"/>
 <Entity id="1412"/>
 <Entity id="1413"/>
 <Entity id="1414"/>
 <Entity id="1415"/>
 <Entity id="1416"/>
 <Entity id="1417"/>
 <Entity id="1418"/>
 <Entity id="1419"/>
 <Entity id="1420"/>
 <Entity id="1421"/>
 <Entity id="1422"/>
 <Entity id="1423"/>
 <Entity id="1424"/>
 <Entity id="1426"/>
 <Entity id="1427"/>
 <Entity id="1428"/>
 <Entity id="1429"/>
 <Entity id="1430"/>
 <Entity id="1431"/>
 <Entity id="1432"/>
 <Entity id="1433"/>
 <Entity id="1434"/>
 <Entity id="1435"/>
 <Entity id="1436"/>
 <Entity id="1437"/>
 <Entity id="1438"/>
 <Entity id="1439"/>
 <Entity id="1440"/>
 <Entity id="1441"/>
 <Entity id="1442"/>
 <Entity id="1443"/>
 <Entity id="1444"/>
 <Entity id="1445"/>
 <Entity id="1446"/>
 <Entity id="1447"/>
 <Entity id="1448"/>
 <Entity id="1449"/>
 <Entity id="1450"/>
 <Entity id="1451"/>
 <Entity id="1452"/>
 <Entity id="1453"/>
 <Entity id="1454"/>
 <Entity id="1455"/>
 <Entity id="1456"/>
 <Entity id="1457"/>
 <Entity id="1458"/>
 <Entity id="1459"/>
 <Entity id="1460"/>
 <Entity id="1461"/>
 <Entity id="1462"/>
 <Entity id="1463"/>
 <Entity id="1464"/>
 <Entity id="1465"/>
 <Entity id="1466"/>
 <Entity id="1467"/>
 <Entity id="1468"/>
 <Entity id="1469"/>
 <Entity id="1470"/>
 <Entity id="1471"/>
 <Entity id="1472"/>
 <Entity id="1473"/>
 <Entity id="1474"/>
 <Entity id="1476"/>
 <Entity id="1477"/>
 <Entity id="1478"/>
 <Entity id="1479"/>
 <Entity id="1480"/>
 <Entity id="1481"/>
 <Entity id="1482"/>
 <Entity id="1483"/>
 <Entity id="1484"/>
 <Entity id="1485"/>
 <Entity id="1486"/>
 <Entity id="1487"/>
 <Entity id="1488"/>
 <Entity id="1489"/>
 <Entity id="1490"/>
 <Entity id="1491"/>
 <Entity id="1492"/>
 <Entity id="1493"/>
 <Entity id="1494"/>
 <Entity id="1495"/>
 <Entity id="1496"/>
 <Entity id="1497"/>
 <Entity id="1498"/>
 <Entity id="1499"/>
 <Entity id="1500"/>
 <Entity id="1501"/>
 <Entity id="1502"/>
 <Entity id="1503"/>
 <Entity id="1504"/>
 <Entity id="1505"/>
 <Entity id="1506"/>
 <Entity id="1507"/>
 <Entity id="1508"/>
 <Entity id="1509"/>
 <Entity id="1510"/>
 <Entity id="1511"/>
 <Entity id="1512"/>
 <Entity id="1513"/>
 <Entity id="1514"/>
 <Entity id="1515"/>
 <Entity id="1516"/>
 <Entity id="1517"/>
 <Entity id="1518"/>
 <Entity id="1519"/>
 <Entity id="1520"/>
 <Entity id="1521"/>
 <Entity id="1522"/>
 <Entity id="1523"/>
 <Entity id="1524"/>
 <Entity id="1525"/>
 <Entity id="1526"/>
 <Entity id="1527"/>
 <Entity id="1528"/>
 <Entity id="1529"/>
 <Entity id="1530"/>
 <Entity id="1531"/>
 <Entity id="1532"/>
 <Entity id="1533"/>
 <Entity id="1534"/>
 <Entity id="1535"/>
 <Entity id="1536"/>
 <Entity id="1537"/>
 <Entity id="1538"/>
 <Entity id="1539"/>
 <Entity id="1540"/>
 <Entity id="1541"/>
 <Entity id="1542"/>
 <Entity id="1543"/>
 <Entity id="1544"/>
 <Entity id="1545"/>
 <Entity id="1546"/>
 <Entity id="1547"/>
 <Entity id="1548"/>
 <Entity id="1549"/>
 <Entity id="1550"/>
 <Entity id="1551"/>
 <Entity id="1552"/>
 <Entity id="1553"/>
 <Entity id="1554"/>
 <Entity id="1555"/>
 <Entity id="1556"/>
 <Entity id="1557"/>
 <Entity id="1558"/>
 <Entity id="1559"/>
 <Entity id="1560"/>
 <Entity id="1561"/>
 <Entity id="1562"/>
 <Entity id="1563"/>
 <Entity id="1564"/>
 <Entity id="1565"/>
 <Entity id="1566"/>
 <Entity id="1567"/>
 <Entity id="1568"/>
 <Entity id="1569"/>
 <Entity id="1570"/>
 <Entity id="1571"/>
 <Entity id="1572"/>
 <Entity id="1573"/>
 <Entity id="1574"/>
 <Entity id="1575"/>
 <Entity id="1576"/>
 <Entity id="1577"/>
 <Entity id="1578"/>
 <Entity id="1579"/>
 <Entity id="1580"/>
 <Entity id="1581"/>
 <Entity id="1582"/>
 <Entity id="1583"/>
 <Entity id="1584"/>
 <Entity id="1585"/>
 <Entity id="1586"/>
 <Entity id="1587"/>
 <Entity id="1588"/>
 <Entity id="1589"/>
 <Entity id="1590"/>
 <Entity id="1591"/>
 <Entity id="1592"/>
 <Entity id="1593"/>
 <Entity id="1594"/>
 <Entity id="1595"/>
 <Entity id="1596"/>
 <Entity id="1597"/>
 <Entity id="1598"/>
 <Entity id="1599"/>
 <Entity id="1600"/>
 <Entity id="1601"/>
 <Entity id="1602"/>
 <Entity id="1603"/>
 <Entity id="1604"/>
 <Entity id="1605"/>
 <Entity id="1606"/>
 <Entity id="1608"/>
 <Entity id="1609"/>
 <Entity id="1610"/>
 <Entity id="1611"/>
 <Entity id="1612"/>
 <Entity id="1613"/>
 <Entity id="1614"/>
 <Entity id="1615"/>
 <Entity id="1616"/>
 <Entity id="1617"/>
 <Entity id="1618"/>
 <Entity id="1619"/>
 <Entity id="1620"/>
 <Entity id="1621"/>
 <Entity id="1622"/>
 <Entity id="1623"/>
 <Entity id="1624"/>
 <Entity id="1625"/>
 <Entity id="1626"/>
 <Entity id="1627"/>
 <Entity id="1628"/>
 <Entity id="1629"/>
 <Entity id="1630"/>
 <Entity id="1631"/>
 <Entity id="1632"/>
 <Entity id="1633"/>
 <Entity id="1634"/>
 <Entity id="1635"/>
 <Entity id="1636"/>
 <Entity id="1637"/>
 <Entity id="1638"/>
 <Entity id="1639"/>
 <Entity id="1640"/>
 <Entity id="1641"/>
 <Entity id="1642"/>
 <Entity id="1643"/>
 <Entity id="1645"/>
 <Entity id="1646"/>
 <Entity id="1647"/>
 <Entity id="1648"/>
 <Entity id="1649"/>
 <Entity id="1650"/>
 <Entity id="1651"/>
 <Entity id="1652"/>
 <Entity id="1653"/>
 <Entity id="1654"/>
 <Entity id="1655"/>
 <Entity id="1656"/>
 <Entity id="1657"/>
 <Entity id="1658"/>
 <Entity id="1659"/>
 <Entity id="1660"/>
 <Entity id="1661"/>
 <Entity id="1662"/>
 <Entity id="1663"/>
 <Entity id="1664"/>
 <Entity id="1665"/>
 <Entity id="1666"/>
 <Entity id="1667"/>
 <Entity id="1668"/>
 <Entity id="1669"/>
 <Entity id="1670"/>
 <Entity id="1671"/>
 <Entity id="1672"/>
 <Entity id="1673"/>
 <Entity id="1674"/>
 <Entity id="1675"/>
 <Entity id="1676"/>
 <Entity id="1677"/>
 <Entity id="1678"/>
 <Entity id="1679"/>
 <Entity id="1680"/>
 <Entity id="1681"/>
 <Entity id="1682"/>
 <Entity id="1683"/>
 <Entity id="1684"/>
 <Entity id="1685"/>
 <Entity id="1686"/>
 <Entity id="1687"/>
 <Entity id="1688"/>
 <Entity id="1689"/>
 <Entity id="1690"/>
 <Entity id="1691"/>
 <Entity id="1692"/>
 <Entity id="1693"/>
 <Entity id="1694"/>
 <Entity id="1695"/>
 <Entity id="1696"/>
 <Entity id="1697"/>
 <Entity id="1698"/>
 <Entity id="1699"/>
 <Entity id="1700"/>
 <Entity id="1713"/>
 <Entity id="1748"/>
 <Entity id="1749"/>
 <Entity id="1750"/>
 <Entity id="1751"/>
 <Entity id="1752"/>
 <Entity id="1753"/>
 <Entity id="1754"/>
 <Entity id="1755"/>
 <Entity id="1756"/>
 <Entity id="1757"/>
 <Entity id="1758"/>
 <Entity id="1759"/>
 <Entity id="1760"/>
 <Entity id="1761"/>
 <Entity id="1762"/>
 <Entity id="1763"/>
 <Entity id="1764"/>
 <Entity id="1765"/>
 <Entity id="1766"/>
 <Entity id="1767"/>
 <Entity id="1768"/>
 <Entity id="1769"/>
 <Entity id="1770"/>
 <Entity id="1771"/>
 <Entity id="1772"/>
 <Entity id="1773"/>
 <Entity id="1774"/>
 <Entity id="1775"/>
 <Entity id="1776"/>
 <Entity id="1777"/>
 <Entity id="1778"/>
 <Entity id="1779"/>
 <Entity id="1780"/>
 <Entity id="1781"/>
 <Entity id="1782"/>
 <Entity id="1783"/>
 <Entity id="1784"/>
 <Entity id="1785"/>
 <Entity id="1786"/>
 <Entity id="1787"/>
 <Entity id="1788"/>
 <Entity id="1789"/>
 <Entity id="1790"/>
 <Entity id="1791"/>
 <Entity id="1792"/>
 <Entity id="1793"/>
 <Entity id="1794"/>
 <Entity id="1795"/>
 <Entity id="1796"/>
 <Entity id="1797"/>
 <Entity id="1799"/>
 <Entity id="1800"/>
 <Entity id="1801"/>
 <Entity id="1802"/>
 <Entity id="1803"/>
 <Entity id="1804"/>
 <Entity id="1805"/>
 <Entity id="1806"/>
 <Entity id="1807"/>
 <Entity id="1808"/>
 <Entity id="1809"/>
 <Entity id="1810"/>
 <Entity id="1811"/>
 <Entity id="1812"/>
 <Entity id="1813"/>
 <Entity id="1814"/>
 <Entity id="1815"/>
 <Entity id="1816"/>
 <Entity id="1817"/>
 <Entity id="1818"/>
 <Entity id="1819"/>
 <Entity id="1820"/>
 <Entity id="1821"/>
 <Entity id="1822"/>
 <Entity id="1823"/>
 <Entity id="1824"/>
 <Entity id="1826"/>
 <Entity id="1827"/>
 <Entity id="1829"/>
 <Entity id="1830"/>
 <Entity id="1831"/>
 <Entity id="1832"/>
 <Entity id="1833"/>
 <Entity id="1834"/>
 <Entity id="1835"/>
 <Entity id="1836"/>
 <Entity id="1837"/>
 <Entity id="1838"/>
 <Entity id="1840"/>
 <Entity id="1841"/>
 <Entity id="1842"/>
 <Entity id="1843"/>
 <Entity id="1844"/>
 <Entity id="1845"/>
 <Entity id="1846"/>
 <Entity id="1847"/>
 <Entity id="1848"/>
 <Entity id="1849"/>
 <Entity id="1850"/>
 <Entity id="1851"/>
 <Entity id="1852"/>
 <Entity id="1853"/>
 <Entity id="1854"/>
 <Entity id="1855"/>
 <Entity id="1856"/>
 <Entity id="1857"/>
 <Entity id="1858"/>
 <Entity id="1859"/>
 <Entity id="1860"/>
 <Entity id="1861"/>
 <Entity id="1862"/>
 <Entity id="1863"/>
 <Entity id="1864"/>
 <Entity id="1865"/>
 <Entity id="1866"/>
 <Entity id="1867"/>
 <Entity id="1868"/>
 <Entity id="1869"/>
 <Entity id="1870"/>
 <Entity id="1871"/>
 <Entity id="1872"/>
 <Entity id="1873"/>
 <Entity id="1874"/>
 <Entity id="1875"/>
 <Entity id="1876"/>
 <Entity id="1877"/>
 <Entity id="1878"/>
 <Entity id="1879"/>
 <Entity id="1880"/>
 <Entity id="1881"/>
 <Entity id="1882"/>
 <Entity id="1883"/>
 <Entity id="1885"/>
 <Entity id="1886"/>
 <Entity id="1887"/>
 <Entity id="1888"/>
 <Entity id="1889"/>
 <Entity id="1890"/>
 <Entity id="1891"/>
 <Entity id="1892"/>
 <Entity id="1893"/>
 <Entity id="1894"/>
 <Entity id="1895"/>
 <Entity id="1896"/>
 <Entity id="1897"/>
 <Entity id="1898"/>
 <Entity id="1899"/>
 <Entity id="1900"/>
 <Entity id="1901"/>
 <Entity id="1902"/>
 <Entity id="1903"/>
 <Entity id="1904"/>
 <Entity id="1905"/>
 <Entity id="1906"/>
 <Entity id="1907"/>
 <Entity id="1908"/>
 <Entity id="1909"/>
 <Entity id="1910"/>
 <Entity id="1912"/>
 <Entity id="1913"/>
 <Entity id="1914"/>
 <Entity id="1915"/>
 <Entity id="1916"/>
 <Entity id="1917"/>
 <Entity id="1918"/>
 <Entity id="1919"/>
 <Entity id="1920"/>
 <Entity id="1922"/>
 <Entity id="1923"/>
 <Entity id="1924"/>
 <Entity id="1925"/>
 <Entity id="1926"/>
 <Entity id="1927"/>
 <Entity id="1928"/>
 <Entity id="1929"/>
 <Entity id="1930"/>
 <Entity id="1931"/>
 <Entity id="1932"/>
 <Entity id="1933"/>
 <Entity id="1934"/>
 <Entity id="1935"/>
 <Entity id="1936"/>
 <Entity id="1938"/>
 <Entity id="1939"/>
 <Entity id="1940"/>
 <Entity id="1941"/>
 <Entity id="1942"/>
 <Entity id="1943"/>
 <Entity id="1944"/>
 <Entity id="1945"/>
 <Entity id="1946"/>
 <Entity id="1947"/>
 <Entity id="1948"/>
 <Entity id="1949"/>
 <Entity id="1950"/>
 <Entity id="1951"/>
 <Entity id="1952"/>
 <Entity id="1953"/>
 <Entity id="1954"/>
 <Entity id="1955"/>
 <Entity id="1956"/>
 <Entity id="1957"/>
 <Entity id="1958"/>
 <Entity id="1959"/>
 <Entity id="1960"/>
 <Entity id="1961"/>
 <Entity id="1962"/>
 <Entity id="1963"/>
 <Entity id="1964"/>
 <Entity id="1965"/>
 <Entity id="1966"/>
 <Entity id="1967"/>
 <Entity id="1968"/>
 <Entity id="1969"/>
 <Entity id="1970"/>
 <Entity id="1971"/>
 <Entity id="1972"/>
 <Entity id="1973"/>
 <Entity id="1974"/>
 <Entity id="1975"/>
 <Entity id="1976"/>
 <Entity id="1977"/>
 <Entity id="1978"/>
 <Entity id="1979"/>
 <Entity id="1980"/>
 <Entity id="1981"/>
 <Entity id="1982"/>
 <Entity id="1983"/>
 <Entity id="1984"/>
 <Entity id="1985"/>
 <Entity id="1986"/>
 <Entity id="1987"/>
 <Entity id="1988"/>
 <Entity id="1989"/>
 <Entity id="1990"/>
 <Entity id="1991"/>
 <Entity id="1992"/>
 <Entity id="1993"/>
 <Entity id="1994"/>
 <Entity id="1995"/>
 <Entity id="1996"/>
 <Entity id="1997"/>
 <Entity id="1998"/>
 <Entity id="1999"/>
 <Entity id="2000"/>
 <Entity id="2001"/>
 <Entity id="2002"/>
 <Entity id="2003"/>
 <Entity id="2004"/>
 <Entity id="2005"/>
 <Entity id="2006"/>
 <Entity id="2007"/>
 <Entity id="2008"/>
 <Entity id="2009"/>
 <Entity id="2010"/>
 <Entity id="2011"/>
 <Entity id="2012"/>
 <Entity id="2013"/>
 <Entity id="2014"/>
 <Entity id="2015"/>
 <Entity id="2016"/>
 <Entity id="2017"/>
 <Entity id="2019"/>
 <Entity id="2020"/>
 <Entity id="2021"/>
 <Entity id="2022"/>
 <Entity id="2023"/>
 <Entity id="2024"/>
 <Entity id="2025"/>
 <Entity id="2026"/>
 <Entity id="2027"/>
 <Entity id="2028"/>
 <Entity id="2029"/>
 <Entity id="2030"/>
 <Entity id="2031"/>
 <Entity id="2032"/>
 <Entity id="2034"/>
 <Entity id="2035"/>
 <Entity id="2036"/>
 <Entity id="2037"/>
 <Entity id="2038"/>
 <Entity id="2039"/>
 <Entity id="2040"/>
 <Entity id="2041"/>
 <Entity id="2042"/>
 <Entity id="2043"/>
 <Entity id="2045"/>
 <Entity id="2046"/>
 <Entity id="2047"/>
 <Entity id="2048"/>
 <Entity id="2049"/>
 <Entity id="2050"/>
 <Entity id="2051"/>
 <Entity id="2053"/>
 <Entity id="2054"/>
 <Entity id="2055"/>
 <Entity id="2058"/>
 <Entity id="2059"/>
 <Entity id="2060"/>
 <Entity id="2061"/>
 <Entity id="2063"/>
 <Entity id="2064"/>
 <Entity id="2065"/>
 <Entity id="2066"/>
 <Entity id="2067"/>
 <Entity id="2068"/>
 <Entity id="2069"/>
 <Entity id="2070"/>
 <Entity id="2074"/>
 <Entity id="2077"/>
 <Entity id="2079"/>
 <Entity id="2080"/>
 <Entity id="2081"/>
 <Entity id="2082"/>
 <Entity id="2083"/>
 <Entity id="2084"/>
 <Entity id="2086"/>
 <Entity id="2087"/>
 <Entity id="2090"/>
 <Entity id="2091"/>
 <Entity id="2092"/>
 <Entity id="2094"/>
 <Entity id="2096"/>
 <Entity id="2099"/>
 <Entity id="2101"/>
 <Entity id="2102"/>
 <Entity id="2106"/>
 <Entity id="2108"/>
 <Entity id="2109"/>
 <Entity id="2111"/>
 <Entity id="2112"/>
 <Entity id="2113"/>
 <Entity id="2114"/>
 <Entity id="2116"/>
 <Entity id="2118"/>
 <Entity id="2123"/>
 <Entity id="2124"/>
 <Entity id="2125"/>
 <Entity id="2126"/>
 <Entity id="2128"/>
 <Entity id="2130"/>
 <Entity id="2132"/>
 <Entity id="2133"/>
 <Entity id="2134"/>
 <Entity id="2135"/>
 <Entity id="2136"/>
 <Entity id="2137"/>
 <Entity id="2138"/>
 <Entity id="2140"/>
 <Entity id="2141"/>
 <Entity id="2144"/>
 <Entity id="2145"/>
 <Entity id="2146"/>
 <Entity id="2148"/>
 <Entity id="2149"/>
 <Entity id="2150"/>
 <Entity id="2151"/>
 <Entity id="2152"/>
 <Entity id="2154"/>
 <Entity id="2155"/>
 <Entity id="2158"/>
 <Entity id="2159"/>
 <Entity id="2160"/>
 <Entity id="2161"/>
 <Entity id="2162"/>
 <Entity id="2164"/>
 <Entity id="2165"/>
 <Entity id="2166"/>
 <Entity id="2168"/>
 <Entity id="2170"/>
 <Entity id="2171"/>
 <Entity id="2174"/>
 <Entity id="2175"/>
 <Entity id="2176"/>
 <Entity id="2177"/>
 <Entity id="2178"/>
 <Entity id="2179"/>
 <Entity id="2180"/>
 <Entity id="2181"/>
 <Entity id="2183"/>
 <Entity id="2185"/>
 <Entity id="2188"/>
 <Entity id="2189"/>
 <Entity id="2190"/>
 <Entity id="2193"/>
 <Entity id="2194"/>
 <Entity id="2195"/>
 <Entity id="2196"/>
 <Entity id="2197"/>
 <Entity id="2198"/>
 <Entity id="2199"/>
 <Entity id="2200"/>
 <Entity id="2201"/>
 <Entity id="2203"/>
 <Entity id="2204"/>
 <Entity id="2205"/>
 <Entity id="2206"/>
 <Entity id="2207"/>
 <Entity id="2208"/>
 <Entity id="2209"/>
 <Entity id="2211"/>
 <Entity id="2212"/>
 <Entity id="2213"/>
 <Entity id="2214"/>
 <Entity id="2217"/>
 <Entity id="2218"/>
 <Entity id="2220"/>
 <Entity id="2221"/>
 <Entity id="2222"/>
 <Entity id="2223"/>
 <Entity id="2225"/>
 <Entity id="2227"/>
 <Entity id="2230"/>
 <Entity id="2231"/>
 <Entity id="2232"/>
 <Entity id="2233"/>
 <Entity id="2234"/>
 <Entity id="2237"/>
 <Entity id="2238"/>
 <Entity id="2239"/>
 <Entity id="2240"/>
 <Entity id="2242"/>
 <Entity id="2243"/>
 <Entity id="2245"/>
 <Entity id="2247"/>
 <Entity id="2249"/>
 <Entity id="2251"/>
 <Entity id="2253"/>
 <Entity id="2256"/>
 <Entity id="2257"/>
 <Entity id="2264"/>
 <Entity id="2265"/>
 <Entity id="2275"/>
 <Entity id="2277"/>
 <Entity id="2278"/>
 <Entity id="2279"/>
 <Entity id="2280"/>
 <Entity id="2281"/>
 <Entity id="2282"/>
 <Entity id="2283"/>
 <Entity id="2284"/>
 <Entity id="2285"/>
 <Entity id="2286"/>
 <Entity id="2287"/>
 <Entity id="2288"/>
 <Entity id="2289"/>
 <Entity id="2290"/>
 <Entity id="2291"/>
 <Entity id="2292"/>
 <Entity id="2293"/>
 <Entity id="2294"/>
 <Entity id="2295"/>
 <Entity id="2296"/>
 <Entity id="2297"/>
 <Entity id="2298"/>
 <Entity id="2299"/>
 <Entity id="2300"/>
 <Entity id="2301"/>
 <Entity id="2302"/>
 <Entity id="2303"/>
 <Entity id="2304"/>
 <Entity id="2305"/>
 <Entity id="2306"/>
 <Entity id="2307"/>
 <Entity id="2308"/>
 <Entity id="2309"/>
 <Entity id="2310"/>
 <Entity id="2311"/>
 <Entity id="2312"/>
 <Entity id="2313"/>
 <Entity id="2314"/>
 <Entity id="2315"/>
 <Entity id="2316"/>
 <Entity id="2317"/>
 <Entity id="2318"/>
 <Entity id="2319"/>
 <Entity id="2320"/>
 <Entity id="2321"/>
 <Entity id="2322"/>
 <Entity id="2323"/>
 <Entity id="2324"/>
 <Entity id="2325"/>
 <Entity id="2326"/>
 <Entity id="2327"/>
 <Entity id="2328"/>
 <Entity id="2329"/>
 <Entity id="2330"/>
 <Entity id="2331"/>
 <Entity id="2332"/>
 <Entity id="2333"/>
 <Entity id="2334"/>
 <Entity id="2335"/>
 <Entity id="2336"/>
 <Entity id="2337"/>
 <Entity id="2338"/>
 <Entity id="2339"/>
 <Entity id="2340"/>
 <Entity id="2341"/>
 <Entity id="2342"/>
 <Entity id="2343"/>
 <Entity id="2344"/>
 <Entity id="2345"/>
 <Entity id="2346"/>
 <Entity id="2347"/>
 <Entity id="2348"/>
 <Entity id="2349"/>
 <Entity id="2350"/>
 <Entity id="2351"/>
 <Entity id="2352"/>
 <Entity id="2353"/>
 <Entity id="2354"/>
 <Entity id="2358"/>
 <Entity id="2361"/>
 <Entity id="2374"/>
 <Entity id="2379"/>
 <Entity id="2380"/>
 <Entity id="2381"/>
 <Entity id="2384"/>
 <Entity id="2385"/>
 <Entity id="2386"/>
 <Entity id="2387"/>
 <Entity id="2388"/>
 <Entity id="2389"/>
 <Entity id="2390"/>
 <Entity id="2391"/>
 <Entity id="2393"/>
 <Entity id="2394"/>
 <Entity id="2395"/>
 <Entity id="2396"/>
 <Entity id="2397"/>
 <Entity id="2398"/>
 <Entity id="2401"/>
 <Entity id="2402"/>
 <Entity id="2403"/>
 <Entity id="2405"/>
 <Entity id="2406"/>
 <Entity id="2407"/>
 <Entity id="2408"/>
 <Entity id="2409"/>
 <Entity id="2410"/>
 <Entity id="2411"/>
 <Entity id="2412"/>
 <Entity id="2413"/>
 <Entity id="2414"/>
 <Entity id="2415"/>
 <Entity id="2416"/>
 <Entity id="2417"/>
 <Entity id="2418"/>
 <Entity id="2419"/>
 <Entity id="2420"/>
 <Entity id="2421"/>
 <Entity id="2422"/>
 <Entity id="2423"/>
 <Entity id="2424"/>
 <Entity id="2425"/>
 <Entity id="2426"/>
 <Entity id="2427"/>
 <Entity id="2428"/>
 <Entity id="2429"/>
 <Entity id="2430"/>
 <Entity id="2431"/>
 <Entity id="2432"/>
 <Entity id="2434"/>
 <Entity id="2435"/>
 <Entity id="2437"/>
 <Entity id="2438"/>
 <Entity id="2440"/>
 <Entity id="2441"/>
 <Entity id="2442"/>
 <Entity id="2443"/>
 <Entity id="2444"/>
 <Entity id="2445"/>
 <Entity id="2446"/>
 <Entity id="2447"/>
 <Entity id="2448"/>
 <Entity id="2450"/>
 <Entity id="2451"/>
 <Entity id="2452"/>
 <Entity id="2453"/>
 <Entity id="2454"/>
 <Entity id="2455"/>
 <Entity id="2456"/>
 <Entity id="2457"/>
 <Entity id="2460"/>
 <Entity id="2461"/>
 <Entity id="2463"/>
 <Entity id="2464"/>
 <Entity id="2465"/>
 <Entity id="2466"/>
 <Entity id="2468"/>
 <Entity id="2469"/>
 <Entity id="2470"/>
 <Entity id="2471"/>
 <Entity id="2472"/>
 <Entity id="2474"/>
 <Entity id="2475"/>
 <Entity id="2476"/>
 <Entity id="2477"/>
 <Entity id="2478"/>
 <Entity id="2480"/>
 <Entity id="2482"/>
 <Entity id="2483"/>
 <Entity id="2484"/>
 <Entity id="2486"/>
 <Entity id="2487"/>
 <Entity id="2488"/>
 <Entity id="2489"/>
 <Entity id="2490"/>
 <Entity id="2491"/>
 <Entity id="2493"/>
 <Entity id="2494"/>
 <Entity id="2495"/>
 <Entity id="2496"/>
 <Entity id="2497"/>
 <Entity id="2498"/>
 <Entity id="2499"/>
 <Entity id="2500"/>
 <Entity id="2502"/>
 <Entity id="2504"/>
 <Entity id="2505"/>
 <Entity id="2506"/>
 <Entity id="2507"/>
 <Entity id="2508"/>
 <Entity id="2509"/>
 <Entity id="2510"/>
 <Entity id="2511"/>
 <Entity id="2512"/>
 <Entity id="2513"/>
 <Entity id="2514"/>
 <Entity id="2515"/>
 <Entity id="2516"/>
 <Entity id="2517"/>
 <Entity id="2518"/>
 <Entity id="2519"/>
 <Entity id="2520"/>
 <Entity id="2521"/>
 <Entity id="2522"/>
 <Entity id="2523"/>
 <Entity id="2524"/>
 <Entity id="2525"/>
 <Entity id="2526"/>
 <Entity id="2527"/>
 <Entity id="2528"/>
 <Entity id="2529"/>
 <Entity id="2530"/>
 <Entity id="2531"/>
 <Entity id="2532"/>
 <Entity id="2533"/>
 <Entity id="2534"/>
 <Entity id="2535"/>
 <Entity id="2536"/>
 <Entity id="2537"/>
 <Entity id="2538"/>
 <Entity id="2539"/>
 <Entity id="2540"/>
 <Entity id="2541"/>
 <Entity id="2542"/>
 <Entity id="2543"/>
 <Entity id="2544"/>
 <Entity id="2545"/>
 <Entity id="2546"/>
 <Entity id="2547"/>
 <Entity id="2548"/>
 <Entity id="2549"/>
 <Entity id="2550"/>
 <Entity id="2551"/>
 <Entity id="2552"/>
 <Entity id="2553"/>
 <Entity id="2554"/>
 <Entity id="2555"/>
 <Entity id="2556"/>
 <Entity id="2557"/>
 <Entity id="2558"/>
 <Entity id="2559"/>
 <Entity id="2560"/>
 <Entity id="2561"/>
 <Entity id="2562"/>
 <Entity id="2563"/>
 <Entity id="2564"/>
 <Entity id="2565"/>
 <Entity id="2566"/>
 <Entity id="2567"/>
 <Entity id="2568"/>
 <Entity id="2569"/>
 <Entity id="2570"/>
 <Entity id="2571"/>
 <Entity id="2572"/>
 <Entity id="2573"/>
 <Entity id="2574"/>
 <Entity id="2575"/>
 <Entity id="2576"/>
 <Entity id="2577"/>
 <Entity id="2578"/>
 <Entity id="2579"/>
 <Entity id="2580"/>
 <Entity id="2581"/>
 <Entity id="2582"/>
 <Entity id="2583"/>
 <Entity id="2584"/>
 <Entity id="2585"/>
 <Entity id="2586"/>
 <Entity id="2587"/>
 <Entity id="2588"/>
 <Entity id="2589"/>
 <Entity id="2590"/>
 <Entity id="2591"/>
 <Entity id="2592"/>
 <Entity id="2593"/>
 <Entity id="2594"/>
 <Entity id="2595"/>
 <Entity id="2596"/>
 <Entity id="2597"/>
 <Entity id="2599"/>
 <Entity id="2600"/>
 <Entity id="2601"/>
 <Entity id="2602"/>
 <Entity id="2603"/>
 <Entity id="2604"/>
 <Entity id="2605"/>
 <Entity id="2606"/>
 <Entity id="2607"/>
 <Entity id="2608"/>
 <Entity id="2609"/>
 <Entity id="2610"/>
 <Entity id="2611"/>
 <Entity id="2612"/>
 <Entity id="2613"/>
 <Entity id="2614"/>
 <Entity id="2615"/>
 <Entity id="2616"/>
 <Entity id="2617"/>
 <Entity id="2618"/>
 <Entity id="2619"/>
 <Entity id="2620"/>
 <Entity id="2621"/>
 <Entity id="2623"/>
 <Entity id="2624"/>
 <Entity id="2625"/>
 <Entity id="2626"/>
 <Entity id="2627"/>
 <Entity id="2628"/>
 <Entity id="2629"/>
 <Entity id="2631"/>
 <Entity id="2632"/>
 <Entity id="2634"/>
 <Entity id="2635"/>
 <Entity id="2636"/>
 <Entity id="2637"/>
 <Entity id="2638"/>
 <Entity id="2639"/>
 <Entity id="2641"/>
 <Entity id="2642"/>
 <Entity id="2645"/>
 <Entity id="2647"/>
 <Entity id="2648"/>
 <Entity id="2649"/>
 <Entity id="2650"/>
 <Entity id="2652"/>
 <Entity id="2653"/>
 <Entity id="2655"/>
 <Entity id="2656"/>
 <Entity id="2657"/>
 <Entity id="2659"/>
 <Entity id="2660"/>
 <Entity id="2661"/>
 <Entity id="2662"/>
 <Entity id="2663"/>
 <Entity id="2664"/>
 <Entity id="2665"/>
 <Entity id="2666"/>
 <Entity id="2667"/>
 <Entity id="2684"/>
 <Entity id="2686"/>
 <Entity id="2687"/>
 <Entity id="2731"/>
 <Entity id="2738"/>
 <Entity id="2744"/>
 <Entity id="2745"/>
 <Entity id="2747"/>
 <Entity id="2750"/>
 <Entity id="2751"/>
 <Entity id="2752"/>
 <Entity id="2755"/>
 <Entity id="2756"/>
 <Entity id="2757"/>
 <Entity id="2758"/>
 <Entity id="2759"/>
 <Entity id="2760"/>
 <Entity id="2761"/>
 <Entity id="2762"/>
 <Entity id="2763"/>
 <Entity id="2764"/>
 <Entity id="2766"/>
 <Entity id="2767"/>
 <Entity id="2768"/>
 <Entity id="2769"/>
 <Entity id="2770"/>
 <Entity id="2771"/>
 <Entity id="2772"/>
 <Entity id="2773"/>
 <Entity id="2774"/>
 <Entity id="2775"/>
 <Entity id="2777"/>
 <Entity id="2779"/>
 <Entity id="2780"/>
 <Entity id="2781"/>
 <Entity id="2782"/>
 <Entity id="2783"/>
 <Entity id="2784"/>
 <Entity id="2785"/>
 <Entity id="2787"/>
 <Entity id="2788"/>
 <Entity id="2789"/>
 <Entity id="2790"/>
 <Entity id="2791"/>
 <Entity id="2792"/>
 <Entity id="2793"/>
 <Entity id="2794"/>
 <Entity id="2795"/>
 <Entity id="2799"/>
 <Entity id="2801"/>
 <Entity id="2802"/>
 <Entity id="2803"/>
 <Entity id="2804"/>
 <Entity id="2805"/>
 <Entity id="2806"/>
 <Entity id="2807"/>
 <Entity id="2808"/>
 <Entity id="2809"/>
 <Entity id="2810"/>
 <Entity id="2811"/>
 <Entity id="2813"/>
 <Entity id="2815"/>
 <Entity id="2816"/>
 <Entity id="2817"/>
 <Entity id="2818"/>
 <Entity id="2819"/>
 <Entity id="2821"/>
 <Entity id="2824"/>
 <Entity id="2825"/>
 <Entity id="2826"/>
 <Entity id="2827"/>
 <Entity id="2828"/>
 <Entity id="2829"/>
 <Entity id="2830"/>
 <Entity id="2831"/>
 <Entity id="2832"/>
 <Entity id="2833"/>
 <Entity id="2834"/>
 <Entity id="2835"/>
 <Entity id="2837"/>
 <Entity id="2838"/>
 <Entity id="2839"/>
 <Entity id="2840"/>
 <Entity id="2841"/>
 <Entity id="2842"/>
 <Entity id="2844"/>
 <Entity id="2845"/>
 <Entity id="2846"/>
 <Entity id="2847"/>
 <Entity id="2848"/>
 <Entity id="2849"/>
 <Entity id="2850"/>
 <Entity id="2852"/>
 <Entity id="2853"/>
 <Entity id="2854"/>
 <Entity id="2856"/>
 <Entity id="2857"/>
 <Entity id="2858"/>
 <Entity id="2859"/>
 <Entity id="2861"/>
 <Entity id="2862"/>
 <Entity id="2864"/>
 <Entity id="2865"/>
 <Entity id="2866"/>
 <Entity id="2867"/>
 <Entity id="2876"/>
 <Entity id="2877"/>
 <Entity id="2880"/>
 <Entity id="2881"/>
 <Entity id="2882"/>
 <Entity id="2883"/>
 <Entity id="2884"/>
 <Entity id="2885"/>
 <Entity id="2886"/>
 <Entity id="2887"/>
 <Entity id="2888"/>
 <Entity id="2889"/>
 <Entity id="2890"/>
 <Entity id="2892"/>
 <Entity id="2894"/>
 <Entity id="2898"/>
 <Entity id="2901"/>
 <Entity id="2902"/>
 <Entity id="2903"/>
 <Entity id="2905"/>
 <Entity id="2906"/>
 <Entity id="2907"/>
 <Entity id="2908"/>
 <Entity id="2909"/>
 <Entity id="2912"/>
 <Entity id="2913"/>
 <Entity id="2914"/>
 <Entity id="2916"/>
 <Entity id="2921"/>
 <Entity id="2922"/>
 <Entity id="2923"/>
 <Entity id="2924"/>
 <Entity id="2925"/>
 <Entity id="2926"/>
 <Entity id="2928"/>
 <Entity id="2930"/>
 <Entity id="2931"/>
 <Entity id="2932"/>
 <Entity id="2933"/>
 <Entity id="2934"/>
 <Entity id="2935"/>
 <Entity id="2936"/>
 <Entity id="2939"/>
 <Entity id="2942"/>
 <Entity id="2944"/>
 <Entity id="2948"/>
 <Entity id="2949"/>
 <Entity id="2956"/>
 <Entity id="2957"/>
 <Entity id="2959"/>
 <Entity id="2960"/>
 <Entity id="2962"/>
 <Entity id="2963"/>
 <Entity id="2964"/>
 <Entity id="2965"/>
 <Entity id="2966"/>
 <Entity id="2968"/>
 <Entity id="2969"/>
 <Entity id="2973"/>
 <Entity id="2977"/>
 <Entity id="2982"/>
 <Entity id="2984"/>
 <Entity id="2985"/>
 <Entity id="2986"/>
 <Entity id="2987"/>
 <Entity id="2991"/>
 <Entity id="2998"/>
 <Entity id="3000"/>
 <Entity id="3002"/>
 <Entity id="3007"/>
 <Entity id="3010"/>
 <Entity id="3013"/>
 <Entity id="3017"/>
 <Entity id="3018"/>
 <Entity id="3019"/>
 <Entity id="3020"/>
 <Entity id="3025"/>
 <Entity id="3028"/>
 <Entity id="3029"/>
 <Entity id="3032"/>
 <Entity id="3041"/>
 <Entity id="3045"/>
 <Entity id="3047"/>
 <Entity id="3049"/>
 <Entity id="3050"/>
 <Entity id="3053"/>
 <Entity id="3055"/>
 <Entity id="3056"/>
 <Entity id="3064"/>
 <Entity id="3066"/>
 <Entity id="3067"/>
 <Entity id="3071"/>
 <Entity id="3072"/>
 <Entity id="3074"/>
 <Entity id="3077"/>
 <Entity id="3080"/>
 <Entity id="3082"/>
 <Entity id="3083"/>
 <Entity id="3084"/>
 <Entity id="3085"/>
 <Entity id="3087"/>
 <Entity id="3094"/>
 <Entity id="3095"/>
 <Entity id="3099"/>
 <Entity id="3101"/>
 <Entity id="3104"/>
 <Entity id="3106"/>
 <Entity id="3108"/>
 <Entity id="3110"/>
 <Entity id="3111"/>
 <Entity id="3113"/>
 <Entity id="3114"/>
 <Entity id="3115"/>
 <Entity id="3116"/>
 <Entity id="3117"/>
 <Entity id="3118"/>
 <Entity id="3119"/>
 <Entity id="3120"/>
 <Entity id="3121"/>
 <Entity id="3122"/>
 <Entity id="3123"/>
 <Entity id="3124"/>
 <Entity id="3125"/>
 <Entity id="3126"/>
 <Entity id="3127"/>
 <Entity id="3128"/>
 <Entity id="3129"/>
 <Entity id="3130"/>
 <Entity id="3131"/>
 <Entity id="3133"/>
 <Entity id="3134"/>
 <Entity id="3136"/>
 <Entity id="3137"/>
 <Entity id="3138"/>
 <Entity id="3139"/>
 <Entity id="3140"/>
 <Entity id="3141"/>
 <Entity id="3142"/>
 <Entity id="3143"/>
 <Entity id="3146"/>
 <Entity id="3149"/>
 <Entity id="3150"/>
 <Entity id="3151"/>
 <Entity id="3152"/>
 <Entity id="3153"/>
 <Entity id="3155"/>
 <Entity id="3156"/>
 <Entity id="3157"/>
 <Entity id="3158"/>
 <Entity id="3159"/>
 <Entity id="3160"/>
 <Entity id="3161"/>
 <Entity id="3162"/>
 <Entity id="3163"/>
 <Entity id="3164"/>
 <Entity id="3166"/>
 <Entity id="3167"/>
 <Entity id="3168"/>
 <Entity id="3169"/>
 <Entity id="3170"/>
 <Entity id="3172"/>
 <Entity id="3173"/>
 <Entity id="3175"/>
 <Entity id="3176"/>
 <Entity id="3178"/>
 <Entity id="3179"/>
 <Entity id="3180"/>
 <Entity id="3181"/>
 <Entity id="3182"/>
 <Entity id="3185"/>
 <Entity id="3194"/>
 <Entity id="3199"/>
 <Entity id="3202"/>
 <Entity id="3208"/>
 <Entity id="3213"/>
 <Entity id="3215"/>
 <Entity id="3216"/>
 <Entity id="3217"/>
 <Entity id="3218"/>
 <Entity id="3219"/>
 <Entity id="3222"/>
 <Entity id="3225"/>
 <Entity id="3229"/>
 <Entity id="3230"/>
 <Entity id="3234"/>
 <Entity id="3235"/>
 <Entity id="3239"/>
 <Entity id="3240"/>
 <Entity id="3241"/>
 <Entity id="3244"/>
 <Entity id="3247"/>
 <Entity id="3249"/>
 <Entity id="3250"/>
 <Entity id="3252"/>
 <Entity id="3256"/>
 <Entity id="3257"/>
 <Entity id="3259"/>
 <Entity id="3260"/>
 <Entity id="3263"/>
 <Entity id="3264"/>
 <Entity id="3267"/>
 <Entity id="3269"/>
 <Entity id="3271"/>
 <Entity id="3274"/>
 <Entity id="3275"/>
 <Entity id="3276"/>
 <Entity id="3278"/>
 <Entity id="3279"/>
 <Entity id="3289"/>
 <Entity id="3290"/>
 <Entity id="3291"/>
 <Entity id="3293"/>
 <Entity id="3294"/>
 <Entity id="3295"/>
 <Entity id="3297"/>
 <Entity id="3299"/>
 <Entity id="3300"/>
 <Entity id="3304"/>
 <Entity id="3306"/>
 <Entity id="3309"/>
 <Entity id="3315"/>
 <Entity id="3318"/>
 <Entity id="3324"/>
 <Entity id="3326"/>
 <Entity id="3332"/>
 <Entity id="3333"/>
 <Entity id="3334"/>
 <Entity id="3335"/>
 <Entity id="3337"/>
 <Entity id="3345"/>
 <Entity id="3346"/>
 <Entity id="3353"/>
 <Entity id="3354"/>
 <Entity id="3355"/>
 <Entity id="3356"/>
 <Entity id="3357"/>
 <Entity id="3358"/>
 <Entity id="3360"/>
 <Entity id="3361"/>
 <Entity id="3364"/>
 <Entity id="3365"/>
 <Entity id="3367"/>
 <Entity id="3368"/>
 <Entity id="3369"/>
 <Entity id="3370"/>
 <Entity id="3378"/>
 <Entity id="3381"/>
 <Entity id="3382"/>
 <Entity id="3388"/>
 <Entity id="3389"/>
 <Entity id="3390"/>
 <Entity id="3395"/>
 <Entity id="3398"/>
 <Entity id="3400"/>
 <Entity id="3405"/>
 <Entity id="3411"/>
 <Entity id="3417"/>
 <Entity id="3421"/>
 <Entity id="3430"/>
 <Entity id="3435"/>
 <Entity id="3437"/>
 <Entity id="3445"/>
 <Entity id="3452"/>
 <Entity id="3454"/>
 <Entity id="3458"/>
 <Entity id="3459"/>
 <Entity id="3460"/>
 <Entity id="3473"/>
 <Entity id="3482"/>
 <Entity id="3485"/>
 <Entity id="3500"/>
 <Entity id="3503"/>
 <Entity id="3525"/>
 <Entity id="3536"/>
 <Entity id="3537"/>
 <Entity id="3556"/>
 <Entity id="3563"/>
 <Entity id="3564"/>
 <Entity id="3572"/>
 <Entity id="3575"/>
 <Entity id="3578"/>
 <Entity id="3580"/>
 <Entity id="3590"/>
 <Entity id="3596"/>
 <Entity id="3609"/>
 <Entity id="3612"/>
 <Entity id="3616"/>
 <Entity id="3626"/>
 <Entity id="3631"/>
 <Entity id="3646"/>
 <Entity id="3656"/>
 <Entity id="3660"/>
 <Entity id="3662"/>
 <Entity id="3667"/>
 <Entity id="3670"/>
 <Entity id="3680"/>
 <Entity id="3690"/>
 <Entity id="3704"/>
 <Entity id="3712"/>
 <Entity id="3726"/>
 <Entity id="3735"/>
 <Entity id="3737"/>
 <Entity id="3744"/>
 <Entity id="3748"/>
 <Entity id="3751"/>
 <Entity id="3752"/>
 <Entity id="3753"/>
 <Entity id="3754"/>
 <Entity id="3755"/>
 <Entity id="3756"/>
 <Entity id="3757"/>
 <Entity id="3758"/>
 <Entity id="3759"/>
 <Entity id="3760"/>
 <Entity id="3761"/>
 <Entity id="3762"/>
 <Entity id="3763"/>
 <Entity id="3764"/>
 <Entity id="3765"/>
 <Entity id="3766"/>
 <Entity id="3767"/>
 <Entity id="3768"/>
 <Entity id="3769"/>
 <Entity id="3770"/>
 <Entity id="3772"/>
 <Entity id="3773"/>
 <Entity id="3774"/>
 <Entity id="3775"/>
 <Entity id="3776"/>
 <Entity id="3777"/>
 <Entity id="3778"/>
 <Entity id="3779"/>
 <Entity id="3780"/>
 <Entity id="3781"/>
 <Entity id="3782"/>
 <Entity id="3783"/>
 <Entity id="3784"/>
 <Entity id="3785"/>
 <Entity id="3786"/>
 <Entity id="3787"/>
 <Entity id="3788"/>
 <Entity id="3789"/>
 <Entity id="3790"/>
 <Entity id="3791"/>
 <Entity id="3794"/>
</EntitySerialization>
