<EntityPrototypeLibrary Name="Level">
 <EntityPrototype Name="PowerPlant.ReactorRoomCeilingPlate" Id="{3723FFC9-D4E1-488A-BD40-EE8BF04C8B44}" Library="Level" Class="RigidBodyEx" Description="" ArchetypeId="13856881013214335859">
  <Properties bCanTriggerAreas="1" carryForwardOffset="0" carryHeightOffset="0" ability_CarryRequirement="3149325216928599824" bDamagesPlayerOnCollisionSP="0" textDisplayName="Name Not Set" DmgFactorWhenCollidingAI="1" bExcludeCover="0" bGooCannotAttachInGravity="0" bHeavyObject="0" bHideDisplayName="0" bInteractiveCollision="0" bIsCarryable="1" bIsMimicable="0" bMissionCritical="0" object_Model="Objects/User/ksegars/Powersource_Research/poweroverride_roofpanel.cgf" bPickable="0" bSerialize="0" soclasses_SmartObjectClass="" vector_ThrowAngularImpulse="-10,0,0" vector_throwParticleOffset="0,0,0" ei_TransparencyMode="0" bUsable="0" UseMessage="" bUseSafeCarry="0">
   <AI bUsedAsDynamicObstacle="1"/>
   <carryDirection x="0" y="0" z="0"/>
   <Health bInvulnerable="0" MaxHealth="500" bOnlyEnemyFire="1"/>
   <MultiplayerOptions bNetworked="0"/>
   <Physics bActivateOnDamage="0" bCanBreakOthers="0" signalpackage_collisionDamagePackage="" Density="500" Mass="-1" bPhysicalize="1" bPushableByAI="1" bPushableByPlayers="1" bResting="1" bRigidBody="1" bRigidBodyActive="1">
    <Buoyancy water_damping="0" water_density="1000" water_resistance="1000"/>
    <CGFPropsOverride player_can_break="">
     <Constraint constraint_collides="" constraint_damping="" constraint_limit="" constraint_maxang="" constraint_minang=""/>
     <Deformable explosion_scale="" hardness="" max_impulse="" max_stretch="" skin_dist="" stiffness="" thickness=""/>
     <Joint bend="" limit="" pull="" push="" shift="" twist=""/>
    </CGFPropsOverride>
    <CollisionFiltering>
     <collisionIgnore bT_collision_class_articulated="0" bT_collision_class_living="0" bT_collision_class_particle="0" bT_collision_class_soft="0" bT_collision_class_terrain="0" bT_collision_class_wheeled="0" bT_gcc_ai="0" bT_gcc_breakable="0" bT_gcc_coral="0" bT_gcc_goo="0" bT_gcc_permeable="0" bT_gcc_permeable_to_AOE="0" bT_gcc_player_body="0" bT_gcc_player_capsule="0" bT_gcc_projectile="0" bT_gcc_ragdoll="0" bT_gcc_rigid="0" bT_gcc_smokeform="0" bT_gcc_transparent="0" bT_gcc_unclimbable="0" bT_gcc_vehicle="0"/>
     <collisionType bT_collision_class_articulated="0" bT_collision_class_living="0" bT_collision_class_particle="0" bT_collision_class_soft="0" bT_collision_class_terrain="0" bT_collision_class_wheeled="0" bT_gcc_ai="0" bT_gcc_breakable="0" bT_gcc_coral="0" bT_gcc_goo="0" bT_gcc_permeable="0" bT_gcc_permeable_to_AOE="0" bT_gcc_player_body="0" bT_gcc_player_capsule="0" bT_gcc_projectile="0" bT_gcc_ragdoll="0" bT_gcc_rigid="0" bT_gcc_smokeform="0" bT_gcc_transparent="0" bT_gcc_unclimbable="0" bT_gcc_vehicle="0"/>
    </CollisionFiltering>
    <ForeignData bMovingPlatform="0"/>
    <Simulation damping="0" bFixedDamping="0" max_time_step="0.02" sleep_speed="0.04" bUseSimpleSolver="0"/>
   </Physics>
   <RecycleData exotic="0" mineral="0" organic="0" synthetic="0"/>
   <Silhouette fAlpha="0.7" color_RGB="1,1,1"/>
   <Sound audioTrigger_Carry="" audioTrigger_HoldCarryCancel="" audioTrigger_HoldCarryStart=""/>
   <AdditionalArchetypeProperties PrototypeMaterial=""/>
  </Properties>
  <ObjectVars OutdoorOnly="0" CastShadow="1" CastShadowMinspec="1" DynamicDistanceShadows="0" ShadowCasterType="0" CastSunShadowMinSpec="8" LodRatio="100" ViewDistRatio="100" CastShadowViewDistRatio="0" HiddenInGame="0" GlobalInSegmentedWorld="0" RecvWind="0" RenderNearest="0" NoStaticDecals="0" CreatedThroughPool="0" SceneIndex="0" HiddenInProbes="0"/>
 </EntityPrototype>
 <EntityPrototype Name="PowerPlant.GroundingResistor_Switch" Id="{13FD7B95-04F9-427F-9BE6-229470E3B47E}" Library="Level" Class="ArkSwitch" Description="" ArchetypeId="13856881013214335860">
  <Properties bDisallowGrenades="1" textDisplayName="Replace grounding resistor" textDisplayNameLocked="No Locked Display Name Set" textMessageTurnOff="No Turn Off Message Set" textMessageTurnOn="No Turn On Message Set" object_Model="objects/environment/props/coldwar/switch_interactive_a/switch_interactive_a.cdf" bRemoteManipulatable="1">
   <Animation anim_Off="Up" anim_On="Down"/>
   <Physics bArticulated="1" Density="-1" Mass="-1" bPhysicalize="1" bPushableByAI="1" bPushableByPlayers="1">
    <CollisionFiltering>
     <collisionIgnore bT_collision_class_articulated="0" bT_collision_class_living="0" bT_collision_class_particle="0" bT_collision_class_soft="0" bT_collision_class_terrain="0" bT_collision_class_wheeled="0" bT_gcc_ai="0" bT_gcc_breakable="0" bT_gcc_coral="0" bT_gcc_goo="0" bT_gcc_permeable="0" bT_gcc_permeable_to_AOE="0" bT_gcc_player_body="0" bT_gcc_player_capsule="0" bT_gcc_projectile="0" bT_gcc_ragdoll="0" bT_gcc_rigid="0" bT_gcc_smokeform="0" bT_gcc_transparent="0" bT_gcc_unclimbable="0" bT_gcc_vehicle="0"/>
     <collisionType bT_collision_class_articulated="0" bT_collision_class_living="0" bT_collision_class_particle="0" bT_collision_class_soft="0" bT_collision_class_terrain="0" bT_collision_class_wheeled="0" bT_gcc_ai="0" bT_gcc_breakable="0" bT_gcc_coral="0" bT_gcc_goo="0" bT_gcc_permeable="0" bT_gcc_permeable_to_AOE="0" bT_gcc_player_body="0" bT_gcc_player_capsule="0" bT_gcc_projectile="0" bT_gcc_ragdoll="0" bT_gcc_rigid="0" bT_gcc_smokeform="0" bT_gcc_transparent="0" bT_gcc_unclimbable="0" bT_gcc_vehicle="0"/>
    </CollisionFiltering>
   </Physics>
   <Silhouette fAlpha="0.7" color_RGB="1,1,1"/>
   <Sound audioTrigger_Locked="" audioTrigger_Off="Play_Switch_Off" audioTrigger_On="Play_Switch_On"/>
   <AdditionalArchetypeProperties PrototypeMaterial=""/>
  </Properties>
  <ObjectVars OutdoorOnly="0" CastShadow="1" CastShadowMinspec="1" DynamicDistanceShadows="0" ShadowCasterType="0" CastSunShadowMinSpec="8" LodRatio="100" ViewDistRatio="100" CastShadowViewDistRatio="0" HiddenInGame="0" GlobalInSegmentedWorld="0" RecvWind="0" RenderNearest="0" NoStaticDecals="0" CreatedThroughPool="0" SceneIndex="0" HiddenInProbes="0"/>
 </EntityPrototype>
 <EntityPrototype Name="PowerPlant.DivertorSwitch" Id="{8A2FC85A-3ED7-41B8-B11B-9DCA5D040447}" Library="Level" Class="ArkInteractiveObject" Description="" ArchetypeId="13856881013214335861">
  <Properties textActiveUseMessage="" carryForwardOffset="0" carryHeightOffset="0" ability_CarryRequirement="" bCollisionInteraction="0" material_DisabledMaterial="" bDisableOnUse="1" bDisallowGrenades="0" textDisplayName="@loc_6062853811637017353" fDuration="1" material_EnabledMaterial="" glintconfig_GlintConfig="13856881013222815427" bInteractLOSToParent="1" bIsMimicable="0" object_Model="Objects/Environment/Props/Industrial/Reactor_PowerSource_A/reactor_powersource_a_divertor_broken.cgf" textUseMessage="@ui_removedivertor" bUseSafeCarry="0" sVfxBoneName="" vector_vfxDirInDegrees="0,0,0" vector_vfxOffset="0,0,0" fVfxPulsePeriod="1" fVfxScale="1">
   <Animation anim_Activated="" anim_Deactivated=""/>
   <Disrupt disruptionProfile_Profile="10739735956140212131" audioTrigger_SparkSFX="" particleeffect_SparkVFX=""/>
   <Effects particleeffect_Activated=""/>
   <GameNoise gameNoiseLoudness_GameNoiseLoudness="" gameNoiseType_GameNoiseType=""/>
   <Glow color_DisabledColor="1,1,1" fDisabledGlowAmount="0" color_EnabledColor="1,0,0" fEnabledGlowAmount="50" nGlowSubmatIdA="0" sSkinAttachmentName="" bUseGlow="0"/>
   <MissionReward signalPackage_HealthOnUse="" gametokenid_IsPsiAddedToWater="" bIsWaterSource="0" signalPackage_PsiRewardOnUse=""/>
   <Physics Density="-1" Mass="-1" bPhysicalize="1" bPushableByAI="0" bPushableByPlayers="0" bRigidBody="0">
    <CollisionFiltering>
     <collisionIgnore bT_collision_class_articulated="0" bT_collision_class_living="0" bT_collision_class_particle="0" bT_collision_class_soft="0" bT_collision_class_terrain="0" bT_collision_class_wheeled="0" bT_gcc_ai="0" bT_gcc_breakable="0" bT_gcc_coral="0" bT_gcc_goo="0" bT_gcc_permeable="0" bT_gcc_permeable_to_AOE="0" bT_gcc_player_body="0" bT_gcc_player_capsule="0" bT_gcc_projectile="0" bT_gcc_ragdoll="0" bT_gcc_rigid="0" bT_gcc_smokeform="0" bT_gcc_transparent="0" bT_gcc_unclimbable="0" bT_gcc_vehicle="0"/>
     <collisionType bT_collision_class_articulated="0" bT_collision_class_living="0" bT_collision_class_particle="0" bT_collision_class_soft="0" bT_collision_class_terrain="0" bT_collision_class_wheeled="0" bT_gcc_ai="0" bT_gcc_breakable="0" bT_gcc_coral="0" bT_gcc_goo="0" bT_gcc_permeable="0" bT_gcc_permeable_to_AOE="0" bT_gcc_player_body="0" bT_gcc_player_capsule="0" bT_gcc_projectile="0" bT_gcc_ragdoll="0" bT_gcc_rigid="0" bT_gcc_smokeform="0" bT_gcc_transparent="0" bT_gcc_unclimbable="0" bT_gcc_vehicle="0"/>
    </CollisionFiltering>
   </Physics>
   <RecycleData exotic="0" mineral="0" organic="0" synthetic="0"/>
   <Silhouette fAlpha="0.7" color_RGB="1,1,1"/>
   <Sound audioTrigger_Carry="" audioTrigger_HoldCarryCancel="" audioTrigger_HoldCarryStart="" audioTrigger_Start="" audioTrigger_Stop=""/>
   <AdditionalArchetypeProperties PrototypeMaterial=""/>
  </Properties>
  <ObjectVars OutdoorOnly="0" CastShadow="1" CastShadowMinspec="1" DynamicDistanceShadows="0" ShadowCasterType="0" CastSunShadowMinSpec="8" LodRatio="100" ViewDistRatio="100" CastShadowViewDistRatio="0" HiddenInGame="0" GlobalInSegmentedWorld="0" RecvWind="0" RenderNearest="0" NoStaticDecals="0" CreatedThroughPool="0" SceneIndex="0" HiddenInProbes="0"/>
 </EntityPrototype>
 <EntityPrototype Name="PowerPlant.RebootSwitch" Id="{6EA19055-D045-4A4C-9A44-26DF95DC0F71}" Library="Level" Class="ArkSwitch" Description="" ArchetypeId="13856881013214335862">
  <Properties bDisallowGrenades="1" textDisplayName="Initiate reboot" textDisplayNameLocked="No Locked Display Name Set" textMessageTurnOff="Initiate reboot" textMessageTurnOn="Initiate reboot" object_Model="objects/environment/props/coldwar/switch_interactive_a/switch_interactive_a.cdf" bRemoteManipulatable="1">
   <Animation anim_Off="Up" anim_On="Down"/>
   <Physics bArticulated="1" Density="-1" Mass="-1" bPhysicalize="1" bPushableByAI="1" bPushableByPlayers="1">
    <CollisionFiltering>
     <collisionIgnore bT_collision_class_articulated="0" bT_collision_class_living="0" bT_collision_class_particle="0" bT_collision_class_soft="0" bT_collision_class_terrain="0" bT_collision_class_wheeled="0" bT_gcc_ai="0" bT_gcc_breakable="0" bT_gcc_coral="0" bT_gcc_goo="0" bT_gcc_permeable="0" bT_gcc_permeable_to_AOE="0" bT_gcc_player_body="0" bT_gcc_player_capsule="0" bT_gcc_projectile="0" bT_gcc_ragdoll="0" bT_gcc_rigid="0" bT_gcc_smokeform="0" bT_gcc_transparent="0" bT_gcc_unclimbable="0" bT_gcc_vehicle="0"/>
     <collisionType bT_collision_class_articulated="0" bT_collision_class_living="0" bT_collision_class_particle="0" bT_collision_class_soft="0" bT_collision_class_terrain="0" bT_collision_class_wheeled="0" bT_gcc_ai="0" bT_gcc_breakable="0" bT_gcc_coral="0" bT_gcc_goo="0" bT_gcc_permeable="0" bT_gcc_permeable_to_AOE="0" bT_gcc_player_body="0" bT_gcc_player_capsule="0" bT_gcc_projectile="0" bT_gcc_ragdoll="0" bT_gcc_rigid="0" bT_gcc_smokeform="0" bT_gcc_transparent="0" bT_gcc_unclimbable="0" bT_gcc_vehicle="0"/>
    </CollisionFiltering>
   </Physics>
   <Silhouette fAlpha="0.7" color_RGB="1,1,1"/>
   <Sound audioTrigger_Locked="" audioTrigger_Off="Play_Switch_Off" audioTrigger_On="Play_Switch_On"/>
   <AdditionalArchetypeProperties PrototypeMaterial=""/>
  </Properties>
  <ObjectVars OutdoorOnly="0" CastShadow="1" CastShadowMinspec="1" DynamicDistanceShadows="0" ShadowCasterType="0" CastSunShadowMinSpec="8" LodRatio="100" ViewDistRatio="100" CastShadowViewDistRatio="0" HiddenInGame="0" GlobalInSegmentedWorld="0" RecvWind="0" RenderNearest="0" NoStaticDecals="0" CreatedThroughPool="0" SceneIndex="0" HiddenInProbes="0"/>
 </EntityPrototype>
 <EntityPrototype Name="PowerPlant.PP_ShutoffValve" Id="{A9C7FB91-9A04-4EC2-B2B7-2696CB23C63C}" Library="Level" Class="ArkRepairableObject" Description="" ArchetypeId="13856881013214335863">
  <Properties material_Broken="" particleeffect_BrokenVFX="" vector_BrokenVFXOffset="0,0,0" nBrokenVFXRate="1000" nBrokenVFXRateVariation="100" fBrokenVFXScale="1" bCanTriggerAreas="0" carryForwardOffset="0" carryHeightOffset="0" tutorial_ContextualTutorial="" vector_InteractionOffset="0,0,0" bIsCarryable="0" object_Model="Objects/User/ksegars/UpperReactor_Research/tank_controlbox.cgf" object_ModelBroken="Objects/User/ksegars/UpperReactor_Research/tank_controlbox_broken.cgf" ei_TransparencyMode="0" bUseSafeCarry="0">
   <carryDirection x="0" y="0" z="0"/>
   <Physics Density="-1" Mass="-1" bPhysicalize="1" bPushableByAI="0" bPushableByPlayers="0" bRigidBody="0">
    <CollisionFiltering>
     <collisionIgnore bT_collision_class_articulated="0" bT_collision_class_living="0" bT_collision_class_particle="0" bT_collision_class_soft="0" bT_collision_class_terrain="0" bT_collision_class_wheeled="0" bT_gcc_ai="0" bT_gcc_breakable="0" bT_gcc_coral="0" bT_gcc_goo="0" bT_gcc_permeable="0" bT_gcc_permeable_to_AOE="0" bT_gcc_player_body="0" bT_gcc_player_capsule="0" bT_gcc_projectile="0" bT_gcc_ragdoll="0" bT_gcc_rigid="0" bT_gcc_smokeform="0" bT_gcc_transparent="0" bT_gcc_unclimbable="0" bT_gcc_vehicle="0"/>
     <collisionType bT_collision_class_articulated="0" bT_collision_class_living="0" bT_collision_class_particle="0" bT_collision_class_soft="0" bT_collision_class_terrain="0" bT_collision_class_wheeled="0" bT_gcc_ai="0" bT_gcc_breakable="0" bT_gcc_coral="0" bT_gcc_goo="0" bT_gcc_permeable="0" bT_gcc_permeable_to_AOE="0" bT_gcc_player_body="0" bT_gcc_player_capsule="0" bT_gcc_projectile="0" bT_gcc_ragdoll="0" bT_gcc_rigid="0" bT_gcc_smokeform="0" bT_gcc_transparent="0" bT_gcc_unclimbable="0" bT_gcc_vehicle="0"/>
    </CollisionFiltering>
   </Physics>
   <Repair textDisplayName="" textDisplayNameBroken="Broken Valve" nHoldToUseDuration="1000" textPromptItemRequired="Spare parts" fRepairIconRange="10" archetype_RepairItem="ArkPickups.Kits.SpareParts" ability_RepairRequirement="3149325216929347163" nSparePartsRequired="1"/>
   <Sound audioTrigger_Break="" audioTrigger_BrokenLoop="" audioTrigger_Carry="" audioTrigger_Repaired="" audioTrigger_RepairLoop="" audioTrigger_RepairStop=""/>
   <AdditionalArchetypeProperties PrototypeMaterial=""/>
  </Properties>
  <ObjectVars OutdoorOnly="0" CastShadow="1" CastShadowMinspec="1" DynamicDistanceShadows="0" ShadowCasterType="0" CastSunShadowMinSpec="8" LodRatio="100" ViewDistRatio="100" CastShadowViewDistRatio="0" HiddenInGame="0" GlobalInSegmentedWorld="0" RecvWind="0" RenderNearest="0" NoStaticDecals="0" CreatedThroughPool="0" SceneIndex="0" HiddenInProbes="0"/>
 </EntityPrototype>
</EntityPrototypeLibrary>
