<EntitySerialization>
 <Entity id="1"/>
 <Entity id="2"/>
 <Entity id="3"/>
 <Entity id="4"/>
 <Entity id="5"/>
 <Entity id="6"/>
 <Entity id="7"/>
 <Entity id="8"/>
 <Entity id="9"/>
 <Entity id="10"/>
 <Entity id="11"/>
 <Entity id="12"/>
 <Entity id="13"/>
 <Entity id="14"/>
 <Entity id="15"/>
 <Entity id="16"/>
 <Entity id="17"/>
 <Entity id="18"/>
 <Entity id="19"/>
 <Entity id="20"/>
 <Entity id="21"/>
 <Entity id="22"/>
 <Entity id="23"/>
 <Entity id="24"/>
 <Entity id="25"/>
 <Entity id="26"/>
 <Entity id="27"/>
 <Entity id="28"/>
 <Entity id="29"/>
 <Entity id="30"/>
 <Entity id="31"/>
 <Entity id="32"/>
 <Entity id="33"/>
 <Entity id="34"/>
 <Entity id="35"/>
 <Entity id="36"/>
 <Entity id="37"/>
 <Entity id="38"/>
 <Entity id="39"/>
 <Entity id="40"/>
 <Entity id="41"/>
 <Entity id="42"/>
 <Entity id="43"/>
 <Entity id="44"/>
 <Entity id="45"/>
 <Entity id="46"/>
 <Entity id="47"/>
 <Entity id="48"/>
 <Entity id="49"/>
 <Entity id="50"/>
 <Entity id="51"/>
 <Entity id="52"/>
 <Entity id="53"/>
 <Entity id="54"/>
 <Entity id="55"/>
 <Entity id="56"/>
 <Entity id="57"/>
 <Entity id="58"/>
 <Entity id="59"/>
 <Entity id="60"/>
 <Entity id="61"/>
 <Entity id="62"/>
 <Entity id="63"/>
 <Entity id="64"/>
 <Entity id="65"/>
 <Entity id="66"/>
 <Entity id="67"/>
 <Entity id="68"/>
 <Entity id="69"/>
 <Entity id="70"/>
 <Entity id="71"/>
 <Entity id="72"/>
 <Entity id="73"/>
 <Entity id="74"/>
 <Entity id="75"/>
 <Entity id="76"/>
 <Entity id="77"/>
 <Entity id="78"/>
 <Entity id="79"/>
 <Entity id="80"/>
 <Entity id="81"/>
 <Entity id="82"/>
 <Entity id="83"/>
 <Entity id="84"/>
 <Entity id="85"/>
 <Entity id="86"/>
 <Entity id="87"/>
 <Entity id="88"/>
 <Entity id="89"/>
 <Entity id="90"/>
 <Entity id="91"/>
 <Entity id="92"/>
 <Entity id="93"/>
 <Entity id="94"/>
 <Entity id="95"/>
 <Entity id="96"/>
 <Entity id="97"/>
 <Entity id="98"/>
 <Entity id="99"/>
 <Entity id="100"/>
 <Entity id="101"/>
 <Entity id="102"/>
 <Entity id="103"/>
 <Entity id="104"/>
 <Entity id="105"/>
 <Entity id="106"/>
 <Entity id="107"/>
 <Entity id="108"/>
 <Entity id="109"/>
 <Entity id="110"/>
 <Entity id="111"/>
 <Entity id="112"/>
 <Entity id="113"/>
 <Entity id="114"/>
 <Entity id="115"/>
 <Entity id="116"/>
 <Entity id="117"/>
 <Entity id="118"/>
 <Entity id="119"/>
 <Entity id="120"/>
 <Entity id="121"/>
 <Entity id="122"/>
 <Entity id="123"/>
 <Entity id="124"/>
 <Entity id="125"/>
 <Entity id="126"/>
 <Entity id="127"/>
 <Entity id="128"/>
 <Entity id="129"/>
 <Entity id="130"/>
 <Entity id="131"/>
 <Entity id="132"/>
 <Entity id="133"/>
 <Entity id="134"/>
 <Entity id="135"/>
 <Entity id="136"/>
 <Entity id="137"/>
 <Entity id="138"/>
 <Entity id="139"/>
 <Entity id="140"/>
 <Entity id="141"/>
 <Entity id="142"/>
 <Entity id="143"/>
 <Entity id="144"/>
 <Entity id="145"/>
 <Entity id="146"/>
 <Entity id="147"/>
 <Entity id="148"/>
 <Entity id="149"/>
 <Entity id="150"/>
 <Entity id="151"/>
 <Entity id="152"/>
 <Entity id="153"/>
 <Entity id="154"/>
 <Entity id="155"/>
 <Entity id="157"/>
 <Entity id="159"/>
 <Entity id="160"/>
 <Entity id="163"/>
 <Entity id="165"/>
 <Entity id="166"/>
 <Entity id="167"/>
 <Entity id="168"/>
 <Entity id="172"/>
 <Entity id="174"/>
 <Entity id="176"/>
 <Entity id="178"/>
 <Entity id="180"/>
 <Entity id="181"/>
 <Entity id="182"/>
 <Entity id="183"/>
 <Entity id="184"/>
 <Entity id="185"/>
 <Entity id="186"/>
 <Entity id="187"/>
 <Entity id="188"/>
 <Entity id="190"/>
 <Entity id="191"/>
 <Entity id="192"/>
 <Entity id="195"/>
 <Entity id="196"/>
 <Entity id="201"/>
 <Entity id="202"/>
 <Entity id="203"/>
 <Entity id="204"/>
 <Entity id="205"/>
 <Entity id="206"/>
 <Entity id="207"/>
 <Entity id="209"/>
 <Entity id="211"/>
 <Entity id="212"/>
 <Entity id="213"/>
 <Entity id="215"/>
 <Entity id="216"/>
 <Entity id="218"/>
 <Entity id="219"/>
 <Entity id="222"/>
 <Entity id="223"/>
 <Entity id="224"/>
 <Entity id="225"/>
 <Entity id="228"/>
 <Entity id="230"/>
 <Entity id="232"/>
 <Entity id="233"/>
 <Entity id="237"/>
 <Entity id="238"/>
 <Entity id="239"/>
 <Entity id="240"/>
 <Entity id="241"/>
 <Entity id="242"/>
 <Entity id="244"/>
 <Entity id="245"/>
 <Entity id="246"/>
 <Entity id="247"/>
 <Entity id="248"/>
 <Entity id="249"/>
 <Entity id="250"/>
 <Entity id="251"/>
 <Entity id="253"/>
 <Entity id="255"/>
 <Entity id="256"/>
 <Entity id="257"/>
 <Entity id="258"/>
 <Entity id="259"/>
 <Entity id="260"/>
 <Entity id="261"/>
 <Entity id="263"/>
 <Entity id="264"/>
 <Entity id="265"/>
 <Entity id="266"/>
 <Entity id="267"/>
 <Entity id="268"/>
 <Entity id="271"/>
 <Entity id="275"/>
 <Entity id="276"/>
 <Entity id="277"/>
 <Entity id="278"/>
 <Entity id="279"/>
 <Entity id="280"/>
 <Entity id="281"/>
 <Entity id="282"/>
 <Entity id="283"/>
 <Entity id="284"/>
 <Entity id="286"/>
 <Entity id="287"/>
 <Entity id="290"/>
 <Entity id="291"/>
 <Entity id="294"/>
 <Entity id="295"/>
 <Entity id="296"/>
 <Entity id="297"/>
 <Entity id="298"/>
 <Entity id="299"/>
 <Entity id="300"/>
 <Entity id="301"/>
 <Entity id="302"/>
 <Entity id="303"/>
 <Entity id="304"/>
 <Entity id="305"/>
 <Entity id="306"/>
 <Entity id="307"/>
 <Entity id="308"/>
 <Entity id="313"/>
 <Entity id="315"/>
 <Entity id="316"/>
 <Entity id="317"/>
 <Entity id="318"/>
 <Entity id="319"/>
 <Entity id="320"/>
 <Entity id="321"/>
 <Entity id="326"/>
 <Entity id="327"/>
 <Entity id="328"/>
 <Entity id="336"/>
 <Entity id="338"/>
 <Entity id="342"/>
 <Entity id="343"/>
 <Entity id="344"/>
 <Entity id="345"/>
 <Entity id="346"/>
 <Entity id="349"/>
 <Entity id="353"/>
 <Entity id="355"/>
 <Entity id="356"/>
 <Entity id="361"/>
 <Entity id="362"/>
 <Entity id="364"/>
 <Entity id="366"/>
 <Entity id="367"/>
 <Entity id="370"/>
 <Entity id="372"/>
 <Entity id="373"/>
 <Entity id="374"/>
 <Entity id="383"/>
 <Entity id="386"/>
 <Entity id="387"/>
 <Entity id="388"/>
 <Entity id="389"/>
 <Entity id="390"/>
 <Entity id="391"/>
 <Entity id="392"/>
 <Entity id="393"/>
 <Entity id="394"/>
 <Entity id="395"/>
 <Entity id="396"/>
 <Entity id="397"/>
 <Entity id="398"/>
 <Entity id="399"/>
 <Entity id="400"/>
 <Entity id="401"/>
 <Entity id="402"/>
 <Entity id="403"/>
 <Entity id="404"/>
 <Entity id="405"/>
 <Entity id="407"/>
 <Entity id="410"/>
 <Entity id="411"/>
 <Entity id="412"/>
 <Entity id="413"/>
 <Entity id="414"/>
 <Entity id="415"/>
 <Entity id="416"/>
 <Entity id="417"/>
 <Entity id="418"/>
 <Entity id="419"/>
 <Entity id="420"/>
 <Entity id="421"/>
 <Entity id="422"/>
 <Entity id="423"/>
 <Entity id="424"/>
 <Entity id="425"/>
 <Entity id="426"/>
 <Entity id="427"/>
 <Entity id="428"/>
 <Entity id="429"/>
 <Entity id="430"/>
 <Entity id="431"/>
 <Entity id="432"/>
 <Entity id="433"/>
 <Entity id="434"/>
 <Entity id="435"/>
 <Entity id="436"/>
 <Entity id="437"/>
 <Entity id="438"/>
 <Entity id="439"/>
 <Entity id="440"/>
 <Entity id="441"/>
 <Entity id="442"/>
 <Entity id="443"/>
 <Entity id="444"/>
 <Entity id="445"/>
 <Entity id="446"/>
 <Entity id="447"/>
 <Entity id="448"/>
 <Entity id="449"/>
 <Entity id="450"/>
 <Entity id="451"/>
 <Entity id="452"/>
 <Entity id="453"/>
 <Entity id="454"/>
 <Entity id="455"/>
 <Entity id="456"/>
 <Entity id="457"/>
 <Entity id="458"/>
 <Entity id="459"/>
 <Entity id="460"/>
 <Entity id="461"/>
 <Entity id="462"/>
 <Entity id="463"/>
 <Entity id="464"/>
 <Entity id="465"/>
 <Entity id="466"/>
 <Entity id="467"/>
 <Entity id="468"/>
 <Entity id="469"/>
 <Entity id="470"/>
 <Entity id="471"/>
 <Entity id="472"/>
 <Entity id="473"/>
 <Entity id="474"/>
 <Entity id="475"/>
 <Entity id="476"/>
 <Entity id="477"/>
 <Entity id="478"/>
 <Entity id="479"/>
 <Entity id="480"/>
 <Entity id="481"/>
 <Entity id="482"/>
 <Entity id="483"/>
 <Entity id="484"/>
 <Entity id="485"/>
 <Entity id="486"/>
 <Entity id="487"/>
 <Entity id="488"/>
 <Entity id="489"/>
 <Entity id="490"/>
 <Entity id="491"/>
 <Entity id="492"/>
 <Entity id="493"/>
 <Entity id="494"/>
 <Entity id="495"/>
 <Entity id="496"/>
 <Entity id="497"/>
 <Entity id="501"/>
 <Entity id="502"/>
 <Entity id="503"/>
 <Entity id="504"/>
 <Entity id="507"/>
 <Entity id="509"/>
 <Entity id="510"/>
 <Entity id="512"/>
 <Entity id="513"/>
 <Entity id="515"/>
 <Entity id="516"/>
 <Entity id="517"/>
 <Entity id="522"/>
 <Entity id="524"/>
 <Entity id="526"/>
 <Entity id="530"/>
 <Entity id="531"/>
 <Entity id="532"/>
 <Entity id="535"/>
 <Entity id="536"/>
 <Entity id="537"/>
 <Entity id="542"/>
 <Entity id="546"/>
 <Entity id="549"/>
 <Entity id="550"/>
 <Entity id="551"/>
 <Entity id="553"/>
 <Entity id="555"/>
 <Entity id="557"/>
 <Entity id="558"/>
 <Entity id="559"/>
 <Entity id="561"/>
 <Entity id="566"/>
 <Entity id="567"/>
 <Entity id="569"/>
 <Entity id="571"/>
 <Entity id="574"/>
 <Entity id="576"/>
 <Entity id="579"/>
 <Entity id="582"/>
 <Entity id="583"/>
 <Entity id="584"/>
 <Entity id="585"/>
 <Entity id="587"/>
 <Entity id="588"/>
 <Entity id="590"/>
 <Entity id="592"/>
 <Entity id="594"/>
 <Entity id="595"/>
 <Entity id="596"/>
 <Entity id="597"/>
 <Entity id="598"/>
 <Entity id="599"/>
 <Entity id="600"/>
 <Entity id="601"/>
 <Entity id="604"/>
 <Entity id="605"/>
 <Entity id="608"/>
 <Entity id="611"/>
 <Entity id="613"/>
 <Entity id="615"/>
 <Entity id="616"/>
 <Entity id="618"/>
 <Entity id="619"/>
 <Entity id="620"/>
 <Entity id="621"/>
 <Entity id="622"/>
 <Entity id="623"/>
 <Entity id="624"/>
 <Entity id="625"/>
 <Entity id="626"/>
 <Entity id="627"/>
 <Entity id="628"/>
 <Entity id="629"/>
 <Entity id="630"/>
 <Entity id="631"/>
 <Entity id="632"/>
 <Entity id="633"/>
 <Entity id="634"/>
 <Entity id="635"/>
 <Entity id="636"/>
 <Entity id="637"/>
 <Entity id="638"/>
 <Entity id="639"/>
 <Entity id="640"/>
 <Entity id="641"/>
 <Entity id="642"/>
 <Entity id="643"/>
 <Entity id="644"/>
 <Entity id="645"/>
 <Entity id="646"/>
 <Entity id="647"/>
 <Entity id="648"/>
 <Entity id="649"/>
 <Entity id="650"/>
 <Entity id="651"/>
 <Entity id="652"/>
 <Entity id="653"/>
 <Entity id="654"/>
 <Entity id="655"/>
 <Entity id="656"/>
 <Entity id="657"/>
 <Entity id="658"/>
 <Entity id="659"/>
 <Entity id="660"/>
 <Entity id="661"/>
 <Entity id="662"/>
 <Entity id="663"/>
 <Entity id="664"/>
 <Entity id="665"/>
 <Entity id="666"/>
 <Entity id="667"/>
 <Entity id="668"/>
 <Entity id="669"/>
 <Entity id="670"/>
 <Entity id="671"/>
 <Entity id="672"/>
 <Entity id="673"/>
 <Entity id="674"/>
 <Entity id="675"/>
 <Entity id="676"/>
 <Entity id="677"/>
 <Entity id="678"/>
 <Entity id="679"/>
 <Entity id="680"/>
 <Entity id="681"/>
 <Entity id="682"/>
 <Entity id="683"/>
 <Entity id="684"/>
 <Entity id="685"/>
 <Entity id="686"/>
 <Entity id="687"/>
 <Entity id="688"/>
 <Entity id="689"/>
 <Entity id="690"/>
 <Entity id="691"/>
 <Entity id="692"/>
 <Entity id="693"/>
 <Entity id="694"/>
 <Entity id="695"/>
 <Entity id="696"/>
 <Entity id="697"/>
 <Entity id="698"/>
 <Entity id="699"/>
 <Entity id="700"/>
 <Entity id="701"/>
 <Entity id="702"/>
 <Entity id="703"/>
 <Entity id="704"/>
 <Entity id="705"/>
 <Entity id="706"/>
 <Entity id="707"/>
 <Entity id="708"/>
 <Entity id="709"/>
 <Entity id="710"/>
 <Entity id="711"/>
 <Entity id="712"/>
 <Entity id="713"/>
 <Entity id="715"/>
 <Entity id="717"/>
 <Entity id="724"/>
 <Entity id="726"/>
 <Entity id="728"/>
 <Entity id="729"/>
 <Entity id="731"/>
 <Entity id="734"/>
 <Entity id="739"/>
 <Entity id="742"/>
 <Entity id="744"/>
 <Entity id="745"/>
 <Entity id="746"/>
 <Entity id="748"/>
 <Entity id="756"/>
 <Entity id="759"/>
 <Entity id="760"/>
 <Entity id="764"/>
 <Entity id="766"/>
 <Entity id="767"/>
 <Entity id="770"/>
 <Entity id="771"/>
 <Entity id="772"/>
 <Entity id="779"/>
 <Entity id="781"/>
 <Entity id="783"/>
 <Entity id="790"/>
 <Entity id="791"/>
 <Entity id="792"/>
 <Entity id="793"/>
 <Entity id="795"/>
 <Entity id="799"/>
 <Entity id="800"/>
 <Entity id="801"/>
 <Entity id="802"/>
 <Entity id="803"/>
 <Entity id="804"/>
 <Entity id="806"/>
 <Entity id="808"/>
 <Entity id="809"/>
 <Entity id="810"/>
 <Entity id="811"/>
 <Entity id="812"/>
 <Entity id="813"/>
 <Entity id="815"/>
 <Entity id="817"/>
 <Entity id="823"/>
 <Entity id="824"/>
 <Entity id="828"/>
 <Entity id="832"/>
 <Entity id="833"/>
 <Entity id="835"/>
 <Entity id="837"/>
 <Entity id="838"/>
 <Entity id="841"/>
 <Entity id="843"/>
 <Entity id="844"/>
 <Entity id="845"/>
 <Entity id="846"/>
 <Entity id="850"/>
 <Entity id="852"/>
 <Entity id="853"/>
 <Entity id="854"/>
 <Entity id="856"/>
 <Entity id="857"/>
 <Entity id="858"/>
 <Entity id="860"/>
 <Entity id="862"/>
 <Entity id="867"/>
 <Entity id="868"/>
 <Entity id="869"/>
 <Entity id="870"/>
 <Entity id="871"/>
 <Entity id="880"/>
 <Entity id="883"/>
 <Entity id="884"/>
 <Entity id="885"/>
 <Entity id="886"/>
 <Entity id="888"/>
 <Entity id="890"/>
 <Entity id="891"/>
 <Entity id="893"/>
 <Entity id="894"/>
 <Entity id="897"/>
 <Entity id="898"/>
 <Entity id="902"/>
 <Entity id="904"/>
 <Entity id="905"/>
 <Entity id="906"/>
 <Entity id="907"/>
 <Entity id="908"/>
 <Entity id="909"/>
 <Entity id="910"/>
 <Entity id="911"/>
 <Entity id="912"/>
 <Entity id="913"/>
 <Entity id="915"/>
 <Entity id="917"/>
 <Entity id="919"/>
 <Entity id="922"/>
 <Entity id="926"/>
 <Entity id="928"/>
 <Entity id="930"/>
 <Entity id="934"/>
 <Entity id="936"/>
 <Entity id="939"/>
 <Entity id="940"/>
 <Entity id="941"/>
 <Entity id="942"/>
 <Entity id="944"/>
 <Entity id="946"/>
 <Entity id="948"/>
 <Entity id="949"/>
 <Entity id="951"/>
 <Entity id="952"/>
 <Entity id="953"/>
 <Entity id="954"/>
 <Entity id="955"/>
 <Entity id="959"/>
 <Entity id="961"/>
 <Entity id="962"/>
 <Entity id="968"/>
 <Entity id="970"/>
 <Entity id="971"/>
 <Entity id="972"/>
 <Entity id="974"/>
 <Entity id="977"/>
 <Entity id="979"/>
 <Entity id="980"/>
 <Entity id="982"/>
 <Entity id="983"/>
 <Entity id="984"/>
 <Entity id="985"/>
 <Entity id="986"/>
 <Entity id="987"/>
 <Entity id="988"/>
 <Entity id="989"/>
 <Entity id="993"/>
 <Entity id="994"/>
 <Entity id="995"/>
 <Entity id="996"/>
 <Entity id="1000"/>
 <Entity id="1010"/>
 <Entity id="1012"/>
 <Entity id="1013"/>
 <Entity id="1014"/>
 <Entity id="1016"/>
 <Entity id="1020"/>
 <Entity id="1023"/>
 <Entity id="1026"/>
 <Entity id="1027"/>
 <Entity id="1029"/>
 <Entity id="1031"/>
 <Entity id="1039"/>
 <Entity id="1041"/>
 <Entity id="1045"/>
 <Entity id="1048"/>
 <Entity id="1049"/>
 <Entity id="1054"/>
 <Entity id="1056"/>
 <Entity id="1058"/>
 <Entity id="1061"/>
 <Entity id="1062"/>
 <Entity id="1064"/>
 <Entity id="1065"/>
 <Entity id="1068"/>
 <Entity id="1072"/>
 <Entity id="1075"/>
 <Entity id="1076"/>
 <Entity id="1079"/>
 <Entity id="1080"/>
 <Entity id="1089"/>
 <Entity id="1092"/>
 <Entity id="1094"/>
 <Entity id="1095"/>
 <Entity id="1096"/>
 <Entity id="1101"/>
 <Entity id="1102"/>
 <Entity id="1103"/>
 <Entity id="1105"/>
 <Entity id="1106"/>
 <Entity id="1107"/>
 <Entity id="1108"/>
 <Entity id="1109"/>
 <Entity id="1111"/>
 <Entity id="1112"/>
 <Entity id="1113"/>
 <Entity id="1114"/>
 <Entity id="1116"/>
 <Entity id="1118"/>
 <Entity id="1120"/>
 <Entity id="1122"/>
 <Entity id="1126"/>
 <Entity id="1133"/>
 <Entity id="1134"/>
 <Entity id="1136"/>
 <Entity id="1137"/>
 <Entity id="1138"/>
 <Entity id="1139"/>
 <Entity id="1140"/>
 <Entity id="1141"/>
 <Entity id="1145"/>
 <Entity id="1154"/>
 <Entity id="1155"/>
 <Entity id="1158"/>
 <Entity id="1159"/>
 <Entity id="1161"/>
 <Entity id="1162"/>
 <Entity id="1164"/>
 <Entity id="1168"/>
 <Entity id="1171"/>
 <Entity id="1172"/>
 <Entity id="1176"/>
 <Entity id="1177"/>
 <Entity id="1178"/>
 <Entity id="1184"/>
 <Entity id="1186"/>
 <Entity id="1187"/>
 <Entity id="1189"/>
 <Entity id="1191"/>
 <Entity id="1193"/>
 <Entity id="1195"/>
 <Entity id="1196"/>
 <Entity id="1197"/>
 <Entity id="1198"/>
 <Entity id="1204"/>
 <Entity id="1206"/>
 <Entity id="1207"/>
 <Entity id="1209"/>
 <Entity id="1210"/>
 <Entity id="1211"/>
 <Entity id="1212"/>
 <Entity id="1214"/>
 <Entity id="1215"/>
 <Entity id="1216"/>
 <Entity id="1217"/>
 <Entity id="1218"/>
 <Entity id="1219"/>
 <Entity id="1220"/>
 <Entity id="1221"/>
 <Entity id="1225"/>
 <Entity id="1229"/>
 <Entity id="1231"/>
 <Entity id="1232"/>
 <Entity id="1236"/>
 <Entity id="1238"/>
 <Entity id="1239"/>
 <Entity id="1240"/>
 <Entity id="1243"/>
 <Entity id="1246"/>
 <Entity id="1249"/>
 <Entity id="1250"/>
 <Entity id="1253"/>
 <Entity id="1254"/>
 <Entity id="1255"/>
 <Entity id="1256"/>
 <Entity id="1258"/>
 <Entity id="1260"/>
 <Entity id="1261"/>
 <Entity id="1266"/>
 <Entity id="1270"/>
 <Entity id="1272"/>
 <Entity id="1273"/>
 <Entity id="1274"/>
 <Entity id="1275"/>
 <Entity id="1276"/>
 <Entity id="1277"/>
 <Entity id="1278"/>
 <Entity id="1282"/>
 <Entity id="1283"/>
 <Entity id="1288"/>
 <Entity id="1289"/>
 <Entity id="1291"/>
 <Entity id="1293"/>
 <Entity id="1294"/>
 <Entity id="1297"/>
 <Entity id="1299"/>
 <Entity id="1301"/>
 <Entity id="1303"/>
 <Entity id="1308"/>
 <Entity id="1310"/>
 <Entity id="1312"/>
 <Entity id="1314"/>
 <Entity id="1316"/>
 <Entity id="1318"/>
 <Entity id="1319"/>
 <Entity id="1324"/>
 <Entity id="1326"/>
 <Entity id="1327"/>
 <Entity id="1332"/>
 <Entity id="1333"/>
 <Entity id="1334"/>
 <Entity id="1336"/>
 <Entity id="1338"/>
 <Entity id="1339"/>
 <Entity id="1340"/>
 <Entity id="1341"/>
 <Entity id="1345"/>
 <Entity id="1346"/>
 <Entity id="1352"/>
 <Entity id="1356"/>
 <Entity id="1360"/>
 <Entity id="1361"/>
 <Entity id="1363"/>
 <Entity id="1369"/>
 <Entity id="1371"/>
 <Entity id="1372"/>
 <Entity id="1380"/>
 <Entity id="1388"/>
 <Entity id="1392"/>
 <Entity id="1395"/>
 <Entity id="1398"/>
 <Entity id="1400"/>
 <Entity id="1412"/>
 <Entity id="1417"/>
 <Entity id="1423"/>
 <Entity id="1434"/>
 <Entity id="1444"/>
 <Entity id="1454"/>
 <Entity id="1457"/>
 <Entity id="1496"/>
 <Entity id="1501"/>
 <Entity id="1503"/>
 <Entity id="1518"/>
 <Entity id="1520"/>
 <Entity id="1524"/>
 <Entity id="1527"/>
 <Entity id="1528"/>
 <Entity id="1529"/>
 <Entity id="1530"/>
 <Entity id="1531"/>
 <Entity id="1532"/>
 <Entity id="1533"/>
 <Entity id="1534"/>
 <Entity id="1535"/>
 <Entity id="1536"/>
 <Entity id="1551"/>
 <Entity id="1552"/>
 <Entity id="1553"/>
 <Entity id="1554"/>
 <Entity id="1555"/>
 <Entity id="1556"/>
 <Entity id="1557"/>
 <Entity id="1559"/>
 <Entity id="1560"/>
 <Entity id="1563"/>
 <Entity id="1565"/>
 <Entity id="1569"/>
 <Entity id="1572"/>
 <Entity id="1586"/>
 <Entity id="1587"/>
 <Entity id="1593"/>
 <Entity id="1595"/>
 <Entity id="1599"/>
 <Entity id="1604"/>
 <Entity id="1605"/>
 <Entity id="1627"/>
 <Entity id="1637"/>
 <Entity id="1640"/>
 <Entity id="1641"/>
 <Entity id="1649"/>
 <Entity id="1650"/>
 <Entity id="1658"/>
 <Entity id="1669"/>
 <Entity id="1672"/>
 <Entity id="1687"/>
 <Entity id="1705"/>
 <Entity id="1707"/>
 <Entity id="1728"/>
 <Entity id="1729"/>
 <Entity id="1730"/>
 <Entity id="1731"/>
 <Entity id="1736"/>
 <Entity id="1746"/>
 <Entity id="1747"/>
 <Entity id="1749"/>
 <Entity id="1753"/>
 <Entity id="1760"/>
 <Entity id="1765"/>
 <Entity id="1766"/>
 <Entity id="1767"/>
 <Entity id="1768"/>
 <Entity id="1772"/>
 <Entity id="1773"/>
 <Entity id="1774"/>
 <Entity id="1775"/>
 <Entity id="1779"/>
 <Entity id="1780"/>
 <Entity id="1781"/>
 <Entity id="1782"/>
 <Entity id="1783"/>
 <Entity id="1784"/>
 <Entity id="1785"/>
 <Entity id="1786"/>
 <Entity id="1787"/>
 <Entity id="1788"/>
 <Entity id="1789"/>
 <Entity id="1790"/>
 <Entity id="1791"/>
 <Entity id="1792"/>
 <Entity id="1793"/>
 <Entity id="1794"/>
 <Entity id="1795"/>
 <Entity id="1796"/>
 <Entity id="1797"/>
 <Entity id="1798"/>
 <Entity id="1799"/>
 <Entity id="1800"/>
 <Entity id="1801"/>
 <Entity id="1802"/>
 <Entity id="1803"/>
 <Entity id="1804"/>
 <Entity id="1805"/>
 <Entity id="1806"/>
 <Entity id="1807"/>
 <Entity id="1808"/>
 <Entity id="1809"/>
 <Entity id="1810"/>
 <Entity id="1811"/>
 <Entity id="1812"/>
 <Entity id="1813"/>
 <Entity id="1814"/>
 <Entity id="1815"/>
 <Entity id="1816"/>
 <Entity id="1817"/>
 <Entity id="1818"/>
 <Entity id="1819"/>
 <Entity id="1820"/>
 <Entity id="1821"/>
 <Entity id="1822"/>
 <Entity id="1823"/>
 <Entity id="1824"/>
 <Entity id="1825"/>
 <Entity id="1826"/>
 <Entity id="1827"/>
 <Entity id="1828"/>
 <Entity id="1829"/>
 <Entity id="1830"/>
 <Entity id="1831"/>
 <Entity id="1832"/>
 <Entity id="1833"/>
 <Entity id="1834"/>
 <Entity id="1835"/>
 <Entity id="1836"/>
 <Entity id="1837"/>
 <Entity id="1838"/>
 <Entity id="1839"/>
 <Entity id="1840"/>
 <Entity id="1841"/>
 <Entity id="1842"/>
 <Entity id="1843"/>
 <Entity id="1844"/>
 <Entity id="1845"/>
 <Entity id="1846"/>
 <Entity id="1847"/>
 <Entity id="1848"/>
 <Entity id="1849"/>
 <Entity id="1850"/>
 <Entity id="1851"/>
 <Entity id="1852"/>
 <Entity id="1853"/>
 <Entity id="1854"/>
 <Entity id="1855"/>
 <Entity id="1856"/>
 <Entity id="1857"/>
 <Entity id="1863"/>
 <Entity id="1865"/>
 <Entity id="1870"/>
 <Entity id="1879"/>
 <Entity id="1884"/>
 <Entity id="1886"/>
 <Entity id="1890"/>
 <Entity id="1896"/>
 <Entity id="1898"/>
 <Entity id="1901"/>
 <Entity id="1908"/>
 <Entity id="1913"/>
 <Entity id="1918"/>
 <Entity id="1926"/>
 <Entity id="1941"/>
 <Entity id="1943"/>
 <Entity id="1955"/>
 <Entity id="1957"/>
 <Entity id="1958"/>
 <Entity id="1961"/>
 <Entity id="1962"/>
 <Entity id="1965"/>
 <Entity id="1973"/>
 <Entity id="1974"/>
 <Entity id="1977"/>
 <Entity id="1979"/>
 <Entity id="1986"/>
 <Entity id="1987"/>
 <Entity id="1993"/>
 <Entity id="1996"/>
 <Entity id="1997"/>
 <Entity id="2000"/>
 <Entity id="2004"/>
 <Entity id="2007"/>
 <Entity id="2011"/>
 <Entity id="2016"/>
 <Entity id="2023"/>
 <Entity id="2025"/>
 <Entity id="2027"/>
 <Entity id="2032"/>
 <Entity id="2034"/>
 <Entity id="2035"/>
 <Entity id="2038"/>
 <Entity id="2039"/>
 <Entity id="2040"/>
 <Entity id="2042"/>
 <Entity id="2045"/>
 <Entity id="2055"/>
 <Entity id="2063"/>
 <Entity id="2302"/>
 <Entity id="2316"/>
 <Entity id="2317"/>
 <Entity id="2318"/>
 <Entity id="2319"/>
 <Entity id="2320"/>
 <Entity id="2321"/>
 <Entity id="2322"/>
 <Entity id="2323"/>
 <Entity id="2324"/>
 <Entity id="2325"/>
 <Entity id="2326"/>
 <Entity id="2327"/>
 <Entity id="2328"/>
 <Entity id="2329"/>
 <Entity id="2330"/>
 <Entity id="2331"/>
 <Entity id="2332"/>
 <Entity id="2333"/>
 <Entity id="2334"/>
 <Entity id="2335"/>
 <Entity id="2336"/>
 <Entity id="2337"/>
 <Entity id="2338"/>
 <Entity id="2339"/>
 <Entity id="2340"/>
 <Entity id="2341"/>
 <Entity id="2342"/>
 <Entity id="2343"/>
 <Entity id="2344"/>
 <Entity id="2345"/>
 <Entity id="2346"/>
 <Entity id="2347"/>
 <Entity id="2348"/>
 <Entity id="2349"/>
 <Entity id="2350"/>
 <Entity id="2351"/>
 <Entity id="2352"/>
 <Entity id="2353"/>
 <Entity id="2354"/>
 <Entity id="2355"/>
 <Entity id="2356"/>
 <Entity id="2357"/>
 <Entity id="2358"/>
 <Entity id="2359"/>
 <Entity id="2360"/>
 <Entity id="2361"/>
 <Entity id="2362"/>
 <Entity id="2363"/>
 <Entity id="2365"/>
 <Entity id="2366"/>
 <Entity id="2367"/>
 <Entity id="2368"/>
 <Entity id="2369"/>
 <Entity id="2371"/>
 <Entity id="2373"/>
 <Entity id="2374"/>
 <Entity id="2375"/>
 <Entity id="2376"/>
 <Entity id="2377"/>
 <Entity id="2378"/>
 <Entity id="2379"/>
 <Entity id="2382"/>
 <Entity id="2383"/>
 <Entity id="2384"/>
 <Entity id="2385"/>
 <Entity id="2386"/>
 <Entity id="2387"/>
 <Entity id="2388"/>
 <Entity id="2389"/>
 <Entity id="2390"/>
 <Entity id="2391"/>
 <Entity id="2392"/>
 <Entity id="2393"/>
 <Entity id="2394"/>
 <Entity id="2395"/>
 <Entity id="2396"/>
 <Entity id="2397"/>
 <Entity id="2398"/>
 <Entity id="2399"/>
 <Entity id="2401"/>
 <Entity id="2402"/>
 <Entity id="2403"/>
 <Entity id="2404"/>
 <Entity id="2405"/>
 <Entity id="2406"/>
 <Entity id="2407"/>
 <Entity id="2408"/>
 <Entity id="2409"/>
 <Entity id="2410"/>
 <Entity id="2411"/>
 <Entity id="2412"/>
 <Entity id="2413"/>
 <Entity id="2416"/>
 <Entity id="2417"/>
 <Entity id="2418"/>
 <Entity id="2420"/>
 <Entity id="2421"/>
 <Entity id="2422"/>
 <Entity id="2423"/>
 <Entity id="2424"/>
 <Entity id="2425"/>
 <Entity id="2426"/>
 <Entity id="2427"/>
 <Entity id="2428"/>
 <Entity id="2429"/>
 <Entity id="2430"/>
 <Entity id="2431"/>
 <Entity id="2432"/>
 <Entity id="2433"/>
 <Entity id="2434"/>
 <Entity id="2435"/>
 <Entity id="2436"/>
 <Entity id="2437"/>
 <Entity id="2438"/>
 <Entity id="2439"/>
 <Entity id="2441"/>
 <Entity id="2442"/>
 <Entity id="2443"/>
 <Entity id="2444"/>
 <Entity id="2446"/>
 <Entity id="2447"/>
 <Entity id="2448"/>
 <Entity id="2449"/>
 <Entity id="2450"/>
 <Entity id="2452"/>
 <Entity id="2453"/>
 <Entity id="2454"/>
 <Entity id="2455"/>
 <Entity id="2456"/>
 <Entity id="2457"/>
 <Entity id="2458"/>
 <Entity id="2459"/>
 <Entity id="2460"/>
 <Entity id="2461"/>
 <Entity id="2462"/>
 <Entity id="2463"/>
 <Entity id="2464"/>
 <Entity id="2465"/>
 <Entity id="2466"/>
 <Entity id="2468"/>
 <Entity id="2469"/>
 <Entity id="2470"/>
 <Entity id="2471"/>
 <Entity id="2472"/>
 <Entity id="2473"/>
 <Entity id="2474"/>
 <Entity id="2475"/>
 <Entity id="2476"/>
 <Entity id="2478"/>
 <Entity id="2479"/>
 <Entity id="2480"/>
 <Entity id="2481"/>
 <Entity id="2482"/>
 <Entity id="2483"/>
 <Entity id="2484"/>
 <Entity id="2485"/>
 <Entity id="2486"/>
 <Entity id="2487"/>
 <Entity id="2488"/>
 <Entity id="2489"/>
 <Entity id="2490"/>
 <Entity id="2491"/>
 <Entity id="2492"/>
 <Entity id="2493"/>
 <Entity id="2494"/>
 <Entity id="2495"/>
 <Entity id="2496"/>
 <Entity id="2497"/>
 <Entity id="2498"/>
 <Entity id="2499"/>
 <Entity id="2500"/>
 <Entity id="2503"/>
 <Entity id="2504"/>
 <Entity id="2505"/>
 <Entity id="2506"/>
 <Entity id="2507"/>
 <Entity id="2508"/>
 <Entity id="2509"/>
 <Entity id="2510"/>
 <Entity id="2511"/>
 <Entity id="2512"/>
 <Entity id="2513"/>
 <Entity id="2514"/>
 <Entity id="2515"/>
 <Entity id="2516"/>
 <Entity id="2517"/>
 <Entity id="2518"/>
 <Entity id="2520"/>
 <Entity id="2523"/>
 <Entity id="2524"/>
 <Entity id="2525"/>
 <Entity id="2526"/>
 <Entity id="2527"/>
 <Entity id="2528"/>
 <Entity id="2529"/>
 <Entity id="2530"/>
 <Entity id="2531"/>
 <Entity id="2532"/>
 <Entity id="2533"/>
 <Entity id="2534"/>
 <Entity id="2535"/>
 <Entity id="2537"/>
 <Entity id="2538"/>
 <Entity id="2539"/>
 <Entity id="2540"/>
 <Entity id="2541"/>
 <Entity id="2542"/>
 <Entity id="2543"/>
 <Entity id="2544"/>
 <Entity id="2545"/>
 <Entity id="2546"/>
 <Entity id="2547"/>
 <Entity id="2548"/>
 <Entity id="2549"/>
 <Entity id="2550"/>
 <Entity id="2551"/>
 <Entity id="2552"/>
 <Entity id="2553"/>
 <Entity id="2554"/>
 <Entity id="2555"/>
 <Entity id="2556"/>
 <Entity id="2557"/>
 <Entity id="2560"/>
 <Entity id="2561"/>
 <Entity id="2562"/>
 <Entity id="2563"/>
 <Entity id="2564"/>
 <Entity id="2565"/>
 <Entity id="2566"/>
 <Entity id="2567"/>
 <Entity id="2568"/>
 <Entity id="2569"/>
 <Entity id="2570"/>
 <Entity id="2571"/>
 <Entity id="2572"/>
 <Entity id="2573"/>
 <Entity id="2574"/>
 <Entity id="2575"/>
 <Entity id="2576"/>
 <Entity id="2577"/>
 <Entity id="2578"/>
 <Entity id="2579"/>
 <Entity id="2580"/>
 <Entity id="2581"/>
 <Entity id="2582"/>
 <Entity id="2584"/>
 <Entity id="2585"/>
 <Entity id="2586"/>
 <Entity id="2587"/>
 <Entity id="2588"/>
 <Entity id="2590"/>
 <Entity id="2591"/>
 <Entity id="2592"/>
 <Entity id="2593"/>
 <Entity id="2594"/>
 <Entity id="2595"/>
 <Entity id="2596"/>
 <Entity id="2597"/>
 <Entity id="2598"/>
 <Entity id="2599"/>
 <Entity id="2600"/>
 <Entity id="2601"/>
 <Entity id="2603"/>
 <Entity id="2604"/>
 <Entity id="2605"/>
 <Entity id="2606"/>
 <Entity id="2607"/>
 <Entity id="2608"/>
 <Entity id="2609"/>
 <Entity id="2610"/>
 <Entity id="2611"/>
 <Entity id="2612"/>
 <Entity id="2613"/>
 <Entity id="2614"/>
 <Entity id="2615"/>
 <Entity id="2616"/>
 <Entity id="2617"/>
 <Entity id="2618"/>
 <Entity id="2619"/>
 <Entity id="2620"/>
 <Entity id="2621"/>
 <Entity id="2622"/>
 <Entity id="2623"/>
 <Entity id="2624"/>
 <Entity id="2625"/>
 <Entity id="2626"/>
 <Entity id="2627"/>
 <Entity id="2628"/>
 <Entity id="2629"/>
 <Entity id="2630"/>
 <Entity id="2631"/>
 <Entity id="2632"/>
 <Entity id="2633"/>
 <Entity id="2634"/>
 <Entity id="2635"/>
 <Entity id="2637"/>
 <Entity id="2638"/>
 <Entity id="2639"/>
 <Entity id="2640"/>
 <Entity id="2641"/>
 <Entity id="2642"/>
 <Entity id="2643"/>
 <Entity id="2644"/>
 <Entity id="2646"/>
 <Entity id="2647"/>
 <Entity id="2649"/>
 <Entity id="2650"/>
 <Entity id="2651"/>
 <Entity id="2652"/>
 <Entity id="2653"/>
 <Entity id="2654"/>
 <Entity id="2655"/>
 <Entity id="2656"/>
 <Entity id="2657"/>
 <Entity id="2658"/>
 <Entity id="2659"/>
 <Entity id="2660"/>
 <Entity id="2661"/>
 <Entity id="2662"/>
 <Entity id="2663"/>
 <Entity id="2664"/>
 <Entity id="2665"/>
 <Entity id="2666"/>
 <Entity id="2667"/>
 <Entity id="2668"/>
 <Entity id="2669"/>
 <Entity id="2670"/>
 <Entity id="2671"/>
 <Entity id="2672"/>
 <Entity id="2673"/>
 <Entity id="2674"/>
 <Entity id="2675"/>
 <Entity id="2676"/>
 <Entity id="2677"/>
 <Entity id="2678"/>
 <Entity id="2679"/>
 <Entity id="2680"/>
 <Entity id="2681"/>
 <Entity id="2682"/>
 <Entity id="2683"/>
 <Entity id="2684"/>
 <Entity id="2685"/>
 <Entity id="2686"/>
 <Entity id="2687"/>
 <Entity id="2688"/>
 <Entity id="2689"/>
 <Entity id="2690"/>
 <Entity id="2691"/>
 <Entity id="2692"/>
 <Entity id="2693"/>
 <Entity id="2694"/>
 <Entity id="2695"/>
 <Entity id="2696"/>
 <Entity id="2699"/>
 <Entity id="2702"/>
 <Entity id="2704"/>
 <Entity id="2710"/>
 <Entity id="2712"/>
 <Entity id="2714"/>
 <Entity id="2717"/>
 <Entity id="2720"/>
 <Entity id="2721"/>
 <Entity id="2729"/>
 <Entity id="2731"/>
 <Entity id="2733"/>
 <Entity id="2736"/>
 <Entity id="2738"/>
 <Entity id="2742"/>
 <Entity id="2743"/>
 <Entity id="2754"/>
 <Entity id="2756"/>
 <Entity id="2757"/>
 <Entity id="2762"/>
 <Entity id="2763"/>
 <Entity id="2764"/>
 <Entity id="2770"/>
 <Entity id="2773"/>
 <Entity id="2774"/>
 <Entity id="2775"/>
 <Entity id="2777"/>
 <Entity id="2778"/>
 <Entity id="2785"/>
 <Entity id="2789"/>
 <Entity id="2791"/>
 <Entity id="2794"/>
 <Entity id="2796"/>
 <Entity id="2799"/>
 <Entity id="2805"/>
 <Entity id="2806"/>
 <Entity id="2809"/>
 <Entity id="2810"/>
 <Entity id="2814"/>
 <Entity id="2816"/>
 <Entity id="2817"/>
 <Entity id="2818"/>
 <Entity id="2824"/>
 <Entity id="2825"/>
 <Entity id="2832"/>
 <Entity id="2836"/>
 <Entity id="2837"/>
 <Entity id="2839"/>
 <Entity id="2840"/>
 <Entity id="2841"/>
 <Entity id="2842"/>
 <Entity id="2843"/>
 <Entity id="2844"/>
 <Entity id="2845"/>
 <Entity id="2847"/>
 <Entity id="2848"/>
 <Entity id="2849"/>
 <Entity id="2850"/>
 <Entity id="2853"/>
 <Entity id="2854"/>
 <Entity id="2856"/>
 <Entity id="2857"/>
 <Entity id="2858"/>
 <Entity id="2859"/>
 <Entity id="2861"/>
 <Entity id="2863"/>
 <Entity id="2865"/>
 <Entity id="2866"/>
 <Entity id="2867"/>
 <Entity id="2869"/>
 <Entity id="2871"/>
 <Entity id="2873"/>
 <Entity id="2874"/>
 <Entity id="2875"/>
 <Entity id="2876"/>
 <Entity id="2878"/>
 <Entity id="2880"/>
 <Entity id="2881"/>
 <Entity id="2882"/>
 <Entity id="2883"/>
 <Entity id="2884"/>
 <Entity id="2885"/>
 <Entity id="2886"/>
 <Entity id="2887"/>
 <Entity id="2888"/>
 <Entity id="2890"/>
 <Entity id="2892"/>
 <Entity id="2895"/>
 <Entity id="2896"/>
 <Entity id="2897"/>
 <Entity id="2898"/>
 <Entity id="2899"/>
 <Entity id="2901"/>
 <Entity id="2904"/>
 <Entity id="2908"/>
 <Entity id="2909"/>
 <Entity id="2911"/>
 <Entity id="2912"/>
 <Entity id="2913"/>
 <Entity id="2915"/>
 <Entity id="2916"/>
 <Entity id="2918"/>
 <Entity id="2919"/>
 <Entity id="2921"/>
 <Entity id="2922"/>
 <Entity id="2923"/>
 <Entity id="2924"/>
 <Entity id="2925"/>
 <Entity id="2926"/>
 <Entity id="2929"/>
 <Entity id="2930"/>
 <Entity id="2932"/>
 <Entity id="2934"/>
 <Entity id="2936"/>
 <Entity id="2938"/>
 <Entity id="2939"/>
 <Entity id="2940"/>
 <Entity id="2941"/>
 <Entity id="2943"/>
 <Entity id="2944"/>
 <Entity id="2945"/>
 <Entity id="2946"/>
 <Entity id="2948"/>
 <Entity id="2950"/>
 <Entity id="2951"/>
 <Entity id="2952"/>
 <Entity id="2953"/>
 <Entity id="2954"/>
 <Entity id="2957"/>
 <Entity id="2958"/>
 <Entity id="2962"/>
 <Entity id="2965"/>
 <Entity id="2966"/>
 <Entity id="2967"/>
 <Entity id="2968"/>
 <Entity id="2970"/>
 <Entity id="2973"/>
 <Entity id="2974"/>
 <Entity id="2982"/>
 <Entity id="2983"/>
 <Entity id="2984"/>
 <Entity id="2988"/>
 <Entity id="2995"/>
 <Entity id="2996"/>
 <Entity id="2998"/>
 <Entity id="3004"/>
 <Entity id="3007"/>
 <Entity id="3116"/>
 <Entity id="3135"/>
 <Entity id="3140"/>
 <Entity id="3148"/>
 <Entity id="3158"/>
 <Entity id="3167"/>
 <Entity id="3179"/>
 <Entity id="3188"/>
 <Entity id="3200"/>
 <Entity id="3208"/>
 <Entity id="3209"/>
 <Entity id="3210"/>
 <Entity id="3211"/>
 <Entity id="3214"/>
 <Entity id="3215"/>
 <Entity id="3216"/>
 <Entity id="3219"/>
 <Entity id="3221"/>
 <Entity id="3223"/>
 <Entity id="3226"/>
 <Entity id="3228"/>
 <Entity id="3229"/>
 <Entity id="3230"/>
 <Entity id="3231"/>
 <Entity id="3233"/>
 <Entity id="3234"/>
 <Entity id="3235"/>
 <Entity id="3236"/>
 <Entity id="3237"/>
 <Entity id="3238"/>
 <Entity id="3239"/>
 <Entity id="3240"/>
 <Entity id="3241"/>
 <Entity id="3242"/>
 <Entity id="3244"/>
 <Entity id="3245"/>
 <Entity id="3246"/>
 <Entity id="3247"/>
 <Entity id="3248"/>
 <Entity id="3249"/>
 <Entity id="3252"/>
 <Entity id="3254"/>
 <Entity id="3255"/>
 <Entity id="3256"/>
 <Entity id="3257"/>
 <Entity id="3258"/>
 <Entity id="3260"/>
 <Entity id="3261"/>
 <Entity id="3264"/>
 <Entity id="3265"/>
 <Entity id="3267"/>
 <Entity id="3268"/>
 <Entity id="3269"/>
 <Entity id="3271"/>
 <Entity id="3273"/>
 <Entity id="3275"/>
 <Entity id="3276"/>
 <Entity id="3277"/>
 <Entity id="3278"/>
 <Entity id="3279"/>
 <Entity id="3280"/>
 <Entity id="3282"/>
 <Entity id="3283"/>
 <Entity id="3284"/>
 <Entity id="3286"/>
 <Entity id="3288"/>
 <Entity id="3289"/>
 <Entity id="3290"/>
 <Entity id="3291"/>
 <Entity id="3292"/>
 <Entity id="3293"/>
 <Entity id="3295"/>
 <Entity id="3296"/>
 <Entity id="3297"/>
 <Entity id="3298"/>
 <Entity id="3299"/>
 <Entity id="3301"/>
 <Entity id="3302"/>
 <Entity id="3303"/>
 <Entity id="3305"/>
 <Entity id="3306"/>
 <Entity id="3307"/>
 <Entity id="3309"/>
 <Entity id="3310"/>
 <Entity id="3311"/>
 <Entity id="3312"/>
 <Entity id="3313"/>
 <Entity id="3315"/>
 <Entity id="3316"/>
 <Entity id="3317"/>
 <Entity id="3318"/>
 <Entity id="3319"/>
 <Entity id="3320"/>
 <Entity id="3322"/>
 <Entity id="3323"/>
 <Entity id="3324"/>
 <Entity id="3326"/>
 <Entity id="3328"/>
 <Entity id="3329"/>
 <Entity id="3330"/>
 <Entity id="3332"/>
 <Entity id="3333"/>
 <Entity id="3334"/>
 <Entity id="3335"/>
 <Entity id="3337"/>
 <Entity id="3338"/>
 <Entity id="3339"/>
 <Entity id="3342"/>
 <Entity id="3343"/>
 <Entity id="3344"/>
 <Entity id="3345"/>
 <Entity id="3347"/>
 <Entity id="3348"/>
 <Entity id="3349"/>
 <Entity id="3351"/>
 <Entity id="3352"/>
 <Entity id="3353"/>
 <Entity id="3354"/>
 <Entity id="3355"/>
 <Entity id="3356"/>
 <Entity id="3358"/>
 <Entity id="3359"/>
 <Entity id="3360"/>
 <Entity id="3361"/>
 <Entity id="3362"/>
 <Entity id="3363"/>
 <Entity id="3364"/>
 <Entity id="3365"/>
 <Entity id="3367"/>
 <Entity id="3368"/>
 <Entity id="3369"/>
 <Entity id="3370"/>
 <Entity id="3371"/>
 <Entity id="3372"/>
 <Entity id="3373"/>
 <Entity id="3374"/>
 <Entity id="3375"/>
 <Entity id="3376"/>
 <Entity id="3377"/>
 <Entity id="3378"/>
 <Entity id="3380"/>
 <Entity id="3381"/>
 <Entity id="3383"/>
 <Entity id="3384"/>
 <Entity id="3385"/>
 <Entity id="3386"/>
 <Entity id="3387"/>
 <Entity id="3388"/>
 <Entity id="3389"/>
 <Entity id="3390"/>
 <Entity id="3391"/>
 <Entity id="3392"/>
 <Entity id="3396"/>
 <Entity id="3397"/>
 <Entity id="3398"/>
 <Entity id="3399"/>
 <Entity id="3400"/>
 <Entity id="3401"/>
 <Entity id="3402"/>
 <Entity id="3404"/>
 <Entity id="3406"/>
 <Entity id="3407"/>
 <Entity id="3408"/>
 <Entity id="3411"/>
 <Entity id="3413"/>
 <Entity id="3417"/>
 <Entity id="3424"/>
 <Entity id="3426"/>
 <Entity id="3429"/>
 <Entity id="3441"/>
 <Entity id="3444"/>
 <Entity id="3448"/>
 <Entity id="3451"/>
 <Entity id="3452"/>
 <Entity id="3457"/>
 <Entity id="3460"/>
 <Entity id="3462"/>
 <Entity id="3464"/>
 <Entity id="3468"/>
 <Entity id="3469"/>
 <Entity id="3471"/>
 <Entity id="3479"/>
 <Entity id="3480"/>
 <Entity id="3483"/>
 <Entity id="3485"/>
 <Entity id="3486"/>
 <Entity id="3489"/>
 <Entity id="3497"/>
 <Entity id="3498"/>
 <Entity id="3501"/>
 <Entity id="3502"/>
 <Entity id="3503"/>
 <Entity id="3504"/>
 <Entity id="3508"/>
 <Entity id="3509"/>
 <Entity id="3510"/>
 <Entity id="3530"/>
 <Entity id="3534"/>
 <Entity id="3536"/>
 <Entity id="3539"/>
 <Entity id="3543"/>
 <Entity id="3545"/>
 <Entity id="3548"/>
 <Entity id="3551"/>
 <Entity id="3553"/>
 <Entity id="3554"/>
 <Entity id="3566"/>
 <Entity id="3575"/>
 <Entity id="3580"/>
 <Entity id="3585"/>
 <Entity id="3590"/>
 <Entity id="3599"/>
 <Entity id="3602"/>
 <Entity id="3603"/>
 <Entity id="3607"/>
 <Entity id="3616"/>
 <Entity id="3620"/>
 <Entity id="3627"/>
 <Entity id="3636"/>
 <Entity id="3650"/>
 <Entity id="3651"/>
 <Entity id="3654"/>
 <Entity id="3660"/>
 <Entity id="3668"/>
 <Entity id="3671"/>
 <Entity id="3672"/>
 <Entity id="3677"/>
 <Entity id="3685"/>
 <Entity id="3693"/>
 <Entity id="3699"/>
 <Entity id="3705"/>
 <Entity id="3712"/>
 <Entity id="3715"/>
 <Entity id="3719"/>
 <Entity id="3735"/>
 <Entity id="3737"/>
 <Entity id="3741"/>
 <Entity id="3744"/>
 <Entity id="3749"/>
 <Entity id="3750"/>
 <Entity id="3762"/>
 <Entity id="3769"/>
 <Entity id="3771"/>
 <Entity id="3772"/>
 <Entity id="3774"/>
 <Entity id="3778"/>
 <Entity id="3785"/>
 <Entity id="3796"/>
 <Entity id="3797"/>
 <Entity id="3799"/>
 <Entity id="3802"/>
 <Entity id="3807"/>
 <Entity id="3810"/>
 <Entity id="3812"/>
 <Entity id="3818"/>
 <Entity id="3819"/>
 <Entity id="3820"/>
 <Entity id="3821"/>
 <Entity id="3826"/>
 <Entity id="3829"/>
 <Entity id="3830"/>
 <Entity id="3838"/>
 <Entity id="3839"/>
 <Entity id="3840"/>
 <Entity id="3845"/>
 <Entity id="3846"/>
 <Entity id="3847"/>
 <Entity id="3848"/>
 <Entity id="3850"/>
 <Entity id="3851"/>
 <Entity id="3852"/>
 <Entity id="3853"/>
 <Entity id="3856"/>
 <Entity id="3857"/>
 <Entity id="3860"/>
 <Entity id="3861"/>
 <Entity id="3864"/>
 <Entity id="3870"/>
 <Entity id="3872"/>
 <Entity id="3873"/>
 <Entity id="3875"/>
 <Entity id="3878"/>
 <Entity id="3879"/>
 <Entity id="3880"/>
 <Entity id="3881"/>
 <Entity id="3884"/>
 <Entity id="3885"/>
 <Entity id="3886"/>
 <Entity id="3887"/>
 <Entity id="3892"/>
 <Entity id="3893"/>
 <Entity id="3895"/>
 <Entity id="3896"/>
 <Entity id="3897"/>
 <Entity id="3898"/>
 <Entity id="3899"/>
 <Entity id="3902"/>
 <Entity id="3903"/>
 <Entity id="3904"/>
 <Entity id="3905"/>
 <Entity id="3906"/>
 <Entity id="3907"/>
 <Entity id="3908"/>
 <Entity id="3909"/>
 <Entity id="3910"/>
 <Entity id="3912"/>
 <Entity id="3914"/>
 <Entity id="3915"/>
 <Entity id="3916"/>
 <Entity id="3918"/>
 <Entity id="3920"/>
 <Entity id="3921"/>
 <Entity id="3922"/>
 <Entity id="3924"/>
 <Entity id="3925"/>
 <Entity id="3926"/>
 <Entity id="3927"/>
 <Entity id="3928"/>
 <Entity id="3929"/>
 <Entity id="3932"/>
 <Entity id="3934"/>
 <Entity id="3935"/>
 <Entity id="3936"/>
 <Entity id="3937"/>
 <Entity id="3938"/>
 <Entity id="3940"/>
 <Entity id="3941"/>
 <Entity id="3942"/>
 <Entity id="3943"/>
 <Entity id="3944"/>
 <Entity id="3945"/>
 <Entity id="3946"/>
 <Entity id="3947"/>
 <Entity id="3948"/>
 <Entity id="3949"/>
 <Entity id="3951"/>
 <Entity id="3952"/>
 <Entity id="3953"/>
 <Entity id="3954"/>
 <Entity id="3955"/>
 <Entity id="3956"/>
 <Entity id="3957"/>
 <Entity id="3958"/>
 <Entity id="3959"/>
 <Entity id="3960"/>
 <Entity id="3961"/>
 <Entity id="3962"/>
 <Entity id="3963"/>
 <Entity id="3964"/>
 <Entity id="3965"/>
 <Entity id="3966"/>
 <Entity id="3967"/>
 <Entity id="3969"/>
 <Entity id="3970"/>
 <Entity id="3971"/>
 <Entity id="3973"/>
 <Entity id="3974"/>
 <Entity id="3977"/>
 <Entity id="3978"/>
 <Entity id="3979"/>
 <Entity id="3980"/>
 <Entity id="3983"/>
 <Entity id="3984"/>
 <Entity id="3985"/>
 <Entity id="3986"/>
 <Entity id="3988"/>
 <Entity id="3989"/>
 <Entity id="3990"/>
 <Entity id="3991"/>
 <Entity id="3992"/>
 <Entity id="3994"/>
 <Entity id="3995"/>
 <Entity id="3997"/>
 <Entity id="3998"/>
 <Entity id="3999"/>
 <Entity id="4001"/>
 <Entity id="4002"/>
 <Entity id="4003"/>
 <Entity id="4006"/>
 <Entity id="4007"/>
 <Entity id="4008"/>
 <Entity id="4009"/>
 <Entity id="4010"/>
 <Entity id="4012"/>
 <Entity id="4013"/>
 <Entity id="4014"/>
 <Entity id="4015"/>
 <Entity id="4017"/>
 <Entity id="4018"/>
 <Entity id="4020"/>
 <Entity id="4021"/>
 <Entity id="4023"/>
 <Entity id="4024"/>
 <Entity id="4027"/>
 <Entity id="4028"/>
 <Entity id="4029"/>
 <Entity id="4031"/>
 <Entity id="4033"/>
 <Entity id="4034"/>
 <Entity id="4035"/>
 <Entity id="4036"/>
 <Entity id="4037"/>
 <Entity id="4039"/>
 <Entity id="4042"/>
 <Entity id="4043"/>
 <Entity id="4046"/>
 <Entity id="4048"/>
 <Entity id="4049"/>
 <Entity id="4050"/>
 <Entity id="4051"/>
 <Entity id="4052"/>
 <Entity id="4053"/>
 <Entity id="4054"/>
 <Entity id="4055"/>
 <Entity id="4057"/>
 <Entity id="4058"/>
 <Entity id="4061"/>
 <Entity id="4062"/>
 <Entity id="4063"/>
 <Entity id="4064"/>
 <Entity id="4067"/>
 <Entity id="4069"/>
 <Entity id="4070"/>
 <Entity id="4071"/>
 <Entity id="4072"/>
 <Entity id="4079"/>
 <Entity id="4080"/>
 <Entity id="4081"/>
 <Entity id="4082"/>
 <Entity id="4083"/>
 <Entity id="4084"/>
 <Entity id="4087"/>
 <Entity id="4091"/>
 <Entity id="4092"/>
 <Entity id="4095"/>
 <Entity id="4096"/>
 <Entity id="4097"/>
 <Entity id="4098"/>
 <Entity id="4099"/>
 <Entity id="4100"/>
 <Entity id="4101"/>
 <Entity id="4102"/>
 <Entity id="4106"/>
 <Entity id="4110"/>
 <Entity id="4111"/>
 <Entity id="4113"/>
 <Entity id="4116"/>
 <Entity id="4117"/>
 <Entity id="4120"/>
 <Entity id="4121"/>
 <Entity id="4122"/>
 <Entity id="4123"/>
 <Entity id="4127"/>
 <Entity id="4128"/>
 <Entity id="4129"/>
 <Entity id="4130"/>
 <Entity id="4131"/>
 <Entity id="4134"/>
 <Entity id="4135"/>
 <Entity id="4138"/>
 <Entity id="4139"/>
 <Entity id="4140"/>
 <Entity id="4144"/>
 <Entity id="4149"/>
 <Entity id="4152"/>
 <Entity id="4154"/>
 <Entity id="4156"/>
 <Entity id="4157"/>
 <Entity id="4161"/>
 <Entity id="4163"/>
 <Entity id="4165"/>
 <Entity id="4167"/>
 <Entity id="4168"/>
 <Entity id="4170"/>
 <Entity id="4171"/>
 <Entity id="4172"/>
 <Entity id="4174"/>
 <Entity id="4175"/>
 <Entity id="4180"/>
 <Entity id="4188"/>
 <Entity id="4197"/>
 <Entity id="4198"/>
 <Entity id="4205"/>
 <Entity id="4206"/>
 <Entity id="4209"/>
 <Entity id="4210"/>
 <Entity id="4212"/>
 <Entity id="4213"/>
 <Entity id="4214"/>
 <Entity id="4215"/>
 <Entity id="4216"/>
 <Entity id="4217"/>
 <Entity id="4218"/>
 <Entity id="4219"/>
 <Entity id="4221"/>
 <Entity id="4222"/>
 <Entity id="4223"/>
 <Entity id="4224"/>
 <Entity id="4227"/>
 <Entity id="4233"/>
 <Entity id="4234"/>
 <Entity id="4238"/>
 <Entity id="4244"/>
 <Entity id="4246"/>
 <Entity id="4250"/>
 <Entity id="4251"/>
 <Entity id="4252"/>
 <Entity id="4253"/>
 <Entity id="4254"/>
 <Entity id="4255"/>
 <Entity id="4256"/>
 <Entity id="4257"/>
 <Entity id="4258"/>
 <Entity id="4259"/>
 <Entity id="4260"/>
 <Entity id="4261"/>
 <Entity id="4262"/>
 <Entity id="4263"/>
 <Entity id="4265"/>
 <Entity id="4266"/>
 <Entity id="4267"/>
 <Entity id="4268"/>
 <Entity id="4269"/>
 <Entity id="4270"/>
 <Entity id="4271"/>
 <Entity id="4272"/>
 <Entity id="4273"/>
 <Entity id="4274"/>
 <Entity id="4275"/>
 <Entity id="4277"/>
 <Entity id="4278"/>
 <Entity id="4279"/>
 <Entity id="4280"/>
 <Entity id="4281"/>
 <Entity id="4282"/>
 <Entity id="4283"/>
 <Entity id="4284"/>
 <Entity id="4285"/>
 <Entity id="4286"/>
 <Entity id="4287"/>
 <Entity id="4288"/>
 <Entity id="4289"/>
 <Entity id="4290"/>
 <Entity id="4291"/>
 <Entity id="4292"/>
 <Entity id="4293"/>
 <Entity id="4294"/>
 <Entity id="4295"/>
 <Entity id="4296"/>
 <Entity id="4297"/>
 <Entity id="4298"/>
 <Entity id="4299"/>
 <Entity id="4300"/>
 <Entity id="4301"/>
 <Entity id="4302"/>
 <Entity id="4303"/>
 <Entity id="4304"/>
 <Entity id="4305"/>
 <Entity id="4306"/>
 <Entity id="4307"/>
 <Entity id="4308"/>
 <Entity id="4309"/>
 <Entity id="4310"/>
 <Entity id="4311"/>
 <Entity id="4312"/>
 <Entity id="4313"/>
 <Entity id="4314"/>
 <Entity id="4315"/>
 <Entity id="4316"/>
 <Entity id="4317"/>
 <Entity id="4318"/>
 <Entity id="4319"/>
 <Entity id="4320"/>
 <Entity id="4321"/>
 <Entity id="4322"/>
 <Entity id="4323"/>
 <Entity id="4326"/>
 <Entity id="4329"/>
 <Entity id="4330"/>
 <Entity id="4331"/>
 <Entity id="4332"/>
 <Entity id="4333"/>
 <Entity id="4335"/>
 <Entity id="4336"/>
 <Entity id="4337"/>
 <Entity id="4338"/>
 <Entity id="4339"/>
 <Entity id="4340"/>
 <Entity id="4341"/>
 <Entity id="4342"/>
 <Entity id="4343"/>
 <Entity id="4345"/>
 <Entity id="4347"/>
 <Entity id="4348"/>
 <Entity id="4349"/>
</EntitySerialization>
