<Graph isModule="1" moduleName="Hub_ArkLights" isObjectList="1" objectListClass="ArkLight" Description="" Group="" enabled="1" MultiPlayer="ClientServer">
 <Nodes>
  <Node Id="2" Class="entity:ArkLight" pos="-378.65204,-79.121323,0" EntityGUID="{3B34171F-4A10-4C0A-BD80-A9AFDBD1E932}" EntityGUID_64="4C0A4A103B34171F">
   <Inputs entityId="0" Brightness="0" DiffuseColor1="0,0,0" DiffuseColor2="0,0,0" LightStyle1="0" LightStyle2="0" Off="0" On="0" ResetBrightness="0"/>
  </Node>
  <Node Id="4" Class="entity:ArkLight" pos="-380,100,0" EntityGUID="{71273133-9B24-493B-8F86-FF6483AE055E}" EntityGUID_64="493B9B2471273133">
   <Inputs entityId="0" Brightness="0" DiffuseColor1="0,0,0" DiffuseColor2="0,0,0" LightStyle1="0" LightStyle2="0" Off="0" On="0" ResetBrightness="0"/>
  </Node>
  <Node Id="6" Class="entity:ArkLight" pos="-150,-80,0" EntityGUID="{3B57700F-5A88-4445-8530-86747E13DA17}" EntityGUID_64="44455A883B57700F">
   <Inputs entityId="0" Brightness="0" DiffuseColor1="0,0,0" DiffuseColor2="0,0,0" LightStyle1="0" LightStyle2="0" Off="0" On="0" ResetBrightness="0"/>
  </Node>
  <Node Id="8" Class="entity:ArkLight" pos="-150,100,0" EntityGUID="{6E2AA2B3-3E67-409A-A8DB-1904DD511E12}" EntityGUID_64="409A3E676E2AA2B3">
   <Inputs entityId="0" Brightness="0" DiffuseColor1="0,0,0" DiffuseColor2="0,0,0" LightStyle1="0" LightStyle2="0" Off="0" On="0" ResetBrightness="0"/>
  </Node>
  <Node Id="10" Class="entity:ArkLight" pos="-380,-270,0" EntityGUID="{AA54FCC6-1E20-4CD9-8439-5FD2E5D69ECE}" EntityGUID_64="4CD91E20AA54FCC6">
   <Inputs entityId="0" Brightness="0" DiffuseColor1="0,0,0" DiffuseColor2="0,0,0" LightStyle1="0" LightStyle2="0" Off="0" On="0" ResetBrightness="0"/>
  </Node>
  <Node Id="12" Class="entity:ArkLight" pos="-380,280,0" EntityGUID="{4D82F2A6-ED8F-447C-9B45-31406EA10A5E}" EntityGUID_64="447CED8F4D82F2A6">
   <Inputs entityId="0" Brightness="0" DiffuseColor1="0,0,0" DiffuseColor2="0,0,0" LightStyle1="0" LightStyle2="0" Off="0" On="0" ResetBrightness="0"/>
  </Node>
  <Node Id="14" Class="entity:ArkLight" pos="-150,280,0" EntityGUID="{1312A90E-F09A-4A2E-87B3-A1F7C483278D}" EntityGUID_64="4A2EF09A1312A90E">
   <Inputs entityId="0" Brightness="0" DiffuseColor1="0,0,0" DiffuseColor2="0,0,0" LightStyle1="0" LightStyle2="0" Off="0" On="0" ResetBrightness="0"/>
  </Node>
  <Node Id="16" Class="entity:ArkLight" pos="-150,-270,0" EntityGUID="{903D7F24-27E4-46F0-9545-385C961DD31D}" EntityGUID_64="46F027E4903D7F24">
   <Inputs entityId="0" Brightness="0" DiffuseColor1="0,0,0" DiffuseColor2="0,0,0" LightStyle1="0" LightStyle2="0" Off="0" On="0" ResetBrightness="0"/>
  </Node>
  <Node Id="18" Class="entity:ArkLight" pos="-380,460,0" EntityGUID="{9E6A79AC-5BD7-4171-8CF1-1F316F92F628}" EntityGUID_64="41715BD79E6A79AC">
   <Inputs entityId="0" Brightness="0" DiffuseColor1="0,0,0" DiffuseColor2="0,0,0" LightStyle1="0" LightStyle2="0" Off="0" On="0" ResetBrightness="0"/>
  </Node>
  <Node Id="20" Class="entity:ArkLight" pos="-150,470,0" EntityGUID="{5CD79DE9-0CBC-4685-9C83-4FCF2D880A67}" EntityGUID_64="46850CBC5CD79DE9">
   <Inputs entityId="0" Brightness="0" DiffuseColor1="0,0,0" DiffuseColor2="0,0,0" LightStyle1="0" LightStyle2="0" Off="0" On="0" ResetBrightness="0"/>
  </Node>
  <Node Id="22" Class="entity:ArkLight" pos="-150,660,0" EntityGUID="{4710F899-C2FC-427A-9E47-800DB878612F}" EntityGUID_64="427AC2FC4710F899">
   <Inputs entityId="0" Brightness="0" DiffuseColor1="0,0,0" DiffuseColor2="0,0,0" LightStyle1="0" LightStyle2="0" Off="0" On="0" ResetBrightness="0"/>
  </Node>
  <Node Id="24" Class="entity:ArkLight" pos="-380,650,0" EntityGUID="{C6D13EA1-6244-4661-8FB0-78130B331C5D}" EntityGUID_64="46616244C6D13EA1">
   <Inputs entityId="0" Brightness="0" DiffuseColor1="0,0,0" DiffuseColor2="0,0,0" LightStyle1="0" LightStyle2="0" Off="0" On="0" ResetBrightness="0"/>
  </Node>
  <Node Id="26" Class="entity:ArkLight" pos="-380,840,0">
   <Inputs entityId="0" Brightness="0" DiffuseColor1="0,0,0" DiffuseColor2="0,0,0" LightStyle1="0" LightStyle2="0" Off="0" On="0" ResetBrightness="0"/>
  </Node>
  <Node Id="28" Class="entity:ArkLight" pos="-140,850,0" EntityGUID="{C6015C17-BF10-4AFC-9227-1E28AB416BF6}" EntityGUID_64="4AFCBF10C6015C17">
   <Inputs entityId="0" Brightness="0" DiffuseColor1="0,0,0" DiffuseColor2="0,0,0" LightStyle1="0" LightStyle2="0" Off="0" On="0" ResetBrightness="0"/>
  </Node>
  <Node Id="32" Class="entity:ArkLight" pos="-380,1030,0" EntityGUID="{E7831C90-B686-45C6-ACA6-B053896606C5}" EntityGUID_64="45C6B686E7831C90">
   <Inputs entityId="0" Brightness="0" DiffuseColor1="0,0,0" DiffuseColor2="0,0,0" LightStyle1="0" LightStyle2="0" Off="0" On="0" ResetBrightness="0"/>
  </Node>
  <Node Id="34" Class="entity:ArkLight" pos="40,-270,0" EntityGUID="{7F80EC24-6828-4938-8DF2-664AA05C8379}" EntityGUID_64="493868287F80EC24">
   <Inputs entityId="0" Brightness="0" DiffuseColor1="0,0,0" DiffuseColor2="0,0,0" LightStyle1="0" LightStyle2="0" Off="0" On="0" ResetBrightness="0"/>
  </Node>
  <Node Id="36" Class="entity:ArkLight" pos="140,-80,0" EntityGUID="{EF2E4390-D8E6-48B3-BB14-BF21D06B4361}" EntityGUID_64="48B3D8E6EF2E4390">
   <Inputs entityId="0" Brightness="0" DiffuseColor1="0,0,0" DiffuseColor2="0,0,0" LightStyle1="0" LightStyle2="0" Off="0" On="0" ResetBrightness="0"/>
  </Node>
  <Node Id="38" Class="entity:ArkLight" pos="140,110,0" EntityGUID="{0CFA6D95-5207-45AA-B1DA-F10516DE0BE8}" EntityGUID_64="45AA52070CFA6D95">
   <Inputs entityId="0" Brightness="0" DiffuseColor1="0,0,0" DiffuseColor2="0,0,0" LightStyle1="0" LightStyle2="0" Off="0" On="0" ResetBrightness="0"/>
  </Node>
  <Node Id="40" Class="entity:ArkLight" pos="595.2226,-174.41406,0" EntityGUID="{418AE63E-BD92-4E16-8298-A597166E5E6A}" EntityGUID_64="4E16BD92418AE63E">
   <Inputs entityId="0" Brightness="0" DiffuseColor1="0,0,0" DiffuseColor2="0,0,0" LightStyle1="0" LightStyle2="0" Off="0" On="0" ResetBrightness="0"/>
  </Node>
  <Node Id="42" Class="entity:ArkLight" pos="595.2226,-149.41406,0" EntityGUID="{A48E3AC3-4F85-43EB-A901-6240CA174D71}" EntityGUID_64="43EB4F85A48E3AC3">
   <Inputs entityId="0" Brightness="0" DiffuseColor1="0,0,0" DiffuseColor2="0,0,0" LightStyle1="0" LightStyle2="0" Off="0" On="0" ResetBrightness="0"/>
  </Node>
  <Node Id="44" Class="entity:ArkLight" pos="595.2226,-124.41406,0" EntityGUID="{D032CD13-F83C-40AE-9063-947B50DC5592}" EntityGUID_64="40AEF83CD032CD13">
   <Inputs entityId="0" Brightness="0" DiffuseColor1="0,0,0" DiffuseColor2="0,0,0" LightStyle1="0" LightStyle2="0" Off="0" On="0" ResetBrightness="0"/>
  </Node>
  <Node Id="46" Class="entity:ArkLight" pos="595.2226,-99.414063,0" EntityGUID="{144245D4-89A8-4B3B-908B-A8B6FCEC9EF3}" EntityGUID_64="4B3B89A8144245D4">
   <Inputs entityId="0" Brightness="0" DiffuseColor1="0,0,0" DiffuseColor2="0,0,0" LightStyle1="0" LightStyle2="0" Off="0" On="0" ResetBrightness="0"/>
  </Node>
  <Node Id="48" Class="entity:ArkLight" pos="595.2226,-74.414063,0" EntityGUID="{A5D9CA91-4C10-4CE5-AFCA-67960C913EB5}" EntityGUID_64="4CE54C10A5D9CA91">
   <Inputs entityId="0" Brightness="0" DiffuseColor1="0,0,0" DiffuseColor2="0,0,0" LightStyle1="0" LightStyle2="0" Off="0" On="0" ResetBrightness="0"/>
  </Node>
  <Node Id="50" Class="entity:ArkLight" pos="595.2226,-49.414063,0" EntityGUID="{5B4BA17C-C8E9-4AF4-9091-C0E480DBAED4}" EntityGUID_64="4AF4C8E95B4BA17C">
   <Inputs entityId="0" Brightness="0" DiffuseColor1="0,0,0" DiffuseColor2="0,0,0" LightStyle1="0" LightStyle2="0" Off="0" On="0" ResetBrightness="0"/>
  </Node>
  <Node Id="52" Class="entity:ArkLight" pos="595.2226,-24.414063,0" EntityGUID="{F06E9792-B758-467E-B875-1C33569972D7}" EntityGUID_64="467EB758F06E9792">
   <Inputs entityId="0" Brightness="0" DiffuseColor1="0,0,0" DiffuseColor2="0,0,0" LightStyle1="0" LightStyle2="0" Off="0" On="0" ResetBrightness="0"/>
  </Node>
  <Node Id="54" Class="entity:ArkLight" pos="595.2226,0.5859375,0" EntityGUID="{2E90E359-1A42-4193-B4BB-F8B5564F7C51}" EntityGUID_64="41931A422E90E359">
   <Inputs entityId="0" Brightness="0" DiffuseColor1="0,0,0" DiffuseColor2="0,0,0" LightStyle1="0" LightStyle2="0" Off="0" On="0" ResetBrightness="0"/>
  </Node>
  <Node Id="56" Class="entity:ArkLight" pos="595.2226,25.585938,0" EntityGUID="{C592C29B-6DD7-4003-93CE-657BD7A9646D}" EntityGUID_64="40036DD7C592C29B">
   <Inputs entityId="0" Brightness="0" DiffuseColor1="0,0,0" DiffuseColor2="0,0,0" LightStyle1="0" LightStyle2="0" Off="0" On="0" ResetBrightness="0"/>
  </Node>
  <Node Id="58" Class="entity:ArkLight" pos="595.2226,50.585938,0" EntityGUID="{245F7E1F-4ED5-4888-A026-EA80FE24C782}" EntityGUID_64="48884ED5245F7E1F">
   <Inputs entityId="0" Brightness="0" DiffuseColor1="0,0,0" DiffuseColor2="0,0,0" LightStyle1="0" LightStyle2="0" Off="0" On="0" ResetBrightness="0"/>
  </Node>
  <Node Id="60" Class="entity:ArkLight" pos="595.2226,75.585938,0" EntityGUID="{5678045A-C890-40E6-B653-FDEB40CF3375}" EntityGUID_64="40E6C8905678045A">
   <Inputs entityId="0" Brightness="0" DiffuseColor1="0,0,0" DiffuseColor2="0,0,0" LightStyle1="0" LightStyle2="0" Off="0" On="0" ResetBrightness="0"/>
  </Node>
  <Node Id="62" Class="entity:ArkLight" pos="595.2226,100.58594,0" EntityGUID="{28F6E14F-B3E4-4010-A09B-E9F0854C5568}" EntityGUID_64="4010B3E428F6E14F">
   <Inputs entityId="0" Brightness="0" DiffuseColor1="0,0,0" DiffuseColor2="0,0,0" LightStyle1="0" LightStyle2="0" Off="0" On="0" ResetBrightness="0"/>
  </Node>
  <Node Id="65" Class="entity:ArkLight" pos="587.51965,322.03619,0" EntityGUID="{C34EDB26-8C31-4B86-9B6B-F3F2CCAB46F8}" EntityGUID_64="4B868C31C34EDB26">
   <Inputs entityId="0" Brightness="0" DiffuseColor1="0,0,0" DiffuseColor2="0,0,0" LightStyle1="0" LightStyle2="0" Off="0" On="0" ResetBrightness="0"/>
  </Node>
  <Node Id="67" Class="entity:ArkLight" pos="587.51965,347.03619,0" EntityGUID="{B326F0EF-8ED3-4809-9EEC-209C420E1559}" EntityGUID_64="48098ED3B326F0EF">
   <Inputs entityId="0" Brightness="0" DiffuseColor1="0,0,0" DiffuseColor2="0,0,0" LightStyle1="0" LightStyle2="0" Off="0" On="0" ResetBrightness="0"/>
  </Node>
  <Node Id="69" Class="entity:ArkLight" pos="587.51965,372.03619,0" EntityGUID="{C5BB6332-CAEE-4434-A4D3-45E77BA98701}" EntityGUID_64="4434CAEEC5BB6332">
   <Inputs entityId="0" Brightness="0" DiffuseColor1="0,0,0" DiffuseColor2="0,0,0" LightStyle1="0" LightStyle2="0" Off="0" On="0" ResetBrightness="0"/>
  </Node>
  <Node Id="71" Class="entity:ArkLight" pos="587.51965,397.03619,0" EntityGUID="{9B5FB737-23B8-42FC-86FD-805F9FBCB3FB}" EntityGUID_64="42FC23B89B5FB737">
   <Inputs entityId="0" Brightness="0" DiffuseColor1="0,0,0" DiffuseColor2="0,0,0" LightStyle1="0" LightStyle2="0" Off="0" On="0" ResetBrightness="0"/>
  </Node>
  <Node Id="73" Class="entity:ArkLight" pos="587.51965,422.03619,0" EntityGUID="{625FF428-C026-47BF-8F4E-D6EB8A0B99B5}" EntityGUID_64="47BFC026625FF428">
   <Inputs entityId="0" Brightness="0" DiffuseColor1="0,0,0" DiffuseColor2="0,0,0" LightStyle1="0" LightStyle2="0" Off="0" On="0" ResetBrightness="0"/>
  </Node>
  <Node Id="75" Class="entity:ArkLight" pos="587.51965,447.03619,0" EntityGUID="{DC5B3B8F-95FC-41DE-AD8A-66DF4595EDB3}" EntityGUID_64="41DE95FCDC5B3B8F">
   <Inputs entityId="0" Brightness="0" DiffuseColor1="0,0,0" DiffuseColor2="0,0,0" LightStyle1="0" LightStyle2="0" Off="0" On="0" ResetBrightness="0"/>
  </Node>
  <Node Id="77" Class="entity:ArkLight" pos="587.51965,472.03619,0" EntityGUID="{7E75F2B5-12B1-4DC3-9C60-D630672741A6}" EntityGUID_64="4DC312B17E75F2B5">
   <Inputs entityId="0" Brightness="0" DiffuseColor1="0,0,0" DiffuseColor2="0,0,0" LightStyle1="0" LightStyle2="0" Off="0" On="0" ResetBrightness="0"/>
  </Node>
  <Node Id="79" Class="entity:ArkLight" pos="587.51965,497.03619,0" EntityGUID="{150B924A-5FAD-4F7E-8DE0-5B4BDD880E30}" EntityGUID_64="4F7E5FAD150B924A">
   <Inputs entityId="0" Brightness="0" DiffuseColor1="0,0,0" DiffuseColor2="0,0,0" LightStyle1="0" LightStyle2="0" Off="0" On="0" ResetBrightness="0"/>
  </Node>
  <Node Id="81" Class="entity:ArkLight" pos="587.51965,522.03619,0" EntityGUID="{B24E648B-99F6-4DCB-BAD7-A00C9B1D0A1E}" EntityGUID_64="4DCB99F6B24E648B">
   <Inputs entityId="0" Brightness="0" DiffuseColor1="0,0,0" DiffuseColor2="0,0,0" LightStyle1="0" LightStyle2="0" Off="0" On="0" ResetBrightness="0"/>
  </Node>
  <Node Id="83" Class="entity:ArkLight" pos="587.51965,547.03619,0" EntityGUID="{9377F478-4BF7-4C8A-A615-A7B98B6ADB90}" EntityGUID_64="4C8A4BF79377F478">
   <Inputs entityId="0" Brightness="0" DiffuseColor1="0,0,0" DiffuseColor2="0,0,0" LightStyle1="0" LightStyle2="0" Off="0" On="0" ResetBrightness="0"/>
  </Node>
  <Node Id="85" Class="entity:ArkLight" pos="669.20691,848.29041,0" EntityGUID="{5E85F289-B795-4829-AD88-15E983EB8930}" EntityGUID_64="4829B7955E85F289">
   <Inputs entityId="0" Brightness="0" DiffuseColor1="0,0,0" DiffuseColor2="0,0,0" LightStyle1="0" LightStyle2="0" Off="0" On="0" ResetBrightness="0"/>
  </Node>
  <Node Id="87" Class="entity:ArkLight" pos="490,850,0" EntityGUID="{E46C9791-4152-4F2D-B589-299377AB1C17}" EntityGUID_64="4F2D4152E46C9791">
   <Inputs entityId="0" Brightness="0" DiffuseColor1="0,0,0" DiffuseColor2="0,0,0" LightStyle1="0" LightStyle2="0" Off="0" On="0" ResetBrightness="0"/>
  </Node>
  <Node Id="89" Class="entity:ArkLight" pos="870,850,0" EntityGUID="{B71EF774-C317-49FF-BC8D-A06AA5D55100}" EntityGUID_64="49FFC317B71EF774">
   <Inputs entityId="0" Brightness="0" DiffuseColor1="0,0,0" DiffuseColor2="0,0,0" LightStyle1="0" LightStyle2="0" Off="0" On="0" ResetBrightness="0"/>
  </Node>
  <Node Id="91" Class="entity:ArkLight" pos="1050,850,0" EntityGUID="{B6691F59-2489-4BD8-BE8F-8AED8AFF5958}" EntityGUID_64="4BD82489B6691F59">
   <Inputs entityId="0" Brightness="0" DiffuseColor1="0,0,0" DiffuseColor2="0,0,0" LightStyle1="0" LightStyle2="0" Off="0" On="0" ResetBrightness="0"/>
  </Node>
  <Node Id="93" Class="entity:ArkLight" pos="900,320,0" EntityGUID="{87047EA6-6733-4574-A08A-51DDF0426102}" EntityGUID_64="4574673387047EA6">
   <Inputs entityId="0" Brightness="0" DiffuseColor1="0,0,0" DiffuseColor2="0,0,0" LightStyle1="0" LightStyle2="0" Off="0" On="0" ResetBrightness="0"/>
  </Node>
  <Node Id="97" Class="entity:ArkLight" pos="1004.4474,-306.44159,0" EntityGUID="{2C4F833D-B9E5-43C6-AE9A-A30B636E79F0}" EntityGUID_64="43C6B9E52C4F833D">
   <Inputs entityId="0" Brightness="0" DiffuseColor1="0,0,0" DiffuseColor2="0,0,0" LightStyle1="0" LightStyle2="0" Off="0" On="0" ResetBrightness="0"/>
  </Node>
  <Node Id="99" Class="entity:ArkLight" pos="1004.4474,-281.44159,0" EntityGUID="{F419F064-014F-4DC7-A534-120065D1979E}" EntityGUID_64="4DC7014FF419F064">
   <Inputs entityId="0" Brightness="0" DiffuseColor1="0,0,0" DiffuseColor2="0,0,0" LightStyle1="0" LightStyle2="0" Off="0" On="0" ResetBrightness="0"/>
  </Node>
  <Node Id="101" Class="entity:ArkLight" pos="1004.4474,-256.44159,0" EntityGUID="{279D373A-831B-4605-95AA-E64D61CE4E6C}" EntityGUID_64="4605831B279D373A">
   <Inputs entityId="0" Brightness="0" DiffuseColor1="0,0,0" DiffuseColor2="0,0,0" LightStyle1="0" LightStyle2="0" Off="0" On="0" ResetBrightness="0"/>
  </Node>
  <Node Id="103" Class="entity:ArkLight" pos="1004.4474,-231.44159,0" EntityGUID="{ED494E10-D4CF-4276-BB28-087A3B99C201}" EntityGUID_64="4276D4CFED494E10">
   <Inputs entityId="0" Brightness="0" DiffuseColor1="0,0,0" DiffuseColor2="0,0,0" LightStyle1="0" LightStyle2="0" Off="0" On="0" ResetBrightness="0"/>
  </Node>
  <Node Id="105" Class="entity:ArkLight" pos="1004.4474,-206.44159,0" EntityGUID="{2091891F-3D6B-415C-A13B-E21375602E0D}" EntityGUID_64="415C3D6B2091891F">
   <Inputs entityId="0" Brightness="0" DiffuseColor1="0,0,0" DiffuseColor2="0,0,0" LightStyle1="0" LightStyle2="0" Off="0" On="0" ResetBrightness="0"/>
  </Node>
  <Node Id="107" Class="entity:ArkLight" pos="1004.4474,-181.44159,0" EntityGUID="{864AA2AC-E8F5-45B1-9BE8-B51AF4B08918}" EntityGUID_64="45B1E8F5864AA2AC">
   <Inputs entityId="0" Brightness="0" DiffuseColor1="0,0,0" DiffuseColor2="0,0,0" LightStyle1="0" LightStyle2="0" Off="0" On="0" ResetBrightness="0"/>
  </Node>
  <Node Id="109" Class="entity:ArkLight" pos="1004.4474,-156.44159,0" EntityGUID="{8581B0D5-D0F1-4C34-AF67-A66D026AB27C}" EntityGUID_64="4C34D0F18581B0D5">
   <Inputs entityId="0" Brightness="0" DiffuseColor1="0,0,0" DiffuseColor2="0,0,0" LightStyle1="0" LightStyle2="0" Off="0" On="0" ResetBrightness="0"/>
  </Node>
  <Node Id="111" Class="entity:ArkLight" pos="1004.4474,-131.44159,0" EntityGUID="{B3774682-E35B-464A-A590-54E0C2557FA8}" EntityGUID_64="464AE35BB3774682">
   <Inputs entityId="0" Brightness="0" DiffuseColor1="0,0,0" DiffuseColor2="0,0,0" LightStyle1="0" LightStyle2="0" Off="0" On="0" ResetBrightness="0"/>
  </Node>
  <Node Id="113" Class="entity:ArkLight" pos="1004.4474,-106.44159,0" EntityGUID="{10668E60-3EFA-4E86-99C5-905D6BF01803}" EntityGUID_64="4E863EFA10668E60">
   <Inputs entityId="0" Brightness="0" DiffuseColor1="0,0,0" DiffuseColor2="0,0,0" LightStyle1="0" LightStyle2="0" Off="0" On="0" ResetBrightness="0"/>
  </Node>
  <Node Id="115" Class="entity:ArkLight" pos="1004.4474,-81.441589,0" EntityGUID="{974E6C77-A569-463E-9ADA-7EBB8AE7D5D3}" EntityGUID_64="463EA569974E6C77">
   <Inputs entityId="0" Brightness="0" DiffuseColor1="0,0,0" DiffuseColor2="0,0,0" LightStyle1="0" LightStyle2="0" Off="0" On="0" ResetBrightness="0"/>
  </Node>
  <Node Id="117" Class="entity:ArkLight" pos="1004.4474,-56.441589,0" EntityGUID="{6B52C5F2-9EB5-4163-BE29-35B64AD77BDA}" EntityGUID_64="41639EB56B52C5F2">
   <Inputs entityId="0" Brightness="0" DiffuseColor1="0,0,0" DiffuseColor2="0,0,0" LightStyle1="0" LightStyle2="0" Off="0" On="0" ResetBrightness="0"/>
  </Node>
  <Node Id="119" Class="entity:ArkLight" pos="1004.4474,-31.441589,0" EntityGUID="{AB7B7F32-DD06-4CA5-AEB7-6AE77756283A}" EntityGUID_64="4CA5DD06AB7B7F32">
   <Inputs entityId="0" Brightness="0" DiffuseColor1="0,0,0" DiffuseColor2="0,0,0" LightStyle1="0" LightStyle2="0" Off="0" On="0" ResetBrightness="0"/>
  </Node>
  <Node Id="121" Class="entity:ArkLight" pos="1004.4474,-6.4415894,0" EntityGUID="{10C1F741-B957-4DCF-AFDF-1EF4A4F5C656}" EntityGUID_64="4DCFB95710C1F741">
   <Inputs entityId="0" Brightness="0" DiffuseColor1="0,0,0" DiffuseColor2="0,0,0" LightStyle1="0" LightStyle2="0" Off="0" On="0" ResetBrightness="0"/>
  </Node>
  <Node Id="123" Class="entity:ArkLight" pos="1004.4474,18.558411,0" EntityGUID="{95434C8B-5C4C-464A-9AB2-1F5EF1A8F666}" EntityGUID_64="464A5C4C95434C8B">
   <Inputs entityId="0" Brightness="0" DiffuseColor1="0,0,0" DiffuseColor2="0,0,0" LightStyle1="0" LightStyle2="0" Off="0" On="0" ResetBrightness="0"/>
  </Node>
  <Node Id="125" Class="entity:ArkLight" pos="1004.4474,43.558411,0" EntityGUID="{8C034C82-F0B3-4064-8002-4761E7848418}" EntityGUID_64="4064F0B38C034C82">
   <Inputs entityId="0" Brightness="0" DiffuseColor1="0,0,0" DiffuseColor2="0,0,0" LightStyle1="0" LightStyle2="0" Off="0" On="0" ResetBrightness="0"/>
  </Node>
  <Node Id="127" Class="entity:ArkLight" pos="1004.4474,68.558411,0" EntityGUID="{2B7B8E53-3FA9-4639-87BF-136F4D1EC521}" EntityGUID_64="46393FA92B7B8E53">
   <Inputs entityId="0" Brightness="0" DiffuseColor1="0,0,0" DiffuseColor2="0,0,0" LightStyle1="0" LightStyle2="0" Off="0" On="0" ResetBrightness="0"/>
  </Node>
  <Node Id="129" Class="entity:ArkLight" pos="1551.5024,-300.76675,0" EntityGUID="{C28007CB-F5ED-4FE8-A0D2-BA06AAB17ED5}" EntityGUID_64="4FE8F5EDC28007CB">
   <Inputs entityId="0" Brightness="0" DiffuseColor1="0,0,0" DiffuseColor2="0,0,0" LightStyle1="0" LightStyle2="0" Off="0" On="0" ResetBrightness="0"/>
  </Node>
  <Node Id="131" Class="entity:ArkLight" pos="1551.5024,-275.76675,0" EntityGUID="{4F2E767F-AA50-4BA9-948A-5F49529366FE}" EntityGUID_64="4BA9AA504F2E767F">
   <Inputs entityId="0" Brightness="0" DiffuseColor1="0,0,0" DiffuseColor2="0,0,0" LightStyle1="0" LightStyle2="0" Off="0" On="0" ResetBrightness="0"/>
  </Node>
  <Node Id="133" Class="entity:ArkLight" pos="1551.5024,-250.76675,0" EntityGUID="{2FC6A5A9-35CE-4CAC-BA5D-D6DE036242F3}" EntityGUID_64="4CAC35CE2FC6A5A9">
   <Inputs entityId="0" Brightness="0" DiffuseColor1="0,0,0" DiffuseColor2="0,0,0" LightStyle1="0" LightStyle2="0" Off="0" On="0" ResetBrightness="0"/>
  </Node>
  <Node Id="135" Class="entity:ArkLight" pos="1551.5024,-225.76675,0" EntityGUID="{10E53030-DCBF-439B-97C2-1320EB47D683}" EntityGUID_64="439BDCBF10E53030">
   <Inputs entityId="0" Brightness="0" DiffuseColor1="0,0,0" DiffuseColor2="0,0,0" LightStyle1="0" LightStyle2="0" Off="0" On="0" ResetBrightness="0"/>
  </Node>
  <Node Id="137" Class="entity:ArkLight" pos="1565.1221,-6.8098135,0" EntityGUID="{5617773F-D92A-4C1E-95C0-A2560E6684C7}" EntityGUID_64="4C1ED92A5617773F">
   <Inputs entityId="0" Brightness="0" DiffuseColor1="0,0,0" DiffuseColor2="0,0,0" LightStyle1="0" LightStyle2="0" Off="0" On="0" ResetBrightness="0"/>
  </Node>
  <Node Id="143" Class="entity:ArkLight" pos="1533.7462,264.95685,0">
   <Inputs entityId="0" Brightness="0" DiffuseColor1="0,0,0" DiffuseColor2="0,0,0" LightStyle1="0" LightStyle2="0" Off="0" On="0" ResetBrightness="0"/>
  </Node>
  <Node Id="145" Class="entity:ArkLight" pos="1516.3173,501.56598,0" EntityGUID="{B1881C0C-CB1C-414E-97BB-FCE5C50F34EC}" EntityGUID_64="414ECB1CB1881C0C">
   <Inputs entityId="0" Brightness="0" DiffuseColor1="0,0,0" DiffuseColor2="0,0,0" LightStyle1="0" LightStyle2="0" Off="0" On="0" ResetBrightness="0"/>
  </Node>
  <Node Id="147" Class="entity:ArkLight" pos="1539.5558,745.57104,0" EntityGUID="{B30F0872-A344-4A5B-9539-18796C9A3A25}" EntityGUID_64="4A5BA344B30F0872">
   <Inputs entityId="0" Brightness="0" DiffuseColor1="0,0,0" DiffuseColor2="0,0,0" LightStyle1="0" LightStyle2="0" Off="0" On="0" ResetBrightness="0"/>
  </Node>
  <Node Id="149" Class="entity:ArkLight" pos="300,320,0" EntityGUID="{B1F22D7B-4CBD-446B-8709-BA0FE52B2184}" EntityGUID_64="446B4CBDB1F22D7B">
   <Inputs entityId="0" Brightness="0" DiffuseColor1="0,0,0" DiffuseColor2="0,0,0" LightStyle1="0" LightStyle2="0" Off="0" On="0" ResetBrightness="0"/>
  </Node>
  <Node Id="151" Class="entity:ArkLight" pos="2008.0161,-302.62094,0" EntityGUID="{B237E74D-D394-40AE-B5D9-8AF36475D348}" EntityGUID_64="40AED394B237E74D">
   <Inputs entityId="0" Brightness="0" DiffuseColor1="0,0,0" DiffuseColor2="0,0,0" LightStyle1="0" LightStyle2="0" Off="0" On="0" ResetBrightness="0"/>
  </Node>
  <Node Id="153" Class="entity:ArkLight" pos="2008.0161,-277.62094,0" EntityGUID="{A45C3B4E-5CBD-4B05-97EB-7E30A1A359F2}" EntityGUID_64="4B055CBDA45C3B4E">
   <Inputs entityId="0" Brightness="0" DiffuseColor1="0,0,0" DiffuseColor2="0,0,0" LightStyle1="0" LightStyle2="0" Off="0" On="0" ResetBrightness="0"/>
  </Node>
  <Node Id="155" Class="entity:ArkLight" pos="2008.0161,-252.62094,0" EntityGUID="{EAD98A4B-7D40-40B7-A741-FDCFD90B38F4}" EntityGUID_64="40B77D40EAD98A4B">
   <Inputs entityId="0" Brightness="0" DiffuseColor1="0,0,0" DiffuseColor2="0,0,0" LightStyle1="0" LightStyle2="0" Off="0" On="0" ResetBrightness="0"/>
  </Node>
  <Node Id="157" Class="entity:ArkLight" pos="2008.0161,-227.62094,0" EntityGUID="{8E1FA3B6-1C51-4DA9-A44E-E08DB85D2D0E}" EntityGUID_64="4DA91C518E1FA3B6">
   <Inputs entityId="0" Brightness="0" DiffuseColor1="0,0,0" DiffuseColor2="0,0,0" LightStyle1="0" LightStyle2="0" Off="0" On="0" ResetBrightness="0"/>
  </Node>
  <Node Id="159" Class="entity:ArkLight" pos="2008.0161,-202.62094,0" EntityGUID="{5C7DCB27-F63F-48EB-B2A8-6D641D027732}" EntityGUID_64="48EBF63F5C7DCB27">
   <Inputs entityId="0" Brightness="0" DiffuseColor1="0,0,0" DiffuseColor2="0,0,0" LightStyle1="0" LightStyle2="0" Off="0" On="0" ResetBrightness="0"/>
  </Node>
  <Node Id="161" Class="entity:ArkLight" pos="2008.0161,-177.62094,0" EntityGUID="{B1572CEA-B981-4E0D-905C-55F81E3934D8}" EntityGUID_64="4E0DB981B1572CEA">
   <Inputs entityId="0" Brightness="0" DiffuseColor1="0,0,0" DiffuseColor2="0,0,0" LightStyle1="0" LightStyle2="0" Off="0" On="0" ResetBrightness="0"/>
  </Node>
  <Node Id="163" Class="entity:ArkLight" pos="2008.0161,-152.62094,0" EntityGUID="{3A5E85A2-7FA0-4FCF-9726-D5164B16F32B}" EntityGUID_64="4FCF7FA03A5E85A2">
   <Inputs entityId="0" Brightness="0" DiffuseColor1="0,0,0" DiffuseColor2="0,0,0" LightStyle1="0" LightStyle2="0" Off="0" On="0" ResetBrightness="0"/>
  </Node>
  <Node Id="165" Class="entity:ArkLight" pos="2008.0161,-127.62094,0" EntityGUID="{7D301880-138F-42F4-9247-434A00CC5E27}" EntityGUID_64="42F4138F7D301880">
   <Inputs entityId="0" Brightness="0" DiffuseColor1="0,0,0" DiffuseColor2="0,0,0" LightStyle1="0" LightStyle2="0" Off="0" On="0" ResetBrightness="0"/>
  </Node>
  <Node Id="167" Class="entity:ArkLight" pos="2008.0161,-102.62094,0" EntityGUID="{DC1EEBA5-1F66-40B4-8137-6B201EC185EC}" EntityGUID_64="40B41F66DC1EEBA5">
   <Inputs entityId="0" Brightness="0" DiffuseColor1="0,0,0" DiffuseColor2="0,0,0" LightStyle1="0" LightStyle2="0" Off="0" On="0" ResetBrightness="0"/>
  </Node>
  <Node Id="169" Class="entity:ArkLight" pos="2008.0161,-77.620941,0" EntityGUID="{B54BEFB4-29E5-46F4-9324-8FC2232B2384}" EntityGUID_64="46F429E5B54BEFB4">
   <Inputs entityId="0" Brightness="0" DiffuseColor1="0,0,0" DiffuseColor2="0,0,0" LightStyle1="0" LightStyle2="0" Off="0" On="0" ResetBrightness="0"/>
  </Node>
  <Node Id="171" Class="entity:ArkLight" pos="2008.0161,-52.620941,0" EntityGUID="{C1484323-97D6-4EFE-BC69-A5213116A464}" EntityGUID_64="4EFE97D6C1484323">
   <Inputs entityId="0" Brightness="0" DiffuseColor1="0,0,0" DiffuseColor2="0,0,0" LightStyle1="0" LightStyle2="0" Off="0" On="0" ResetBrightness="0"/>
  </Node>
  <Node Id="173" Class="entity:ArkLight" pos="2008.0161,-27.620941,0" EntityGUID="{FE129016-027C-40E1-8A45-7FBDDBD1E8DA}" EntityGUID_64="40E1027CFE129016">
   <Inputs entityId="0" Brightness="0" DiffuseColor1="0,0,0" DiffuseColor2="0,0,0" LightStyle1="0" LightStyle2="0" Off="0" On="0" ResetBrightness="0"/>
  </Node>
  <Node Id="175" Class="entity:ArkLight" pos="934.09436,536.26636,0" EntityGUID="{3DDB8D9C-77A2-4E27-A975-35F019944B93}" EntityGUID_64="4E2777A23DDB8D9C">
   <Inputs entityId="0" Brightness="0" DiffuseColor1="0,0,0" DiffuseColor2="0,0,0" LightStyle1="0" LightStyle2="0" Off="0" On="0" ResetBrightness="0"/>
  </Node>
  <Node Id="177" Class="entity:ArkLight" pos="300.30914,590.82556,0" EntityGUID="{87D2AB8D-91BD-4A82-AA5E-59255738FEE2}" EntityGUID_64="4A8291BD87D2AB8D">
   <Inputs entityId="0" Brightness="0" DiffuseColor1="0,0,0" DiffuseColor2="0,0,0" LightStyle1="0" LightStyle2="0" Off="0" On="0" ResetBrightness="0"/>
  </Node>
 </Nodes>
 <Edges />
 <GraphTokens />
</Graph>
