
<ResponseRules>
 <ResponseRule id="4349723564911189812" name="BillieMancusso -- Freed From Telepath" cooldown="" description="If the player rescues one of the victims of the telepath in the arboretum they will talk to the player.  She is a security guard(BILLIE MANCUSO?) and will tell the player about some turrets he didn&apos;t have a chance to deploy for Sarai since he was mind controlled by the telepath in the Food garden. She gives the code to the storage close near the entrance to deep storage.  " response="4349723564911190272" oneshot="1" conversation="1" priority="1">
  <Criteria>
   <Criterion id="15659330456318451386" value="13680621263353786238" comparison="0" type="guid"/>
   <Criterion id="15659330456318451410" comparison="0" value="onPlayerApproach" fromResponse="0" type="default"/>
   <Criterion comparison="0" passIfMissing="false" id="15659330456318451477" type="guid" keyType="default" value="14667999412531081542"/>
   <Criterion comparison="0" passIfMissing="false" id="1273911992" keyType="gameToken" value="0"/>
   <Criterion comparison="0" passIfMissing="false" id="1018317790" keyType="gameToken" value="0"/>
   <Criterion comparison="0" passIfMissing="false" id="1307177912" keyType="gameToken" value="0"/>
   <Criterion comparison="0" passIfMissing="false" id="10739735956111935346" type="guid" keyType="default" value="1713490239386284818"/>
   <Criterion comparison="5" passIfMissing="false" id="15659330456340490449" type="default" keyType="default" value="3"/>
  </Criteria>
 </ResponseRule>
 <WritebackKeys/>
 <ResponseSet id="4349723564911190272">
  <Response dialog="4349723564911190271" id="4349723564911190273" cooldown="0" weight="1" oneshot="0" completeConversation="0" targetId="0" targetType="1" speakerTrackMethod="3" targetTrackMethod="0" emotion="3152439162748318087"/>
 </ResponseSet>
 <ResponseRule id="4349723564911190336" name="" cooldown="" response="4349723564911190337" oneshot="1" conversation="1">
  <Criteria>
   <Criterion id="15659330456318451386" value="13680621263353786238" comparison="0" type="guid"/>
   <Criterion id="15659330456318451410" comparison="0" value="4349723564911190273" fromResponse="1" type="guid"/>
   <Criterion id="15659330456318451477" value="14667999412531081542" comparison="0" type="guid"/>
  </Criteria>
 </ResponseRule>
 <ResponseSet id="4349723564911190337">
  <Response dialog="4349723564911190335" id="4349723564911190338" cooldown="0" weight="1" oneshot="0" completeConversation="0" targetId="0" targetType="1" speakerTrackMethod="3" targetTrackMethod="0" emotion="3152439162748318010"/>
 </ResponseSet>
 <ResponseRule id="4349723564929935474" name="" cooldown="" response="4349723564929935475">
  <Criteria>
   <Criterion id="15659330456318451386" value="13680621263353786238" comparison="0" type="guid"/>
   <Criterion id="15659330456318451410" comparison="0" value="4349723564911190338" fromResponse="1" type="guid"/>
   <Criterion id="15659330456318451477" value="14667999412531081542" comparison="0" type="guid"/>
  </Criteria>
 </ResponseRule>
 <ResponseSet id="4349723564929935475">
  <Response dialog="4349723564929935473" id="4349723564929935476" cooldown="0" weight="1" oneshot="0" completeConversation="0" delay="0" targetId="0" targetType="1" speakerTrackMethod="3" targetTrackMethod="0" emotion="3152439162748318010"/>
 </ResponseSet>
 <ResponseRule id="4349723564929935478" name="" cooldown="" response="4349723564929935479">
  <Criteria>
   <Criterion id="15659330456318451386" value="13680621263353786238" comparison="0" type="guid"/>
   <Criterion id="15659330456318451410" comparison="0" value="4349723564929935476" fromResponse="1" type="guid"/>
   <Criterion id="15659330456318451477" value="14667999412531081542" comparison="0" type="guid"/>
  </Criteria>
 </ResponseRule>
 <ResponseSet id="4349723564929935479">
  <Response dialog="4349723564929935477" id="4349723564929935480" cooldown="0" weight="1" oneshot="0" completeConversation="0" delay="0" targetId="0" targetType="1" speakerTrackMethod="3" targetTrackMethod="0" emotion="3152439162748318026"/>
 </ResponseSet>
 <ResponseRule id="4349723564929935482" name="" cooldown="" response="4349723564929935483">
  <Criteria>
   <Criterion id="15659330456318451386" value="13680621263353786238" comparison="0" type="guid"/>
   <Criterion id="15659330456318451410" comparison="0" value="4349723564929935480" fromResponse="1" type="guid"/>
   <Criterion id="15659330456318451477" value="14667999412531081542" comparison="0" type="guid"/>
  </Criteria>
 </ResponseRule>
 <ResponseSet id="4349723564929935483">
  <Response dialog="4349723564929935481" id="4349723564929935484" cooldown="0" weight="1" oneshot="0" completeConversation="0" delay="0" targetId="0" targetType="1" speakerTrackMethod="3" targetTrackMethod="0"/>
 </ResponseSet>
 <ResponseRule id="4349723564929935486" name="" cooldown="" response="4349723564929935487">
  <Criteria>
   <Criterion id="15659330456318451386" value="13680621263353786238" comparison="0" type="guid"/>
   <Criterion id="15659330456318451410" comparison="0" value="4349723564929935484" fromResponse="1" type="guid"/>
   <Criterion id="15659330456318451477" value="14667999412531081542" comparison="0" type="guid"/>
  </Criteria>
 </ResponseRule>
 <ResponseSet id="4349723564929935487">
  <Response dialog="4349723564929935485" id="4349723564929935488" cooldown="0" weight="1" oneshot="0" completeConversation="0" delay="0" targetId="0" targetType="1" speakerTrackMethod="3" targetTrackMethod="0"/>
 </ResponseSet>
 <ResponseRule id="4349723564929935948" name="" cooldown="" response="4349723564929935949">
  <Criteria>
   <Criterion id="15659330456318451386" value="13680621263353786238" comparison="0" type="guid"/>
   <Criterion id="15659330456318451410" comparison="0" value="4349723564929935488" fromResponse="1" type="guid"/>
   <Criterion id="15659330456318451477" value="14667999412531081542" comparison="0" type="guid"/>
  </Criteria>
 </ResponseRule>
 <ResponseSet id="4349723564929935949">
  <Response dialog="4349723564929935947" id="4349723564929935950" cooldown="0" weight="1" oneshot="0" completeConversation="1" delay="0" targetId="0" targetType="1" speakerTrackMethod="3" targetTrackMethod="0" emotion="3152439162748317787"/>
 </ResponseSet>
 <ResponseRule id="4349723564929936330" name="Billie Mancusso: ClickMe, Rescued from Telepath" cooldown="" description="If the player rescues one of the victims of the telepath in the arboretum they will talk to the player.  She is security officer BILLIE MANCUSO and will tell the player about some turrets (called EATs) she didn&apos;t have a chance to deploy for Sarah since he was mind controlled by the telepath in the Arboretum. She gives the code to the storage close near the entrance to deep storage where the EATs are stored.  " response="4349723564929936366" oneshot="1" conversation="1">
  <Criteria>
   <Criterion id="15659330456318451386" value="13680621263353786238" comparison="0" type="guid"/>
   <Criterion id="15659330456318451410" comparison="0" value="onUsed" fromResponse="0" type="default"/>
   <Criterion comparison="0" passIfMissing="false" id="15659330456318451477" type="guid" keyType="default" value="14667999412531081542"/>
   <Criterion comparison="0" passIfMissing="false" id="1273911992" keyType="gameToken" value="0"/>
   <Criterion comparison="0" passIfMissing="false" id="490977406" keyType="gameToken" value="0"/>
   <Criterion comparison="0" passIfMissing="false" id="415907852" keyType="gameToken" value="0"/>
   <Criterion comparison="0" passIfMissing="false" id="10739735956111935346" type="guid" keyType="default" value="1713490239386284818"/>
   <Criterion comparison="5" passIfMissing="false" id="15659330456340490449" type="default" keyType="default" value="3"/>
  </Criteria>
 </ResponseRule>
 <ResponseSet id="4349723564929936366">
  <Response dialog="4349723564929936365" id="4349723564929936367" cooldown="0" weight="1" oneshot="0" completeConversation="1" delay="0" targetId="0" targetType="1" speakerTrackMethod="1" targetTrackMethod="0" emotion="15659330456346423989"/>
  <Response dialog="4349723564929938564" id="4349723564929938565" cooldown="0" weight="1" oneshot="0" completeConversation="1" delay="0" targetId="0" targetType="1" speakerTrackMethod="1" targetTrackMethod="0" emotion="15659330456346423989"/>
  <Response dialog="4349723564929938577" id="4349723564929938578" cooldown="0" weight="1" oneshot="0" completeConversation="1" delay="0" targetId="0" targetType="1" speakerTrackMethod="1" targetTrackMethod="0" emotion="15659330456346424000"/>
  <Response dialog="4349723564929938589" id="4349723564929938590" cooldown="0" weight="1" oneshot="0" completeConversation="1" delay="0" targetId="0" targetType="1" speakerTrackMethod="1" targetTrackMethod="0" emotion="15659330456346423989"/>
  <Response dialog="4349723564929938602" id="4349723564929938603" cooldown="0" weight="1" oneshot="0" completeConversation="1" delay="0" targetId="0" targetType="1" speakerTrackMethod="1" targetTrackMethod="0" emotion="15659330456346423977"/>
 </ResponseSet>
 <ResponseRule id="4349723564929939702" name="Billie Mancusso:On Approach, Asks about turrents" cooldown="" description="If the player rescues one of the victims of the telepath in the arboretum they will talk to the player.  She is security officer BILLIE MANCUSO and will tell the player about some turrets (called EATs) she didn&apos;t have a chance to deploy for Sarah since he was mind controlled by the telepath in the Arboretum. She gives the code to the storage close near the entrance to deep storage where the EATs are stored.  " response="4349723564929939763" oneshot="1" conversation="1">
  <Criteria>
   <Criterion id="15659330456318451386" value="13680621263353786238" comparison="0" type="guid"/>
   <Criterion id="15659330456318451410" comparison="0" value="onPlayerApproach" fromResponse="0" type="default"/>
   <Criterion comparison="0" passIfMissing="false" id="15659330456318451477" type="guid" keyType="default" value="14667999412531081542"/>
   <Criterion comparison="0" passIfMissing="false" id="1273911992" keyType="gameToken" value="0"/>
   <Criterion comparison="0" passIfMissing="false" id="490977406" keyType="gameToken" value="0"/>
   <Criterion comparison="0" passIfMissing="false" id="415907852" keyType="gameToken" value="0"/>
   <Criterion comparison="0" passIfMissing="false" id="10739735956111935346" type="guid" keyType="default" value="1713490239386284818"/>
   <Criterion comparison="5" passIfMissing="false" id="15659330456340490449" type="default" keyType="default" value="3"/>
  </Criteria>
 </ResponseRule>
 <ResponseSet id="4349723564929939763">
  <Response dialog="4349723564929939762" id="4349723564929939764" cooldown="0" weight="1" oneshot="0" completeConversation="1" delay="0" targetId="0" targetType="1" speakerTrackMethod="1" targetTrackMethod="0" emotion="3152439162748317984"/>
 </ResponseSet>
 <ResponseRule id="4349723564929939883" name="Billie Mancusso: ClickMe, Return to Cargo" cooldown="" description="If the player rescues one of the victims of the telepath in the arboretum they will talk to the player.  She is security officer BILLIE MANCUSO and will tell the player about some turrets (called EATs) she didn&apos;t have a chance to deploy for Sarah since he was mind controlled by the telepath in the Arboretum. She gives the code to the storage close near the entrance to deep storage where the EATs are stored.  " response="4349723564929939924" oneshot="1" conversation="1">
  <Criteria>
   <Criterion id="15659330456318451386" value="13680621263353786238" comparison="0" type="guid"/>
   <Criterion id="15659330456318451410" comparison="0" value="onUsed" fromResponse="0" type="default"/>
   <Criterion comparison="0" passIfMissing="false" id="15659330456318451477" type="guid" keyType="default" value="14667999412531081542"/>
   <Criterion comparison="0" passIfMissing="false" id="1273911992" keyType="gameToken" value="0"/>
   <Criterion comparison="0" passIfMissing="false" id="490977406" keyType="gameToken" value="0"/>
   <Criterion comparison="0" passIfMissing="false" id="415907852" keyType="gameToken" value="0"/>
   <Criterion comparison="0" passIfMissing="false" id="1230984417" keyType="gameToken" value="1"/>
   <Criterion comparison="0" passIfMissing="false" id="10739735956111935346" type="guid" keyType="default" value="1713490239386284818"/>
  </Criteria>
 </ResponseRule>
 <ResponseSet id="4349723564929939924">
  <Response dialog="4349723564929939923" id="4349723564929939925" cooldown="0" weight="1" oneshot="0" completeConversation="1" delay="0" targetId="0" targetType="1" speakerTrackMethod="1" targetTrackMethod="0" emotion="3152439162748318087"/>
 </ResponseSet>
 <ResponseRule id="4349723564929940074" name="Billie Mancusso: ClickMe, Return to Cargo" cooldown="" description="If the player rescues one of the victims of the telepath in the arboretum they will talk to the player.  She is security officer BILLIE MANCUSO and will tell the player about some turrets (called EATs) she didn&apos;t have a chance to deploy for Sarah since he was mind controlled by the telepath in the Arboretum. She gives the code to the storage close near the entrance to deep storage where the EATs are stored.  " response="4349723564929940098" oneshot="1" conversation="1">
  <Criteria>
   <Criterion id="15659330456318451386" value="13680621263353786238" comparison="0" type="guid"/>
   <Criterion id="15659330456318451410" comparison="0" value="onUsed" fromResponse="0" type="default"/>
   <Criterion comparison="0" passIfMissing="false" id="15659330456318451477" type="guid" keyType="default" value="14667999412531081542"/>
   <Criterion comparison="0" passIfMissing="false" id="1273911992" keyType="gameToken" value="0"/>
   <Criterion comparison="0" passIfMissing="false" id="490977406" keyType="gameToken" value="0"/>
   <Criterion comparison="0" passIfMissing="false" id="415907852" keyType="gameToken" value="0"/>
   <Criterion comparison="0" passIfMissing="false" id="1230984417" keyType="gameToken" value="0"/>
   <Criterion comparison="0" passIfMissing="false" id="10739735956111935346" type="guid" keyType="default" value="1713490239386284818"/>
   <Criterion comparison="5" passIfMissing="false" id="15659330456340490449" type="default" keyType="default" value="3"/>
  </Criteria>
 </ResponseRule>
 <ResponseSet id="4349723564929940098">
  <Response dialog="4349723564929940097" id="4349723564929940099" cooldown="0" weight="1" oneshot="0" completeConversation="0" delay="0" targetId="0" targetType="1" speakerTrackMethod="1" targetTrackMethod="0" emotion="3152439162748318087"/>
 </ResponseSet>
 <ResponseRule id="4349723564929940113" name="" cooldown="" response="4349723564929940114">
  <Criteria>
   <Criterion id="15659330456318451386" value="13680621263353786238" comparison="0" type="guid"/>
   <Criterion id="15659330456318451410" comparison="0" value="4349723564929940099" fromResponse="1" type="guid"/>
   <Criterion id="15659330456318451477" value="14667999412531081542" comparison="0" type="guid"/>
   <Criterion comparison="0" passIfMissing="false" id="84866046" keyType="gameToken" value="0"/>
   <Criterion comparison="0" passIfMissing="false" id="1230984417" keyType="gameToken"/>
  </Criteria>
 </ResponseRule>
 <ResponseSet id="4349723564929940114">
  <Response dialog="4349723564929940112" id="4349723564929940115" cooldown="0" weight="1" oneshot="0" completeConversation="1" delay="0" targetId="0" targetType="1" speakerTrackMethod="1" targetTrackMethod="0"/>
 </ResponseSet>
</ResponseRules>