
<ResponseRules>
 <WritebackKeys>
  <WritebackKey id="13680621263376834353" name="RecentlyDiagnosed"/>
  <WritebackKey id="13680621263385919879" name="RecentlyPlayedClickMeComment"/>
  <WritebackKey id="13680621263391898325" name="RecentlyCazavored"/>
 </WritebackKeys>
 <ResponseRule id="13680621263391457127" name="Took Damage" cooldown="3" description="Took damage." response="13680621263391457606">
  <Criteria>
   <Criterion id="15659330456318451386" value="15659330456341074553" comparison="0" type="guid"/>
   <Criterion id="15659330456318451410" comparison="0" value="onTakeDamage" fromResponse="0" type="default"/>
   <Criterion comparison="0" passIfMissing="false" id="17591291352635828515" type="default" keyType="default" value="0"/>
   <Criterion comparison="0" passIfMissing="false" id="15659330456318451477" type="guid" keyType="default" value="13680621263385258028"/>
  </Criteria>
 </ResponseRule>
 <ResponseRule id="13680621263391457130" name="Died" cooldown="" description="Died. Full on code blue alarm." response="13680621263391457690">
  <Criteria>
   <Criterion id="15659330456318451386" value="15659330456341074553" comparison="0" type="guid"/>
   <Criterion id="15659330456318451410" comparison="0" value="onDeath" fromResponse="0" type="default"/>
   <Criterion comparison="0" passIfMissing="false" id="17591291352635828515" type="default" keyType="default" value="0"/>
   <Criterion comparison="0" passIfMissing="false" id="15659330456318451477" type="guid" keyType="default" value="13680621263385258028"/>
  </Criteria>
 </ResponseRule>
 <ResponseRule id="13680621263391457132" name="Player Approach (Aware)" cooldown="" description="First time player walks up." response="13680621263391457740">
  <Criteria>
   <Criterion id="15659330456318451386" value="15659330456341074553" comparison="0" type="guid"/>
   <Criterion id="15659330456318451410" comparison="0" value="onPlayerApproachNear" fromResponse="0" type="default"/>
   <Criterion comparison="0" passIfMissing="false" id="15659330456318451477" type="guid" keyType="default" value="13680621263385258028"/>
   <Criterion comparison="0" passIfMissing="false" id="17591291352635828515" type="default" keyType="default" value="0"/>
  </Criteria>
 </ResponseRule>
 <ResponseRule id="13680621263391457134" name="Touched or Bumped" cooldown="10" description="Player bumped into operator" response="13680621263391457791">
  <Criteria>
   <Criterion id="15659330456318451386" value="15659330456341074553" comparison="0" type="guid"/>
   <Criterion id="15659330456318451410" comparison="0" value="onBumpedPlayerTouch" fromResponse="0" type="default"/>
   <Criterion comparison="0" passIfMissing="false" id="15659330456318451477" type="guid" keyType="default" value="13680621263385258028"/>
   <Criterion comparison="0" passIfMissing="false" id="17591291352635828515" type="default" keyType="default" value="0"/>
  </Criteria>
 </ResponseRule>
 <ResponseRule id="13680621263391457136" name="Wandering" cooldown="20" description="While the operator is wandering around." response="13680621263391876095">
  <Criteria>
   <Criterion id="15659330456318451386" value="15659330456341074553" comparison="0" type="guid"/>
   <Criterion id="15659330456318451410" comparison="0" value="whileWandering" fromResponse="0" type="default"/>
   <Criterion comparison="0" passIfMissing="false" id="15659330456318451477" type="guid" keyType="default" value="13680621263385258028"/>
   <Criterion comparison="0" passIfMissing="false" value="0" type="default" id="17591291352635828515" keyType="default"/>
  </Criteria>
 </ResponseRule>
 <ResponseRule id="13680621263391457139" name="Patrol" cooldown="20" description="While the operator is wandering around." response="13680621263391876143">
  <Criteria>
   <Criterion id="15659330456318451386" value="15659330456341074553" comparison="0" type="guid"/>
   <Criterion id="15659330456318451410" comparison="0" value="whilePatrolling" fromResponse="0" type="default"/>
   <Criterion comparison="0" passIfMissing="false" id="15659330456318451477" type="guid" keyType="default" value="13680621263385258028"/>
   <Criterion comparison="0" passIfMissing="false" id="17591291352635828515" type="default" keyType="default" value="0"/>
  </Criteria>
 </ResponseRule>
 <ResponseRule id="13680621263391457163" name="" cooldown="" description="" response="13680621263391876463" conversation="" oneshot="" priority="">
  <Criteria>
   <Criterion id="15659330456318451386" value="15659330456341074553" comparison="0" type="guid"/>
   <Criterion id="15659330456318451410" comparison="0" value="13680621263391899768" fromResponse="1" type="guid"/>
   <Criterion comparison="0" passIfMissing="false" id="15659330456318451477" type="guid" keyType="default" value="13680621263385258028"/>
  </Criteria>
 </ResponseRule>
 <ResponseRule id="13680621263391876211" name="Diagnosis--First Time" cooldown="" description="Player clicks on Cazavor for the first time as a super medical operator. Cazavor gives the player a permanent boost." response="13680621263391877416" conversation="1" oneshot="1">
  <Criteria>
   <Criterion id="15659330456318451386" value="15659330456341074553" comparison="0" type="guid"/>
   <Criterion id="15659330456318451410" comparison="0" value="onUsed" fromResponse="0" type="default"/>
   <Criterion comparison="0" passIfMissing="false" id="15659330456318451477" type="guid" keyType="default" value="13680621263385258028"/>
   <Criterion comparison="0" passIfMissing="false" id="17591291352635828515" type="default" keyType="default" value="0"/>
   <Criterion comparison="0" passIfMissing="false" id="10850392949532183294" type="default" keyType="default" value="0"/>
   <Criterion comparison="5" passIfMissing="false" id="13680621263391899402" keyType="conversation"/>
  </Criteria>
 </ResponseRule>
 <ResponseRule id="13680621263391897242" name="Player Finished With Healing--First Time." cooldown="" description="First comments after Cazavor upgrades the player." response="13680621263391897903" conversation="1" oneshot="1">
  <Criteria>
   <Criterion id="15659330456318451386" value="15659330456341074553" comparison="0" type="guid"/>
   <Criterion id="15659330456318451410" comparison="0" value="onConversationTrigger" fromResponse="0" type="default"/>
   <Criterion comparison="0" passIfMissing="false" id="15659330456318451477" type="guid" keyType="default" value="13680621263385258028"/>
   <Criterion comparison="0" passIfMissing="false" id="17591291352635828515" type="default" keyType="default" value="0"/>
  </Criteria>
 </ResponseRule>
 <ResponseRule id="13680621263391457141" name="Diagnosis" cooldown="" description="Player used operator, which cuases a diagnosis." response="13680621263391898257" conversation="1">
  <Criteria>
   <Criterion id="15659330456318451386" value="15659330456341074553" comparison="0" type="guid"/>
   <Criterion id="15659330456318451410" comparison="0" value="onUsed" fromResponse="0" type="default"/>
   <Criterion comparison="0" passIfMissing="false" id="15659330456318451477" type="guid" keyType="default" value="13680621263385258028"/>
   <Criterion comparison="5" passIfMissing="true" id="13680621263391898325" type="default" keyType="writeback" value="1"/>
   <Criterion comparison="0" passIfMissing="false" id="17591291352635828515" type="default" keyType="default" value="0"/>
   <Criterion comparison="0" passIfMissing="false" id="10850392949532183294" type="default" keyType="default" value="0"/>
   <Criterion comparison="5" passIfMissing="false" id="13680621263391897242" keyType="conversation"/>
  </Criteria>
  <Writeback>
   <Fact id="13680621263391898325" value="1" time="60"/>
  </Writeback>
 </ResponseRule>
 <ResponseRule id="13680621263391457144" name="Player Finished With Healing." cooldown="20" description="While the operator is wandering around." response="13680621263391898576" conversation="1">
  <Criteria>
   <Criterion id="15659330456318451386" value="15659330456341074553" comparison="0" type="guid"/>
   <Criterion id="15659330456318451410" comparison="0" value="onConversationTrigger" fromResponse="0" type="default"/>
   <Criterion comparison="0" passIfMissing="false" id="15659330456318451477" type="guid" keyType="default" value="13680621263385258028"/>
   <Criterion comparison="0" passIfMissing="false" id="17591291352635828515" type="default" keyType="default" value="0"/>
  </Criteria>
 </ResponseRule>
 <ResponseRule id="13680621263391457146" name="Diagnosis Fail Because Combat" cooldown="10" description="Player used operator, which cuases a diagnosis--but in this case the player is in combat. " response="13680621263391897804" conversation="1">
  <Criteria>
   <Criterion id="15659330456318451386" value="15659330456341074553" comparison="0" type="guid"/>
   <Criterion id="15659330456318451410" comparison="0" value="onUsed" fromResponse="0" type="default"/>
   <Criterion comparison="0" passIfMissing="false" id="15659330456318451477" type="guid" keyType="default" value="13680621263385258028"/>
   <Criterion comparison="0" passIfMissing="false" id="17591291352635828515" type="default" keyType="default" value="0"/>
   <Criterion comparison="0" passIfMissing="false" id="10850392949532183294" type="default" keyType="default" value="1"/>
  </Criteria>
 </ResponseRule>
 <ResponseRule id="13680621263391457148" name="ClickMe Comments" cooldown="" description="Some flavor comments if the player hangs around and tries to talk to the new Cazavor." response="13680621263391899817" conversation="0">
  <Criteria>
   <Criterion id="15659330456318451386" value="15659330456341074553" comparison="0" type="guid"/>
   <Criterion id="15659330456318451410" comparison="0" value="onUsed" fromResponse="0" type="default"/>
   <Criterion comparison="0" passIfMissing="false" id="15659330456318451477" type="guid" keyType="default" value="13680621263385258028"/>
   <Criterion comparison="0" passIfMissing="false" id="13680621263391898325" type="default" keyType="writeback" value="1"/>
   <Criterion comparison="0" passIfMissing="false" id="17591291352635828515" type="default" keyType="default" value="0"/>
   <Criterion comparison="0" passIfMissing="false" id="10850392949532183294" type="default" keyType="default" value="0"/>
   <Criterion comparison="5" passIfMissing="true" id="13680621263385919879" type="default" keyType="writeback" value="1"/>
   <Criterion comparison="5" passIfMissing="false" id="13680621263391876211" keyType="conversation"/>
  </Criteria>
  <Writeback>
   <Fact id="13680621263385919879" value="1" time="20"/>
  </Writeback>
 </ResponseRule>
 <ResponseSet id="13680621263391457606">
  <Response dialog="13680621263391457605" id="13680621263391457607" cooldown="0" weight="1" oneshot="0" completeConversation="1" delay="0" cutoff="0"/>
  <Response dialog="13680621263391457615" id="13680621263391457616" cooldown="0" weight="1" oneshot="0" completeConversation="1" delay="0" cutoff="0"/>
  <Response dialog="13680621263391457635" id="13680621263391457636" cooldown="0" weight="1" oneshot="0" completeConversation="1" delay="0" cutoff="0"/>
  <Response dialog="13680621263391457648" id="13680621263391457649" cooldown="0" weight="1" oneshot="0" completeConversation="1" delay="0" cutoff="0"/>
  <Response dialog="13680621263391457665" id="13680621263391457666" cooldown="0" weight="1" oneshot="0" completeConversation="1" delay="0" cutoff="0"/>
 </ResponseSet>
 <ResponseSet id="13680621263391457690">
  <Response dialog="13680621263391457689" id="13680621263391457691" cooldown="0" weight="1" oneshot="0" completeConversation="1" delay="0" cutoff="0"/>
 </ResponseSet>
 <ResponseSet id="13680621263391457740">
  <Response dialog="13680621263391457739" id="13680621263391457741" cooldown="0" weight="1" oneshot="0" completeConversation="1" delay="0" cutoff="0"/>
  <Response dialog="13680621263391457749" id="13680621263391457750" cooldown="0" weight="1" oneshot="0" completeConversation="1" delay="0" cutoff="0"/>
 </ResponseSet>
 <ResponseSet id="13680621263391457791">
  <Response dialog="13680621263391457790" id="13680621263391457792" cooldown="0" weight="1" oneshot="0" completeConversation="1" delay="0" cutoff="0"/>
  <Response dialog="13680621263391457798" id="13680621263391457799" cooldown="0" weight="1" oneshot="0" completeConversation="1" delay="0" cutoff="0"/>
 </ResponseSet>
 <ResponseSet id="13680621263391876095">
  <Response dialog="13680621263391876094" id="13680621263391876096" cooldown="0" weight="1" oneshot="0" completeConversation="1" delay="0" cutoff="0"/>
  <Response dialog="13680621263391876114" id="13680621263391876115" cooldown="0" weight="1" oneshot="0" completeConversation="1" delay="0" cutoff="0"/>
 </ResponseSet>
 <ResponseSet id="13680621263391876143">
  <Response dialog="13680621263391876114" id="13680621263391876144" cooldown="0" weight="1" oneshot="0" completeConversation="1" delay="0" cutoff="0"/>
  <Response dialog="13680621263391876094" id="13680621263391876152" cooldown="0" weight="1" oneshot="0" completeConversation="1" delay="0" cutoff="0"/>
 </ResponseSet>
 <ResponseSet id="13680621263391876463">
  <Response dialog="13680621263391876462" id="13680621263391876464" cooldown="0" weight="1" oneshot="0" completeConversation="0" delay="0" cutoff="0" targetId="0" targetType="1" speakerTrackMethod="2" targetTrackMethod="0"/>
 </ResponseSet>
 <ResponseRule id="13680621263391876475" name="" cooldown="" response="13680621263391876476">
  <Criteria>
   <Criterion id="15659330456318451386" value="15659330456341074553" comparison="0" type="guid"/>
   <Criterion id="15659330456318451410" comparison="0" value="13680621263391876464" fromResponse="1" type="guid"/>
   <Criterion id="15659330456318451477" value="13680621263385258028" comparison="0" type="guid"/>
  </Criteria>
 </ResponseRule>
 <ResponseSet id="13680621263391876476">
  <Response dialog="13680621263391876474" id="13680621263391876477" cooldown="0" weight="1" oneshot="0" completeConversation="0" delay="0" cutoff="0" targetId="0" targetType="1" speakerTrackMethod="2" targetTrackMethod="0"/>
 </ResponseSet>
 <ResponseRule id="13680621263391876484" name="" cooldown="" response="13680621263391876485">
  <Criteria>
   <Criterion id="15659330456318451386" value="15659330456341074553" comparison="0" type="guid"/>
   <Criterion id="15659330456318451410" comparison="0" value="13680621263391876477" fromResponse="1" type="guid"/>
   <Criterion id="15659330456318451477" value="13680621263385258028" comparison="0" type="guid"/>
  </Criteria>
 </ResponseRule>
 <ResponseSet id="13680621263391876485">
  <Response dialog="13680621263391876483" id="13680621263391876486" cooldown="0" weight="1" oneshot="0" completeConversation="0" delay="0" cutoff="0" targetId="0" targetType="1" speakerTrackMethod="2" targetTrackMethod="0"/>
 </ResponseSet>
 <ResponseSet id="13680621263391876502">
  <Response dialog="13680621263391876500" id="13680621263391876503" cooldown="0" weight="1" oneshot="0" completeConversation="0" delay="0" cutoff="0" targetId="0" targetType="1" speakerTrackMethod="2" targetTrackMethod="0"/>
 </ResponseSet>
 <ResponseRule id="13680621263391876505" name="" cooldown="" response="13680621263391876506">
  <Criteria>
   <Criterion id="15659330456318451386" value="15659330456341074553" comparison="0" type="guid"/>
   <Criterion id="15659330456318451410" comparison="0" value="13680621263391876503" fromResponse="1" type="guid"/>
   <Criterion id="15659330456318451477" value="13680621263385258028" comparison="0" type="guid"/>
  </Criteria>
 </ResponseRule>
 <ResponseSet id="13680621263391876506">
  <Response dialog="13680621263391876504" id="13680621263391876507" cooldown="0" weight="1" oneshot="0" completeConversation="1" delay="1" cutoff="0" targetId="0" targetType="1" speakerTrackMethod="2" targetTrackMethod="0"/>
 </ResponseSet>
 <ResponseSet id="13680621263391877416">
  <Response dialog="13680621263391877415" id="13680621263391877417" cooldown="0" weight="1" oneshot="0" completeConversation="1" delay="0" cutoff="0"/>
 </ResponseSet>
 <ResponseSet id="13680621263391897804">
  <Response dialog="13680621263391897803" id="13680621263391897805" cooldown="30" weight="1" oneshot="0" completeConversation="1" delay="0" cutoff="0"/>
  <Response dialog="13680621263391897811" id="13680621263391897812" cooldown="30" weight="1" oneshot="0" completeConversation="1" delay="0" cutoff="0" targetId="0" targetType="1" speakerTrackMethod="2" targetTrackMethod="0"/>
  <Response dialog="13680621263391897846" id="13680621263391897847" cooldown="30" weight="1" oneshot="0" completeConversation="1" delay="0" cutoff="0" targetId="0" targetType="1" speakerTrackMethod="2" targetTrackMethod="0"/>
 </ResponseSet>
 <ResponseSet id="13680621263391897903">
  <Response dialog="13680621263391897902" id="13680621263391897904" cooldown="0" weight="1" oneshot="0" completeConversation="0" delay="0" cutoff="0" targetId="0" targetType="1" speakerTrackMethod="2" targetTrackMethod="0"/>
 </ResponseSet>
 <ResponseRule id="13680621263391897922" name="" cooldown="" response="13680621263391897923">
  <Criteria>
   <Criterion id="15659330456318451386" value="15659330456341074553" comparison="0" type="guid"/>
   <Criterion id="15659330456318451410" comparison="0" value="13680621263391897904" fromResponse="1" type="guid"/>
   <Criterion id="15659330456318451477" value="13680621263385258028" comparison="0" type="guid"/>
  </Criteria>
 </ResponseRule>
 <ResponseSet id="13680621263391897923">
  <Response dialog="13680621263391897911" id="13680621263391897924" cooldown="0" weight="1" oneshot="0" completeConversation="0" delay="0" cutoff="0" targetId="0" targetType="1" speakerTrackMethod="2" targetTrackMethod="0"/>
 </ResponseSet>
 <ResponseRule id="13680621263391897941" name="" cooldown="" response="13680621263391897942">
  <Criteria>
   <Criterion id="15659330456318451386" value="15659330456341074553" comparison="0" type="guid"/>
   <Criterion id="15659330456318451410" comparison="0" value="13680621263391897924" fromResponse="1" type="guid"/>
   <Criterion id="15659330456318451477" value="13680621263385258028" comparison="0" type="guid"/>
  </Criteria>
 </ResponseRule>
 <ResponseSet id="13680621263391897942">
  <Response dialog="13680621263391897940" id="13680621263391897943" cooldown="0" weight="1" oneshot="0" completeConversation="1" delay="0" cutoff="0" targetId="0" targetType="1" speakerTrackMethod="2" targetTrackMethod="0"/>
 </ResponseSet>
 <ResponseSet id="13680621263391898257">
  <Response dialog="13680621263391898256" id="13680621263391898258" cooldown="0" weight="1" oneshot="0" completeConversation="1" delay="0" cutoff="0" targetId="0" targetType="1" speakerTrackMethod="2" targetTrackMethod="0"/>
 </ResponseSet>
 <ResponseSet id="13680621263391898576">
  <Response dialog="13680621263391898575" id="13680621263391898577" cooldown="60" weight="1" oneshot="0" completeConversation="1" delay="0" cutoff="0" targetId="0" targetType="1" speakerTrackMethod="2" targetTrackMethod="0"/>
  <Response dialog="13680621263391898591" id="13680621263391898592" cooldown="60" weight="1" oneshot="0" completeConversation="1" delay="0" cutoff="0" targetId="0" targetType="1" speakerTrackMethod="2" targetTrackMethod="0"/>
  <Response dialog="13680621263391898599" id="13680621263391898600" cooldown="60" weight="1" oneshot="0" completeConversation="1" delay="0" cutoff="0" targetId="0" targetType="1" speakerTrackMethod="2" targetTrackMethod="0"/>
 </ResponseSet>
 <ResponseRule id="13680621263391899402" name="First Time Created Thanks" cooldown="" description="After re-creating Cazavor as a super medical operator." priority="" conversation="1" oneshot="1" response="13680621263391899403">
  <Criteria>
   <Criterion id="15659330456318451386" value="15659330456341074553" comparison="0" type="guid"/>
   <Criterion id="15659330456318451410" comparison="0" value="onConversationTrigger" fromResponse="0" type="default"/>
   <Criterion id="15659330456318451477" value="13680621263385258028" comparison="0" type="guid"/>
   <Criterion comparison="0" passIfMissing="false" id="17591291352635828515" type="default" keyType="default" value="0"/>
  </Criteria>
 </ResponseRule>
 <ResponseSet id="13680621263391899403">
  <Response dialog="13680621263385258187" id="13680621263391899404" cooldown="0" weight="1" oneshot="0" completeConversation="0" delay="0" cutoff="0" targetId="140716013518848" targetType="0" speakerTrackMethod="0" targetTrackMethod="0"/>
 </ResponseSet>
 <ResponseRule id="13680621263391899464" name="" cooldown="" response="13680621263391876502">
  <Criteria>
   <Criterion id="15659330456318451386" value="15659330456341074553" comparison="0" type="guid"/>
   <Criterion id="15659330456318451410" comparison="0" value="13680621263391876486" fromResponse="1" type="guid"/>
   <Criterion id="15659330456318451477" value="13680621263385258028" comparison="0" type="guid"/>
  </Criteria>
 </ResponseRule>
 <ResponseRule id="13680621263391899758" name="" cooldown="" response="13680621263391899759">
  <Criteria>
   <Criterion id="15659330456318451386" value="15659330456341074553" comparison="0" type="guid"/>
   <Criterion id="15659330456318451410" comparison="0" value="13680621263391899404" fromResponse="1" type="guid"/>
   <Criterion id="15659330456318451477" value="13680621263385258028" comparison="0" type="guid"/>
  </Criteria>
 </ResponseRule>
 <ResponseSet id="13680621263391899759">
  <Response dialog="13680621263391899757" id="13680621263391899760" cooldown="0" weight="1" oneshot="0" completeConversation="0" delay="0" cutoff="0" targetType="0" targetId="140716013518848" speakerTrackMethod="0" targetTrackMethod="0"/>
 </ResponseSet>
 <ResponseRule id="13680621263391899766" name="" cooldown="" response="13680621263391899767">
  <Criteria>
   <Criterion id="15659330456318451386" value="15659330456341074553" comparison="0" type="guid"/>
   <Criterion id="15659330456318451410" comparison="0" value="13680621263391899760" fromResponse="1" type="guid"/>
   <Criterion id="15659330456318451477" value="13680621263385258028" comparison="0" type="guid"/>
  </Criteria>
 </ResponseRule>
 <ResponseSet id="13680621263391899767">
  <Response dialog="13680621263391899765" id="13680621263391899768" cooldown="0" weight="1" oneshot="0" completeConversation="0" delay="0" cutoff="0" targetType="0" targetId="140716013518848" speakerTrackMethod="0" targetTrackMethod="0"/>
 </ResponseSet>
 <ResponseSet id="13680621263391899817">
  <Response dialog="13680621263391899816" id="13680621263391899818" cooldown="0" weight="1" oneshot="0" completeConversation="0" delay="0" cutoff="0" targetId="0" targetType="1" speakerTrackMethod="2" targetTrackMethod="0"/>
  <Response dialog="13680621263391899987" id="13680621263391899988" cooldown="0" weight="1" oneshot="0" completeConversation="0" delay="0" cutoff="0" targetId="0" targetType="1" speakerTrackMethod="2" targetTrackMethod="0"/>
 </ResponseSet>
 <ResponseRule id="13680621263391899832" name="" cooldown="" response="13680621263391899833">
  <Criteria>
   <Criterion id="15659330456318451386" value="15659330456341074553" comparison="0" type="guid"/>
   <Criterion id="15659330456318451410" comparison="0" value="13680621263391899818" fromResponse="1" type="guid"/>
   <Criterion id="15659330456318451477" value="13680621263385258028" comparison="0" type="guid"/>
  </Criteria>
 </ResponseRule>
 <ResponseSet id="13680621263391899833">
  <Response dialog="13680621263391899831" id="13680621263391899834" cooldown="0" weight="1" oneshot="0" completeConversation="1" delay="0" cutoff="0" targetId="0" targetType="1" speakerTrackMethod="2" targetTrackMethod="0"/>
 </ResponseSet>
 <ResponseRule id="13680621263391900028" name="" cooldown="" response="13680621263391900029">
  <Criteria>
   <Criterion id="15659330456318451386" value="15659330456341074553" comparison="0" type="guid"/>
   <Criterion id="15659330456318451410" comparison="0" value="13680621263391899988" fromResponse="1" type="guid"/>
   <Criterion id="15659330456318451477" value="13680621263385258028" comparison="0" type="guid"/>
  </Criteria>
 </ResponseRule>
 <ResponseSet id="13680621263391900029">
  <Response dialog="13680621263391900027" id="13680621263391900030" cooldown="0" weight="1" oneshot="0" completeConversation="0" delay="0" cutoff="0" targetId="0" targetType="1" speakerTrackMethod="2" targetTrackMethod="0"/>
 </ResponseSet>
 <ResponseRule id="13680621263391900054" name="" cooldown="" response="13680621263391900055">
  <Criteria>
   <Criterion id="15659330456318451386" value="15659330456341074553" comparison="0" type="guid"/>
   <Criterion id="15659330456318451410" comparison="0" value="13680621263391900030" fromResponse="1" type="guid"/>
   <Criterion id="15659330456318451477" value="13680621263385258028" comparison="0" type="guid"/>
  </Criteria>
 </ResponseRule>
 <ResponseSet id="13680621263391900055">
  <Response dialog="13680621263391900053" id="13680621263391900056" cooldown="0" weight="1" oneshot="0" completeConversation="0" delay="0" cutoff="0" targetId="0" targetType="1" speakerTrackMethod="2" targetTrackMethod="0"/>
 </ResponseSet>
 <ResponseRule id="13680621263391900196" name="" cooldown="" response="13680621263391900197">
  <Criteria>
   <Criterion id="15659330456318451386" value="15659330456341074553" comparison="0" type="guid"/>
   <Criterion id="15659330456318451410" comparison="0" value="13680621263391900056" fromResponse="1" type="guid"/>
   <Criterion id="15659330456318451477" value="13680621263385258028" comparison="0" type="guid"/>
  </Criteria>
 </ResponseRule>
 <ResponseSet id="13680621263391900197">
  <Response dialog="13680621263391900195" id="13680621263391900198" cooldown="0" weight="1" oneshot="0" completeConversation="0" delay="1" cutoff="0" targetType="1" targetId="0" speakerTrackMethod="2" targetTrackMethod="0"/>
 </ResponseSet>
 <ResponseRule id="13680621263391900215" name="" cooldown="" response="13680621263391900216">
  <Criteria>
   <Criterion id="15659330456318451386" value="15659330456341074553" comparison="0" type="guid"/>
   <Criterion id="15659330456318451410" comparison="0" value="13680621263391900198" fromResponse="1" type="guid"/>
   <Criterion id="15659330456318451477" value="13680621263385258028" comparison="0" type="guid"/>
  </Criteria>
 </ResponseRule>
 <ResponseSet id="13680621263391900216">
  <Response dialog="13680621263391900214" id="13680621263391900217" cooldown="0" weight="1" oneshot="0" completeConversation="1" delay="0" cutoff="0" targetType="1" targetId="0" speakerTrackMethod="2" targetTrackMethod="0"/>
 </ResponseSet>
 <ResponseRule id="13680621263391902683" name="Diagnosis--Player is Fine" cooldown="" description="Player used operator, which cuases a diagnosis--in this case nothing is wrong w/ the player." response="13680621263391902784" conversation="1">
  <Criteria>
   <Criterion id="15659330456318451386" value="15659330456341074553" comparison="0" type="guid"/>
   <Criterion id="15659330456318451410" comparison="0" value="onUsed" fromResponse="0" type="default"/>
   <Criterion comparison="0" passIfMissing="false" id="15659330456318451477" type="guid" keyType="default" value="13680621263385258028"/>
   <Criterion comparison="5" passIfMissing="true" id="13680621263391898325" type="default" keyType="writeback" value="1"/>
   <Criterion comparison="0" passIfMissing="false" id="17591291352635828515" type="default" keyType="default" value="0"/>
   <Criterion comparison="0" passIfMissing="false" id="10850392949532183294" type="default" keyType="default" value="0"/>
   <Criterion comparison="5" passIfMissing="false" id="13680621263391897242" keyType="conversation"/>
   <Criterion comparison="3" passIfMissing="false" id="15659330456333904202" type="default" keyType="default" value="1"/>
   <Criterion comparison="0" passIfMissing="false" id="12348086275151109611" type="default" keyType="default" value="0"/>
   <Criterion comparison="3" passIfMissing="false" id="10850392949532183303" type="default" keyType="default" value="1"/>
  </Criteria>
  <Writeback>
   <Fact id="13680621263391898325" value="1" time="30"/>
  </Writeback>
 </ResponseRule>
 <ResponseSet id="13680621263391902784">
  <Response dialog="13680621263391902783" id="13680621263391902785" cooldown="0" weight="1" oneshot="0" completeConversation="1" delay="0" cutoff="0"/>
 </ResponseSet>
</ResponseRules>