<Graph isModule="1" moduleName="Particles_DecontamSpray" isObjectList="1" objectListClass="ParticleEffect" Description="" Group="" enabled="1" MultiPlayer="ClientServer">
 <Nodes>
  <Node Id="2" Class="entity:ParticleEffect" pos="-450,10,0" EntityGUID="{87FB8EDA-940A-42DB-AF8D-0776294AC55C}" EntityGUID_64="42DB940A87FB8EDA">
   <Inputs entityId="0" Disable="0" Enable="0" Kill="0" Restart="0" Spawn="0"/>
  </Node>
  <Node Id="4" Class="entity:ParticleEffect" pos="-450,-120,0" EntityGUID="{171A824F-5D9F-4B90-BC5D-CAD0F489C789}" EntityGUID_64="4B905D9F171A824F">
   <Inputs entityId="0" Disable="0" Enable="0" Kill="0" Restart="0" Spawn="0"/>
  </Node>
  <Node Id="6" Class="entity:ParticleEffect" pos="-450,-250,0" EntityGUID="{13FE7CD5-BD5D-4C36-AE1E-2EAE4ABB9A5C}" EntityGUID_64="4C36BD5D13FE7CD5">
   <Inputs entityId="0" Disable="0" Enable="0" Kill="0" Restart="0" Spawn="0"/>
  </Node>
  <Node Id="8" Class="entity:ParticleEffect" pos="-450,-380,0" EntityGUID="{F165AB85-8672-45AB-A314-CFD369C1D601}" EntityGUID_64="45AB8672F165AB85">
   <Inputs entityId="0" Disable="0" Enable="0" Kill="0" Restart="0" Spawn="0"/>
  </Node>
  <Node Id="10" Class="entity:ParticleEffect" pos="310,20,0" EntityGUID="{0AF32622-65C7-4E21-BC61-1B6627114CA3}" EntityGUID_64="4E2165C70AF32622">
   <Inputs entityId="0" Disable="0" Enable="0" Kill="0" Restart="0" Spawn="0"/>
  </Node>
  <Node Id="12" Class="entity:ParticleEffect" pos="310,-110,0" EntityGUID="{A775FAC3-24B4-4BE1-9B16-8018C86F9A9E}" EntityGUID_64="4BE124B4A775FAC3">
   <Inputs entityId="0" Disable="0" Enable="0" Kill="0" Restart="0" Spawn="0"/>
  </Node>
  <Node Id="14" Class="entity:ParticleEffect" pos="310,-240,0" EntityGUID="{9EDEF3AB-7E80-4B5E-9E89-CBBB34CFBEEE}" EntityGUID_64="4B5E7E809EDEF3AB">
   <Inputs entityId="0" Disable="0" Enable="0" Kill="0" Restart="0" Spawn="0"/>
  </Node>
  <Node Id="16" Class="entity:ParticleEffect" pos="310,-370,0" EntityGUID="{7B3B1AFD-5F44-4949-A35F-BFF24955B8E8}" EntityGUID_64="49495F447B3B1AFD">
   <Inputs entityId="0" Disable="0" Enable="0" Kill="0" Restart="0" Spawn="0"/>
  </Node>
 </Nodes>
 <Edges />
 <GraphTokens />
</Graph>
