<Graph isModule="1" moduleName="Water_Lights_ON" isObjectList="1" objectListClass="ArkLight" Description="" Group="" enabled="1" MultiPlayer="ClientServer">
 <Nodes>
  <Node Id="2" Class="entity:ArkLight" pos="520,-940,0" EntityGUID="{59B634E7-E7C9-4717-B751-3D1D806D456E}" EntityGUID_64="4717E7C959B634E7">
   <Inputs entityId="0" Brightness="0" DiffuseColor1="0,0,0" DiffuseColor2="0,0,0" LightStyle1="0" LightStyle2="0" Off="0" On="0" ResetBrightness="0"/>
  </Node>
  <Node Id="4" Class="entity:ArkLight" pos="870,-940,0" EntityGUID="{1F5A8EBB-18A4-47F3-881A-9809D7161EA1}" EntityGUID_64="47F318A41F5A8EBB">
   <Inputs entityId="0" Brightness="0" DiffuseColor1="0,0,0" DiffuseColor2="0,0,0" LightStyle1="0" LightStyle2="0" Off="0" On="0" ResetBrightness="0"/>
  </Node>
  <Node Id="6" Class="entity:ArkLight" pos="870,-920,0" EntityGUID="{1559E0FB-FA74-4C2F-B3FD-FD0219A2C9B1}" EntityGUID_64="4C2FFA741559E0FB">
   <Inputs entityId="0" Brightness="0" DiffuseColor1="0,0,0" DiffuseColor2="0,0,0" LightStyle1="0" LightStyle2="0" Off="0" On="0" ResetBrightness="0"/>
  </Node>
  <Node Id="8" Class="entity:ArkLight" pos="520,-920,0" EntityGUID="{0040CB5C-65B0-4380-BB4D-23FB9CD5CAC6}" EntityGUID_64="438065B00040CB5C">
   <Inputs entityId="0" Brightness="0" DiffuseColor1="0,0,0" DiffuseColor2="0,0,0" LightStyle1="0" LightStyle2="0" Off="0" On="0" ResetBrightness="0"/>
  </Node>
  <Node Id="10" Class="entity:ArkLight" pos="520,-900,0" EntityGUID="{17E65277-B34A-4A5D-AD2A-958F0A7760CB}" EntityGUID_64="4A5DB34A17E65277">
   <Inputs entityId="0" Brightness="0" DiffuseColor1="0,0,0" DiffuseColor2="0,0,0" LightStyle1="0" LightStyle2="0" Off="0" On="0" ResetBrightness="0"/>
  </Node>
  <Node Id="12" Class="entity:ArkLight" pos="520,-880,0" EntityGUID="{A000DB1D-0BDB-4AC1-A4EF-F5684D642989}" EntityGUID_64="4AC10BDBA000DB1D">
   <Inputs entityId="0" Brightness="0" DiffuseColor1="0,0,0" DiffuseColor2="0,0,0" LightStyle1="0" LightStyle2="0" Off="0" On="0" ResetBrightness="0"/>
  </Node>
  <Node Id="14" Class="entity:ArkLight" pos="520,-860,0" EntityGUID="{59ADCC15-944C-4BA2-A165-55CED1AF395A}" EntityGUID_64="4BA2944C59ADCC15">
   <Inputs entityId="0" Brightness="0" DiffuseColor1="0,0,0" DiffuseColor2="0,0,0" LightStyle1="0" LightStyle2="0" Off="0" On="0" ResetBrightness="0"/>
  </Node>
  <Node Id="16" Class="entity:ArkLight" pos="1210,-940,0" EntityGUID="{8006839E-9D8E-44F5-8AF8-2A8F580F19B8}" EntityGUID_64="44F59D8E8006839E">
   <Inputs entityId="0" Brightness="0" DiffuseColor1="0,0,0" DiffuseColor2="0,0,0" LightStyle1="0" LightStyle2="0" Off="0" On="0" ResetBrightness="0"/>
  </Node>
  <Node Id="18" Class="entity:ArkLight" pos="520,-840,0" EntityGUID="{E38B4466-CA9A-4E92-97D0-B89ADEE025BE}" EntityGUID_64="4E92CA9AE38B4466">
   <Inputs entityId="0" Brightness="0" DiffuseColor1="0,0,0" DiffuseColor2="0,0,0" LightStyle1="0" LightStyle2="0" Off="0" On="0" ResetBrightness="0"/>
  </Node>
  <Node Id="20" Class="entity:ArkLight" pos="870,-900,0" EntityGUID="{451C739D-BA04-4DB0-BCA1-24BD05F9E16D}" EntityGUID_64="4DB0BA04451C739D">
   <Inputs entityId="0" Brightness="0" DiffuseColor1="0,0,0" DiffuseColor2="0,0,0" LightStyle1="0" LightStyle2="0" Off="0" On="0" ResetBrightness="0"/>
  </Node>
  <Node Id="22" Class="entity:ArkLight" pos="870,-880,0" EntityGUID="{0D3EB0CD-160A-4D0E-8E41-2F0592CC5104}" EntityGUID_64="4D0E160A0D3EB0CD">
   <Inputs entityId="0" Brightness="0" DiffuseColor1="0,0,0" DiffuseColor2="0,0,0" LightStyle1="0" LightStyle2="0" Off="0" On="0" ResetBrightness="0"/>
  </Node>
  <Node Id="24" Class="entity:ArkLight" pos="1210,-920,0" EntityGUID="{F125782C-DF5C-4353-8DA9-941E78F3981A}" EntityGUID_64="4353DF5CF125782C">
   <Inputs entityId="0" Brightness="0" DiffuseColor1="0,0,0" DiffuseColor2="0,0,0" LightStyle1="0" LightStyle2="0" Off="0" On="0" ResetBrightness="0"/>
  </Node>
  <Node Id="26" Class="entity:ArkLight" pos="1210,-900,0" EntityGUID="{7AB95ED9-852B-4F49-A574-2B4223625949}" EntityGUID_64="4F49852B7AB95ED9">
   <Inputs entityId="0" Brightness="0" DiffuseColor1="0,0,0" DiffuseColor2="0,0,0" LightStyle1="0" LightStyle2="0" Off="0" On="0" ResetBrightness="0"/>
  </Node>
  <Node Id="28" Class="entity:ArkLight" pos="1210,-880,0" EntityGUID="{33DFAC7C-C2E5-4F67-B36B-A1E734782448}" EntityGUID_64="4F67C2E533DFAC7C">
   <Inputs entityId="0" Brightness="0" DiffuseColor1="0,0,0" DiffuseColor2="0,0,0" LightStyle1="0" LightStyle2="0" Off="0" On="0" ResetBrightness="0"/>
  </Node>
  <Node Id="30" Class="entity:ArkLight" pos="870,-860,0" EntityGUID="{0E922086-0C33-4D53-8DE1-4EF610D38E65}" EntityGUID_64="4D530C330E922086">
   <Inputs entityId="0" Brightness="0" DiffuseColor1="0,0,0" DiffuseColor2="0,0,0" LightStyle1="0" LightStyle2="0" Off="0" On="0" ResetBrightness="0"/>
  </Node>
  <Node Id="32" Class="entity:ArkLight" pos="870,-840,0" EntityGUID="{4AFF188C-4290-4965-8C4D-636EAB05743D}" EntityGUID_64="496542904AFF188C">
   <Inputs entityId="0" Brightness="0" DiffuseColor1="0,0,0" DiffuseColor2="0,0,0" LightStyle1="0" LightStyle2="0" Off="0" On="0" ResetBrightness="0"/>
  </Node>
  <Node Id="34" Class="entity:ArkLight" pos="870,-820,0" EntityGUID="{D9CBAA19-B454-4C02-B995-CA956220B381}" EntityGUID_64="4C02B454D9CBAA19">
   <Inputs entityId="0" Brightness="0" DiffuseColor1="0,0,0" DiffuseColor2="0,0,0" LightStyle1="0" LightStyle2="0" Off="0" On="0" ResetBrightness="0"/>
  </Node>
  <Node Id="36" Class="entity:ArkLight" pos="870,-800,0" EntityGUID="{49E51065-22A5-4376-82D9-448EC7D4A0C2}" EntityGUID_64="437622A549E51065">
   <Inputs entityId="0" Brightness="0" DiffuseColor1="0,0,0" DiffuseColor2="0,0,0" LightStyle1="0" LightStyle2="0" Off="0" On="0" ResetBrightness="0"/>
  </Node>
  <Node Id="38" Class="entity:ArkLight" pos="1210,-860,0" EntityGUID="{C9755C39-30B8-410D-8072-FC1B8419C37F}" EntityGUID_64="410D30B8C9755C39">
   <Inputs entityId="0" Brightness="0" DiffuseColor1="0,0,0" DiffuseColor2="0,0,0" LightStyle1="0" LightStyle2="0" Off="0" On="0" ResetBrightness="0"/>
  </Node>
  <Node Id="40" Class="entity:ArkLight" pos="870,-780,0" EntityGUID="{D97C6813-F55F-435E-9A62-90CBB4D121C5}" EntityGUID_64="435EF55FD97C6813">
   <Inputs entityId="0" Brightness="0" DiffuseColor1="0,0,0" DiffuseColor2="0,0,0" LightStyle1="0" LightStyle2="0" Off="0" On="0" ResetBrightness="0"/>
  </Node>
  <Node Id="42" Class="entity:ArkLight" pos="870,-760,0" EntityGUID="{050FE0F7-7480-461D-8A98-5D7F8B4A383E}" EntityGUID_64="461D7480050FE0F7">
   <Inputs entityId="0" Brightness="0" DiffuseColor1="0,0,0" DiffuseColor2="0,0,0" LightStyle1="0" LightStyle2="0" Off="0" On="0" ResetBrightness="0"/>
  </Node>
  <Node Id="44" Class="entity:ArkLight" pos="870,-740,0" EntityGUID="{21579D4B-04CB-4BE3-819D-DE9CEDDA8FEE}" EntityGUID_64="4BE304CB21579D4B">
   <Inputs entityId="0" Brightness="0" DiffuseColor1="0,0,0" DiffuseColor2="0,0,0" LightStyle1="0" LightStyle2="0" Off="0" On="0" ResetBrightness="0"/>
  </Node>
  <Node Id="46" Class="entity:ArkLight" pos="1210,-840,0" EntityGUID="{FFD7F062-54A6-4B48-B248-35E01A9051A4}" EntityGUID_64="4B4854A6FFD7F062">
   <Inputs entityId="0" Brightness="0" DiffuseColor1="0,0,0" DiffuseColor2="0,0,0" LightStyle1="0" LightStyle2="0" Off="0" On="0" ResetBrightness="0"/>
  </Node>
  <Node Id="48" Class="entity:ArkLight" pos="1210,-820,0" EntityGUID="{A4248D6C-C5B3-4B82-81AD-B7F9FB4A0E56}" EntityGUID_64="4B82C5B3A4248D6C">
   <Inputs entityId="0" Brightness="0" DiffuseColor1="0,0,0" DiffuseColor2="0,0,0" LightStyle1="0" LightStyle2="0" Off="0" On="0" ResetBrightness="0"/>
  </Node>
  <Node Id="50" Class="entity:ArkLight" pos="1210,-800,0" EntityGUID="{9009C42B-C6C3-4253-B2C7-2A6D8872EA31}" EntityGUID_64="4253C6C39009C42B">
   <Inputs entityId="0" Brightness="0" DiffuseColor1="0,0,0" DiffuseColor2="0,0,0" LightStyle1="0" LightStyle2="0" Off="0" On="0" ResetBrightness="0"/>
  </Node>
  <Node Id="52" Class="entity:ArkLight" pos="870,-720,0" EntityGUID="{6EF3C32E-64E5-4DFA-B765-96E9D05E5A26}" EntityGUID_64="4DFA64E56EF3C32E">
   <Inputs entityId="0" Brightness="0" DiffuseColor1="0,0,0" DiffuseColor2="0,0,0" LightStyle1="0" LightStyle2="0" Off="0" On="0" ResetBrightness="0"/>
  </Node>
  <Node Id="54" Class="entity:ArkLight" pos="1210,-780,0" EntityGUID="{BF76F183-0EE3-4E01-A94B-5FC9DFC469ED}" EntityGUID_64="4E010EE3BF76F183">
   <Inputs entityId="0" Brightness="0" DiffuseColor1="0,0,0" DiffuseColor2="0,0,0" LightStyle1="0" LightStyle2="0" Off="0" On="0" ResetBrightness="0"/>
  </Node>
  <Node Id="56" Class="entity:ArkLight" pos="870,-700,0" EntityGUID="{DE4EFDE9-0C0E-4C24-BF8F-1711649F32B2}" EntityGUID_64="4C240C0EDE4EFDE9">
   <Inputs entityId="0" Brightness="0" DiffuseColor1="0,0,0" DiffuseColor2="0,0,0" LightStyle1="0" LightStyle2="0" Off="0" On="0" ResetBrightness="0"/>
  </Node>
  <Node Id="58" Class="entity:ArkLight" pos="870,-680,0" EntityGUID="{9FCD190D-0B98-45AF-8CD9-770C735B9346}" EntityGUID_64="45AF0B989FCD190D">
   <Inputs entityId="0" Brightness="0" DiffuseColor1="0,0,0" DiffuseColor2="0,0,0" LightStyle1="0" LightStyle2="0" Off="0" On="0" ResetBrightness="0"/>
  </Node>
  <Node Id="60" Class="entity:ArkLight" pos="1210,-760,0" EntityGUID="{871944BF-4D7A-45DF-9A10-3E9D1E703A24}" EntityGUID_64="45DF4D7A871944BF">
   <Inputs entityId="0" Brightness="0" DiffuseColor1="0,0,0" DiffuseColor2="0,0,0" LightStyle1="0" LightStyle2="0" Off="0" On="0" ResetBrightness="0"/>
  </Node>
  <Node Id="62" Class="entity:ArkLight" pos="520,-820,0" EntityGUID="{9E0EEBE7-52B8-4D33-B250-BA1D8033E856}" EntityGUID_64="4D3352B89E0EEBE7">
   <Inputs entityId="0" Brightness="0" DiffuseColor1="0,0,0" DiffuseColor2="0,0,0" LightStyle1="0" LightStyle2="0" Off="0" On="0" ResetBrightness="0"/>
  </Node>
  <Node Id="64" Class="entity:ArkLight" pos="520,-800,0" EntityGUID="{3D12AC2F-1781-4150-AC33-8E6C4FB2483C}" EntityGUID_64="415017813D12AC2F">
   <Inputs entityId="0" Brightness="0" DiffuseColor1="0,0,0" DiffuseColor2="0,0,0" LightStyle1="0" LightStyle2="0" Off="0" On="0" ResetBrightness="0"/>
  </Node>
  <Node Id="66" Class="entity:ArkLight" pos="520,-780,0" EntityGUID="{F202BCEC-9428-4C3D-A091-B7F5ED7AAFC6}" EntityGUID_64="4C3D9428F202BCEC">
   <Inputs entityId="0" Brightness="0" DiffuseColor1="0,0,0" DiffuseColor2="0,0,0" LightStyle1="0" LightStyle2="0" Off="0" On="0" ResetBrightness="0"/>
  </Node>
  <Node Id="68" Class="entity:ArkLight" pos="520,-760,0" EntityGUID="{107496F8-9F8B-4D48-A8BF-487F4397FFF7}" EntityGUID_64="4D489F8B107496F8">
   <Inputs entityId="0" Brightness="0" DiffuseColor1="0,0,0" DiffuseColor2="0,0,0" LightStyle1="0" LightStyle2="0" Off="0" On="0" ResetBrightness="0"/>
  </Node>
  <Node Id="70" Class="entity:ArkLight" pos="1210,-740,0" EntityGUID="{B07CAB3B-8023-44CB-A130-EF3038484C5C}" EntityGUID_64="44CB8023B07CAB3B">
   <Inputs entityId="0" Brightness="0" DiffuseColor1="0,0,0" DiffuseColor2="0,0,0" LightStyle1="0" LightStyle2="0" Off="0" On="0" ResetBrightness="0"/>
  </Node>
  <Node Id="72" Class="entity:ArkLight" pos="870,-660,0" EntityGUID="{AEBA318E-2968-4B00-BCE0-AC0073610A4C}" EntityGUID_64="4B002968AEBA318E">
   <Inputs entityId="0" Brightness="0" DiffuseColor1="0,0,0" DiffuseColor2="0,0,0" LightStyle1="0" LightStyle2="0" Off="0" On="0" ResetBrightness="0"/>
  </Node>
  <Node Id="74" Class="entity:ArkLight" pos="520,-740,0" EntityGUID="{0F4D7597-8648-40C0-857C-B0B81F2B18BD}" EntityGUID_64="40C086480F4D7597">
   <Inputs entityId="0" Brightness="0" DiffuseColor1="0,0,0" DiffuseColor2="0,0,0" LightStyle1="0" LightStyle2="0" Off="0" On="0" ResetBrightness="0"/>
  </Node>
  <Node Id="76" Class="entity:ArkLight" pos="520,-720,0" EntityGUID="{103005B2-D250-4105-B68A-95A3A3A41D76}" EntityGUID_64="4105D250103005B2">
   <Inputs entityId="0" Brightness="0" DiffuseColor1="0,0,0" DiffuseColor2="0,0,0" LightStyle1="0" LightStyle2="0" Off="0" On="0" ResetBrightness="0"/>
  </Node>
  <Node Id="78" Class="entity:ArkLight" pos="520,-700,0" EntityGUID="{784A14EE-A359-4660-8231-90FD99B39710}" EntityGUID_64="4660A359784A14EE">
   <Inputs entityId="0" Brightness="0" DiffuseColor1="0,0,0" DiffuseColor2="0,0,0" LightStyle1="0" LightStyle2="0" Off="0" On="0" ResetBrightness="0"/>
  </Node>
  <Node Id="80" Class="entity:ArkLight" pos="520,-680,0" EntityGUID="{0CE7EEBD-EC95-4456-83CA-BFB0BD369169}" EntityGUID_64="4456EC950CE7EEBD">
   <Inputs entityId="0" Brightness="0" DiffuseColor1="0,0,0" DiffuseColor2="0,0,0" LightStyle1="0" LightStyle2="0" Off="0" On="0" ResetBrightness="0"/>
  </Node>
  <Node Id="82" Class="entity:ArkLight" pos="1210,-720,0" EntityGUID="{C65DCC14-8217-410B-8DD5-138E93097FFE}" EntityGUID_64="410B8217C65DCC14">
   <Inputs entityId="0" Brightness="0" DiffuseColor1="0,0,0" DiffuseColor2="0,0,0" LightStyle1="0" LightStyle2="0" Off="0" On="0" ResetBrightness="0"/>
  </Node>
  <Node Id="84" Class="entity:ArkLight" pos="870,-640,0" EntityGUID="{47E064B8-8AF4-47A8-8F0F-97218C9CEB48}" EntityGUID_64="47A88AF447E064B8">
   <Inputs entityId="0" Brightness="0" DiffuseColor1="0,0,0" DiffuseColor2="0,0,0" LightStyle1="0" LightStyle2="0" Off="0" On="0" ResetBrightness="0"/>
  </Node>
  <Node Id="86" Class="entity:ArkLight" pos="520,-660,0" EntityGUID="{77B68F5B-84FE-4204-BF66-FD746252C063}" EntityGUID_64="420484FE77B68F5B">
   <Inputs entityId="0" Brightness="0" DiffuseColor1="0,0,0" DiffuseColor2="0,0,0" LightStyle1="0" LightStyle2="0" Off="0" On="0" ResetBrightness="0"/>
  </Node>
  <Node Id="88" Class="entity:ArkLight" pos="1210,-700,0" EntityGUID="{A8F51844-1F34-4AE9-943A-D0B75BE22300}" EntityGUID_64="4AE91F34A8F51844">
   <Inputs entityId="0" Brightness="0" DiffuseColor1="0,0,0" DiffuseColor2="0,0,0" LightStyle1="0" LightStyle2="0" Off="0" On="0" ResetBrightness="0"/>
  </Node>
  <Node Id="90" Class="entity:ArkLight" pos="520,-640,0" EntityGUID="{5D5EA7FE-1E23-463C-8E64-E736C301DDB1}" EntityGUID_64="463C1E235D5EA7FE">
   <Inputs entityId="0" Brightness="0" DiffuseColor1="0,0,0" DiffuseColor2="0,0,0" LightStyle1="0" LightStyle2="0" Off="0" On="0" ResetBrightness="0"/>
  </Node>
  <Node Id="92" Class="entity:ArkLight" pos="520,-620,0" EntityGUID="{06CF8B38-57C8-4C39-9550-9B1E8BEC9BA6}" EntityGUID_64="4C3957C806CF8B38">
   <Inputs entityId="0" Brightness="0" DiffuseColor1="0,0,0" DiffuseColor2="0,0,0" LightStyle1="0" LightStyle2="0" Off="0" On="0" ResetBrightness="0"/>
  </Node>
  <Node Id="94" Class="entity:ArkLight" pos="870,-620,0" EntityGUID="{75E25206-DD53-43F3-8E46-6EFDF80AAAA8}" EntityGUID_64="43F3DD5375E25206">
   <Inputs entityId="0" Brightness="0" DiffuseColor1="0,0,0" DiffuseColor2="0,0,0" LightStyle1="0" LightStyle2="0" Off="0" On="0" ResetBrightness="0"/>
  </Node>
  <Node Id="96" Class="entity:ArkLight" pos="520,-600,0" EntityGUID="{31D69A34-0F2E-4AF8-B2EB-547A10CF3362}" EntityGUID_64="4AF80F2E31D69A34">
   <Inputs entityId="0" Brightness="0" DiffuseColor1="0,0,0" DiffuseColor2="0,0,0" LightStyle1="0" LightStyle2="0" Off="0" On="0" ResetBrightness="0"/>
  </Node>
  <Node Id="98" Class="entity:ArkLight" pos="520,-580,0" EntityGUID="{FB8AD39A-9C24-44E2-B342-FE39857CABCB}" EntityGUID_64="44E29C24FB8AD39A">
   <Inputs entityId="0" Brightness="0" DiffuseColor1="0,0,0" DiffuseColor2="0,0,0" LightStyle1="0" LightStyle2="0" Off="0" On="0" ResetBrightness="0"/>
  </Node>
  <Node Id="100" Class="entity:ArkLight" pos="520,-560,0" EntityGUID="{153754FC-874D-4B51-A042-01D5CBCC7F5A}" EntityGUID_64="4B51874D153754FC">
   <Inputs entityId="0" Brightness="0" DiffuseColor1="0,0,0" DiffuseColor2="0,0,0" LightStyle1="0" LightStyle2="0" Off="0" On="0" ResetBrightness="0"/>
  </Node>
  <Node Id="102" Class="entity:ArkLight" pos="520,-540,0" EntityGUID="{1949146C-18E5-4F6E-98CE-33170DF6E5C8}" EntityGUID_64="4F6E18E51949146C">
   <Inputs entityId="0" Brightness="0" DiffuseColor1="0,0,0" DiffuseColor2="0,0,0" LightStyle1="0" LightStyle2="0" Off="0" On="0" ResetBrightness="0"/>
  </Node>
  <Node Id="104" Class="entity:ArkLight" pos="520,-520,0" EntityGUID="{CEC63898-7A3B-4AF7-8960-C1883A08CC01}" EntityGUID_64="4AF77A3BCEC63898">
   <Inputs entityId="0" Brightness="0" DiffuseColor1="0,0,0" DiffuseColor2="0,0,0" LightStyle1="0" LightStyle2="0" Off="0" On="0" ResetBrightness="0"/>
  </Node>
  <Node Id="106" Class="entity:ArkLight" pos="870,-600,0" EntityGUID="{3DCE6A51-6D76-469E-A62C-DC2C45CFB432}" EntityGUID_64="469E6D763DCE6A51">
   <Inputs entityId="0" Brightness="0" DiffuseColor1="0,0,0" DiffuseColor2="0,0,0" LightStyle1="0" LightStyle2="0" Off="0" On="0" ResetBrightness="0"/>
  </Node>
  <Node Id="108" Class="entity:ArkLight" pos="520,-500,0" EntityGUID="{1D1536EF-C44C-442D-AD51-D1C39548A522}" EntityGUID_64="442DC44C1D1536EF">
   <Inputs entityId="0" Brightness="0" DiffuseColor1="0,0,0" DiffuseColor2="0,0,0" LightStyle1="0" LightStyle2="0" Off="0" On="0" ResetBrightness="0"/>
  </Node>
  <Node Id="110" Class="entity:ArkLight" pos="520,-480,0" EntityGUID="{A40D0DFC-5A68-4E3D-A259-77D1F71BA389}" EntityGUID_64="4E3D5A68A40D0DFC">
   <Inputs entityId="0" Brightness="0" DiffuseColor1="0,0,0" DiffuseColor2="0,0,0" LightStyle1="0" LightStyle2="0" Off="0" On="0" ResetBrightness="0"/>
  </Node>
  <Node Id="112" Class="entity:ArkLight" pos="520,-460,0" EntityGUID="{B4609E1A-72FF-4671-8767-829E3A2AEE2E}" EntityGUID_64="467172FFB4609E1A">
   <Inputs entityId="0" Brightness="0" DiffuseColor1="0,0,0" DiffuseColor2="0,0,0" LightStyle1="0" LightStyle2="0" Off="0" On="0" ResetBrightness="0"/>
  </Node>
  <Node Id="114" Class="entity:ArkLight" pos="870,-580,0" EntityGUID="{306D7291-18B0-4F9B-8CEB-BB3CFD73AC2F}" EntityGUID_64="4F9B18B0306D7291">
   <Inputs entityId="0" Brightness="0" DiffuseColor1="0,0,0" DiffuseColor2="0,0,0" LightStyle1="0" LightStyle2="0" Off="0" On="0" ResetBrightness="0"/>
  </Node>
  <Node Id="116" Class="entity:ArkLight" pos="870,-560,0" EntityGUID="{C6C7FF63-57D7-4539-9900-0167B29CBDD2}" EntityGUID_64="453957D7C6C7FF63">
   <Inputs entityId="0" Brightness="0" DiffuseColor1="0,0,0" DiffuseColor2="0,0,0" LightStyle1="0" LightStyle2="0" Off="0" On="0" ResetBrightness="0"/>
  </Node>
  <Node Id="118" Class="entity:ArkLight" pos="870,-540,0" EntityGUID="{D667362D-2331-4748-A6C9-756AE8ABC6B1}" EntityGUID_64="47482331D667362D">
   <Inputs entityId="0" Brightness="0" DiffuseColor1="0,0,0" DiffuseColor2="0,0,0" LightStyle1="0" LightStyle2="0" Off="0" On="0" ResetBrightness="0"/>
  </Node>
  <Node Id="120" Class="entity:ArkLight" pos="1210,-680,0" EntityGUID="{4EDD1927-D44B-450D-B4D5-48B74A93B2F4}" EntityGUID_64="450DD44B4EDD1927">
   <Inputs entityId="0" Brightness="0" DiffuseColor1="0,0,0" DiffuseColor2="0,0,0" LightStyle1="0" LightStyle2="0" Off="0" On="0" ResetBrightness="0"/>
  </Node>
  <Node Id="122" Class="entity:ArkLight" pos="1210,-660,0" EntityGUID="{7D9C2F35-B7FE-43B1-AB12-DA38B55C915E}" EntityGUID_64="43B1B7FE7D9C2F35">
   <Inputs entityId="0" Brightness="0" DiffuseColor1="0,0,0" DiffuseColor2="0,0,0" LightStyle1="0" LightStyle2="0" Off="0" On="0" ResetBrightness="0"/>
  </Node>
  <Node Id="124" Class="entity:ArkLight" pos="520,-440,0" EntityGUID="{10216A40-3B08-4322-ABAB-9F748709CCFF}" EntityGUID_64="43223B0810216A40">
   <Inputs entityId="0" Brightness="0" DiffuseColor1="0,0,0" DiffuseColor2="0,0,0" LightStyle1="0" LightStyle2="0" Off="0" On="0" ResetBrightness="0"/>
  </Node>
  <Node Id="126" Class="entity:ArkLight" pos="520,-420,0" EntityGUID="{85823880-79A6-49FC-82AB-ED62A096E46A}" EntityGUID_64="49FC79A685823880">
   <Inputs entityId="0" Brightness="0" DiffuseColor1="0,0,0" DiffuseColor2="0,0,0" LightStyle1="0" LightStyle2="0" Off="0" On="0" ResetBrightness="0"/>
  </Node>
  <Node Id="128" Class="entity:ArkLight" pos="520,-400,0" EntityGUID="{EC5F3FE3-822C-4924-86A5-9772563094BA}" EntityGUID_64="4924822CEC5F3FE3">
   <Inputs entityId="0" Brightness="0" DiffuseColor1="0,0,0" DiffuseColor2="0,0,0" LightStyle1="0" LightStyle2="0" Off="0" On="0" ResetBrightness="0"/>
  </Node>
  <Node Id="130" Class="entity:ArkLight" pos="520,-380,0" EntityGUID="{9D0DF408-533A-4118-BB99-CA7500ECF776}" EntityGUID_64="4118533A9D0DF408">
   <Inputs entityId="0" Brightness="0" DiffuseColor1="0,0,0" DiffuseColor2="0,0,0" LightStyle1="0" LightStyle2="0" Off="0" On="0" ResetBrightness="0"/>
  </Node>
  <Node Id="132" Class="entity:ArkLight" pos="520,-360,0" EntityGUID="{1F8D98EE-7AED-406C-A11F-763C19D45143}" EntityGUID_64="406C7AED1F8D98EE">
   <Inputs entityId="0" Brightness="0" DiffuseColor1="0,0,0" DiffuseColor2="0,0,0" LightStyle1="0" LightStyle2="0" Off="0" On="0" ResetBrightness="0"/>
  </Node>
  <Node Id="134" Class="entity:ArkLight" pos="520,-340,0" EntityGUID="{49FE7365-5F09-44AB-85B4-55024AC9960A}" EntityGUID_64="44AB5F0949FE7365">
   <Inputs entityId="0" Brightness="0" DiffuseColor1="0,0,0" DiffuseColor2="0,0,0" LightStyle1="0" LightStyle2="0" Off="0" On="0" ResetBrightness="0"/>
  </Node>
  <Node Id="136" Class="entity:ArkLight" pos="520,-320,0" EntityGUID="{8C146D7F-D418-462E-A1E2-CE6B798AED23}" EntityGUID_64="462ED4188C146D7F">
   <Inputs entityId="0" Brightness="0" DiffuseColor1="0,0,0" DiffuseColor2="0,0,0" LightStyle1="0" LightStyle2="0" Off="0" On="0" ResetBrightness="0"/>
  </Node>
  <Node Id="138" Class="entity:ArkLight" pos="520,-300,0" EntityGUID="{9E3D038E-8E9A-48F0-979F-5DF4B96734AB}" EntityGUID_64="48F08E9A9E3D038E">
   <Inputs entityId="0" Brightness="0" DiffuseColor1="0,0,0" DiffuseColor2="0,0,0" LightStyle1="0" LightStyle2="0" Off="0" On="0" ResetBrightness="0"/>
  </Node>
  <Node Id="140" Class="entity:ArkLight" pos="520,-280,0" EntityGUID="{AF8E2B3C-206B-4ACE-A631-993D03F5E040}" EntityGUID_64="4ACE206BAF8E2B3C">
   <Inputs entityId="0" Brightness="0" DiffuseColor1="0,0,0" DiffuseColor2="0,0,0" LightStyle1="0" LightStyle2="0" Off="0" On="0" ResetBrightness="0"/>
  </Node>
  <Node Id="142" Class="entity:ArkLight" pos="520,-260,0" EntityGUID="{39EFD20E-3C5A-4F4F-8592-2FF8AECF5805}" EntityGUID_64="4F4F3C5A39EFD20E">
   <Inputs entityId="0" Brightness="0" DiffuseColor1="0,0,0" DiffuseColor2="0,0,0" LightStyle1="0" LightStyle2="0" Off="0" On="0" ResetBrightness="0"/>
  </Node>
  <Node Id="144" Class="entity:ArkLight" pos="520,-240,0" EntityGUID="{B96D883E-BD29-4D91-AE66-9A6A7A2B7500}" EntityGUID_64="4D91BD29B96D883E">
   <Inputs entityId="0" Brightness="0" DiffuseColor1="0,0,0" DiffuseColor2="0,0,0" LightStyle1="0" LightStyle2="0" Off="0" On="0" ResetBrightness="0"/>
  </Node>
  <Node Id="146" Class="entity:ArkLight" pos="870,-520,0" EntityGUID="{6F18E931-B4CC-4F6A-A091-C63B0D85BBB5}" EntityGUID_64="4F6AB4CC6F18E931">
   <Inputs entityId="0" Brightness="0" DiffuseColor1="0,0,0" DiffuseColor2="0,0,0" LightStyle1="0" LightStyle2="0" Off="0" On="0" ResetBrightness="0"/>
  </Node>
  <Node Id="148" Class="entity:ArkLight" pos="870,-500,0" EntityGUID="{2AE0B48C-2250-43BE-9FB1-12E5B0933126}" EntityGUID_64="43BE22502AE0B48C">
   <Inputs entityId="0" Brightness="0" DiffuseColor1="0,0,0" DiffuseColor2="0,0,0" LightStyle1="0" LightStyle2="0" Off="0" On="0" ResetBrightness="0"/>
  </Node>
  <Node Id="150" Class="entity:ArkLight" pos="520,-220,0" EntityGUID="{0BECE1D5-A6F3-43A4-A6E8-185443D445CB}" EntityGUID_64="43A4A6F30BECE1D5">
   <Inputs entityId="0" Brightness="0" DiffuseColor1="0,0,0" DiffuseColor2="0,0,0" LightStyle1="0" LightStyle2="0" Off="0" On="0" ResetBrightness="0"/>
  </Node>
  <Node Id="152" Class="entity:ArkLight" pos="520,-200,0" EntityGUID="{D75EEC01-13F7-4C4F-9C52-1F6C2AD9D0BE}" EntityGUID_64="4C4F13F7D75EEC01">
   <Inputs entityId="0" Brightness="0" DiffuseColor1="0,0,0" DiffuseColor2="0,0,0" LightStyle1="0" LightStyle2="0" Off="0" On="0" ResetBrightness="0"/>
  </Node>
  <Node Id="154" Class="entity:ArkLight" pos="1210,-640,0" EntityGUID="{B176111B-4C85-4434-8A98-46E186C58A97}" EntityGUID_64="44344C85B176111B">
   <Inputs entityId="0" Brightness="0" DiffuseColor1="0,0,0" DiffuseColor2="0,0,0" LightStyle1="0" LightStyle2="0" Off="0" On="0" ResetBrightness="0"/>
  </Node>
  <Node Id="156" Class="entity:ArkLight" pos="520,-180,0" EntityGUID="{C6189CAC-1720-43CE-8341-FC6D64891343}" EntityGUID_64="43CE1720C6189CAC">
   <Inputs entityId="0" Brightness="0" DiffuseColor1="0,0,0" DiffuseColor2="0,0,0" LightStyle1="0" LightStyle2="0" Off="0" On="0" ResetBrightness="0"/>
  </Node>
  <Node Id="158" Class="entity:ArkLight" pos="1210,-620,0" EntityGUID="{08349939-9E16-45BF-9E21-57559919B4C9}" EntityGUID_64="45BF9E1608349939">
   <Inputs entityId="0" Brightness="0" DiffuseColor1="0,0,0" DiffuseColor2="0,0,0" LightStyle1="0" LightStyle2="0" Off="0" On="0" ResetBrightness="0"/>
  </Node>
  <Node Id="160" Class="entity:ArkLight" pos="1210,-600,0" EntityGUID="{97742224-A9CE-4800-AD85-6803AA246363}" EntityGUID_64="4800A9CE97742224">
   <Inputs entityId="0" Brightness="0" DiffuseColor1="0,0,0" DiffuseColor2="0,0,0" LightStyle1="0" LightStyle2="0" Off="0" On="0" ResetBrightness="0"/>
  </Node>
  <Node Id="162" Class="entity:ArkLight" pos="1210,-580,0" EntityGUID="{88A3CAE7-41A2-4B53-A915-2FE9DAEAF6C7}" EntityGUID_64="4B5341A288A3CAE7">
   <Inputs entityId="0" Brightness="0" DiffuseColor1="0,0,0" DiffuseColor2="0,0,0" LightStyle1="0" LightStyle2="0" Off="0" On="0" ResetBrightness="0"/>
  </Node>
  <Node Id="164" Class="entity:ArkLight" pos="870,-480,0" EntityGUID="{A549D231-4E18-45AA-99FB-85799C68C645}" EntityGUID_64="45AA4E18A549D231">
   <Inputs entityId="0" Brightness="0" DiffuseColor1="0,0,0" DiffuseColor2="0,0,0" LightStyle1="0" LightStyle2="0" Off="0" On="0" ResetBrightness="0"/>
  </Node>
  <Node Id="166" Class="entity:ArkLight" pos="1210,-560,0" EntityGUID="{E25AA377-4E37-4A80-ACBA-BF5361EEC968}" EntityGUID_64="4A804E37E25AA377">
   <Inputs entityId="0" Brightness="0" DiffuseColor1="0,0,0" DiffuseColor2="0,0,0" LightStyle1="0" LightStyle2="0" Off="0" On="0" ResetBrightness="0"/>
  </Node>
  <Node Id="168" Class="entity:ArkLight" pos="520,-160,0" EntityGUID="{AAC94B47-84C8-48D0-8B98-67CA725A2D67}" EntityGUID_64="48D084C8AAC94B47">
   <Inputs entityId="0" Brightness="0" DiffuseColor1="0,0,0" DiffuseColor2="0,0,0" LightStyle1="0" LightStyle2="0" Off="0" On="0" ResetBrightness="0"/>
  </Node>
  <Node Id="170" Class="entity:ArkLight" pos="1210,-540,0" EntityGUID="{75CD60FB-5B85-472D-B87F-CB1815096F5F}" EntityGUID_64="472D5B8575CD60FB">
   <Inputs entityId="0" Brightness="0" DiffuseColor1="0,0,0" DiffuseColor2="0,0,0" LightStyle1="0" LightStyle2="0" Off="0" On="0" ResetBrightness="0"/>
  </Node>
  <Node Id="172" Class="entity:ArkLight" pos="870,-460,0" EntityGUID="{40301DBB-BBC4-4882-86B5-048ED7B52B48}" EntityGUID_64="4882BBC440301DBB">
   <Inputs entityId="0" Brightness="0" DiffuseColor1="0,0,0" DiffuseColor2="0,0,0" LightStyle1="0" LightStyle2="0" Off="0" On="0" ResetBrightness="0"/>
  </Node>
  <Node Id="174" Class="entity:ArkLight" pos="520,-140,0" EntityGUID="{35FC6D86-63D4-490C-9B69-3C678C802834}" EntityGUID_64="490C63D435FC6D86">
   <Inputs entityId="0" Brightness="0" DiffuseColor1="0,0,0" DiffuseColor2="0,0,0" LightStyle1="0" LightStyle2="0" Off="0" On="0" ResetBrightness="0"/>
  </Node>
 </Nodes>
 <Edges />
 <GraphTokens />
</Graph>
