<Graph isModule="1" moduleName="Water_Lights_OFF_2" isObjectList="1" objectListClass="ArkLight" Description="" Group="" enabled="1" MultiPlayer="ClientServer">
 <Nodes>
  <Node Id="2" Class="entity:ArkLight" pos="-296,-85,0" EntityGUID="{70AD4E42-ABFF-4DBC-A109-7CA05758AC7C}" EntityGUID_64="4DBCABFF70AD4E42">
   <Inputs entityId="0" Brightness="0" DiffuseColor1="0,0,0" DiffuseColor2="0,0,0" LightStyle1="0" LightStyle2="0" Off="0" On="0" ResetBrightness="0"/>
  </Node>
  <Node Id="6" Class="entity:ArkLight" pos="-296,-65,0" EntityGUID="{3589BE33-3609-4710-B2B8-675AEC5F2DA1}" EntityGUID_64="471036093589BE33">
   <Inputs entityId="0" Brightness="0" DiffuseColor1="0,0,0" DiffuseColor2="0,0,0" LightStyle1="0" LightStyle2="0" Off="0" On="0" ResetBrightness="0"/>
  </Node>
  <Node Id="14" Class="entity:ArkLight" pos="-296,-45,0" EntityGUID="{C44708A4-4687-47BA-9AD5-1C69B3D88A22}" EntityGUID_64="47BA4687C44708A4">
   <Inputs entityId="0" Brightness="0" DiffuseColor1="0,0,0" DiffuseColor2="0,0,0" LightStyle1="0" LightStyle2="0" Off="0" On="0" ResetBrightness="0"/>
  </Node>
  <Node Id="16" Class="entity:ArkLight" pos="-296,-25,0" EntityGUID="{C978B22E-FE81-4822-B89A-E6A753B15CBE}" EntityGUID_64="4822FE81C978B22E">
   <Inputs entityId="0" Brightness="0" DiffuseColor1="0,0,0" DiffuseColor2="0,0,0" LightStyle1="0" LightStyle2="0" Off="0" On="0" ResetBrightness="0"/>
  </Node>
  <Node Id="38" Class="entity:ArkLight" pos="-296,-5,0" EntityGUID="{4F412501-56EB-4128-85AC-C50D3E10924A}" EntityGUID_64="412856EB4F412501">
   <Inputs entityId="0" Brightness="0" DiffuseColor1="0,0,0" DiffuseColor2="0,0,0" LightStyle1="0" LightStyle2="0" Off="0" On="0" ResetBrightness="0"/>
  </Node>
  <Node Id="56" Class="entity:ArkLight" pos="-296,15,0" EntityGUID="{4C108AF3-D0E5-40D4-915A-C3F7BF8E7277}" EntityGUID_64="40D4D0E54C108AF3">
   <Inputs entityId="0" Brightness="0" DiffuseColor1="0,0,0" DiffuseColor2="0,0,0" LightStyle1="0" LightStyle2="0" Off="0" On="0" ResetBrightness="0"/>
  </Node>
  <Node Id="58" Class="entity:ArkLight" pos="-296,35,0" EntityGUID="{9DD55DEF-2FDD-4369-873C-DA7FFAA369CF}" EntityGUID_64="43692FDD9DD55DEF">
   <Inputs entityId="0" Brightness="0" DiffuseColor1="0,0,0" DiffuseColor2="0,0,0" LightStyle1="0" LightStyle2="0" Off="0" On="0" ResetBrightness="0"/>
  </Node>
  <Node Id="60" Class="entity:ArkLight" pos="-296,55,0" EntityGUID="{53C277D7-E0FB-4A4B-A53E-F43411917D73}" EntityGUID_64="4A4BE0FB53C277D7">
   <Inputs entityId="0" Brightness="0" DiffuseColor1="0,0,0" DiffuseColor2="0,0,0" LightStyle1="0" LightStyle2="0" Off="0" On="0" ResetBrightness="0"/>
  </Node>
  <Node Id="64" Class="entity:ArkLight" pos="-296,75,0" EntityGUID="{B07DBA51-5C03-4A61-B543-B99652C43EA7}" EntityGUID_64="4A615C03B07DBA51">
   <Inputs entityId="0" Brightness="0" DiffuseColor1="0,0,0" DiffuseColor2="0,0,0" LightStyle1="0" LightStyle2="0" Off="0" On="0" ResetBrightness="0"/>
  </Node>
  <Node Id="82" Class="entity:ArkLight" pos="-296,95,0" EntityGUID="{EEC99C7B-16E4-4C16-8088-ED4A01C80A91}" EntityGUID_64="4C1616E4EEC99C7B">
   <Inputs entityId="0" Brightness="0" DiffuseColor1="0,0,0" DiffuseColor2="0,0,0" LightStyle1="0" LightStyle2="0" Off="0" On="0" ResetBrightness="0"/>
  </Node>
  <Node Id="86" Class="entity:ArkLight" pos="-296,115,0" EntityGUID="{E04D866A-0758-4AEB-A00C-EC586100D5D8}" EntityGUID_64="4AEB0758E04D866A">
   <Inputs entityId="0" Brightness="0" DiffuseColor1="0,0,0" DiffuseColor2="0,0,0" LightStyle1="0" LightStyle2="0" Off="0" On="0" ResetBrightness="0"/>
  </Node>
  <Node Id="88" Class="entity:ArkLight" pos="-296,135,0" EntityGUID="{2651C54F-0917-420E-BB0F-58A3F5FCB22E}" EntityGUID_64="420E09172651C54F">
   <Inputs entityId="0" Brightness="0" DiffuseColor1="0,0,0" DiffuseColor2="0,0,0" LightStyle1="0" LightStyle2="0" Off="0" On="0" ResetBrightness="0"/>
  </Node>
  <Node Id="90" Class="entity:ArkLight" pos="-296,155,0" EntityGUID="{A75A6652-B847-43EB-8ADB-71E90867C239}" EntityGUID_64="43EBB847A75A6652">
   <Inputs entityId="0" Brightness="0" DiffuseColor1="0,0,0" DiffuseColor2="0,0,0" LightStyle1="0" LightStyle2="0" Off="0" On="0" ResetBrightness="0"/>
  </Node>
  <Node Id="94" Class="entity:ArkLight" pos="-296,175,0" EntityGUID="{58CBEA88-10FC-4FBD-B490-CEE0D6928EE4}" EntityGUID_64="4FBD10FC58CBEA88">
   <Inputs entityId="0" Brightness="0" DiffuseColor1="0,0,0" DiffuseColor2="0,0,0" LightStyle1="0" LightStyle2="0" Off="0" On="0" ResetBrightness="0"/>
  </Node>
  <Node Id="98" Class="entity:ArkLight" pos="-296,195,0" EntityGUID="{B4D1C947-9BDC-4346-9FC7-6EA3A9C9BA87}" EntityGUID_64="43469BDCB4D1C947">
   <Inputs entityId="0" Brightness="0" DiffuseColor1="0,0,0" DiffuseColor2="0,0,0" LightStyle1="0" LightStyle2="0" Off="0" On="0" ResetBrightness="0"/>
  </Node>
  <Node Id="102" Class="entity:ArkLight" pos="-296,215,0" EntityGUID="{3BB02B5D-00B7-4238-AE18-95296CA948BD}" EntityGUID_64="423800B73BB02B5D">
   <Inputs entityId="0" Brightness="0" DiffuseColor1="0,0,0" DiffuseColor2="0,0,0" LightStyle1="0" LightStyle2="0" Off="0" On="0" ResetBrightness="0"/>
  </Node>
  <Node Id="108" Class="entity:ArkLight" pos="-296,235,0" EntityGUID="{2011F0BB-48C8-47AE-A063-4128B3EC1A26}" EntityGUID_64="47AE48C82011F0BB">
   <Inputs entityId="0" Brightness="0" DiffuseColor1="0,0,0" DiffuseColor2="0,0,0" LightStyle1="0" LightStyle2="0" Off="0" On="0" ResetBrightness="0"/>
  </Node>
  <Node Id="116" Class="entity:ArkLight" pos="-296,255,0" EntityGUID="{C54748F8-F107-4A87-9DE6-E3516C1DF1C5}" EntityGUID_64="4A87F107C54748F8">
   <Inputs entityId="0" Brightness="0" DiffuseColor1="0,0,0" DiffuseColor2="0,0,0" LightStyle1="0" LightStyle2="0" Off="0" On="0" ResetBrightness="0"/>
  </Node>
  <Node Id="120" Class="entity:ArkLight" pos="-296,275,0" EntityGUID="{E976C1E4-F011-4E4E-A00C-3206ABD9F941}" EntityGUID_64="4E4EF011E976C1E4">
   <Inputs entityId="0" Brightness="0" DiffuseColor1="0,0,0" DiffuseColor2="0,0,0" LightStyle1="0" LightStyle2="0" Off="0" On="0" ResetBrightness="0"/>
  </Node>
  <Node Id="126" Class="entity:ArkLight" pos="-296,295,0" EntityGUID="{28F06719-2BC8-42A2-9687-B90DAABB730D}" EntityGUID_64="42A22BC828F06719">
   <Inputs entityId="0" Brightness="0" DiffuseColor1="0,0,0" DiffuseColor2="0,0,0" LightStyle1="0" LightStyle2="0" Off="0" On="0" ResetBrightness="0"/>
  </Node>
  <Node Id="128" Class="entity:ArkLight" pos="-296,315,0" EntityGUID="{B7EF8938-3D4E-4D68-95FF-BE10C4CAC508}" EntityGUID_64="4D683D4EB7EF8938">
   <Inputs entityId="0" Brightness="0" DiffuseColor1="0,0,0" DiffuseColor2="0,0,0" LightStyle1="0" LightStyle2="0" Off="0" On="0" ResetBrightness="0"/>
  </Node>
  <Node Id="132" Class="entity:ArkLight" pos="-296,335,0" EntityGUID="{47748164-BA80-489B-8570-82ADA9343796}" EntityGUID_64="489BBA8047748164">
   <Inputs entityId="0" Brightness="0" DiffuseColor1="0,0,0" DiffuseColor2="0,0,0" LightStyle1="0" LightStyle2="0" Off="0" On="0" ResetBrightness="0"/>
  </Node>
  <Node Id="134" Class="entity:ArkLight" pos="-296,355,0" EntityGUID="{CDFEB637-8678-460A-9D6A-D22D957F0E1E}" EntityGUID_64="460A8678CDFEB637">
   <Inputs entityId="0" Brightness="0" DiffuseColor1="0,0,0" DiffuseColor2="0,0,0" LightStyle1="0" LightStyle2="0" Off="0" On="0" ResetBrightness="0"/>
  </Node>
 </Nodes>
 <Edges />
 <GraphTokens />
</Graph>
