<Graph isModule="1" moduleName="Water_Lights_ON_1" isObjectList="1" objectListClass="ArkLight" Description="" Group="" enabled="1" MultiPlayer="ClientServer">
 <Nodes>
  <Node Id="2" Class="entity:ArkLight" pos="-222,-15,0" EntityGUID="{59B634E7-E7C9-4717-B751-3D1D806D456E}" EntityGUID_64="4717E7C959B634E7">
   <Inputs entityId="0" Brightness="0" DiffuseColor1="0,0,0" DiffuseColor2="0,0,0" LightStyle1="0" LightStyle2="0" Off="0" On="0" ResetBrightness="0"/>
  </Node>
  <Node Id="8" Class="entity:ArkLight" pos="-222,5,0" EntityGUID="{0040CB5C-65B0-4380-BB4D-23FB9CD5CAC6}" EntityGUID_64="438065B00040CB5C">
   <Inputs entityId="0" Brightness="0" DiffuseColor1="0,0,0" DiffuseColor2="0,0,0" LightStyle1="0" LightStyle2="0" Off="0" On="0" ResetBrightness="0"/>
  </Node>
  <Node Id="10" Class="entity:ArkLight" pos="-222,25,0" EntityGUID="{17E65277-B34A-4A5D-AD2A-958F0A7760CB}" EntityGUID_64="4A5DB34A17E65277">
   <Inputs entityId="0" Brightness="0" DiffuseColor1="0,0,0" DiffuseColor2="0,0,0" LightStyle1="0" LightStyle2="0" Off="0" On="0" ResetBrightness="0"/>
  </Node>
  <Node Id="12" Class="entity:ArkLight" pos="-222,45,0" EntityGUID="{A000DB1D-0BDB-4AC1-A4EF-F5684D642989}" EntityGUID_64="4AC10BDBA000DB1D">
   <Inputs entityId="0" Brightness="0" DiffuseColor1="0,0,0" DiffuseColor2="0,0,0" LightStyle1="0" LightStyle2="0" Off="0" On="0" ResetBrightness="0"/>
  </Node>
  <Node Id="14" Class="entity:ArkLight" pos="-222,65,0" EntityGUID="{59ADCC15-944C-4BA2-A165-55CED1AF395A}" EntityGUID_64="4BA2944C59ADCC15">
   <Inputs entityId="0" Brightness="0" DiffuseColor1="0,0,0" DiffuseColor2="0,0,0" LightStyle1="0" LightStyle2="0" Off="0" On="0" ResetBrightness="0"/>
  </Node>
  <Node Id="18" Class="entity:ArkLight" pos="-222,85,0" EntityGUID="{E38B4466-CA9A-4E92-97D0-B89ADEE025BE}" EntityGUID_64="4E92CA9AE38B4466">
   <Inputs entityId="0" Brightness="0" DiffuseColor1="0,0,0" DiffuseColor2="0,0,0" LightStyle1="0" LightStyle2="0" Off="0" On="0" ResetBrightness="0"/>
  </Node>
  <Node Id="62" Class="entity:ArkLight" pos="-222,105,0" EntityGUID="{9E0EEBE7-52B8-4D33-B250-BA1D8033E856}" EntityGUID_64="4D3352B89E0EEBE7">
   <Inputs entityId="0" Brightness="0" DiffuseColor1="0,0,0" DiffuseColor2="0,0,0" LightStyle1="0" LightStyle2="0" Off="0" On="0" ResetBrightness="0"/>
  </Node>
  <Node Id="64" Class="entity:ArkLight" pos="-222,125,0" EntityGUID="{3D12AC2F-1781-4150-AC33-8E6C4FB2483C}" EntityGUID_64="415017813D12AC2F">
   <Inputs entityId="0" Brightness="0" DiffuseColor1="0,0,0" DiffuseColor2="0,0,0" LightStyle1="0" LightStyle2="0" Off="0" On="0" ResetBrightness="0"/>
  </Node>
  <Node Id="66" Class="entity:ArkLight" pos="-222,145,0" EntityGUID="{F202BCEC-9428-4C3D-A091-B7F5ED7AAFC6}" EntityGUID_64="4C3D9428F202BCEC">
   <Inputs entityId="0" Brightness="0" DiffuseColor1="0,0,0" DiffuseColor2="0,0,0" LightStyle1="0" LightStyle2="0" Off="0" On="0" ResetBrightness="0"/>
  </Node>
  <Node Id="68" Class="entity:ArkLight" pos="-222,165,0" EntityGUID="{107496F8-9F8B-4D48-A8BF-487F4397FFF7}" EntityGUID_64="4D489F8B107496F8">
   <Inputs entityId="0" Brightness="0" DiffuseColor1="0,0,0" DiffuseColor2="0,0,0" LightStyle1="0" LightStyle2="0" Off="0" On="0" ResetBrightness="0"/>
  </Node>
  <Node Id="74" Class="entity:ArkLight" pos="-222,185,0" EntityGUID="{0F4D7597-8648-40C0-857C-B0B81F2B18BD}" EntityGUID_64="40C086480F4D7597">
   <Inputs entityId="0" Brightness="0" DiffuseColor1="0,0,0" DiffuseColor2="0,0,0" LightStyle1="0" LightStyle2="0" Off="0" On="0" ResetBrightness="0"/>
  </Node>
  <Node Id="76" Class="entity:ArkLight" pos="-222,205,0" EntityGUID="{103005B2-D250-4105-B68A-95A3A3A41D76}" EntityGUID_64="4105D250103005B2">
   <Inputs entityId="0" Brightness="0" DiffuseColor1="0,0,0" DiffuseColor2="0,0,0" LightStyle1="0" LightStyle2="0" Off="0" On="0" ResetBrightness="0"/>
  </Node>
  <Node Id="78" Class="entity:ArkLight" pos="-222,225,0" EntityGUID="{784A14EE-A359-4660-8231-90FD99B39710}" EntityGUID_64="4660A359784A14EE">
   <Inputs entityId="0" Brightness="0" DiffuseColor1="0,0,0" DiffuseColor2="0,0,0" LightStyle1="0" LightStyle2="0" Off="0" On="0" ResetBrightness="0"/>
  </Node>
  <Node Id="80" Class="entity:ArkLight" pos="-222,245,0" EntityGUID="{0CE7EEBD-EC95-4456-83CA-BFB0BD369169}" EntityGUID_64="4456EC950CE7EEBD">
   <Inputs entityId="0" Brightness="0" DiffuseColor1="0,0,0" DiffuseColor2="0,0,0" LightStyle1="0" LightStyle2="0" Off="0" On="0" ResetBrightness="0"/>
  </Node>
  <Node Id="86" Class="entity:ArkLight" pos="-222,265,0" EntityGUID="{77B68F5B-84FE-4204-BF66-FD746252C063}" EntityGUID_64="420484FE77B68F5B">
   <Inputs entityId="0" Brightness="0" DiffuseColor1="0,0,0" DiffuseColor2="0,0,0" LightStyle1="0" LightStyle2="0" Off="0" On="0" ResetBrightness="0"/>
  </Node>
  <Node Id="90" Class="entity:ArkLight" pos="-222,285,0" EntityGUID="{5D5EA7FE-1E23-463C-8E64-E736C301DDB1}" EntityGUID_64="463C1E235D5EA7FE">
   <Inputs entityId="0" Brightness="0" DiffuseColor1="0,0,0" DiffuseColor2="0,0,0" LightStyle1="0" LightStyle2="0" Off="0" On="0" ResetBrightness="0"/>
  </Node>
  <Node Id="92" Class="entity:ArkLight" pos="-222,305,0" EntityGUID="{06CF8B38-57C8-4C39-9550-9B1E8BEC9BA6}" EntityGUID_64="4C3957C806CF8B38">
   <Inputs entityId="0" Brightness="0" DiffuseColor1="0,0,0" DiffuseColor2="0,0,0" LightStyle1="0" LightStyle2="0" Off="0" On="0" ResetBrightness="0"/>
  </Node>
  <Node Id="96" Class="entity:ArkLight" pos="-222,325,0" EntityGUID="{31D69A34-0F2E-4AF8-B2EB-547A10CF3362}" EntityGUID_64="4AF80F2E31D69A34">
   <Inputs entityId="0" Brightness="0" DiffuseColor1="0,0,0" DiffuseColor2="0,0,0" LightStyle1="0" LightStyle2="0" Off="0" On="0" ResetBrightness="0"/>
  </Node>
  <Node Id="98" Class="entity:ArkLight" pos="-222,345,0" EntityGUID="{FB8AD39A-9C24-44E2-B342-FE39857CABCB}" EntityGUID_64="44E29C24FB8AD39A">
   <Inputs entityId="0" Brightness="0" DiffuseColor1="0,0,0" DiffuseColor2="0,0,0" LightStyle1="0" LightStyle2="0" Off="0" On="0" ResetBrightness="0"/>
  </Node>
  <Node Id="100" Class="entity:ArkLight" pos="-222,365,0" EntityGUID="{153754FC-874D-4B51-A042-01D5CBCC7F5A}" EntityGUID_64="4B51874D153754FC">
   <Inputs entityId="0" Brightness="0" DiffuseColor1="0,0,0" DiffuseColor2="0,0,0" LightStyle1="0" LightStyle2="0" Off="0" On="0" ResetBrightness="0"/>
  </Node>
  <Node Id="102" Class="entity:ArkLight" pos="-222,385,0" EntityGUID="{1949146C-18E5-4F6E-98CE-33170DF6E5C8}" EntityGUID_64="4F6E18E51949146C">
   <Inputs entityId="0" Brightness="0" DiffuseColor1="0,0,0" DiffuseColor2="0,0,0" LightStyle1="0" LightStyle2="0" Off="0" On="0" ResetBrightness="0"/>
  </Node>
  <Node Id="104" Class="entity:ArkLight" pos="-222,405,0" EntityGUID="{CEC63898-7A3B-4AF7-8960-C1883A08CC01}" EntityGUID_64="4AF77A3BCEC63898">
   <Inputs entityId="0" Brightness="0" DiffuseColor1="0,0,0" DiffuseColor2="0,0,0" LightStyle1="0" LightStyle2="0" Off="0" On="0" ResetBrightness="0"/>
  </Node>
  <Node Id="108" Class="entity:ArkLight" pos="-222,425,0" EntityGUID="{1D1536EF-C44C-442D-AD51-D1C39548A522}" EntityGUID_64="442DC44C1D1536EF">
   <Inputs entityId="0" Brightness="0" DiffuseColor1="0,0,0" DiffuseColor2="0,0,0" LightStyle1="0" LightStyle2="0" Off="0" On="0" ResetBrightness="0"/>
  </Node>
  <Node Id="110" Class="entity:ArkLight" pos="-222,445,0" EntityGUID="{A40D0DFC-5A68-4E3D-A259-77D1F71BA389}" EntityGUID_64="4E3D5A68A40D0DFC">
   <Inputs entityId="0" Brightness="0" DiffuseColor1="0,0,0" DiffuseColor2="0,0,0" LightStyle1="0" LightStyle2="0" Off="0" On="0" ResetBrightness="0"/>
  </Node>
  <Node Id="112" Class="entity:ArkLight" pos="-222,465,0" EntityGUID="{B4609E1A-72FF-4671-8767-829E3A2AEE2E}" EntityGUID_64="467172FFB4609E1A">
   <Inputs entityId="0" Brightness="0" DiffuseColor1="0,0,0" DiffuseColor2="0,0,0" LightStyle1="0" LightStyle2="0" Off="0" On="0" ResetBrightness="0"/>
  </Node>
  <Node Id="124" Class="entity:ArkLight" pos="-222,485,0" EntityGUID="{10216A40-3B08-4322-ABAB-9F748709CCFF}" EntityGUID_64="43223B0810216A40">
   <Inputs entityId="0" Brightness="0" DiffuseColor1="0,0,0" DiffuseColor2="0,0,0" LightStyle1="0" LightStyle2="0" Off="0" On="0" ResetBrightness="0"/>
  </Node>
  <Node Id="126" Class="entity:ArkLight" pos="-222,505,0" EntityGUID="{85823880-79A6-49FC-82AB-ED62A096E46A}" EntityGUID_64="49FC79A685823880">
   <Inputs entityId="0" Brightness="0" DiffuseColor1="0,0,0" DiffuseColor2="0,0,0" LightStyle1="0" LightStyle2="0" Off="0" On="0" ResetBrightness="0"/>
  </Node>
  <Node Id="128" Class="entity:ArkLight" pos="-222,525,0" EntityGUID="{EC5F3FE3-822C-4924-86A5-9772563094BA}" EntityGUID_64="4924822CEC5F3FE3">
   <Inputs entityId="0" Brightness="0" DiffuseColor1="0,0,0" DiffuseColor2="0,0,0" LightStyle1="0" LightStyle2="0" Off="0" On="0" ResetBrightness="0"/>
  </Node>
  <Node Id="130" Class="entity:ArkLight" pos="-222,545,0" EntityGUID="{9D0DF408-533A-4118-BB99-CA7500ECF776}" EntityGUID_64="4118533A9D0DF408">
   <Inputs entityId="0" Brightness="0" DiffuseColor1="0,0,0" DiffuseColor2="0,0,0" LightStyle1="0" LightStyle2="0" Off="0" On="0" ResetBrightness="0"/>
  </Node>
  <Node Id="132" Class="entity:ArkLight" pos="-222,565,0" EntityGUID="{1F8D98EE-7AED-406C-A11F-763C19D45143}" EntityGUID_64="406C7AED1F8D98EE">
   <Inputs entityId="0" Brightness="0" DiffuseColor1="0,0,0" DiffuseColor2="0,0,0" LightStyle1="0" LightStyle2="0" Off="0" On="0" ResetBrightness="0"/>
  </Node>
  <Node Id="134" Class="entity:ArkLight" pos="-222,585,0" EntityGUID="{49FE7365-5F09-44AB-85B4-55024AC9960A}" EntityGUID_64="44AB5F0949FE7365">
   <Inputs entityId="0" Brightness="0" DiffuseColor1="0,0,0" DiffuseColor2="0,0,0" LightStyle1="0" LightStyle2="0" Off="0" On="0" ResetBrightness="0"/>
  </Node>
  <Node Id="136" Class="entity:ArkLight" pos="-222,605,0" EntityGUID="{8C146D7F-D418-462E-A1E2-CE6B798AED23}" EntityGUID_64="462ED4188C146D7F">
   <Inputs entityId="0" Brightness="0" DiffuseColor1="0,0,0" DiffuseColor2="0,0,0" LightStyle1="0" LightStyle2="0" Off="0" On="0" ResetBrightness="0"/>
  </Node>
  <Node Id="138" Class="entity:ArkLight" pos="-222,625,0" EntityGUID="{9E3D038E-8E9A-48F0-979F-5DF4B96734AB}" EntityGUID_64="48F08E9A9E3D038E">
   <Inputs entityId="0" Brightness="0" DiffuseColor1="0,0,0" DiffuseColor2="0,0,0" LightStyle1="0" LightStyle2="0" Off="0" On="0" ResetBrightness="0"/>
  </Node>
  <Node Id="140" Class="entity:ArkLight" pos="-222,645,0" EntityGUID="{AF8E2B3C-206B-4ACE-A631-993D03F5E040}" EntityGUID_64="4ACE206BAF8E2B3C">
   <Inputs entityId="0" Brightness="0" DiffuseColor1="0,0,0" DiffuseColor2="0,0,0" LightStyle1="0" LightStyle2="0" Off="0" On="0" ResetBrightness="0"/>
  </Node>
  <Node Id="142" Class="entity:ArkLight" pos="-222,665,0" EntityGUID="{39EFD20E-3C5A-4F4F-8592-2FF8AECF5805}" EntityGUID_64="4F4F3C5A39EFD20E">
   <Inputs entityId="0" Brightness="0" DiffuseColor1="0,0,0" DiffuseColor2="0,0,0" LightStyle1="0" LightStyle2="0" Off="0" On="0" ResetBrightness="0"/>
  </Node>
  <Node Id="144" Class="entity:ArkLight" pos="-222,685,0" EntityGUID="{B96D883E-BD29-4D91-AE66-9A6A7A2B7500}" EntityGUID_64="4D91BD29B96D883E">
   <Inputs entityId="0" Brightness="0" DiffuseColor1="0,0,0" DiffuseColor2="0,0,0" LightStyle1="0" LightStyle2="0" Off="0" On="0" ResetBrightness="0"/>
  </Node>
  <Node Id="150" Class="entity:ArkLight" pos="-222,705,0" EntityGUID="{0BECE1D5-A6F3-43A4-A6E8-185443D445CB}" EntityGUID_64="43A4A6F30BECE1D5">
   <Inputs entityId="0" Brightness="0" DiffuseColor1="0,0,0" DiffuseColor2="0,0,0" LightStyle1="0" LightStyle2="0" Off="0" On="0" ResetBrightness="0"/>
  </Node>
  <Node Id="152" Class="entity:ArkLight" pos="-222,725,0" EntityGUID="{D75EEC01-13F7-4C4F-9C52-1F6C2AD9D0BE}" EntityGUID_64="4C4F13F7D75EEC01">
   <Inputs entityId="0" Brightness="0" DiffuseColor1="0,0,0" DiffuseColor2="0,0,0" LightStyle1="0" LightStyle2="0" Off="0" On="0" ResetBrightness="0"/>
  </Node>
  <Node Id="156" Class="entity:ArkLight" pos="-222,745,0" EntityGUID="{C6189CAC-1720-43CE-8341-FC6D64891343}" EntityGUID_64="43CE1720C6189CAC">
   <Inputs entityId="0" Brightness="0" DiffuseColor1="0,0,0" DiffuseColor2="0,0,0" LightStyle1="0" LightStyle2="0" Off="0" On="0" ResetBrightness="0"/>
  </Node>
  <Node Id="168" Class="entity:ArkLight" pos="-222,765,0" EntityGUID="{AAC94B47-84C8-48D0-8B98-67CA725A2D67}" EntityGUID_64="48D084C8AAC94B47">
   <Inputs entityId="0" Brightness="0" DiffuseColor1="0,0,0" DiffuseColor2="0,0,0" LightStyle1="0" LightStyle2="0" Off="0" On="0" ResetBrightness="0"/>
  </Node>
  <Node Id="174" Class="entity:ArkLight" pos="-222,785,0" EntityGUID="{35FC6D86-63D4-490C-9B69-3C678C802834}" EntityGUID_64="490C63D435FC6D86">
   <Inputs entityId="0" Brightness="0" DiffuseColor1="0,0,0" DiffuseColor2="0,0,0" LightStyle1="0" LightStyle2="0" Off="0" On="0" ResetBrightness="0"/>
  </Node>
 </Nodes>
 <Edges />
 <GraphTokens />
</Graph>
