<Graph isModule="1" moduleName="Water_Lights_OFF_3" isObjectList="1" objectListClass="ArkLight" Description="" Group="" enabled="1" MultiPlayer="ClientServer">
 <Nodes>
  <Node Id="10" Class="entity:ArkLight" pos="-307,-125,0" EntityGUID="{2DBDE375-94C5-4511-B0AB-F471E843D951}" EntityGUID_64="451194C52DBDE375">
   <Inputs entityId="0" Brightness="0" DiffuseColor1="0,0,0" DiffuseColor2="0,0,0" LightStyle1="0" LightStyle2="0" Off="0" On="0" ResetBrightness="0"/>
  </Node>
  <Node Id="12" Class="entity:ArkLight" pos="-307,-105,0" EntityGUID="{D070E699-091D-4524-8629-FACBBE7E9FC5}" EntityGUID_64="4524091DD070E699">
   <Inputs entityId="0" Brightness="0" DiffuseColor1="0,0,0" DiffuseColor2="0,0,0" LightStyle1="0" LightStyle2="0" Off="0" On="0" ResetBrightness="0"/>
  </Node>
  <Node Id="18" Class="entity:ArkLight" pos="-307,-85,0" EntityGUID="{2C5CF416-2AE5-4047-BF47-A7445749DC4C}" EntityGUID_64="40472AE52C5CF416">
   <Inputs entityId="0" Brightness="0" DiffuseColor1="0,0,0" DiffuseColor2="0,0,0" LightStyle1="0" LightStyle2="0" Off="0" On="0" ResetBrightness="0"/>
  </Node>
  <Node Id="20" Class="entity:ArkLight" pos="-307,-65,0" EntityGUID="{99C67F16-4F22-4385-8976-E8CE2C5CC805}" EntityGUID_64="43854F2299C67F16">
   <Inputs entityId="0" Brightness="0" DiffuseColor1="0,0,0" DiffuseColor2="0,0,0" LightStyle1="0" LightStyle2="0" Off="0" On="0" ResetBrightness="0"/>
  </Node>
  <Node Id="26" Class="entity:ArkLight" pos="-307,-45,0" EntityGUID="{C4D54B23-60E1-41B6-8E3E-3CF26323FD86}" EntityGUID_64="41B660E1C4D54B23">
   <Inputs entityId="0" Brightness="0" DiffuseColor1="0,0,0" DiffuseColor2="0,0,0" LightStyle1="0" LightStyle2="0" Off="0" On="0" ResetBrightness="0"/>
  </Node>
  <Node Id="32" Class="entity:ArkLight" pos="-307,-25,0" EntityGUID="{FDB7044D-36F4-4847-BA15-639B57E1707A}" EntityGUID_64="484736F4FDB7044D">
   <Inputs entityId="0" Brightness="0" DiffuseColor1="0,0,0" DiffuseColor2="0,0,0" LightStyle1="0" LightStyle2="0" Off="0" On="0" ResetBrightness="0"/>
  </Node>
  <Node Id="36" Class="entity:ArkLight" pos="-307,-5,0" EntityGUID="{4B02647F-63CA-4184-A980-2B651BF8C07C}" EntityGUID_64="418463CA4B02647F">
   <Inputs entityId="0" Brightness="0" DiffuseColor1="0,0,0" DiffuseColor2="0,0,0" LightStyle1="0" LightStyle2="0" Off="0" On="0" ResetBrightness="0"/>
  </Node>
  <Node Id="52" Class="entity:ArkLight" pos="-307,15,0" EntityGUID="{D7D23D18-FC7B-4BFD-9754-1D5CCD3C6E25}" EntityGUID_64="4BFDFC7BD7D23D18">
   <Inputs entityId="0" Brightness="0" DiffuseColor1="0,0,0" DiffuseColor2="0,0,0" LightStyle1="0" LightStyle2="0" Off="0" On="0" ResetBrightness="0"/>
  </Node>
  <Node Id="54" Class="entity:ArkLight" pos="-307,35,0" EntityGUID="{FE88DC89-AD22-4116-BB92-9696DCFC36E7}" EntityGUID_64="4116AD22FE88DC89">
   <Inputs entityId="0" Brightness="0" DiffuseColor1="0,0,0" DiffuseColor2="0,0,0" LightStyle1="0" LightStyle2="0" Off="0" On="0" ResetBrightness="0"/>
  </Node>
  <Node Id="62" Class="entity:ArkLight" pos="-307,55,0" EntityGUID="{36B49395-4363-4B63-8557-922CDE814825}" EntityGUID_64="4B63436336B49395">
   <Inputs entityId="0" Brightness="0" DiffuseColor1="0,0,0" DiffuseColor2="0,0,0" LightStyle1="0" LightStyle2="0" Off="0" On="0" ResetBrightness="0"/>
  </Node>
  <Node Id="66" Class="entity:ArkLight" pos="-307,75,0" EntityGUID="{9B306E4D-C5D4-4B72-9B2C-35ABF19A7528}" EntityGUID_64="4B72C5D49B306E4D">
   <Inputs entityId="0" Brightness="0" DiffuseColor1="0,0,0" DiffuseColor2="0,0,0" LightStyle1="0" LightStyle2="0" Off="0" On="0" ResetBrightness="0"/>
  </Node>
  <Node Id="70" Class="entity:ArkLight" pos="-307,95,0" EntityGUID="{013B9A64-615B-411B-8C44-26C853D2C41C}" EntityGUID_64="411B615B013B9A64">
   <Inputs entityId="0" Brightness="0" DiffuseColor1="0,0,0" DiffuseColor2="0,0,0" LightStyle1="0" LightStyle2="0" Off="0" On="0" ResetBrightness="0"/>
  </Node>
  <Node Id="72" Class="entity:ArkLight" pos="-307,115,0" EntityGUID="{8512655D-6204-4BF0-9E78-1396E509B959}" EntityGUID_64="4BF062048512655D">
   <Inputs entityId="0" Brightness="0" DiffuseColor1="0,0,0" DiffuseColor2="0,0,0" LightStyle1="0" LightStyle2="0" Off="0" On="0" ResetBrightness="0"/>
  </Node>
  <Node Id="84" Class="entity:ArkLight" pos="-307,135,0" EntityGUID="{DB0C6F11-4F6B-47AC-A0A0-11F6693B1C24}" EntityGUID_64="47AC4F6BDB0C6F11">
   <Inputs entityId="0" Brightness="0" DiffuseColor1="0,0,0" DiffuseColor2="0,0,0" LightStyle1="0" LightStyle2="0" Off="0" On="0" ResetBrightness="0"/>
  </Node>
  <Node Id="92" Class="entity:ArkLight" pos="-307,155,0" EntityGUID="{F18ECB21-A439-4DB6-AD22-1DF772BB8AC0}" EntityGUID_64="4DB6A439F18ECB21">
   <Inputs entityId="0" Brightness="0" DiffuseColor1="0,0,0" DiffuseColor2="0,0,0" LightStyle1="0" LightStyle2="0" Off="0" On="0" ResetBrightness="0"/>
  </Node>
  <Node Id="100" Class="entity:ArkLight" pos="-307,175,0" EntityGUID="{439421A1-D696-4AD1-A9C4-0DD8C6CCCE96}" EntityGUID_64="4AD1D696439421A1">
   <Inputs entityId="0" Brightness="0" DiffuseColor1="0,0,0" DiffuseColor2="0,0,0" LightStyle1="0" LightStyle2="0" Off="0" On="0" ResetBrightness="0"/>
  </Node>
  <Node Id="104" Class="entity:ArkLight" pos="-307,195,0" EntityGUID="{D559DCF3-FAC4-4E67-9467-59A82A522BC7}" EntityGUID_64="4E67FAC4D559DCF3">
   <Inputs entityId="0" Brightness="0" DiffuseColor1="0,0,0" DiffuseColor2="0,0,0" LightStyle1="0" LightStyle2="0" Off="0" On="0" ResetBrightness="0"/>
  </Node>
  <Node Id="110" Class="entity:ArkLight" pos="-307,215,0" EntityGUID="{D2B08680-E9FA-455A-9361-44BBCFFD3125}" EntityGUID_64="455AE9FAD2B08680">
   <Inputs entityId="0" Brightness="0" DiffuseColor1="0,0,0" DiffuseColor2="0,0,0" LightStyle1="0" LightStyle2="0" Off="0" On="0" ResetBrightness="0"/>
  </Node>
  <Node Id="112" Class="entity:ArkLight" pos="-307,235,0" EntityGUID="{AB8E20D5-5FC6-462F-B3FC-6E9B116C90F1}" EntityGUID_64="462F5FC6AB8E20D5">
   <Inputs entityId="0" Brightness="0" DiffuseColor1="0,0,0" DiffuseColor2="0,0,0" LightStyle1="0" LightStyle2="0" Off="0" On="0" ResetBrightness="0"/>
  </Node>
  <Node Id="114" Class="entity:ArkLight" pos="-307,255,0" EntityGUID="{99B6FCF7-CD26-48C6-B24F-6182505CB430}" EntityGUID_64="48C6CD2699B6FCF7">
   <Inputs entityId="0" Brightness="0" DiffuseColor1="0,0,0" DiffuseColor2="0,0,0" LightStyle1="0" LightStyle2="0" Off="0" On="0" ResetBrightness="0"/>
  </Node>
  <Node Id="122" Class="entity:ArkLight" pos="-307,275,0" EntityGUID="{1FB48632-55C4-48DC-8AD3-EA8CE951BF74}" EntityGUID_64="48DC55C41FB48632">
   <Inputs entityId="0" Brightness="0" DiffuseColor1="0,0,0" DiffuseColor2="0,0,0" LightStyle1="0" LightStyle2="0" Off="0" On="0" ResetBrightness="0"/>
  </Node>
  <Node Id="124" Class="entity:ArkLight" pos="-307,295,0" EntityGUID="{C5DF519E-19BF-4938-9788-8BFCE0688FEB}" EntityGUID_64="493819BFC5DF519E">
   <Inputs entityId="0" Brightness="0" DiffuseColor1="0,0,0" DiffuseColor2="0,0,0" LightStyle1="0" LightStyle2="0" Off="0" On="0" ResetBrightness="0"/>
  </Node>
 </Nodes>
 <Edges />
 <GraphTokens />
</Graph>
