<Graph isModule="1" moduleName="Water_Lights_ON_3" isObjectList="1" objectListClass="ArkLight" Description="" Group="" enabled="1" MultiPlayer="ClientServer">
 <Nodes>
  <Node Id="16" Class="entity:ArkLight" pos="-205,-56,0" EntityGUID="{8006839E-9D8E-44F5-8AF8-2A8F580F19B8}" EntityGUID_64="44F59D8E8006839E">
   <Inputs entityId="0" Brightness="0" DiffuseColor1="0,0,0" DiffuseColor2="0,0,0" LightStyle1="0" LightStyle2="0" Off="0" On="0" ResetBrightness="0"/>
  </Node>
  <Node Id="24" Class="entity:ArkLight" pos="-205,-36,0" EntityGUID="{F125782C-DF5C-4353-8DA9-941E78F3981A}" EntityGUID_64="4353DF5CF125782C">
   <Inputs entityId="0" Brightness="0" DiffuseColor1="0,0,0" DiffuseColor2="0,0,0" LightStyle1="0" LightStyle2="0" Off="0" On="0" ResetBrightness="0"/>
  </Node>
  <Node Id="26" Class="entity:ArkLight" pos="-205,-16,0" EntityGUID="{7AB95ED9-852B-4F49-A574-2B4223625949}" EntityGUID_64="4F49852B7AB95ED9">
   <Inputs entityId="0" Brightness="0" DiffuseColor1="0,0,0" DiffuseColor2="0,0,0" LightStyle1="0" LightStyle2="0" Off="0" On="0" ResetBrightness="0"/>
  </Node>
  <Node Id="28" Class="entity:ArkLight" pos="-205,4,0" EntityGUID="{33DFAC7C-C2E5-4F67-B36B-A1E734782448}" EntityGUID_64="4F67C2E533DFAC7C">
   <Inputs entityId="0" Brightness="0" DiffuseColor1="0,0,0" DiffuseColor2="0,0,0" LightStyle1="0" LightStyle2="0" Off="0" On="0" ResetBrightness="0"/>
  </Node>
  <Node Id="38" Class="entity:ArkLight" pos="-205,24,0" EntityGUID="{C9755C39-30B8-410D-8072-FC1B8419C37F}" EntityGUID_64="410D30B8C9755C39">
   <Inputs entityId="0" Brightness="0" DiffuseColor1="0,0,0" DiffuseColor2="0,0,0" LightStyle1="0" LightStyle2="0" Off="0" On="0" ResetBrightness="0"/>
  </Node>
  <Node Id="46" Class="entity:ArkLight" pos="-205,44,0" EntityGUID="{FFD7F062-54A6-4B48-B248-35E01A9051A4}" EntityGUID_64="4B4854A6FFD7F062">
   <Inputs entityId="0" Brightness="0" DiffuseColor1="0,0,0" DiffuseColor2="0,0,0" LightStyle1="0" LightStyle2="0" Off="0" On="0" ResetBrightness="0"/>
  </Node>
  <Node Id="48" Class="entity:ArkLight" pos="-205,64,0" EntityGUID="{A4248D6C-C5B3-4B82-81AD-B7F9FB4A0E56}" EntityGUID_64="4B82C5B3A4248D6C">
   <Inputs entityId="0" Brightness="0" DiffuseColor1="0,0,0" DiffuseColor2="0,0,0" LightStyle1="0" LightStyle2="0" Off="0" On="0" ResetBrightness="0"/>
  </Node>
  <Node Id="50" Class="entity:ArkLight" pos="-205,84,0" EntityGUID="{9009C42B-C6C3-4253-B2C7-2A6D8872EA31}" EntityGUID_64="4253C6C39009C42B">
   <Inputs entityId="0" Brightness="0" DiffuseColor1="0,0,0" DiffuseColor2="0,0,0" LightStyle1="0" LightStyle2="0" Off="0" On="0" ResetBrightness="0"/>
  </Node>
  <Node Id="54" Class="entity:ArkLight" pos="-205,104,0" EntityGUID="{BF76F183-0EE3-4E01-A94B-5FC9DFC469ED}" EntityGUID_64="4E010EE3BF76F183">
   <Inputs entityId="0" Brightness="0" DiffuseColor1="0,0,0" DiffuseColor2="0,0,0" LightStyle1="0" LightStyle2="0" Off="0" On="0" ResetBrightness="0"/>
  </Node>
  <Node Id="60" Class="entity:ArkLight" pos="-205,124,0" EntityGUID="{871944BF-4D7A-45DF-9A10-3E9D1E703A24}" EntityGUID_64="45DF4D7A871944BF">
   <Inputs entityId="0" Brightness="0" DiffuseColor1="0,0,0" DiffuseColor2="0,0,0" LightStyle1="0" LightStyle2="0" Off="0" On="0" ResetBrightness="0"/>
  </Node>
  <Node Id="70" Class="entity:ArkLight" pos="-205,144,0" EntityGUID="{B07CAB3B-8023-44CB-A130-EF3038484C5C}" EntityGUID_64="44CB8023B07CAB3B">
   <Inputs entityId="0" Brightness="0" DiffuseColor1="0,0,0" DiffuseColor2="0,0,0" LightStyle1="0" LightStyle2="0" Off="0" On="0" ResetBrightness="0"/>
  </Node>
  <Node Id="82" Class="entity:ArkLight" pos="-205,164,0" EntityGUID="{C65DCC14-8217-410B-8DD5-138E93097FFE}" EntityGUID_64="410B8217C65DCC14">
   <Inputs entityId="0" Brightness="0" DiffuseColor1="0,0,0" DiffuseColor2="0,0,0" LightStyle1="0" LightStyle2="0" Off="0" On="0" ResetBrightness="0"/>
  </Node>
  <Node Id="88" Class="entity:ArkLight" pos="-205,184,0" EntityGUID="{A8F51844-1F34-4AE9-943A-D0B75BE22300}" EntityGUID_64="4AE91F34A8F51844">
   <Inputs entityId="0" Brightness="0" DiffuseColor1="0,0,0" DiffuseColor2="0,0,0" LightStyle1="0" LightStyle2="0" Off="0" On="0" ResetBrightness="0"/>
  </Node>
  <Node Id="120" Class="entity:ArkLight" pos="-205,204,0" EntityGUID="{4EDD1927-D44B-450D-B4D5-48B74A93B2F4}" EntityGUID_64="450DD44B4EDD1927">
   <Inputs entityId="0" Brightness="0" DiffuseColor1="0,0,0" DiffuseColor2="0,0,0" LightStyle1="0" LightStyle2="0" Off="0" On="0" ResetBrightness="0"/>
  </Node>
  <Node Id="122" Class="entity:ArkLight" pos="-205,224,0" EntityGUID="{7D9C2F35-B7FE-43B1-AB12-DA38B55C915E}" EntityGUID_64="43B1B7FE7D9C2F35">
   <Inputs entityId="0" Brightness="0" DiffuseColor1="0,0,0" DiffuseColor2="0,0,0" LightStyle1="0" LightStyle2="0" Off="0" On="0" ResetBrightness="0"/>
  </Node>
  <Node Id="154" Class="entity:ArkLight" pos="-205,244,0" EntityGUID="{B176111B-4C85-4434-8A98-46E186C58A97}" EntityGUID_64="44344C85B176111B">
   <Inputs entityId="0" Brightness="0" DiffuseColor1="0,0,0" DiffuseColor2="0,0,0" LightStyle1="0" LightStyle2="0" Off="0" On="0" ResetBrightness="0"/>
  </Node>
  <Node Id="158" Class="entity:ArkLight" pos="-205,264,0" EntityGUID="{08349939-9E16-45BF-9E21-57559919B4C9}" EntityGUID_64="45BF9E1608349939">
   <Inputs entityId="0" Brightness="0" DiffuseColor1="0,0,0" DiffuseColor2="0,0,0" LightStyle1="0" LightStyle2="0" Off="0" On="0" ResetBrightness="0"/>
  </Node>
  <Node Id="160" Class="entity:ArkLight" pos="-205,284,0" EntityGUID="{97742224-A9CE-4800-AD85-6803AA246363}" EntityGUID_64="4800A9CE97742224">
   <Inputs entityId="0" Brightness="0" DiffuseColor1="0,0,0" DiffuseColor2="0,0,0" LightStyle1="0" LightStyle2="0" Off="0" On="0" ResetBrightness="0"/>
  </Node>
  <Node Id="162" Class="entity:ArkLight" pos="-205,304,0" EntityGUID="{88A3CAE7-41A2-4B53-A915-2FE9DAEAF6C7}" EntityGUID_64="4B5341A288A3CAE7">
   <Inputs entityId="0" Brightness="0" DiffuseColor1="0,0,0" DiffuseColor2="0,0,0" LightStyle1="0" LightStyle2="0" Off="0" On="0" ResetBrightness="0"/>
  </Node>
  <Node Id="166" Class="entity:ArkLight" pos="-205,324,0" EntityGUID="{E25AA377-4E37-4A80-ACBA-BF5361EEC968}" EntityGUID_64="4A804E37E25AA377">
   <Inputs entityId="0" Brightness="0" DiffuseColor1="0,0,0" DiffuseColor2="0,0,0" LightStyle1="0" LightStyle2="0" Off="0" On="0" ResetBrightness="0"/>
  </Node>
  <Node Id="170" Class="entity:ArkLight" pos="-205,344,0" EntityGUID="{75CD60FB-5B85-472D-B87F-CB1815096F5F}" EntityGUID_64="472D5B8575CD60FB">
   <Inputs entityId="0" Brightness="0" DiffuseColor1="0,0,0" DiffuseColor2="0,0,0" LightStyle1="0" LightStyle2="0" Off="0" On="0" ResetBrightness="0"/>
  </Node>
 </Nodes>
 <Edges />
 <GraphTokens />
</Graph>
