<Graph isModule="1" moduleName="Water_Lights_ON_2" isObjectList="1" objectListClass="ArkLight" Description="" Group="" enabled="1" MultiPlayer="ClientServer">
 <Nodes>
  <Node Id="4" Class="entity:ArkLight" pos="-382.12341,-111.1355,0" EntityGUID="{1F5A8EBB-18A4-47F3-881A-9809D7161EA1}" EntityGUID_64="47F318A41F5A8EBB">
   <Inputs entityId="0" Brightness="0" DiffuseColor1="0,0,0" DiffuseColor2="0,0,0" LightStyle1="0" LightStyle2="0" Off="0" On="0" ResetBrightness="0"/>
  </Node>
  <Node Id="6" Class="entity:ArkLight" pos="-382.12341,-91.135498,0" EntityGUID="{1559E0FB-FA74-4C2F-B3FD-FD0219A2C9B1}" EntityGUID_64="4C2FFA741559E0FB">
   <Inputs entityId="0" Brightness="0" DiffuseColor1="0,0,0" DiffuseColor2="0,0,0" LightStyle1="0" LightStyle2="0" Off="0" On="0" ResetBrightness="0"/>
  </Node>
  <Node Id="20" Class="entity:ArkLight" pos="-382.12341,-71.135498,0" EntityGUID="{451C739D-BA04-4DB0-BCA1-24BD05F9E16D}" EntityGUID_64="4DB0BA04451C739D">
   <Inputs entityId="0" Brightness="0" DiffuseColor1="0,0,0" DiffuseColor2="0,0,0" LightStyle1="0" LightStyle2="0" Off="0" On="0" ResetBrightness="0"/>
  </Node>
  <Node Id="22" Class="entity:ArkLight" pos="-382.12341,-51.135498,0" EntityGUID="{0D3EB0CD-160A-4D0E-8E41-2F0592CC5104}" EntityGUID_64="4D0E160A0D3EB0CD">
   <Inputs entityId="0" Brightness="0" DiffuseColor1="0,0,0" DiffuseColor2="0,0,0" LightStyle1="0" LightStyle2="0" Off="0" On="0" ResetBrightness="0"/>
  </Node>
  <Node Id="30" Class="entity:ArkLight" pos="-382.12341,-31.135498,0" EntityGUID="{0E922086-0C33-4D53-8DE1-4EF610D38E65}" EntityGUID_64="4D530C330E922086">
   <Inputs entityId="0" Brightness="0" DiffuseColor1="0,0,0" DiffuseColor2="0,0,0" LightStyle1="0" LightStyle2="0" Off="0" On="0" ResetBrightness="0"/>
  </Node>
  <Node Id="32" Class="entity:ArkLight" pos="-382.12341,-11.135498,0" EntityGUID="{4AFF188C-4290-4965-8C4D-636EAB05743D}" EntityGUID_64="496542904AFF188C">
   <Inputs entityId="0" Brightness="0" DiffuseColor1="0,0,0" DiffuseColor2="0,0,0" LightStyle1="0" LightStyle2="0" Off="0" On="0" ResetBrightness="0"/>
  </Node>
  <Node Id="34" Class="entity:ArkLight" pos="-382.12341,8.864502,0" EntityGUID="{D9CBAA19-B454-4C02-B995-CA956220B381}" EntityGUID_64="4C02B454D9CBAA19">
   <Inputs entityId="0" Brightness="0" DiffuseColor1="0,0,0" DiffuseColor2="0,0,0" LightStyle1="0" LightStyle2="0" Off="0" On="0" ResetBrightness="0"/>
  </Node>
  <Node Id="36" Class="entity:ArkLight" pos="-382.12341,28.864502,0" EntityGUID="{49E51065-22A5-4376-82D9-448EC7D4A0C2}" EntityGUID_64="437622A549E51065">
   <Inputs entityId="0" Brightness="0" DiffuseColor1="0,0,0" DiffuseColor2="0,0,0" LightStyle1="0" LightStyle2="0" Off="0" On="0" ResetBrightness="0"/>
  </Node>
  <Node Id="40" Class="entity:ArkLight" pos="-382.12341,48.864502,0" EntityGUID="{D97C6813-F55F-435E-9A62-90CBB4D121C5}" EntityGUID_64="435EF55FD97C6813">
   <Inputs entityId="0" Brightness="0" DiffuseColor1="0,0,0" DiffuseColor2="0,0,0" LightStyle1="0" LightStyle2="0" Off="0" On="0" ResetBrightness="0"/>
  </Node>
  <Node Id="42" Class="entity:ArkLight" pos="-382.12341,68.864502,0" EntityGUID="{050FE0F7-7480-461D-8A98-5D7F8B4A383E}" EntityGUID_64="461D7480050FE0F7">
   <Inputs entityId="0" Brightness="0" DiffuseColor1="0,0,0" DiffuseColor2="0,0,0" LightStyle1="0" LightStyle2="0" Off="0" On="0" ResetBrightness="0"/>
  </Node>
  <Node Id="44" Class="entity:ArkLight" pos="-382.12341,88.864502,0" EntityGUID="{21579D4B-04CB-4BE3-819D-DE9CEDDA8FEE}" EntityGUID_64="4BE304CB21579D4B">
   <Inputs entityId="0" Brightness="0" DiffuseColor1="0,0,0" DiffuseColor2="0,0,0" LightStyle1="0" LightStyle2="0" Off="0" On="0" ResetBrightness="0"/>
  </Node>
  <Node Id="52" Class="entity:ArkLight" pos="-382.12341,108.8645,0" EntityGUID="{6EF3C32E-64E5-4DFA-B765-96E9D05E5A26}" EntityGUID_64="4DFA64E56EF3C32E">
   <Inputs entityId="0" Brightness="0" DiffuseColor1="0,0,0" DiffuseColor2="0,0,0" LightStyle1="0" LightStyle2="0" Off="0" On="0" ResetBrightness="0"/>
  </Node>
  <Node Id="56" Class="entity:ArkLight" pos="-382.12341,128.8645,0" EntityGUID="{DE4EFDE9-0C0E-4C24-BF8F-1711649F32B2}" EntityGUID_64="4C240C0EDE4EFDE9">
   <Inputs entityId="0" Brightness="0" DiffuseColor1="0,0,0" DiffuseColor2="0,0,0" LightStyle1="0" LightStyle2="0" Off="0" On="0" ResetBrightness="0"/>
  </Node>
  <Node Id="58" Class="entity:ArkLight" pos="-382.12341,148.8645,0" EntityGUID="{9FCD190D-0B98-45AF-8CD9-770C735B9346}" EntityGUID_64="45AF0B989FCD190D">
   <Inputs entityId="0" Brightness="0" DiffuseColor1="0,0,0" DiffuseColor2="0,0,0" LightStyle1="0" LightStyle2="0" Off="0" On="0" ResetBrightness="0"/>
  </Node>
  <Node Id="72" Class="entity:ArkLight" pos="-382.12341,168.8645,0" EntityGUID="{AEBA318E-2968-4B00-BCE0-AC0073610A4C}" EntityGUID_64="4B002968AEBA318E">
   <Inputs entityId="0" Brightness="0" DiffuseColor1="0,0,0" DiffuseColor2="0,0,0" LightStyle1="0" LightStyle2="0" Off="0" On="0" ResetBrightness="0"/>
  </Node>
  <Node Id="84" Class="entity:ArkLight" pos="-382.12341,188.8645,0" EntityGUID="{47E064B8-8AF4-47A8-8F0F-97218C9CEB48}" EntityGUID_64="47A88AF447E064B8">
   <Inputs entityId="0" Brightness="0" DiffuseColor1="0,0,0" DiffuseColor2="0,0,0" LightStyle1="0" LightStyle2="0" Off="0" On="0" ResetBrightness="0"/>
  </Node>
  <Node Id="94" Class="entity:ArkLight" pos="-382.12341,208.8645,0" EntityGUID="{75E25206-DD53-43F3-8E46-6EFDF80AAAA8}" EntityGUID_64="43F3DD5375E25206">
   <Inputs entityId="0" Brightness="0" DiffuseColor1="0,0,0" DiffuseColor2="0,0,0" LightStyle1="0" LightStyle2="0" Off="0" On="0" ResetBrightness="0"/>
  </Node>
  <Node Id="106" Class="entity:ArkLight" pos="-382.12341,228.8645,0" EntityGUID="{3DCE6A51-6D76-469E-A62C-DC2C45CFB432}" EntityGUID_64="469E6D763DCE6A51">
   <Inputs entityId="0" Brightness="0" DiffuseColor1="0,0,0" DiffuseColor2="0,0,0" LightStyle1="0" LightStyle2="0" Off="0" On="0" ResetBrightness="0"/>
  </Node>
  <Node Id="114" Class="entity:ArkLight" pos="-382.12341,248.8645,0" EntityGUID="{306D7291-18B0-4F9B-8CEB-BB3CFD73AC2F}" EntityGUID_64="4F9B18B0306D7291">
   <Inputs entityId="0" Brightness="0" DiffuseColor1="0,0,0" DiffuseColor2="0,0,0" LightStyle1="0" LightStyle2="0" Off="0" On="0" ResetBrightness="0"/>
  </Node>
  <Node Id="116" Class="entity:ArkLight" pos="-382.12341,268.8645,0" EntityGUID="{C6C7FF63-57D7-4539-9900-0167B29CBDD2}" EntityGUID_64="453957D7C6C7FF63">
   <Inputs entityId="0" Brightness="0" DiffuseColor1="0,0,0" DiffuseColor2="0,0,0" LightStyle1="0" LightStyle2="0" Off="0" On="0" ResetBrightness="0"/>
  </Node>
  <Node Id="118" Class="entity:ArkLight" pos="-382.12341,288.8645,0" EntityGUID="{D667362D-2331-4748-A6C9-756AE8ABC6B1}" EntityGUID_64="47482331D667362D">
   <Inputs entityId="0" Brightness="0" DiffuseColor1="0,0,0" DiffuseColor2="0,0,0" LightStyle1="0" LightStyle2="0" Off="0" On="0" ResetBrightness="0"/>
  </Node>
  <Node Id="146" Class="entity:ArkLight" pos="-382.12341,308.8645,0" EntityGUID="{6F18E931-B4CC-4F6A-A091-C63B0D85BBB5}" EntityGUID_64="4F6AB4CC6F18E931">
   <Inputs entityId="0" Brightness="0" DiffuseColor1="0,0,0" DiffuseColor2="0,0,0" LightStyle1="0" LightStyle2="0" Off="0" On="0" ResetBrightness="0"/>
  </Node>
  <Node Id="148" Class="entity:ArkLight" pos="-382.12341,328.8645,0" EntityGUID="{2AE0B48C-2250-43BE-9FB1-12E5B0933126}" EntityGUID_64="43BE22502AE0B48C">
   <Inputs entityId="0" Brightness="0" DiffuseColor1="0,0,0" DiffuseColor2="0,0,0" LightStyle1="0" LightStyle2="0" Off="0" On="0" ResetBrightness="0"/>
  </Node>
  <Node Id="164" Class="entity:ArkLight" pos="-382.12341,348.8645,0" EntityGUID="{A549D231-4E18-45AA-99FB-85799C68C645}" EntityGUID_64="45AA4E18A549D231">
   <Inputs entityId="0" Brightness="0" DiffuseColor1="0,0,0" DiffuseColor2="0,0,0" LightStyle1="0" LightStyle2="0" Off="0" On="0" ResetBrightness="0"/>
  </Node>
  <Node Id="172" Class="entity:ArkLight" pos="-382.12341,368.8645,0" EntityGUID="{40301DBB-BBC4-4882-86B5-048ED7B52B48}" EntityGUID_64="4882BBC440301DBB">
   <Inputs entityId="0" Brightness="0" DiffuseColor1="0,0,0" DiffuseColor2="0,0,0" LightStyle1="0" LightStyle2="0" Off="0" On="0" ResetBrightness="0"/>
  </Node>
 </Nodes>
 <Edges />
 <GraphTokens />
</Graph>
