<Graph isModule="1" moduleName="Water_Lights_OFF_1" isObjectList="1" objectListClass="ArkLight" Description="" Group="" enabled="1" MultiPlayer="ClientServer">
 <Nodes>
  <Node Id="4" Class="entity:ArkLight" pos="-178,-60,0" EntityGUID="{DD74CFC6-8F10-4511-89EC-79BB35377783}" EntityGUID_64="45118F10DD74CFC6">
   <Inputs entityId="0" Brightness="0" DiffuseColor1="0,0,0" DiffuseColor2="0,0,0" LightStyle1="0" LightStyle2="0" Off="0" On="0" ResetBrightness="0"/>
  </Node>
  <Node Id="8" Class="entity:ArkLight" pos="-178,-40,0" EntityGUID="{4E0BAF63-CB4B-4D79-A9BD-3DAE37B46F03}" EntityGUID_64="4D79CB4B4E0BAF63">
   <Inputs entityId="0" Brightness="0" DiffuseColor1="0,0,0" DiffuseColor2="0,0,0" LightStyle1="0" LightStyle2="0" Off="0" On="0" ResetBrightness="0"/>
  </Node>
  <Node Id="22" Class="entity:ArkLight" pos="-178,-20,0" EntityGUID="{12133DD4-0118-441F-B596-EDC13A4206CD}" EntityGUID_64="441F011812133DD4">
   <Inputs entityId="0" Brightness="0" DiffuseColor1="0,0,0" DiffuseColor2="0,0,0" LightStyle1="0" LightStyle2="0" Off="0" On="0" ResetBrightness="0"/>
  </Node>
  <Node Id="24" Class="entity:ArkLight" pos="-178,0,0" EntityGUID="{5B83DED4-663F-4DBA-B20E-6ED18CBE246D}" EntityGUID_64="4DBA663F5B83DED4">
   <Inputs entityId="0" Brightness="0" DiffuseColor1="0,0,0" DiffuseColor2="0,0,0" LightStyle1="0" LightStyle2="0" Off="0" On="0" ResetBrightness="0"/>
  </Node>
  <Node Id="28" Class="entity:ArkLight" pos="-178,20,0" EntityGUID="{CD2B8A06-3148-4055-902A-3734CD885E12}" EntityGUID_64="40553148CD2B8A06">
   <Inputs entityId="0" Brightness="0" DiffuseColor1="0,0,0" DiffuseColor2="0,0,0" LightStyle1="0" LightStyle2="0" Off="0" On="0" ResetBrightness="0"/>
  </Node>
  <Node Id="30" Class="entity:ArkLight" pos="-178,40,0" EntityGUID="{CEB761CF-EFD7-4F26-837E-34C73D0D6F4E}" EntityGUID_64="4F26EFD7CEB761CF">
   <Inputs entityId="0" Brightness="0" DiffuseColor1="0,0,0" DiffuseColor2="0,0,0" LightStyle1="0" LightStyle2="0" Off="0" On="0" ResetBrightness="0"/>
  </Node>
  <Node Id="34" Class="entity:ArkLight" pos="-178,60,0" EntityGUID="{607A9B0A-43D1-4707-8909-A83FDBA4EA50}" EntityGUID_64="470743D1607A9B0A">
   <Inputs entityId="0" Brightness="0" DiffuseColor1="0,0,0" DiffuseColor2="0,0,0" LightStyle1="0" LightStyle2="0" Off="0" On="0" ResetBrightness="0"/>
  </Node>
  <Node Id="40" Class="entity:ArkLight" pos="-178,80,0" EntityGUID="{9AFCCA0C-6EE1-4D55-BB8B-925053BEA466}" EntityGUID_64="4D556EE19AFCCA0C">
   <Inputs entityId="0" Brightness="0" DiffuseColor1="0,0,0" DiffuseColor2="0,0,0" LightStyle1="0" LightStyle2="0" Off="0" On="0" ResetBrightness="0"/>
  </Node>
  <Node Id="42" Class="entity:ArkLight" pos="-178,100,0" EntityGUID="{61ECF233-AE40-4036-A7A0-01844A596AAB}" EntityGUID_64="4036AE4061ECF233">
   <Inputs entityId="0" Brightness="0" DiffuseColor1="0,0,0" DiffuseColor2="0,0,0" LightStyle1="0" LightStyle2="0" Off="0" On="0" ResetBrightness="0"/>
  </Node>
  <Node Id="44" Class="entity:ArkLight" pos="-178,120,0" EntityGUID="{4BF94CDC-FFAE-48C6-8C61-74FED60998B3}" EntityGUID_64="48C6FFAE4BF94CDC">
   <Inputs entityId="0" Brightness="0" DiffuseColor1="0,0,0" DiffuseColor2="0,0,0" LightStyle1="0" LightStyle2="0" Off="0" On="0" ResetBrightness="0"/>
  </Node>
  <Node Id="46" Class="entity:ArkLight" pos="-178,140,0" EntityGUID="{40081693-BEDD-4FA7-A8F0-B72DE538993C}" EntityGUID_64="4FA7BEDD40081693">
   <Inputs entityId="0" Brightness="0" DiffuseColor1="0,0,0" DiffuseColor2="0,0,0" LightStyle1="0" LightStyle2="0" Off="0" On="0" ResetBrightness="0"/>
  </Node>
  <Node Id="48" Class="entity:ArkLight" pos="-178,160,0" EntityGUID="{8BFFE261-A420-4B6B-9880-421A47A0C58E}" EntityGUID_64="4B6BA4208BFFE261">
   <Inputs entityId="0" Brightness="0" DiffuseColor1="0,0,0" DiffuseColor2="0,0,0" LightStyle1="0" LightStyle2="0" Off="0" On="0" ResetBrightness="0"/>
  </Node>
  <Node Id="50" Class="entity:ArkLight" pos="-178,180,0" EntityGUID="{CC84BD52-D746-438E-A33A-318173442C57}" EntityGUID_64="438ED746CC84BD52">
   <Inputs entityId="0" Brightness="0" DiffuseColor1="0,0,0" DiffuseColor2="0,0,0" LightStyle1="0" LightStyle2="0" Off="0" On="0" ResetBrightness="0"/>
  </Node>
  <Node Id="68" Class="entity:ArkLight" pos="-178,200,0" EntityGUID="{976F5118-034E-46F6-BBF6-4F343E4074D3}" EntityGUID_64="46F6034E976F5118">
   <Inputs entityId="0" Brightness="0" DiffuseColor1="0,0,0" DiffuseColor2="0,0,0" LightStyle1="0" LightStyle2="0" Off="0" On="0" ResetBrightness="0"/>
  </Node>
  <Node Id="74" Class="entity:ArkLight" pos="-178,220,0" EntityGUID="{DD1C1439-865F-45A3-9006-AB289AE32A7C}" EntityGUID_64="45A3865FDD1C1439">
   <Inputs entityId="0" Brightness="0" DiffuseColor1="0,0,0" DiffuseColor2="0,0,0" LightStyle1="0" LightStyle2="0" Off="0" On="0" ResetBrightness="0"/>
  </Node>
  <Node Id="76" Class="entity:ArkLight" pos="-178,240,0" EntityGUID="{035795E3-2397-446C-9C08-5B6AE9021F6B}" EntityGUID_64="446C2397035795E3">
   <Inputs entityId="0" Brightness="0" DiffuseColor1="0,0,0" DiffuseColor2="0,0,0" LightStyle1="0" LightStyle2="0" Off="0" On="0" ResetBrightness="0"/>
  </Node>
  <Node Id="78" Class="entity:ArkLight" pos="-178,260,0" EntityGUID="{03C8BF70-8D7A-484C-9A7D-77E16CF6C272}" EntityGUID_64="484C8D7A03C8BF70">
   <Inputs entityId="0" Brightness="0" DiffuseColor1="0,0,0" DiffuseColor2="0,0,0" LightStyle1="0" LightStyle2="0" Off="0" On="0" ResetBrightness="0"/>
  </Node>
  <Node Id="80" Class="entity:ArkLight" pos="-178,280,0" EntityGUID="{6E8F62C8-6771-4047-A3DC-EDF951C90B87}" EntityGUID_64="404767716E8F62C8">
   <Inputs entityId="0" Brightness="0" DiffuseColor1="0,0,0" DiffuseColor2="0,0,0" LightStyle1="0" LightStyle2="0" Off="0" On="0" ResetBrightness="0"/>
  </Node>
  <Node Id="96" Class="entity:ArkLight" pos="-178,300,0" EntityGUID="{4F25AE44-1904-4E18-90A5-8B4E53A78268}" EntityGUID_64="4E1819044F25AE44">
   <Inputs entityId="0" Brightness="0" DiffuseColor1="0,0,0" DiffuseColor2="0,0,0" LightStyle1="0" LightStyle2="0" Off="0" On="0" ResetBrightness="0"/>
  </Node>
  <Node Id="106" Class="entity:ArkLight" pos="-178,320,0" EntityGUID="{DDD9DB6B-7F20-4368-9DA0-575D111C134D}" EntityGUID_64="43687F20DDD9DB6B">
   <Inputs entityId="0" Brightness="0" DiffuseColor1="0,0,0" DiffuseColor2="0,0,0" LightStyle1="0" LightStyle2="0" Off="0" On="0" ResetBrightness="0"/>
  </Node>
  <Node Id="118" Class="entity:ArkLight" pos="-178,340,0" EntityGUID="{6B769367-BA12-43C3-A0E5-D1C264E48C43}" EntityGUID_64="43C3BA126B769367">
   <Inputs entityId="0" Brightness="0" DiffuseColor1="0,0,0" DiffuseColor2="0,0,0" LightStyle1="0" LightStyle2="0" Off="0" On="0" ResetBrightness="0"/>
  </Node>
  <Node Id="130" Class="entity:ArkLight" pos="-178,360,0" EntityGUID="{5FF095D1-35CB-4FE3-9E18-375B920C14A6}" EntityGUID_64="4FE335CB5FF095D1">
   <Inputs entityId="0" Brightness="0" DiffuseColor1="0,0,0" DiffuseColor2="0,0,0" LightStyle1="0" LightStyle2="0" Off="0" On="0" ResetBrightness="0"/>
  </Node>
 </Nodes>
 <Edges />
 <GraphTokens />
</Graph>
