<Graph isModule="1" moduleName="Water_Lights_OFF" isObjectList="1" objectListClass="ArkLight" Description="" Group="" enabled="1" MultiPlayer="ClientServer">
 <Nodes>
  <Node Id="2" Class="entity:ArkLight" pos="370,320,0" EntityGUID="{70AD4E42-ABFF-4DBC-A109-7CA05758AC7C}" EntityGUID_64="4DBCABFF70AD4E42">
   <Inputs entityId="0" Brightness="0" DiffuseColor1="0,0,0" DiffuseColor2="0,0,0" LightStyle1="0" LightStyle2="0" Off="0" On="0" ResetBrightness="0"/>
  </Node>
  <Node Id="4" Class="entity:ArkLight" pos="60,320,0" EntityGUID="{DD74CFC6-8F10-4511-89EC-79BB35377783}" EntityGUID_64="45118F10DD74CFC6">
   <Inputs entityId="0" Brightness="0" DiffuseColor1="0,0,0" DiffuseColor2="0,0,0" LightStyle1="0" LightStyle2="0" Off="0" On="0" ResetBrightness="0"/>
  </Node>
  <Node Id="6" Class="entity:ArkLight" pos="370,340,0" EntityGUID="{3589BE33-3609-4710-B2B8-675AEC5F2DA1}" EntityGUID_64="471036093589BE33">
   <Inputs entityId="0" Brightness="0" DiffuseColor1="0,0,0" DiffuseColor2="0,0,0" LightStyle1="0" LightStyle2="0" Off="0" On="0" ResetBrightness="0"/>
  </Node>
  <Node Id="8" Class="entity:ArkLight" pos="60,340,0" EntityGUID="{4E0BAF63-CB4B-4D79-A9BD-3DAE37B46F03}" EntityGUID_64="4D79CB4B4E0BAF63">
   <Inputs entityId="0" Brightness="0" DiffuseColor1="0,0,0" DiffuseColor2="0,0,0" LightStyle1="0" LightStyle2="0" Off="0" On="0" ResetBrightness="0"/>
  </Node>
  <Node Id="10" Class="entity:ArkLight" pos="630,320,0" EntityGUID="{2DBDE375-94C5-4511-B0AB-F471E843D951}" EntityGUID_64="451194C52DBDE375">
   <Inputs entityId="0" Brightness="0" DiffuseColor1="0,0,0" DiffuseColor2="0,0,0" LightStyle1="0" LightStyle2="0" Off="0" On="0" ResetBrightness="0"/>
  </Node>
  <Node Id="12" Class="entity:ArkLight" pos="630,340,0" EntityGUID="{D070E699-091D-4524-8629-FACBBE7E9FC5}" EntityGUID_64="4524091DD070E699">
   <Inputs entityId="0" Brightness="0" DiffuseColor1="0,0,0" DiffuseColor2="0,0,0" LightStyle1="0" LightStyle2="0" Off="0" On="0" ResetBrightness="0"/>
  </Node>
  <Node Id="14" Class="entity:ArkLight" pos="370,360,0" EntityGUID="{C44708A4-4687-47BA-9AD5-1C69B3D88A22}" EntityGUID_64="47BA4687C44708A4">
   <Inputs entityId="0" Brightness="0" DiffuseColor1="0,0,0" DiffuseColor2="0,0,0" LightStyle1="0" LightStyle2="0" Off="0" On="0" ResetBrightness="0"/>
  </Node>
  <Node Id="16" Class="entity:ArkLight" pos="370,380,0" EntityGUID="{C978B22E-FE81-4822-B89A-E6A753B15CBE}" EntityGUID_64="4822FE81C978B22E">
   <Inputs entityId="0" Brightness="0" DiffuseColor1="0,0,0" DiffuseColor2="0,0,0" LightStyle1="0" LightStyle2="0" Off="0" On="0" ResetBrightness="0"/>
  </Node>
  <Node Id="18" Class="entity:ArkLight" pos="630,360,0" EntityGUID="{2C5CF416-2AE5-4047-BF47-A7445749DC4C}" EntityGUID_64="40472AE52C5CF416">
   <Inputs entityId="0" Brightness="0" DiffuseColor1="0,0,0" DiffuseColor2="0,0,0" LightStyle1="0" LightStyle2="0" Off="0" On="0" ResetBrightness="0"/>
  </Node>
  <Node Id="20" Class="entity:ArkLight" pos="630,380,0" EntityGUID="{99C67F16-4F22-4385-8976-E8CE2C5CC805}" EntityGUID_64="43854F2299C67F16">
   <Inputs entityId="0" Brightness="0" DiffuseColor1="0,0,0" DiffuseColor2="0,0,0" LightStyle1="0" LightStyle2="0" Off="0" On="0" ResetBrightness="0"/>
  </Node>
  <Node Id="22" Class="entity:ArkLight" pos="60,360,0" EntityGUID="{12133DD4-0118-441F-B596-EDC13A4206CD}" EntityGUID_64="441F011812133DD4">
   <Inputs entityId="0" Brightness="0" DiffuseColor1="0,0,0" DiffuseColor2="0,0,0" LightStyle1="0" LightStyle2="0" Off="0" On="0" ResetBrightness="0"/>
  </Node>
  <Node Id="24" Class="entity:ArkLight" pos="60,380,0" EntityGUID="{5B83DED4-663F-4DBA-B20E-6ED18CBE246D}" EntityGUID_64="4DBA663F5B83DED4">
   <Inputs entityId="0" Brightness="0" DiffuseColor1="0,0,0" DiffuseColor2="0,0,0" LightStyle1="0" LightStyle2="0" Off="0" On="0" ResetBrightness="0"/>
  </Node>
  <Node Id="26" Class="entity:ArkLight" pos="630,400,0" EntityGUID="{C4D54B23-60E1-41B6-8E3E-3CF26323FD86}" EntityGUID_64="41B660E1C4D54B23">
   <Inputs entityId="0" Brightness="0" DiffuseColor1="0,0,0" DiffuseColor2="0,0,0" LightStyle1="0" LightStyle2="0" Off="0" On="0" ResetBrightness="0"/>
  </Node>
  <Node Id="28" Class="entity:ArkLight" pos="60,400,0" EntityGUID="{CD2B8A06-3148-4055-902A-3734CD885E12}" EntityGUID_64="40553148CD2B8A06">
   <Inputs entityId="0" Brightness="0" DiffuseColor1="0,0,0" DiffuseColor2="0,0,0" LightStyle1="0" LightStyle2="0" Off="0" On="0" ResetBrightness="0"/>
  </Node>
  <Node Id="30" Class="entity:ArkLight" pos="60,420,0" EntityGUID="{CEB761CF-EFD7-4F26-837E-34C73D0D6F4E}" EntityGUID_64="4F26EFD7CEB761CF">
   <Inputs entityId="0" Brightness="0" DiffuseColor1="0,0,0" DiffuseColor2="0,0,0" LightStyle1="0" LightStyle2="0" Off="0" On="0" ResetBrightness="0"/>
  </Node>
  <Node Id="32" Class="entity:ArkLight" pos="630,420,0" EntityGUID="{FDB7044D-36F4-4847-BA15-639B57E1707A}" EntityGUID_64="484736F4FDB7044D">
   <Inputs entityId="0" Brightness="0" DiffuseColor1="0,0,0" DiffuseColor2="0,0,0" LightStyle1="0" LightStyle2="0" Off="0" On="0" ResetBrightness="0"/>
  </Node>
  <Node Id="34" Class="entity:ArkLight" pos="60,440,0" EntityGUID="{607A9B0A-43D1-4707-8909-A83FDBA4EA50}" EntityGUID_64="470743D1607A9B0A">
   <Inputs entityId="0" Brightness="0" DiffuseColor1="0,0,0" DiffuseColor2="0,0,0" LightStyle1="0" LightStyle2="0" Off="0" On="0" ResetBrightness="0"/>
  </Node>
  <Node Id="36" Class="entity:ArkLight" pos="630,440,0" EntityGUID="{4B02647F-63CA-4184-A980-2B651BF8C07C}" EntityGUID_64="418463CA4B02647F">
   <Inputs entityId="0" Brightness="0" DiffuseColor1="0,0,0" DiffuseColor2="0,0,0" LightStyle1="0" LightStyle2="0" Off="0" On="0" ResetBrightness="0"/>
  </Node>
  <Node Id="38" Class="entity:ArkLight" pos="370,400,0" EntityGUID="{4F412501-56EB-4128-85AC-C50D3E10924A}" EntityGUID_64="412856EB4F412501">
   <Inputs entityId="0" Brightness="0" DiffuseColor1="0,0,0" DiffuseColor2="0,0,0" LightStyle1="0" LightStyle2="0" Off="0" On="0" ResetBrightness="0"/>
  </Node>
  <Node Id="40" Class="entity:ArkLight" pos="60,460,0" EntityGUID="{9AFCCA0C-6EE1-4D55-BB8B-925053BEA466}" EntityGUID_64="4D556EE19AFCCA0C">
   <Inputs entityId="0" Brightness="0" DiffuseColor1="0,0,0" DiffuseColor2="0,0,0" LightStyle1="0" LightStyle2="0" Off="0" On="0" ResetBrightness="0"/>
  </Node>
  <Node Id="42" Class="entity:ArkLight" pos="60,480,0" EntityGUID="{61ECF233-AE40-4036-A7A0-01844A596AAB}" EntityGUID_64="4036AE4061ECF233">
   <Inputs entityId="0" Brightness="0" DiffuseColor1="0,0,0" DiffuseColor2="0,0,0" LightStyle1="0" LightStyle2="0" Off="0" On="0" ResetBrightness="0"/>
  </Node>
  <Node Id="44" Class="entity:ArkLight" pos="60,500,0" EntityGUID="{4BF94CDC-FFAE-48C6-8C61-74FED60998B3}" EntityGUID_64="48C6FFAE4BF94CDC">
   <Inputs entityId="0" Brightness="0" DiffuseColor1="0,0,0" DiffuseColor2="0,0,0" LightStyle1="0" LightStyle2="0" Off="0" On="0" ResetBrightness="0"/>
  </Node>
  <Node Id="46" Class="entity:ArkLight" pos="60,520,0" EntityGUID="{40081693-BEDD-4FA7-A8F0-B72DE538993C}" EntityGUID_64="4FA7BEDD40081693">
   <Inputs entityId="0" Brightness="0" DiffuseColor1="0,0,0" DiffuseColor2="0,0,0" LightStyle1="0" LightStyle2="0" Off="0" On="0" ResetBrightness="0"/>
  </Node>
  <Node Id="48" Class="entity:ArkLight" pos="60,540,0" EntityGUID="{8BFFE261-A420-4B6B-9880-421A47A0C58E}" EntityGUID_64="4B6BA4208BFFE261">
   <Inputs entityId="0" Brightness="0" DiffuseColor1="0,0,0" DiffuseColor2="0,0,0" LightStyle1="0" LightStyle2="0" Off="0" On="0" ResetBrightness="0"/>
  </Node>
  <Node Id="50" Class="entity:ArkLight" pos="60,560,0" EntityGUID="{CC84BD52-D746-438E-A33A-318173442C57}" EntityGUID_64="438ED746CC84BD52">
   <Inputs entityId="0" Brightness="0" DiffuseColor1="0,0,0" DiffuseColor2="0,0,0" LightStyle1="0" LightStyle2="0" Off="0" On="0" ResetBrightness="0"/>
  </Node>
  <Node Id="52" Class="entity:ArkLight" pos="630,460,0" EntityGUID="{D7D23D18-FC7B-4BFD-9754-1D5CCD3C6E25}" EntityGUID_64="4BFDFC7BD7D23D18">
   <Inputs entityId="0" Brightness="0" DiffuseColor1="0,0,0" DiffuseColor2="0,0,0" LightStyle1="0" LightStyle2="0" Off="0" On="0" ResetBrightness="0"/>
  </Node>
  <Node Id="54" Class="entity:ArkLight" pos="630,480,0" EntityGUID="{FE88DC89-AD22-4116-BB92-9696DCFC36E7}" EntityGUID_64="4116AD22FE88DC89">
   <Inputs entityId="0" Brightness="0" DiffuseColor1="0,0,0" DiffuseColor2="0,0,0" LightStyle1="0" LightStyle2="0" Off="0" On="0" ResetBrightness="0"/>
  </Node>
  <Node Id="56" Class="entity:ArkLight" pos="370,420,0" EntityGUID="{4C108AF3-D0E5-40D4-915A-C3F7BF8E7277}" EntityGUID_64="40D4D0E54C108AF3">
   <Inputs entityId="0" Brightness="0" DiffuseColor1="0,0,0" DiffuseColor2="0,0,0" LightStyle1="0" LightStyle2="0" Off="0" On="0" ResetBrightness="0"/>
  </Node>
  <Node Id="58" Class="entity:ArkLight" pos="370,440,0" EntityGUID="{9DD55DEF-2FDD-4369-873C-DA7FFAA369CF}" EntityGUID_64="43692FDD9DD55DEF">
   <Inputs entityId="0" Brightness="0" DiffuseColor1="0,0,0" DiffuseColor2="0,0,0" LightStyle1="0" LightStyle2="0" Off="0" On="0" ResetBrightness="0"/>
  </Node>
  <Node Id="60" Class="entity:ArkLight" pos="370,460,0" EntityGUID="{53C277D7-E0FB-4A4B-A53E-F43411917D73}" EntityGUID_64="4A4BE0FB53C277D7">
   <Inputs entityId="0" Brightness="0" DiffuseColor1="0,0,0" DiffuseColor2="0,0,0" LightStyle1="0" LightStyle2="0" Off="0" On="0" ResetBrightness="0"/>
  </Node>
  <Node Id="62" Class="entity:ArkLight" pos="630,500,0" EntityGUID="{36B49395-4363-4B63-8557-922CDE814825}" EntityGUID_64="4B63436336B49395">
   <Inputs entityId="0" Brightness="0" DiffuseColor1="0,0,0" DiffuseColor2="0,0,0" LightStyle1="0" LightStyle2="0" Off="0" On="0" ResetBrightness="0"/>
  </Node>
  <Node Id="64" Class="entity:ArkLight" pos="370,480,0" EntityGUID="{B07DBA51-5C03-4A61-B543-B99652C43EA7}" EntityGUID_64="4A615C03B07DBA51">
   <Inputs entityId="0" Brightness="0" DiffuseColor1="0,0,0" DiffuseColor2="0,0,0" LightStyle1="0" LightStyle2="0" Off="0" On="0" ResetBrightness="0"/>
  </Node>
  <Node Id="66" Class="entity:ArkLight" pos="630,520,0" EntityGUID="{9B306E4D-C5D4-4B72-9B2C-35ABF19A7528}" EntityGUID_64="4B72C5D49B306E4D">
   <Inputs entityId="0" Brightness="0" DiffuseColor1="0,0,0" DiffuseColor2="0,0,0" LightStyle1="0" LightStyle2="0" Off="0" On="0" ResetBrightness="0"/>
  </Node>
  <Node Id="68" Class="entity:ArkLight" pos="60,580,0" EntityGUID="{976F5118-034E-46F6-BBF6-4F343E4074D3}" EntityGUID_64="46F6034E976F5118">
   <Inputs entityId="0" Brightness="0" DiffuseColor1="0,0,0" DiffuseColor2="0,0,0" LightStyle1="0" LightStyle2="0" Off="0" On="0" ResetBrightness="0"/>
  </Node>
  <Node Id="70" Class="entity:ArkLight" pos="630,540,0" EntityGUID="{013B9A64-615B-411B-8C44-26C853D2C41C}" EntityGUID_64="411B615B013B9A64">
   <Inputs entityId="0" Brightness="0" DiffuseColor1="0,0,0" DiffuseColor2="0,0,0" LightStyle1="0" LightStyle2="0" Off="0" On="0" ResetBrightness="0"/>
  </Node>
  <Node Id="72" Class="entity:ArkLight" pos="630,560,0" EntityGUID="{8512655D-6204-4BF0-9E78-1396E509B959}" EntityGUID_64="4BF062048512655D">
   <Inputs entityId="0" Brightness="0" DiffuseColor1="0,0,0" DiffuseColor2="0,0,0" LightStyle1="0" LightStyle2="0" Off="0" On="0" ResetBrightness="0"/>
  </Node>
  <Node Id="74" Class="entity:ArkLight" pos="60,600,0" EntityGUID="{DD1C1439-865F-45A3-9006-AB289AE32A7C}" EntityGUID_64="45A3865FDD1C1439">
   <Inputs entityId="0" Brightness="0" DiffuseColor1="0,0,0" DiffuseColor2="0,0,0" LightStyle1="0" LightStyle2="0" Off="0" On="0" ResetBrightness="0"/>
  </Node>
  <Node Id="76" Class="entity:ArkLight" pos="60,620,0" EntityGUID="{035795E3-2397-446C-9C08-5B6AE9021F6B}" EntityGUID_64="446C2397035795E3">
   <Inputs entityId="0" Brightness="0" DiffuseColor1="0,0,0" DiffuseColor2="0,0,0" LightStyle1="0" LightStyle2="0" Off="0" On="0" ResetBrightness="0"/>
  </Node>
  <Node Id="78" Class="entity:ArkLight" pos="60,640,0" EntityGUID="{03C8BF70-8D7A-484C-9A7D-77E16CF6C272}" EntityGUID_64="484C8D7A03C8BF70">
   <Inputs entityId="0" Brightness="0" DiffuseColor1="0,0,0" DiffuseColor2="0,0,0" LightStyle1="0" LightStyle2="0" Off="0" On="0" ResetBrightness="0"/>
  </Node>
  <Node Id="80" Class="entity:ArkLight" pos="60,660,0" EntityGUID="{6E8F62C8-6771-4047-A3DC-EDF951C90B87}" EntityGUID_64="404767716E8F62C8">
   <Inputs entityId="0" Brightness="0" DiffuseColor1="0,0,0" DiffuseColor2="0,0,0" LightStyle1="0" LightStyle2="0" Off="0" On="0" ResetBrightness="0"/>
  </Node>
  <Node Id="82" Class="entity:ArkLight" pos="370,500,0" EntityGUID="{EEC99C7B-16E4-4C16-8088-ED4A01C80A91}" EntityGUID_64="4C1616E4EEC99C7B">
   <Inputs entityId="0" Brightness="0" DiffuseColor1="0,0,0" DiffuseColor2="0,0,0" LightStyle1="0" LightStyle2="0" Off="0" On="0" ResetBrightness="0"/>
  </Node>
  <Node Id="84" Class="entity:ArkLight" pos="630,580,0" EntityGUID="{DB0C6F11-4F6B-47AC-A0A0-11F6693B1C24}" EntityGUID_64="47AC4F6BDB0C6F11">
   <Inputs entityId="0" Brightness="0" DiffuseColor1="0,0,0" DiffuseColor2="0,0,0" LightStyle1="0" LightStyle2="0" Off="0" On="0" ResetBrightness="0"/>
  </Node>
  <Node Id="86" Class="entity:ArkLight" pos="370,520,0" EntityGUID="{E04D866A-0758-4AEB-A00C-EC586100D5D8}" EntityGUID_64="4AEB0758E04D866A">
   <Inputs entityId="0" Brightness="0" DiffuseColor1="0,0,0" DiffuseColor2="0,0,0" LightStyle1="0" LightStyle2="0" Off="0" On="0" ResetBrightness="0"/>
  </Node>
  <Node Id="88" Class="entity:ArkLight" pos="370,540,0" EntityGUID="{2651C54F-0917-420E-BB0F-58A3F5FCB22E}" EntityGUID_64="420E09172651C54F">
   <Inputs entityId="0" Brightness="0" DiffuseColor1="0,0,0" DiffuseColor2="0,0,0" LightStyle1="0" LightStyle2="0" Off="0" On="0" ResetBrightness="0"/>
  </Node>
  <Node Id="90" Class="entity:ArkLight" pos="370,560,0" EntityGUID="{A75A6652-B847-43EB-8ADB-71E90867C239}" EntityGUID_64="43EBB847A75A6652">
   <Inputs entityId="0" Brightness="0" DiffuseColor1="0,0,0" DiffuseColor2="0,0,0" LightStyle1="0" LightStyle2="0" Off="0" On="0" ResetBrightness="0"/>
  </Node>
  <Node Id="92" Class="entity:ArkLight" pos="630,600,0" EntityGUID="{F18ECB21-A439-4DB6-AD22-1DF772BB8AC0}" EntityGUID_64="4DB6A439F18ECB21">
   <Inputs entityId="0" Brightness="0" DiffuseColor1="0,0,0" DiffuseColor2="0,0,0" LightStyle1="0" LightStyle2="0" Off="0" On="0" ResetBrightness="0"/>
  </Node>
  <Node Id="94" Class="entity:ArkLight" pos="370,580,0" EntityGUID="{58CBEA88-10FC-4FBD-B490-CEE0D6928EE4}" EntityGUID_64="4FBD10FC58CBEA88">
   <Inputs entityId="0" Brightness="0" DiffuseColor1="0,0,0" DiffuseColor2="0,0,0" LightStyle1="0" LightStyle2="0" Off="0" On="0" ResetBrightness="0"/>
  </Node>
  <Node Id="96" Class="entity:ArkLight" pos="60,680,0" EntityGUID="{4F25AE44-1904-4E18-90A5-8B4E53A78268}" EntityGUID_64="4E1819044F25AE44">
   <Inputs entityId="0" Brightness="0" DiffuseColor1="0,0,0" DiffuseColor2="0,0,0" LightStyle1="0" LightStyle2="0" Off="0" On="0" ResetBrightness="0"/>
  </Node>
  <Node Id="98" Class="entity:ArkLight" pos="370,600,0" EntityGUID="{B4D1C947-9BDC-4346-9FC7-6EA3A9C9BA87}" EntityGUID_64="43469BDCB4D1C947">
   <Inputs entityId="0" Brightness="0" DiffuseColor1="0,0,0" DiffuseColor2="0,0,0" LightStyle1="0" LightStyle2="0" Off="0" On="0" ResetBrightness="0"/>
  </Node>
  <Node Id="100" Class="entity:ArkLight" pos="630,620,0" EntityGUID="{439421A1-D696-4AD1-A9C4-0DD8C6CCCE96}" EntityGUID_64="4AD1D696439421A1">
   <Inputs entityId="0" Brightness="0" DiffuseColor1="0,0,0" DiffuseColor2="0,0,0" LightStyle1="0" LightStyle2="0" Off="0" On="0" ResetBrightness="0"/>
  </Node>
  <Node Id="102" Class="entity:ArkLight" pos="370,620,0" EntityGUID="{3BB02B5D-00B7-4238-AE18-95296CA948BD}" EntityGUID_64="423800B73BB02B5D">
   <Inputs entityId="0" Brightness="0" DiffuseColor1="0,0,0" DiffuseColor2="0,0,0" LightStyle1="0" LightStyle2="0" Off="0" On="0" ResetBrightness="0"/>
  </Node>
  <Node Id="104" Class="entity:ArkLight" pos="630,640,0" EntityGUID="{D559DCF3-FAC4-4E67-9467-59A82A522BC7}" EntityGUID_64="4E67FAC4D559DCF3">
   <Inputs entityId="0" Brightness="0" DiffuseColor1="0,0,0" DiffuseColor2="0,0,0" LightStyle1="0" LightStyle2="0" Off="0" On="0" ResetBrightness="0"/>
  </Node>
  <Node Id="106" Class="entity:ArkLight" pos="60,700,0" EntityGUID="{DDD9DB6B-7F20-4368-9DA0-575D111C134D}" EntityGUID_64="43687F20DDD9DB6B">
   <Inputs entityId="0" Brightness="0" DiffuseColor1="0,0,0" DiffuseColor2="0,0,0" LightStyle1="0" LightStyle2="0" Off="0" On="0" ResetBrightness="0"/>
  </Node>
  <Node Id="108" Class="entity:ArkLight" pos="370,640,0" EntityGUID="{2011F0BB-48C8-47AE-A063-4128B3EC1A26}" EntityGUID_64="47AE48C82011F0BB">
   <Inputs entityId="0" Brightness="0" DiffuseColor1="0,0,0" DiffuseColor2="0,0,0" LightStyle1="0" LightStyle2="0" Off="0" On="0" ResetBrightness="0"/>
  </Node>
  <Node Id="110" Class="entity:ArkLight" pos="630,660,0" EntityGUID="{D2B08680-E9FA-455A-9361-44BBCFFD3125}" EntityGUID_64="455AE9FAD2B08680">
   <Inputs entityId="0" Brightness="0" DiffuseColor1="0,0,0" DiffuseColor2="0,0,0" LightStyle1="0" LightStyle2="0" Off="0" On="0" ResetBrightness="0"/>
  </Node>
  <Node Id="112" Class="entity:ArkLight" pos="630,680,0" EntityGUID="{AB8E20D5-5FC6-462F-B3FC-6E9B116C90F1}" EntityGUID_64="462F5FC6AB8E20D5">
   <Inputs entityId="0" Brightness="0" DiffuseColor1="0,0,0" DiffuseColor2="0,0,0" LightStyle1="0" LightStyle2="0" Off="0" On="0" ResetBrightness="0"/>
  </Node>
  <Node Id="114" Class="entity:ArkLight" pos="630,700,0" EntityGUID="{99B6FCF7-CD26-48C6-B24F-6182505CB430}" EntityGUID_64="48C6CD2699B6FCF7">
   <Inputs entityId="0" Brightness="0" DiffuseColor1="0,0,0" DiffuseColor2="0,0,0" LightStyle1="0" LightStyle2="0" Off="0" On="0" ResetBrightness="0"/>
  </Node>
  <Node Id="116" Class="entity:ArkLight" pos="370,660,0" EntityGUID="{C54748F8-F107-4A87-9DE6-E3516C1DF1C5}" EntityGUID_64="4A87F107C54748F8">
   <Inputs entityId="0" Brightness="0" DiffuseColor1="0,0,0" DiffuseColor2="0,0,0" LightStyle1="0" LightStyle2="0" Off="0" On="0" ResetBrightness="0"/>
  </Node>
  <Node Id="118" Class="entity:ArkLight" pos="60,720,0" EntityGUID="{6B769367-BA12-43C3-A0E5-D1C264E48C43}" EntityGUID_64="43C3BA126B769367">
   <Inputs entityId="0" Brightness="0" DiffuseColor1="0,0,0" DiffuseColor2="0,0,0" LightStyle1="0" LightStyle2="0" Off="0" On="0" ResetBrightness="0"/>
  </Node>
  <Node Id="120" Class="entity:ArkLight" pos="370,680,0" EntityGUID="{E976C1E4-F011-4E4E-A00C-3206ABD9F941}" EntityGUID_64="4E4EF011E976C1E4">
   <Inputs entityId="0" Brightness="0" DiffuseColor1="0,0,0" DiffuseColor2="0,0,0" LightStyle1="0" LightStyle2="0" Off="0" On="0" ResetBrightness="0"/>
  </Node>
  <Node Id="122" Class="entity:ArkLight" pos="630,720,0" EntityGUID="{1FB48632-55C4-48DC-8AD3-EA8CE951BF74}" EntityGUID_64="48DC55C41FB48632">
   <Inputs entityId="0" Brightness="0" DiffuseColor1="0,0,0" DiffuseColor2="0,0,0" LightStyle1="0" LightStyle2="0" Off="0" On="0" ResetBrightness="0"/>
  </Node>
  <Node Id="124" Class="entity:ArkLight" pos="630,740,0" EntityGUID="{C5DF519E-19BF-4938-9788-8BFCE0688FEB}" EntityGUID_64="493819BFC5DF519E">
   <Inputs entityId="0" Brightness="0" DiffuseColor1="0,0,0" DiffuseColor2="0,0,0" LightStyle1="0" LightStyle2="0" Off="0" On="0" ResetBrightness="0"/>
  </Node>
  <Node Id="126" Class="entity:ArkLight" pos="370,700,0" EntityGUID="{28F06719-2BC8-42A2-9687-B90DAABB730D}" EntityGUID_64="42A22BC828F06719">
   <Inputs entityId="0" Brightness="0" DiffuseColor1="0,0,0" DiffuseColor2="0,0,0" LightStyle1="0" LightStyle2="0" Off="0" On="0" ResetBrightness="0"/>
  </Node>
  <Node Id="128" Class="entity:ArkLight" pos="370,720,0" EntityGUID="{B7EF8938-3D4E-4D68-95FF-BE10C4CAC508}" EntityGUID_64="4D683D4EB7EF8938">
   <Inputs entityId="0" Brightness="0" DiffuseColor1="0,0,0" DiffuseColor2="0,0,0" LightStyle1="0" LightStyle2="0" Off="0" On="0" ResetBrightness="0"/>
  </Node>
  <Node Id="130" Class="entity:ArkLight" pos="60,740,0" EntityGUID="{5FF095D1-35CB-4FE3-9E18-375B920C14A6}" EntityGUID_64="4FE335CB5FF095D1">
   <Inputs entityId="0" Brightness="0" DiffuseColor1="0,0,0" DiffuseColor2="0,0,0" LightStyle1="0" LightStyle2="0" Off="0" On="0" ResetBrightness="0"/>
  </Node>
  <Node Id="132" Class="entity:ArkLight" pos="370,740,0" EntityGUID="{47748164-BA80-489B-8570-82ADA9343796}" EntityGUID_64="489BBA8047748164">
   <Inputs entityId="0" Brightness="0" DiffuseColor1="0,0,0" DiffuseColor2="0,0,0" LightStyle1="0" LightStyle2="0" Off="0" On="0" ResetBrightness="0"/>
  </Node>
  <Node Id="134" Class="entity:ArkLight" pos="370,760,0" EntityGUID="{CDFEB637-8678-460A-9D6A-D22D957F0E1E}" EntityGUID_64="460A8678CDFEB637">
   <Inputs entityId="0" Brightness="0" DiffuseColor1="0,0,0" DiffuseColor2="0,0,0" LightStyle1="0" LightStyle2="0" Off="0" On="0" ResetBrightness="0"/>
  </Node>
 </Nodes>
 <Edges />
 <GraphTokens />
</Graph>
