
<ResponseRules>
 <ResponseRule id="13680621263402858014" name="Phantom Searching" cooldown="20" description="Ran away from combat or from the player." response="13680621263402858374">
  <Criteria>
   <Criterion id="15659330456318451386" value="13680621263402848188" comparison="0" type="guid"/>
   <Criterion id="15659330456318451410" comparison="0" value="whileSearching" fromResponse="0" type="default"/>
  </Criteria>
 </ResponseRule>
 <ResponseRule id="13680621263402858016" name="Give Up Search" cooldown="5" description="Ran away from combat or from the player." response="13680621263402858443">
  <Criteria>
   <Criterion id="15659330456318451386" value="13680621263402848188" comparison="0" type="guid"/>
   <Criterion id="15659330456318451410" comparison="0" value="onHuntGaveUp" fromResponse="0" type="default"/>
  </Criteria>
 </ResponseRule>
 <WritebackKeys>
  <WritebackKey id="13680621263386018246" name="RecentlyCommentedAboutPowers"/>
  <WritebackKey id="13680621263386019846" name="RecentlyTaunted"/>
 </WritebackKeys>
 <ResponseRule id="13680621263402858009" name="Noticed Something" cooldown="20" description="Saw/Heard something suspicious." response="13680621263402858076">
  <Criteria>
   <Criterion id="15659330456318451386" value="13680621263402848188" comparison="0" type="guid"/>
   <Criterion id="15659330456318451410" comparison="0" value="onGainedAttentionOnTarget" fromResponse="0" type="default"/>
   <Criterion comparison="0" passIfMissing="false" id="10850392949532183293" type="default" keyType="default" value="1"/>
  </Criteria>
 </ResponseRule>
 <ResponseRule id="13680621263402858011" name="Patrolling" cooldown="20" description="Saw/Heard something suspicious." response="13680621263402858175">
  <Criteria>
   <Criterion id="15659330456318451386" value="13680621263402848188" comparison="0" type="guid"/>
   <Criterion id="15659330456318451410" comparison="0" value="whilePatrolling" fromResponse="0" type="default"/>
  </Criteria>
 </ResponseRule>
 <ResponseRule id="13680621263402858012" name="Wandering" cooldown="20" description="Phantom Wandering." response="13680621263402858175">
  <Criteria>
   <Criterion id="15659330456318451386" value="13680621263402848188" comparison="0" type="guid"/>
   <Criterion id="15659330456318451410" comparison="0" value="whileWandering" fromResponse="0" type="default"/>
  </Criteria>
 </ResponseRule>
 <ResponseRule id="13680621263402858013" name="OnApproach" cooldown="60" description="Saw/Heard something suspicious." response="13680621263402858175" oneshot="0" conversation="0">
  <Criteria>
   <Criterion id="15659330456318451386" value="13680621263402848188" comparison="0" type="guid"/>
   <Criterion id="15659330456318451410" comparison="0" value="onPlayerApproach" fromResponse="0" type="default"/>
  </Criteria>
 </ResponseRule>
 <ResponseRule id="13680621263402858017" name="Lost Target, Combat" cooldown="5" description="Ran away from combat or from the player." response="13680621263402858443">
  <Criteria>
   <Criterion id="15659330456318451386" value="13680621263402848188" comparison="0" type="guid"/>
   <Criterion id="15659330456318451410" comparison="0" value="onLostTarget" fromResponse="0" type="default"/>
  </Criteria>
 </ResponseRule>
 <ResponseSet id="13680621263402858076">
  <Response dialog="13680621263402858075" id="13680621263402858077" cooldown="40" weight="1" oneshot="0" completeConversation="1" delay="0" cutoff="0"/>
  <Response dialog="13680621263402858081" id="13680621263402858082" cooldown="40" weight="1" oneshot="0" completeConversation="1" delay="0" cutoff="0"/>
  <Response dialog="13680621263402858092" id="13680621263402858093" cooldown="40" weight="1" oneshot="0" completeConversation="1" delay="0" cutoff="0"/>
  <Response dialog="13680621263402858108" id="13680621263402858109" cooldown="40" weight="1" oneshot="0" completeConversation="1" delay="0" cutoff="0"/>
  <Response dialog="13680621263402858118" id="13680621263402858119" cooldown="40" weight="1" oneshot="0" completeConversation="1" delay="0" cutoff="0"/>
  <Response dialog="13680621263402858127" id="13680621263402858128" cooldown="40" weight="1" oneshot="0" completeConversation="1" delay="0" cutoff="0"/>
 </ResponseSet>
 <ResponseSet id="13680621263402858175">
  <Response dialog="13680621263402858174" id="13680621263402858176" cooldown="160" weight="1" oneshot="0" completeConversation="1" delay="0" cutoff="0"/>
  <Response dialog="13680621263402858184" id="13680621263402858185" cooldown="160" weight="1" oneshot="0" completeConversation="1" delay="0" cutoff="0"/>
  <Response dialog="13680621263402858196" id="13680621263402858197" cooldown="160" weight="1" oneshot="0" completeConversation="1" delay="0" cutoff="0"/>
  <Response dialog="13680621263402858243" id="13680621263402858244" cooldown="160" weight="1" oneshot="0" completeConversation="1" delay="0" cutoff="0"/>
  <Response dialog="13680621263402858249" id="13680621263402858250" cooldown="160" weight="1" oneshot="0" completeConversation="1" delay="0" cutoff="0"/>
  <Response dialog="13680621263402858258" id="13680621263402858259" cooldown="160" weight="1" oneshot="0" completeConversation="1" delay="0" cutoff="0"/>
  <Response dialog="13680621263402858271" id="13680621263402858272" cooldown="160" weight="1" oneshot="0" completeConversation="1" delay="0" cutoff="0"/>
  <Response dialog="13680621263402858281" id="13680621263402858282" cooldown="160" weight="1" oneshot="0" completeConversation="1" delay="0" cutoff="0"/>
  <Response dialog="13680621263402858303" id="13680621263402858304" cooldown="160" weight="1" oneshot="0" completeConversation="1" delay="0" cutoff="0"/>
  <Response dialog="13680621263402858313" id="13680621263402858314" cooldown="160" weight="1" oneshot="0" completeConversation="1" delay="0" cutoff="0"/>
  <Response dialog="13680621263402858319" id="13680621263402858320" cooldown="160" weight="1" oneshot="0" completeConversation="1" delay="0" cutoff="0"/>
  <Response dialog="13680621263402858326" id="13680621263402858327" cooldown="160" weight="1" oneshot="0" completeConversation="1" delay="0" cutoff="0"/>
 </ResponseSet>
 <ResponseSet id="13680621263402858374">
  <Response dialog="13680621263402858373" id="13680621263402858375" cooldown="60" weight="1" oneshot="0" completeConversation="1" delay="0" cutoff="0"/>
  <Response dialog="13680621263402858380" id="13680621263402858381" cooldown="60" weight="1" oneshot="0" completeConversation="1" delay="0" cutoff="0"/>
  <Response dialog="13680621263402858387" id="13680621263402858388" cooldown="60" weight="1" oneshot="0" completeConversation="1" delay="0" cutoff="0"/>
  <Response dialog="13680621263402858392" id="13680621263402858393" cooldown="60" weight="1" oneshot="0" completeConversation="1" delay="0" cutoff="0"/>
  <Response dialog="13680621263402858399" id="13680621263402858400" cooldown="60" weight="1" oneshot="0" completeConversation="1" delay="0" cutoff="0"/>
  <Response dialog="13680621263402858412" id="13680621263402858413" cooldown="60" weight="1" oneshot="0" completeConversation="1" delay="0" cutoff="0"/>
  <Response dialog="13680621263402858418" id="13680621263402858419" cooldown="60" weight="1" oneshot="0" completeConversation="1" delay="0" cutoff="0"/>
 </ResponseSet>
 <ResponseSet id="13680621263402858443">
  <Response dialog="13680621263402858442" id="13680621263402858444" cooldown="0" weight="1" oneshot="0" completeConversation="1" delay="0" cutoff="0"/>
  <Response dialog="13680621263402858448" id="13680621263402858449" cooldown="0" weight="1" oneshot="0" completeConversation="1" delay="0" cutoff="0"/>
  <Response dialog="13680621263402858454" id="13680621263402858455" cooldown="0" weight="1" oneshot="0" completeConversation="1" delay="0" cutoff="0"/>
 </ResponseSet>
</ResponseRules>