<GameTokensLibrary Name="Level" LevelName="gamesdk/levels/campaign/research/psychotronics">
 <GameToken Id="-166028985" Name="Psychotronics.IncidentPlaybackEnabled" Flags="4" Type="Bool" Value="false"/>
 <GameToken Id="-2023624554" Name="Psychotronics.AlexKletkaMsgDone" Flags="4" Type="Bool" Value="false"/>
 <GameToken Id="-1475425025" Name="Psychotronics.PickedUpQuantumTransmogrifier" Flags="4" Type="Bool" Value="false"/>
 <GameToken Id="-1655407423" Name="Psychotronics.MorgueDoorUnlocked" Flags="4" Type="Bool" Value="false"/>
 <GameToken Id="-1477777062" Name="Psychotronics.LiveExamMalfunctionState" Flags="4" Type="Bool" Value="false"/>
 <GameToken Id="-1140781810" Name="Psychotronics.DecontaminationInProcess" Flags="4" Type="Bool" Value="false"/>
 <GameToken Id="-1275224000" Name="Psychotronics.KelstrupsOfficePowerOff" Flags="4" Type="Bool" Value="false"/>
 <GameToken Id="-352725393" Name="Psychotronics.PsychoscopeCalibrationDoorOpened" Flags="4" Type="Bool" Value="false"/>
 <GameToken Id="-1157691636" Name="Psychotronics.MorphTestMimicEscaped" Flags="4" Type="Bool" Value="false"/>
 <GameToken Id="-1787518756" Name="Psychotronics.MorphTestMimicDead" Flags="4" Type="Bool" Value="false"/>
 <GameToken Id="-1985901085" Name="Psychotronics.MorphTestMimicDespawned" Flags="4" Type="Bool" Value="false"/>
 <GameToken Id="-1302673828" Name="Psychotronics.LockMorphTests" Flags="4" Type="Bool" Value="false"/>
 <GameToken Id="-392402880" Name="Psychotronics.MirrorNeuronsTSPlayed" Flags="4" Type="Bool" Value="false"/>
 <GameToken Id="-1931307250" Name="Psychotronics.LG_glass_broken" Flags="4" Type="Bool" Value="false"/>
 <GameToken Id="-1045325222" Name="Psychotronics.LookingGlassDoorOpen" Flags="4" Type="Bool" Value="false"/>
 <GameToken Id="-169549987" Name="Psychotronics.WeaverEscapedProfileActive" Flags="4" Type="Bool" Value="false"/>
 <GameToken Id="-1252931347" Name="Psychotronics.FirstPassAISelected" Flags="4" Type="Bool" Value="false"/>
 <GameToken Id="-1374364695" Name="Psychotronics.PlayerLoadedMimicForExtraction" Flags="4" Type="Bool" Value="false"/>
 <GameToken Id="-898165790" Name="Psychotronics.IsInVolume1" Flags="4" Type="Bool" Value="false"/>
 <GameToken Id="-746700200" Name="Psychotronics.IsInVolume2" Flags="4" Type="Bool" Value="false"/>
 <GameToken Id="-1535544626" Name="Psychotronics.IsInVolume3" Flags="4" Type="Bool" Value="false"/>
 <GameToken Id="-1172445331" Name="Psychotronics.IsInVolume4" Flags="4" Type="Bool" Value="false"/>
 <GameToken Id="-939160312" Name="Psychotronics.HumanCorpseInLiveExam" Flags="4" Type="Bool" Value="false"/>
 <GameToken Id="-322573079" Name="Psychotronics.RubyInExam" Flags="4" Type="Bool" Value="false"/>
 <GameToken Id="-802521290" Name="Psychotronics.KimuraInExam" Flags="4" Type="Bool" Value="false"/>
 <GameToken Id="-468070104" Name="Psychotronics.BellamyInExam" Flags="4" Type="Bool" Value="false"/>
 <GameToken Id="-1729536851" Name="Psychotronics.DInExam" Flags="4" Type="Bool" Value="false"/>
 <GameToken Id="-80123497" Name="Psychotronics.BInExam" Flags="4" Type="Bool" Value="false"/>
 <GameToken Id="-900189332" Name="Psychotronics.JordanInExam" Flags="4" Type="Bool" Value="false"/>
 <GameToken Id="-582065629" Name="Psychotronics.CInExam" Flags="4" Type="Bool" Value="false"/>
 <GameToken Id="-433289788" Name="Psychotronics.DemianInExam" Flags="4" Type="Bool" Value="false"/>
 <GameToken Id="-871478430" Name="Psychotronics.KristineInExam" Flags="4" Type="Bool" Value="false"/>
 <GameToken Id="-558193484" Name="Psychotronics.HansInExam" Flags="4" Type="Bool" Value="false"/>
 <GameToken Id="-1069972487" Name="Psychotronics.AllisonInExam" Flags="4" Type="Bool" Value="false"/>
 <GameToken Id="-1450175187" Name="Psychotronics.RoryInExam" Flags="4" Type="Bool" Value="false"/>
 <GameToken Id="-47383323" Name="Psychotronics.AndreaInExam" Flags="4" Type="Bool" Value="false"/>
 <GameToken Id="-1576331656" Name="Psychotronics.SebInExam" Flags="4" Type="Bool" Value="false"/>
 <GameToken Id="-859866556" Name="Psychotronics.AnaInExam" Flags="4" Type="Bool" Value="false"/>
 <GameToken Id="-503513093" Name="Psychotronics.CoryInExam" Flags="4" Type="Bool" Value="false"/>
 <GameToken Id="-1791993582" Name="Psychotronics.StevenInExam" Flags="4" Type="Bool" Value="false"/>
 <GameToken Id="-354338716" Name="Psychotronics.JanosInExam" Flags="4" Type="Bool" Value="false"/>
 <GameToken Id="-179610033" Name="Psychotronics.PlayerInFrontOfCapsule" Flags="4" Type="Bool" Value="false"/>
 <GameToken Id="-19564276" Name="Psychotronics.PlayerLookingAtCapsule" Flags="4" Type="Bool" Value="false"/>
</GameTokensLibrary>
