<GameTokensLibrary Name="Level" LevelName="gamesdk/levels/campaign/research/lobby">
 <GameToken Id="-1892078086" Name="Lobby.ItIsTimeForPsychotronicsCoreObjective" Flags="4" Type="Bool" Value="false"/>
 <GameToken Id="-566506088" Name="Lobby.MorgansHomeScreenISActive" Flags="4" Type="Bool" Value="true"/>
 <GameToken Id="-946850240" Name="Lobby.CopycatOperator" Flags="4" Type="String" Value=""/>
 <GameToken Id="-1584541228" Name="Lobby.GoingToArboretum" Flags="4" Type="Bool" Value="false"/>
 <GameToken Id="-442268927" Name="Lobby.GoingToLobby" Flags="4" Type="Bool" Value="false"/>
 <GameToken Id="-1548382699" Name="Lobby.GoingToLifeSupport" Flags="4" Type="Bool" Value="false"/>
 <GameToken Id="-504957819" Name="Lobby.ElevatorAmbushIsActive" Flags="4" Type="Bool" Value="false"/>
 <GameToken Id="-1866845066" Name="Lobby.JanuaryID" Flags="4" Type="String" Value=""/>
 <GameToken Id="-774539463" Name="Lobby.MikhailaUnconscious" Flags="4" Type="Bool" Value="false"/>
 <GameToken Id="-595021112" Name="Lobby.IgweUnconscious" Flags="4" Type="Bool" Value="false"/>
 <GameToken Id="-113025660" Name="Lobby.JanKeyDropped" Flags="4" Type="Bool" Value="false"/>
 <GameToken Id="-2024646043" Name="Lobby.DhalElevatorActive" Flags="4" Type="Bool" Value="false"/>
 <GameToken Id="-85209772" Name="Lobby.LiftAmbushCOMPLETED" Flags="4" Type="Bool" Value="false"/>
 <GameToken Id="-1196462941" Name="Lobby.ResumeVideoTrue" Flags="4" Type="Bool" Value="false"/>
</GameTokensLibrary>
