<EntityPrototypeLibrary Name="Level">
 <EntityPrototype Name="PipeStuckInFan_Physics" Id="{F396D43E-22CD-410E-BD61-47782A2715DC}" Library="Level" Class="RigidBodyEx" Description="" ArchetypeId="13856881013222212025">
  <Properties bCanTriggerAreas="0" carryForwardOffset="0" carryHeightOffset="0" ability_CarryRequirement="" bDamagesPlayerOnCollisionSP="0" textDisplayName="" DmgFactorWhenCollidingAI="1" bExcludeCover="0" bGooCannotAttachInGravity="0" bHeavyObject="0" bHideDisplayName="0" bInteractiveCollision="0" bIsCarryable="1" bIsMimicable="0" bMissionCritical="0" object_Model="objects/environment/props/gameplay/pipes_hazard_a/pipes_hazard_broken_a_custom_straight_03_dmg.cgf" bPickable="0" bSerialize="0" soclasses_SmartObjectClass="" vector_ThrowAngularImpulse="-0.5,0.25,0.1" vector_throwParticleOffset="0,0,0" ei_TransparencyMode="0" bUsable="0" UseMessage="" bUseSafeCarry="0">
   <AI bUsedAsDynamicObstacle="1"/>
   <carryDirection x="0" y="0" z="0"/>
   <Health bInvulnerable="1" MaxHealth="500" bOnlyEnemyFire="1"/>
   <MultiplayerOptions bNetworked="0"/>
   <Physics bActivateOnDamage="0" bCanBreakOthers="0" signalpackage_collisionDamagePackage="" Density="-1" Mass="30" bPhysicalize="1" bPushableByAI="1" bPushableByPlayers="1" bResting="1" bRigidBody="1" bRigidBodyActive="1">
    <Buoyancy water_damping="0" water_density="1000" water_resistance="1000"/>
    <CGFPropsOverride player_can_break="">
     <Constraint constraint_collides="" constraint_damping="" constraint_limit="" constraint_maxang="" constraint_minang=""/>
     <Deformable explosion_scale="" hardness="" max_impulse="" max_stretch="" skin_dist="" stiffness="" thickness=""/>
     <Joint bend="" limit="" pull="" push="" shift="" twist=""/>
    </CGFPropsOverride>
    <CollisionFiltering>
     <collisionIgnore bT_collision_class_articulated="0" bT_collision_class_living="0" bT_collision_class_particle="0" bT_collision_class_soft="0" bT_collision_class_terrain="0" bT_collision_class_wheeled="0" bT_gcc_ai="0" bT_gcc_breakable="0" bT_gcc_coral="0" bT_gcc_goo="0" bT_gcc_permeable="0" bT_gcc_permeable_to_AOE="0" bT_gcc_player_body="0" bT_gcc_player_capsule="0" bT_gcc_projectile="0" bT_gcc_ragdoll="0" bT_gcc_rigid="0" bT_gcc_smokeform="0" bT_gcc_transparent="0" bT_gcc_unclimbable="0" bT_gcc_vehicle="0"/>
     <collisionType bT_collision_class_articulated="0" bT_collision_class_living="0" bT_collision_class_particle="0" bT_collision_class_soft="0" bT_collision_class_terrain="0" bT_collision_class_wheeled="0" bT_gcc_ai="0" bT_gcc_breakable="0" bT_gcc_coral="0" bT_gcc_goo="0" bT_gcc_permeable="0" bT_gcc_permeable_to_AOE="0" bT_gcc_player_body="0" bT_gcc_player_capsule="0" bT_gcc_projectile="0" bT_gcc_ragdoll="0" bT_gcc_rigid="0" bT_gcc_smokeform="0" bT_gcc_transparent="0" bT_gcc_unclimbable="0" bT_gcc_vehicle="0"/>
    </CollisionFiltering>
    <ForeignData bMovingPlatform="0"/>
    <Simulation damping="0" bFixedDamping="0" max_time_step="0.02" sleep_speed="0.04" bUseSimpleSolver="0"/>
   </Physics>
   <RecycleData exotic="0" mineral="1" organic="0" synthetic="0"/>
   <Silhouette fAlpha="0.25" color_RGB="1,1,1"/>
   <Sound audioTrigger_Carry="" audioTrigger_HoldCarryCancel="" audioTrigger_HoldCarryStart=""/>
   <AdditionalArchetypeProperties PrototypeMaterial=""/>
  </Properties>
  <ObjectVars OutdoorOnly="0" CastShadow="1" CastShadowMinspec="1" DynamicDistanceShadows="0" ShadowCasterType="0" CastSunShadowMinSpec="8" LodRatio="100" ViewDistRatio="100" CastShadowViewDistRatio="0" HiddenInGame="0" GlobalInSegmentedWorld="0" RecvWind="0" RenderNearest="0" NoStaticDecals="0" CreatedThroughPool="0" SceneIndex="0" HiddenInProbes="0"/>
 </EntityPrototype>
 <EntityPrototype Name="OxygenControlPanel" Id="{2BFE1BF6-F67C-498D-BC6F-F62DCB0BD2ED}" Library="Level" Class="RigidBodyEx" Description="" ArchetypeId="13856881013222722341">
  <Properties bCanTriggerAreas="1" carryForwardOffset="0" carryHeightOffset="0" ability_CarryRequirement="3149325216928599448" bDamagesPlayerOnCollisionSP="0" textDisplayName="" DmgFactorWhenCollidingAI="1" bExcludeCover="0" bGooCannotAttachInGravity="0" bHeavyObject="0" bHideDisplayName="1" bInteractiveCollision="0" bIsCarryable="1" bIsMimicable="0" bMissionCritical="0" object_Model="Objects/Environment/Props/Gameplay/Grounding_Resistor_A/grounding_resistor_a_door.cgf" bPickable="0" bSerialize="0" soclasses_SmartObjectClass="" vector_ThrowAngularImpulse="-10,0,0" vector_throwParticleOffset="0,0,0" ei_TransparencyMode="0" bUsable="0" UseMessage="" bUseSafeCarry="0">
   <AI bUsedAsDynamicObstacle="1"/>
   <carryDirection x="0" y="0" z="0"/>
   <Health bInvulnerable="1" MaxHealth="500" bOnlyEnemyFire="1"/>
   <MultiplayerOptions bNetworked="0"/>
   <Physics bActivateOnDamage="0" bCanBreakOthers="0" signalpackage_collisionDamagePackage="" Density="-1" Mass="75" bPhysicalize="1" bPushableByAI="1" bPushableByPlayers="1" bResting="1" bRigidBody="1" bRigidBodyActive="1">
    <Buoyancy water_damping="0" water_density="1000" water_resistance="1000"/>
    <CGFPropsOverride player_can_break="">
     <Constraint constraint_collides="" constraint_damping="" constraint_limit="" constraint_maxang="" constraint_minang=""/>
     <Deformable explosion_scale="" hardness="" max_impulse="" max_stretch="" skin_dist="" stiffness="" thickness=""/>
     <Joint bend="" limit="" pull="" push="" shift="" twist=""/>
    </CGFPropsOverride>
    <CollisionFiltering>
     <collisionIgnore bT_collision_class_articulated="0" bT_collision_class_living="0" bT_collision_class_particle="0" bT_collision_class_soft="0" bT_collision_class_terrain="0" bT_collision_class_wheeled="0" bT_gcc_ai="0" bT_gcc_breakable="0" bT_gcc_coral="0" bT_gcc_goo="0" bT_gcc_permeable="0" bT_gcc_permeable_to_AOE="0" bT_gcc_player_body="0" bT_gcc_player_capsule="0" bT_gcc_projectile="0" bT_gcc_ragdoll="0" bT_gcc_rigid="0" bT_gcc_smokeform="0" bT_gcc_transparent="0" bT_gcc_unclimbable="0" bT_gcc_vehicle="0"/>
     <collisionType bT_collision_class_articulated="0" bT_collision_class_living="0" bT_collision_class_particle="0" bT_collision_class_soft="0" bT_collision_class_terrain="0" bT_collision_class_wheeled="0" bT_gcc_ai="0" bT_gcc_breakable="0" bT_gcc_coral="0" bT_gcc_goo="0" bT_gcc_permeable="0" bT_gcc_permeable_to_AOE="0" bT_gcc_player_body="0" bT_gcc_player_capsule="0" bT_gcc_projectile="0" bT_gcc_ragdoll="0" bT_gcc_rigid="0" bT_gcc_smokeform="0" bT_gcc_transparent="0" bT_gcc_unclimbable="0" bT_gcc_vehicle="0"/>
    </CollisionFiltering>
    <ForeignData bMovingPlatform="0"/>
    <Simulation damping="0" bFixedDamping="0" max_time_step="0.02" sleep_speed="0.04" bUseSimpleSolver="0"/>
   </Physics>
   <RecycleData exotic="0" mineral="5" organic="0" synthetic="0"/>
   <Silhouette fAlpha="0.25" color_RGB="1,1,1"/>
   <Sound audioTrigger_Carry="Play_Player_Carry" audioTrigger_HoldCarryCancel="" audioTrigger_HoldCarryStart=""/>
   <AdditionalArchetypeProperties PrototypeMaterial=""/>
  </Properties>
  <ObjectVars OutdoorOnly="0" CastShadow="1" CastShadowMinspec="1" DynamicDistanceShadows="0" ShadowCasterType="0" CastSunShadowMinSpec="8" LodRatio="100" ViewDistRatio="100" CastShadowViewDistRatio="0" HiddenInGame="0" GlobalInSegmentedWorld="0" RecvWind="0" RenderNearest="0" NoStaticDecals="1" CreatedThroughPool="0" SceneIndex="0" HiddenInProbes="0"/>
 </EntityPrototype>
</EntityPrototypeLibrary>
