<LevelData SandboxVersion="3.7.0.179">
 <LevelInfo CreationDate="08/01/18" Name="LifeSupport" HeightmapSize="400" HeightmapUnitSize="2" HeightmapMaxHeight="1024" WaterLevel="-1000000" TerrainSectorSizeInMeters="64"/>
 <SurfaceTypes>
  <SurfaceType Name="Materials/material_terrain_default" SurfaceTypeID="0" DetailTexture="" DetailScaleX="1" DetailScaleY="1" DetailMaterial="Materials/material_terrain_default" ProjectAxis="2" Bumpmap="" ProjAxis="Z"/>
 </SurfaceTypes>
 <CollisionClasses>
  <CollisionClass type="0" ignore="0"/>
  <CollisionClass type="0" ignore="4294967295"/>
  <CollisionClass type="0" ignore="16384"/>
  <CollisionClass type="0" ignore="65536"/>
  <CollisionClass type="65536" ignore="0"/>
  <CollisionClass type="1024" ignore="0"/>
  <CollisionClass type="0" ignore="128"/>
  <CollisionClass type="0" ignore="384"/>
  <CollisionClass type="2163712" ignore="0"/>
  <CollisionClass type="4194304" ignore="0"/>
  <CollisionClass type="524288" ignore="0"/>
  <CollisionClass type="4096" ignore="0"/>
  <CollisionClass type="2098176" ignore="0"/>
  <CollisionClass type="2098176" ignore="65536"/>
 </CollisionClasses>
 <Layers>
  <Layer Name="LifeSupport_Sq_05_DahlReactions" Parent="LifeSupport_Cinematics" Id="1" Specs="-1"/>
  <Layer Name="LifeSupport_Lighting" Parent="" Id="2" Specs="-1"/>
  <Layer Name="LifeSupport_Lighting_NPCs" Parent="LifeSupport_Lighting" Id="3" Specs="-1"/>
  <Layer Name="LifeSupport_Sq_01a_Convo1" Parent="LifeSupport_Cinematics" Id="4" Specs="-1"/>
  <Layer Name="LifeSupport_Tutorial" Parent="" Id="5" Specs="-1"/>
  <Layer Name="LifeSupport_WaterTreatment_Geo" Parent="LifeSupport_Geo" Id="6" Specs="-1"/>
  <Layer Name="LifeSupport_Bathroom_Geo" Parent="LifeSupport_Geo" Id="7" Specs="-1"/>
  <Layer Name="LifeSupport_Scripting_Central" Parent="LifeSupport_Scripting_New" Id="8" Specs="-1"/>
  <Layer Name="LifeSupport_EscapePods_Geo" Parent="LifeSupport_Geo" Id="9" Specs="-1"/>
  <Layer Name="LifeSupport_AI_DahlArrived" Parent="LifeSupport_AI" Id="10" Specs="-1"/>
  <Layer Name="LifeSupport_AI_StationReboot" Parent="LifeSupport_AI" Id="11" Specs="-1"/>
  <Layer Name="LifeSupport_Coral_Phase3" Parent="" Id="12" Specs="-1" LoadTokenId="1570678163" LoadTokenValue="3"/>
  <Layer Name="LifeSupport_Scripting_EscapePods" Parent="LifeSupport_Scripting_New" Id="13" Specs="-1"/>
  <Layer Name="LifeSupport_Scripting_SideQuests" Parent="LifeSupport_Scripting_New" Id="14" Specs="-1"/>
  <Layer Name="LifeSupport_ExteriorVista" Parent="" Id="15" Specs="-1"/>
  <Layer Name="LifeSupport_AtmosphereControl_Geo" Parent="LifeSupport_Geo" Id="16" Specs="-1"/>
  <Layer Name="LifeSupport_AI_DahlAllied" Parent="LifeSupport_AI" Id="17" Specs="-1"/>
  <Layer Name="LifeSupport_OccluderGeo" Parent="" Id="18" Specs="-1"/>
  <Layer Name="LifeSupport_Hub_Geo" Parent="LifeSupport_Geo" Id="19" Specs="-1"/>
  <Layer Name="LifeSupport_Sq_03_WaterRoom" Parent="LifeSupport_Cinematics" Id="20" Specs="-1"/>
  <Layer Name="LifeSupport_Sq_01b_Convo2" Parent="LifeSupport_Cinematics" Id="21" Specs="-1"/>
  <Layer Name="LifeSupport_Scripting_WaterTreatment" Parent="LifeSupport_Scripting_New" Id="22" Specs="-1"/>
  <Layer Name="LifeSupport_AI" Parent="" Id="23" Specs="-1"/>
  <Layer Name="LifeSupport_Distractions" Parent="" Id="24" Specs="-1"/>
  <Layer Name="Main" Parent="" Id="25" Specs="-1"/>
  <Layer Name="LifeSupport_Nightmare" Parent="" Id="26" Specs="-1"/>
  <Layer Name="LifeSupport_Signage" Parent="LifeSupport_Geo" Id="27" Specs="-1"/>
  <Layer Name="LifeSupport_LockerRoom_Geo" Parent="LifeSupport_Geo" Id="28" Specs="-1"/>
  <Layer Name="LifeSupport_CoralPhase5" Parent="" Id="29" Specs="-1" LoadTokenId="1570678163" LoadTokenValue="5"/>
  <Layer Name="LifeSupport_PlayerCollision" Parent="" Id="30" Specs="-1"/>
  <Layer Name="LifeSupport_Scripting_Atmosphere" Parent="LifeSupport_Scripting_New" Id="31" Specs="-1"/>
  <Layer Name="LifeSupport_LobbyTransition_Geo" Parent="LifeSupport_Geo" Id="32" Specs="-1"/>
  <Layer Name="LifeSupport_Sound" Parent="" Id="33" Specs="-1"/>
  <Layer Name="LifeSupport_Cinematics" Parent="" Id="34" Specs="-1"/>
  <Layer Name="Ark_MetricCameras" Parent="" Id="35" Specs="-1"/>
  <Layer Name="LifeSupport_Lighting_Backup" Parent="LifeSupport_Lighting" Id="36" Specs="-1"/>
  <Layer Name="LifeSupport_AI_ApexArrived" Parent="LifeSupport_AI" Id="37" Specs="-1"/>
  <Layer Name="LifeSupport_Breadcrumbing" Parent="" Id="38" Specs="-1"/>
  <Layer Name="LifeSupport_Vis_Area" Parent="" Id="39" Specs="-1"/>
  <Layer Name="LifeSupport_Storage_Geo" Parent="LifeSupport_Geo" Id="40" Specs="-1"/>
  <Layer Name="LifeSupport_PowerHall_Geo" Parent="LifeSupport_Geo" Id="41" Specs="-1"/>
  <Layer Name="LifeSupport_MedBay_Geo" Parent="LifeSupport_Geo" Id="42" Specs="-1"/>
  <Layer Name="LifeSupport_FX" Parent="" Id="43" Specs="-1"/>
  <Layer Name="LifeSupport_Coral_Phase4" Parent="" Id="44" Specs="-1" LoadTokenId="1570678163" LoadTokenValue="4"/>
  <Layer Name="LifeSupport_ShadowShells" Parent="" Id="45" Specs="-1"/>
  <Layer Name="LifeSupport_Apex" Parent="" Id="46" Specs="-1" LoadTokenId="659909599" LoadTokenValue="1"/>
  <Layer Name="LifeSupport_AI_FirstVisit" Parent="LifeSupport_AI" Id="47" Specs="-1"/>
  <Layer Name="LifeSupport_Scripting_New" Parent="" Id="48" Specs="-1"/>
  <Layer Name="LifeSupport_Lighting_Final_ON" Parent="LifeSupport_Lighting" Id="49" Specs="-1"/>
  <Layer Name="LifeSupport_Geo" Parent="" Id="50" Specs="-1"/>
  <Layer Name="LifeSupport_AI_DeadAlienStuff" Parent="LifeSupport_AI" Id="51" Specs="-1"/>
  <Layer Name="LifeSupport_Lighting_Final_OFF" Parent="LifeSupport_Lighting" Id="52" Specs="-1"/>
  <Layer Name="LifeSupportTest" Parent="" Id="53" Specs="-1"/>
  <Layer Name="LifeSupport_Lighting_Final" Parent="LifeSupport_Lighting" Id="54" Specs="-1"/>
  <Layer Name="LifeSupport_Sq_02_DahlPassesOut" Parent="LifeSupport_Cinematics" Id="55" Specs="-1"/>
 </Layers>
 <Vegetation />
 <MaterialsLibrary>
  <Library Name="Level"/>
 </MaterialsLibrary>
 <ParticlesLibrary>
  <Library Name="LevelShared"/>
  <Library Name="LevelSpecific"/>
  <Library Name="Characters"/>
  <Library Name="MaterialEffects"/>
  <Library Name="PlayerWeapons"/>
  <Library Name="Interactables"/>
  <Library Name="Screen"/>
  <Library Name="Player"/>
 </ParticlesLibrary>
 <GameTokensLibraryReferences>
  <Library Name="GT_Global"/>
  <Library Name="GT_GameTime"/>
  <Library Name="GT_GlobalStrings"/>
  <Library Name="GT_selliott_test1"/>
 </GameTokensLibraryReferences>
</LevelData>
