<EntitySerialization>
 <Entity id="1"/>
 <Entity id="2"/>
 <Entity id="3"/>
 <Entity id="4"/>
 <Entity id="5"/>
 <Entity id="6"/>
 <Entity id="7"/>
 <Entity id="8"/>
 <Entity id="9"/>
 <Entity id="10"/>
 <Entity id="11"/>
 <Entity id="12"/>
 <Entity id="13"/>
 <Entity id="14"/>
 <Entity id="15"/>
 <Entity id="16"/>
 <Entity id="17"/>
 <Entity id="18"/>
 <Entity id="19"/>
 <Entity id="20"/>
 <Entity id="21"/>
 <Entity id="22"/>
 <Entity id="23"/>
 <Entity id="24"/>
 <Entity id="25"/>
 <Entity id="26"/>
 <Entity id="27"/>
 <Entity id="28"/>
 <Entity id="29"/>
 <Entity id="30"/>
 <Entity id="31"/>
 <Entity id="32"/>
 <Entity id="33"/>
 <Entity id="34"/>
 <Entity id="35"/>
 <Entity id="36"/>
 <Entity id="37"/>
 <Entity id="38"/>
 <Entity id="39"/>
 <Entity id="40"/>
 <Entity id="41"/>
 <Entity id="42"/>
 <Entity id="43"/>
 <Entity id="44"/>
 <Entity id="45"/>
 <Entity id="46"/>
 <Entity id="47"/>
 <Entity id="48"/>
 <Entity id="49"/>
 <Entity id="50"/>
 <Entity id="51"/>
 <Entity id="52"/>
 <Entity id="53"/>
 <Entity id="54"/>
 <Entity id="55"/>
 <Entity id="56"/>
 <Entity id="57"/>
 <Entity id="58"/>
 <Entity id="59"/>
 <Entity id="60"/>
 <Entity id="61"/>
 <Entity id="62"/>
 <Entity id="63"/>
 <Entity id="64"/>
 <Entity id="65"/>
 <Entity id="66"/>
 <Entity id="67"/>
 <Entity id="68"/>
 <Entity id="69"/>
 <Entity id="70"/>
 <Entity id="71"/>
 <Entity id="72"/>
 <Entity id="73"/>
 <Entity id="74"/>
 <Entity id="75"/>
 <Entity id="76"/>
 <Entity id="77"/>
 <Entity id="78"/>
 <Entity id="79"/>
 <Entity id="80"/>
 <Entity id="81"/>
 <Entity id="82"/>
 <Entity id="83"/>
 <Entity id="84"/>
 <Entity id="85"/>
 <Entity id="86"/>
 <Entity id="87"/>
 <Entity id="88"/>
 <Entity id="89"/>
 <Entity id="90"/>
 <Entity id="91"/>
 <Entity id="92"/>
 <Entity id="93"/>
 <Entity id="94"/>
 <Entity id="95"/>
 <Entity id="96"/>
 <Entity id="97"/>
 <Entity id="98"/>
 <Entity id="99"/>
 <Entity id="100"/>
 <Entity id="101"/>
 <Entity id="102"/>
 <Entity id="103"/>
 <Entity id="104"/>
 <Entity id="105"/>
 <Entity id="106"/>
 <Entity id="107"/>
 <Entity id="108"/>
 <Entity id="109"/>
 <Entity id="110"/>
 <Entity id="111"/>
 <Entity id="112"/>
 <Entity id="113"/>
 <Entity id="114"/>
 <Entity id="115"/>
 <Entity id="116"/>
 <Entity id="117"/>
 <Entity id="118"/>
 <Entity id="119"/>
 <Entity id="120"/>
 <Entity id="121"/>
 <Entity id="122"/>
 <Entity id="123"/>
 <Entity id="124"/>
 <Entity id="125"/>
 <Entity id="126"/>
 <Entity id="127"/>
 <Entity id="128"/>
 <Entity id="129"/>
 <Entity id="130"/>
 <Entity id="131"/>
 <Entity id="132"/>
 <Entity id="133"/>
 <Entity id="134"/>
 <Entity id="135"/>
 <Entity id="136"/>
 <Entity id="137"/>
 <Entity id="138"/>
 <Entity id="139"/>
 <Entity id="140"/>
 <Entity id="141"/>
 <Entity id="142"/>
 <Entity id="143"/>
 <Entity id="144"/>
 <Entity id="145"/>
 <Entity id="146"/>
 <Entity id="147"/>
 <Entity id="148"/>
 <Entity id="149"/>
 <Entity id="150"/>
 <Entity id="151"/>
 <Entity id="152"/>
 <Entity id="153"/>
 <Entity id="154"/>
 <Entity id="155"/>
 <Entity id="156"/>
 <Entity id="157"/>
 <Entity id="158"/>
 <Entity id="159"/>
 <Entity id="160"/>
 <Entity id="161"/>
 <Entity id="162"/>
 <Entity id="163"/>
 <Entity id="164"/>
 <Entity id="165"/>
 <Entity id="166"/>
 <Entity id="167"/>
 <Entity id="168"/>
 <Entity id="169"/>
 <Entity id="170"/>
 <Entity id="171"/>
 <Entity id="172"/>
 <Entity id="173"/>
 <Entity id="174"/>
 <Entity id="175"/>
 <Entity id="176"/>
 <Entity id="177"/>
 <Entity id="178"/>
 <Entity id="179"/>
 <Entity id="180"/>
 <Entity id="181"/>
 <Entity id="182"/>
 <Entity id="183"/>
 <Entity id="184"/>
 <Entity id="185"/>
 <Entity id="186"/>
 <Entity id="187"/>
 <Entity id="188"/>
 <Entity id="189"/>
 <Entity id="190"/>
 <Entity id="191"/>
 <Entity id="192"/>
 <Entity id="193"/>
 <Entity id="194"/>
 <Entity id="195"/>
 <Entity id="196"/>
 <Entity id="197"/>
 <Entity id="198"/>
 <Entity id="199"/>
 <Entity id="200"/>
 <Entity id="201"/>
 <Entity id="202"/>
 <Entity id="203"/>
 <Entity id="204"/>
 <Entity id="205"/>
 <Entity id="207"/>
 <Entity id="208"/>
 <Entity id="209"/>
 <Entity id="210"/>
 <Entity id="211"/>
 <Entity id="212"/>
 <Entity id="214"/>
 <Entity id="215"/>
 <Entity id="216"/>
 <Entity id="217"/>
 <Entity id="218"/>
 <Entity id="219"/>
 <Entity id="220"/>
 <Entity id="221"/>
 <Entity id="222"/>
 <Entity id="223"/>
 <Entity id="224"/>
 <Entity id="225"/>
 <Entity id="226"/>
 <Entity id="227"/>
 <Entity id="228"/>
 <Entity id="229"/>
 <Entity id="230"/>
 <Entity id="231"/>
 <Entity id="232"/>
 <Entity id="233"/>
 <Entity id="234"/>
 <Entity id="235"/>
 <Entity id="236"/>
 <Entity id="237"/>
 <Entity id="238"/>
 <Entity id="240"/>
 <Entity id="241"/>
 <Entity id="242"/>
 <Entity id="244"/>
 <Entity id="245"/>
 <Entity id="246"/>
 <Entity id="247"/>
 <Entity id="248"/>
 <Entity id="259"/>
 <Entity id="268"/>
 <Entity id="282"/>
 <Entity id="284"/>
 <Entity id="286"/>
 <Entity id="290"/>
 <Entity id="291"/>
 <Entity id="295"/>
 <Entity id="300"/>
 <Entity id="305"/>
 <Entity id="312"/>
 <Entity id="351"/>
 <Entity id="363"/>
 <Entity id="382"/>
 <Entity id="391"/>
 <Entity id="396"/>
 <Entity id="397"/>
 <Entity id="414"/>
 <Entity id="416"/>
 <Entity id="436"/>
 <Entity id="446"/>
 <Entity id="452"/>
 <Entity id="455"/>
 <Entity id="462"/>
 <Entity id="463"/>
 <Entity id="466"/>
 <Entity id="468"/>
 <Entity id="469"/>
 <Entity id="471"/>
 <Entity id="472"/>
 <Entity id="477"/>
 <Entity id="478"/>
 <Entity id="489"/>
 <Entity id="490"/>
 <Entity id="492"/>
 <Entity id="494"/>
 <Entity id="498"/>
 <Entity id="500"/>
 <Entity id="503"/>
 <Entity id="506"/>
 <Entity id="508"/>
 <Entity id="509"/>
 <Entity id="512"/>
 <Entity id="513"/>
 <Entity id="515"/>
 <Entity id="519"/>
 <Entity id="520"/>
 <Entity id="521"/>
 <Entity id="522"/>
 <Entity id="523"/>
 <Entity id="524"/>
 <Entity id="525"/>
 <Entity id="526"/>
 <Entity id="527"/>
 <Entity id="528"/>
 <Entity id="529"/>
 <Entity id="530"/>
 <Entity id="531"/>
 <Entity id="532"/>
 <Entity id="533"/>
 <Entity id="534"/>
 <Entity id="535"/>
 <Entity id="536"/>
 <Entity id="537"/>
 <Entity id="538"/>
 <Entity id="539"/>
 <Entity id="540"/>
 <Entity id="541"/>
 <Entity id="542"/>
 <Entity id="543"/>
 <Entity id="544"/>
 <Entity id="545"/>
 <Entity id="546"/>
 <Entity id="547"/>
 <Entity id="548"/>
 <Entity id="549"/>
 <Entity id="550"/>
 <Entity id="551"/>
 <Entity id="552"/>
 <Entity id="553"/>
 <Entity id="554"/>
 <Entity id="555"/>
 <Entity id="556"/>
 <Entity id="557"/>
 <Entity id="558"/>
 <Entity id="559"/>
 <Entity id="560"/>
 <Entity id="561"/>
 <Entity id="562"/>
 <Entity id="563"/>
 <Entity id="564"/>
 <Entity id="565"/>
 <Entity id="566"/>
 <Entity id="567"/>
 <Entity id="568"/>
 <Entity id="569"/>
 <Entity id="570"/>
 <Entity id="571"/>
 <Entity id="572"/>
 <Entity id="573"/>
 <Entity id="574"/>
 <Entity id="575"/>
 <Entity id="576"/>
 <Entity id="577"/>
 <Entity id="578"/>
 <Entity id="579"/>
 <Entity id="580"/>
 <Entity id="581"/>
 <Entity id="582"/>
 <Entity id="583"/>
 <Entity id="584"/>
 <Entity id="585"/>
 <Entity id="586"/>
 <Entity id="587"/>
 <Entity id="588"/>
 <Entity id="589"/>
 <Entity id="590"/>
 <Entity id="591"/>
 <Entity id="592"/>
 <Entity id="593"/>
 <Entity id="594"/>
 <Entity id="595"/>
 <Entity id="596"/>
 <Entity id="597"/>
 <Entity id="598"/>
 <Entity id="600"/>
 <Entity id="603"/>
 <Entity id="607"/>
 <Entity id="612"/>
 <Entity id="613"/>
 <Entity id="614"/>
 <Entity id="615"/>
 <Entity id="617"/>
 <Entity id="618"/>
 <Entity id="620"/>
 <Entity id="621"/>
 <Entity id="622"/>
 <Entity id="623"/>
 <Entity id="624"/>
 <Entity id="625"/>
 <Entity id="626"/>
 <Entity id="627"/>
 <Entity id="629"/>
 <Entity id="630"/>
 <Entity id="631"/>
 <Entity id="632"/>
 <Entity id="633"/>
 <Entity id="634"/>
 <Entity id="635"/>
 <Entity id="636"/>
 <Entity id="637"/>
 <Entity id="638"/>
 <Entity id="639"/>
 <Entity id="640"/>
 <Entity id="641"/>
 <Entity id="642"/>
 <Entity id="643"/>
 <Entity id="645"/>
 <Entity id="646"/>
 <Entity id="647"/>
 <Entity id="648"/>
 <Entity id="649"/>
 <Entity id="650"/>
 <Entity id="651"/>
 <Entity id="652"/>
 <Entity id="653"/>
 <Entity id="654"/>
 <Entity id="655"/>
 <Entity id="656"/>
 <Entity id="657"/>
 <Entity id="658"/>
 <Entity id="659"/>
 <Entity id="660"/>
 <Entity id="661"/>
 <Entity id="662"/>
 <Entity id="663"/>
 <Entity id="664"/>
 <Entity id="665"/>
 <Entity id="666"/>
 <Entity id="667"/>
 <Entity id="668"/>
 <Entity id="669"/>
 <Entity id="670"/>
 <Entity id="671"/>
 <Entity id="672"/>
 <Entity id="673"/>
 <Entity id="674"/>
 <Entity id="675"/>
 <Entity id="676"/>
 <Entity id="677"/>
 <Entity id="678"/>
 <Entity id="679"/>
 <Entity id="680"/>
 <Entity id="682"/>
 <Entity id="683"/>
 <Entity id="684"/>
 <Entity id="685"/>
 <Entity id="686"/>
 <Entity id="687"/>
 <Entity id="688"/>
 <Entity id="689"/>
 <Entity id="690"/>
 <Entity id="691"/>
 <Entity id="692"/>
 <Entity id="693"/>
 <Entity id="694"/>
 <Entity id="696"/>
 <Entity id="697"/>
 <Entity id="698"/>
 <Entity id="699"/>
 <Entity id="700"/>
 <Entity id="701"/>
 <Entity id="702"/>
 <Entity id="703"/>
 <Entity id="704"/>
 <Entity id="705"/>
 <Entity id="706"/>
 <Entity id="707"/>
 <Entity id="708"/>
 <Entity id="709"/>
 <Entity id="710"/>
 <Entity id="711"/>
 <Entity id="712"/>
 <Entity id="713"/>
 <Entity id="714"/>
 <Entity id="715"/>
 <Entity id="716"/>
 <Entity id="717"/>
 <Entity id="718"/>
 <Entity id="719"/>
 <Entity id="720"/>
 <Entity id="721"/>
 <Entity id="722"/>
 <Entity id="723"/>
 <Entity id="724"/>
 <Entity id="725"/>
 <Entity id="739"/>
 <Entity id="753"/>
 <Entity id="755"/>
 <Entity id="758"/>
 <Entity id="761"/>
 <Entity id="762"/>
 <Entity id="763"/>
 <Entity id="765"/>
 <Entity id="770"/>
 <Entity id="773"/>
 <Entity id="774"/>
 <Entity id="775"/>
 <Entity id="780"/>
 <Entity id="781"/>
 <Entity id="785"/>
 <Entity id="787"/>
 <Entity id="788"/>
 <Entity id="789"/>
 <Entity id="790"/>
 <Entity id="791"/>
 <Entity id="792"/>
 <Entity id="793"/>
 <Entity id="794"/>
 <Entity id="796"/>
 <Entity id="797"/>
 <Entity id="798"/>
 <Entity id="799"/>
 <Entity id="801"/>
 <Entity id="802"/>
 <Entity id="803"/>
 <Entity id="805"/>
 <Entity id="806"/>
 <Entity id="807"/>
 <Entity id="811"/>
 <Entity id="812"/>
 <Entity id="813"/>
 <Entity id="814"/>
 <Entity id="818"/>
 <Entity id="823"/>
 <Entity id="824"/>
 <Entity id="825"/>
 <Entity id="826"/>
 <Entity id="829"/>
 <Entity id="830"/>
 <Entity id="831"/>
 <Entity id="832"/>
 <Entity id="833"/>
 <Entity id="835"/>
 <Entity id="836"/>
 <Entity id="837"/>
 <Entity id="838"/>
 <Entity id="839"/>
 <Entity id="840"/>
 <Entity id="841"/>
 <Entity id="842"/>
 <Entity id="845"/>
 <Entity id="846"/>
 <Entity id="847"/>
 <Entity id="848"/>
 <Entity id="849"/>
 <Entity id="850"/>
 <Entity id="851"/>
 <Entity id="853"/>
 <Entity id="854"/>
 <Entity id="855"/>
 <Entity id="856"/>
 <Entity id="858"/>
 <Entity id="860"/>
 <Entity id="861"/>
 <Entity id="862"/>
 <Entity id="863"/>
 <Entity id="864"/>
 <Entity id="867"/>
 <Entity id="868"/>
 <Entity id="871"/>
 <Entity id="872"/>
 <Entity id="873"/>
 <Entity id="874"/>
 <Entity id="876"/>
 <Entity id="877"/>
 <Entity id="878"/>
 <Entity id="879"/>
 <Entity id="880"/>
 <Entity id="881"/>
 <Entity id="882"/>
 <Entity id="883"/>
 <Entity id="884"/>
 <Entity id="885"/>
 <Entity id="886"/>
 <Entity id="888"/>
 <Entity id="889"/>
 <Entity id="890"/>
 <Entity id="891"/>
 <Entity id="892"/>
 <Entity id="893"/>
 <Entity id="894"/>
 <Entity id="895"/>
 <Entity id="896"/>
 <Entity id="897"/>
 <Entity id="899"/>
 <Entity id="900"/>
 <Entity id="902"/>
 <Entity id="903"/>
 <Entity id="905"/>
 <Entity id="906"/>
 <Entity id="907"/>
 <Entity id="909"/>
 <Entity id="910"/>
 <Entity id="912"/>
 <Entity id="913"/>
 <Entity id="914"/>
 <Entity id="916"/>
 <Entity id="918"/>
 <Entity id="919"/>
 <Entity id="920"/>
 <Entity id="921"/>
 <Entity id="922"/>
 <Entity id="923"/>
 <Entity id="926"/>
 <Entity id="927"/>
 <Entity id="928"/>
 <Entity id="929"/>
 <Entity id="930"/>
 <Entity id="931"/>
 <Entity id="932"/>
 <Entity id="934"/>
 <Entity id="936"/>
 <Entity id="937"/>
 <Entity id="939"/>
 <Entity id="940"/>
 <Entity id="941"/>
 <Entity id="942"/>
 <Entity id="943"/>
 <Entity id="944"/>
 <Entity id="945"/>
 <Entity id="946"/>
 <Entity id="947"/>
 <Entity id="948"/>
 <Entity id="949"/>
 <Entity id="950"/>
 <Entity id="951"/>
 <Entity id="953"/>
 <Entity id="954"/>
 <Entity id="955"/>
 <Entity id="957"/>
 <Entity id="960"/>
 <Entity id="961"/>
 <Entity id="962"/>
 <Entity id="964"/>
 <Entity id="965"/>
 <Entity id="966"/>
 <Entity id="967"/>
 <Entity id="969"/>
 <Entity id="970"/>
 <Entity id="973"/>
 <Entity id="974"/>
 <Entity id="975"/>
 <Entity id="977"/>
 <Entity id="978"/>
 <Entity id="980"/>
 <Entity id="981"/>
 <Entity id="982"/>
 <Entity id="983"/>
 <Entity id="985"/>
 <Entity id="986"/>
 <Entity id="987"/>
 <Entity id="988"/>
 <Entity id="989"/>
 <Entity id="990"/>
 <Entity id="991"/>
 <Entity id="992"/>
 <Entity id="994"/>
 <Entity id="995"/>
 <Entity id="997"/>
 <Entity id="998"/>
 <Entity id="999"/>
 <Entity id="1000"/>
 <Entity id="1002"/>
 <Entity id="1003"/>
 <Entity id="1005"/>
 <Entity id="1006"/>
 <Entity id="1007"/>
 <Entity id="1008"/>
 <Entity id="1009"/>
 <Entity id="1010"/>
 <Entity id="1011"/>
 <Entity id="1014"/>
 <Entity id="1016"/>
 <Entity id="1017"/>
 <Entity id="1018"/>
 <Entity id="1019"/>
 <Entity id="1022"/>
 <Entity id="1023"/>
 <Entity id="1024"/>
 <Entity id="1027"/>
 <Entity id="1028"/>
 <Entity id="1029"/>
 <Entity id="1031"/>
 <Entity id="1032"/>
 <Entity id="1033"/>
 <Entity id="1034"/>
 <Entity id="1035"/>
 <Entity id="1036"/>
 <Entity id="1039"/>
 <Entity id="1040"/>
 <Entity id="1042"/>
 <Entity id="1044"/>
 <Entity id="1046"/>
 <Entity id="1047"/>
 <Entity id="1049"/>
 <Entity id="1050"/>
 <Entity id="1051"/>
 <Entity id="1052"/>
 <Entity id="1053"/>
 <Entity id="1054"/>
 <Entity id="1055"/>
 <Entity id="1057"/>
 <Entity id="1058"/>
 <Entity id="1060"/>
 <Entity id="1061"/>
 <Entity id="1062"/>
 <Entity id="1063"/>
 <Entity id="1065"/>
 <Entity id="1066"/>
 <Entity id="1067"/>
 <Entity id="1068"/>
 <Entity id="1069"/>
 <Entity id="1070"/>
 <Entity id="1071"/>
 <Entity id="1072"/>
 <Entity id="1073"/>
 <Entity id="1075"/>
 <Entity id="1076"/>
 <Entity id="1077"/>
 <Entity id="1078"/>
 <Entity id="1079"/>
 <Entity id="1081"/>
 <Entity id="1083"/>
 <Entity id="1084"/>
 <Entity id="1088"/>
 <Entity id="1089"/>
 <Entity id="1091"/>
 <Entity id="1092"/>
 <Entity id="1093"/>
 <Entity id="1094"/>
 <Entity id="1095"/>
 <Entity id="1096"/>
 <Entity id="1098"/>
 <Entity id="1099"/>
 <Entity id="1100"/>
 <Entity id="1101"/>
 <Entity id="1102"/>
 <Entity id="1103"/>
 <Entity id="1104"/>
 <Entity id="1105"/>
 <Entity id="1106"/>
 <Entity id="1107"/>
 <Entity id="1108"/>
 <Entity id="1109"/>
 <Entity id="1110"/>
 <Entity id="1111"/>
 <Entity id="1112"/>
 <Entity id="1113"/>
 <Entity id="1117"/>
 <Entity id="1118"/>
 <Entity id="1119"/>
 <Entity id="1121"/>
 <Entity id="1122"/>
 <Entity id="1123"/>
 <Entity id="1124"/>
 <Entity id="1125"/>
 <Entity id="1126"/>
 <Entity id="1128"/>
 <Entity id="1129"/>
 <Entity id="1130"/>
 <Entity id="1134"/>
 <Entity id="1136"/>
 <Entity id="1137"/>
 <Entity id="1139"/>
 <Entity id="1141"/>
 <Entity id="1144"/>
 <Entity id="1150"/>
 <Entity id="1157"/>
 <Entity id="1161"/>
 <Entity id="1162"/>
 <Entity id="1164"/>
 <Entity id="1165"/>
 <Entity id="1166"/>
 <Entity id="1167"/>
 <Entity id="1168"/>
 <Entity id="1169"/>
 <Entity id="1170"/>
 <Entity id="1171"/>
 <Entity id="1172"/>
 <Entity id="1173"/>
 <Entity id="1174"/>
 <Entity id="1175"/>
 <Entity id="1176"/>
 <Entity id="1177"/>
 <Entity id="1178"/>
 <Entity id="1179"/>
 <Entity id="1180"/>
 <Entity id="1181"/>
 <Entity id="1182"/>
 <Entity id="1183"/>
 <Entity id="1184"/>
 <Entity id="1185"/>
 <Entity id="1186"/>
 <Entity id="1187"/>
 <Entity id="1188"/>
 <Entity id="1189"/>
 <Entity id="1190"/>
 <Entity id="1192"/>
 <Entity id="1193"/>
 <Entity id="1194"/>
 <Entity id="1196"/>
 <Entity id="1197"/>
 <Entity id="1198"/>
 <Entity id="1199"/>
 <Entity id="1200"/>
 <Entity id="1201"/>
 <Entity id="1202"/>
 <Entity id="1203"/>
 <Entity id="1204"/>
 <Entity id="1205"/>
 <Entity id="1206"/>
 <Entity id="1207"/>
 <Entity id="1208"/>
 <Entity id="1209"/>
 <Entity id="1211"/>
 <Entity id="1212"/>
 <Entity id="1214"/>
 <Entity id="1221"/>
 <Entity id="1222"/>
 <Entity id="1223"/>
 <Entity id="1228"/>
 <Entity id="1229"/>
 <Entity id="1230"/>
 <Entity id="1231"/>
 <Entity id="1235"/>
 <Entity id="1237"/>
 <Entity id="1238"/>
 <Entity id="1240"/>
 <Entity id="1241"/>
 <Entity id="1246"/>
 <Entity id="1247"/>
 <Entity id="1249"/>
 <Entity id="1250"/>
 <Entity id="1251"/>
 <Entity id="1252"/>
 <Entity id="1253"/>
 <Entity id="1255"/>
 <Entity id="1256"/>
 <Entity id="1257"/>
 <Entity id="1258"/>
 <Entity id="1260"/>
 <Entity id="1261"/>
 <Entity id="1262"/>
 <Entity id="1263"/>
 <Entity id="1264"/>
 <Entity id="1265"/>
 <Entity id="1266"/>
 <Entity id="1267"/>
 <Entity id="1268"/>
 <Entity id="1269"/>
 <Entity id="1270"/>
 <Entity id="1271"/>
 <Entity id="1272"/>
 <Entity id="1273"/>
 <Entity id="1274"/>
 <Entity id="1275"/>
 <Entity id="1276"/>
 <Entity id="1277"/>
 <Entity id="1278"/>
 <Entity id="1279"/>
 <Entity id="1280"/>
 <Entity id="1281"/>
 <Entity id="1282"/>
 <Entity id="1283"/>
 <Entity id="1284"/>
 <Entity id="1285"/>
 <Entity id="1287"/>
 <Entity id="1288"/>
 <Entity id="1289"/>
 <Entity id="1290"/>
 <Entity id="1291"/>
 <Entity id="1292"/>
 <Entity id="1293"/>
 <Entity id="1294"/>
 <Entity id="1295"/>
 <Entity id="1297"/>
 <Entity id="1298"/>
 <Entity id="1299"/>
 <Entity id="1300"/>
 <Entity id="1301"/>
 <Entity id="1302"/>
 <Entity id="1303"/>
 <Entity id="1304"/>
 <Entity id="1305"/>
 <Entity id="1306"/>
 <Entity id="1307"/>
 <Entity id="1308"/>
 <Entity id="1310"/>
 <Entity id="1312"/>
 <Entity id="1313"/>
 <Entity id="1314"/>
 <Entity id="1315"/>
 <Entity id="1316"/>
 <Entity id="1317"/>
 <Entity id="1318"/>
 <Entity id="1319"/>
 <Entity id="1320"/>
 <Entity id="1321"/>
 <Entity id="1322"/>
 <Entity id="1323"/>
 <Entity id="1324"/>
 <Entity id="1325"/>
 <Entity id="1327"/>
 <Entity id="1328"/>
 <Entity id="1329"/>
 <Entity id="1330"/>
 <Entity id="1331"/>
 <Entity id="1332"/>
 <Entity id="1333"/>
 <Entity id="1334"/>
 <Entity id="1335"/>
 <Entity id="1336"/>
 <Entity id="1337"/>
 <Entity id="1338"/>
 <Entity id="1340"/>
 <Entity id="1341"/>
 <Entity id="1342"/>
 <Entity id="1343"/>
 <Entity id="1344"/>
 <Entity id="1345"/>
 <Entity id="1346"/>
 <Entity id="1347"/>
 <Entity id="1348"/>
 <Entity id="1349"/>
 <Entity id="1350"/>
 <Entity id="1351"/>
 <Entity id="1352"/>
 <Entity id="1353"/>
 <Entity id="1354"/>
 <Entity id="1356"/>
 <Entity id="1357"/>
 <Entity id="1358"/>
 <Entity id="1359"/>
 <Entity id="1360"/>
 <Entity id="1361"/>
 <Entity id="1362"/>
 <Entity id="1363"/>
 <Entity id="1364"/>
 <Entity id="1365"/>
 <Entity id="1366"/>
 <Entity id="1367"/>
 <Entity id="1368"/>
 <Entity id="1369"/>
 <Entity id="1370"/>
 <Entity id="1371"/>
 <Entity id="1372"/>
 <Entity id="1373"/>
 <Entity id="1374"/>
 <Entity id="1377"/>
 <Entity id="1378"/>
 <Entity id="1380"/>
 <Entity id="1381"/>
 <Entity id="1382"/>
 <Entity id="1383"/>
 <Entity id="1384"/>
 <Entity id="1385"/>
 <Entity id="1386"/>
 <Entity id="1387"/>
 <Entity id="1388"/>
 <Entity id="1390"/>
 <Entity id="1391"/>
 <Entity id="1392"/>
 <Entity id="1393"/>
 <Entity id="1394"/>
 <Entity id="1395"/>
 <Entity id="1396"/>
 <Entity id="1397"/>
 <Entity id="1398"/>
 <Entity id="1399"/>
 <Entity id="1400"/>
 <Entity id="1401"/>
 <Entity id="1402"/>
 <Entity id="1403"/>
 <Entity id="1404"/>
 <Entity id="1405"/>
 <Entity id="1406"/>
 <Entity id="1407"/>
 <Entity id="1408"/>
 <Entity id="1410"/>
 <Entity id="1411"/>
 <Entity id="1412"/>
 <Entity id="1415"/>
 <Entity id="1417"/>
 <Entity id="1418"/>
 <Entity id="1419"/>
 <Entity id="1420"/>
 <Entity id="1423"/>
 <Entity id="1425"/>
 <Entity id="1428"/>
 <Entity id="1433"/>
 <Entity id="1434"/>
 <Entity id="1435"/>
 <Entity id="1439"/>
 <Entity id="1440"/>
 <Entity id="1441"/>
 <Entity id="1443"/>
 <Entity id="1445"/>
 <Entity id="1447"/>
 <Entity id="1452"/>
 <Entity id="1455"/>
 <Entity id="1459"/>
 <Entity id="1460"/>
 <Entity id="1463"/>
 <Entity id="1465"/>
 <Entity id="1466"/>
 <Entity id="1467"/>
 <Entity id="1469"/>
 <Entity id="1470"/>
 <Entity id="1471"/>
 <Entity id="1477"/>
 <Entity id="1478"/>
 <Entity id="1479"/>
 <Entity id="1480"/>
 <Entity id="1482"/>
 <Entity id="1484"/>
 <Entity id="1487"/>
 <Entity id="1488"/>
 <Entity id="1490"/>
 <Entity id="1491"/>
 <Entity id="1494"/>
 <Entity id="1496"/>
 <Entity id="1497"/>
 <Entity id="1498"/>
 <Entity id="1502"/>
 <Entity id="1503"/>
 <Entity id="1504"/>
 <Entity id="1506"/>
 <Entity id="1508"/>
 <Entity id="1509"/>
 <Entity id="1510"/>
 <Entity id="1511"/>
 <Entity id="1512"/>
 <Entity id="1513"/>
 <Entity id="1515"/>
 <Entity id="1516"/>
 <Entity id="1519"/>
 <Entity id="1521"/>
 <Entity id="1523"/>
 <Entity id="1525"/>
 <Entity id="1527"/>
 <Entity id="1528"/>
 <Entity id="1530"/>
 <Entity id="1533"/>
 <Entity id="1534"/>
 <Entity id="1536"/>
 <Entity id="1537"/>
 <Entity id="1538"/>
 <Entity id="1540"/>
 <Entity id="1541"/>
 <Entity id="1543"/>
 <Entity id="1544"/>
 <Entity id="1546"/>
 <Entity id="1549"/>
 <Entity id="1550"/>
 <Entity id="1551"/>
 <Entity id="1552"/>
 <Entity id="1553"/>
 <Entity id="1554"/>
 <Entity id="1555"/>
 <Entity id="1556"/>
 <Entity id="1557"/>
 <Entity id="1558"/>
 <Entity id="1559"/>
 <Entity id="1560"/>
 <Entity id="1561"/>
 <Entity id="1562"/>
 <Entity id="1578"/>
 <Entity id="1587"/>
 <Entity id="1600"/>
 <Entity id="1602"/>
 <Entity id="1613"/>
 <Entity id="1617"/>
 <Entity id="1642"/>
 <Entity id="1645"/>
 <Entity id="1667"/>
 <Entity id="1672"/>
 <Entity id="1683"/>
 <Entity id="1687"/>
 <Entity id="1696"/>
 <Entity id="1698"/>
 <Entity id="1699"/>
 <Entity id="1700"/>
 <Entity id="1701"/>
 <Entity id="1702"/>
 <Entity id="1703"/>
 <Entity id="1704"/>
 <Entity id="1708"/>
 <Entity id="1710"/>
 <Entity id="1711"/>
 <Entity id="1712"/>
 <Entity id="1713"/>
 <Entity id="1714"/>
 <Entity id="1715"/>
 <Entity id="1717"/>
 <Entity id="1718"/>
 <Entity id="1719"/>
 <Entity id="1720"/>
 <Entity id="1721"/>
 <Entity id="1722"/>
 <Entity id="1723"/>
 <Entity id="1724"/>
 <Entity id="1727"/>
 <Entity id="1735"/>
 <Entity id="1736"/>
 <Entity id="1737"/>
 <Entity id="1738"/>
 <Entity id="1739"/>
 <Entity id="1740"/>
 <Entity id="1741"/>
 <Entity id="1742"/>
 <Entity id="1743"/>
 <Entity id="1744"/>
 <Entity id="1745"/>
 <Entity id="1746"/>
 <Entity id="1747"/>
 <Entity id="1748"/>
 <Entity id="1749"/>
 <Entity id="1750"/>
 <Entity id="1751"/>
 <Entity id="1752"/>
 <Entity id="1753"/>
 <Entity id="1754"/>
 <Entity id="1755"/>
 <Entity id="1756"/>
 <Entity id="1757"/>
 <Entity id="1758"/>
 <Entity id="1759"/>
 <Entity id="1760"/>
 <Entity id="1761"/>
 <Entity id="1762"/>
 <Entity id="1763"/>
 <Entity id="1764"/>
 <Entity id="1765"/>
 <Entity id="1766"/>
 <Entity id="1767"/>
 <Entity id="1768"/>
 <Entity id="1769"/>
 <Entity id="1770"/>
 <Entity id="1771"/>
 <Entity id="1772"/>
 <Entity id="1773"/>
 <Entity id="1774"/>
 <Entity id="1775"/>
 <Entity id="1776"/>
 <Entity id="1777"/>
 <Entity id="1778"/>
 <Entity id="1779"/>
 <Entity id="1780"/>
 <Entity id="1781"/>
 <Entity id="1782"/>
 <Entity id="1783"/>
 <Entity id="1784"/>
 <Entity id="1785"/>
 <Entity id="1786"/>
 <Entity id="1787"/>
 <Entity id="1788"/>
 <Entity id="1789"/>
 <Entity id="1790"/>
 <Entity id="1791"/>
 <Entity id="1792"/>
 <Entity id="1793"/>
 <Entity id="1794"/>
 <Entity id="1795"/>
 <Entity id="1796"/>
 <Entity id="1797"/>
 <Entity id="1798"/>
 <Entity id="1799"/>
 <Entity id="1800"/>
 <Entity id="1802"/>
 <Entity id="1807"/>
 <Entity id="1810"/>
 <Entity id="1811"/>
 <Entity id="1816"/>
 <Entity id="1819"/>
 <Entity id="1823"/>
 <Entity id="1825"/>
 <Entity id="1829"/>
 <Entity id="1832"/>
 <Entity id="1833"/>
 <Entity id="1839"/>
 <Entity id="1842"/>
 <Entity id="1843"/>
 <Entity id="1845"/>
 <Entity id="1846"/>
 <Entity id="1847"/>
 <Entity id="1851"/>
 <Entity id="1859"/>
 <Entity id="1860"/>
 <Entity id="1862"/>
 <Entity id="1868"/>
 <Entity id="1870"/>
 <Entity id="1871"/>
 <Entity id="1872"/>
 <Entity id="1873"/>
 <Entity id="1875"/>
 <Entity id="1877"/>
 <Entity id="1880"/>
 <Entity id="1883"/>
 <Entity id="1884"/>
 <Entity id="1885"/>
 <Entity id="1889"/>
 <Entity id="1895"/>
 <Entity id="1896"/>
 <Entity id="1898"/>
 <Entity id="1900"/>
 <Entity id="1905"/>
 <Entity id="1906"/>
 <Entity id="1907"/>
 <Entity id="1908"/>
 <Entity id="1909"/>
 <Entity id="1910"/>
 <Entity id="1911"/>
 <Entity id="1913"/>
 <Entity id="1914"/>
 <Entity id="1915"/>
 <Entity id="1916"/>
 <Entity id="1917"/>
 <Entity id="1918"/>
 <Entity id="1919"/>
 <Entity id="1920"/>
 <Entity id="1921"/>
 <Entity id="1924"/>
 <Entity id="1926"/>
 <Entity id="1928"/>
 <Entity id="1929"/>
 <Entity id="1930"/>
 <Entity id="1933"/>
 <Entity id="1936"/>
 <Entity id="1938"/>
 <Entity id="1939"/>
 <Entity id="1942"/>
 <Entity id="1943"/>
 <Entity id="1944"/>
 <Entity id="1945"/>
 <Entity id="1946"/>
 <Entity id="1947"/>
 <Entity id="1948"/>
 <Entity id="1949"/>
 <Entity id="1950"/>
 <Entity id="1951"/>
 <Entity id="1952"/>
 <Entity id="1953"/>
 <Entity id="1954"/>
 <Entity id="1955"/>
 <Entity id="1956"/>
 <Entity id="1957"/>
 <Entity id="1958"/>
 <Entity id="1959"/>
 <Entity id="1960"/>
 <Entity id="1961"/>
 <Entity id="1963"/>
 <Entity id="1964"/>
 <Entity id="1965"/>
 <Entity id="1966"/>
 <Entity id="1967"/>
 <Entity id="1968"/>
 <Entity id="1969"/>
 <Entity id="1971"/>
 <Entity id="1972"/>
 <Entity id="1973"/>
 <Entity id="1974"/>
 <Entity id="1975"/>
 <Entity id="1976"/>
 <Entity id="1977"/>
 <Entity id="1978"/>
 <Entity id="1979"/>
 <Entity id="1980"/>
 <Entity id="1981"/>
 <Entity id="1982"/>
 <Entity id="1983"/>
 <Entity id="1984"/>
 <Entity id="1985"/>
 <Entity id="1986"/>
 <Entity id="1987"/>
 <Entity id="1988"/>
 <Entity id="1989"/>
 <Entity id="1990"/>
 <Entity id="1991"/>
 <Entity id="1992"/>
 <Entity id="1993"/>
 <Entity id="1994"/>
 <Entity id="1995"/>
 <Entity id="1996"/>
 <Entity id="1997"/>
 <Entity id="1998"/>
 <Entity id="1999"/>
 <Entity id="2000"/>
 <Entity id="2001"/>
 <Entity id="2002"/>
 <Entity id="2003"/>
 <Entity id="2004"/>
 <Entity id="2005"/>
 <Entity id="2006"/>
 <Entity id="2007"/>
 <Entity id="2008"/>
 <Entity id="2009"/>
 <Entity id="2011"/>
 <Entity id="2012"/>
 <Entity id="2013"/>
 <Entity id="2014"/>
 <Entity id="2015"/>
 <Entity id="2016"/>
 <Entity id="2017"/>
 <Entity id="2018"/>
 <Entity id="2019"/>
 <Entity id="2020"/>
 <Entity id="2021"/>
 <Entity id="2022"/>
 <Entity id="2023"/>
 <Entity id="2024"/>
 <Entity id="2025"/>
 <Entity id="2026"/>
 <Entity id="2027"/>
 <Entity id="2028"/>
 <Entity id="2029"/>
 <Entity id="2030"/>
 <Entity id="2031"/>
 <Entity id="2032"/>
 <Entity id="2033"/>
 <Entity id="2034"/>
 <Entity id="2036"/>
 <Entity id="2037"/>
 <Entity id="2038"/>
 <Entity id="2039"/>
 <Entity id="2040"/>
 <Entity id="2041"/>
 <Entity id="2042"/>
 <Entity id="2043"/>
 <Entity id="2044"/>
 <Entity id="2045"/>
 <Entity id="2046"/>
 <Entity id="2048"/>
 <Entity id="2049"/>
 <Entity id="2050"/>
 <Entity id="2051"/>
 <Entity id="2052"/>
 <Entity id="2053"/>
 <Entity id="2054"/>
 <Entity id="2055"/>
 <Entity id="2056"/>
 <Entity id="2057"/>
 <Entity id="2058"/>
 <Entity id="2059"/>
 <Entity id="2060"/>
 <Entity id="2061"/>
 <Entity id="2062"/>
 <Entity id="2067"/>
 <Entity id="2069"/>
 <Entity id="2070"/>
 <Entity id="2071"/>
 <Entity id="2072"/>
 <Entity id="2073"/>
 <Entity id="2074"/>
 <Entity id="2075"/>
 <Entity id="2076"/>
 <Entity id="2077"/>
 <Entity id="2078"/>
 <Entity id="2079"/>
 <Entity id="2080"/>
 <Entity id="2081"/>
 <Entity id="2082"/>
 <Entity id="2083"/>
 <Entity id="2084"/>
 <Entity id="2085"/>
 <Entity id="2086"/>
 <Entity id="2087"/>
 <Entity id="2088"/>
 <Entity id="2089"/>
 <Entity id="2090"/>
 <Entity id="2091"/>
 <Entity id="2092"/>
 <Entity id="2093"/>
 <Entity id="2094"/>
 <Entity id="2095"/>
 <Entity id="2096"/>
 <Entity id="2102"/>
 <Entity id="2104"/>
 <Entity id="2105"/>
 <Entity id="2106"/>
 <Entity id="2108"/>
 <Entity id="2109"/>
 <Entity id="2110"/>
 <Entity id="2113"/>
 <Entity id="2121"/>
 <Entity id="2122"/>
 <Entity id="2124"/>
 <Entity id="2125"/>
 <Entity id="2132"/>
 <Entity id="2133"/>
 <Entity id="2135"/>
 <Entity id="2139"/>
 <Entity id="2141"/>
 <Entity id="2142"/>
 <Entity id="2143"/>
 <Entity id="2145"/>
 <Entity id="2146"/>
 <Entity id="2148"/>
 <Entity id="2149"/>
 <Entity id="2150"/>
 <Entity id="2151"/>
 <Entity id="2152"/>
 <Entity id="2153"/>
 <Entity id="2155"/>
 <Entity id="2156"/>
 <Entity id="2157"/>
 <Entity id="2159"/>
 <Entity id="2163"/>
 <Entity id="2166"/>
 <Entity id="2168"/>
 <Entity id="2171"/>
 <Entity id="2172"/>
 <Entity id="2173"/>
 <Entity id="2178"/>
 <Entity id="2183"/>
 <Entity id="2184"/>
 <Entity id="2185"/>
 <Entity id="2188"/>
 <Entity id="2191"/>
 <Entity id="2192"/>
 <Entity id="2193"/>
 <Entity id="2195"/>
 <Entity id="2197"/>
 <Entity id="2200"/>
 <Entity id="2203"/>
 <Entity id="2205"/>
 <Entity id="2206"/>
 <Entity id="2208"/>
 <Entity id="2210"/>
 <Entity id="2211"/>
 <Entity id="2212"/>
 <Entity id="2216"/>
 <Entity id="2218"/>
 <Entity id="2219"/>
 <Entity id="2222"/>
 <Entity id="2224"/>
 <Entity id="2226"/>
 <Entity id="2228"/>
 <Entity id="2231"/>
 <Entity id="2232"/>
 <Entity id="2234"/>
 <Entity id="2237"/>
 <Entity id="2238"/>
 <Entity id="2240"/>
 <Entity id="2242"/>
 <Entity id="2244"/>
 <Entity id="2246"/>
 <Entity id="2247"/>
 <Entity id="2248"/>
 <Entity id="2249"/>
 <Entity id="2252"/>
 <Entity id="2253"/>
 <Entity id="2257"/>
 <Entity id="2260"/>
 <Entity id="2262"/>
 <Entity id="2266"/>
 <Entity id="2268"/>
 <Entity id="2270"/>
 <Entity id="2272"/>
 <Entity id="2274"/>
 <Entity id="2275"/>
 <Entity id="2276"/>
 <Entity id="2277"/>
 <Entity id="2279"/>
 <Entity id="2281"/>
 <Entity id="2283"/>
 <Entity id="2284"/>
 <Entity id="2285"/>
 <Entity id="2287"/>
 <Entity id="2289"/>
 <Entity id="2290"/>
 <Entity id="2291"/>
 <Entity id="2292"/>
 <Entity id="2293"/>
 <Entity id="2294"/>
 <Entity id="2295"/>
 <Entity id="2297"/>
 <Entity id="2300"/>
 <Entity id="2302"/>
 <Entity id="2304"/>
 <Entity id="2309"/>
 <Entity id="2310"/>
 <Entity id="2311"/>
 <Entity id="2312"/>
 <Entity id="2313"/>
 <Entity id="2315"/>
 <Entity id="2317"/>
 <Entity id="2323"/>
 <Entity id="2325"/>
 <Entity id="2326"/>
 <Entity id="2334"/>
 <Entity id="2336"/>
 <Entity id="2337"/>
 <Entity id="2341"/>
 <Entity id="2345"/>
 <Entity id="2351"/>
 <Entity id="2358"/>
 <Entity id="2365"/>
 <Entity id="2370"/>
 <Entity id="2372"/>
 <Entity id="2373"/>
 <Entity id="2381"/>
 <Entity id="2390"/>
 <Entity id="2400"/>
 <Entity id="2401"/>
 <Entity id="2417"/>
 <Entity id="2421"/>
 <Entity id="2431"/>
 <Entity id="2432"/>
 <Entity id="2433"/>
 <Entity id="2436"/>
 <Entity id="2437"/>
 <Entity id="2438"/>
 <Entity id="2439"/>
 <Entity id="2443"/>
 <Entity id="2444"/>
 <Entity id="2446"/>
 <Entity id="2447"/>
 <Entity id="2450"/>
 <Entity id="2451"/>
 <Entity id="2452"/>
 <Entity id="2453"/>
 <Entity id="2457"/>
 <Entity id="2458"/>
 <Entity id="2459"/>
 <Entity id="2460"/>
 <Entity id="2461"/>
 <Entity id="2462"/>
 <Entity id="2465"/>
 <Entity id="2466"/>
 <Entity id="2467"/>
 <Entity id="2468"/>
 <Entity id="2470"/>
 <Entity id="2471"/>
 <Entity id="2473"/>
 <Entity id="2474"/>
 <Entity id="2475"/>
 <Entity id="2476"/>
 <Entity id="2477"/>
 <Entity id="2478"/>
 <Entity id="2479"/>
 <Entity id="2480"/>
 <Entity id="2481"/>
 <Entity id="2482"/>
 <Entity id="2484"/>
 <Entity id="2485"/>
 <Entity id="2486"/>
 <Entity id="2487"/>
 <Entity id="2489"/>
 <Entity id="2490"/>
 <Entity id="2491"/>
 <Entity id="2492"/>
 <Entity id="2493"/>
 <Entity id="2494"/>
 <Entity id="2495"/>
 <Entity id="2496"/>
 <Entity id="2497"/>
 <Entity id="2499"/>
 <Entity id="2500"/>
 <Entity id="2501"/>
 <Entity id="2502"/>
 <Entity id="2503"/>
 <Entity id="2504"/>
 <Entity id="2505"/>
 <Entity id="2506"/>
 <Entity id="2507"/>
 <Entity id="2510"/>
 <Entity id="2511"/>
 <Entity id="2513"/>
 <Entity id="2514"/>
 <Entity id="2515"/>
 <Entity id="2516"/>
 <Entity id="2524"/>
 <Entity id="2539"/>
 <Entity id="2545"/>
 <Entity id="2555"/>
 <Entity id="2572"/>
 <Entity id="2581"/>
 <Entity id="2582"/>
 <Entity id="2584"/>
 <Entity id="2585"/>
 <Entity id="2586"/>
 <Entity id="2588"/>
 <Entity id="2590"/>
 <Entity id="2593"/>
 <Entity id="2595"/>
 <Entity id="2596"/>
 <Entity id="2597"/>
 <Entity id="2598"/>
 <Entity id="2600"/>
 <Entity id="2604"/>
 <Entity id="2605"/>
 <Entity id="2606"/>
 <Entity id="2611"/>
 <Entity id="2612"/>
 <Entity id="2613"/>
 <Entity id="2618"/>
 <Entity id="2619"/>
 <Entity id="2620"/>
 <Entity id="2621"/>
 <Entity id="2622"/>
 <Entity id="2623"/>
 <Entity id="2624"/>
 <Entity id="2628"/>
 <Entity id="2629"/>
 <Entity id="2630"/>
 <Entity id="2631"/>
 <Entity id="2632"/>
 <Entity id="2639"/>
 <Entity id="2640"/>
 <Entity id="2641"/>
 <Entity id="2643"/>
 <Entity id="2646"/>
 <Entity id="2647"/>
 <Entity id="2649"/>
 <Entity id="2650"/>
 <Entity id="2652"/>
 <Entity id="2653"/>
 <Entity id="2654"/>
 <Entity id="2658"/>
 <Entity id="2664"/>
 <Entity id="2671"/>
 <Entity id="2672"/>
 <Entity id="2675"/>
 <Entity id="2678"/>
 <Entity id="2679"/>
 <Entity id="2681"/>
 <Entity id="2682"/>
 <Entity id="2683"/>
 <Entity id="2684"/>
 <Entity id="2685"/>
 <Entity id="2686"/>
 <Entity id="2687"/>
 <Entity id="2689"/>
 <Entity id="2692"/>
 <Entity id="2694"/>
 <Entity id="2696"/>
 <Entity id="2699"/>
 <Entity id="2704"/>
 <Entity id="2708"/>
 <Entity id="2712"/>
 <Entity id="2715"/>
 <Entity id="2716"/>
 <Entity id="2717"/>
 <Entity id="2726"/>
 <Entity id="2727"/>
 <Entity id="2729"/>
 <Entity id="2730"/>
 <Entity id="2737"/>
 <Entity id="2741"/>
 <Entity id="2743"/>
 <Entity id="2744"/>
 <Entity id="2745"/>
 <Entity id="2750"/>
 <Entity id="2759"/>
 <Entity id="2761"/>
 <Entity id="2766"/>
 <Entity id="2767"/>
 <Entity id="2768"/>
 <Entity id="2769"/>
 <Entity id="2777"/>
 <Entity id="2779"/>
 <Entity id="2781"/>
 <Entity id="2782"/>
 <Entity id="2783"/>
 <Entity id="2785"/>
 <Entity id="2786"/>
 <Entity id="2788"/>
 <Entity id="2790"/>
 <Entity id="2791"/>
 <Entity id="2794"/>
 <Entity id="2796"/>
 <Entity id="2801"/>
 <Entity id="2804"/>
 <Entity id="2805"/>
 <Entity id="2808"/>
 <Entity id="2812"/>
 <Entity id="2813"/>
 <Entity id="2818"/>
 <Entity id="2819"/>
 <Entity id="2820"/>
 <Entity id="2822"/>
 <Entity id="2823"/>
 <Entity id="2825"/>
 <Entity id="2832"/>
 <Entity id="2833"/>
 <Entity id="2834"/>
 <Entity id="2839"/>
 <Entity id="2841"/>
 <Entity id="2843"/>
 <Entity id="2853"/>
 <Entity id="2855"/>
 <Entity id="2857"/>
 <Entity id="2863"/>
 <Entity id="2865"/>
 <Entity id="2866"/>
 <Entity id="2867"/>
 <Entity id="2868"/>
 <Entity id="2869"/>
 <Entity id="2870"/>
 <Entity id="2871"/>
 <Entity id="2873"/>
 <Entity id="2874"/>
 <Entity id="2877"/>
 <Entity id="2883"/>
 <Entity id="2888"/>
 <Entity id="2889"/>
 <Entity id="2890"/>
 <Entity id="2891"/>
 <Entity id="2894"/>
 <Entity id="2895"/>
 <Entity id="2896"/>
 <Entity id="2897"/>
 <Entity id="2898"/>
 <Entity id="2900"/>
 <Entity id="2901"/>
 <Entity id="2902"/>
 <Entity id="2904"/>
 <Entity id="2906"/>
 <Entity id="2909"/>
 <Entity id="2910"/>
 <Entity id="2911"/>
 <Entity id="2913"/>
 <Entity id="2914"/>
 <Entity id="2915"/>
 <Entity id="2917"/>
 <Entity id="2922"/>
 <Entity id="2923"/>
 <Entity id="2924"/>
 <Entity id="2927"/>
 <Entity id="2930"/>
 <Entity id="2933"/>
 <Entity id="2935"/>
 <Entity id="2937"/>
 <Entity id="2945"/>
 <Entity id="2946"/>
 <Entity id="2947"/>
 <Entity id="2949"/>
 <Entity id="2950"/>
 <Entity id="2951"/>
 <Entity id="2952"/>
 <Entity id="2956"/>
 <Entity id="2961"/>
 <Entity id="2963"/>
 <Entity id="2965"/>
 <Entity id="2967"/>
 <Entity id="2968"/>
 <Entity id="2969"/>
 <Entity id="2970"/>
 <Entity id="2971"/>
 <Entity id="2972"/>
 <Entity id="2975"/>
 <Entity id="2977"/>
 <Entity id="2979"/>
 <Entity id="2980"/>
 <Entity id="2981"/>
 <Entity id="2982"/>
 <Entity id="2983"/>
 <Entity id="2984"/>
 <Entity id="2987"/>
 <Entity id="2988"/>
 <Entity id="2990"/>
 <Entity id="2991"/>
 <Entity id="2992"/>
 <Entity id="2993"/>
 <Entity id="2996"/>
 <Entity id="2998"/>
 <Entity id="3000"/>
 <Entity id="3005"/>
 <Entity id="3007"/>
 <Entity id="3009"/>
 <Entity id="3013"/>
 <Entity id="3016"/>
 <Entity id="3017"/>
 <Entity id="3018"/>
 <Entity id="3020"/>
 <Entity id="3021"/>
 <Entity id="3024"/>
 <Entity id="3025"/>
 <Entity id="3027"/>
 <Entity id="3028"/>
 <Entity id="3029"/>
 <Entity id="3032"/>
 <Entity id="3035"/>
 <Entity id="3037"/>
 <Entity id="3038"/>
 <Entity id="3039"/>
 <Entity id="3042"/>
 <Entity id="3043"/>
 <Entity id="3044"/>
 <Entity id="3046"/>
 <Entity id="3047"/>
 <Entity id="3050"/>
 <Entity id="3051"/>
 <Entity id="3055"/>
 <Entity id="3057"/>
 <Entity id="3058"/>
 <Entity id="3060"/>
 <Entity id="3063"/>
 <Entity id="3064"/>
 <Entity id="3066"/>
 <Entity id="3067"/>
 <Entity id="3068"/>
 <Entity id="3071"/>
 <Entity id="3072"/>
 <Entity id="3078"/>
 <Entity id="3081"/>
 <Entity id="3082"/>
 <Entity id="3083"/>
 <Entity id="3084"/>
 <Entity id="3085"/>
 <Entity id="3086"/>
 <Entity id="3088"/>
 <Entity id="3090"/>
 <Entity id="3091"/>
 <Entity id="3092"/>
 <Entity id="3093"/>
 <Entity id="3094"/>
 <Entity id="3096"/>
 <Entity id="3097"/>
 <Entity id="3099"/>
 <Entity id="3100"/>
 <Entity id="3101"/>
 <Entity id="3102"/>
 <Entity id="3103"/>
 <Entity id="3106"/>
 <Entity id="3107"/>
 <Entity id="3108"/>
 <Entity id="3110"/>
 <Entity id="3111"/>
 <Entity id="3113"/>
 <Entity id="3115"/>
 <Entity id="3116"/>
 <Entity id="3118"/>
 <Entity id="3121"/>
 <Entity id="3122"/>
 <Entity id="3124"/>
 <Entity id="3125"/>
 <Entity id="3127"/>
 <Entity id="3129"/>
 <Entity id="3130"/>
 <Entity id="3132"/>
 <Entity id="3133"/>
 <Entity id="3134"/>
 <Entity id="3135"/>
 <Entity id="3136"/>
 <Entity id="3137"/>
 <Entity id="3138"/>
 <Entity id="3139"/>
 <Entity id="3141"/>
 <Entity id="3142"/>
 <Entity id="3144"/>
 <Entity id="3146"/>
 <Entity id="3147"/>
 <Entity id="3148"/>
 <Entity id="3149"/>
 <Entity id="3151"/>
 <Entity id="3153"/>
 <Entity id="3157"/>
 <Entity id="3161"/>
 <Entity id="3164"/>
 <Entity id="3165"/>
 <Entity id="3169"/>
 <Entity id="3170"/>
 <Entity id="3172"/>
 <Entity id="3176"/>
 <Entity id="3178"/>
 <Entity id="3179"/>
 <Entity id="3180"/>
 <Entity id="3181"/>
 <Entity id="3185"/>
 <Entity id="3186"/>
 <Entity id="3188"/>
 <Entity id="3189"/>
 <Entity id="3190"/>
 <Entity id="3191"/>
 <Entity id="3192"/>
 <Entity id="3195"/>
 <Entity id="3201"/>
 <Entity id="3202"/>
 <Entity id="3203"/>
 <Entity id="3207"/>
 <Entity id="3209"/>
 <Entity id="3210"/>
 <Entity id="3211"/>
 <Entity id="3212"/>
 <Entity id="3213"/>
 <Entity id="3215"/>
 <Entity id="3217"/>
 <Entity id="3218"/>
 <Entity id="3220"/>
 <Entity id="3223"/>
 <Entity id="3227"/>
 <Entity id="3231"/>
 <Entity id="3234"/>
 <Entity id="3236"/>
 <Entity id="3241"/>
 <Entity id="3243"/>
 <Entity id="3247"/>
 <Entity id="3248"/>
 <Entity id="3249"/>
 <Entity id="3250"/>
 <Entity id="3252"/>
 <Entity id="3254"/>
 <Entity id="3255"/>
 <Entity id="3256"/>
 <Entity id="3258"/>
 <Entity id="3259"/>
 <Entity id="3260"/>
 <Entity id="3261"/>
 <Entity id="3262"/>
 <Entity id="3264"/>
 <Entity id="3267"/>
 <Entity id="3268"/>
 <Entity id="3270"/>
 <Entity id="3271"/>
 <Entity id="3272"/>
 <Entity id="3275"/>
 <Entity id="3276"/>
 <Entity id="3278"/>
 <Entity id="3279"/>
 <Entity id="3284"/>
 <Entity id="3285"/>
 <Entity id="3286"/>
 <Entity id="3287"/>
 <Entity id="3291"/>
 <Entity id="3294"/>
 <Entity id="3295"/>
 <Entity id="3297"/>
 <Entity id="3299"/>
 <Entity id="3300"/>
 <Entity id="3301"/>
 <Entity id="3302"/>
 <Entity id="3303"/>
 <Entity id="3305"/>
 <Entity id="3307"/>
 <Entity id="3308"/>
 <Entity id="3311"/>
 <Entity id="3312"/>
 <Entity id="3313"/>
 <Entity id="3315"/>
 <Entity id="3316"/>
 <Entity id="3321"/>
 <Entity id="3323"/>
 <Entity id="3327"/>
 <Entity id="3329"/>
 <Entity id="3332"/>
 <Entity id="3333"/>
 <Entity id="3334"/>
 <Entity id="3335"/>
 <Entity id="3338"/>
 <Entity id="3339"/>
 <Entity id="3342"/>
 <Entity id="3344"/>
 <Entity id="3345"/>
 <Entity id="3346"/>
 <Entity id="3347"/>
 <Entity id="3350"/>
 <Entity id="3351"/>
 <Entity id="3356"/>
 <Entity id="3357"/>
 <Entity id="3358"/>
 <Entity id="3359"/>
 <Entity id="3370"/>
 <Entity id="3371"/>
 <Entity id="3372"/>
 <Entity id="3378"/>
 <Entity id="3379"/>
 <Entity id="3381"/>
 <Entity id="3382"/>
 <Entity id="3384"/>
 <Entity id="3386"/>
 <Entity id="3387"/>
 <Entity id="3388"/>
 <Entity id="3389"/>
 <Entity id="3392"/>
 <Entity id="3393"/>
 <Entity id="3394"/>
 <Entity id="3395"/>
 <Entity id="3396"/>
 <Entity id="3397"/>
 <Entity id="3398"/>
 <Entity id="3399"/>
 <Entity id="3400"/>
 <Entity id="3401"/>
 <Entity id="3402"/>
 <Entity id="3403"/>
 <Entity id="3404"/>
 <Entity id="3406"/>
 <Entity id="3408"/>
 <Entity id="3409"/>
 <Entity id="3410"/>
 <Entity id="3411"/>
 <Entity id="3412"/>
 <Entity id="3413"/>
 <Entity id="3414"/>
 <Entity id="3415"/>
 <Entity id="3416"/>
 <Entity id="3417"/>
 <Entity id="3418"/>
 <Entity id="3419"/>
 <Entity id="3420"/>
 <Entity id="3421"/>
 <Entity id="3422"/>
 <Entity id="3423"/>
 <Entity id="3424"/>
 <Entity id="3425"/>
 <Entity id="3426"/>
 <Entity id="3427"/>
 <Entity id="3428"/>
 <Entity id="3429"/>
 <Entity id="3430"/>
 <Entity id="3431"/>
 <Entity id="3432"/>
 <Entity id="3433"/>
 <Entity id="3434"/>
 <Entity id="3435"/>
 <Entity id="3436"/>
 <Entity id="3437"/>
 <Entity id="3438"/>
 <Entity id="3439"/>
 <Entity id="3440"/>
 <Entity id="3441"/>
 <Entity id="3442"/>
 <Entity id="3443"/>
 <Entity id="3444"/>
 <Entity id="3445"/>
 <Entity id="3446"/>
 <Entity id="3447"/>
 <Entity id="3448"/>
 <Entity id="3449"/>
 <Entity id="3450"/>
 <Entity id="3451"/>
 <Entity id="3452"/>
 <Entity id="3453"/>
 <Entity id="3454"/>
 <Entity id="3455"/>
 <Entity id="3456"/>
 <Entity id="3457"/>
 <Entity id="3458"/>
 <Entity id="3459"/>
 <Entity id="3460"/>
 <Entity id="3461"/>
 <Entity id="3462"/>
 <Entity id="3463"/>
 <Entity id="3464"/>
 <Entity id="3465"/>
 <Entity id="3467"/>
 <Entity id="3468"/>
 <Entity id="3469"/>
 <Entity id="3470"/>
 <Entity id="3471"/>
 <Entity id="3472"/>
 <Entity id="3473"/>
 <Entity id="3474"/>
 <Entity id="3475"/>
 <Entity id="3476"/>
 <Entity id="3477"/>
 <Entity id="3478"/>
 <Entity id="3479"/>
 <Entity id="3480"/>
 <Entity id="3481"/>
 <Entity id="3482"/>
 <Entity id="3483"/>
 <Entity id="3484"/>
 <Entity id="3485"/>
 <Entity id="3486"/>
 <Entity id="3487"/>
 <Entity id="3488"/>
 <Entity id="3489"/>
 <Entity id="3490"/>
 <Entity id="3493"/>
 <Entity id="3494"/>
 <Entity id="3495"/>
 <Entity id="3496"/>
 <Entity id="3497"/>
 <Entity id="3498"/>
 <Entity id="3499"/>
 <Entity id="3500"/>
 <Entity id="3501"/>
 <Entity id="3502"/>
 <Entity id="3503"/>
 <Entity id="3504"/>
 <Entity id="3505"/>
 <Entity id="3506"/>
 <Entity id="3507"/>
 <Entity id="3508"/>
 <Entity id="3509"/>
 <Entity id="3510"/>
 <Entity id="3512"/>
 <Entity id="3513"/>
 <Entity id="3514"/>
 <Entity id="3515"/>
 <Entity id="3516"/>
 <Entity id="3517"/>
 <Entity id="3518"/>
 <Entity id="3519"/>
 <Entity id="3520"/>
 <Entity id="3521"/>
 <Entity id="3522"/>
 <Entity id="3523"/>
 <Entity id="3524"/>
 <Entity id="3525"/>
 <Entity id="3526"/>
</EntitySerialization>
