
<ResponseRules>
 <WritebackKeys/>
 <ResponseRule id="13680621263391269364" name="Player Vocalizations" cooldown="" description="This is a big catch-all for all the various non-verbal player vocalizations." response="13680621263391269488">
  <Criteria>
   <Criterion id="15659330456318451386" value="13680621263358634945" comparison="6" type="guid"/>
   <Criterion id="15659330456318451410" comparison="0" value="onConversationTrigger" fromResponse="0" type="default"/>
  </Criteria>
 </ResponseRule>
 <ResponseSet id="13680621263391269488">
  <Response dialog="13680621263391269487" id="13680621263391269489" cooldown="0" weight="1" oneshot="0" completeConversation="1" delay="0" cutoff="0"/>
  <Response dialog="13680621263391269499" id="13680621263391269500" cooldown="0" weight="1" oneshot="0" completeConversation="1" delay="0" cutoff="0"/>
  <Response dialog="13680621263391269537" id="13680621263391269538" cooldown="0" weight="1" oneshot="0" completeConversation="1" delay="0" cutoff="0"/>
  <Response dialog="13680621263391269544" id="13680621263391269545" cooldown="0" weight="1" oneshot="0" completeConversation="1" delay="0" cutoff="0"/>
  <Response dialog="13680621263391271376" id="13680621263391271377" cooldown="0" weight="1" oneshot="0" completeConversation="1" delay="0" cutoff="0"/>
  <Response dialog="13680621263391271401" id="13680621263391271402" cooldown="0" weight="1" oneshot="0" completeConversation="1" delay="0" cutoff="0"/>
  <Response dialog="13680621263391271422" id="13680621263391271423" cooldown="0" weight="1" oneshot="0" completeConversation="1" delay="0" cutoff="0"/>
  <Response dialog="13680621263391271431" id="13680621263391271432" cooldown="0" weight="1" oneshot="0" completeConversation="1" delay="0" cutoff="0"/>
  <Response dialog="13680621263391271484" id="13680621263391271485" cooldown="0" weight="1" oneshot="0" completeConversation="1" delay="0" cutoff="0"/>
  <Response dialog="13680621263391271491" id="13680621263391271492" cooldown="0" weight="1" oneshot="0" completeConversation="1" delay="0" cutoff="0"/>
  <Response dialog="13680621263391271574" id="13680621263391271575" cooldown="0" weight="1" oneshot="0" completeConversation="1" delay="0" cutoff="0"/>
  <Response dialog="13680621263391271580" id="13680621263391271581" cooldown="0" weight="1" oneshot="0" completeConversation="1" delay="0" cutoff="0"/>
  <Response dialog="13680621263391271609" id="13680621263391271610" cooldown="0" weight="1" oneshot="0" completeConversation="1" delay="0" cutoff="0"/>
  <Response dialog="13680621263391271617" id="13680621263391271618" cooldown="0" weight="1" oneshot="0" completeConversation="1" delay="0" cutoff="0"/>
  <Response dialog="13680621263391271675" id="13680621263391271676" cooldown="0" weight="1" oneshot="0" completeConversation="1" delay="0" cutoff="0"/>
  <Response dialog="13680621263391271680" id="13680621263391271681" cooldown="0" weight="1" oneshot="0" completeConversation="1" delay="0" cutoff="0"/>
  <Response dialog="13680621263391271719" id="13680621263391271720" cooldown="0" weight="1" oneshot="0" completeConversation="1" delay="0" cutoff="0"/>
  <Response dialog="13680621263391271725" id="13680621263391271726" cooldown="0" weight="1" oneshot="0" completeConversation="1" delay="0" cutoff="0"/>
  <Response dialog="13680621263391271783" id="13680621263391271784" cooldown="0" weight="1" oneshot="0" completeConversation="1" delay="0" cutoff="0"/>
  <Response dialog="13680621263391271817" id="13680621263391271818" cooldown="0" weight="1" oneshot="0" completeConversation="1" delay="0" cutoff="0"/>
  <Response dialog="13680621263391271840" id="13680621263391271841" cooldown="0" weight="1" oneshot="0" completeConversation="1" delay="0" cutoff="0"/>
  <Response dialog="13680621263391271872" id="13680621263391271873" cooldown="0" weight="1" oneshot="0" completeConversation="1" delay="0" cutoff="0"/>
  <Response dialog="13680621263391271915" id="13680621263391271916" cooldown="0" weight="1" oneshot="0" completeConversation="1" delay="0" cutoff="0"/>
  <Response dialog="13680621263391271922" id="13680621263391271923" cooldown="0" weight="1" oneshot="0" completeConversation="1" delay="0" cutoff="0"/>
  <Response dialog="13680621263391271987" id="13680621263391271988" cooldown="0" weight="1" oneshot="0" completeConversation="1" delay="0" cutoff="0"/>
  <Response dialog="13680621263391271995" id="13680621263391271996" cooldown="0" weight="1" oneshot="0" completeConversation="1" delay="0" cutoff="0"/>
  <Response dialog="13680621263391272040" id="13680621263391272041" cooldown="0" weight="1" oneshot="0" completeConversation="1" delay="0" cutoff="0"/>
  <Response dialog="13680621263391272069" id="13680621263391272070" cooldown="0" weight="1" oneshot="0" completeConversation="1" delay="0" cutoff="0"/>
  <Response dialog="13680621263391272133" id="13680621263391272134" cooldown="0" weight="1" oneshot="0" completeConversation="1" delay="0" cutoff="0"/>
  <Response dialog="13680621263391272178" id="13680621263391272179" cooldown="0" weight="1" oneshot="0" completeConversation="1" delay="0" cutoff="0"/>
 </ResponseSet>
</ResponseRules>