<EntitySerialization>
 <Entity id="1"/>
 <Entity id="2"/>
 <Entity id="3"/>
 <Entity id="4"/>
 <Entity id="5"/>
 <Entity id="6"/>
 <Entity id="7"/>
 <Entity id="8"/>
 <Entity id="9"/>
 <Entity id="10"/>
 <Entity id="11"/>
 <Entity id="12"/>
 <Entity id="13"/>
 <Entity id="14"/>
 <Entity id="15"/>
 <Entity id="16"/>
 <Entity id="17"/>
 <Entity id="18"/>
 <Entity id="19"/>
 <Entity id="20"/>
 <Entity id="21"/>
 <Entity id="22"/>
 <Entity id="23"/>
 <Entity id="24"/>
 <Entity id="25"/>
 <Entity id="26"/>
 <Entity id="27"/>
 <Entity id="28"/>
 <Entity id="29"/>
 <Entity id="30"/>
 <Entity id="31"/>
 <Entity id="32"/>
 <Entity id="33"/>
 <Entity id="34"/>
 <Entity id="35"/>
 <Entity id="36"/>
 <Entity id="37"/>
 <Entity id="38"/>
 <Entity id="39"/>
 <Entity id="40"/>
 <Entity id="41"/>
 <Entity id="42"/>
 <Entity id="43"/>
 <Entity id="44"/>
 <Entity id="45"/>
 <Entity id="46"/>
 <Entity id="47"/>
 <Entity id="48"/>
 <Entity id="49"/>
 <Entity id="50"/>
 <Entity id="51"/>
 <Entity id="52"/>
 <Entity id="53"/>
 <Entity id="54"/>
 <Entity id="55"/>
 <Entity id="56"/>
 <Entity id="57"/>
 <Entity id="58"/>
 <Entity id="59"/>
 <Entity id="60"/>
 <Entity id="61"/>
 <Entity id="62"/>
 <Entity id="63"/>
 <Entity id="64"/>
 <Entity id="65"/>
 <Entity id="66"/>
 <Entity id="67"/>
 <Entity id="68"/>
 <Entity id="69"/>
 <Entity id="70"/>
 <Entity id="71"/>
 <Entity id="72"/>
 <Entity id="73"/>
 <Entity id="74"/>
 <Entity id="75"/>
 <Entity id="76"/>
 <Entity id="77"/>
 <Entity id="78"/>
 <Entity id="79"/>
 <Entity id="80"/>
 <Entity id="81"/>
 <Entity id="82"/>
 <Entity id="83"/>
 <Entity id="84"/>
 <Entity id="85"/>
 <Entity id="86"/>
 <Entity id="87"/>
 <Entity id="88"/>
 <Entity id="89"/>
 <Entity id="90"/>
 <Entity id="91"/>
 <Entity id="92"/>
 <Entity id="93"/>
 <Entity id="94"/>
 <Entity id="95"/>
 <Entity id="96"/>
 <Entity id="97"/>
 <Entity id="98"/>
 <Entity id="99"/>
 <Entity id="100"/>
 <Entity id="101"/>
 <Entity id="102"/>
 <Entity id="103"/>
 <Entity id="104"/>
 <Entity id="105"/>
 <Entity id="106"/>
 <Entity id="107"/>
 <Entity id="109"/>
 <Entity id="110"/>
 <Entity id="112"/>
 <Entity id="114"/>
 <Entity id="115"/>
 <Entity id="116"/>
 <Entity id="117"/>
 <Entity id="118"/>
 <Entity id="119"/>
 <Entity id="121"/>
 <Entity id="122"/>
 <Entity id="124"/>
 <Entity id="125"/>
 <Entity id="126"/>
 <Entity id="127"/>
 <Entity id="128"/>
 <Entity id="130"/>
 <Entity id="131"/>
 <Entity id="132"/>
 <Entity id="134"/>
 <Entity id="135"/>
 <Entity id="136"/>
 <Entity id="137"/>
 <Entity id="138"/>
 <Entity id="139"/>
 <Entity id="140"/>
 <Entity id="141"/>
 <Entity id="142"/>
 <Entity id="143"/>
 <Entity id="144"/>
 <Entity id="145"/>
 <Entity id="146"/>
 <Entity id="147"/>
 <Entity id="148"/>
 <Entity id="149"/>
 <Entity id="150"/>
 <Entity id="151"/>
 <Entity id="152"/>
 <Entity id="153"/>
 <Entity id="154"/>
 <Entity id="155"/>
 <Entity id="156"/>
 <Entity id="157"/>
 <Entity id="159"/>
 <Entity id="160"/>
 <Entity id="161"/>
 <Entity id="162"/>
 <Entity id="163"/>
 <Entity id="164"/>
 <Entity id="165"/>
 <Entity id="166"/>
 <Entity id="167"/>
 <Entity id="168"/>
 <Entity id="169"/>
 <Entity id="170"/>
 <Entity id="173"/>
 <Entity id="174"/>
 <Entity id="175"/>
 <Entity id="176"/>
 <Entity id="177"/>
 <Entity id="178"/>
 <Entity id="179"/>
 <Entity id="180"/>
 <Entity id="182"/>
 <Entity id="183"/>
 <Entity id="184"/>
 <Entity id="185"/>
 <Entity id="186"/>
 <Entity id="187"/>
 <Entity id="190"/>
 <Entity id="192"/>
 <Entity id="193"/>
 <Entity id="194"/>
 <Entity id="195"/>
 <Entity id="196"/>
 <Entity id="197"/>
 <Entity id="198"/>
 <Entity id="199"/>
 <Entity id="200"/>
 <Entity id="201"/>
 <Entity id="202"/>
 <Entity id="203"/>
 <Entity id="204"/>
 <Entity id="205"/>
 <Entity id="207"/>
 <Entity id="208"/>
 <Entity id="209"/>
 <Entity id="211"/>
 <Entity id="212"/>
 <Entity id="213"/>
 <Entity id="214"/>
 <Entity id="215"/>
 <Entity id="216"/>
 <Entity id="218"/>
 <Entity id="219"/>
 <Entity id="221"/>
 <Entity id="222"/>
 <Entity id="223"/>
 <Entity id="225"/>
 <Entity id="227"/>
 <Entity id="228"/>
 <Entity id="229"/>
 <Entity id="230"/>
 <Entity id="231"/>
 <Entity id="233"/>
 <Entity id="234"/>
 <Entity id="235"/>
 <Entity id="238"/>
 <Entity id="239"/>
 <Entity id="240"/>
 <Entity id="242"/>
 <Entity id="243"/>
 <Entity id="244"/>
 <Entity id="247"/>
 <Entity id="248"/>
 <Entity id="249"/>
 <Entity id="250"/>
 <Entity id="251"/>
 <Entity id="252"/>
 <Entity id="253"/>
 <Entity id="254"/>
 <Entity id="255"/>
 <Entity id="256"/>
 <Entity id="257"/>
 <Entity id="258"/>
 <Entity id="260"/>
 <Entity id="262"/>
 <Entity id="264"/>
 <Entity id="266"/>
 <Entity id="267"/>
 <Entity id="268"/>
 <Entity id="269"/>
 <Entity id="270"/>
 <Entity id="271"/>
 <Entity id="272"/>
 <Entity id="273"/>
 <Entity id="275"/>
 <Entity id="276"/>
 <Entity id="277"/>
 <Entity id="278"/>
 <Entity id="279"/>
 <Entity id="280"/>
 <Entity id="281"/>
 <Entity id="282"/>
 <Entity id="285"/>
 <Entity id="286"/>
 <Entity id="287"/>
 <Entity id="288"/>
 <Entity id="289"/>
 <Entity id="291"/>
 <Entity id="292"/>
 <Entity id="294"/>
 <Entity id="296"/>
 <Entity id="297"/>
 <Entity id="298"/>
 <Entity id="299"/>
 <Entity id="300"/>
 <Entity id="301"/>
 <Entity id="303"/>
 <Entity id="304"/>
 <Entity id="305"/>
 <Entity id="306"/>
 <Entity id="307"/>
 <Entity id="308"/>
 <Entity id="309"/>
 <Entity id="310"/>
 <Entity id="311"/>
 <Entity id="312"/>
 <Entity id="313"/>
 <Entity id="314"/>
 <Entity id="315"/>
 <Entity id="316"/>
 <Entity id="318"/>
 <Entity id="319"/>
 <Entity id="320"/>
 <Entity id="321"/>
 <Entity id="323"/>
 <Entity id="324"/>
 <Entity id="328"/>
 <Entity id="329"/>
 <Entity id="330"/>
 <Entity id="331"/>
 <Entity id="332"/>
 <Entity id="333"/>
 <Entity id="334"/>
 <Entity id="335"/>
 <Entity id="339"/>
 <Entity id="340"/>
 <Entity id="341"/>
 <Entity id="342"/>
 <Entity id="343"/>
 <Entity id="345"/>
 <Entity id="347"/>
 <Entity id="349"/>
 <Entity id="351"/>
 <Entity id="353"/>
 <Entity id="355"/>
 <Entity id="356"/>
 <Entity id="357"/>
 <Entity id="358"/>
 <Entity id="359"/>
 <Entity id="360"/>
 <Entity id="363"/>
 <Entity id="367"/>
 <Entity id="368"/>
 <Entity id="369"/>
 <Entity id="370"/>
 <Entity id="372"/>
 <Entity id="374"/>
 <Entity id="375"/>
 <Entity id="379"/>
 <Entity id="380"/>
 <Entity id="384"/>
 <Entity id="386"/>
 <Entity id="387"/>
 <Entity id="388"/>
 <Entity id="389"/>
 <Entity id="390"/>
 <Entity id="391"/>
 <Entity id="393"/>
 <Entity id="394"/>
 <Entity id="397"/>
 <Entity id="398"/>
 <Entity id="399"/>
 <Entity id="400"/>
 <Entity id="401"/>
 <Entity id="407"/>
 <Entity id="408"/>
 <Entity id="409"/>
 <Entity id="410"/>
 <Entity id="411"/>
 <Entity id="412"/>
 <Entity id="413"/>
 <Entity id="414"/>
 <Entity id="415"/>
 <Entity id="416"/>
 <Entity id="417"/>
 <Entity id="418"/>
 <Entity id="420"/>
 <Entity id="421"/>
 <Entity id="423"/>
 <Entity id="426"/>
 <Entity id="427"/>
 <Entity id="429"/>
 <Entity id="430"/>
 <Entity id="431"/>
 <Entity id="432"/>
 <Entity id="435"/>
 <Entity id="436"/>
 <Entity id="437"/>
 <Entity id="438"/>
 <Entity id="439"/>
 <Entity id="440"/>
 <Entity id="441"/>
 <Entity id="444"/>
 <Entity id="445"/>
 <Entity id="446"/>
 <Entity id="448"/>
 <Entity id="449"/>
 <Entity id="450"/>
 <Entity id="452"/>
 <Entity id="454"/>
 <Entity id="457"/>
 <Entity id="458"/>
 <Entity id="459"/>
 <Entity id="460"/>
 <Entity id="461"/>
 <Entity id="462"/>
 <Entity id="463"/>
 <Entity id="464"/>
 <Entity id="466"/>
 <Entity id="467"/>
 <Entity id="469"/>
 <Entity id="470"/>
 <Entity id="471"/>
 <Entity id="472"/>
 <Entity id="473"/>
 <Entity id="474"/>
 <Entity id="475"/>
 <Entity id="476"/>
 <Entity id="477"/>
 <Entity id="478"/>
 <Entity id="479"/>
 <Entity id="482"/>
 <Entity id="483"/>
 <Entity id="484"/>
 <Entity id="485"/>
 <Entity id="486"/>
 <Entity id="488"/>
 <Entity id="489"/>
 <Entity id="492"/>
 <Entity id="493"/>
 <Entity id="496"/>
 <Entity id="498"/>
 <Entity id="499"/>
 <Entity id="500"/>
 <Entity id="501"/>
 <Entity id="502"/>
 <Entity id="503"/>
 <Entity id="504"/>
 <Entity id="505"/>
 <Entity id="506"/>
 <Entity id="507"/>
 <Entity id="513"/>
 <Entity id="515"/>
 <Entity id="517"/>
 <Entity id="518"/>
 <Entity id="522"/>
 <Entity id="523"/>
 <Entity id="528"/>
 <Entity id="530"/>
 <Entity id="536"/>
 <Entity id="540"/>
 <Entity id="569"/>
 <Entity id="584"/>
 <Entity id="585"/>
 <Entity id="589"/>
 <Entity id="591"/>
 <Entity id="616"/>
 <Entity id="617"/>
 <Entity id="649"/>
 <Entity id="665"/>
 <Entity id="670"/>
 <Entity id="689"/>
 <Entity id="691"/>
 <Entity id="700"/>
 <Entity id="708"/>
 <Entity id="712"/>
 <Entity id="734"/>
 <Entity id="767"/>
 <Entity id="776"/>
 <Entity id="800"/>
 <Entity id="801"/>
 <Entity id="803"/>
 <Entity id="804"/>
 <Entity id="805"/>
 <Entity id="806"/>
 <Entity id="808"/>
 <Entity id="810"/>
 <Entity id="811"/>
 <Entity id="812"/>
 <Entity id="815"/>
 <Entity id="816"/>
 <Entity id="820"/>
 <Entity id="821"/>
 <Entity id="822"/>
 <Entity id="823"/>
 <Entity id="825"/>
 <Entity id="826"/>
 <Entity id="827"/>
 <Entity id="828"/>
 <Entity id="829"/>
 <Entity id="830"/>
 <Entity id="832"/>
 <Entity id="833"/>
 <Entity id="834"/>
 <Entity id="836"/>
 <Entity id="839"/>
 <Entity id="840"/>
 <Entity id="841"/>
 <Entity id="843"/>
 <Entity id="846"/>
 <Entity id="847"/>
 <Entity id="848"/>
 <Entity id="859"/>
 <Entity id="860"/>
 <Entity id="862"/>
 <Entity id="864"/>
 <Entity id="865"/>
 <Entity id="867"/>
 <Entity id="869"/>
 <Entity id="874"/>
 <Entity id="878"/>
 <Entity id="881"/>
 <Entity id="883"/>
 <Entity id="885"/>
 <Entity id="888"/>
 <Entity id="892"/>
 <Entity id="893"/>
 <Entity id="894"/>
 <Entity id="895"/>
 <Entity id="896"/>
 <Entity id="897"/>
 <Entity id="898"/>
 <Entity id="899"/>
 <Entity id="900"/>
 <Entity id="901"/>
 <Entity id="902"/>
 <Entity id="903"/>
 <Entity id="904"/>
 <Entity id="905"/>
 <Entity id="906"/>
 <Entity id="907"/>
 <Entity id="908"/>
 <Entity id="909"/>
 <Entity id="910"/>
 <Entity id="911"/>
 <Entity id="912"/>
 <Entity id="913"/>
 <Entity id="914"/>
 <Entity id="915"/>
 <Entity id="916"/>
 <Entity id="917"/>
 <Entity id="918"/>
 <Entity id="919"/>
 <Entity id="920"/>
 <Entity id="921"/>
 <Entity id="922"/>
 <Entity id="923"/>
 <Entity id="924"/>
 <Entity id="925"/>
 <Entity id="926"/>
 <Entity id="927"/>
 <Entity id="928"/>
 <Entity id="929"/>
 <Entity id="930"/>
 <Entity id="931"/>
 <Entity id="932"/>
 <Entity id="933"/>
 <Entity id="934"/>
 <Entity id="935"/>
 <Entity id="936"/>
 <Entity id="937"/>
 <Entity id="938"/>
 <Entity id="939"/>
 <Entity id="940"/>
 <Entity id="941"/>
 <Entity id="942"/>
 <Entity id="943"/>
 <Entity id="944"/>
 <Entity id="945"/>
 <Entity id="946"/>
 <Entity id="947"/>
 <Entity id="948"/>
 <Entity id="949"/>
 <Entity id="950"/>
 <Entity id="951"/>
 <Entity id="952"/>
 <Entity id="953"/>
 <Entity id="954"/>
 <Entity id="955"/>
 <Entity id="956"/>
 <Entity id="957"/>
 <Entity id="958"/>
 <Entity id="959"/>
 <Entity id="960"/>
 <Entity id="961"/>
 <Entity id="962"/>
 <Entity id="963"/>
 <Entity id="964"/>
 <Entity id="965"/>
 <Entity id="966"/>
 <Entity id="967"/>
 <Entity id="968"/>
 <Entity id="969"/>
 <Entity id="970"/>
 <Entity id="971"/>
 <Entity id="972"/>
 <Entity id="973"/>
 <Entity id="974"/>
 <Entity id="975"/>
 <Entity id="976"/>
 <Entity id="977"/>
 <Entity id="978"/>
 <Entity id="979"/>
 <Entity id="980"/>
 <Entity id="981"/>
 <Entity id="982"/>
 <Entity id="983"/>
 <Entity id="984"/>
 <Entity id="985"/>
 <Entity id="986"/>
 <Entity id="987"/>
 <Entity id="988"/>
 <Entity id="989"/>
 <Entity id="990"/>
 <Entity id="991"/>
 <Entity id="992"/>
 <Entity id="993"/>
 <Entity id="994"/>
 <Entity id="995"/>
 <Entity id="996"/>
 <Entity id="997"/>
 <Entity id="998"/>
 <Entity id="999"/>
 <Entity id="1000"/>
 <Entity id="1001"/>
 <Entity id="1002"/>
 <Entity id="1003"/>
 <Entity id="1004"/>
 <Entity id="1005"/>
 <Entity id="1006"/>
 <Entity id="1007"/>
 <Entity id="1008"/>
 <Entity id="1009"/>
 <Entity id="1010"/>
 <Entity id="1011"/>
 <Entity id="1012"/>
 <Entity id="1013"/>
 <Entity id="1014"/>
 <Entity id="1015"/>
 <Entity id="1016"/>
 <Entity id="1017"/>
 <Entity id="1018"/>
 <Entity id="1019"/>
 <Entity id="1020"/>
 <Entity id="1021"/>
 <Entity id="1022"/>
 <Entity id="1023"/>
 <Entity id="1024"/>
 <Entity id="1025"/>
 <Entity id="1026"/>
 <Entity id="1027"/>
 <Entity id="1028"/>
 <Entity id="1029"/>
 <Entity id="1030"/>
 <Entity id="1031"/>
 <Entity id="1032"/>
 <Entity id="1033"/>
 <Entity id="1034"/>
 <Entity id="1035"/>
 <Entity id="1036"/>
 <Entity id="1037"/>
 <Entity id="1038"/>
 <Entity id="1039"/>
 <Entity id="1040"/>
 <Entity id="1041"/>
 <Entity id="1042"/>
 <Entity id="1043"/>
 <Entity id="1044"/>
 <Entity id="1045"/>
 <Entity id="1046"/>
 <Entity id="1047"/>
 <Entity id="1048"/>
 <Entity id="1049"/>
 <Entity id="1050"/>
 <Entity id="1051"/>
 <Entity id="1056"/>
 <Entity id="1059"/>
 <Entity id="1060"/>
 <Entity id="1061"/>
 <Entity id="1062"/>
 <Entity id="1063"/>
 <Entity id="1065"/>
 <Entity id="1066"/>
 <Entity id="1067"/>
 <Entity id="1068"/>
 <Entity id="1071"/>
 <Entity id="1072"/>
 <Entity id="1074"/>
 <Entity id="1075"/>
 <Entity id="1076"/>
 <Entity id="1077"/>
 <Entity id="1078"/>
 <Entity id="1080"/>
 <Entity id="1099"/>
 <Entity id="1101"/>
 <Entity id="1104"/>
 <Entity id="1106"/>
 <Entity id="1107"/>
 <Entity id="1108"/>
 <Entity id="1109"/>
 <Entity id="1110"/>
 <Entity id="1112"/>
 <Entity id="1113"/>
 <Entity id="1114"/>
 <Entity id="1115"/>
 <Entity id="1116"/>
 <Entity id="1117"/>
 <Entity id="1118"/>
 <Entity id="1119"/>
 <Entity id="1120"/>
 <Entity id="1121"/>
 <Entity id="1122"/>
 <Entity id="1123"/>
 <Entity id="1126"/>
 <Entity id="1127"/>
 <Entity id="1128"/>
 <Entity id="1129"/>
 <Entity id="1130"/>
 <Entity id="1131"/>
 <Entity id="1135"/>
 <Entity id="1136"/>
 <Entity id="1137"/>
 <Entity id="1138"/>
 <Entity id="1139"/>
 <Entity id="1141"/>
 <Entity id="1143"/>
 <Entity id="1144"/>
 <Entity id="1145"/>
 <Entity id="1146"/>
 <Entity id="1147"/>
 <Entity id="1148"/>
 <Entity id="1151"/>
 <Entity id="1153"/>
 <Entity id="1155"/>
 <Entity id="1156"/>
 <Entity id="1157"/>
 <Entity id="1158"/>
 <Entity id="1159"/>
 <Entity id="1162"/>
 <Entity id="1163"/>
 <Entity id="1164"/>
 <Entity id="1168"/>
 <Entity id="1169"/>
 <Entity id="1170"/>
 <Entity id="1171"/>
 <Entity id="1172"/>
 <Entity id="1173"/>
 <Entity id="1175"/>
 <Entity id="1177"/>
 <Entity id="1178"/>
 <Entity id="1180"/>
 <Entity id="1182"/>
 <Entity id="1183"/>
 <Entity id="1184"/>
 <Entity id="1186"/>
 <Entity id="1187"/>
 <Entity id="1188"/>
 <Entity id="1189"/>
 <Entity id="1190"/>
 <Entity id="1191"/>
 <Entity id="1193"/>
 <Entity id="1194"/>
 <Entity id="1195"/>
 <Entity id="1196"/>
 <Entity id="1198"/>
 <Entity id="1199"/>
 <Entity id="1200"/>
 <Entity id="1201"/>
 <Entity id="1203"/>
 <Entity id="1204"/>
 <Entity id="1205"/>
 <Entity id="1207"/>
 <Entity id="1208"/>
 <Entity id="1209"/>
 <Entity id="1210"/>
 <Entity id="1215"/>
 <Entity id="1216"/>
 <Entity id="1218"/>
 <Entity id="1219"/>
 <Entity id="1220"/>
 <Entity id="1221"/>
 <Entity id="1223"/>
 <Entity id="1225"/>
 <Entity id="1226"/>
 <Entity id="1228"/>
 <Entity id="1230"/>
 <Entity id="1233"/>
 <Entity id="1234"/>
 <Entity id="1235"/>
 <Entity id="1236"/>
 <Entity id="1238"/>
 <Entity id="1239"/>
 <Entity id="1240"/>
 <Entity id="1244"/>
 <Entity id="1245"/>
 <Entity id="1247"/>
 <Entity id="1248"/>
 <Entity id="1249"/>
 <Entity id="1252"/>
 <Entity id="1253"/>
 <Entity id="1254"/>
 <Entity id="1256"/>
 <Entity id="1257"/>
 <Entity id="1258"/>
 <Entity id="1259"/>
 <Entity id="1260"/>
 <Entity id="1262"/>
 <Entity id="1264"/>
 <Entity id="1265"/>
 <Entity id="1266"/>
 <Entity id="1267"/>
 <Entity id="1268"/>
 <Entity id="1269"/>
 <Entity id="1271"/>
 <Entity id="1272"/>
 <Entity id="1273"/>
 <Entity id="1274"/>
 <Entity id="1280"/>
 <Entity id="1281"/>
 <Entity id="1282"/>
 <Entity id="1285"/>
 <Entity id="1287"/>
 <Entity id="1289"/>
 <Entity id="1290"/>
 <Entity id="1291"/>
 <Entity id="1292"/>
 <Entity id="1293"/>
 <Entity id="1294"/>
 <Entity id="1295"/>
 <Entity id="1296"/>
 <Entity id="1297"/>
 <Entity id="1298"/>
 <Entity id="1299"/>
 <Entity id="1300"/>
 <Entity id="1302"/>
 <Entity id="1303"/>
 <Entity id="1306"/>
 <Entity id="1308"/>
 <Entity id="1309"/>
 <Entity id="1310"/>
 <Entity id="1311"/>
 <Entity id="1312"/>
 <Entity id="1315"/>
 <Entity id="1316"/>
 <Entity id="1319"/>
 <Entity id="1320"/>
 <Entity id="1322"/>
 <Entity id="1323"/>
 <Entity id="1324"/>
 <Entity id="1326"/>
 <Entity id="1328"/>
 <Entity id="1329"/>
 <Entity id="1332"/>
 <Entity id="1333"/>
 <Entity id="1336"/>
 <Entity id="1338"/>
 <Entity id="1340"/>
 <Entity id="1341"/>
 <Entity id="1342"/>
 <Entity id="1344"/>
 <Entity id="1346"/>
 <Entity id="1348"/>
 <Entity id="1349"/>
 <Entity id="1351"/>
 <Entity id="1352"/>
 <Entity id="1353"/>
 <Entity id="1354"/>
 <Entity id="1355"/>
 <Entity id="1356"/>
 <Entity id="1359"/>
 <Entity id="1361"/>
 <Entity id="1362"/>
 <Entity id="1367"/>
 <Entity id="1368"/>
 <Entity id="1371"/>
 <Entity id="1374"/>
 <Entity id="1375"/>
 <Entity id="1376"/>
 <Entity id="1379"/>
 <Entity id="1381"/>
 <Entity id="1382"/>
 <Entity id="1384"/>
 <Entity id="1386"/>
 <Entity id="1387"/>
 <Entity id="1388"/>
 <Entity id="1389"/>
 <Entity id="1390"/>
 <Entity id="1392"/>
 <Entity id="1393"/>
 <Entity id="1396"/>
 <Entity id="1397"/>
 <Entity id="1404"/>
 <Entity id="1406"/>
 <Entity id="1408"/>
 <Entity id="1420"/>
 <Entity id="1426"/>
 <Entity id="1427"/>
 <Entity id="1428"/>
 <Entity id="1429"/>
 <Entity id="1430"/>
 <Entity id="1431"/>
 <Entity id="1432"/>
 <Entity id="1433"/>
 <Entity id="1434"/>
 <Entity id="1435"/>
 <Entity id="1436"/>
 <Entity id="1437"/>
 <Entity id="1438"/>
 <Entity id="1439"/>
 <Entity id="1440"/>
 <Entity id="1441"/>
 <Entity id="1442"/>
 <Entity id="1443"/>
 <Entity id="1444"/>
 <Entity id="1445"/>
 <Entity id="1446"/>
 <Entity id="1447"/>
 <Entity id="1448"/>
 <Entity id="1449"/>
 <Entity id="1450"/>
 <Entity id="1451"/>
 <Entity id="1452"/>
 <Entity id="1453"/>
 <Entity id="1454"/>
 <Entity id="1455"/>
 <Entity id="1456"/>
 <Entity id="1457"/>
 <Entity id="1458"/>
 <Entity id="1459"/>
 <Entity id="1460"/>
 <Entity id="1461"/>
 <Entity id="1462"/>
 <Entity id="1464"/>
 <Entity id="1465"/>
 <Entity id="1467"/>
 <Entity id="1469"/>
 <Entity id="1476"/>
 <Entity id="1480"/>
 <Entity id="1489"/>
 <Entity id="1492"/>
 <Entity id="1500"/>
 <Entity id="1503"/>
 <Entity id="1517"/>
 <Entity id="1524"/>
 <Entity id="1527"/>
 <Entity id="1529"/>
 <Entity id="1535"/>
 <Entity id="1536"/>
 <Entity id="1541"/>
 <Entity id="1543"/>
 <Entity id="1545"/>
 <Entity id="1546"/>
 <Entity id="1550"/>
 <Entity id="1556"/>
 <Entity id="1559"/>
 <Entity id="1561"/>
 <Entity id="1569"/>
 <Entity id="1572"/>
 <Entity id="1577"/>
 <Entity id="1601"/>
 <Entity id="1621"/>
 <Entity id="1627"/>
 <Entity id="1629"/>
 <Entity id="1635"/>
 <Entity id="1638"/>
 <Entity id="1639"/>
 <Entity id="1641"/>
 <Entity id="1642"/>
 <Entity id="1645"/>
 <Entity id="1647"/>
 <Entity id="1649"/>
 <Entity id="1652"/>
 <Entity id="1655"/>
 <Entity id="1669"/>
 <Entity id="1672"/>
 <Entity id="1673"/>
 <Entity id="1675"/>
 <Entity id="1676"/>
 <Entity id="1680"/>
 <Entity id="1682"/>
 <Entity id="1683"/>
 <Entity id="1685"/>
 <Entity id="1687"/>
 <Entity id="1689"/>
 <Entity id="1690"/>
 <Entity id="1691"/>
 <Entity id="1694"/>
 <Entity id="1695"/>
 <Entity id="1698"/>
 <Entity id="1699"/>
 <Entity id="1700"/>
 <Entity id="1701"/>
 <Entity id="1703"/>
 <Entity id="1709"/>
 <Entity id="1712"/>
 <Entity id="1713"/>
 <Entity id="1714"/>
 <Entity id="1715"/>
 <Entity id="1717"/>
 <Entity id="1719"/>
 <Entity id="1721"/>
 <Entity id="1724"/>
 <Entity id="1725"/>
 <Entity id="1728"/>
 <Entity id="1729"/>
 <Entity id="1732"/>
 <Entity id="1733"/>
 <Entity id="1736"/>
 <Entity id="1740"/>
 <Entity id="1743"/>
 <Entity id="1744"/>
 <Entity id="1745"/>
 <Entity id="1746"/>
 <Entity id="1748"/>
 <Entity id="1749"/>
 <Entity id="1752"/>
 <Entity id="1753"/>
 <Entity id="1754"/>
 <Entity id="1757"/>
 <Entity id="1761"/>
 <Entity id="1762"/>
 <Entity id="1763"/>
 <Entity id="1765"/>
 <Entity id="1767"/>
 <Entity id="1769"/>
 <Entity id="1773"/>
 <Entity id="1775"/>
 <Entity id="1776"/>
 <Entity id="1778"/>
 <Entity id="1780"/>
 <Entity id="1784"/>
 <Entity id="1786"/>
 <Entity id="1787"/>
 <Entity id="1788"/>
 <Entity id="1793"/>
 <Entity id="1794"/>
 <Entity id="1795"/>
 <Entity id="1796"/>
 <Entity id="1797"/>
 <Entity id="1798"/>
 <Entity id="1799"/>
 <Entity id="1801"/>
 <Entity id="1802"/>
 <Entity id="1807"/>
 <Entity id="1808"/>
 <Entity id="1809"/>
 <Entity id="1811"/>
 <Entity id="1823"/>
 <Entity id="1830"/>
 <Entity id="1832"/>
 <Entity id="1838"/>
 <Entity id="1841"/>
 <Entity id="1844"/>
 <Entity id="1852"/>
 <Entity id="1862"/>
 <Entity id="1864"/>
 <Entity id="1866"/>
 <Entity id="1867"/>
 <Entity id="1870"/>
 <Entity id="1871"/>
 <Entity id="1872"/>
 <Entity id="1874"/>
 <Entity id="1875"/>
 <Entity id="1876"/>
 <Entity id="1878"/>
 <Entity id="1883"/>
 <Entity id="1885"/>
 <Entity id="1886"/>
 <Entity id="1887"/>
 <Entity id="1888"/>
 <Entity id="1892"/>
 <Entity id="1893"/>
 <Entity id="1894"/>
 <Entity id="1895"/>
 <Entity id="1896"/>
 <Entity id="1897"/>
 <Entity id="1898"/>
 <Entity id="1899"/>
 <Entity id="1900"/>
 <Entity id="1901"/>
 <Entity id="1902"/>
 <Entity id="1903"/>
 <Entity id="1904"/>
 <Entity id="1905"/>
 <Entity id="1906"/>
 <Entity id="1907"/>
 <Entity id="1908"/>
 <Entity id="1910"/>
 <Entity id="1911"/>
 <Entity id="1912"/>
 <Entity id="1913"/>
 <Entity id="1914"/>
 <Entity id="1915"/>
 <Entity id="1916"/>
 <Entity id="1917"/>
 <Entity id="1918"/>
 <Entity id="1919"/>
 <Entity id="1920"/>
 <Entity id="1921"/>
 <Entity id="1922"/>
 <Entity id="1923"/>
 <Entity id="1925"/>
 <Entity id="1926"/>
 <Entity id="1927"/>
 <Entity id="1928"/>
 <Entity id="1929"/>
 <Entity id="1930"/>
 <Entity id="1932"/>
 <Entity id="1934"/>
 <Entity id="1935"/>
 <Entity id="1939"/>
 <Entity id="1940"/>
 <Entity id="1941"/>
 <Entity id="1942"/>
 <Entity id="1943"/>
 <Entity id="1944"/>
 <Entity id="1946"/>
 <Entity id="1948"/>
 <Entity id="1949"/>
 <Entity id="1951"/>
 <Entity id="1952"/>
 <Entity id="1953"/>
 <Entity id="1954"/>
 <Entity id="1956"/>
 <Entity id="1959"/>
 <Entity id="1960"/>
 <Entity id="1961"/>
 <Entity id="1962"/>
 <Entity id="1963"/>
 <Entity id="1964"/>
 <Entity id="1965"/>
 <Entity id="1967"/>
 <Entity id="1968"/>
 <Entity id="1971"/>
 <Entity id="1972"/>
 <Entity id="1974"/>
 <Entity id="1975"/>
 <Entity id="1978"/>
 <Entity id="1979"/>
 <Entity id="1981"/>
 <Entity id="1982"/>
 <Entity id="1983"/>
 <Entity id="1986"/>
 <Entity id="1988"/>
 <Entity id="1993"/>
 <Entity id="1995"/>
 <Entity id="1996"/>
 <Entity id="1999"/>
 <Entity id="2000"/>
 <Entity id="2001"/>
 <Entity id="2003"/>
 <Entity id="2004"/>
 <Entity id="2005"/>
 <Entity id="2006"/>
 <Entity id="2008"/>
 <Entity id="2010"/>
 <Entity id="2012"/>
 <Entity id="2014"/>
 <Entity id="2015"/>
 <Entity id="2017"/>
 <Entity id="2019"/>
 <Entity id="2025"/>
 <Entity id="2027"/>
 <Entity id="2032"/>
 <Entity id="2033"/>
 <Entity id="2037"/>
 <Entity id="2038"/>
 <Entity id="2040"/>
 <Entity id="2041"/>
 <Entity id="2042"/>
 <Entity id="2049"/>
 <Entity id="2050"/>
 <Entity id="2052"/>
 <Entity id="2060"/>
 <Entity id="2062"/>
 <Entity id="2063"/>
 <Entity id="2064"/>
 <Entity id="2066"/>
 <Entity id="2068"/>
 <Entity id="2071"/>
 <Entity id="2072"/>
 <Entity id="2074"/>
 <Entity id="2076"/>
 <Entity id="2080"/>
 <Entity id="2081"/>
 <Entity id="2084"/>
 <Entity id="2087"/>
 <Entity id="2090"/>
 <Entity id="2092"/>
 <Entity id="2094"/>
 <Entity id="2096"/>
 <Entity id="2097"/>
 <Entity id="2098"/>
 <Entity id="2101"/>
 <Entity id="2102"/>
 <Entity id="2105"/>
 <Entity id="2106"/>
 <Entity id="2107"/>
 <Entity id="2108"/>
 <Entity id="2113"/>
 <Entity id="2117"/>
 <Entity id="2120"/>
 <Entity id="2121"/>
 <Entity id="2122"/>
 <Entity id="2123"/>
 <Entity id="2124"/>
 <Entity id="2129"/>
 <Entity id="2132"/>
 <Entity id="2133"/>
 <Entity id="2151"/>
 <Entity id="2155"/>
 <Entity id="2169"/>
 <Entity id="2171"/>
 <Entity id="2172"/>
 <Entity id="2214"/>
 <Entity id="2217"/>
 <Entity id="2221"/>
 <Entity id="2238"/>
 <Entity id="2322"/>
 <Entity id="2330"/>
 <Entity id="2373"/>
 <Entity id="2410"/>
 <Entity id="2422"/>
 <Entity id="2423"/>
 <Entity id="2425"/>
 <Entity id="2426"/>
 <Entity id="2427"/>
 <Entity id="2431"/>
 <Entity id="2432"/>
 <Entity id="2433"/>
 <Entity id="2434"/>
 <Entity id="2435"/>
 <Entity id="2443"/>
 <Entity id="2448"/>
 <Entity id="2449"/>
 <Entity id="2451"/>
 <Entity id="2454"/>
 <Entity id="2460"/>
 <Entity id="2463"/>
 <Entity id="2464"/>
 <Entity id="2465"/>
 <Entity id="2466"/>
 <Entity id="2467"/>
 <Entity id="2468"/>
 <Entity id="2469"/>
 <Entity id="2470"/>
 <Entity id="2471"/>
 <Entity id="2472"/>
 <Entity id="2473"/>
 <Entity id="2474"/>
 <Entity id="2475"/>
 <Entity id="2476"/>
 <Entity id="2477"/>
 <Entity id="2478"/>
 <Entity id="2479"/>
 <Entity id="2480"/>
 <Entity id="2481"/>
 <Entity id="2482"/>
 <Entity id="2483"/>
 <Entity id="2484"/>
 <Entity id="2485"/>
 <Entity id="2487"/>
 <Entity id="2488"/>
 <Entity id="2489"/>
 <Entity id="2490"/>
 <Entity id="2491"/>
 <Entity id="2492"/>
 <Entity id="2493"/>
 <Entity id="2494"/>
 <Entity id="2495"/>
 <Entity id="2496"/>
 <Entity id="2497"/>
 <Entity id="2498"/>
 <Entity id="2499"/>
 <Entity id="2500"/>
 <Entity id="2501"/>
 <Entity id="2502"/>
 <Entity id="2503"/>
 <Entity id="2504"/>
 <Entity id="2506"/>
 <Entity id="2507"/>
 <Entity id="2508"/>
 <Entity id="2509"/>
 <Entity id="2511"/>
 <Entity id="2512"/>
 <Entity id="2514"/>
 <Entity id="2515"/>
 <Entity id="2516"/>
 <Entity id="2517"/>
 <Entity id="2518"/>
 <Entity id="2519"/>
 <Entity id="2520"/>
 <Entity id="2521"/>
 <Entity id="2522"/>
 <Entity id="2524"/>
 <Entity id="2526"/>
 <Entity id="2527"/>
 <Entity id="2528"/>
 <Entity id="2529"/>
 <Entity id="2530"/>
 <Entity id="2531"/>
 <Entity id="2532"/>
 <Entity id="2533"/>
 <Entity id="2534"/>
 <Entity id="2535"/>
 <Entity id="2536"/>
 <Entity id="2537"/>
 <Entity id="2538"/>
 <Entity id="2539"/>
 <Entity id="2540"/>
 <Entity id="2543"/>
 <Entity id="2545"/>
 <Entity id="2546"/>
 <Entity id="2547"/>
 <Entity id="2548"/>
 <Entity id="2549"/>
 <Entity id="2550"/>
 <Entity id="2552"/>
 <Entity id="2553"/>
 <Entity id="2555"/>
 <Entity id="2557"/>
 <Entity id="2558"/>
 <Entity id="2559"/>
 <Entity id="2560"/>
 <Entity id="2561"/>
 <Entity id="2563"/>
 <Entity id="2564"/>
 <Entity id="2565"/>
 <Entity id="2566"/>
 <Entity id="2567"/>
 <Entity id="2568"/>
 <Entity id="2569"/>
 <Entity id="2570"/>
 <Entity id="2571"/>
 <Entity id="2572"/>
 <Entity id="2574"/>
 <Entity id="2575"/>
 <Entity id="2576"/>
 <Entity id="2577"/>
 <Entity id="2578"/>
 <Entity id="2579"/>
 <Entity id="2580"/>
 <Entity id="2581"/>
 <Entity id="2584"/>
 <Entity id="2587"/>
 <Entity id="2589"/>
 <Entity id="2591"/>
 <Entity id="2592"/>
 <Entity id="2593"/>
 <Entity id="2594"/>
 <Entity id="2597"/>
 <Entity id="2600"/>
 <Entity id="2602"/>
 <Entity id="2605"/>
 <Entity id="2610"/>
 <Entity id="2613"/>
 <Entity id="2614"/>
 <Entity id="2615"/>
 <Entity id="2618"/>
 <Entity id="2619"/>
 <Entity id="2622"/>
 <Entity id="2623"/>
 <Entity id="2625"/>
 <Entity id="2628"/>
 <Entity id="2630"/>
 <Entity id="2632"/>
 <Entity id="2633"/>
 <Entity id="2634"/>
 <Entity id="2635"/>
 <Entity id="2636"/>
 <Entity id="2637"/>
 <Entity id="2638"/>
 <Entity id="2639"/>
 <Entity id="2640"/>
 <Entity id="2641"/>
 <Entity id="2642"/>
 <Entity id="2643"/>
 <Entity id="2644"/>
 <Entity id="2645"/>
 <Entity id="2646"/>
 <Entity id="2647"/>
 <Entity id="2648"/>
 <Entity id="2649"/>
 <Entity id="2650"/>
 <Entity id="2651"/>
 <Entity id="2652"/>
 <Entity id="2653"/>
 <Entity id="2654"/>
 <Entity id="2655"/>
 <Entity id="2657"/>
 <Entity id="2658"/>
 <Entity id="2659"/>
 <Entity id="2660"/>
 <Entity id="2661"/>
 <Entity id="2662"/>
 <Entity id="2663"/>
 <Entity id="2664"/>
 <Entity id="2665"/>
 <Entity id="2666"/>
 <Entity id="2667"/>
 <Entity id="2668"/>
 <Entity id="2669"/>
 <Entity id="2670"/>
 <Entity id="2671"/>
 <Entity id="2672"/>
 <Entity id="2673"/>
 <Entity id="2674"/>
 <Entity id="2675"/>
 <Entity id="2676"/>
 <Entity id="2677"/>
 <Entity id="2678"/>
 <Entity id="2680"/>
 <Entity id="2681"/>
 <Entity id="2682"/>
 <Entity id="2683"/>
 <Entity id="2684"/>
 <Entity id="2685"/>
 <Entity id="2686"/>
 <Entity id="2687"/>
 <Entity id="2688"/>
 <Entity id="2689"/>
 <Entity id="2690"/>
 <Entity id="2691"/>
 <Entity id="2692"/>
 <Entity id="2693"/>
 <Entity id="2694"/>
 <Entity id="2695"/>
 <Entity id="2696"/>
 <Entity id="2697"/>
 <Entity id="2698"/>
</EntitySerialization>
