
<ResponseRules>
 <WritebackKeys/>
 <ResponseRule id="13680621263383599576" name="Patrolling" cooldown="" response="13680621263385932795">
  <Criteria>
   <Criterion id="15659330456318451386" value="13680621263361476039" comparison="0" type="guid"/>
   <Criterion id="15659330456318451410" comparison="0" value="whilePatrolling" fromResponse="0" type="default"/>
   <Criterion comparison="0" passIfMissing="false" id="17591291352635828515" type="default" keyType="default" value="1"/>
   <Criterion comparison="0" passIfMissing="false" id="15659330456318451477" type="guid" keyType="default" value="14667999412535744113"/>
  </Criteria>
 </ResponseRule>
 <ResponseRule id="13680621263383599579" name="Wandering" cooldown="" response="13680621263385932795">
  <Criteria>
   <Criterion id="15659330456318451386" value="13680621263361476039" comparison="0" type="guid"/>
   <Criterion id="15659330456318451410" comparison="0" value="whileWandering" fromResponse="0" type="default"/>
   <Criterion comparison="0" passIfMissing="false" id="17591291352635828515" type="default" keyType="default" value="1"/>
   <Criterion comparison="0" passIfMissing="false" id="15659330456318451477" type="guid" keyType="default" value="14667999412535744113"/>
  </Criteria>
 </ResponseRule>
 <ResponseRule id="13680621263383599642" name="Notice Something" cooldown="" response="13680621263385933368">
  <Criteria>
   <Criterion id="15659330456318451386" value="13680621263361476039" comparison="0" type="guid"/>
   <Criterion id="15659330456318451410" comparison="0" value="onGainedAttentionOnTarget" fromResponse="0" type="default"/>
   <Criterion comparison="0" passIfMissing="false" id="17591291352635828515" type="default" keyType="default" value="1"/>
   <Criterion comparison="0" passIfMissing="false" id="15659330456318451477" type="guid" keyType="default" value="14667999412535744113"/>
   <Criterion comparison="0" passIfMissing="false" id="10850392949532183293" type="default" keyType="default" value="2"/>
  </Criteria>
 </ResponseRule>
 <ResponseRule id="13680621263383599639" name="Hunting" cooldown="" response="13680621263385934113">
  <Criteria>
   <Criterion id="15659330456318451386" value="13680621263361476039" comparison="0" type="guid"/>
   <Criterion id="15659330456318451410" comparison="0" value="whileSearching" fromResponse="0" type="default"/>
   <Criterion comparison="0" passIfMissing="false" id="17591291352635828515" type="default" keyType="default" value="1"/>
   <Criterion comparison="0" passIfMissing="false" id="15659330456318451477" type="guid" keyType="default" value="14667999412535744113"/>
  </Criteria>
 </ResponseRule>
 <ResponseRule id="13680621263383599738" name="Gave Up Hunting" cooldown="" response="13680621263385934502">
  <Criteria>
   <Criterion id="15659330456318451386" value="13680621263361476039" comparison="0" type="guid"/>
   <Criterion id="15659330456318451410" comparison="0" value="onHuntGaveUp" fromResponse="0" type="default"/>
   <Criterion comparison="0" passIfMissing="false" id="17591291352635828515" type="default" keyType="default" value="1"/>
   <Criterion comparison="0" passIfMissing="false" id="15659330456318451477" type="guid" keyType="default" value="14667999412535744113"/>
  </Criteria>
 </ResponseRule>
 <ResponseRule id="13680621263383599644" name="Busted Player" cooldown="" response="13680621263385933547">
  <Criteria>
   <Criterion id="15659330456318451386" value="13680621263361476039" comparison="0" type="guid"/>
   <Criterion id="15659330456318451410" comparison="0" value="onGainedAttentionOnTarget" fromResponse="0" type="default"/>
   <Criterion comparison="0" passIfMissing="false" id="17591291352635828515" type="default" keyType="default" value="1"/>
   <Criterion comparison="0" passIfMissing="false" id="15659330456318451477" type="guid" keyType="default" value="14667999412535744113"/>
   <Criterion comparison="0" passIfMissing="false" id="10850392949532183293" type="default" keyType="default" value="4"/>
  </Criteria>
 </ResponseRule>
 <ResponseRule id="13680621263383599581" name="Combat: Taunt" cooldown="" response="13680621263385934677">
  <Criteria>
   <Criterion id="15659330456318451386" value="13680621263361476039" comparison="0" type="guid"/>
   <Criterion id="15659330456318451410" comparison="0" value="onAttack" fromResponse="0" type="default"/>
   <Criterion comparison="0" passIfMissing="false" id="17591291352635828515" type="default" keyType="default" value="1"/>
   <Criterion comparison="0" passIfMissing="false" id="15659330456318451477" type="guid" keyType="default" value="14667999412535744113"/>
  </Criteria>
 </ResponseRule>
 <ResponseRule id="13680621263383599846" name="Combat: Lost Target" cooldown="" response="13680621263385933792">
  <Criteria>
   <Criterion id="15659330456318451386" value="13680621263361476039" comparison="0" type="guid"/>
   <Criterion id="15659330456318451410" comparison="0" value="onLostTarget" fromResponse="0" type="default"/>
   <Criterion comparison="0" passIfMissing="false" id="17591291352635828515" type="default" keyType="default" value="1"/>
   <Criterion comparison="0" passIfMissing="false" id="15659330456318451477" type="guid" keyType="default" value="14667999412535744113"/>
  </Criteria>
 </ResponseRule>
 <ResponseRule id="13680621263383599726" name="Target Defeated" cooldown="" response="13680621263385933904" priority="1">
  <Criteria>
   <Criterion id="15659330456318451386" value="13680621263361476039" comparison="0" type="guid"/>
   <Criterion id="15659330456318451410" comparison="0" value="onTargetDead" fromResponse="0" type="default"/>
   <Criterion comparison="0" passIfMissing="false" id="17591291352635828515" type="default" keyType="default" value="1"/>
   <Criterion comparison="0" passIfMissing="false" id="15659330456318451477" type="guid" keyType="default" value="14667999412535744113"/>
  </Criteria>
 </ResponseRule>
 <ResponseRule id="13680621263383599532" name="Charge" cooldown="" response="13680621263385934841">
  <Criteria>
   <Criterion id="15659330456318451386" value="13680621263361476039" comparison="0" type="guid"/>
   <Criterion id="15659330456318451410" comparison="0" value="onOperatorCharge" fromResponse="0" type="default"/>
   <Criterion comparison="0" passIfMissing="false" id="17591291352635828515" type="default" keyType="default" value="1"/>
   <Criterion comparison="0" passIfMissing="false" id="15659330456318451477" type="guid" keyType="default" value="14667999412535744113"/>
  </Criteria>
 </ResponseRule>
 <ResponseRule id="13680621263383599487" name="Self-Destruct" cooldown="" response="13680621263385934059">
  <Criteria>
   <Criterion id="15659330456318451386" value="13680621263361476039" comparison="0" type="guid"/>
   <Criterion id="15659330456318451410" comparison="0" value="onDestroyed" fromResponse="0" type="default"/>
   <Criterion comparison="0" passIfMissing="false" id="17591291352635828515" type="default" keyType="default" value="1"/>
   <Criterion comparison="0" passIfMissing="false" id="15659330456318451477" type="guid" keyType="default" value="14667999412535744113"/>
  </Criteria>
 </ResponseRule>
 <ResponseSet id="13680621263385932795">
  <Response dialog="13680621263385932794" id="13680621263385932796" cooldown="0" weight="1" oneshot="0" completeConversation="1" delay="0"/>
  <Response dialog="13680621263385932869" id="13680621263385932870" cooldown="0" weight="1" oneshot="0" completeConversation="1" delay="0"/>
  <Response dialog="13680621263385932890" id="13680621263385932891" cooldown="0" weight="1" oneshot="0" completeConversation="1" delay="0"/>
  <Response dialog="13680621263385932940" id="13680621263385932941" cooldown="0" weight="1" oneshot="0" completeConversation="1" delay="0"/>
  <Response dialog="13680621263385933024" id="13680621263385933025" cooldown="0" weight="1" oneshot="0" completeConversation="1" delay="0"/>
  <Response dialog="13680621263385933084" id="13680621263385933085" cooldown="0" weight="1" oneshot="0" completeConversation="1" delay="0"/>
  <Response dialog="13680621263385933208" id="13680621263385933209" cooldown="0" weight="1" oneshot="0" completeConversation="1" delay="0"/>
  <Response dialog="13680621263385933283" id="13680621263385933284" cooldown="0" weight="1" oneshot="0" completeConversation="1" delay="0"/>
 </ResponseSet>
 <ResponseSet id="13680621263385933368">
  <Response dialog="13680621263385933367" id="13680621263385933369" cooldown="0" weight="1" oneshot="0" completeConversation="1" delay="0"/>
  <Response dialog="13680621263385933424" id="13680621263385933425" cooldown="0" weight="1" oneshot="0" completeConversation="1" delay="0"/>
  <Response dialog="13680621263385933498" id="13680621263385933499" cooldown="0" weight="1" oneshot="0" completeConversation="1" delay="0"/>
  <Response dialog="13680621263385933518" id="13680621263385933519" cooldown="0" weight="1" oneshot="0" completeConversation="1" delay="0"/>
 </ResponseSet>
 <ResponseSet id="13680621263385933547">
  <Response dialog="13680621263385933546" id="13680621263385933548" cooldown="0" weight="1" oneshot="0" completeConversation="1" delay="0"/>
  <Response dialog="13680621263385933549" id="13680621263385933550" cooldown="0" weight="1" oneshot="0" completeConversation="1" delay="0"/>
 </ResponseSet>
 <ResponseSet id="13680621263385933792">
  <Response dialog="13680621263385933791" id="13680621263385933793" cooldown="0" weight="1" oneshot="0" completeConversation="1" delay="0"/>
  <Response dialog="13680621263385933812" id="13680621263385933813" cooldown="0" weight="1" oneshot="0" completeConversation="1" delay="0"/>
  <Response dialog="13680621263385933830" id="13680621263385933831" cooldown="0" weight="1" oneshot="0" completeConversation="1" delay="0"/>
  <Response dialog="13680621263385933836" id="13680621263385933837" cooldown="0" weight="1" oneshot="0" completeConversation="1" delay="0"/>
 </ResponseSet>
 <ResponseSet id="13680621263385933904">
  <Response dialog="13680621263385933903" id="13680621263385933905" cooldown="0" weight="1" oneshot="0" completeConversation="1" delay="0"/>
  <Response dialog="13680621263385933916" id="13680621263385933917" cooldown="0" weight="1" oneshot="0" completeConversation="1" delay="0"/>
  <Response dialog="13680621263385933937" id="13680621263385933938" cooldown="0" weight="1" oneshot="0" completeConversation="1" delay="0"/>
  <Response dialog="13680621263385934279" id="13680621263385934280" cooldown="0" weight="1" oneshot="0" completeConversation="1" delay="0"/>
 </ResponseSet>
 <ResponseRule id="13680621263385933986" name="Damaged" cooldown="" response="13680621263385934008">
  <Criteria>
   <Criterion id="15659330456318451386" value="13680621263361476039" comparison="0" type="guid"/>
   <Criterion id="15659330456318451410" comparison="0" value="onTakeDamage" fromResponse="0" type="default"/>
   <Criterion comparison="0" passIfMissing="false" id="17591291352635828515" type="default" keyType="default" value="1"/>
   <Criterion comparison="0" passIfMissing="false" id="15659330456318451477" type="guid" keyType="default" value="14667999412535744113"/>
  </Criteria>
 </ResponseRule>
 <ResponseSet id="13680621263385934008">
  <Response dialog="13680621263385934007" id="13680621263385934009" cooldown="0" weight="1" oneshot="0" completeConversation="1" delay="0"/>
  <Response dialog="13680621263385934032" id="13680621263385934033" cooldown="0" weight="1" oneshot="0" completeConversation="1" delay="0"/>
 </ResponseSet>
 <ResponseSet id="13680621263385934059">
  <Response dialog="13680621263385934058" id="13680621263385934060" cooldown="0" weight="1" oneshot="0" completeConversation="1" delay="0"/>
 </ResponseSet>
 <ResponseSet id="13680621263385934113">
  <Response dialog="13680621263385934112" id="13680621263385934114" cooldown="0" weight="1" oneshot="0" completeConversation="1" delay="0"/>
  <Response dialog="13680621263385934141" id="13680621263385934142" cooldown="0" weight="1" oneshot="0" completeConversation="1" delay="0"/>
  <Response dialog="13680621263385934168" id="13680621263385934169" cooldown="0" weight="1" oneshot="0" completeConversation="1" delay="0"/>
  <Response dialog="13680621263385934223" id="13680621263385934224" cooldown="0" weight="1" oneshot="0" completeConversation="1" delay="0"/>
  <Response dialog="13680621263385934331" id="13680621263385934332" cooldown="0" weight="1" oneshot="0" completeConversation="1" delay="0"/>
  <Response dialog="13680621263385934405" id="13680621263385934406" cooldown="0" weight="1" oneshot="0" completeConversation="1" delay="0"/>
  <Response dialog="13680621263385934478" id="13680621263385934479" cooldown="0" weight="1" oneshot="0" completeConversation="1" delay="0"/>
 </ResponseSet>
 <ResponseSet id="13680621263385934502">
  <Response dialog="13680621263385934501" id="13680621263385934503" cooldown="0" weight="1" oneshot="0" completeConversation="1" delay="0"/>
  <Response dialog="13680621263385934523" id="13680621263385934524" cooldown="0" weight="1" oneshot="0" completeConversation="1" delay="0"/>
  <Response dialog="13680621263385934548" id="13680621263385934549" cooldown="0" weight="1" oneshot="0" completeConversation="1" delay="0"/>
  <Response dialog="13680621263385934607" id="13680621263385934608" cooldown="0" weight="1" oneshot="0" completeConversation="1" delay="0"/>
 </ResponseSet>
 <ResponseSet id="13680621263385934677">
  <Response dialog="13680621263385934676" id="13680621263385934678" cooldown="0" weight="1" oneshot="0" completeConversation="1" delay="0"/>
  <Response dialog="13680621263385934690" id="13680621263385934691" cooldown="0" weight="1" oneshot="0" completeConversation="1" delay="0"/>
  <Response dialog="13680621263385934738" id="13680621263385934739" cooldown="0" weight="1" oneshot="0" completeConversation="1" delay="0"/>
  <Response dialog="13680621263385934744" id="13680621263385934745" cooldown="0" weight="1" oneshot="0" completeConversation="1" delay="0"/>
  <Response dialog="13680621263385934813" id="13680621263385934814" cooldown="0" weight="1" oneshot="0" completeConversation="1" delay="0"/>
 </ResponseSet>
 <ResponseSet id="13680621263385934841">
  <Response dialog="13680621263385934840" id="13680621263385934842" cooldown="0" weight="1" oneshot="0" completeConversation="1" delay="0"/>
 </ResponseSet>
</ResponseRules>