
<ResponseRules>
 <WritebackKeys/>
 <ResponseRule id="13680621263383584785" name="Noticed Something" cooldown="" description="Operator got some evidence of player / enemy presence. Not busted yet. " response="13680621263383585069">
  <Criteria>
   <Criterion id="15659330456318451386" value="13680621263361476039" comparison="0" type="guid"/>
   <Criterion id="15659330456318451410" comparison="0" value="onGainedAttentionOnTarget" fromResponse="0" type="default"/>
   <Criterion comparison="0" passIfMissing="false" id="10850392949532183293" type="default" keyType="default" value="2"/>
   <Criterion comparison="0" passIfMissing="false" id="17591291352635828515" type="default" keyType="default" value="0"/>
  </Criteria>
 </ResponseRule>
 <ResponseSet id="13680621263383585069">
  <Response dialog="13680621263383585068" id="13680621263383585070" cooldown="60" weight="1" oneshot="0" completeConversation="1" delay="0" targetId="0" targetType="1" speakerTrackMethod="2" targetTrackMethod="0"/>
  <Response dialog="13680621263383585074" id="13680621263383585075" cooldown="60" weight="1" oneshot="0" completeConversation="1" delay="0"/>
  <Response dialog="13680621263383585080" id="13680621263383585081" cooldown="60" weight="1" oneshot="0" completeConversation="1" delay="0"/>
  <Response dialog="13680621263383585086" id="13680621263383585087" cooldown="60" weight="1" oneshot="0" completeConversation="1" delay="0"/>
  <Response dialog="13680621263383585096" id="13680621263383585097" cooldown="60" weight="1" oneshot="0" completeConversation="1" delay="0"/>
  <Response dialog="13680621263383585102" id="13680621263383585103" cooldown="60" weight="1" oneshot="0" completeConversation="1" delay="0"/>
 </ResponseSet>
 <ResponseRule id="13680621263383585942" name="Busted Player" cooldown="" description="Operator knows the enemy is there. About to Attack." response="13680621263383586056" trackView="0" priority="1">
  <Criteria>
   <Criterion id="15659330456318451386" value="13680621263361476039" comparison="0" type="guid"/>
   <Criterion id="15659330456318451410" comparison="0" value="onGainedAttentionOnTarget" fromResponse="0" type="default"/>
   <Criterion comparison="0" passIfMissing="false" id="10850392949532183293" type="default" keyType="default" value="4"/>
   <Criterion comparison="0" passIfMissing="false" id="17591291352635828515" type="default" keyType="default" value="0"/>
  </Criteria>
 </ResponseRule>
 <ResponseSet id="13680621263383586056">
  <Response dialog="13680621263383586055" id="13680621263383586057" cooldown="20" weight="1" oneshot="0" completeConversation="1" delay="0"/>
  <Response dialog="13680621263383586071" id="13680621263383586072" cooldown="20" weight="1" oneshot="0" completeConversation="1" delay="0"/>
  <Response dialog="13680621263383586086" id="13680621263383586087" cooldown="20" weight="1" oneshot="0" completeConversation="1" delay="0"/>
  <Response dialog="13680621263383586101" id="13680621263383586102" cooldown="20" weight="1" oneshot="0" completeConversation="1" delay="0"/>
  <Response dialog="13680621263383586186" id="13680621263383586187" cooldown="20" weight="1" oneshot="0" completeConversation="1" delay="0"/>
  <Response dialog="13680621263383586216" id="13680621263383586217" cooldown="20" weight="1" oneshot="0" completeConversation="0" delay="0"/>
 </ResponseSet>
 <ResponseRule id="13680621263383586233" name="Player is female" cooldown="" response="13680621263383586234" trackView="0">
  <Criteria>
   <Criterion id="15659330456318451386" value="13680621263361476039" comparison="0" type="guid"/>
   <Criterion id="15659330456318451410" comparison="0" value="13680621263383586217" fromResponse="1" type="guid"/>
   <Criterion comparison="0" passIfMissing="false" id="211598630" keyType="gameToken" value="1"/>
  </Criteria>
 </ResponseRule>
 <ResponseSet id="13680621263383586234">
  <Response dialog="13680621263383586232" id="13680621263383586235" cooldown="0" weight="1" oneshot="0" completeConversation="1" delay="0"/>
 </ResponseSet>
 <ResponseRule id="13680621263383586247" name="Player is male" cooldown="" response="13680621263383586274" trackView="0">
  <Criteria>
   <Criterion id="15659330456318451386" value="13680621263361476039" comparison="0" type="guid"/>
   <Criterion id="15659330456318451410" comparison="0" value="13680621263383586217" fromResponse="1" type="guid"/>
  </Criteria>
 </ResponseRule>
 <ResponseSet id="13680621263383586274">
  <Response dialog="13680621263383586273" id="13680621263383586275" cooldown="0" weight="1" oneshot="0" completeConversation="1" delay="0"/>
 </ResponseSet>
 <ResponseRule id="13680621263383586579" name="Combat Taunt" cooldown="10" description="Attacking the enemy." response="13680621263383586587">
  <Criteria>
   <Criterion id="15659330456318451386" value="13680621263361476039" comparison="0" type="guid"/>
   <Criterion id="15659330456318451410" comparison="0" value="onAttack" fromResponse="0" type="default"/>
   <Criterion comparison="0" passIfMissing="false" id="17591291352635828515" type="default" keyType="default" value="0"/>
  </Criteria>
 </ResponseRule>
 <ResponseSet id="13680621263383586587">
  <Response dialog="13680621263383586586" id="13680621263383586588" cooldown="11" weight="1" oneshot="0" completeConversation="1" delay="0"/>
  <Response dialog="13680621263383586638" id="13680621263383586639" cooldown="11" weight="1" oneshot="0" completeConversation="1" delay="0"/>
  <Response dialog="13680621263383586647" id="13680621263383586648" cooldown="11" weight="1" oneshot="0" completeConversation="1" delay="0"/>
  <Response dialog="13680621263383586669" id="13680621263383586670" cooldown="11" weight="1" oneshot="0" completeConversation="1" delay="0"/>
  <Response dialog="13680621263383586675" id="13680621263383586676" cooldown="11" weight="1" oneshot="0" completeConversation="1" delay="0"/>
  <Response dialog="13680621263383586681" id="13680621263383586682" cooldown="11" weight="1" oneshot="0" completeConversation="1" delay="0"/>
  <Response dialog="13680621263383586686" id="13680621263383586687" cooldown="11" weight="1" oneshot="0" completeConversation="1" delay="0"/>
  <Response dialog="13680621263383586964" id="13680621263383586965" cooldown="11" weight="1" oneshot="0" completeConversation="1" delay="0"/>
  <Response dialog="13680621263383587025" id="13680621263383587026" cooldown="11" weight="1" oneshot="0" completeConversation="1" delay="0"/>
  <Response dialog="13680621263383588345" id="13680621263383588346" cooldown="11" weight="1" oneshot="0" completeConversation="1" delay="0"/>
 </ResponseSet>
 <ResponseRule id="13680621263383588976" name="Hunting" cooldown="10" description="While looking for the player." response="13680621263383589054">
  <Criteria>
   <Criterion id="15659330456318451386" value="13680621263361476039" comparison="0" type="guid"/>
   <Criterion id="15659330456318451410" comparison="0" value="whileSearching" fromResponse="0" type="default"/>
   <Criterion comparison="0" passIfMissing="false" id="17591291352635828515" type="default" keyType="default" value="0"/>
  </Criteria>
 </ResponseRule>
 <ResponseSet id="13680621263383589054">
  <Response dialog="13680621263383589053" id="13680621263383589055" cooldown="11" weight="2" oneshot="0" completeConversation="1" delay="0"/>
  <Response dialog="13680621263383589069" id="13680621263383589070" cooldown="11" weight="2" oneshot="0" completeConversation="1" delay="0"/>
  <Response dialog="13680621263383589077" id="13680621263383589078" cooldown="11" weight="2" oneshot="0" completeConversation="1" delay="0"/>
  <Response dialog="13680621263383589083" id="13680621263383589084" cooldown="11" weight="2" oneshot="0" completeConversation="1" delay="0"/>
  <Response dialog="13680621263383589093" id="13680621263383589094" cooldown="11" weight="2" oneshot="0" completeConversation="1" delay="0"/>
  <Response dialog="13680621263383589100" id="13680621263383589101" cooldown="11" weight="2" oneshot="0" completeConversation="1" delay="0"/>
  <Response dialog="13680621263383589115" id="13680621263383589116" cooldown="11" weight="2" oneshot="0" completeConversation="1" delay="0"/>
  <Response dialog="13680621263383589236" id="13680621263383589237" cooldown="11" weight="2" oneshot="0" completeConversation="1" delay="0"/>
  <Response dialog="13680621263383589885" id="13680621263383589886" cooldown="0" weight="1" oneshot="0" completeConversation="1" delay="0"/>
 </ResponseSet>
 <ResponseRule id="13680621263383589246" name="Hunting Early Game" cooldown="20" description="While looking for the player." response="13680621263383589297">
  <Criteria>
   <Criterion id="15659330456318451386" value="13680621263361476039" comparison="0" type="guid"/>
   <Criterion id="15659330456318451410" comparison="0" value="whileSearching" fromResponse="0" type="default"/>
   <Criterion comparison="0" passIfMissing="false" id="11824555372619982850" keyType="task"/>
   <Criterion comparison="0" passIfMissing="false" id="13680621263383421981" keyType="objective"/>
   <Criterion comparison="0" passIfMissing="false" id="17591291352635828515" type="default" keyType="default" value="0"/>
  </Criteria>
 </ResponseRule>
 <ResponseSet id="13680621263383589297">
  <Response dialog="13680621263383589296" id="13680621263383589298" cooldown="21" weight="1" oneshot="0" completeConversation="1" delay="0"/>
  <Response dialog="13680621263383589307" id="13680621263383589308" cooldown="21" weight="1" oneshot="0" completeConversation="1" delay="0"/>
  <Response dialog="13680621263383589320" id="13680621263383589321" cooldown="21" weight="1" oneshot="0" completeConversation="1" delay="0"/>
  <Response dialog="13680621263383589340" id="13680621263383589341" cooldown="21" weight="1" oneshot="0" completeConversation="1" delay="0"/>
 </ResponseSet>
 <ResponseRule id="13680621263383589937" name="Give Up Hunting" cooldown="20" description="While looking for the player." response="13680621263383589970">
  <Criteria>
   <Criterion id="15659330456318451386" value="13680621263361476039" comparison="0" type="guid"/>
   <Criterion id="15659330456318451410" comparison="0" value="onHuntGaveUp" fromResponse="0" type="default"/>
   <Criterion comparison="0" passIfMissing="false" id="17591291352635828515" type="default" keyType="default" value="0"/>
  </Criteria>
 </ResponseRule>
 <ResponseSet id="13680621263383589970">
  <Response dialog="13680621263383589969" id="13680621263383589971" cooldown="0" weight="2" oneshot="0" completeConversation="1" delay="0" entityOneshot="true"/>
  <Response dialog="13680621263383589977" id="13680621263383589978" cooldown="0" weight="1" oneshot="0" completeConversation="1" delay="0"/>
  <Response dialog="13680621263383589983" id="13680621263383589984" cooldown="0" weight="2" oneshot="0" completeConversation="1" delay="0" entityOneshot="true"/>
  <Response dialog="13680621263383589990" id="13680621263383589991" cooldown="0" weight="2" oneshot="0" completeConversation="1" delay="0" entityOneshot="true"/>
  <Response dialog="13680621263383589997" id="13680621263383589998" cooldown="0" weight="2" oneshot="0" completeConversation="1" delay="0" entityOneshot="true"/>
  <Response dialog="13680621263383590005" id="13680621263383590006" cooldown="0" weight="2" oneshot="0" completeConversation="1" delay="0" entityOneshot="true"/>
  <Response dialog="13680621263383590012" id="13680621263383590013" cooldown="0" weight="2" oneshot="0" completeConversation="1" delay="0" entityOneshot="true"/>
 </ResponseSet>
 <ResponseRule id="13680621263383590047" name="Lost Target, Combat." cooldown="20" description="While looking for the player." response="13680621263383590111">
  <Criteria>
   <Criterion id="15659330456318451386" value="13680621263361476039" comparison="0" type="guid"/>
   <Criterion id="15659330456318451410" comparison="0" value="onLostTarget" fromResponse="0" type="default"/>
   <Criterion comparison="0" passIfMissing="false" id="17591291352635828515" type="default" keyType="default" value="0"/>
  </Criteria>
 </ResponseRule>
 <ResponseSet id="13680621263383590111">
  <Response dialog="13680621263383590110" id="13680621263383590112" cooldown="0" weight="1" oneshot="0" completeConversation="1" delay="0"/>
  <Response dialog="13680621263383590116" id="13680621263383590117" cooldown="0" weight="1" oneshot="0" completeConversation="1" delay="0"/>
  <Response dialog="13680621263383590128" id="13680621263383590129" cooldown="0" weight="1" oneshot="0" completeConversation="1" delay="0"/>
  <Response dialog="13680621263383590134" id="13680621263383590135" cooldown="0" weight="1" oneshot="0" completeConversation="1" delay="0"/>
  <Response dialog="13680621263383590143" id="13680621263383590144" cooldown="0" weight="1" oneshot="0" completeConversation="1" delay="0"/>
  <Response dialog="13680621263383590154" id="13680621263383590155" cooldown="0" weight="1" oneshot="0" completeConversation="1" delay="0"/>
  <Response dialog="13680621263383590158" id="13680621263383590159" cooldown="0" weight="1" oneshot="0" completeConversation="1" delay="0"/>
 </ResponseSet>
 <ResponseRule id="13680621263383590203" name="On Bump Player (Showing Initiative is True)" cooldown="20" description="Player bumped into Operator. Only plays In the case when they are friendly." response="13680621263383590292">
  <Criteria>
   <Criterion id="15659330456318451386" value="13680621263361476039" comparison="0" type="guid"/>
   <Criterion id="15659330456318451410" comparison="0" value="onBumpedPlayerTouch" fromResponse="0" type="default"/>
   <Criterion comparison="0" passIfMissing="false" id="10850392949532183294" type="default" keyType="default" value="0"/>
   <Criterion comparison="0" passIfMissing="false" id="13680621263383421981" keyType="objective" value="1"/>
   <Criterion comparison="0" passIfMissing="false" id="17591291352635828515" type="default" keyType="default" value="0"/>
   <Criterion comparison="0" passIfMissing="false" id="15659330456340490449" type="default" keyType="default" value="1"/>
  </Criteria>
 </ResponseRule>
 <ResponseSet id="13680621263383590292">
  <Response dialog="13680621263383590291" id="13680621263383590293" cooldown="0" weight="1" oneshot="0" completeConversation="1" delay="0"/>
  <Response dialog="13680621263383590723" id="13680621263383590724" cooldown="0" weight="1" oneshot="0" completeConversation="1" delay="0"/>
  <Response dialog="13680621263383590729" id="13680621263383590730" cooldown="0" weight="1" oneshot="0" completeConversation="1" delay="0"/>
  <Response dialog="13680621263383590734" id="13680621263383590735" cooldown="0" weight="1" oneshot="0" completeConversation="1" delay="0"/>
 </ResponseSet>
 <ResponseRule id="13680621263383590822" name="Player Defeated" cooldown="20" description="Mil Operator just killed the player." response="13680621263383590845">
  <Criteria>
   <Criterion id="15659330456318451386" value="13680621263361476039" comparison="0" type="guid"/>
   <Criterion id="15659330456318451410" comparison="0" value="onTargetDead" fromResponse="0" type="default"/>
   <Criterion comparison="0" passIfMissing="false" id="17591291352635828515" type="default" keyType="default" value="0"/>
   <Criterion comparison="0" passIfMissing="false" id="15659330456318451416" type="default" keyType="default" value="Arkplayer"/>
  </Criteria>
 </ResponseRule>
 <ResponseSet id="13680621263383590845">
  <Response dialog="13680621263383590844" id="13680621263383590846" cooldown="0" weight="1" oneshot="0" completeConversation="1" delay="0"/>
  <Response dialog="13680621263383590850" id="13680621263383590851" cooldown="0" weight="1" oneshot="0" completeConversation="1" delay="0"/>
  <Response dialog="13680621263383590860" id="13680621263383590861" cooldown="0" weight="1" oneshot="0" completeConversation="1" delay="0"/>
 </ResponseSet>
 <ResponseRule id="13680621263383590889" name="Damaged" cooldown="20" description="Mil Operator just killed the player." response="13680621263383590907">
  <Criteria>
   <Criterion id="15659330456318451386" value="13680621263361476039" comparison="0" type="guid"/>
   <Criterion id="15659330456318451410" comparison="0" value="onTakeDamage" fromResponse="0" type="default"/>
   <Criterion comparison="0" passIfMissing="false" id="15659330456318451477" type="guid" keyType="default" value="14667999412535744113"/>
  </Criteria>
 </ResponseRule>
 <ResponseSet id="13680621263383590907">
  <Response dialog="13680621263383590906" id="13680621263383590908" cooldown="0" weight="1" oneshot="0" completeConversation="1" delay="0"/>
  <Response dialog="13680621263383590940" id="13680621263383590941" cooldown="0" weight="1" oneshot="0" completeConversation="1" delay="0"/>
 </ResponseSet>
 <ResponseRule id="13680621263383590992" name="Player Approach (While Friendly)" cooldown="20" description="Mil Operator just killed the player." response="13680621263383599069">
  <Criteria>
   <Criterion id="15659330456318451386" value="13680621263361476039" comparison="0" type="guid"/>
   <Criterion id="15659330456318451410" comparison="0" value="onPlayerApproach" fromResponse="0" type="default"/>
   <Criterion comparison="0" passIfMissing="false" id="13680621263383421981" keyType="objective" value="1"/>
   <Criterion comparison="0" passIfMissing="false" id="17591291352635828515" type="default" keyType="default" value="0"/>
   <Criterion comparison="0" passIfMissing="false" id="15659330456340490449" type="default" keyType="default" value="1"/>
  </Criteria>
 </ResponseRule>
 <ResponseRule id="13680621263383591003" name="Patrolling" cooldown="15" description="Mil Operator just killed the player." response="13680621263383599175">
  <Criteria>
   <Criterion id="15659330456318451386" value="13680621263361476039" comparison="0" type="guid"/>
   <Criterion id="15659330456318451410" comparison="0" value="whilePatrolling" fromResponse="0" type="default"/>
   <Criterion comparison="0" passIfMissing="false" id="17591291352635828515" type="default" keyType="default" value="0"/>
  </Criteria>
 </ResponseRule>
 <ResponseSet id="13680621263383599069">
  <Response dialog="13680621263383599068" id="13680621263383599070" cooldown="0" weight="1" oneshot="0" completeConversation="1" delay="0" targetId="0" targetType="1" speakerTrackMethod="2" targetTrackMethod="0"/>
  <Response dialog="13680621263383590291" id="13680621263383599076" cooldown="0" weight="1" oneshot="0" completeConversation="1" delay="0" targetId="0" targetType="1" speakerTrackMethod="2" targetTrackMethod="0"/>
  <Response dialog="13680621263383599083" id="13680621263383599084" cooldown="0" weight="1" oneshot="0" completeConversation="1" delay="0" targetId="0" targetType="1" speakerTrackMethod="2" targetTrackMethod="0"/>
  <Response dialog="13680621263383599089" id="13680621263383599090" cooldown="0" weight="1" oneshot="0" completeConversation="1" delay="0" targetId="0" targetType="1" speakerTrackMethod="2" targetTrackMethod="0"/>
 </ResponseSet>
 <ResponseSet id="13680621263383599175">
  <Response dialog="13680621263383599174" id="13680621263383599176" cooldown="20" weight="1" oneshot="0" completeConversation="1" delay="0"/>
  <Response dialog="13680621263383599179" id="13680621263383599180" cooldown="20" weight="1" oneshot="0" completeConversation="1" delay="0"/>
  <Response dialog="13680621263383599186" id="13680621263383599187" cooldown="31" weight="1" oneshot="0" completeConversation="1" delay="0"/>
  <Response dialog="13680621263383599191" id="13680621263383599192" cooldown="31" weight="1" oneshot="0" completeConversation="1" delay="0"/>
  <Response dialog="13680621263383599198" id="13680621263383599199" cooldown="31" weight="1" oneshot="0" completeConversation="1" delay="0"/>
  <Response dialog="13680621263383599204" id="13680621263383599205" cooldown="31" weight="1" oneshot="0" completeConversation="1" delay="0"/>
  <Response dialog="13680621263383599210" id="13680621263383599211" cooldown="31" weight="1" oneshot="0" completeConversation="1" delay="0"/>
  <Response dialog="13680621263383599216" id="13680621263383599217" cooldown="31" weight="1" oneshot="0" completeConversation="1" delay="0"/>
  <Response dialog="13680621263383599221" id="13680621263383599222" cooldown="31" weight="1" oneshot="0" completeConversation="1" delay="0"/>
  <Response dialog="13680621263385933260" id="13680621263385933261" cooldown="31" weight="1" oneshot="0" completeConversation="1" delay="0"/>
 </ResponseSet>
 <ResponseRule id="13680621263383599230" name="Wandering" cooldown="15" description="Mil Operator just killed the player." response="13680621263383599175">
  <Criteria>
   <Criterion id="15659330456318451386" value="13680621263361476039" comparison="0" type="guid"/>
   <Criterion id="15659330456318451410" comparison="0" value="whileWandering" fromResponse="0" type="default"/>
   <Criterion comparison="0" passIfMissing="false" id="17591291352635828515" type="default" keyType="default" value="0"/>
  </Criteria>
 </ResponseRule>
 <ResponseRule id="13680621263417992434" name="Target Defeated" cooldown="20" description="Mil Operator just killed the player." response="13680621263417992457">
  <Criteria>
   <Criterion id="15659330456318451386" value="13680621263361476039" comparison="0" type="guid"/>
   <Criterion id="15659330456318451410" comparison="0" value="onTargetDead" fromResponse="0" type="default"/>
   <Criterion comparison="0" passIfMissing="false" id="17591291352635828515" type="default" keyType="default" value="0"/>
   <Criterion comparison="5" passIfMissing="false" id="15659330456318451416" type="default" keyType="default" value="Arkplayer"/>
  </Criteria>
 </ResponseRule>
 <ResponseSet id="13680621263417992457">
  <Response dialog="13680621263383590860" id="13680621263417992458" cooldown="0" weight="1" oneshot="0" completeConversation="1" delay="0" cutoff="0"/>
  <Response dialog="13680621263383590850" id="13680621263417992466" cooldown="0" weight="1" oneshot="0" completeConversation="1" delay="0" cutoff="0"/>
 </ResponseSet>
</ResponseRules>