
<ResponseRules>
 <WritebackKeys/>
 <ResponseRule id="13680621263382368138" name="Satellite: Attract Nightmare" cooldown="" description="This is a computerized signal which attracts the Nightmare to the player&apos;s location." response="13680621263382368409" conversation="1">
  <Criteria>
   <Criterion id="15659330456318451386" value="13680621263382368077" comparison="0" type="guid"/>
   <Criterion id="15659330456318451410" comparison="0" value="onTranscribeTrigger" fromResponse="0" type="default"/>
   <Criterion comparison="0" passIfMissing="false" id="15659330456318451477" type="guid" keyType="default" value="761057048007211445"/>
  </Criteria>
 </ResponseRule>
 <ResponseSet id="13680621263382368409">
  <Response dialog="13680621263382368408" id="13680621263382368410" cooldown="0" weight="1" oneshot="0" completeConversation="0" delay="0"/>
 </ResponseSet>
 <ResponseRule id="13680621263382368517" name="Satellite: Repel Nightmare" cooldown="" description="This is a computerized signal which sends the nightmare away from the player." response="13680621263382368551" conversation="1">
  <Criteria>
   <Criterion id="15659330456318451386" value="13680621263382368077" comparison="0" type="guid"/>
   <Criterion id="15659330456318451410" comparison="0" value="onTranscribeTrigger" fromResponse="0" type="default"/>
   <Criterion comparison="0" passIfMissing="false" id="15659330456318451477" type="guid" keyType="default" value="761057048007211445"/>
  </Criteria>
 </ResponseRule>
 <ResponseSet id="13680621263382368551">
  <Response dialog="13680621263382368408" id="13680621263382368552" cooldown="0" weight="1" oneshot="0" completeConversation="0" delay="0"/>
 </ResponseSet>
 <ResponseRule id="13680621263404497329" name="Satellite Ready to Attract" cooldown="" response="13680621263404497513">
  <Criteria>
   <Criterion id="15659330456318451386" value="13680621263382368077" comparison="0" type="guid"/>
   <Criterion id="15659330456318451410" comparison="0" value="13680621263382368410" fromResponse="1" type="guid"/>
   <Criterion comparison="0" passIfMissing="false" id="1547732997" keyType="gameToken" value="1"/>
   <Criterion comparison="0" passIfMissing="false" id="15659330456318451477" type="guid" keyType="default" value="761057048007211445"/>
  </Criteria>
 </ResponseRule>
 <ResponseRule id="13680621263382369159" name="Not Ready" cooldown="" response="13680621263382369176">
  <Criteria>
   <Criterion id="15659330456318451386" value="13680621263382368077" comparison="0" type="guid"/>
   <Criterion id="15659330456318451410" comparison="0" value="13680621263382368410" fromResponse="1" type="guid"/>
   <Criterion comparison="0" passIfMissing="false" id="1075188092" keyType="gameToken" value="1"/>
   <Criterion comparison="0" passIfMissing="false" id="15659330456318451477" type="guid" keyType="default" value="761057048007211445"/>
  </Criteria>
 </ResponseRule>
 <ResponseSet id="13680621263382369176">
  <Response dialog="13680621263382369175" id="13680621263382369177" cooldown="0" weight="1" oneshot="0" completeConversation="1" delay="2"/>
 </ResponseSet>
 <ResponseSet id="13680621263404497513">
  <Response dialog="13680621263404497512" id="13680621263404497514" cooldown="0" weight="1" oneshot="0" completeConversation="1" delay="0" cutoff="0"/>
 </ResponseSet>
 <ResponseRule id="13680621263404497583" name="Satellite Ready to Repel" cooldown="" response="13680621263404497616">
  <Criteria>
   <Criterion id="15659330456318451386" value="13680621263382368077" comparison="0" type="guid"/>
   <Criterion id="15659330456318451410" comparison="0" value="13680621263382368552" fromResponse="1" type="guid"/>
   <Criterion comparison="0" passIfMissing="false" id="1547732997" keyType="gameToken" value="1"/>
   <Criterion comparison="0" passIfMissing="false" id="15659330456318451477" type="guid" keyType="default" value="761057048007211445"/>
  </Criteria>
 </ResponseRule>
 <ResponseRule id="13680621263382369189" name="Not Ready" cooldown="" response="13680621263382369176">
  <Criteria>
   <Criterion id="15659330456318451386" value="13680621263382368077" comparison="0" type="guid"/>
   <Criterion id="15659330456318451410" comparison="0" value="13680621263382368552" fromResponse="1" type="guid"/>
   <Criterion comparison="0" passIfMissing="false" id="1075188092" keyType="gameToken" value="1"/>
   <Criterion comparison="0" passIfMissing="false" id="15659330456318451477" type="guid" keyType="default" value="761057048007211445"/>
  </Criteria>
 </ResponseRule>
 <ResponseSet id="13680621263404497616">
  <Response dialog="13680621263382368550" id="13680621263404497617" cooldown="0" weight="1" oneshot="0" completeConversation="1" delay="0" cutoff="0"/>
 </ResponseSet>
</ResponseRules>