
<ResponseRules>
 <WritebackKeys/>
 <ResponseRule id="13856881013195922728" name="Alika Checking On Remmer" cooldown="" conversation="1" description="Kirk Remmer was leading a group to the escape pods. When he encountered rouble he contacted Alika on the Bridge. The conversation went dead. After talking to Kirk Remmer, Alika contacts someone to see if they can check on Remmer. This conversation is as the disaster is going down. " response="13856881013195922904">
  <Criteria>
   <Criterion id="15659330456318451386" value="4349723564911543122" comparison="0" type="guid"/>
   <Criterion id="15659330456318451410" comparison="0" value="onTranscribeTrigger" fromResponse="0" type="default"/>
   <Criterion comparison="0" passIfMissing="false" id="15659330456318451477" type="guid" keyType="default" value="4349723564911796493"/>
  </Criteria>
 </ResponseRule>
 <ResponseSet id="13856881013195922904">
  <Response dialog="13856881013195922903" id="13856881013195922905" cooldown="0" weight="1" oneshot="0" completeConversation="0" delay="0"/>
 </ResponseSet>
 <ResponseRule id="13856881013195923147" name="" cooldown="" response="13856881013195923148" conversation="0">
  <Criteria>
   <Criterion id="15659330456318451386" value="13680621263353786198" comparison="0" type="guid"/>
   <Criterion id="15659330456318451410" comparison="0" value="13856881013195922905" fromResponse="1" type="guid"/>
   <Criterion comparison="0" passIfMissing="false" id="15659330456318451477" type="guid" keyType="default" value="4349723564911798262"/>
  </Criteria>
 </ResponseRule>
 <ResponseSet id="13856881013195923148">
  <Response dialog="13856881013195923146" id="13856881013195923149" cooldown="0" weight="1" oneshot="0" completeConversation="0" delay="0.25" targetType="2" targetId="4349723564911796493" speakerTrackMethod="0" targetTrackMethod="0"/>
 </ResponseSet>
 <ResponseRule id="13856881013195923262" name="" cooldown="" response="13856881013195923263" conversation="0">
  <Criteria>
   <Criterion id="15659330456318451386" value="4349723564911543122" comparison="0" type="guid"/>
   <Criterion id="15659330456318451410" comparison="0" value="13856881013195923149" fromResponse="1" type="guid"/>
   <Criterion id="15659330456318451477" value="4349723564911796493" comparison="0" type="guid"/>
  </Criteria>
 </ResponseRule>
 <ResponseSet id="13856881013195923263">
  <Response dialog="13856881013195923261" id="13856881013195923264" cooldown="0" weight="1" oneshot="0" completeConversation="0" delay="0.25" targetType="2" targetId="4349723564911798262" speakerTrackMethod="0" targetTrackMethod="0"/>
 </ResponseSet>
 <ResponseRule id="13856881013195923399" name="" cooldown="" response="13856881013195923400" conversation="0">
  <Criteria>
   <Criterion id="15659330456318451386" value="13680621263353786198" comparison="0" type="guid"/>
   <Criterion id="15659330456318451410" comparison="0" value="13856881013195923264" fromResponse="1" type="guid"/>
   <Criterion id="15659330456318451477" value="4349723564911798262" comparison="0" type="guid"/>
  </Criteria>
 </ResponseRule>
 <ResponseSet id="13856881013195923400">
  <Response dialog="13856881013195923398" id="13856881013195923401" cooldown="0" weight="1" oneshot="0" completeConversation="0" delay="0" targetType="2" targetId="4349723564911796493" speakerTrackMethod="0" targetTrackMethod="0"/>
 </ResponseSet>
 <ResponseRule id="13680621263385062480" name="" cooldown="" response="13680621263385062481">
  <Criteria>
   <Criterion id="15659330456318451386" value="13680621263353786198" comparison="0" type="guid"/>
   <Criterion id="15659330456318451410" comparison="0" value="13856881013195923401" fromResponse="1" type="guid"/>
   <Criterion id="15659330456318451477" value="4349723564911798262" comparison="0" type="guid"/>
  </Criteria>
 </ResponseRule>
 <ResponseSet id="13680621263385062481">
  <Response dialog="13680621263385062479" id="13680621263385062482" cooldown="0" weight="1" oneshot="0" completeConversation="0" delay="0.25" targetType="2" targetId="4349723564911796493" speakerTrackMethod="0" targetTrackMethod="0"/>
 </ResponseSet>
 <ResponseRule id="13680621263385062532" name="" cooldown="" response="13680621263385062533">
  <Criteria>
   <Criterion id="15659330456318451386" value="4349723564911543122" comparison="0" type="guid"/>
   <Criterion id="15659330456318451410" comparison="0" value="13680621263385062482" fromResponse="1" type="guid"/>
   <Criterion id="15659330456318451477" value="4349723564911796493" comparison="0" type="guid"/>
  </Criteria>
 </ResponseRule>
 <ResponseSet id="13680621263385062533">
  <Response dialog="13856881013195923437" id="13680621263385062534" cooldown="0" weight="1" oneshot="0" completeConversation="0" delay="0.25" targetType="2" targetId="4349723564911798262" speakerTrackMethod="1" targetTrackMethod="0" cutoff="0.15"/>
 </ResponseSet>
 <ResponseRule id="13680621263385062606" name="" cooldown="" response="13680621263385062607">
  <Criteria>
   <Criterion id="15659330456318451386" value="13680621263353786198" comparison="0" type="guid"/>
   <Criterion id="15659330456318451410" comparison="0" value="13680621263385062534" fromResponse="1" type="guid"/>
   <Criterion id="15659330456318451477" value="4349723564911798262" comparison="0" type="guid"/>
  </Criteria>
 </ResponseRule>
 <ResponseSet id="13680621263385062607">
  <Response dialog="13680621263385062605" id="13680621263385062608" cooldown="0" weight="1" oneshot="0" completeConversation="1" delay="0" targetType="2" targetId="4349723564911796493" speakerTrackMethod="1" targetTrackMethod="0"/>
 </ResponseSet>
</ResponseRules>