
<ResponseRules>
 <WritebackKeys/>
 <ResponseRule id="13680621263369492356" name="Gather What You Can" cooldown="" response="13680621263369492587" description="Shortly after the outbreak, Thorstien orders one of his staff to gather what prototypes they can before evacuating the labs. ">
  <Criteria>
   <Criterion id="15659330456318451386" value="13680621263365953228" comparison="0" type="guid"/>
   <Criterion id="15659330456318451410" comparison="0" value="onTranscribeTrigger" fromResponse="0" type="default"/>
   <Criterion comparison="0" passIfMissing="false" id="15659330456318451477" type="guid" keyType="default" value="761057047958921852"/>
  </Criteria>
 </ResponseRule>
 <ResponseSet id="13680621263369492587">
  <Response dialog="13680621263369492585" id="13680621263369492588" cooldown="0" weight="1" oneshot="0" completeConversation="0" delay="0" targetType="2" targetId="844024417266061744" speakerTrackMethod="1" targetTrackMethod="0"/>
 </ResponseSet>
 <ResponseRule id="13680621263369492638" name="" cooldown="" response="13680621263369492639">
  <Criteria>
   <Criterion id="15659330456318451386" value="13680621263353786169" comparison="0" type="guid"/>
   <Criterion id="15659330456318451410" comparison="0" value="13680621263369492588" fromResponse="1" type="guid"/>
   <Criterion id="15659330456318451477" value="844024417266061744" comparison="0" type="guid"/>
  </Criteria>
 </ResponseRule>
 <ResponseSet id="13680621263369492639">
  <Response dialog="13680621263369492637" id="13680621263369492640" cooldown="0" weight="1" oneshot="0" completeConversation="0" delay="0" targetType="2" targetId="761057047958921852" speakerTrackMethod="1" targetTrackMethod="0"/>
 </ResponseSet>
 <ResponseRule id="13680621263385168540" name="" cooldown="" response="13680621263385168541">
  <Criteria>
   <Criterion id="15659330456318451386" value="13680621263365953228" comparison="0" type="guid"/>
   <Criterion id="15659330456318451410" comparison="0" value="13680621263369492640" fromResponse="1" type="guid"/>
   <Criterion id="15659330456318451477" value="761057047958921852" comparison="0" type="guid"/>
  </Criteria>
 </ResponseRule>
 <ResponseSet id="13680621263385168541">
  <Response dialog="13680621263385168539" id="13680621263385168542" cooldown="0" weight="1" oneshot="0" completeConversation="0" delay="0" targetType="2" targetId="844024417266061744" speakerTrackMethod="1" targetTrackMethod="0"/>
 </ResponseSet>
 <ResponseRule id="13680621263385168584" name="" cooldown="" response="13680621263385168585">
  <Criteria>
   <Criterion id="15659330456318451386" value="13680621263353786169" comparison="0" type="guid"/>
   <Criterion id="15659330456318451410" comparison="0" value="13680621263385168542" fromResponse="1" type="guid"/>
   <Criterion id="15659330456318451477" value="844024417266061744" comparison="0" type="guid"/>
  </Criteria>
 </ResponseRule>
 <ResponseSet id="13680621263385168585">
  <Response dialog="13680621263385168583" id="13680621263385168586" cooldown="0" weight="1" oneshot="0" completeConversation="0" delay="0" targetType="2" targetId="761057047958921852" speakerTrackMethod="1" targetTrackMethod="0"/>
 </ResponseSet>
 <ResponseRule id="13680621263385168593" name="" cooldown="" response="13680621263385168594">
  <Criteria>
   <Criterion id="15659330456318451386" value="13680621263365953228" comparison="0" type="guid"/>
   <Criterion id="15659330456318451410" comparison="0" value="13680621263385168586" fromResponse="1" type="guid"/>
   <Criterion id="15659330456318451477" value="761057047958921852" comparison="0" type="guid"/>
  </Criteria>
 </ResponseRule>
 <ResponseSet id="13680621263385168594">
  <Response dialog="13680621263385168592" id="13680621263385168595" cooldown="0" weight="1" oneshot="0" completeConversation="0" delay="0" targetType="2" targetId="844024417266061744" speakerTrackMethod="1" targetTrackMethod="0" cutoff="0.05"/>
 </ResponseSet>
 <ResponseRule id="13680621263385168680" name="" cooldown="" response="13680621263385168681">
  <Criteria>
   <Criterion id="15659330456318451386" value="13680621263353786169" comparison="0" type="guid"/>
   <Criterion id="15659330456318451410" comparison="0" value="13680621263385168595" fromResponse="1" type="guid"/>
   <Criterion id="15659330456318451477" value="844024417266061744" comparison="0" type="guid"/>
  </Criteria>
 </ResponseRule>
 <ResponseSet id="13680621263385168681">
  <Response dialog="13680621263385168679" id="13680621263385168682" cooldown="0" weight="1" oneshot="0" completeConversation="0" delay="0" targetType="2" targetId="761057047958921852" speakerTrackMethod="1" targetTrackMethod="0"/>
 </ResponseSet>
 <ResponseRule id="13680621263385168687" name="" cooldown="" response="13680621263385168688">
  <Criteria>
   <Criterion id="15659330456318451386" value="13680621263365953228" comparison="0" type="guid"/>
   <Criterion id="15659330456318451410" comparison="0" value="13680621263385168682" fromResponse="1" type="guid"/>
   <Criterion id="15659330456318451477" value="761057047958921852" comparison="0" type="guid"/>
  </Criteria>
 </ResponseRule>
 <ResponseSet id="13680621263385168688">
  <Response dialog="13680621263385168686" id="13680621263385168689" cooldown="0" weight="1" oneshot="0" completeConversation="0" delay="0" targetType="2" targetId="844024417266061744" speakerTrackMethod="1" targetTrackMethod="0"/>
 </ResponseSet>
 <ResponseRule id="13680621263385168696" name="" cooldown="" response="13680621263385168697">
  <Criteria>
   <Criterion id="15659330456318451386" value="13680621263353786169" comparison="0" type="guid"/>
   <Criterion id="15659330456318451410" comparison="0" value="13680621263385168689" fromResponse="1" type="guid"/>
   <Criterion id="15659330456318451477" value="844024417266061744" comparison="0" type="guid"/>
  </Criteria>
 </ResponseRule>
 <ResponseSet id="13680621263385168697">
  <Response dialog="13680621263385168695" id="13680621263385168698" cooldown="0" weight="1" oneshot="0" completeConversation="1" delay="0" targetType="2" targetId="761057047958921852" speakerTrackMethod="1" targetTrackMethod="0"/>
 </ResponseSet>
</ResponseRules>