
<ResponseRules description="All the Transcribe Message found on Martin Giroud&apos;s TS.">
 <ResponseRule id="13680621263360967905" name="Psychotronics Foyer Key Code" cooldown="" oneshot="1" description="Martin Calls Garfield to complain about the fact that someone changed the keycode to the psychotronics foyer. " response="13680621263360968031" conversation="1">
  <Criteria>
   <Criterion id="15659330456318451386" value="13680621263353786169" comparison="0" type="guid"/>
   <Criterion id="15659330456318451410" comparison="0" value="onTranscribeTrigger" fromResponse="0" type="default"/>
   <Criterion comparison="0" passIfMissing="false" id="15659330456318451477" type="guid" keyType="default" value="13680621263360967065"/>
  </Criteria>
 </ResponseRule>
 <ResponseSet id="13680621263360968031">
  <Response dialog="13680621263360968030" id="13680621263360968032" cooldown="0" weight="1" oneshot="0" completeConversation="0"/>
 </ResponseSet>
 <ResponseRule id="13680621263360968034" name="" cooldown="" response="13680621263360968076">
  <Criteria>
   <Criterion id="15659330456318451386" value="13680621263353786198" comparison="0" type="guid"/>
   <Criterion id="15659330456318451410" comparison="0" value="13680621263360968032" fromResponse="1" type="guid"/>
   <Criterion comparison="0" passIfMissing="false" id="15659330456318451477" type="guid" keyType="default" value="13680621263360967214"/>
  </Criteria>
 </ResponseRule>
 <ResponseSet id="13680621263360968076">
  <Response dialog="13680621263360968075" id="13680621263360968077" cooldown="0" weight="1" oneshot="0" completeConversation="0" delay="0.5"/>
 </ResponseSet>
 <ResponseRule id="13680621263360968090" name="" cooldown="" response="13680621263360968091">
  <Criteria>
   <Criterion id="15659330456318451386" value="13680621263353786169" comparison="0" type="guid"/>
   <Criterion id="15659330456318451410" comparison="0" value="13680621263360968077" fromResponse="1" type="guid"/>
   <Criterion comparison="0" passIfMissing="false" id="15659330456318451477" type="guid" keyType="default" value="13680621263360967065"/>
  </Criteria>
 </ResponseRule>
 <ResponseSet id="13680621263360968091">
  <Response dialog="13680621263360968089" id="13680621263360968092" cooldown="0" weight="1" oneshot="0" completeConversation="0" delay=".5"/>
 </ResponseSet>
 <ResponseRule id="13680621263360968131" name="" cooldown="" response="13680621263360968132">
  <Criteria>
   <Criterion id="15659330456318451386" value="13680621263353786198" comparison="0" type="guid"/>
   <Criterion id="15659330456318451410" comparison="0" value="13680621263360968092" fromResponse="1" type="guid"/>
   <Criterion comparison="0" passIfMissing="false" id="15659330456318451477" type="guid" keyType="default" value="13680621263360967214"/>
  </Criteria>
 </ResponseRule>
 <ResponseSet id="13680621263360968132">
  <Response dialog="13680621263360968130" id="13680621263360968133" cooldown="0" weight="1" oneshot="0" completeConversation="0" delay=".5"/>
 </ResponseSet>
 <ResponseRule id="13680621263360968165" name="" cooldown="" response="13680621263360968166">
  <Criteria>
   <Criterion id="15659330456318451386" value="13680621263353786169" comparison="0" type="guid"/>
   <Criterion id="15659330456318451410" comparison="0" value="13680621263360968133" fromResponse="1" type="guid"/>
   <Criterion comparison="0" passIfMissing="false" id="15659330456318451477" type="guid" keyType="default" value="13680621263360967065"/>
  </Criteria>
 </ResponseRule>
 <ResponseSet id="13680621263360968166">
  <Response dialog="13680621263360968164" id="13680621263360968167" cooldown="0" weight="1" oneshot="0" completeConversation="0"/>
 </ResponseSet>
 <ResponseRule id="13680621263360968183" name="" cooldown="" response="13680621263360968184">
  <Criteria>
   <Criterion id="15659330456318451386" value="13680621263353786198" comparison="0" type="guid"/>
   <Criterion id="15659330456318451410" comparison="0" value="13680621263360968167" fromResponse="1" type="guid"/>
   <Criterion comparison="0" passIfMissing="false" id="15659330456318451477" type="guid" keyType="default" value="13680621263360967214"/>
  </Criteria>
 </ResponseRule>
 <ResponseSet id="13680621263360968184">
  <Response dialog="13680621263360968182" id="13680621263360968185" cooldown="0" weight="1" oneshot="0" completeConversation="0"/>
 </ResponseSet>
 <ResponseRule id="13680621263360968202" name="" cooldown="" response="13680621263360968203">
  <Criteria>
   <Criterion id="15659330456318451386" value="13680621263353786169" comparison="0" type="guid"/>
   <Criterion id="15659330456318451410" comparison="0" value="13680621263360968185" fromResponse="1" type="guid"/>
   <Criterion comparison="0" passIfMissing="false" id="15659330456318451477" type="guid" keyType="default" value="13680621263360967065"/>
  </Criteria>
 </ResponseRule>
 <ResponseSet id="13680621263360968203">
  <Response dialog="13680621263360968201" id="13680621263360968204" cooldown="0" weight="1" oneshot="0" completeConversation="0"/>
 </ResponseSet>
 <ResponseRule id="13680621263360968226" name="" cooldown="" response="13680621263360968227">
  <Criteria>
   <Criterion id="15659330456318451386" value="13680621263353786198" comparison="0" type="guid"/>
   <Criterion id="15659330456318451410" comparison="0" value="13680621263360968204" fromResponse="1" type="guid"/>
   <Criterion comparison="0" passIfMissing="false" id="15659330456318451477" type="guid" keyType="default" value="13680621263360967214"/>
  </Criteria>
 </ResponseRule>
 <ResponseSet id="13680621263360968227">
  <Response dialog="13680621263360968225" id="13680621263360968228" cooldown="0" weight="1" oneshot="0" completeConversation="0" delay="0.25"/>
 </ResponseSet>
 <ResponseRule id="13680621263360968243" name="" cooldown="" response="13680621263360968244">
  <Criteria>
   <Criterion id="15659330456318451386" value="13680621263353786169" comparison="0" type="guid"/>
   <Criterion id="15659330456318451410" comparison="0" value="13680621263360968228" fromResponse="1" type="guid"/>
   <Criterion comparison="0" passIfMissing="false" id="15659330456318451477" type="guid" keyType="default" value="13680621263360967065"/>
  </Criteria>
 </ResponseRule>
 <ResponseSet id="13680621263360968244">
  <Response dialog="13680621263360968242" id="13680621263360968245" cooldown="0" weight="1" oneshot="0" completeConversation="0" delay=".75"/>
 </ResponseSet>
 <ResponseRule id="13680621263360968261" name="" cooldown="" response="13680621263360968262">
  <Criteria>
   <Criterion id="15659330456318451386" value="13680621263353786198" comparison="0" type="guid"/>
   <Criterion id="15659330456318451410" comparison="0" value="13680621263360968245" fromResponse="1" type="guid"/>
   <Criterion comparison="0" passIfMissing="false" id="15659330456318451477" type="guid" keyType="default" value="13680621263360967214"/>
  </Criteria>
 </ResponseRule>
 <ResponseSet id="13680621263360968262">
  <Response dialog="13680621263360968260" id="13680621263360968263" cooldown="0" weight="1" oneshot="0" completeConversation="0"/>
 </ResponseSet>
 <ResponseRule id="13680621263360968278" name="" cooldown="" response="13680621263360968279">
  <Criteria>
   <Criterion id="15659330456318451386" value="13680621263353786169" comparison="0" type="guid"/>
   <Criterion id="15659330456318451410" comparison="0" value="13680621263360968263" fromResponse="1" type="guid"/>
   <Criterion comparison="0" passIfMissing="false" id="15659330456318451477" type="guid" keyType="default" value="13680621263360967065"/>
  </Criteria>
 </ResponseRule>
 <ResponseSet id="13680621263360968279">
  <Response dialog="13680621263360968277" id="13680621263360968280" cooldown="0" weight="1" oneshot="0" completeConversation="0" delay=".5"/>
 </ResponseSet>
 <ResponseRule id="13680621263360968306" name="" cooldown="" response="13680621263360968307">
  <Criteria>
   <Criterion id="15659330456318451386" value="13680621263353786198" comparison="0" type="guid"/>
   <Criterion id="15659330456318451410" comparison="0" value="13680621263360968280" fromResponse="1" type="guid"/>
   <Criterion comparison="0" passIfMissing="false" id="15659330456318451477" type="guid" keyType="default" value="13680621263360967214"/>
  </Criteria>
 </ResponseRule>
 <ResponseSet id="13680621263360968307">
  <Response dialog="13680621263360968305" id="13680621263360968308" cooldown="0" weight="1" oneshot="0" completeConversation="0" delay=".5"/>
 </ResponseSet>
 <ResponseRule id="13680621263360968324" name="" cooldown="" response="13680621263360968325">
  <Criteria>
   <Criterion id="15659330456318451386" value="13680621263353786169" comparison="0" type="guid"/>
   <Criterion id="15659330456318451410" comparison="0" value="13680621263360968308" fromResponse="1" type="guid"/>
   <Criterion comparison="0" passIfMissing="false" id="15659330456318451477" type="guid" keyType="default" value="13680621263360967065"/>
  </Criteria>
 </ResponseRule>
 <ResponseSet id="13680621263360968325">
  <Response dialog="13680621263360968323" id="13680621263360968326" cooldown="0" weight="1" oneshot="0" completeConversation="1"/>
 </ResponseSet>
 <WritebackKeys/>
</ResponseRules>