
<ResponseRules>
 <WritebackKeys/>
 <ResponseRule id="13680621263369437546" name="Annalise Confession About Volunteers" cooldown="" conversation="1" response="13680621263369437680" description="Annalise Leaves a confession on Quinten&apos;s TS about her work in Pyschotronics.">
  <Criteria>
   <Criterion id="15659330456318451386" value="13680621263353786218" comparison="0" type="guid"/>
   <Criterion id="15659330456318451410" comparison="0" value="onTranscribeTrigger" fromResponse="0" type="default"/>
   <Criterion comparison="0" passIfMissing="false" id="15659330456318451477" type="guid" keyType="default" value="11824555372635796966"/>
  </Criteria>
 </ResponseRule>
 <ResponseSet id="13680621263369437680">
  <Response dialog="13680621263365951467" id="13680621263369437681" cooldown="0" weight="1" oneshot="0" completeConversation="0" delay="0"/>
 </ResponseSet>
 <ResponseRule id="13680621263385323600" name="" cooldown="" response="13680621263385323601">
  <Criteria>
   <Criterion id="15659330456318451386" value="13680621263353786218" comparison="0" type="guid"/>
   <Criterion id="15659330456318451410" comparison="0" value="13680621263369437681" fromResponse="1" type="guid"/>
   <Criterion id="15659330456318451477" value="11824555372635796966" comparison="0" type="guid"/>
  </Criteria>
 </ResponseRule>
 <ResponseSet id="13680621263385323601">
  <Response dialog="13680621263385323599" id="13680621263385323602" cooldown="0" weight="1" oneshot="0" completeConversation="0" delay="0.5"/>
 </ResponseSet>
 <ResponseRule id="13680621263385323608" name="" cooldown="" response="13680621263385323609">
  <Criteria>
   <Criterion id="15659330456318451386" value="13680621263353786218" comparison="0" type="guid"/>
   <Criterion id="15659330456318451410" comparison="0" value="13680621263385323602" fromResponse="1" type="guid"/>
   <Criterion id="15659330456318451477" value="11824555372635796966" comparison="0" type="guid"/>
  </Criteria>
 </ResponseRule>
 <ResponseSet id="13680621263385323609">
  <Response dialog="13680621263385323607" id="13680621263385323610" cooldown="0" weight="1" oneshot="0" completeConversation="0" delay="0.6"/>
 </ResponseSet>
 <ResponseRule id="13680621263385323612" name="" cooldown="" response="13680621263385323613">
  <Criteria>
   <Criterion id="15659330456318451386" value="13680621263353786218" comparison="0" type="guid"/>
   <Criterion id="15659330456318451410" comparison="0" value="13680621263385323610" fromResponse="1" type="guid"/>
   <Criterion id="15659330456318451477" value="11824555372635796966" comparison="0" type="guid"/>
  </Criteria>
 </ResponseRule>
 <ResponseSet id="13680621263385323613">
  <Response dialog="13680621263385323611" id="13680621263385323614" cooldown="0" weight="1" oneshot="0" completeConversation="0" delay="1"/>
 </ResponseSet>
 <ResponseRule id="13680621263385324013" name="" cooldown="" response="13680621263385324014">
  <Criteria>
   <Criterion id="15659330456318451386" value="13680621263353786218" comparison="0" type="guid"/>
   <Criterion id="15659330456318451410" comparison="0" value="13680621263385323614" fromResponse="1" type="guid"/>
   <Criterion id="15659330456318451477" value="11824555372635796966" comparison="0" type="guid"/>
  </Criteria>
 </ResponseRule>
 <ResponseSet id="13680621263385324014">
  <Response dialog="13680621263385324012" id="13680621263385324015" cooldown="0" weight="1" oneshot="0" completeConversation="0" delay="0.25"/>
 </ResponseSet>
 <ResponseRule id="13680621263385324176" name="" cooldown="" response="13680621263385324177">
  <Criteria>
   <Criterion id="15659330456318451386" value="13680621263353786218" comparison="0" type="guid"/>
   <Criterion id="15659330456318451410" comparison="0" value="13680621263385324015" fromResponse="1" type="guid"/>
   <Criterion id="15659330456318451477" value="11824555372635796966" comparison="0" type="guid"/>
  </Criteria>
 </ResponseRule>
 <ResponseSet id="13680621263385324177">
  <Response dialog="13680621263385324175" id="13680621263385324178" cooldown="0" weight="1" oneshot="0" completeConversation="1" delay="1"/>
 </ResponseSet>
</ResponseRules>