
<ResponseRules>
 <WritebackKeys/>
 <ResponseRule id="13680621263378048110" name="Linn to Manion: How You Holding Up" cooldown="" description="Linn calls Manion to get sitrep. They are both trying to deal with the sudden outbreak of Typhon and form an escape plan. " response="13680621263378048528">
  <Criteria>
   <Criterion id="15659330456318451386" value="13680621263353786198" comparison="0" type="guid"/>
   <Criterion id="15659330456318451410" comparison="0" value="onTranscribeTrigger" fromResponse="0" type="default"/>
   <Criterion comparison="0" passIfMissing="false" id="15659330456318451477" type="guid" keyType="default" value="11824555372636314779"/>
  </Criteria>
 </ResponseRule>
 <ResponseSet id="13680621263378048528">
  <Response dialog="13680621263378048527" id="13680621263378048529" cooldown="0" weight="1" oneshot="0" completeConversation="0" delay="0"/>
 </ResponseSet>
 <ResponseRule id="13680621263378048568" name="" cooldown="" response="13680621263378048569">
  <Criteria>
   <Criterion id="15659330456318451386" value="13680621263353786169" comparison="0" type="guid"/>
   <Criterion id="15659330456318451410" comparison="0" value="13680621263378048529" fromResponse="1" type="guid"/>
   <Criterion comparison="0" passIfMissing="false" id="15659330456318451477" type="guid" keyType="default" value="6732635291181144338"/>
  </Criteria>
 </ResponseRule>
 <ResponseSet id="13680621263378048569">
  <Response dialog="13680621263378048567" id="13680621263378048570" cooldown="0" weight="1" oneshot="0" completeConversation="0" delay="0.25" targetType="2" targetId="11824555372636314779" speakerTrackMethod="1" targetTrackMethod="0"/>
 </ResponseSet>
 <ResponseRule id="13680621263378048800" name="" cooldown="" response="13680621263378048801">
  <Criteria>
   <Criterion id="15659330456318451386" value="13680621263353786169" comparison="0" type="guid"/>
   <Criterion id="15659330456318451410" comparison="0" value="13680621263378048570" fromResponse="1" type="guid"/>
   <Criterion id="15659330456318451477" value="6732635291181144338" comparison="0" type="guid"/>
  </Criteria>
 </ResponseRule>
 <ResponseSet id="13680621263378048801">
  <Response dialog="13680621263378048799" id="13680621263378048802" cooldown="0" weight="1" oneshot="0" completeConversation="0" delay="0.25" targetType="2" targetId="11824555372636314779" speakerTrackMethod="1" targetTrackMethod="0"/>
 </ResponseSet>
 <ResponseRule id="13680621263378048806" name="" cooldown="" response="13680621263378048807">
  <Criteria>
   <Criterion id="15659330456318451386" value="13680621263353786198" comparison="0" type="guid"/>
   <Criterion id="15659330456318451410" comparison="0" value="13680621263378048802" fromResponse="1" type="guid"/>
   <Criterion id="15659330456318451477" value="11824555372636314779" comparison="0" type="guid"/>
  </Criteria>
 </ResponseRule>
 <ResponseSet id="13680621263378048807">
  <Response dialog="13680621263378048805" id="13680621263378048808" cooldown="0" weight="1" oneshot="0" completeConversation="0" delay="0.5" targetType="2" targetId="6732635291181144338" speakerTrackMethod="1" targetTrackMethod="0"/>
 </ResponseSet>
 <ResponseRule id="13680621263378049025" name="" cooldown="" response="13680621263378049026">
  <Criteria>
   <Criterion id="15659330456318451386" value="13680621263353786169" comparison="0" type="guid"/>
   <Criterion id="15659330456318451410" comparison="0" value="13680621263378048808" fromResponse="1" type="guid"/>
   <Criterion id="15659330456318451477" value="6732635291181144338" comparison="0" type="guid"/>
  </Criteria>
 </ResponseRule>
 <ResponseSet id="13680621263378049026">
  <Response dialog="13680621263378049024" id="13680621263378049027" cooldown="0" weight="1" oneshot="0" completeConversation="0" delay="0.25" targetType="2" targetId="11824555372636314779" speakerTrackMethod="1" targetTrackMethod="0"/>
 </ResponseSet>
 <ResponseRule id="13680621263378049034" name="" cooldown="" response="13680621263378049035">
  <Criteria>
   <Criterion id="15659330456318451386" value="13680621263353786198" comparison="0" type="guid"/>
   <Criterion id="15659330456318451410" comparison="0" value="13680621263378049027" fromResponse="1" type="guid"/>
   <Criterion id="15659330456318451477" value="11824555372636314779" comparison="0" type="guid"/>
  </Criteria>
 </ResponseRule>
 <ResponseSet id="13680621263378049035">
  <Response dialog="13680621263378049033" id="13680621263378049036" cooldown="0" weight="1" oneshot="0" completeConversation="0" delay="0.6" targetType="2" targetId="6732635291181144338" speakerTrackMethod="1" targetTrackMethod="0"/>
 </ResponseSet>
 <ResponseRule id="13680621263378049056" name="" cooldown="" response="13680621263378049057">
  <Criteria>
   <Criterion id="15659330456318451386" value="13680621263353786169" comparison="0" type="guid"/>
   <Criterion id="15659330456318451410" comparison="0" value="13680621263378049036" fromResponse="1" type="guid"/>
   <Criterion id="15659330456318451477" value="6732635291181144338" comparison="0" type="guid"/>
  </Criteria>
 </ResponseRule>
 <ResponseSet id="13680621263378049057">
  <Response dialog="13680621263378049055" id="13680621263378049058" cooldown="0" weight="1" oneshot="0" completeConversation="0" delay="0.25" targetType="2" targetId="11824555372636314779" speakerTrackMethod="1" targetTrackMethod="0"/>
 </ResponseSet>
 <ResponseRule id="13680621263378049080" name="" cooldown="" response="13680621263378049081">
  <Criteria>
   <Criterion id="15659330456318451386" value="13680621263353786198" comparison="0" type="guid"/>
   <Criterion id="15659330456318451410" comparison="0" value="13680621263378049058" fromResponse="1" type="guid"/>
   <Criterion id="15659330456318451477" value="11824555372636314779" comparison="0" type="guid"/>
  </Criteria>
 </ResponseRule>
 <ResponseSet id="13680621263378049081">
  <Response dialog="13680621263378049079" id="13680621263378049082" cooldown="0" weight="1" oneshot="0" completeConversation="0" delay="0.25" targetType="2" targetId="6732635291181144338" speakerTrackMethod="1" targetTrackMethod="0"/>
 </ResponseSet>
 <ResponseRule id="13680621263378049115" name="" cooldown="" response="13680621263378049116">
  <Criteria>
   <Criterion id="15659330456318451386" value="13680621263353786169" comparison="0" type="guid"/>
   <Criterion id="15659330456318451410" comparison="0" value="13680621263378049082" fromResponse="1" type="guid"/>
   <Criterion id="15659330456318451477" value="6732635291181144338" comparison="0" type="guid"/>
  </Criteria>
 </ResponseRule>
 <ResponseSet id="13680621263378049116">
  <Response dialog="13680621263378049114" id="13680621263378049117" cooldown="0" weight="1" oneshot="0" completeConversation="0" delay="0.6" targetType="2" targetId="11824555372636314779" speakerTrackMethod="1" targetTrackMethod="0"/>
 </ResponseSet>
 <ResponseRule id="13680621263378049131" name="" cooldown="" response="13680621263378049132">
  <Criteria>
   <Criterion id="15659330456318451386" value="13680621263353786198" comparison="0" type="guid"/>
   <Criterion id="15659330456318451410" comparison="0" value="13680621263378049117" fromResponse="1" type="guid"/>
   <Criterion id="15659330456318451477" value="11824555372636314779" comparison="0" type="guid"/>
  </Criteria>
 </ResponseRule>
 <ResponseSet id="13680621263378049132">
  <Response dialog="13680621263378049130" id="13680621263378049133" cooldown="0" weight="1" oneshot="0" completeConversation="1" delay="0.5" targetType="2" targetId="6732635291181144338" speakerTrackMethod="1" targetTrackMethod="0"/>
 </ResponseSet>
</ResponseRules>