
<ResponseRules>
 <WritebackKeys/>
 <ResponseRule id="13680621263368789064" name="Hacking Into Deep Storage" cooldown="" oneshot="1" conversation="1" description="Zachary is trying to use a program he wrote to use Fiona&apos;s voice samples to open the voice lock in deep storage. Ivy has at least one message from Fiona, which she forwards to Zachary." response="13680621263368789249">
  <Criteria>
   <Criterion id="15659330456318451386" value="13680621263353786169" comparison="0" type="guid"/>
   <Criterion id="15659330456318451410" comparison="0" value="onTranscribeTrigger" fromResponse="0" type="default"/>
   <Criterion comparison="0" passIfMissing="false" id="15659330456318451477" type="guid" keyType="default" value="4349723564911797141"/>
  </Criteria>
 </ResponseRule>
 <ResponseSet id="13680621263368789249">
  <Response dialog="13680621263368789248" id="13680621263368789250" cooldown="0" weight="1" oneshot="0" completeConversation="0" delay="0"/>
 </ResponseSet>
 <ResponseRule id="13680621263368789915" name="" cooldown="" response="13680621263368789916">
  <Criteria>
   <Criterion id="15659330456318451386" value="13680621263353786228" comparison="0" type="guid"/>
   <Criterion id="15659330456318451410" comparison="0" value="13680621263368789250" fromResponse="1" type="guid"/>
   <Criterion comparison="0" passIfMissing="false" id="15659330456318451477" type="guid" keyType="default" value="4349723564911797192"/>
  </Criteria>
 </ResponseRule>
 <ResponseSet id="13680621263368789916">
  <Response dialog="13680621263368789914" id="13680621263368789917" cooldown="0" weight="1" oneshot="0" completeConversation="0" delay="0.25" targetType="2" targetId="4349723564911797141" speakerTrackMethod="1" targetTrackMethod="0"/>
 </ResponseSet>
 <ResponseRule id="13680621263368789967" name="" cooldown="" response="13680621263368789968">
  <Criteria>
   <Criterion id="15659330456318451386" value="13680621263353786169" comparison="0" type="guid"/>
   <Criterion id="15659330456318451410" comparison="0" value="13680621263368789917" fromResponse="1" type="guid"/>
   <Criterion id="15659330456318451477" value="4349723564911797141" comparison="0" type="guid"/>
  </Criteria>
 </ResponseRule>
 <ResponseSet id="13680621263368789968">
  <Response dialog="13680621263368789966" id="13680621263368789969" cooldown="0" weight="1" oneshot="0" completeConversation="0" delay="0.5" targetType="2" targetId="4349723564911797192" speakerTrackMethod="1" targetTrackMethod="0"/>
 </ResponseSet>
 <ResponseRule id="13680621263368790006" name="" cooldown="" response="13680621263368790007">
  <Criteria>
   <Criterion id="15659330456318451386" value="13680621263353786228" comparison="0" type="guid"/>
   <Criterion id="15659330456318451410" comparison="0" value="13680621263368789969" fromResponse="1" type="guid"/>
   <Criterion id="15659330456318451477" value="4349723564911797192" comparison="0" type="guid"/>
  </Criteria>
 </ResponseRule>
 <ResponseSet id="13680621263368790007">
  <Response dialog="13680621263368790156" id="13680621263368790008" cooldown="0" weight="1" oneshot="0" completeConversation="0" delay="0.25" targetType="2" targetId="4349723564911797141" speakerTrackMethod="1" targetTrackMethod="0"/>
 </ResponseSet>
 <ResponseRule id="13680621263368790012" name="" cooldown="" response="13680621263368790013">
  <Criteria>
   <Criterion id="15659330456318451386" value="13680621263353786169" comparison="0" type="guid"/>
   <Criterion id="15659330456318451410" comparison="0" value="13680621263368790008" fromResponse="1" type="guid"/>
   <Criterion id="15659330456318451477" value="4349723564911797141" comparison="0" type="guid"/>
  </Criteria>
 </ResponseRule>
 <ResponseSet id="13680621263368790013">
  <Response dialog="13680621263368790292" id="13680621263368790014" cooldown="0" weight="1" oneshot="0" completeConversation="0" delay="0.25" targetType="2" targetId="4349723564911797192" speakerTrackMethod="1" targetTrackMethod="0"/>
 </ResponseSet>
 <ResponseRule id="13680621263378057935" name="" cooldown="" response="13680621263378057936">
  <Criteria>
   <Criterion id="15659330456318451386" value="13680621263353786169" comparison="0" type="guid"/>
   <Criterion id="15659330456318451410" comparison="0" value="13680621263368790014" fromResponse="1" type="guid"/>
   <Criterion id="15659330456318451477" value="4349723564911797141" comparison="0" type="guid"/>
  </Criteria>
 </ResponseRule>
 <ResponseSet id="13680621263378057936">
  <Response dialog="13680621263378057648" id="13680621263378057937" cooldown="0" weight="1" oneshot="0" completeConversation="0" delay="0.25" targetType="2" targetId="4349723564911797192" speakerTrackMethod="1" targetTrackMethod="0"/>
 </ResponseSet>
 <ResponseRule id="13680621263378057953" name="" cooldown="" response="13680621263378057954">
  <Criteria>
   <Criterion id="15659330456318451386" value="13680621263353786228" comparison="0" type="guid"/>
   <Criterion id="15659330456318451410" comparison="0" value="13680621263378057937" fromResponse="1" type="guid"/>
   <Criterion id="15659330456318451477" value="4349723564911797192" comparison="0" type="guid"/>
  </Criteria>
 </ResponseRule>
 <ResponseSet id="13680621263378057954">
  <Response dialog="13680621263368790328" id="13680621263378057955" cooldown="0" weight="1" oneshot="0" completeConversation="0" delay="0.6" targetType="2" targetId="4349723564911797141" speakerTrackMethod="1" targetTrackMethod="0"/>
 </ResponseSet>
 <ResponseRule id="13680621263378057966" name="" cooldown="" response="13680621263378057967">
  <Criteria>
   <Criterion id="15659330456318451386" value="13680621263353786169" comparison="0" type="guid"/>
   <Criterion id="15659330456318451410" comparison="0" value="13680621263378057955" fromResponse="1" type="guid"/>
   <Criterion id="15659330456318451477" value="4349723564911797141" comparison="0" type="guid"/>
  </Criteria>
 </ResponseRule>
 <ResponseSet id="13680621263378057967">
  <Response dialog="844024417282887283" id="13680621263378057968" cooldown="0" weight="1" oneshot="0" completeConversation="0" delay="0.25" targetType="2" targetId="4349723564911797192" speakerTrackMethod="1" targetTrackMethod="0"/>
 </ResponseSet>
 <ResponseRule id="13680621263378057984" name="" cooldown="" response="13680621263378057985">
  <Criteria>
   <Criterion id="15659330456318451386" value="13680621263353786228" comparison="0" type="guid"/>
   <Criterion id="15659330456318451410" comparison="0" value="13680621263378057968" fromResponse="1" type="guid"/>
   <Criterion id="15659330456318451477" value="4349723564911797192" comparison="0" type="guid"/>
  </Criteria>
 </ResponseRule>
 <ResponseSet id="13680621263378057985">
  <Response dialog="844024417282887438" id="13680621263378057986" cooldown="0" weight="1" oneshot="0" completeConversation="0" delay="0" targetType="2" targetId="4349723564911797141" speakerTrackMethod="1" targetTrackMethod="0"/>
 </ResponseSet>
 <ResponseRule id="13680621263378058020" name="" cooldown="" response="13680621263378058021">
  <Criteria>
   <Criterion id="15659330456318451386" value="13680621263353786169" comparison="0" type="guid"/>
   <Criterion id="15659330456318451410" comparison="0" value="13680621263378057986" fromResponse="1" type="guid"/>
   <Criterion id="15659330456318451477" value="4349723564911797141" comparison="0" type="guid"/>
  </Criteria>
 </ResponseRule>
 <ResponseSet id="13680621263378058021">
  <Response dialog="13680621263368790342" id="13680621263378058022" cooldown="0" weight="1" oneshot="0" completeConversation="0" delay="0" targetType="2" targetId="4349723564911797192" speakerTrackMethod="1" targetTrackMethod="0"/>
 </ResponseSet>
 <ResponseRule id="13680621263378058037" name="" cooldown="" response="13680621263378058038">
  <Criteria>
   <Criterion id="15659330456318451386" value="13680621263353786169" comparison="0" type="guid"/>
   <Criterion id="15659330456318451410" comparison="0" value="13680621263378058022" fromResponse="1" type="guid"/>
   <Criterion id="15659330456318451477" value="4349723564911797141" comparison="0" type="guid"/>
  </Criteria>
 </ResponseRule>
 <ResponseSet id="13680621263378058038">
  <Response dialog="13680621263378057851" id="13680621263378058039" cooldown="0" weight="1" oneshot="0" completeConversation="1" delay="0.75" targetType="2" targetId="4349723564911797192" speakerTrackMethod="1" targetTrackMethod="0"/>
 </ResponseSet>
</ResponseRules>