
<ResponseRules>
 <WritebackKeys/>
 <ResponseRule id="13680621263392583214" name="" cooldown="" description="" response="13680621263392583291" priority="" conversation="" oneshot="">
  <Criteria>
   <Criterion id="15659330456318451386" value="13680621263358634945" comparison="6" type="guid"/>
   <Criterion id="15659330456318451410" comparison="0" value="13680621263392585212" fromResponse="1" type="guid"/>
   <Criterion comparison="0" passIfMissing="false" id="15659330456318451477" type="guid" keyType="default" value="1713490239389131093"/>
  </Criteria>
 </ResponseRule>
 <ResponseSet id="13680621263392583291">
  <Response dialog="13680621263385425337" id="13680621263392583292" cooldown="0" weight="1" oneshot="0" completeConversation="0" delay="1.5" cutoff="0"/>
 </ResponseSet>
 <ResponseRule id="13680621263392583317" name="" cooldown="" response="13680621263392583318">
  <Criteria>
   <Criterion id="15659330456318451386" value="13680621263358634945" comparison="6" type="guid"/>
   <Criterion id="15659330456318451410" comparison="0" value="13680621263392583292" fromResponse="1" type="guid"/>
   <Criterion id="15659330456318451477" value="1713490239389131093" comparison="0" type="guid"/>
  </Criteria>
 </ResponseRule>
 <ResponseSet id="13680621263392583318">
  <Response dialog="13680621263385425350" id="13680621263392583319" cooldown="0" weight="1" oneshot="0" completeConversation="0" delay="1" cutoff="0"/>
 </ResponseSet>
 <ResponseRule id="13680621263392583343" name="" cooldown="" response="13680621263392583344">
  <Criteria>
   <Criterion id="15659330456318451386" value="13680621263358634945" comparison="6" type="guid"/>
   <Criterion id="15659330456318451410" comparison="0" value="13680621263392583319" fromResponse="1" type="guid"/>
   <Criterion id="15659330456318451477" value="1713490239389131093" comparison="0" type="guid"/>
  </Criteria>
 </ResponseRule>
 <ResponseSet id="13680621263392583344">
  <Response dialog="13680621263385425358" id="13680621263392583345" cooldown="0" weight="1" oneshot="0" completeConversation="0" delay="1" cutoff="0"/>
 </ResponseSet>
 <ResponseRule id="13680621263392583361" name="" cooldown="" response="13680621263392583362">
  <Criteria>
   <Criterion id="15659330456318451386" value="13680621263358634945" comparison="6" type="guid"/>
   <Criterion id="15659330456318451410" comparison="0" value="13680621263392583345" fromResponse="1" type="guid"/>
   <Criterion id="15659330456318451477" value="1713490239389131093" comparison="0" type="guid"/>
  </Criteria>
 </ResponseRule>
 <ResponseSet id="13680621263392583362">
  <Response dialog="13680621263385425366" id="13680621263392583363" cooldown="0" weight="1" oneshot="0" completeConversation="1" delay="2" cutoff="0"/>
 </ResponseSet>
 <ResponseRule id="13680621263392583408" name="In Case Things Go Sideways" cooldown="" description="The first morgan self-log ever. Shows  a different version of his persona. " response="13680621263392583445" conversation="1">
  <Criteria>
   <Criterion id="15659330456318451386" value="13680621263358634945" comparison="6" type="guid"/>
   <Criterion id="15659330456318451410" comparison="0" value="onTranscribeTrigger" fromResponse="0" type="default"/>
   <Criterion comparison="0" passIfMissing="false" id="15659330456318451477" type="guid" keyType="default" value="1713490239389131093"/>
  </Criteria>
 </ResponseRule>
 <ResponseSet id="13680621263392583445">
  <Response dialog="13680621263392583444" id="13680621263392583446" cooldown="0" weight="1" oneshot="0" completeConversation="0" delay="0" cutoff="0"/>
 </ResponseSet>
 <ResponseRule id="13680621263392583455" name="" cooldown="" response="13680621263392583456">
  <Criteria>
   <Criterion id="15659330456318451386" value="13680621263358634945" comparison="6" type="guid"/>
   <Criterion id="15659330456318451410" comparison="0" value="13680621263392583446" fromResponse="1" type="guid"/>
   <Criterion id="15659330456318451477" value="1713490239389131093" comparison="0" type="guid"/>
  </Criteria>
 </ResponseRule>
 <ResponseSet id="13680621263392583456">
  <Response dialog="13680621263392583454" id="13680621263392583457" cooldown="0" weight="1" oneshot="0" completeConversation="0" delay="0" cutoff="0"/>
 </ResponseSet>
 <ResponseRule id="13680621263392583462" name="" cooldown="" response="13680621263392583463">
  <Criteria>
   <Criterion id="15659330456318451386" value="13680621263358634945" comparison="6" type="guid"/>
   <Criterion id="15659330456318451410" comparison="0" value="13680621263392583457" fromResponse="1" type="guid"/>
   <Criterion id="15659330456318451477" value="1713490239389131093" comparison="0" type="guid"/>
  </Criteria>
 </ResponseRule>
 <ResponseSet id="13680621263392583463">
  <Response dialog="13680621263392583461" id="13680621263392583464" cooldown="0" weight="1" oneshot="0" completeConversation="0" delay="0" cutoff="0"/>
 </ResponseSet>
 <ResponseRule id="13680621263392583468" name="" cooldown="" response="13680621263392583469">
  <Criteria>
   <Criterion id="15659330456318451386" value="13680621263358634945" comparison="6" type="guid"/>
   <Criterion id="15659330456318451410" comparison="0" value="13680621263392583464" fromResponse="1" type="guid"/>
   <Criterion id="15659330456318451477" value="1713490239389131093" comparison="0" type="guid"/>
  </Criteria>
 </ResponseRule>
 <ResponseSet id="13680621263392583469">
  <Response dialog="13680621263392583467" id="13680621263392583470" cooldown="0" weight="1" oneshot="0" completeConversation="0" delay="0" cutoff="0"/>
 </ResponseSet>
 <ResponseRule id="13680621263392583472" name="" cooldown="" response="13680621263392583473">
  <Criteria>
   <Criterion id="15659330456318451386" value="13680621263358634945" comparison="6" type="guid"/>
   <Criterion id="15659330456318451410" comparison="0" value="13680621263392583470" fromResponse="1" type="guid"/>
   <Criterion id="15659330456318451477" value="1713490239389131093" comparison="0" type="guid"/>
  </Criteria>
 </ResponseRule>
 <ResponseSet id="13680621263392583473">
  <Response dialog="13680621263392583471" id="13680621263392583474" cooldown="0" weight="1" oneshot="0" completeConversation="0" delay="0" cutoff="0"/>
 </ResponseSet>
 <ResponseRule id="13680621263392583563" name="" cooldown="" response="13680621263392583564">
  <Criteria>
   <Criterion id="15659330456318451386" value="13680621263353091056" comparison="6" type="guid"/>
   <Criterion id="15659330456318451410" comparison="0" value="13680621263392583474" fromResponse="1" type="guid"/>
   <Criterion comparison="0" passIfMissing="false" id="15659330456318451477" type="guid" keyType="default" value="13680621263392583610"/>
  </Criteria>
 </ResponseRule>
 <ResponseSet id="13680621263392583564">
  <Response dialog="13680621263392583562" id="13680621263392583565" cooldown="0" weight="1" oneshot="0" completeConversation="0" delay="0" cutoff="0" targetType="2" targetId="1713490239389131093" speakerTrackMethod="1" targetTrackMethod="0"/>
 </ResponseSet>
 <ResponseRule id="13680621263392583684" name="" cooldown="" response="13680621263392583685">
  <Criteria>
   <Criterion id="15659330456318451386" value="13680621263358634945" comparison="6" type="guid"/>
   <Criterion id="15659330456318451410" comparison="0" value="13680621263392583565" fromResponse="1" type="guid"/>
   <Criterion id="15659330456318451477" value="1713490239389131093" comparison="0" type="guid"/>
  </Criteria>
 </ResponseRule>
 <ResponseSet id="13680621263392583685">
  <Response dialog="13680621263392583683" id="13680621263392583686" cooldown="0" weight="1" oneshot="0" completeConversation="0" delay="0" cutoff="0" targetType="2" targetId="13680621263392583610" speakerTrackMethod="1" targetTrackMethod="0"/>
 </ResponseSet>
 <ResponseRule id="13680621263392583695" name="" cooldown="" response="13680621263392583696">
  <Criteria>
   <Criterion id="15659330456318451386" value="13680621263358634945" comparison="6" type="guid"/>
   <Criterion id="15659330456318451410" comparison="0" value="13680621263392583686" fromResponse="1" type="guid"/>
   <Criterion id="15659330456318451477" value="13680621263392583610" comparison="0" type="guid"/>
  </Criteria>
 </ResponseRule>
 <ResponseSet id="13680621263392583696">
  <Response dialog="13680621263394126288" id="13680621263392583697" cooldown="0" weight="1" oneshot="0" completeConversation="0" delay="0" cutoff="0" targetType="2" targetId="1713490239389131093" speakerTrackMethod="1" targetTrackMethod="0"/>
 </ResponseSet>
 <ResponseRule id="13680621263392583715" name="" cooldown="" response="13680621263392583716">
  <Criteria>
   <Criterion id="15659330456318451386" value="13680621263358634945" comparison="6" type="guid"/>
   <Criterion id="15659330456318451410" comparison="0" value="13680621263392583697" fromResponse="1" type="guid"/>
   <Criterion id="15659330456318451477" value="1713490239389131093" comparison="0" type="guid"/>
  </Criteria>
 </ResponseRule>
 <ResponseSet id="13680621263392583716">
  <Response dialog="13680621263392583714" id="13680621263392583717" cooldown="0" weight="1" oneshot="0" completeConversation="0" delay="0" cutoff="0" targetType="2" targetId="13680621263392583610" speakerTrackMethod="1" targetTrackMethod="0"/>
 </ResponseSet>
 <ResponseRule id="13680621263392583729" name="" cooldown="" response="13680621263392583730">
  <Criteria>
   <Criterion id="15659330456318451386" value="13680621263358634945" comparison="6" type="guid"/>
   <Criterion id="15659330456318451410" comparison="0" value="13680621263392583717" fromResponse="1" type="guid"/>
   <Criterion id="15659330456318451477" value="1713490239389131093" comparison="0" type="guid"/>
  </Criteria>
 </ResponseRule>
 <ResponseSet id="13680621263392583730">
  <Response dialog="13680621263394126299" id="13680621263392583731" cooldown="0" weight="1" oneshot="0" completeConversation="0" delay="0" cutoff="0" targetType="2" targetId="1713490239389131093" speakerTrackMethod="1" targetTrackMethod="0"/>
 </ResponseSet>
 <ResponseRule id="13680621263392583743" name="" cooldown="" response="13680621263392583744">
  <Criteria>
   <Criterion id="15659330456318451386" value="13680621263358634945" comparison="6" type="guid"/>
   <Criterion id="15659330456318451410" comparison="0" value="13680621263392583731" fromResponse="1" type="guid"/>
   <Criterion id="15659330456318451477" value="1713490239389131093" comparison="0" type="guid"/>
  </Criteria>
 </ResponseRule>
 <ResponseSet id="13680621263392583744">
  <Response dialog="13680621263392583742" id="13680621263392583745" cooldown="0" weight="1" oneshot="0" completeConversation="0" delay="0" cutoff="0" targetType="2" targetId="13680621263392583610" speakerTrackMethod="1" targetTrackMethod="0"/>
 </ResponseSet>
 <ResponseRule id="13680621263392584134" name="" cooldown="" response="13680621263392584135">
  <Criteria>
   <Criterion id="15659330456318451386" value="13680621263358634945" comparison="6" type="guid"/>
   <Criterion id="15659330456318451410" comparison="0" value="13680621263392583745" fromResponse="1" type="guid"/>
   <Criterion id="15659330456318451477" value="1713490239389131093" comparison="0" type="guid"/>
  </Criteria>
 </ResponseRule>
 <ResponseSet id="13680621263392584135">
  <Response dialog="13680621263394126311" id="13680621263392584136" cooldown="0" weight="1" oneshot="0" completeConversation="0" delay="0" cutoff="0" targetType="2" targetId="1713490239389131093" speakerTrackMethod="1" targetTrackMethod="0"/>
 </ResponseSet>
 <ResponseRule id="13680621263392584167" name="" cooldown="" response="13680621263392584168">
  <Criteria>
   <Criterion id="15659330456318451386" value="13680621263358634945" comparison="6" type="guid"/>
   <Criterion id="15659330456318451410" comparison="0" value="13680621263392584136" fromResponse="1" type="guid"/>
   <Criterion id="15659330456318451477" value="1713490239389131093" comparison="0" type="guid"/>
  </Criteria>
 </ResponseRule>
 <ResponseSet id="13680621263392584168">
  <Response dialog="13680621263392584166" id="13680621263392584169" cooldown="0" weight="1" oneshot="0" completeConversation="0" delay="0" cutoff="0" targetType="2" targetId="13680621263392583610" speakerTrackMethod="1" targetTrackMethod="0"/>
 </ResponseSet>
 <ResponseRule id="13680621263392584177" name="" cooldown="" response="13680621263392584178">
  <Criteria>
   <Criterion id="15659330456318451386" value="13680621263358634945" comparison="6" type="guid"/>
   <Criterion id="15659330456318451410" comparison="0" value="13680621263392584191" fromResponse="1" type="guid"/>
   <Criterion id="15659330456318451477" value="1713490239389131093" comparison="0" type="guid"/>
  </Criteria>
 </ResponseRule>
 <ResponseSet id="13680621263392584178">
  <Response dialog="13680621263394126337" id="13680621263392584179" cooldown="0" weight="1" oneshot="0" completeConversation="0" delay="0" cutoff="0" targetType="2" targetId="1713490239389131093" speakerTrackMethod="1" targetTrackMethod="0"/>
 </ResponseSet>
 <ResponseRule id="13680621263392584189" name="" cooldown="" response="13680621263392584190">
  <Criteria>
   <Criterion id="15659330456318451386" value="13680621263358634945" comparison="6" type="guid"/>
   <Criterion id="15659330456318451410" comparison="0" value="13680621263392584169" fromResponse="1" type="guid"/>
   <Criterion id="15659330456318451477" value="1713490239389131093" comparison="0" type="guid"/>
  </Criteria>
 </ResponseRule>
 <ResponseSet id="13680621263392584190">
  <Response dialog="13680621263392584188" id="13680621263392584191" cooldown="0" weight="1" oneshot="0" completeConversation="0" delay="0" cutoff="0" targetType="2" targetId="13680621263392583610" speakerTrackMethod="1" targetTrackMethod="0"/>
 </ResponseSet>
 <ResponseRule id="13680621263392584196" name="" cooldown="" response="13680621263392584197">
  <Criteria>
   <Criterion id="15659330456318451386" value="13680621263358634945" comparison="6" type="guid"/>
   <Criterion id="15659330456318451410" comparison="0" value="13680621263392584179" fromResponse="1" type="guid"/>
   <Criterion id="15659330456318451477" value="1713490239389131093" comparison="0" type="guid"/>
  </Criteria>
 </ResponseRule>
 <ResponseSet id="13680621263392584197">
  <Response dialog="13680621263392584195" id="13680621263392584198" cooldown="0" weight="1" oneshot="0" completeConversation="0" delay="0" cutoff="0" targetType="2" targetId="13680621263392583610" speakerTrackMethod="1" targetTrackMethod="0"/>
 </ResponseSet>
 <ResponseRule id="13680621263392584203" name="" cooldown="" response="13680621263392584204">
  <Criteria>
   <Criterion id="15659330456318451386" value="13680621263358634945" comparison="6" type="guid"/>
   <Criterion id="15659330456318451410" comparison="0" value="13680621263392584198" fromResponse="1" type="guid"/>
   <Criterion id="15659330456318451477" value="1713490239389131093" comparison="0" type="guid"/>
  </Criteria>
 </ResponseRule>
 <ResponseSet id="13680621263392584204">
  <Response dialog="13680621263394126347" id="13680621263392584205" cooldown="0" weight="1" oneshot="0" completeConversation="1" delay="0" cutoff="0" targetType="2" targetId="1713490239389131093" speakerTrackMethod="1" targetTrackMethod="0"/>
 </ResponseSet>
 <ResponseRule id="13680621263392585137" name="I Keep Having A Dream" cooldown="" description="Another Morgan version. This one wants to escape and warn the world. " priority="" conversation="1" oneshot="" response="13680621263392585138">
  <Criteria>
   <Criterion id="15659330456318451386" value="13680621263358634945" comparison="6" type="guid"/>
   <Criterion id="15659330456318451410" comparison="0" value="onTranscribeTrigger" fromResponse="0" type="default"/>
   <Criterion id="15659330456318451477" value="1713490239389131093" comparison="0" type="guid"/>
  </Criteria>
 </ResponseRule>
 <ResponseSet id="13680621263392585138">
  <Response dialog="13680621263392585136" id="13680621263392585139" cooldown="0" weight="1" oneshot="0" completeConversation="0" delay="0" cutoff="0"/>
 </ResponseSet>
 <ResponseRule id="13680621263392585189" name="" cooldown="" response="13680621263392585190">
  <Criteria>
   <Criterion id="15659330456318451386" value="13680621263358634945" comparison="6" type="guid"/>
   <Criterion id="15659330456318451410" comparison="0" value="13680621263392585139" fromResponse="1" type="guid"/>
   <Criterion id="15659330456318451477" value="1713490239389131093" comparison="0" type="guid"/>
  </Criteria>
 </ResponseRule>
 <ResponseSet id="13680621263392585190">
  <Response dialog="13680621263392585188" id="13680621263392585191" cooldown="0" weight="1" oneshot="0" completeConversation="0" delay="1.5" cutoff="0"/>
 </ResponseSet>
 <ResponseRule id="13680621263392585210" name="" cooldown="" response="13680621263392585211">
  <Criteria>
   <Criterion id="15659330456318451386" value="13680621263358634945" comparison="6" type="guid"/>
   <Criterion id="15659330456318451410" comparison="0" value="13680621263392585191" fromResponse="1" type="guid"/>
   <Criterion id="15659330456318451477" value="1713490239389131093" comparison="0" type="guid"/>
  </Criteria>
 </ResponseRule>
 <ResponseSet id="13680621263392585211">
  <Response dialog="13680621263392585209" id="13680621263392585212" cooldown="0" weight="1" oneshot="0" completeConversation="0" delay="1.25" cutoff="0"/>
 </ResponseSet>
</ResponseRules>