
<ResponseRules description="">
 <ResponseRule id="13680621263360275375" name="Morgan&apos;s First Video" cooldown="" description="The Looking glass video shows a mirror image of Morgan&apos;s office. Morgan is seated, close to the camera. Morgan seems a little frayed, intense. More urgent in his delivery than the later videos/logs." conversation="1" response="13680621263360276900">
  <Criteria>
   <Criterion id="15659330456318451386" value="13680621263358634945" comparison="6" type="guid"/>
   <Criterion id="15659330456318451410" comparison="0" value="onConversationTrigger" fromResponse="0" type="default"/>
   <Criterion comparison="0" passIfMissing="false" id="15659330456318451477" type="guid" keyType="default" value="1713490239389131093"/>
  </Criteria>
 </ResponseRule>
 <ResponseSet id="13680621263360276900">
  <Response dialog="13680621263359125636" id="13680621263360276901" cooldown="0" weight="1" oneshot="0" completeConversation="0"/>
 </ResponseSet>
 <ResponseRule id="13680621263360276925" name="" cooldown="" response="13680621263360276950">
  <Criteria>
   <Criterion id="15659330456318451386" value="13680621263358634945" comparison="6" type="guid"/>
   <Criterion id="15659330456318451410" comparison="0" value="13680621263360276901" fromResponse="1" type="guid"/>
   <Criterion comparison="0" passIfMissing="false" id="15659330456318451477" type="guid" keyType="default" value="1713490239389131093"/>
  </Criteria>
 </ResponseRule>
 <ResponseSet id="13680621263360276950">
  <Response dialog="13680621263385396032" id="13680621263360276951" cooldown="0" weight="1" oneshot="0" completeConversation="0"/>
 </ResponseSet>
 <ResponseRule id="13680621263360276977" name="" cooldown="" response="13680621263360276992">
  <Criteria>
   <Criterion id="15659330456318451386" value="13680621263358634945" comparison="6" type="guid"/>
   <Criterion id="15659330456318451410" comparison="0" value="13680621263360276951" fromResponse="1" type="guid"/>
   <Criterion comparison="0" passIfMissing="false" id="15659330456318451477" type="guid" keyType="default" value="1713490239389131093"/>
  </Criteria>
 </ResponseRule>
 <ResponseSet id="13680621263360276992">
  <Response dialog="13680621263360276147" id="13680621263360276993" cooldown="0" weight="1" oneshot="0" completeConversation="0"/>
 </ResponseSet>
 <ResponseRule id="13680621263360276994" name="" cooldown="" response="13680621263360277006">
  <Criteria>
   <Criterion id="15659330456318451386" value="13680621263358634945" comparison="6" type="guid"/>
   <Criterion id="15659330456318451410" comparison="0" value="13680621263360276993" fromResponse="1" type="guid"/>
   <Criterion comparison="0" passIfMissing="false" id="15659330456318451477" type="guid" keyType="default" value="1713490239389131093"/>
  </Criteria>
 </ResponseRule>
 <ResponseSet id="13680621263360277006">
  <Response dialog="13680621263360276202" id="13680621263360277007" cooldown="0" weight="1" oneshot="0" completeConversation="0"/>
 </ResponseSet>
 <ResponseRule id="13680621263360277012" name="" cooldown="" response="13680621263360277028">
  <Criteria>
   <Criterion id="15659330456318451386" value="13680621263358634945" comparison="6" type="guid"/>
   <Criterion id="15659330456318451410" comparison="0" value="13680621263360277007" fromResponse="1" type="guid"/>
   <Criterion comparison="0" passIfMissing="false" id="15659330456318451477" type="guid" keyType="default" value="1713490239389131093"/>
  </Criteria>
 </ResponseRule>
 <ResponseSet id="13680621263360277028">
  <Response dialog="13680621263360276217" id="13680621263360277029" cooldown="0" weight="1" oneshot="0" completeConversation="0"/>
 </ResponseSet>
 <WritebackKeys/>
 <ResponseRule id="13680621263385424426" name="" cooldown="" response="13680621263385424427">
  <Criteria>
   <Criterion id="15659330456318451386" value="13680621263358634945" comparison="6" type="guid"/>
   <Criterion id="15659330456318451410" comparison="0" value="13680621263360277029" fromResponse="1" type="guid"/>
   <Criterion comparison="0" passIfMissing="false" id="15659330456318451477" type="guid" keyType="default" value="1713490239389131093"/>
  </Criteria>
 </ResponseRule>
 <ResponseSet id="13680621263385424427">
  <Response dialog="13680621263385424425" id="13680621263385424428" cooldown="0" weight="1" oneshot="0" completeConversation="0" delay="0"/>
 </ResponseSet>
 <ResponseRule id="13680621263385424436" name="" cooldown="" response="13680621263385424454">
  <Criteria>
   <Criterion id="15659330456318451386" value="13680621263358634945" comparison="6" type="guid"/>
   <Criterion id="15659330456318451410" comparison="0" value="13680621263385424428" fromResponse="1" type="guid"/>
   <Criterion comparison="0" passIfMissing="false" id="15659330456318451477" type="guid" keyType="default" value="1713490239389131093"/>
  </Criteria>
 </ResponseRule>
 <ResponseSet id="13680621263385424454">
  <Response dialog="13680621263360276285" id="13680621263385424455" cooldown="0" weight="1" oneshot="0" completeConversation="0" delay="0"/>
 </ResponseSet>
 <ResponseRule id="13680621263385424478" name="" cooldown="" response="13680621263385424479">
  <Criteria>
   <Criterion id="15659330456318451386" value="13680621263358634945" comparison="6" type="guid"/>
   <Criterion id="15659330456318451410" comparison="0" value="13680621263385424455" fromResponse="1" type="guid"/>
   <Criterion comparison="0" passIfMissing="false" id="15659330456318451477" type="guid" keyType="default" value="1713490239389131093"/>
  </Criteria>
 </ResponseRule>
 <ResponseSet id="13680621263385424479">
  <Response dialog="13680621263385396699" id="13680621263385424480" cooldown="0" weight="1" oneshot="0" completeConversation="0" delay="0"/>
 </ResponseSet>
 <ResponseRule id="13680621263385424493" name="" cooldown="" response="13680621263385424494">
  <Criteria>
   <Criterion id="15659330456318451386" value="13680621263358634945" comparison="6" type="guid"/>
   <Criterion id="15659330456318451410" comparison="0" value="13680621263385424480" fromResponse="1" type="guid"/>
   <Criterion comparison="0" passIfMissing="false" id="15659330456318451477" type="guid" keyType="default" value="1713490239389131093"/>
  </Criteria>
 </ResponseRule>
 <ResponseSet id="13680621263385424494">
  <Response dialog="13680621263360276292" id="13680621263385424495" cooldown="0" weight="1" oneshot="0" completeConversation="0" delay="0"/>
 </ResponseSet>
 <ResponseRule id="13680621263385424500" name="" cooldown="" response="13680621263385424501">
  <Criteria>
   <Criterion id="15659330456318451386" value="13680621263358634945" comparison="6" type="guid"/>
   <Criterion id="15659330456318451410" comparison="0" value="13680621263385424495" fromResponse="1" type="guid"/>
   <Criterion comparison="0" passIfMissing="false" id="15659330456318451477" type="guid" keyType="default" value="1713490239389131093"/>
  </Criteria>
 </ResponseRule>
 <ResponseSet id="13680621263385424501">
  <Response dialog="13680621263360276299" id="13680621263385424502" cooldown="0" weight="1" oneshot="0" completeConversation="0" delay="0"/>
 </ResponseSet>
 <ResponseRule id="13680621263385424517" name="" cooldown="" response="13680621263385424518">
  <Criteria>
   <Criterion id="15659330456318451386" value="13680621263358634945" comparison="6" type="guid"/>
   <Criterion id="15659330456318451410" comparison="0" value="13680621263385424502" fromResponse="1" type="guid"/>
   <Criterion comparison="0" passIfMissing="false" id="15659330456318451477" type="guid" keyType="default" value="1713490239389131093"/>
  </Criteria>
 </ResponseRule>
 <ResponseSet id="13680621263385424518">
  <Response dialog="13680621263360276307" id="13680621263385424519" cooldown="0" weight="1" oneshot="0" completeConversation="0" delay="0"/>
 </ResponseSet>
 <ResponseRule id="13680621263385424538" name="" cooldown="" response="13680621263385424539">
  <Criteria>
   <Criterion id="15659330456318451386" value="13680621263358634945" comparison="6" type="guid"/>
   <Criterion id="15659330456318451410" comparison="0" value="13680621263385424519" fromResponse="1" type="guid"/>
   <Criterion comparison="0" passIfMissing="false" id="15659330456318451477" type="guid" keyType="default" value="1713490239389131093"/>
  </Criteria>
 </ResponseRule>
 <ResponseSet id="13680621263385424539">
  <Response dialog="13680621263360276316" id="13680621263385424540" cooldown="0" weight="1" oneshot="0" completeConversation="0" delay="0"/>
 </ResponseSet>
 <ResponseRule id="13680621263385424549" name="PART 1 OF VIDEO STOP HERE" cooldown="" response="13680621263385424550">
  <Criteria>
   <Criterion id="15659330456318451386" value="13680621263358634945" comparison="6" type="guid"/>
   <Criterion id="15659330456318451410" comparison="0" value="13680621263385424540" fromResponse="1" type="guid"/>
   <Criterion comparison="0" passIfMissing="false" id="15659330456318451477" type="guid" keyType="default" value="1713490239389131093"/>
  </Criteria>
 </ResponseRule>
 <ResponseSet id="13680621263385424550">
  <Response dialog="13680621263360276532" id="13680621263385424551" cooldown="0" weight="1" oneshot="0" completeConversation="0" delay="0"/>
 </ResponseSet>
 <ResponseRule id="13680621263385424809" name="PART 2 RESUMES HERE" cooldown="" response="13680621263396033870">
  <Criteria>
   <Criterion id="15659330456318451386" value="13680621263358634945" comparison="6" type="guid"/>
   <Criterion id="15659330456318451410" comparison="0" value="13680621263385424551" fromResponse="1" type="guid"/>
   <Criterion comparison="0" passIfMissing="false" id="15659330456318451477" type="guid" keyType="default" value="1713490239389131093"/>
   <Criterion comparison="0" passIfMissing="false" id="860849730" keyType="gameToken" value="1"/>
  </Criteria>
 </ResponseRule>
 <ResponseRule id="13680621263394900381" name="Morgan&apos;s First Video -- Alt 1, 2nd Half" cooldown="" description="Alternate version #1 of the second half of Morgan&apos;s video." conversation="1" response="13680621263394902062">
  <Criteria>
   <Criterion id="15659330456318451386" value="13680621263358634945" comparison="6" type="guid"/>
   <Criterion id="15659330456318451410" comparison="0" value="onConversationTrigger" fromResponse="0" type="default"/>
   <Criterion comparison="0" passIfMissing="false" id="15659330456318451477" type="guid" keyType="default" value="1713490239389131093"/>
  </Criteria>
 </ResponseRule>
 <ResponseRule id="13680621263394900565" name="Morgan&apos;s First Video -- Alt 3, 2nd Half" cooldown="" description="Alternate version #3 of the second half of Morgan&apos;s video." conversation="1" response="13680621263394904472">
  <Criteria>
   <Criterion id="15659330456318451386" value="13680621263358634945" comparison="6" type="guid"/>
   <Criterion id="15659330456318451410" comparison="0" value="onConversationTrigger" fromResponse="0" type="default"/>
   <Criterion comparison="0" passIfMissing="false" id="15659330456318451477" type="guid" keyType="default" value="1713490239389131093"/>
  </Criteria>
 </ResponseRule>
 <ResponseSet id="13680621263394902062">
  <Response dialog="13680621263394902061" id="13680621263394902063" cooldown="0" weight="1" oneshot="0" completeConversation="0" delay="0" cutoff="0"/>
 </ResponseSet>
 <ResponseRule id="13680621263394902127" name="" cooldown="" response="13680621263394902128">
  <Criteria>
   <Criterion id="15659330456318451386" value="13680621263358634945" comparison="6" type="guid"/>
   <Criterion id="15659330456318451410" comparison="0" value="13680621263394902063" fromResponse="1" type="guid"/>
   <Criterion id="15659330456318451477" value="1713490239389131093" comparison="0" type="guid"/>
  </Criteria>
 </ResponseRule>
 <ResponseSet id="13680621263394902128">
  <Response dialog="13680621263394902126" id="13680621263394902129" cooldown="0" weight="1" oneshot="0" completeConversation="0" delay="0" cutoff="0"/>
 </ResponseSet>
 <ResponseRule id="13680621263394902136" name="" cooldown="" response="13680621263394902137">
  <Criteria>
   <Criterion id="15659330456318451386" value="13680621263358634945" comparison="6" type="guid"/>
   <Criterion id="15659330456318451410" comparison="0" value="13680621263394902129" fromResponse="1" type="guid"/>
   <Criterion id="15659330456318451477" value="1713490239389131093" comparison="0" type="guid"/>
  </Criteria>
 </ResponseRule>
 <ResponseSet id="13680621263394902137">
  <Response dialog="13680621263394902135" id="13680621263394902138" cooldown="0" weight="1" oneshot="0" completeConversation="0" delay="0" cutoff="0"/>
 </ResponseSet>
 <ResponseRule id="13680621263394902269" name="" cooldown="" response="13680621263394902270">
  <Criteria>
   <Criterion id="15659330456318451386" value="13680621263358634945" comparison="6" type="guid"/>
   <Criterion id="15659330456318451410" comparison="0" value="13680621263394902138" fromResponse="1" type="guid"/>
   <Criterion id="15659330456318451477" value="1713490239389131093" comparison="0" type="guid"/>
  </Criteria>
 </ResponseRule>
 <ResponseSet id="13680621263394902270">
  <Response dialog="13680621263394902268" id="13680621263394902271" cooldown="0" weight="1" oneshot="0" completeConversation="0" delay="0" cutoff="0"/>
 </ResponseSet>
 <ResponseRule id="13680621263394902291" name="" cooldown="" response="13680621263394902292">
  <Criteria>
   <Criterion id="15659330456318451386" value="13680621263358634945" comparison="6" type="guid"/>
   <Criterion id="15659330456318451410" comparison="0" value="13680621263394902271" fromResponse="1" type="guid"/>
   <Criterion id="15659330456318451477" value="1713490239389131093" comparison="0" type="guid"/>
  </Criteria>
 </ResponseRule>
 <ResponseSet id="13680621263394902292">
  <Response dialog="13680621263394902290" id="13680621263394902293" cooldown="0" weight="1" oneshot="0" completeConversation="0" delay="0" cutoff="0"/>
 </ResponseSet>
 <ResponseRule id="13680621263394902745" name="" cooldown="" response="13680621263394902746">
  <Criteria>
   <Criterion id="15659330456318451386" value="13680621263358634945" comparison="6" type="guid"/>
   <Criterion id="15659330456318451410" comparison="0" value="13680621263394902293" fromResponse="1" type="guid"/>
   <Criterion id="15659330456318451477" value="1713490239389131093" comparison="0" type="guid"/>
  </Criteria>
 </ResponseRule>
 <ResponseSet id="13680621263394902746">
  <Response dialog="13680621263394902744" id="13680621263394902747" cooldown="0" weight="1" oneshot="0" completeConversation="0" delay="0" cutoff="0"/>
 </ResponseSet>
 <ResponseRule id="13680621263394902759" name="" cooldown="" response="13680621263394902760">
  <Criteria>
   <Criterion id="15659330456318451386" value="13680621263358634945" comparison="6" type="guid"/>
   <Criterion id="15659330456318451410" comparison="0" value="13680621263394902747" fromResponse="1" type="guid"/>
   <Criterion id="15659330456318451477" value="1713490239389131093" comparison="0" type="guid"/>
  </Criteria>
 </ResponseRule>
 <ResponseSet id="13680621263394902760">
  <Response dialog="13680621263394902758" id="13680621263394902761" cooldown="0" weight="1" oneshot="0" completeConversation="0" delay="0" cutoff="0"/>
 </ResponseSet>
 <ResponseRule id="13680621263394902769" name="" cooldown="" response="13680621263394902770">
  <Criteria>
   <Criterion id="15659330456318451386" value="13680621263358634945" comparison="6" type="guid"/>
   <Criterion id="15659330456318451410" comparison="0" value="13680621263394902761" fromResponse="1" type="guid"/>
   <Criterion id="15659330456318451477" value="1713490239389131093" comparison="0" type="guid"/>
  </Criteria>
 </ResponseRule>
 <ResponseSet id="13680621263394902770">
  <Response dialog="13680621263394902768" id="13680621263394902771" cooldown="0" weight="1" oneshot="0" completeConversation="0" delay="0" cutoff="0"/>
 </ResponseSet>
 <ResponseRule id="13680621263394902783" name="" cooldown="" response="13680621263394902784">
  <Criteria>
   <Criterion id="15659330456318451386" value="13680621263358634945" comparison="6" type="guid"/>
   <Criterion id="15659330456318451410" comparison="0" value="13680621263394902771" fromResponse="1" type="guid"/>
   <Criterion id="15659330456318451477" value="1713490239389131093" comparison="0" type="guid"/>
  </Criteria>
 </ResponseRule>
 <ResponseSet id="13680621263394902784">
  <Response dialog="13680621263385425317" id="13680621263394902785" cooldown="0" weight="1" oneshot="0" completeConversation="0" delay="0" cutoff="0"/>
 </ResponseSet>
 <ResponseRule id="13680621263394902798" name="" cooldown="" response="13680621263394902799">
  <Criteria>
   <Criterion id="15659330456318451386" value="13680621263358634945" comparison="6" type="guid"/>
   <Criterion id="15659330456318451410" comparison="0" value="13680621263394902785" fromResponse="1" type="guid"/>
   <Criterion id="15659330456318451477" value="1713490239389131093" comparison="0" type="guid"/>
  </Criteria>
 </ResponseRule>
 <ResponseSet id="13680621263394902799">
  <Response dialog="13680621263385425373" id="13680621263394902800" cooldown="0" weight="1" oneshot="0" completeConversation="0" delay="0" cutoff="0"/>
 </ResponseSet>
 <ResponseRule id="13680621263394902812" name="" cooldown="" response="13680621263394902813">
  <Criteria>
   <Criterion id="15659330456318451386" value="13680621263358634945" comparison="6" type="guid"/>
   <Criterion id="15659330456318451410" comparison="0" value="13680621263394902800" fromResponse="1" type="guid"/>
   <Criterion id="15659330456318451477" value="1713490239389131093" comparison="0" type="guid"/>
  </Criteria>
 </ResponseRule>
 <ResponseSet id="13680621263394902813">
  <Response dialog="13680621263394902811" id="13680621263394902814" cooldown="0" weight="1" oneshot="0" completeConversation="0" delay="0" cutoff="0"/>
 </ResponseSet>
 <ResponseRule id="13680621263394902826" name="" cooldown="" response="13680621263394902827">
  <Criteria>
   <Criterion id="15659330456318451386" value="13680621263358634945" comparison="6" type="guid"/>
   <Criterion id="15659330456318451410" comparison="0" value="13680621263394902814" fromResponse="1" type="guid"/>
   <Criterion id="15659330456318451477" value="1713490239389131093" comparison="0" type="guid"/>
  </Criteria>
 </ResponseRule>
 <ResponseSet id="13680621263394902827">
  <Response dialog="13680621263385425378" id="13680621263394902828" cooldown="0" weight="1" oneshot="0" completeConversation="1" delay="0" cutoff="0"/>
 </ResponseSet>
 <ResponseSet id="13680621263394904472">
  <Response dialog="13680621263394904471" id="13680621263394904473" cooldown="0" weight="1" oneshot="0" completeConversation="0" delay="0" cutoff="0"/>
 </ResponseSet>
 <ResponseRule id="13680621263394904525" name="" cooldown="" response="13680621263394904526">
  <Criteria>
   <Criterion id="15659330456318451386" value="13680621263358634945" comparison="6" type="guid"/>
   <Criterion id="15659330456318451410" comparison="0" value="13680621263394904473" fromResponse="1" type="guid"/>
   <Criterion id="15659330456318451477" value="1713490239389131093" comparison="0" type="guid"/>
  </Criteria>
 </ResponseRule>
 <ResponseSet id="13680621263394904526">
  <Response dialog="13680621263394904524" id="13680621263394904527" cooldown="0" weight="1" oneshot="0" completeConversation="0" delay="0" cutoff="0"/>
 </ResponseSet>
 <ResponseRule id="13680621263394904602" name="" cooldown="" response="13680621263394904603">
  <Criteria>
   <Criterion id="15659330456318451386" value="13680621263358634945" comparison="6" type="guid"/>
   <Criterion id="15659330456318451410" comparison="0" value="13680621263394904527" fromResponse="1" type="guid"/>
   <Criterion id="15659330456318451477" value="1713490239389131093" comparison="0" type="guid"/>
  </Criteria>
 </ResponseRule>
 <ResponseSet id="13680621263394904603">
  <Response dialog="13680621263394904601" id="13680621263394904604" cooldown="0" weight="1" oneshot="0" completeConversation="0" delay="0" cutoff="0"/>
 </ResponseSet>
 <ResponseRule id="13680621263394904610" name="" cooldown="" response="13680621263394904611">
  <Criteria>
   <Criterion id="15659330456318451386" value="13680621263358634945" comparison="6" type="guid"/>
   <Criterion id="15659330456318451410" comparison="0" value="13680621263394904604" fromResponse="1" type="guid"/>
   <Criterion id="15659330456318451477" value="1713490239389131093" comparison="0" type="guid"/>
  </Criteria>
 </ResponseRule>
 <ResponseSet id="13680621263394904611">
  <Response dialog="13680621263394902135" id="13680621263394904612" cooldown="0" weight="1" oneshot="0" completeConversation="0" delay="0" cutoff="0"/>
 </ResponseSet>
 <ResponseRule id="13680621263394904626" name="" cooldown="" response="13680621263394902270">
  <Criteria>
   <Criterion id="15659330456318451386" value="13680621263358634945" comparison="6" type="guid"/>
   <Criterion id="15659330456318451410" comparison="0" value="13680621263394904612" fromResponse="1" type="guid"/>
   <Criterion comparison="0" passIfMissing="false" id="15659330456318451477" type="guid" keyType="default" value="1713490239389131093"/>
  </Criteria>
 </ResponseRule>
 <ResponseSet id="13680621263396033870">
  <Response dialog="13680621263394903141" id="13680621263396033871" cooldown="0" weight="1" oneshot="0" completeConversation="0" delay="0" cutoff="0"/>
 </ResponseSet>
 <ResponseRule id="13680621263396033879" name="" cooldown="" response="13680621263396033880">
  <Criteria>
   <Criterion id="15659330456318451386" value="13680621263358634945" comparison="6" type="guid"/>
   <Criterion id="15659330456318451410" comparison="0" value="13680621263396033871" fromResponse="1" type="guid"/>
   <Criterion id="15659330456318451477" value="1713490239389131093" comparison="0" type="guid"/>
  </Criteria>
 </ResponseRule>
 <ResponseSet id="13680621263396033880">
  <Response dialog="13680621263394902135" id="13680621263396033881" cooldown="0" weight="1" oneshot="0" completeConversation="0" delay="0" cutoff="0"/>
 </ResponseSet>
 <ResponseRule id="13680621263396033941" name="" cooldown="" response="13680621263396033942">
  <Criteria>
   <Criterion id="15659330456318451386" value="13680621263358634945" comparison="6" type="guid"/>
   <Criterion id="15659330456318451410" comparison="0" value="13680621263396033881" fromResponse="1" type="guid"/>
   <Criterion id="15659330456318451477" value="1713490239389131093" comparison="0" type="guid"/>
  </Criteria>
 </ResponseRule>
 <ResponseSet id="13680621263396033942">
  <Response dialog="13680621263394903183" id="13680621263396033943" cooldown="0" weight="1" oneshot="0" completeConversation="0" delay="0" cutoff="0"/>
 </ResponseSet>
 <ResponseRule id="13680621263396033973" name="" cooldown="" response="13680621263396033974">
  <Criteria>
   <Criterion id="15659330456318451386" value="13680621263358634945" comparison="6" type="guid"/>
   <Criterion id="15659330456318451410" comparison="0" value="13680621263396033943" fromResponse="1" type="guid"/>
   <Criterion id="15659330456318451477" value="1713490239389131093" comparison="0" type="guid"/>
  </Criteria>
 </ResponseRule>
 <ResponseSet id="13680621263396033974">
  <Response dialog="13680621263394903245" id="13680621263396033975" cooldown="0" weight="1" oneshot="0" completeConversation="0" delay="0" cutoff="0"/>
 </ResponseSet>
 <ResponseRule id="13680621263396033994" name="" cooldown="" response="13680621263396033995">
  <Criteria>
   <Criterion id="15659330456318451386" value="13680621263358634945" comparison="6" type="guid"/>
   <Criterion id="15659330456318451410" comparison="0" value="13680621263396033975" fromResponse="1" type="guid"/>
   <Criterion id="15659330456318451477" value="1713490239389131093" comparison="0" type="guid"/>
  </Criteria>
 </ResponseRule>
 <ResponseSet id="13680621263396033995">
  <Response dialog="13680621263394902290" id="13680621263396033996" cooldown="0" weight="1" oneshot="0" completeConversation="0" delay="0" cutoff="0"/>
 </ResponseSet>
 <ResponseRule id="13680621263396034013" name="" cooldown="" response="13680621263396034014">
  <Criteria>
   <Criterion id="15659330456318451386" value="13680621263358634945" comparison="6" type="guid"/>
   <Criterion id="15659330456318451410" comparison="0" value="13680621263396033996" fromResponse="1" type="guid"/>
   <Criterion id="15659330456318451477" value="1713490239389131093" comparison="0" type="guid"/>
  </Criteria>
 </ResponseRule>
 <ResponseSet id="13680621263396034014">
  <Response dialog="13680621263394902744" id="13680621263396034015" cooldown="0" weight="1" oneshot="0" completeConversation="0" delay="0" cutoff="0"/>
 </ResponseSet>
 <ResponseRule id="13680621263396034022" name="" cooldown="" response="13680621263396034023">
  <Criteria>
   <Criterion id="15659330456318451386" value="13680621263358634945" comparison="6" type="guid"/>
   <Criterion id="15659330456318451410" comparison="0" value="13680621263396034015" fromResponse="1" type="guid"/>
   <Criterion id="15659330456318451477" value="1713490239389131093" comparison="0" type="guid"/>
  </Criteria>
 </ResponseRule>
 <ResponseSet id="13680621263396034023">
  <Response dialog="13680621263394902758" id="13680621263396034024" cooldown="0" weight="1" oneshot="0" completeConversation="0" delay="0" cutoff="0"/>
 </ResponseSet>
 <ResponseRule id="13680621263396034033" name="" cooldown="" response="13680621263396034034">
  <Criteria>
   <Criterion id="15659330456318451386" value="13680621263358634945" comparison="6" type="guid"/>
   <Criterion id="15659330456318451410" comparison="0" value="13680621263396034024" fromResponse="1" type="guid"/>
   <Criterion id="15659330456318451477" value="1713490239389131093" comparison="0" type="guid"/>
  </Criteria>
 </ResponseRule>
 <ResponseSet id="13680621263396034034">
  <Response dialog="13680621263394902768" id="13680621263396034035" cooldown="0" weight="1" oneshot="0" completeConversation="0" delay="0" cutoff="0"/>
 </ResponseSet>
 <ResponseRule id="13680621263396034044" name="" cooldown="" response="13680621263396034045">
  <Criteria>
   <Criterion id="15659330456318451386" value="13680621263358634945" comparison="6" type="guid"/>
   <Criterion id="15659330456318451410" comparison="0" value="13680621263396034035" fromResponse="1" type="guid"/>
   <Criterion id="15659330456318451477" value="1713490239389131093" comparison="0" type="guid"/>
  </Criteria>
 </ResponseRule>
 <ResponseSet id="13680621263396034045">
  <Response dialog="13680621263385425317" id="13680621263396034046" cooldown="0" weight="1" oneshot="0" completeConversation="0" delay="0" cutoff="0"/>
 </ResponseSet>
 <ResponseRule id="13680621263396034054" name="" cooldown="" response="13680621263396034055">
  <Criteria>
   <Criterion id="15659330456318451386" value="13680621263358634945" comparison="6" type="guid"/>
   <Criterion id="15659330456318451410" comparison="0" value="13680621263396034046" fromResponse="1" type="guid"/>
   <Criterion id="15659330456318451477" value="1713490239389131093" comparison="0" type="guid"/>
  </Criteria>
 </ResponseRule>
 <ResponseSet id="13680621263396034055">
  <Response dialog="13680621263385425373" id="13680621263396034056" cooldown="0" weight="1" oneshot="0" completeConversation="0" delay="0" cutoff="0"/>
 </ResponseSet>
 <ResponseRule id="13680621263396034062" name="" cooldown="" response="13680621263396034063">
  <Criteria>
   <Criterion id="15659330456318451386" value="13680621263358634945" comparison="6" type="guid"/>
   <Criterion id="15659330456318451410" comparison="0" value="13680621263396034056" fromResponse="1" type="guid"/>
   <Criterion id="15659330456318451477" value="1713490239389131093" comparison="0" type="guid"/>
  </Criteria>
 </ResponseRule>
 <ResponseSet id="13680621263396034063">
  <Response dialog="13680621263394902811" id="13680621263396034064" cooldown="0" weight="1" oneshot="0" completeConversation="0" delay="0" cutoff="0"/>
 </ResponseSet>
 <ResponseRule id="13680621263396034072" name="" cooldown="" response="13680621263396034073">
  <Criteria>
   <Criterion id="15659330456318451386" value="13680621263358634945" comparison="6" type="guid"/>
   <Criterion id="15659330456318451410" comparison="0" value="13680621263396034064" fromResponse="1" type="guid"/>
   <Criterion id="15659330456318451477" value="1713490239389131093" comparison="0" type="guid"/>
  </Criteria>
 </ResponseRule>
 <ResponseSet id="13680621263396034073">
  <Response dialog="13680621263385425378" id="13680621263396034074" cooldown="0" weight="1" oneshot="0" completeConversation="1" delay="0" cutoff="0"/>
 </ResponseSet>
</ResponseRules>